controller,scenario_id,time,target_x,target_y,target_z,x,y,z,error,cmd_surge,cmd_sway,cmd_heave,cmd_roll,cmd_pitch,cmd_yaw,thruster_1_power_W,thruster_2_power_W,thruster_3_power_W,thruster_4_power_W,thruster_5_power_W,thruster_6_power_W,total_power_W,total_step_energy_J,total_cum_energy_J
PPO,1,0.0,0.0,0.0,-0.5,0.0,0.0,0.0,0.5,2.50394344329834,-1.7881066799163818,-1.451968789100647,1.4337542057037354,1.8730195760726929,-1.913594365119934,5.718681209503018,1.7265977481504604,2.7062799344025015,0.07849300258149909,0.6123559836739536,0.6123559836739536,11.454763861985388,1.1454763861985386,1.1454763861985386
PPO,1,0.1,0.0,0.0,-0.5,0.0014059884706512094,-0.0008087860769592226,2.291991222591605e-05,0.5000255507232068,1.662289023399353,-2.669642686843872,-1.4928021430969238,1.7187492847442627,1.1455949544906616,0.21810393035411835,1.5314112409221525,0.06464549754369277,0.4039502243477783,2.243924048694141,0.6383684564433252,0.6383684564433252,5.520667924394415,0.5520667924394415,1.6975431786379802
PPO,1,0.2,0.0,0.0,-0.5,0.0035033789463341236,-0.002858866238966584,-0.0001965786941582337,0.49982387570947295,2.641524314880371,-2.6203837394714355,-1.315600037574768,1.1187747716903687,0.6267378926277161,-1.0699080228805542,4.668023373667586,0.908181594233039,0.9298355450204451,0.8575811205118651,0.5281458361107775,0.5281458361107775,8.41991330565449,0.841991330565449,2.539534509203429
PPO,1,0.30000000000000004,0.0,0.0,-0.5,0.0067646317183971405,-0.00599259976297617,-0.0010414907010272145,0.4990403445574895,1.5767805576324463,-2.610682487487793,-1.6230857372283936,1.4565430879592896,1.203127384185791,0.3101004362106323,1.3089348209321723,0.026605346605658813,0.5084658842436067,2.304168072047201,0.7237361011549786,0.7237361011549786,5.595646326138596,0.5595646326138596,3.099099141817289
PPO,1,0.4,0.0,0.0,-0.5,0.010296775959432125,-0.01007874496281147,-0.0026918291114270687,0.49751685552121966,2.598017454147339,-2.5230295658111572,-1.3504385948181152,1.0849992036819458,0.6622600555419922,-0.6071442365646362,3.567603165737136,0.36427840654862265,0.4221335081083292,1.4177427175115247,0.5492629516458507,0.5492629516458507,6.870283701197314,0.6870283701197314,3.7861275119370204
PPO,1,0.5,0.0,0.0,-0.5,0.014679019339382648,-0.014823849312961102,-0.005448954179883003,0.4949908656116705,1.7433395385742188,-2.5140223503112793,-1.5784579515457153,1.326941967010498,1.1553478240966797,0.3728722929954529,1.2585454810620835,0.014248716463954172,0.4648408746553088,2.464476656605831,0.6940928492636823,0.6940928492636823,5.590297427314542,0.5590297427314542,4.345157254668475
PPO,1,0.6000000000000001,0.0,0.0,-0.5,0.019254112616181374,-0.020004235208034515,-0.009241589345037937,0.49154319027678467,2.7330737113952637,-2.241703987121582,-1.3847752809524536,1.0264979600906372,0.7516649961471558,-0.3072029650211334,2.867656253432315,0.031076987387664328,0.2958169298662772,1.792546067456721,0.5703441589000333,0.5703441589000333,6.127784555943044,0.6127784555943044,4.957935710262779
PPO,1,0.7000000000000001,0.0,0.0,-0.5,0.024662286043167114,-0.025250019505620003,-0.014317641966044903,0.48696318623006,2.150491714477539,-2.27130389213562,-1.5904465913772583,1.1751857995986938,1.0464897155761719,0.37811028957366943,1.3455432198775918,0.15748288602493837,0.23099777590941786,2.5919272297144205,0.7020154640150772,0.7020154640150772,5.729982039556523,0.5729982039556523,5.530933914218432
PPO,1,0.8,0.0,0.0,-0.5,0.030503133311867714,-0.030369294807314873,-0.02053469978272915,0.48139350776820083,2.906970500946045,-1.9849945306777954,-1.5327296257019043,1.0206692218780518,0.873052716255188,-0.1913640946149826,2.592193283483298,0.060855313794877734,0.34599153246313263,1.9276761339887731,0.664150298402242,0.664150298402242,6.255016860534565,0.6255016860534566,6.156435600271887
PPO,1,0.9,0.0,0.0,-0.5,0.03731226176023483,-0.03499140217900276,-0.028041236102581024,0.47472273794679,2.4797775745391846,-2.077042579650879,-1.7108783721923828,1.115702748298645,1.0120326280593872,0.34088134765625,1.4807007853896192,0.2944458836596806,0.06383612887127602,2.621917625165299,0.7832434086052361,0.7832434086052361,6.027387240296347,0.6027387240296348,6.759174324301522
PPO,1,1.0,0.0,0.0,-0.5,0.044805411249399185,-0.03895658627152443,-0.036702387034893036,0.4670865216106375,2.8675386905670166,-2.0118963718414307,-1.7859525680541992,1.0284076929092407,0.8923678398132324,-0.14814326167106628,2.504942837117467,0.06984822424466808,0.28331398562225574,1.9910877640781437,0.8353585560923878,0.8353585560923878,6.51990992324731,0.651990992324731,7.411165316626253
PPO,1,1.1,0.0,0.0,-0.5,0.05328791216015816,-0.0419386625289917,-0.046553853899240494,0.4584886698826272,2.36220645904541,-2.227332830429077,-2.011587381362915,1.128875494003296,1.0362896919250488,0.23804892599582672,1.6590708614024945,0.13080002312417613,0.06577497877017821,2.45949696014103,0.9985651344474008,0.9985651344474008,6.31227309233268,0.6312273092332681,8.042392625859522
PPO,1,1.2000000000000002,0.0,0.0,-0.5,0.062437526881694794,-0.04383193701505661,-0.05741558223962784,0.44911095545519913,2.3551952838897705,-2.3895716667175293,-2.138239622116089,1.040344476699829,0.9342250823974609,-0.11694519221782684,2.354008559315824,0.03919706207135966,0.027562452009246785,1.9539718402836352,1.0943408313801053,1.0943408313801053,6.563421576440277,0.6563421576440277,8.698734783503548
PPO,1,1.3,0.0,0.0,-0.5,0.07229792326688766,-0.04438113793730736,-0.06920266151428223,0.4390706343627334,1.8435778617858887,-2.644091844558716,-2.39414644241333,1.1223928928375244,1.0423657894134521,0.05818168818950653,1.8824582236430965,0.11010487366509074,0.19175205785546634,2.0760367485844196,1.2965644548958566,1.2965644548958566,6.853480813539786,0.6853480813539786,9.384082864857525
PPO,1,1.4000000000000001,0.0,0.0,-0.5,0.08257848024368286,-0.04351027309894562,-0.08170860260725021,0.42857909701393565,1.5234171152114868,-2.8421459197998047,-2.5046634674072266,1.0544852018356323,1.0190974473953247,-0.0758749395608902,2.024111887131979,0.3860044659070795,0.24927095076287262,1.775132410169598,1.3873694154889327,1.3873694154889327,7.209258544949394,0.7209258544949395,10.105008719352467
PPO,1,1.5,0.0,0.0,-0.5,0.09315183758735657,-0.04107425734400749,-0.0947202518582344,0.4178708337705755,1.115943193435669,-2.997899293899536,-2.6148457527160645,1.051514983177185,1.0185446739196777,-0.058013662695884705,1.8296905706588382,0.6009884537559544,0.47601846389793245,1.6448867255046067,1.4799163128438977,1.4799163128438977,7.511416839505127,0.7511416839505127,10.85615040330298
PPO,1,1.6,0.0,0.0,-0.5,0.10384954512119293,-0.037025995552539825,-0.10799842327833176,0.4072111105075712,0.7375527024269104,-3.121342182159424,-2.653186321258545,1.023452877998352,0.9868559837341309,-0.07044665515422821,1.6874912100553063,0.8529300545225774,0.6821355623165007,1.470154375817597,1.5125845801804594,1.5125845801804594,7.717880363072901,0.7717880363072901,11.627938439610272
PPO,1,1.7000000000000002,0.0,0.0,-0.5,0.11456550657749176,-0.0313628688454628,-0.12129741907119751,0.3968935999001637,0.3689905107021332,-3.2330691814422607,-2.6601409912109375,0.996573805809021,0.9463560581207275,-0.06329111754894257,1.518096923153265,1.094001103770014,0.9257883413616228,1.3294444450815457,1.5185357738563623,1.5185357738563623,7.904402361079172,0.7904402361079172,12.418378675718188
PPO,1,1.8,0.0,0.0,-0.5,0.12522795796394348,-0.024142971262335777,-0.1343843936920166,0.38722047478555094,0.022816456854343414,-3.3476696014404297,-2.650411605834961,0.9618653059005737,0.9187424182891846,-0.04361383616924286,1.351148395277758,1.3246610519657418,1.1997587391161213,1.2253917208065837,1.51021239796858,1.51021239796858,8.121384703103365,0.8121384703103365,13.230517146028523
PPO,1,1.9000000000000001,0.0,0.0,-0.5,0.13581179082393646,-0.015464677475392818,-0.14705976843833923,0.3784848819055014,-0.2836456596851349,-3.467813014984131,-2.6313087940216064,0.9104728698730469,0.9123551845550537,-0.011717960238456726,1.1989268930381596,1.5300120468538576,1.494364417360405,1.166085007653775,1.4939145947504673,1.4939145947504673,8.377217554407132,0.8377217554407133,14.06823890146924
PPO,1,2.0,0.0,0.0,-0.5,0.14632746577262878,-0.00544255506247282,-0.15916799008846283,0.3709552636442649,-0.5223574638366699,-3.587339162826538,-2.603999614715576,0.8340330123901367,0.9261935949325562,0.02591787278652191,1.0812585326294477,1.6927464443873952,1.775270269502098,1.1525249252401317,1.4707180340672603,1.4707180340672603,8.643236239893595,0.8643236239893592,14.932562525458597
PPO,1,2.1,0.0,0.0,-0.5,0.15683193504810333,0.005824205465614796,-0.17059271037578583,0.36488263822468875,-0.6729280948638916,-3.6875832080841064,-2.558631658554077,0.7257785797119141,0.9424833059310913,0.060321733355522156,1.008104015055769,1.796910968285381,1.9947446658406678,1.1725890614237933,1.4324507467910026,1.4324507467910026,8.837250204187615,0.8837250204187618,15.816287545877358
PPO,2,0.0,0.5,0.0,-0.5,0.0,0.0,0.0,0.7071067811865476,2.9340693950653076,-1.269517421722412,-1.0699373483657837,0.8471760749816895,1.7114439010620117,-1.7629607915878296,5.284072435082658,0.9597301193375841,3.135129084062087,0.023185667261291818,0.3873517888449494,0.3873517888449494,10.176820883433518,1.017682088343352,1.017682088343352
PPO,2,0.1,0.5,0.0,-0.5,0.0016572469612583518,-0.0005979288253001869,0.0001694605452939868,0.7060561920182293,2.907966375350952,-1.8923102617263794,-1.2946149110794067,1.0933409929275513,1.109863042831421,0.6331326961517334,1.1954832900989676,0.8767333292265238,0.09124448747980272,3.364023754509193,0.5155596872605341,0.5155596872605341,6.558604235835556,0.6558604235835556,1.6735425119269076
PPO,2,0.2,0.5,0.0,-0.5,0.004785220604389906,-0.0021972586400806904,0.00017838132043834776,0.703861434387272,3.760401725769043,-2.323429584503174,-1.0848908424377441,0.4745393693447113,0.8138032555580139,-1.0961843729019165,5.4712495786995055,0.31587397588591987,1.7878951329481994,1.2624242019789813,0.3955005660006331,0.3955005660006331,9.628444021513872,0.9628444021513871,2.636386914078295
PPO,2,0.30000000000000004,0.5,0.0,-0.5,0.009805719368159771,-0.004857745952904224,-0.0003494345291983336,0.6999747981429061,2.829435348510742,-2.052309036254883,-1.2498910427093506,0.8961597681045532,1.0299533605575562,0.45189595222473145,1.5081889346184887,0.5510598111781237,0.04489937990832237,3.0728236551413466,0.48907591704576847,0.48907591704576847,6.155123614937819,0.6155123614937819,3.2518992755720766
PPO,2,0.4,0.5,0.0,-0.5,0.015926094725728035,-0.008520112372934818,-0.0016452757408842444,0.6948075771562308,3.5960657596588135,-2.2918860912323,-1.0807889699935913,0.4142129421234131,0.797446072101593,-0.656295120716095,4.3079129544635535,0.04251667107587695,1.0572651753198792,1.8149601372568667,0.3932596606386755,0.3932596606386755,8.009174259393527,0.8009174259393527,4.052816701511429
PPO,2,0.5,0.5,0.0,-0.5,0.023534586653113365,-0.013018140569329262,-0.004059410188347101,0.6878559665529059,3.0038769245147705,-2.1652748584747314,-1.1926729679107666,0.7633930444717407,0.9934850931167603,0.4789121150970459,1.6426768034351005,0.6078964262209856,0.046119840669332314,3.348958504567528,0.4558795473515972,0.4558795473515972,6.557410669596141,0.6557410669596142,4.708557768471044
PPO,2,0.6000000000000001,0.5,0.0,-0.5,0.03207475692033768,-0.0182693712413311,-0.007632104679942131,0.679495362293679,3.7306666374206543,-2.2270994186401367,-1.0501693487167358,0.391964316368103,0.7842550277709961,-0.43484628200531006,3.8970685176176993,0.05455797283165493,0.8712322243051529,2.232342722437515,0.3766665479903588,0.3766665479903588,7.8085345331727405,0.780853453317274,5.489411221788316
PPO,2,0.7000000000000001,0.5,0.0,-0.5,0.04196172580122948,-0.023958859965205193,-0.012650994583964348,0.6692399724178313,3.30431866645813,-2.193004846572876,-1.1894872188568115,0.6081624031066895,0.876602292060852,0.44129830598831177,1.9123512043093325,0.6890718478723349,7.898935217367835e-06,3.5346961527384377,0.45405421766534365,0.45405421766534365,7.04423553918601,0.7044235539186011,6.193834775706919
PPO,2,0.8,0.5,0.0,-0.5,0.052786096930503845,-0.03001200407743454,-0.019081896170973778,0.6574064329453301,4.048153877258301,-2.008104085922241,-1.095747709274292,0.41804832220077515,0.7229436635971069,-0.25002723932266235,3.5972675385424204,0.3488264102169658,0.9074660809017144,2.6312755068009106,0.401452254747073,0.401452254747073,8.287740045956157,0.8287740045956158,7.022608780302534
PPO,2,0.9,0.5,0.0,-0.5,0.06503342092037201,-0.036028459668159485,-0.02711198478937149,0.6435192691381837,3.7555410861968994,-2.0058374404907227,-1.256213903427124,0.5221695303916931,0.750546395778656,0.3238810896873474,2.2895679775632245,0.854671668961069,0.1881261537021047,3.509582562348949,0.4927917606979346,0.4927917606979346,7.827531883971217,0.7827531883971217,7.805361968699655
PPO,2,1.0,0.5,0.0,-0.5,0.07843766361474991,-0.041933901607990265,-0.03668005391955376,0.627804609730326,4.273326873779297,-1.8124980926513672,-1.2536110877990723,0.5018527507781982,0.6526874303817749,-0.12329018115997314,3.3663332301039324,0.6563789414935913,0.9599500464070955,2.888671044697833,0.4912609925689458,0.4912609925689458,8.853855247840345,0.8853855247840345,8.69074749348369
PPO,2,1.1,0.5,0.0,-0.5,0.09337390959262848,-0.04737633466720581,-0.04785534366965294,0.609937771198481,4.022546291351318,-1.8187819719314575,-1.4176158905029297,0.5426681041717529,0.676829993724823,0.1837979406118393,2.596217196510288,0.9059874695151381,0.4782287843249693,3.2937467020600857,0.5907529559940072,0.5907529559940072,8.455686064398495,0.8455686064398495,9.536316099923539
PPO,2,1.2000000000000002,0.5,0.0,-0.5,0.10966990143060684,-0.0522715263068676,-0.060527924448251724,0.5901064340450825,4.158160209655762,-1.7793434858322144,-1.5147476196289062,0.6032752990722656,0.6456987857818604,-0.059834375977516174,3.126156884823388,0.692234295972949,0.8371576610670979,2.8971646529587916,0.652496914567843,0.652496914567843,8.857707323957912,0.8857707323957912,10.42208683231933
PPO,2,1.3,0.5,0.0,-0.5,0.12747327983379364,-0.05637894943356514,-0.07464457303285599,0.5682270518264902,3.8646302223205566,-1.85861337184906,-1.6995412111282349,0.6262545585632324,0.6851772665977478,0.08723104000091553,2.687131097729311,0.6909187765681207,0.49696380824819575,3.014883001008176,0.7754710589693765,0.7754710589693765,8.440838801492557,0.8440838801492558,11.266170712468586
PPO,2,1.4000000000000001,0.5,0.0,-0.5,0.1466253250837326,-0.059639401733875275,-0.09007211774587631,0.544491861978398,3.7703962326049805,-1.9503129720687866,-1.8624857664108276,0.6934504508972168,0.6926592588424683,-0.03735952079296112,2.918004813278453,0.4719471426921086,0.5511021356798567,2.7776584970661613,0.8896260430274707,0.8896260430274707,8.497964674771522,0.8497964674771521,12.115967179945738
PPO,2,1.5,0.5,0.0,-0.5,0.16711987555027008,-0.06190196052193642,-0.10671026259660721,0.5189584256151515,3.4721157550811768,-2.124021291732788,-2.0738468170166016,0.72038733959198,0.7332348823547363,0.045927613973617554,2.670159579902322,0.3685063769294736,0.2847764742009035,2.840803181685051,1.0452809992169205,1.0452809992169205,8.254807611151591,0.8254807611151592,12.941447941060897
PPO,2,1.6,0.5,0.0,-0.5,0.18878833949565887,-0.06312798708677292,-0.1244472861289978,0.491810615260968,3.3173232078552246,-2.308387517929077,-2.261526346206665,0.7709853649139404,0.7450857758522034,-0.029359474778175354,2.8317753972412487,0.18817653980903548,0.23448524183758238,2.722401539464533,1.1903386126888151,1.1903386126888151,8.35751594373003,0.8357515943730031,13.777199535433901
PPO,2,1.7000000000000002,0.5,0.0,-0.5,0.21156592667102814,-0.06321142613887787,-0.14319893717765808,0.46313809763698593,3.0770158767700195,-2.5146849155426025,-2.4526350498199463,0.7908025979995728,0.7497327327728271,0.010784700512886047,2.731762258659577,0.09418453123629421,0.08148342314385716,2.7718174946716587,1.3443657509357052,1.3443657509357052,8.367979209582797,0.8367979209582799,14.61399745639218
PPO,2,1.8,0.5,0.0,-0.5,0.2353227436542511,-0.06210418790578842,-0.16287730634212494,0.43308508489821285,2.9009225368499756,-2.7146971225738525,-2.6164796352386475,0.8134137392044067,0.7597578763961792,-0.03860652446746826,2.8415975972160683,0.005535123658794434,0.03138900076674,2.6979051949965336,1.4813036147979455,1.4813036147979455,8.539034146234027,0.8539034146234027,15.467900871015583
PPO,2,1.9000000000000001,0.5,0.0,-0.5,0.25999245047569275,-0.059738025069236755,-0.1833784431219101,0.40177290320246967,2.7013022899627686,-2.8889873027801514,-2.7504212856292725,0.808409571647644,0.7410746812820435,-0.030352547764778137,2.80727478635497,0.028236383627050863,0.007730236978454881,2.694558000220122,1.5964924715752533,1.5964924715752533,8.730784350331104,0.8730784350331106,16.340979306048695
PPO,2,2.0,0.5,0.0,-0.5,0.2854902148246765,-0.05609355866909027,-0.20461148023605347,0.36934443662855077,2.4954090118408203,-3.0653533935546875,-2.8618338108062744,0.7956514358520508,0.7437398433685303,-0.04919716715812683,2.820572462832456,0.12024395957065147,0.06202369916224652,2.63836004534697,1.6944730260693777,1.6944730260693777,9.03014621905108,0.903014621905108,17.2439939279538
PPO,2,2.1,0.5,0.0,-0.5,0.3117537200450897,-0.05117712542414665,-0.22645817697048187,0.335977512684783,2.252574920654297,-3.225273609161377,-2.9342153072357178,0.7597914934158325,0.7203229665756226,-0.04962967336177826,2.75989116044114,0.2392951660413673,0.16246866074596,2.5774525758981306,1.7591627160146532,1.7591627160146532,9.257432995155906,0.9257432995155905,18.16973722746939
PPO,2,2.2,0.5,0.0,-0.5,0.33870142698287964,-0.045034412294626236,-0.24880599975585938,0.30190023800377336,1.9292162656784058,-3.404613733291626,-2.955967664718628,0.717894434928894,0.6841484308242798,-0.05437512695789337,2.6628745127710243,0.4260101818004243,0.3223102103977167,2.4656378550979707,1.778760852761209,1.778760852761209,9.434354465589555,0.9434354465589556,19.113172674028345
PPO,2,2.3000000000000003,0.5,0.0,-0.5,0.3662284314632416,-0.037768956273794174,-0.271515816450119,0.26744410395305435,1.4751935005187988,-3.6126182079315186,-2.8905346393585205,0.6845805644989014,0.5970439910888672,-0.058477893471717834,2.4926503101318995,0.7186102128596247,0.5843550507307435,2.2854827399459805,1.7200271876952697,1.7200271876952697,9.521152689058788,0.9521152689058789,20.065287942934226
PPO,2,2.4000000000000004,0.5,0.0,-0.5,0.39420148730278015,-0.029561804607510567,-0.29439884424209595,0.2331074019193349,0.8906189203262329,-3.8618555068969727,-2.750161647796631,0.6840169429779053,0.4809061288833618,-0.06589849293231964,2.2699293963057428,1.1563019623493285,0.9779132388527353,2.044301382146697,1.5962664152626436,1.5962664152626436,9.64097881017979,0.9640978810179791,21.029385823952204
PPO,2,2.5,0.5,0.0,-0.5,0.4224977195262909,-0.0207157451659441,-0.3172011375427246,0.19962757748387294,0.26318344473838806,-4.078266620635986,-2.6206326484680176,0.7126691341400146,0.3712732791900635,-0.08704681694507599,2.0267727777546973,1.6862055384042924,1.4191971484786348,1.7419308575157375,1.4848318176880853,1.4848318176880853,9.843769957529533,0.9843769957529533,22.013762819705157
PPO,2,2.6,0.5,0.0,-0.5,0.4510542154312134,-0.011660333722829819,-0.33964434266090393,0.16806424381835486,-0.40378838777542114,-4.1470866203308105,-2.5823428630828857,0.7488187551498413,0.16762913763523102,-0.14054541289806366,1.7257348789999374,2.260376578639899,1.7895787717962373,1.2987998254638873,1.4524088959065202,1.4524088959065202,9.979307846713002,0.9979307846713004,23.01169360437646
PPO,2,2.7,0.5,0.0,-0.5,0.47985899448394775,-0.0028583332896232605,-0.3614208698272705,0.14006429056623435,-1.2092093229293823,-3.9910619258880615,-2.7675464153289795,0.8047356605529785,-0.31360429525375366,-0.24403883516788483,1.3022853871464357,2.917635977589742,2.044064061528239,0.6642934230788485,1.6114261769065095,1.6114261769065095,10.151131203156282,1.0151131203156285,24.026806724692086
PPO,2,2.8000000000000003,0.5,0.0,-0.5,0.5089129209518433,0.005225682631134987,-0.3821695148944855,0.11828259017732083,-1.955244541168213,-3.736356496810913,-3.071331739425659,0.9820932149887085,-0.8409144878387451,-0.44462108612060547,1.0275788774105583,3.6985377225345486,2.0351926711529247,0.11223842662306847,1.883901257760232,1.883901257760232,10.641350213241564,1.0641350213241565,25.09094174601624
PPO,2,2.9000000000000004,0.5,0.0,-0.5,0.5383257269859314,0.01185139175504446,-0.4015699625015259,0.10629105850203349,-2.330965995788574,-3.9030463695526123,-3.014049768447876,0.9912983179092407,-0.6657136678695679,-0.6440049409866333,1.1869556203497238,4.580832192092924,2.0625009819197966,0.0021925118686408162,1.8314441236253136,1.8314441236253136,11.495369553481712,1.1495369553481714,26.240478701364413
PPO,2,3.0,0.5,0.0,-0.5,0.5681498646736145,0.015942459926009178,-0.4195568263530731,0.10662865595098725,-2.6329503059387207,-3.983956813812256,-2.621502161026001,0.757423996925354,-1.0391087532043457,-0.6144365668296814,1.0260394694445258,4.8533662704678635,2.376598633057124,0.017885368958071805,1.4855708684285085,1.4855708684285085,11.245031478784604,1.1245031478784604,27.364981849242874
PPO,2,3.1,0.5,0.0,-0.5,0.5980050563812256,0.017359985038638115,-0.4363210201263428,0.1181582525030672,-2.9451756477355957,-4.181499481201172,-2.40911602973938,1.008778691291809,-1.197176456451416,-0.7769985198974609,1.1862967100568735,5.695395950543962,2.4478145919688656,0.12671716349662515,1.308743748988271,1.308743748988271,12.073711914042867,1.2073711914042866,28.572353040647158
PPO,2,3.2,0.5,0.0,-0.5,0.6275967955589294,0.015667028725147247,-0.4518527090549469,0.13727548816642182,-3.1404318809509277,-4.188086986541748,-2.012646198272705,1.238675594329834,-1.3550788164138794,-0.8694118857383728,1.2108148500993632,6.108828488568821,2.4260927156423313,0.2531585169128195,0.9993536436444008,0.9993536436444008,11.997601858512137,1.1997601858512137,29.772113226498373
PPO,2,3.3000000000000003,0.5,0.0,-0.5,0.656666100025177,0.010606860741972923,-0.4660137891769409,0.1606606203087981,-3.2114176750183105,-4.010511875152588,-1.53652822971344,1.6382663249969482,-1.3981208801269531,-0.9117487668991089,1.1319407102962094,6.108750065209986,2.2768317401299805,0.3802671856199888,0.6666207991428728,0.6666207991428728,11.231031299541911,1.1231031299541911,30.895216356452565
PPO,2,3.4000000000000004,0.5,0.0,-0.5,0.6850050687789917,0.0018658358603715897,-0.47846946120262146,0.18626304227699791,-3.1882381439208984,-3.7031352519989014,-1.1011171340942383,2.0500147342681885,-1.3841896057128906,-0.8532863259315491,0.9036337501780751,5.654633493030167,2.1508708382894617,0.4337805293921496,0.4044066842592078,0.4044066842592078,9.951731979408269,0.9951731979408269,31.890389554393387
PPO,2,3.5,0.5,0.0,-0.5,0.7123772501945496,-0.010769469663500786,-0.4887232184410095,0.2129489227006339,-3.140859603881836,-3.545600414276123,-0.9160372018814087,2.2793617248535156,-1.3260174989700317,-0.7939367294311523,0.774770237075849,5.325484810836203,2.1131709892547828,0.4182627520610196,0.30685818473785187,0.30685818473785187,9.245405158703559,0.9245405158703558,32.81493007026375
PPO,2,3.6,0.5,0.0,-0.5,0.738380491733551,-0.027378322556614876,-0.4963194727897644,0.239975785581981,-3.08133602142334,-3.5994889736175537,-0.8867062330245972,2.3353357315063477,-1.4633831977844238,-0.8468017578125,0.8969920357021918,5.443070849728721,2.02015689433702,0.42600054841114926,0.2922386724324424,0.2922386724324424,9.370697673043967,0.9370697673043966,33.75199983756814
PPO,2,3.7,0.5,0.0,-0.5,0.7624197602272034,-0.0478009432554245,-0.5011231303215027,0.2667401772428186,-3.136143684387207,-3.759977102279663,-0.8861173391342163,2.3651156425476074,-1.5558173656463623,-1.000962257385254,1.1590445940214522,6.011393596472561,1.9063635376280033,0.5425906937354048,0.2919475912630126,0.2919475912630126,10.203287604383448,1.0203287604383449,34.77232859800649
PPO,2,3.8000000000000003,0.5,0.0,-0.5,0.7836776971817017,-0.07181119918823242,-0.503188967704773,0.2926432191631771,-3.1395862102508545,-3.923872709274292,-0.8241832852363586,2.2642405033111572,-1.6687434911727905,-1.1101752519607544,1.4080133663716177,6.439763188068078,1.836638074921757,0.5924314092306326,0.2618808538633497,0.2618808538633497,10.800607746318784,1.0800607746318787,35.85238937263836
PPO,2,3.9000000000000004,0.5,0.0,-0.5,0.8013002872467041,-0.0990486592054367,-0.5027370452880859,0.31717501698943784,-3.1037468910217285,-4.097055912017822,-0.7898549437522888,2.1626901626586914,-1.774632453918457,-1.2450156211853027,1.743806936417298,6.912418042318125,1.707957795736314,0.6509573902671999,0.24569089111911266,0.24569089111911266,11.506521946977163,1.1506521946977162,37.00304156733608
PPO,2,4.0,0.5,0.0,-0.5,0.8145173192024231,-0.1289825588464737,-0.5000980496406555,0.33993772102930114,-2.991485118865967,-4.2333455085754395,-0.766159176826477,2.0297670364379883,-1.8543050289154053,-1.3592597246170044,2.09443819480731,7.227271773619172,1.5448292814186961,0.668776396225886,0.23471808652641935,0.23471808652641935,12.004751819123902,1.2004751819123904,38.20351674924848
PPO,2,4.1000000000000005,0.5,0.0,-0.5,0.8226316571235657,-0.16099949181079865,-0.49565020203590393,0.36059803560746406,-2.8027234077453613,-4.346813678741455,-0.7576247453689575,1.8915544748306274,-1.935093641281128,-1.464758276939392,2.488430968992495,7.4217559278289364,1.3420762561641753,0.6518845840595866,0.2308071566758144,0.2308071566758144,12.365762050396821,1.236576205039682,39.44009295428816
PPO,2,4.2,0.5,0.0,-0.5,0.8250897526741028,-0.19436511397361755,-0.4897972345352173,0.3789000412335898,-2.5602822303771973,-4.426373481750488,-0.7595215439796448,1.7717454433441162,-1.9939278364181519,-1.5530084371566772,2.8866979906243384,7.4825976953622,1.1247645086285802,0.6067525439692456,0.2316744764134705,0.2316744764134705,12.564161691411304,1.2564161691411306,40.69650912342929
PPO,2,4.3,0.5,0.0,-0.5,0.8214544653892517,-0.22822827100753784,-0.4829397201538086,0.39460381416581636,-2.2902393341064453,-4.459678649902344,-0.7556089162826538,1.6877511739730835,-2.0480096340179443,-1.6186962127685547,3.245209116605844,7.409065707101128,0.9118949540998015,0.5462217258933413,0.22988659905519437,0.22988659905519437,12.572164701810504,1.2572164701810502,41.95372559361034
PPO,2,4.4,0.5,0.0,-0.5,0.8114503026008606,-0.26161807775497437,-0.47545602917671204,0.4074895288251587,-2.034207344055176,-4.448724269866943,-0.7516536116600037,1.6513527631759644,-2.0815820693969727,-1.6577218770980835,3.516559588503583,7.2363881108182415,0.7318728837900513,0.4842031621773935,0.22808391935192723,0.22808391935192723,12.425191583993126,1.2425191583993125,43.196244752009655
PPO,2,4.5,0.5,0.0,-0.5,0.794981062412262,-0.293446809053421,-0.4676651656627655,0.41733727180437424,-1.8245933055877686,-4.3973612785339355,-0.7460562586784363,1.6512707471847534,-2.101999044418335,-1.668447732925415,3.6659806697060735,6.999287335349024,0.5995217929166349,0.4309323836949113,0.22554095311457553,0.22554095311457553,12.146804087895795,1.2146804087895797,44.41092516079923
PPO,2,4.6000000000000005,0.5,0.0,-0.5,0.7721914052963257,-0.3225451409816742,-0.45980527997016907,0.4239565362231761,-1.6740291118621826,-4.322110176086426,-0.7503695487976074,1.675516963005066,-2.0984890460968018,-1.6514495611190796,3.692451195146776,6.730408461184404,0.5200804585211396,0.38481603007140525,0.22749970947844747,0.22749970947844747,11.78275556388062,1.1782755563880618,45.589200717187296
PPO,2,4.7,0.5,0.0,-0.5,0.7434831261634827,-0.3477148413658142,-0.45203664898872375,0.42718863125395395,-1.5759865045547485,-4.230457305908203,-0.7657000422477722,1.7144770622253418,-2.076589584350586,-1.6106606721878052,3.6143842851113606,6.441789737221628,0.4836302489092527,0.34381589014082464,0.23450712962725748,0.23450712962725748,11.35263442063758,1.135263442063758,46.72446415925105
PPO,2,4.800000000000001,0.5,0.0,-0.5,0.7095375061035156,-0.3678102195262909,-0.44446083903312683,0.4269366726494263,-1.5223231315612793,-4.1328630447387695,-0.7971583008766174,1.763633131980896,-2.030701160430908,-1.5480784177780151,3.45282200942911,6.141602645802435,0.48618866152781415,0.3027900184875477,0.24910641035462683,0.24910641035462683,10.88161615595616,1.0881616155956162,47.812625774846666
PPO,2,4.9,0.5,0.0,-0.5,0.6712837219238281,-0.38182106614112854,-0.4371134042739868,0.4231786429715403,-1.5004359483718872,-4.029099464416504,-0.8444859385490417,1.8232364654541016,-1.965480923652649,-1.4658249616622925,3.22545299205718,5.8235821193193225,0.5202398541122575,0.259651360255977,0.27161683118113067,0.27161683118113067,10.372159988106999,1.0372159988107001,48.849841773657374
PPO,2,5.0,0.5,0.0,-0.5,0.629863977432251,-0.38893407583236694,-0.42999976873397827,0.4159740380785778,-1.5020421743392944,-3.921529769897461,-0.9101428389549255,1.8925665616989136,-1.8779022693634033,-1.364719033241272,2.9466919164364405,5.4854570333663855,0.5843576952018203,0.21242386602434302,0.30390117478967593,0.30390117478967593,9.836732860608342,0.9836732860608342,49.833515059718195
PPO,2,5.1000000000000005,0.5,0.0,-0.5,0.5865646004676819,-0.3885769844055176,-0.42308929562568665,0.40546363500463056,-1.5090675354003906,-3.8025686740875244,-0.9945405721664429,1.9731061458587646,-1.7738502025604248,-1.24710214138031,2.6338986547097094,5.110972209155292,0.6672160068047522,0.16132559070016514,0.34713771590667886,0.34713771590667886,9.267687893183279,0.9267687893183276,50.76028384903653
PPO,2,5.2,0.5,0.0,-0.5,0.5427601337432861,-0.38046225905418396,-0.41630834341049194,0.3918982686680982,-1.49964439868927,-3.6624059677124023,-1.0982011556625366,2.066448926925659,-1.6527488231658936,-1.1163616180419922,2.3066931280275913,4.683003590213337,0.7514372536404845,0.10797843219512664,0.40280132357019116,0.40280132357019116,8.654715051216922,0.8654715051216922,51.625755354158215
PPO,2,5.300000000000001,0.5,0.0,-0.5,0.4998292028903961,-0.3645686209201813,-0.40956002473831177,0.3756190858524501,-1.4428991079330444,-3.4803788661956787,-1.2167459726333618,2.1759700775146484,-1.5123968124389648,-0.9764251708984375,1.9825765723042397,4.172083910172415,0.8063302427077681,0.05643086486673077,0.4697512241101218,0.4697512241101218,7.956924038271398,0.7956924038271398,52.42144775798537
PPO,2,5.4,0.5,0.0,-0.5,0.45907771587371826,-0.341105580329895,-0.40273332595825195,0.35705525643722186,-1.3150558471679688,-3.2360408306121826,-1.3347768783569336,2.305233955383301,-1.3370579481124878,-0.8357794284820557,1.6796301321875378,3.5718157086982805,0.7973473430724557,0.0161059533997555,0.5397355907236823,0.5397355907236823,7.144370318805393,0.7144370318805393,53.135884789865905
PPO,2,5.5,0.5,0.0,-0.5,0.421703577041626,-0.31046274304389954,-0.3957013785839081,0.3367427016220489,-1.1257473230361938,-2.931295871734619,-1.4205961227416992,2.445449113845825,-1.1190471649169922,-0.7210128307342529,1.433024235762636,2.960423876811849,0.6991818060444844,0.000157941701509123,0.5926168311132345,0.5926168311132345,6.278021522546949,0.6278021522546947,53.7636869421206
PPO,2,5.6000000000000005,0.5,0.0,-0.5,0.3887946903705597,-0.27319180965423584,-0.38832995295524597,0.31538957680765783,-0.9521819353103638,-2.616253614425659,-1.4404997825622559,2.573133945465088,-0.8926477432250977,-0.6656216979026794,1.2695228045011189,2.498387570204402,0.5424209613456503,0.0002222618739372876,0.605114890332614,0.605114890332614,5.5207833785903375,0.5520783378590337,54.31576527997963
PPO,2,5.7,0.5,0.0,-0.5,0.36133497953414917,-0.22998613119125366,-0.3805418312549591,0.29392492667522097,-0.8624125123023987,-2.3376781940460205,-1.4071993827819824,2.6818747520446777,-0.723892092704773,-0.6518600583076477,1.144240120702501,2.2159618243352885,0.4055666904945463,0.013901901076523627,0.5842537361766165,0.5842537361766165,4.948178008962092,0.49481780089620925,54.810583080875844
PPO,2,5.800000000000001,0.5,0.0,-0.5,0.3403765857219696,-0.1822509765625,-0.37246349453926086,0.2737893589402221,-0.8399139642715454,-2.146315813064575,-1.3668971061706543,2.7508761882781982,-0.6086480617523193,-0.6375275254249573,1.033212861407719,2.046561881673771,0.3382516967121599,0.03375955846992405,0.5593347225925258,0.5593347225925258,4.570455443448626,0.4570455443448626,55.2676286252207
PPO,2,5.9,0.5,0.0,-0.5,0.3266291916370392,-0.13143682479858398,-0.36433541774749756,0.2563941399160795,-0.8152246475219727,-2.011605978012085,-1.3367120027542114,2.7914156913757324,-0.5268982648849487,-0.6146276593208313,0.9452412894768664,1.9031554258569552,0.30158832998641977,0.04306472414025867,0.5409097577225704,0.5409097577225704,4.274869284905641,0.42748692849056413,55.69511555371128
PPO,2,6.0,0.5,0.0,-0.5,0.3204510509967804,-0.07899032533168793,-0.3564484417438507,0.24307271846493855,-0.7766426801681519,-1.9235390424728394,-1.308769941329956,2.8150219917297363,-0.4619404077529907,-0.5872465372085571,0.8847129790466369,1.7769497548441318,0.28141400711402126,0.039533104254683545,0.5240382796949404,0.5240382796949404,4.030686404649354,0.4030686404649355,56.09818419417621
PPO,2,6.1000000000000005,0.5,0.0,-0.5,0.3218974471092224,-0.026290737092494965,-0.34908410906791687,0.23491983385594187,-0.7300655245780945,-1.8804049491882324,-1.2748160362243652,2.8315887451171875,-0.4124191999435425,-0.560499906539917,0.8526244948907726,1.6777259253512713,0.2737088054431529,0.027546203331639024,0.5037781430577373,0.5037781430577373,3.839161715132311,0.3839161715132311,56.48210036568945
PPO,2,6.2,0.5,0.0,-0.5,0.3307690918445587,0.025372859090566635,-0.34249597787857056,0.2325734276265732,-0.6873903274536133,-1.8775211572647095,-1.2341418266296387,2.848917007446289,-0.38166433572769165,-0.5394397974014282,0.8460444997588338,1.616425619108138,0.27625133920292133,0.01419635423105818,0.47986121729505166,0.47986121729505166,3.712640246891055,0.3712640246891055,56.85336439037854
PPO,2,6.300000000000001,0.5,0.0,-0.5,0.34666258096694946,0.07481458783149719,-0.33690693974494934,0.23602739868810088,-0.6549419164657593,-1.8993126153945923,-1.1920814514160156,2.868105888366699,-0.3746933937072754,-0.5266400575637817,0.8570485745090839,1.590002908648913,0.2836752995154245,0.004754117104314446,0.4555404432870954,0.4555404432870954,3.646561786351927,0.36465617863519273,57.21802056901373
PPO,2,6.4,0.5,0.0,-0.5,0.3690115511417389,0.12096399068832397,-0.33249911665916443,0.24463606990282202,-0.6314221620559692,-1.9228554964065552,-1.1570806503295898,2.8870744705200195,-0.39704447984695435,-0.5229422450065613,0.876011727585685,1.5843009888007475,0.28690927470982724,0.0007807763733641794,0.43562569755556624,0.43562569755556624,3.619254162580756,0.3619254162580756,57.57994598527181
PPO,2,6.5,0.5,0.0,-0.5,0.3971169590950012,0.16287153959274292,-0.32942909002304077,0.2573062258196214,-0.6106865406036377,-1.9303734302520752,-1.136148452758789,2.9035868644714355,-0.45164549350738525,-0.5271542072296143,0.8956659904990213,1.5826913819936395,0.27867548530692315,0.0001087384516341248,0.423858275090282,0.423858275090282,3.6048581464317824,0.3604858146431782,57.940431799915
PPO,2,6.6000000000000005,0.5,0.0,-0.5,0.43015703558921814,0.1997039020061493,-0.32783856987953186,0.27276225210848415,-0.584674596786499,-1.9119750261306763,-1.1339389085769653,2.9156746864318848,-0.5419080257415771,-0.5362048745155334,0.9111376402369902,1.5694246706960788,0.25588323553291836,0.0006626149617280642,0.42262241797045835,0.42262241797045835,3.582352997368632,0.35823529973686324,58.298667099651865
PPO,2,6.7,0.5,0.0,-0.5,0.4671815037727356,0.2307499647140503,-0.327833354473114,0.28976534254830205,-0.5463363528251648,-1.8560817241668701,-1.1578346490859985,2.9209277629852295,-0.6763835549354553,-0.5447309613227844,0.9131270657623862,1.5250813988147185,0.21818823532994794,0.0031082029031637357,0.4360515728882518,0.4360515728882518,3.5316080485867203,0.353160804858672,58.651827904510526
PPO,2,6.800000000000001,0.5,0.0,-0.5,0.507134735584259,0.25545501708984375,-0.3294675052165985,0.3072287453759503,-0.49247458577156067,-1.7385681867599487,-1.2245628833770752,2.9166576862335205,-0.8719499111175537,-0.5446324944496155,0.8806665107575283,1.4222113257409492,0.1662352788023161,0.00909276898738408,0.47428531932941664,0.47428531932941664,3.4267765229470113,0.3426776522947011,58.99450555680524
PPO,2,6.9,0.5,0.0,-0.5,0.5488831400871277,0.27344581484794617,-0.3327319025993347,0.32425420806933786,-0.4285493791103363,-1.5149253606796265,-1.3639085292816162,2.903073787689209,-1.1559303998947144,-0.5313711166381836,0.784997594046017,1.2363955635385524,0.09834403214737474,0.026077410863939474,0.5575013357393366,0.5575013357393366,3.2608172720745565,0.32608172720745565,59.32058728401269
PPO,2,7.0,0.5,0.0,-0.5,0.5912697911262512,0.28455257415771484,-0.33752620220184326,0.34014420060169726,-0.36377301812171936,-1.1300795078277588,-1.6029179096221924,2.8843600749969482,-1.5446419715881348,-0.5231603384017944,0.6253917436286803,0.980280123690934,0.015592709525469428,0.0848450525396061,0.7102887995481031,0.7102887995481031,3.126687228480896,0.3126687228480896,59.63325600686077
PPO,2,7.1000000000000005,0.5,0.0,-0.5,0.6331931352615356,0.2887967526912689,-0.3436524271965027,0.3543847332594402,-0.23396238684654236,-0.6234715580940247,-1.8957457542419434,2.8407766819000244,-1.9515377283096313,-0.5342898964881897,0.47504191738042695,0.6798156839483827,0.07066043356622463,0.19410595227006933,0.9135623276105719,0.9135623276105719,3.246748642386247,0.3246748642386248,59.9579308710994
PPO,2,7.2,0.5,0.0,-0.5,0.6736297011375427,0.28632640838623047,-0.3508950471878052,0.3665547328975547,0.04767332226037979,-0.2033618986606598,-2.138720750808716,2.758803606033325,-2.276609182357788,-0.5472514033317566,0.43219967090686784,0.39478711810785416,0.2807972127355392,0.24855832502764505,1.094710211209059,1.094710211209059,3.545762749196024,0.3545762749196024,60.312507146018994
PPO,2,7.300000000000001,0.5,0.0,-0.5,0.7115648984909058,0.27745506167411804,-0.3591248393058777,0.3762802525015772,0.371541827917099,-0.013040460646152496,-2.319434404373169,2.6430070400238037,-2.500140428543091,-0.5810060501098633,0.5220657665001296,0.24112756157214552,0.5110424360159194,0.23262710934379352,1.236349297922836,1.236349297922836,3.9795614692776606,0.39795614692776604,60.71046329294677
PPO,2,7.4,0.5,0.0,-0.5,0.7459718585014343,0.2627513110637665,-0.36820676922798157,0.38328822355729153,0.5518827438354492,-0.15601378679275513,-2.4477522373199463,2.4425463676452637,-2.5767276287078857,-0.6183189749717712,0.7086668368318214,0.25988799222041686,0.5672978309881406,0.16240506596391516,1.340353117038696,1.340353117038696,4.378963960081686,0.43789639600816854,61.14835968895494
PPO,2,7.5,0.5,0.0,-0.5,0.775865375995636,0.2431064248085022,-0.3779061734676361,0.3874394687350535,0.5295996069908142,-0.604597806930542,-2.525635242462158,2.1332345008850098,-2.5676817893981934,-0.6477838754653931,0.9562368069455454,0.46317570536704905,0.4034067314877276,0.07257584198287964,1.4048306952033112,1.4048306952033112,4.705056476189824,0.47050564761898245,61.61886533657391
PPO,2,7.6000000000000005,0.5,0.0,-0.5,0.8005499243736267,0.21984100341796875,-0.3878696858882904,0.3888875559433636,0.32331541180610657,-1.284485936164856,-2.545534372329712,1.718904733657837,-2.446622610092163,-0.6748610734939575,1.250731565690832,0.902312430543277,0.1315640063613943,0.0056154788987105575,1.421466054355892,1.421466054355892,5.133155590205997,0.5133155590205998,62.13218089559452
PPO,2,7.7,0.5,0.0,-0.5,0.8197534084320068,0.1945248544216156,-0.3977431654930115,0.3879930687461132,0.06589678674936295,-2.02294921875,-2.5377626419067383,1.2516605854034424,-2.2337472438812256,-0.7043465971946716,1.5787353479503987,1.4985905756639166,0.016574672975115987,0.03712692143116902,1.414961242581691,1.414961242581691,5.960950003183983,0.5960950003183983,62.72827589591292
PPO,2,7.800000000000001,0.5,0.0,-0.5,0.8337560296058655,0.16877323389053345,-0.40730926394462585,0.38531683628752467,-0.2118576467037201,-2.7365851402282715,-2.5165934562683105,0.8332350254058838,-1.8968086242675781,-0.7276773452758789,1.8916116609299598,2.1742609885597037,0.2459497255098632,0.12034324774052502,1.3972935002154303,1.3972935002154303,7.2267526231709125,0.7226752623170913,63.450951158230005
PPO,2,7.9,0.5,0.0,-0.5,0.8432261347770691,0.14399929344654083,-0.4165523052215576,0.3814492022156369,-0.4820277988910675,-3.2951266765594482,-2.4465534687042236,0.5878069400787354,-1.5532915592193604,-0.7063310146331787,2.0465348884241368,2.724047424946463,0.5887251048706225,0.2195023854528675,1.33936859551495,1.33936859551495,8.25754699472399,0.8257546994723991,64.27670585770241
PPO,2,8.0,0.5,0.0,-0.5,0.8491089940071106,0.12128197401762009,-0.4255652129650116,0.3769972737822006,-0.7615768909454346,-3.791430711746216,-2.3764195442199707,0.4906868636608124,-1.122903823852539,-0.675818681716919,2.140873088081269,3.254220549341171,1.0027911376906053,0.31909262020769597,1.2821909804914924,1.2821909804914924,9.281359356303726,0.9281359356303726,65.20484179333278
PPO,2,8.1,0.5,0.0,-0.5,0.8524031639099121,0.10133877396583557,-0.43443387746810913,0.3725002731092717,-0.9618508815765381,-4.1618475914001465,-2.331087827682495,0.41641318798065186,-0.8193998336791992,-0.6454047560691833,2.2047538223642156,3.6475075596953555,1.362714317488171,0.4118785067760452,1.2456785875693661,1.2456785875693661,10.118211381462519,1.011821138146252,66.21666293147902
PPO,2,8.200000000000001,0.5,0.0,-0.5,0.8541291356086731,0.08455006778240204,-0.4432598650455475,0.3684774098416404,-1.204488754272461,-4.574834823608398,-2.288668394088745,0.35155898332595825,-0.43258267641067505,-0.6268662214279175,2.290112791125204,4.152300030858323,1.7927774514452712,0.49978559587441873,1.2118318218999737,1.2118318218999737,11.158639513103166,1.1158639513103166,67.33252688278934
PPO,2,8.3,0.5,0.0,-0.5,0.8551947474479675,0.07110682874917984,-0.4521598219871521,0.3653877014100113,-1.327791690826416,-4.884019374847412,-2.255689859390259,0.2163521945476532,-0.21098653972148895,-0.5854911208152771,2.3471394758695,4.43342855311424,2.1468848991864076,0.6257796079147048,1.1857335958457687,1.1857335958457687,11.924699727776389,1.1924699727776389,68.52499685556698
PPO,2,8.4,0.5,0.0,-0.5,0.8564539551734924,0.06101149320602417,-0.4612717032432556,0.36370552021069646,-1.3928413391113281,-5.176754474639893,-2.2497775554656982,0.1231006383895874,0.08181245625019073,-0.4613889455795288,2.2882189078350326,4.472928799065545,2.617913129010291,0.8841770399171606,1.181074829258946,1.181074829258946,12.625387534345922,1.262538753434592,69.78753560900158
PPO,2,8.5,0.5,0.0,-0.5,0.8585891723632812,0.0541885681450367,-0.470744788646698,0.36383851204225026,-1.078083872795105,-5.228487491607666,-2.338430166244507,0.017812490463256836,0.21600480377674103,-0.29109400510787964,2.2453688252145003,3.8864331111021695,2.7389008459178665,1.3151373255143872,1.2515685794190268,1.2515685794190268,12.688977266586978,1.2688977266586976,71.05643333566029
PPO,2,8.6,0.5,0.0,-0.5,0.8620330095291138,0.05043909326195717,-0.4807167053222656,0.36603804115340816,-0.39739277958869934,-5.031356334686279,-2.5607192516326904,-0.03663037717342377,0.33571720123291016,-0.07817278802394867,2.209532979943761,2.7766864691197766,2.4906236575465632,1.9452440492608583,1.4342042138061175,1.4342042138061175,12.290495583483192,1.2290495583483196,72.2854828940086
PPO,2,8.700000000000001,0.5,0.0,-0.5,0.8668538928031921,0.04953407123684883,-0.49131062626838684,0.37028490125037616,0.6363338232040405,-4.512191295623779,-2.7762229442596436,0.07347860932350159,0.3456605076789856,0.11793564260005951,2.224099109478325,1.4091848037718717,1.77377289630949,2.6443474725706126,1.6190100814384643,1.6190100814384643,11.289424445007228,1.1289424445007228,73.41442533850932
PPO,2,8.8,0.5,0.0,-0.5,0.8727861046791077,0.05128121376037598,-0.5025584697723389,0.3763054457407386,1.3442888259887695,-3.9227545261383057,-2.846817970275879,0.21116068959236145,0.34907346963882446,0.19414778053760529,2.1739495650607146,0.6288232196019108,1.1177440771296916,2.8735332279383807,1.6811543638712905,1.6811543638712905,10.156358817473278,1.0156358817473279,74.43006122025665
PPO,2,8.9,0.5,0.0,-0.5,0.8794319033622742,0.05539263039827347,-0.5143491625785828,0.3837223100866882,1.7372541427612305,-3.4360175132751465,-2.7455344200134277,0.21020330488681793,0.4062373638153076,0.2280285507440567,2.0529471030165714,0.24836253198250915,0.7128997808740193,2.867142152451732,1.5922394625950949,1.5922394625950949,9.065830493515023,0.9065830493515022,75.33664426960816
PPO,2,9.0,0.5,0.0,-0.5,0.88628089427948,0.06146777421236038,-0.5265352129936218,0.39203996490229587,2.081188201904297,-2.9868810176849365,-2.475318193435669,0.1583874374628067,0.4072191119194031,0.24658764898777008,1.9521003337785365,0.03172155283581836,0.3923232448409668,2.823465692310724,1.3630588132592198,1.3630588132592198,7.925728450284485,0.7925728450284487,76.1292171146366
PPO,2,9.1,0.5,0.0,-0.5,0.8928737640380859,0.06920421123504639,-0.5389453768730164,0.4008188614597619,2.288454055786133,-2.6440889835357666,-2.1915485858917236,0.06994801759719849,0.2660771608352661,0.2777605652809143,1.8129553337822863,0.04183028063837189,0.22532319240437562,2.7810570905084693,1.1355197682219051,1.1355197682219051,7.1322054337773135,0.7132205433777313,76.84243765801433
PPO,2,9.200000000000001,0.5,0.0,-0.5,0.8988500833511353,0.0783870741724968,-0.5514240264892578,0.40971984683061174,2.2762045860290527,-2.453571319580078,-2.0019145011901855,-0.07679229974746704,0.021894022822380066,0.28964316844940186,1.6655854214319394,0.08518674274942405,0.17947689458548893,2.653982873279636,0.9913712783894681,0.9913712783894681,6.566974488825424,0.6566974488825424,77.49913510689689
PPO,2,9.3,0.5,0.0,-0.5,0.9039308428764343,0.08889632672071457,-0.5638625621795654,0.4184986374881543,2.0999059677124023,-2.3316547870635986,-1.9607734680175781,-0.2938583791255951,-0.18864072859287262,0.25200992822647095,1.5401209630903452,0.05309099627311104,0.16763851640810576,2.3726583109965063,0.960968555075429,0.960968555075429,6.0554458969189255,0.6055445896918926,78.10467969658878
PPO,2,9.4,0.5,0.0,-0.5,0.9078487157821655,0.1006559431552887,-0.5761702656745911,0.42693571322926377,1.8061764240264893,-2.171611785888672,-1.9998464584350586,-0.5799273252487183,-0.32678401470184326,0.15675272047519684,1.411711882704515,0.0010230399144421953,0.13782528564348842,1.9025489720809639,0.9898354970532862,0.9898354970532862,5.432780174449982,0.5432780174449983,78.64795771403377
PPO,2,9.5,0.5,0.0,-0.5,0.9103725552558899,0.11358793079853058,-0.5881674289703369,0.4348348510199931,1.37703275680542,-2.249056100845337,-1.9386012554168701,-0.7801299095153809,-0.2776317596435547,0.02539975941181183,1.3991722547362457,0.15118650271463166,0.18843219541623604,1.4751388870052293,0.9447149298797473,0.9447149298797473,5.103359699631838,0.5103359699631838,79.15829368399696
PPO,2,9.600000000000001,0.5,0.0,-0.5,0.9114082455635071,0.12772707641124725,-0.5994855761528015,0.4421180050944119,1.1198805570602417,-2.4764554500579834,-1.9043141603469849,-0.7844047546386719,-0.16686193645000458,-0.01860480010509491,1.4471362902625167,0.34598574325665254,0.31195236826689327,1.3917207281270287,0.9197630098721986,0.9197630098721986,5.336321149657488,0.5336321149657489,79.6919257989627
PPO,2,9.700000000000001,0.5,0.0,-0.5,0.9109690189361572,0.14308208227157593,-0.6097415685653687,0.4487886235898868,1.1006516218185425,-2.6305134296417236,-1.9823033809661865,-0.7526345252990723,-0.12912122905254364,-0.0065703243017196655,1.5098776696271188,0.40019760605054705,0.3874334982159324,1.4899439497534583,0.9768395320151022,0.9768395320151022,5.741131787677261,0.5741131787677262,80.26603897773043
PPO,2,9.8,0.5,0.0,-0.5,0.909085214138031,0.15947763621807098,-0.6187590956687927,0.454848932816305,1.1377344131469727,-2.710106134414673,-2.077608585357666,-0.7518171072006226,-0.11389674246311188,0.016353383660316467,1.5456761966709271,0.394327144351977,0.42653431077796394,1.5960603261949469,1.0481263546590625,1.0481263546590625,6.0588506873139405,0.605885068731394,80.87192404646183
PPO,2,9.9,0.5,0.0,-0.5,0.9057746529579163,0.17665991187095642,-0.6264888048171997,0.4602838376365774,1.1843165159225464,-2.7208406925201416,-2.1310436725616455,-0.7587152719497681,-0.11310718953609467,0.047385767102241516,1.5330540554750414,0.3511518693529299,0.44338527076760753,1.680126049331657,1.088821202842933,1.088821202842933,6.185359650613101,0.6185359650613103,81.49046001152314
PPO,2,10.0,0.5,0.0,-0.5,0.9010366201400757,0.1943436712026596,-0.6329175233840942,0.46504505292763204,1.2243859767913818,-2.665201187133789,-2.13492751121521,-0.7790800333023071,-0.12353704869747162,0.08170951902866364,1.471567005194077,0.285713893874367,0.43963088674858497,1.724644489014153,1.091799132459852,1.091799132459852,6.105154539750886,0.6105154539750886,82.10097546549822
PPO,2,10.100000000000001,0.5,0.0,-0.5,0.8948598504066467,0.2122204601764679,-0.6380611658096313,0.46905512542278627,1.2586979866027832,-2.5535385608673096,-2.0964529514312744,-0.8173104524612427,-0.14779223501682281,0.11441992223262787,1.3769591631441356,0.210297636928347,0.41437076071196227,1.727765918386099,1.0624187457909322,1.0624187457909322,5.854230970752408,0.5854230970752409,82.68639856257346
PPO,2,10.200000000000001,0.5,0.0,-0.5,0.8872179985046387,0.22996747493743896,-0.6419593691825867,0.4722025840608646,1.2900983095169067,-2.40458345413208,-2.0341949462890625,-0.8765661716461182,-0.18275605142116547,0.14086206257343292,1.2705040629450957,0.13791599998936446,0.37047933358971646,1.6956083083129965,1.015446158310833,1.015446158310833,5.505400021458839,0.5505400021458839,83.23693856471934
PPO,2,10.3,0.5,0.0,-0.5,0.8780730962753296,0.24725833535194397,-0.6446696519851685,0.4743471921849425,1.3254882097244263,-2.238171100616455,-1.9680149555206299,-0.954590916633606,-0.22214213013648987,0.16000424325466156,1.1696601188385203,0.07583167955427916,0.3138974942666499,1.6438232378188993,0.9662970106636273,0.9662970106636273,5.135806551805603,0.5135806551805603,83.7505192198999
PPO,2,10.4,0.5,0.0,-0.5,0.8673897385597229,0.26377254724502563,-0.6462626457214355,0.47533560587499124,1.3740832805633545,-2.0675697326660156,-1.908484697341919,-1.0449976921081543,-0.262506365776062,0.17322833836078644,1.084546895936489,0.027223670160952375,0.24974602668126036,1.5889654334030405,0.9227861495224405,0.9227861495224405,4.796054325226623,0.4796054325226623,84.23012465242257
PPO,2,10.5,0.5,0.0,-0.5,0.855137050151825,0.2791949510574341,-0.6468210816383362,0.47500376324820187,1.4423916339874268,-1.898711919784546,-1.8558313846588135,-1.1392920017242432,-0.30452287197113037,0.18232734501361847,1.0184297606780455,2.3933344684172917e-05,0.18215078824813993,1.541468724845694,0.8848625539403069,0.8848625539403069,4.511798314997177,0.4511798314997178,84.68130448392229
PPO,2,10.600000000000001,0.5,0.0,-0.5,0.8412888050079346,0.29322367906570435,-0.6464359164237976,0.4731824722107198,1.5310791730880737,-1.733025312423706,-1.8051884174346924,-1.2290215492248535,-0.3496989607810974,0.18937833607196808,0.9686350052827642,0.02992645744473454,0.11627735364885947,1.5055490454826241,0.8488908487635224,0.8488908487635224,4.318169559386027,0.4318169559386028,85.11312143986089
PPO,2,10.700000000000001,0.5,0.0,-0.5,0.8258320093154907,0.3055694103240967,-0.6452096104621887,0.4697073490919285,1.6378087997436523,-1.5680609941482544,-1.7490804195404053,-1.3070605993270874,-0.39921367168426514,0.1970985382795334,0.9284432278123136,0.08852211859395179,0.05788408058785702,1.4821769199487083,0.809622765353721,0.809622765353721,4.176271877650272,0.4176271877650274,85.53074862762593
PPO,2,10.8,0.5,0.0,-0.5,0.8087740540504456,0.3159523010253906,-0.6432607769966125,0.46442536882007174,1.761399269104004,-1.3975958824157715,-1.6781299114227295,-1.3685084581375122,-0.4539603590965271,0.20848752558231354,0.8899024752190636,0.17423494614601628,0.013405812674837304,1.4712455309809127,0.7608629066226388,0.7608629066226388,4.070514578266107,0.4070514578266108,85.93780008545252
PPO,2,10.9,0.5,0.0,-0.5,0.7901418209075928,0.32408344745635986,-0.6407350897789001,0.45718565446637527,1.9055442810058594,-1.210957646369934,-1.5813772678375244,-1.4100091457366943,-0.5156729221343994,0.2268034666776657,0.8454044139428858,0.2961518459624111,0.009088463388778823,1.4733936821203355,0.6960192988962688,0.6960192988962688,4.016077003206949,0.4016077003206949,86.33940778577322
PPO,2,11.0,0.5,0.0,-0.5,0.7699903249740601,0.32967182993888855,-0.6378005146980286,0.44784737677683856,2.077341079711914,-0.9936050772666931,-1.4490537643432617,-1.4315156936645508,-0.585790753364563,0.25502872467041016,0.7880151337584221,0.471627547584258,0.0611866019013603,1.4886758007514953,0.610512827703153,0.610512827703153,4.030530739401842,0.4030530739401842,86.74246085971339
PPO,2,11.100000000000001,0.5,0.0,-0.5,0.7484029531478882,0.3324156701564789,-0.6346448063850403,0.4362721957501279,2.285208225250244,-0.7269911170005798,-1.2753040790557861,-1.4360536336898804,-0.6664695739746094,0.2952454090118408,0.711499563188368,0.7263781808389924,0.1532500518698736,1.5142677321490856,0.5040674657924535,0.5040674657924535,4.113530459631226,0.4113530459631227,87.15381390567653
PPO,2,11.200000000000001,0.5,0.0,-0.5,0.7255030274391174,0.3319931924343109,-0.6314786076545715,0.4223241876541261,2.5298733711242676,-0.3912062346935272,-1.0602716207504272,-1.4286011457443237,-0.7577733993530273,0.34681475162506104,0.6102081637086262,1.0874158635955504,0.2965085892784692,1.5376858682808134,0.38211470424172106,0.38211470424172106,4.296047893346901,0.42960478933469015,87.58341869501122
PPO,2,11.3,0.5,0.0,-0.5,0.7014748454093933,0.3280438184738159,-0.6285630464553833,0.4058735235088757,2.7952747344970703,0.028886444866657257,-0.808879554271698,-1.4112703800201416,-0.8559421300888062,0.4057544469833374,0.4799776348833765,1.569017219266795,0.5040016274380662,1.5337869180588863,0.25462077251457377,0.25462077251457377,4.596024944676272,0.4596024944676272,88.04302118947882
PPO,2,11.4,0.5,0.0,-0.5,0.6765863299369812,0.32016921043395996,-0.6262367367744446,0.386816195294326,3.048366069793701,0.520894467830658,-0.534727156162262,-1.3806065320968628,-0.9493932127952576,0.4636492133140564,0.33045378409285325,2.144708125862588,0.7751483723354019,1.4774764038396118,0.13685680750055967,0.13685680750055967,5.001500301131574,0.5001500301131574,88.54317121959198
PPO,2,11.5,0.5,0.0,-0.5,0.651228129863739,0.3079940676689148,-0.6249160766601562,0.36514972160675957,3.2632839679718018,1.0211197137832642,-0.27093803882598877,-1.3311432600021362,-1.022249460220337,0.5100698471069336,0.19543523046208325,2.73399290960059,1.0820315621672896,1.3775283378458099,0.049359757642605376,0.049359757642605376,5.487707555360984,0.5487707555360984,89.09194197512811
PPO,2,11.600000000000001,0.5,0.0,-0.5,0.6259169578552246,0.291238397359848,-0.6250923871994019,0.34106156292888273,3.439681053161621,1.4702632427215576,-0.04743288457393646,-1.2573823928833008,-1.0738515853881836,0.5422989726066589,0.09796778408995561,3.270656989907382,1.3894503885361171,1.2667291018742746,0.0036156580394350653,0.0036156580394350653,6.0320355804866,0.60320355804866,89.69514553317677
PPO,2,11.700000000000001,0.5,0.0,-0.5,0.601254403591156,0.2697860896587372,-0.627285361289978,0.3150215097714331,3.580211877822876,1.8706985712051392,0.13829536736011505,-1.157714605331421,-1.115665316581726,0.564982533454895,0.032194140504805756,3.749246436010155,1.683386051991367,1.152894496453687,0.018000289617410598,0.018000289617410598,6.653721704194836,0.6653721704194836,90.36051770359624
PPO,2,11.8,0.5,0.0,-0.5,0.5778983235359192,0.243690624833107,-0.6320270299911499,0.2878965197593414,3.6707687377929688,2.2380857467651367,0.30074793100357056,-1.0446577072143555,-1.159501314163208,0.5808978080749512,0.001011598382271708,4.164063468725614,1.9519379993437624,1.0246064767552974,0.05772607333894219,0.05772607333894219,7.25707168988483,0.725707168988483,91.08622487258472
PPO,2,11.9,0.5,0.0,-0.5,0.5565696954727173,0.21317705512046814,-0.6398342847824097,0.26114787855986715,3.6763622760772705,2.556993246078491,0.44750815629959106,-0.9534757137298584,-1.2175779342651367,0.5855081081390381,0.043760014726849226,4.4521225611474,2.161513060774373,0.8686300446887691,0.1047778486691821,0.1047778486691821,7.7355813786757555,0.7735581378675755,91.8597830104523
PPO,2,12.0,0.5,0.0,-0.5,0.5380614995956421,0.17864876985549927,-0.6511557698249817,0.23709096877303246,3.5591909885406494,2.8065829277038574,0.5892964601516724,-0.9159857034683228,-1.3051104545593262,0.5701334476470947,0.11713208030784594,4.533602680162758,2.2790871097359853,0.6730397806820827,0.15833203470098958,0.15833203470098958,7.91952572029065,0.7919525720290652,92.65173558248136
PPO,2,12.100000000000001,0.5,0.0,-0.5,0.5232415199279785,0.14070293307304382,-0.6663274765014648,0.2190943017590038,3.306666612625122,2.9887282848358154,0.7389808893203735,-0.9339683055877686,-1.4273443222045898,0.5311686992645264,0.21386102126541146,4.387577305091032,2.2982785453631447,0.44277410452560384,0.22234013003383216,0.22234013003383216,7.787171236312857,0.7787171236312856,93.43045270611265
PPO,2,12.200000000000001,0.5,0.0,-0.5,0.5130206942558289,0.10013104975223541,-0.685504674911499,0.211205468720413,2.958089590072632,3.1170310974121094,0.8740690350532532,-0.9853522777557373,-1.5606460571289062,0.48339933156967163,0.33555889919627196,4.097281650677305,2.2290448704419346,0.22620648612257285,0.2860135753714818,0.2860135753714818,7.460119057181047,0.7460119057181049,94.17646461183074
PPO,2,12.3,0.5,0.0,-0.5,0.5082747340202332,0.05790017917752266,-0.7086408138275146,0.21668385072843444,2.573289155960083,3.205503225326538,0.9558883309364319,-1.0387568473815918,-1.7016407251358032,0.44021809101104736,0.47752923515718915,3.760716566848765,2.1011436296698416,0.06818402111860172,0.3270986745421885,0.3270986745421885,7.061770801878775,0.7061770801878775,94.88264169201861
PPO,2,12.4,0.5,0.0,-0.5,0.509706974029541,0.015119322575628757,-0.7354986667633057,0.23618306735930625,2.1615946292877197,3.2536940574645996,0.9907986521720886,-1.0646841526031494,-1.884350299835205,0.3747345805168152,0.6040697437488909,3.3363998606269427,1.9684746995469742,0.01201419420064629,0.34518042174595004,0.34518042174595004,6.611319341615355,0.6611319341615353,95.54377362618015
PPO,2,12.5,0.5,0.0,-0.5,0.5177870988845825,-0.02699565328657627,-0.7657197713851929,0.2676791794071741,1.6883575916290283,3.233555555343628,0.989205539226532,-1.035591959953308,-2.1139628887176514,0.2435319572687149,0.659674249324806,2.7097026043083976,1.8616528869278957,0.18741140619944682,0.3443482290200496,0.3443482290200496,6.107137604800644,0.6107137604800645,96.15448738666022
PPO,2,12.600000000000001,0.5,0.0,-0.5,0.5327619910240173,-0.06716947257518768,-0.7987632751464844,0.30796847351334616,1.1295983791351318,3.1124963760375977,0.9250902533531189,-0.9287317991256714,-2.3594157695770264,0.03786131739616394,0.6234617543691862,1.879884868732021,1.7574073302707867,0.5397312312776987,0.31141835213004354,0.31141835213004354,5.423321888909781,0.542332188890978,96.69681957555122
PPO,2,12.700000000000001,0.5,0.0,-0.5,0.5546526908874512,-0.1041705533862114,-0.8338647484779358,0.35398317910638655,0.4986356198787689,2.86452317237854,0.7430712580680847,-0.7335617542266846,-2.5304696559906006,-0.19041423499584198,0.5393918553110828,1.01933662960375,1.5673410843084037,0.9986193231203934,0.22418871055184217,0.22418871055184217,4.573066313447314,0.4573066313447314,97.15412620689594
PPO,2,12.8,0.5,0.0,-0.5,0.5832516551017761,-0.13693787157535553,-0.8699808716773987,0.4031980458235647,-0.2100640833377838,2.5280139446258545,0.37105441093444824,-0.43732306361198425,-2.5737452507019043,-0.33585602045059204,0.5420952118804355,0.37205960230687113,1.1706247392936064,1.4114501619010678,0.07910873544140634,0.07910873544140634,3.654447186264793,0.3654447186264794,97.5195709255224
PPO,2,12.9,0.5,0.0,-0.5,0.618100643157959,-0.16466474533081055,-0.9058718681335449,0.45364547127839594,-0.9867491722106934,2.2447426319122314,-0.14861853420734406,-0.05379198491573334,-2.502896547317505,-0.3766404390335083,0.718341183467648,0.036001925513739,0.6816493690575565,1.77789631709249,0.020052914624629235,0.020052914624629235,3.2539946243806916,0.32539946243806916,97.84497038796047
PPO,2,13.0,0.5,0.0,-0.5,0.6585910320281982,-0.1867125928401947,-0.9402394890785217,0.5038090069748606,-1.746932029724121,2.1351616382598877,-0.5093890428543091,0.4180571436882019,-2.386977195739746,-0.31910330057144165,1.1245463833749965,0.055546234835593865,0.2704992330884792,2.110288158386531,0.12724550296176118,0.12724550296176118,3.8153710156091236,0.38153710156091236,98.22650748952137
PPO,2,13.100000000000001,0.5,0.0,-0.5,0.7040831446647644,-0.20250482857227325,-0.9717504382133484,0.552455076441362,-2.4844956398010254,1.8834656476974487,-0.612301230430603,0.7765347957611084,-2.2228734493255615,-0.21016086637973785,1.565546369609563,0.24989716596674103,0.004047751940988768,2.2549998599519574,0.16769331212112323,0.16769331212112323,4.409877771711497,0.4409877771711497,98.66749526669253
PPO,2,13.200000000000001,0.5,0.0,-0.5,0.7537505626678467,-0.21153651177883148,-0.9989608526229858,0.5984137166877623,-3.023693323135376,1.5341979265213013,-0.5700178742408752,0.9052176475524902,-2.0803494453430176,-0.2421613335609436,1.6329523610482903,0.6327367311115147,0.17188189214360722,2.444365350235582,0.15062628178605392,0.15062628178605392,5.183188898111103,0.5183188898111102,99.18581415650365
PPO,2,13.3,0.5,0.0,-0.5,0.8063713908195496,-0.213742196559906,-1.0207825899124146,0.640908465897308,-3.4081358909606934,1.1720038652420044,-0.5665389895439148,1.0465404987335205,-1.9397687911987305,-0.28469449281692505,1.5806617710490702,1.0557135981403303,0.38996570294384514,2.5366517488467655,0.1492494535769687,0.1492494535769687,5.861491728133949,0.5861491728133948,99.77196332931703
PPO,2,13.4,0.5,0.0,-0.5,0.8606046438217163,-0.20965644717216492,-1.0365283489227295,0.6795985610523259,-3.7041478157043457,0.7935091257095337,-0.5822752118110657,1.1979401111602783,-1.7925406694412231,-0.3561582565307617,1.4224920786517963,1.5456362084076976,0.5951037966238346,2.606873744300988,0.15551077918668882,0.15551077918668882,6.481127386357694,0.6481127386357693,100.42007606795282
PPO,2,13.5,0.5,0.0,-0.5,0.9152210354804993,-0.19999074935913086,-1.045734167098999,0.7143042693936268,-3.950706720352173,0.4187145531177521,-0.6211601495742798,1.3653481006622314,-1.6433979272842407,-0.41980403661727905,1.2551301172371618,2.0452447151513544,0.8107562383466558,2.630019984043066,0.17134578406026038,0.17134578406026038,7.083842622898759,0.7083842622898759,101.12846033024267
PPO,2,13.600000000000001,0.5,0.0,-0.5,0.9691323041915894,-0.18562890589237213,-1.048134207725525,0.7449794085864373,-4.148885250091553,0.07491902261972427,-0.6601281762123108,1.5172178745269775,-1.5052826404571533,-0.5001636743545532,1.0627943163845186,2.562477342828624,0.9832715210370262,2.67124254894775,0.18771995849600426,0.18771995849600426,7.655225646189926,0.7655225646189927,101.89398289486167
PPO,2,13.700000000000001,0.5,0.0,-0.5,1.021407127380371,-0.16750241816043854,-1.043654203414917,0.7716750258129085,-4.30001163482666,-0.23972395062446594,-0.7002578973770142,1.6487345695495605,-1.3895306587219238,-0.5892432928085327,0.8613870572705876,3.075519093714139,1.1125408183614023,2.715644981374635,0.20509499745785242,0.20509499745785242,8.175281945636469,0.8175281945636469,102.71151108942531
PPO,2,13.8,0.5,0.0,-0.5,1.0712748765945435,-0.146599680185318,-1.0323772430419922,0.7945262612195653,-4.386144161224365,-0.5637160539627075,-0.7438391447067261,1.742819905281067,-1.3123760223388672,-0.7141180038452148,0.6001006628351611,3.646717195231907,1.1653358689266087,2.771905752725577,0.22453631378840713,0.22453631378840713,8.633132107296069,0.8633132107296069,103.57482430015492
PPO,2,13.9,0.5,0.0,-0.5,1.118129014968872,-0.12392906844615936,-1.0144959688186646,0.8137247661727994,-4.380396842956543,-1.027456283569336,-0.8036470413208008,1.784545660018921,-1.2964364290237427,-0.9415959119796753,0.20318176134209673,4.513196050754421,1.1025647709936492,2.8483095901555093,0.25215412058631415,0.25215412058631415,9.171560414418304,0.9171560414418305,104.49198034159679
PPO,2,14.0,0.5,0.0,-0.5,1.1615002155303955,-0.10058991611003876,-0.9902556538581848,0.8294886813632243,-4.278863906860352,-1.717598795890808,-0.8838366270065308,1.7746245861053467,-1.3198720216751099,-1.2827516794204712,0.11305629172303153,5.829616011420614,0.959130008502598,2.8981682825247295,0.2908211832454534,0.2908211832454534,10.381612960661881,1.038161296066188,105.53014163766295
PPO,2,14.100000000000001,0.5,0.0,-0.5,1.2010188102722168,-0.07789871096611023,-0.9598820805549622,0.8420137228936454,-4.067416191101074,-2.3181865215301514,-0.9399329423904419,1.7374839782714844,-1.291048288345337,-1.520694613456726,0.6226836472952862,6.790689636199423,0.8524016268044723,2.739355670306195,0.3189432024753115,0.3189432024753115,11.643016985556002,1.1643016985556003,106.69444333621855
PPO,2,14.200000000000001,0.5,0.0,-0.5,1.2361713647842407,-0.05738978460431099,-0.923831045627594,0.851395689995551,-3.5193448066711426,-2.8413145542144775,-0.8413189053535461,1.607879877090454,-1.260042667388916,-1.897510051727295,1.7249188112614575,7.731934107455503,0.41608409992838963,2.6490268176150336,0.2700903181856232,0.2700903181856232,13.06214447263163,1.3062144472631632,108.00065778348171
PPO,2,14.3,0.5,0.0,-0.5,1.2665152549743652,-0.04041680321097374,-0.8828551769256592,0.8577629279637752,-2.6378207206726074,-3.6089062690734863,-0.5437498688697815,1.6359338760375977,-1.189099907875061,-2.231046676635742,3.5156745926908584,8.499451281252252,0.1050657664294487,2.0811270184464843,0.14033525631477356,0.14033525631477356,14.481989171448593,1.4481989171448593,109.44885670062658
PPO,2,14.4,0.5,0.0,-0.5,1.2917194366455078,-0.028585664927959442,-0.8377877473831177,0.8612417598350737,-1.892482042312622,-4.396460056304932,-0.09600763022899628,1.7550376653671265,-1.3191120624542236,-2.2578604221343994,4.872527826901028,8.617622584187261,0.09885460668669079,1.1780181324425187,0.010411820432760751,0.010411820432760751,14.787846791083023,1.4787846791083021,110.9276413797349
PPO,2,14.5,0.5,0.0,-0.5,1.311235785484314,-0.023113925009965897,-0.7898281812667847,0.8617645431532504,-1.6022086143493652,-4.65005350112915,0.07670946419239044,1.6943914890289307,-1.5736720561981201,-2.406604051589966,5.7149801894662335,8.984694333621674,0.018323343658559192,1.0848967989226987,0.007436035736020897,0.007436035736020897,15.817766737141207,1.581776673714121,112.509418053449
PPO,2,14.600000000000001,0.5,0.0,-0.5,1.3245724439620972,-0.023963162675499916,-0.7405735850334167,0.8592843524252428,-1.570483922958374,-4.807159423828125,0.04332257807254791,1.4942859411239624,-1.763689637184143,-2.3653910160064697,5.795361959024125,9.00846930089629,0.05806278754128444,0.930483777053282,0.00315601809027427,0.00315601809027427,15.798689860695532,1.5798689860695527,114.08928703951855
PPO,2,14.700000000000001,0.5,0.0,-0.5,1.3313652276992798,-0.031023655086755753,-0.6917203664779663,0.8537489724297552,-1.4560539722442627,-4.696817874908447,-0.12607969343662262,1.3057050704956055,-2.0329887866973877,-2.514820098876953,6.158619950773898,9.17464796986113,0.01506845639771656,1.1281140907026082,0.01566880084513565,0.01566880084513565,16.507788069425622,1.6507788069425626,115.74006584646112
PPO,3,0.0,-0.5,0.0,-0.5,0.0,0.0,0.0,0.7071067811865476,-0.1656712293624878,-2.132874011993408,-1.4058009386062622,2.0339653491973877,2.350794553756714,-1.6130622625350952,3.077903680735246,3.3352556882991315,0.4857015266411028,0.6291715992362898,0.5833830245843287,0.5833830245843287,8.694798544080427,0.8694798544080428,0.8694798544080428
PPO,3,0.1,-0.5,0.0,-0.5,-0.00016415629943367094,-0.0009546264773234725,4.062910011271015e-05,0.7070200935690616,1.0347015857696533,-1.1070222854614258,-1.1514909267425537,2.743877410888672,0.8144205212593079,-0.46251779794692993,1.2505758332874048,0.2859327823572719,0.23723545605912746,0.20132998183018969,0.4324728265394528,0.4324728265394528,2.840019706612899,0.28400197066128996,1.1534818250693328
PPO,3,0.2,-0.5,0.0,-0.5,8.818704372970387e-05,-0.0023675530683249235,8.614335092715919e-05,0.7072340142412692,0.9403429627418518,-0.6720214486122131,-1.3929264545440674,2.3817272186279297,1.426891565322876,-0.23411352932453156,0.6797090595165554,0.03778582268140578,0.16519025527524106,0.21545837746546026,0.5753873694156609,0.5753873694156609,2.248918253769984,0.22489182537699842,1.378373650446331
PPO,3,0.30000000000000004,-0.5,0.0,-0.5,0.0006525246426463127,-0.003920361399650574,-0.00013685793965123594,0.7074824948046445,1.0388009548187256,-1.0886999368667603,-1.33065664768219,2.3947267532348633,0.5244593620300293,-0.3507094383239746,1.0866747537694488,0.18730528213094744,0.15804653475862843,0.2891751801948813,0.5372384114515226,0.5372384114515226,2.795678573756951,0.2795678573756951,1.6579415078220265
PPO,3,0.4,-0.5,0.0,-0.5,0.0015334371710196137,-0.005636821035295725,-0.0007000666810199618,0.7077202736705364,0.15957555174827576,-1.3691272735595703,-1.7854068279266357,2.211000442504883,1.4564964771270752,0.09159137308597565,0.3078578583119826,0.20163141354189543,0.35960509493967197,0.48555592258210506,0.8349756899420386,0.8349756899420386,3.0246016692597326,0.3024601669259732,1.9604016747479998
PPO,3,0.5,-0.5,0.0,-0.5,0.002171917352825403,-0.007302356418222189,-0.0016650576144456863,0.7075080733033973,0.3923027813434601,-1.5602543354034424,-1.490210771560669,1.8504810333251953,0.7529928088188171,-0.25006818771362305,0.8632647034624619,0.5013455995190722,0.08231830231838208,0.31685400206903236,0.6367069518629443,0.6367069518629443,3.037196511094837,0.30371965110948373,2.264121325857483
PPO,3,0.6000000000000001,-0.5,0.0,-0.5,0.0027514765970408916,-0.008829005062580109,-0.002968842163681984,0.7070197807777452,-0.22480204701423645,-2.000502109527588,-1.8449556827545166,1.887225866317749,1.2868884801864624,0.09362809360027313,0.39778035405222933,0.5841134079347183,0.8033824541947228,0.5935976642954165,0.877095639991683,0.877095639991683,4.133065160460453,0.4133065160460453,2.6774278419035284
PPO,3,0.7000000000000001,-0.5,0.0,-0.5,0.002911079442128539,-0.010078182443976402,-0.004556257277727127,0.7060351448686352,-0.08012374490499496,-1.9453717470169067,-1.5924830436706543,1.6064573526382446,1.050720453262329,-0.101677805185318,0.6428641556355206,0.7170772182997225,0.4899433417252288,0.42492640278038596,0.7033642158783999,0.7033642158783999,3.681539550197658,0.3681539550197658,3.0455817969232943
PPO,3,0.8,-0.5,0.0,-0.5,0.0028618359938263893,-0.010920604690909386,-0.006291952915489674,0.7047956593665274,-0.370154470205307,-2.1725013256073,-1.7635765075683594,1.6202640533447266,1.1849122047424316,0.06201730668544769,0.43961275222021734,0.7673176966760848,0.9226165224810658,0.5703429592353935,0.819708619482208,0.819708619482208,4.339307169577178,0.43393071695771773,3.4795125138810126
PPO,3,0.9,-0.5,0.0,-0.5,0.0025194622576236725,-0.011245356872677803,-0.008069777861237526,0.703311887751357,-0.40285757184028625,-2.226188898086548,-1.769511103630066,1.4974901676177979,1.2124485969543457,0.004638239741325378,0.5074714302627495,0.8812420351486767,0.8930542581363801,0.5173084811429666,0.8238496899609579,0.8238496899609579,4.446775584612689,0.4446775584612689,3.9241900723422813
PPO,3,1.0,-0.5,0.0,-0.5,0.002001860411837697,-0.010950811207294464,-0.009780727326869965,0.7017412082977716,-0.581942617893219,-2.3475565910339355,-1.890942931175232,1.4523820877075195,1.2708323001861572,0.09429539740085602,0.39323126699971217,0.9193384438596626,1.1727626166709886,0.5898795468938269,0.9100927974654174,0.9100927974654174,4.895397469355025,0.4895397469355025,4.413729819277783
PPO,3,1.1,-0.5,0.0,-0.5,0.00134164874907583,-0.009949294850230217,-0.01131442654877901,0.7001828525019784,-0.6891153454780579,-2.397250175476074,-1.9662710428237915,1.346022129058838,1.3673745393753052,0.1026802510023117,0.3633009699869612,0.98975173240324,1.2729974327790368,0.5738784092448311,0.9650129013222893,0.9650129013222893,5.129954347058647,0.5129954347058648,4.926725253983649
PPO,3,1.2000000000000002,-0.5,0.0,-0.5,0.0006431275978684425,-0.008167045190930367,-0.012557494454085827,0.6987921279257551,-0.8044984936714172,-2.3935041427612305,-2.006269931793213,1.2045018672943115,1.4682791233062744,0.17875249683856964,0.25308161856446737,0.9481877041814498,1.4498505132104424,0.6057936573483266,0.9946083270730952,0.9946083270730952,5.246130147450877,0.5246130147450877,5.451338268728737
PPO,3,1.3,-0.5,0.0,-0.5,1.0422172636026517e-05,-0.005556674674153328,-0.01336965337395668,0.6977466540027799,-0.8047857880592346,-2.2869856357574463,-1.9507012367248535,0.981137752532959,1.5555200576782227,0.22083164751529694,0.1856385260636019,0.840574014551361,1.4496289008625431,0.6053719191530328,0.953573521695029,0.953573521695029,4.988360404020597,0.49883604040205975,5.950174309130795
PPO,3,1.4000000000000001,-0.5,0.0,-0.5,-0.00038316554855555296,-0.002107687294483185,-0.013638719916343689,0.6972579998663523,-0.6956801414489746,-2.0919134616851807,-1.8177205324172974,0.7619632482528687,1.6135244369506836,0.24230588972568512,0.14520284248240617,0.6689413694473682,1.3030801126837774,0.5911933620508802,0.8577460241998132,0.8577460241998132,4.423909735064059,0.4423909735064058,6.392565282637202
PPO,4,0.0,0.0,0.5,-0.5,0.0,0.0,0.0,0.7071067811865476,0.22363662719726562,-1.1214771270751953,-2.5629496574401855,1.9142420291900635,3.6971256732940674,-0.5116524696350098,0.8887837254833949,0.6721676950716998,0.05055703495871974,0.0029022696566863705,1.4360784258239263,1.4360784258239263,4.486567576818353,0.44865675768183544,0.44865675768183544
PPO,4,0.1,0.0,0.5,-0.5,6.480379670392722e-05,-0.000536043313331902,-0.0004032330762129277,0.7072010070524494,0.9716575145721436,-2.303196668624878,-1.1941431760787964,2.005330801010132,2.2727978229522705,0.49524444341659546,0.601456966141073,0.005215783254925974,0.8611477420324395,2.0003758116417782,0.4567227512645923,0.4567227512645923,4.3816418055994015,0.4381641805599401,0.8868209382417755
PPO,4,0.2,0.0,0.5,-0.5,0.00045739003689959645,-0.0019998762290924788,-0.0008421959355473518,0.7079283850066449,0.5216861963272095,-2.169438123703003,-1.758608341217041,1.492702841758728,2.3990325927734375,0.12890861928462982,0.7577832808102297,0.31685355545211924,0.5763317469291895,1.089727359107485,0.816247261870517,0.816247261870517,4.373190466040057,0.4373190466040057,1.3241399848457813
PPO,4,0.30000000000000004,0.0,0.5,-0.5,0.0008136937976814806,-0.004100470338016748,-0.0017375955358147621,0.7087900747012739,0.8125916719436646,-2.2194974422454834,-1.3465039730072021,1.6090888977050781,2.158376932144165,0.36456573009490967,0.6400935225252787,0.07132956206311711,0.7373342067388873,1.6332968080431673,0.5468642120106868,0.5468642120106868,4.175782523391824,0.4175782523391825,1.741718237184964
PPO,4,0.4,0.0,0.5,-0.5,0.0012441775761544704,-0.006675540469586849,-0.0030672831926494837,0.7096927337387099,1.0188246965408325,-2.152148485183716,-1.4978382587432861,1.342237949371338,2.205338954925537,0.025823652744293213,1.1391985047718383,0.22981117223125894,0.27298443227984837,1.2114232520448198,0.6416015781005755,0.6416015781005755,4.136620517528916,0.4136620517528917,2.1553802889378555
PPO,4,0.5,0.0,0.5,-0.5,0.0017934456700459123,-0.009418131783604622,-0.005016296170651913,0.7102949503508308,1.317986011505127,-2.1940362453460693,-1.3082168102264404,1.4025989770889282,2.1273183822631836,0.31758683919906616,0.9300044842313064,0.004454403009845076,0.45115105660770116,1.8627732453428754,0.5237060999501729,0.5237060999501729,4.295795389092074,0.4295795389092074,2.584959827847063
PPO,4,0.6000000000000001,0.0,0.5,-0.5,0.0025608500000089407,-0.012124653905630112,-0.007630762178450823,0.7104264109981111,1.7758897542953491,-2.1010265350341797,-1.3895798921585083,1.1383416652679443,2.1113929748535156,0.07718293368816376,1.470798197237498,0.009863539490672892,0.07788120628158894,1.7094687002941062,0.5733150280946997,0.5733150280946997,4.414641699493266,0.4414641699493266,3.02642399779639
PPO,4,0.7000000000000001,0.0,0.5,-0.5,0.0036905785091221333,-0.014426852576434612,-0.01109166257083416,0.7097041421812189,2.0862655639648438,-2.195662021636963,-1.366518497467041,1.1217961311340332,2.169630765914917,0.25237756967544556,1.449445713384572,0.07928190008634911,0.1336364985161155,2.268948420741006,0.5591023484857823,0.5591023484857823,5.049517229699608,0.5049517229699607,3.5313757207663503
PPO,4,0.8,0.0,0.5,-0.5,0.005213326774537563,-0.016069738194346428,-0.01548638567328453,0.7078902428512321,2.443227767944336,-2.2415900230407715,-1.425697922706604,0.9553711414337158,2.1342618465423584,0.1567717045545578,1.8494636572788712,0.09576347133308616,0.01761201429341087,2.3822649434605423,0.5958121010701288,0.5958121010701288,5.536728288506168,0.5536728288506169,4.0850485496169675
PPO,4,0.9,0.0,0.5,-0.5,0.0071236551739275455,-0.016688834875822067,-0.020922303199768066,0.7046513592690974,2.5271546840667725,-2.419219732284546,-1.51566743850708,0.9297271966934204,2.222907781600952,0.18388895690441132,1.9758737202927155,0.08968805478228123,0.04395905519973225,2.617999696795997,0.653091340407989,0.653091340407989,6.033703207886704,0.6033703207886704,4.688418870405637
PPO,4,1.0,0.0,0.5,-0.5,0.009248665533959866,-0.016032680869102478,-0.02738380618393421,0.699815212892873,2.5947751998901367,-2.582998514175415,-1.5871467590332031,0.8992035388946533,2.197592258453369,0.153596892952919,2.1826526499065397,0.052290307477610896,0.04771999678637948,2.7314761955780833,0.6998318025001666,0.6998318025001666,6.4138027547489465,0.6413802754748948,5.329799145880533
PPO,4,1.1,0.0,0.5,-0.5,0.011356444098055363,-0.01384777296334505,-0.03480208292603493,0.6932370479510579,2.5288751125335693,-2.7529008388519287,-1.6785067319869995,0.8668967485427856,2.236424684524536,0.08228631317615509,2.3791379573533558,0.0004619413836729867,0.058893156850834884,2.676146851907245,0.7611191962718042,0.7611191962718042,6.636878300038717,0.6636878300038718,5.993486975884403
PPO,4,1.2000000000000002,0.0,0.5,-0.5,0.013173935934901237,-0.009950722567737103,-0.04301368072628975,0.6848793967106234,2.4625706672668457,-2.9347355365753174,-1.7463955879211426,0.8345375061035156,2.193753719329834,0.04032553732395172,2.5362968562525507,0.04697418561683356,0.0904115167933696,2.6834406562437114,0.8077593292245988,0.8077593292245988,6.972641873355663,0.6972641873355663,6.6907511632199705
PPO,5,0.0,0.0,-0.5,-0.5,0.0,0.0,0.0,0.7071067811865476,3.285041570663452,-0.012128852307796478,0.26935380697250366,0.3888649344444275,-1.1772716045379639,-2.968441963195801,7.350442919045168,1.788021167680745,7.325611720820935,1.772534191354195,0.048927465742917266,0.048927465742917266,18.33446493038688,1.8334464930386876,1.8334464930386876
PPO,5,0.1,0.0,-0.5,-0.5,0.0018631977727636695,-7.583718979731202e-05,0.0006831894279457629,0.7075389008691767,1.302734136581421,-0.46369829773902893,0.4051796793937683,1.8680208921432495,-1.087327003479004,-0.976054310798645,1.8053431903355692,0.42769840696541167,1.2444671874125222,0.11903419954028652,0.09026918658240571,0.09026918658240571,3.777081357418601,0.37770813574186013,2.2111546287805477
PPO,5,0.2,0.0,-0.5,-0.5,0.004318012855947018,-0.0006649009301327169,0.002189025981351733,0.7082005395467,0.4477769434452057,-0.9496999382972717,0.02369646728038788,1.2450199127197266,-0.7210339903831482,-2.220378875732422,3.840519072288397,3.125965385634058,2.3855890660882433,1.7838772326765842,0.001276713504829145,0.001276713504829145,11.138504183696941,1.1138504183696942,3.3250050471502424
PPO,5,0.30000000000000004,0.0,-0.5,-0.5,0.006781358737498522,-0.0019317679107189178,0.0043798224069178104,0.7088843036025713,0.5024619698524475,-0.8935700058937073,0.4283415675163269,1.0868172645568848,-0.5204561352729797,-1.3472295999526978,2.1785010908963924,1.5296642940299656,1.0803769921005713,0.5856390085291402,0.09811905952380749,0.09811905952380749,5.570419504603685,0.5570419504603685,3.882046997610611
PPO,5,0.4,0.0,-0.5,-0.5,0.00914715975522995,-0.004003352485597134,0.007319382857531309,0.7095557068335515,0.6050121784210205,-1.6804535388946533,-0.20558615028858185,1.1218197345733643,-0.07610617578029633,-1.9952651262283325,4.108903425416823,3.1315083650705158,1.6301079236836906,0.9408270583068776,0.03262562391736532,0.03262562391736532,9.876598020312638,0.9876598020312638,4.8697067996418735
PPO,5,0.5,0.0,-0.5,-0.5,0.011449187062680721,-0.007056273519992828,0.010638952255249023,0.7098427578842591,1.111729621887207,-1.7632726430892944,-0.028535902500152588,0.8093065023422241,0.4487640857696533,-1.1494109630584717,2.881877620212523,1.3879651299159,0.6977247336571378,0.0004450052559504111,0.001687156863583172,0.001687156863583172,4.971386802768677,0.4971386802768677,5.366845479918742
PPO,5,0.6000000000000001,0.0,-0.5,-0.5,0.013836514204740524,-0.011334424838423729,0.014267529360949993,0.7095467463306049,2.144963264465332,-2.6726536750793457,-0.6196358799934387,0.7907294034957886,1.0540611743927002,-1.652348279953003,5.595109812038527,2.110066651806416,1.4388145800179148,0.11178074547379001,0.17071547106879986,0.17071547106879986,9.597202731474248,0.9597202731474247,6.326565753066167
PPO,5,0.7000000000000001,0.0,-0.5,-0.5,0.016888152807950974,-0.01728486455976963,0.017826734110713005,0.7081268518056011,2.080662965774536,-2.8819079399108887,-0.7701137065887451,1.4002795219421387,0.43461716175079346,-1.1494585275650024,4.580954576398186,1.4769243610467144,0.6290177311154147,0.620181679039847,0.23653767516554056,0.23653767516554056,7.780153697931244,0.7780153697931242,7.104581122859291
PPO,5,0.8,0.0,-0.5,-0.5,0.0205390565097332,-0.024960679933428764,0.020732823759317398,0.7051573456980879,2.617677688598633,-2.8716142177581787,-1.0415745973587036,1.2057626247406006,-0.0045082420110702515,-1.2623274326324463,5.308175472504866,1.3217865495759884,1.0393352577571906,0.7323777056677824,0.3720519743844132,0.3720519743844132,9.145778934274654,0.9145778934274654,8.019159016286757
PPO,5,0.9,0.0,-0.5,-0.5,0.025083987042307854,-0.03432873636484146,0.022604843601584435,0.7004246959790471,1.9699244499206543,-3.2474420070648193,-1.207709789276123,1.1963577270507812,0.3151417374610901,-1.0096831321716309,4.496493905310163,1.5523202955019957,0.29524093790204176,0.9116685934774602,0.464528029336162,0.464528029336162,8.184779790863983,0.8184779790863985,8.837636995373153
PPO,5,1.0,0.0,-0.5,-0.5,0.02995232492685318,-0.04504827409982681,0.023194456472992897,0.6939817389183527,2.170419216156006,-3.278927803039551,-1.397475004196167,1.0646229982376099,0.07053242623806,-0.9011615514755249,4.460867702742875,1.2906796954885345,0.25952301161329716,1.1814133927926809,0.5782080281339997,0.5782080281339997,8.348899858905387,0.8348899858905386,9.672526981263696
PPO,5,1.1,0.0,-0.5,-0.5,0.03527586907148361,-0.056923605501651764,0.02234860695898533,0.6858637951462352,1.9892717599868774,-3.4918789863586426,-1.5125833749771118,0.9370050430297852,0.1793270856142044,-0.8159295320510864,4.303452304645514,1.3950912753297209,0.08489726315585439,1.321147681757056,0.6510990000894015,0.6510990000894015,8.406786525066948,0.8406786525066947,10.51320563377039
PPO,5,1.2000000000000002,0.0,-0.5,-0.5,0.040884263813495636,-0.06973063945770264,0.020080188289284706,0.676229730121404,1.9597737789154053,-3.595384120941162,-1.6192315816879272,0.8408162593841553,0.18298883736133575,-0.7176270484924316,4.15582562496026,1.3283583505549117,0.014553740284212347,1.5111545810320468,0.7211597724322815,0.7211597724322815,8.452211841695993,0.8452211841695993,11.35842681793999
PPO,5,1.3,0.0,-0.5,-0.5,0.046735163778066635,-0.08332694321870804,0.016409609466791153,0.6651913232525453,1.9677720069885254,-3.6596553325653076,-1.7078204154968262,0.7417110204696655,0.19279129803180695,-0.6629167199134827,4.100588641460257,1.2815235322606637,0.0007819246224245632,1.6398004451860768,0.7811444395250701,0.7811444395250701,8.584983422579562,0.8584983422579563,12.216925160197944
PPO,5,1.4000000000000001,0.0,-0.5,-0.5,0.05280482396483421,-0.09763515740633011,0.011401732452213764,0.6528533893183917,1.9564282894134521,-3.6965253353118896,-1.8122831583023071,0.6567054390907288,0.22145919501781464,-0.6086350679397583,4.007329938624154,1.2313089526192242,0.019875900676508462,1.741507394039195,0.8539002213789563,0.8539002213789563,8.707822628716993,0.8707822628716992,13.08770742306964
PPO,5,1.5,0.0,-0.5,-0.5,0.059055130928754807,-0.11261465400457382,0.005144917871803045,0.6393170597072465,1.9734697341918945,-3.6937553882598877,-1.9182014465332031,0.5813146829605103,0.24994070827960968,-0.5593316555023193,3.915842804638435,1.150992876580541,0.0364711215533473,1.829892012803895,0.9298424424880276,0.9298424424880276,8.792883700552274,0.8792883700552275,13.966995793124871
PPO,5,1.6,0.0,-0.5,-0.5,0.06545568257570267,-0.12828396260738373,-0.002263508504256606,0.6246590060207347,2.009122610092163,-3.6555216312408447,-2.032649040222168,0.524215817451477,0.26633208990097046,-0.5026194453239441,3.795861734213015,1.033535477577562,0.04912484606765882,1.9208927069799377,1.014288831109755,1.014288831109755,8.827992427057683,0.8827992427057684,14.849795035830638
PPO,5,1.7000000000000002,0.0,-0.5,-0.5,0.07197409868240356,-0.1447160840034485,-0.010725335218012333,0.6089307263100749,2.0477800369262695,-3.588494062423706,-2.158792495727539,0.5149969458580017,0.23370875418186188,-0.4396181106567383,3.643351298480133,0.8960775933763994,0.059657451235560294,2.0067273804070944,1.1101569802113433,1.1101569802113433,8.826127683921873,0.8826127683921874,15.732407804222825
PPO,5,1.8,0.0,-0.5,-0.5,0.07857614755630493,-0.162018820643425,-0.020138315856456757,0.5921762613218544,1.9429855346679688,-3.535304307937622,-2.3383474349975586,0.6057065725326538,0.12725313007831573,-0.4412093162536621,3.5192546399713374,0.9244659151906031,0.06971882928662504,1.9000656282943784,1.2515021611986623,1.2515021611986623,8.916509335140267,0.8916509335140268,16.624058737736853
PPO,5,1.9000000000000001,0.0,-0.5,-0.5,0.08518628031015396,-0.18025848269462585,-0.030358314514160156,0.5745038320044554,1.4410552978515625,-3.6239993572235107,-2.605870485305786,0.7897359132766724,0.0548749715089798,-0.5344608426094055,3.37709267764534,1.378783299684942,0.159758326021717,1.4934729092511263,1.4723032977075516,1.4723032977075516,9.35371380801823,0.9353713808018229,17.559430118538675
PPO,5,2.0,0.0,-0.5,-0.5,0.09156405180692673,-0.1993357241153717,-0.04117109626531601,0.5561537065226675,0.7343125939369202,-3.770420551300049,-2.785801649093628,0.8884719610214233,0.13371481001377106,-0.629889190196991,3.1271810585353554,2.0671030136143393,0.36392560202909585,1.0384689809943726,1.627396325456191,1.627396325456191,9.851471306085545,0.9851471306085545,18.54457724914723
PPO,5,2.1,0.0,-0.5,-0.5,0.0973820686340332,-0.21905791759490967,-0.052331097424030304,0.5374189867236969,0.341949462890625,-3.722224712371826,-2.7924845218658447,0.844441294670105,0.2542906403541565,-0.6833572387695312,2.894412785969688,2.396491110051787,0.44555768394114675,0.7473429617621293,1.6332557891527832,1.6332557891527832,9.750316120030316,0.9750316120030318,19.519608861150264
PPO,5,2.2,0.0,-0.5,-0.5,0.10248661041259766,-0.23934566974639893,-0.06370768696069717,0.5184545955153661,0.3145259916782379,-3.5654733180999756,-2.7223563194274902,0.7521953582763672,0.39595651626586914,-0.6331504583358765,2.664486733615746,2.218564109531745,0.44434255371218057,0.7198510421076882,1.5721192883462223,1.5721192883462223,9.191483015659806,0.9191483015659805,20.438757162716247
PPO,5,2.3000000000000003,0.0,-0.5,-0.5,0.10685522109270096,-0.26025909185409546,-0.07530727982521057,0.49925709597646684,0.4837038815021515,-3.4638657569885254,-2.6531412601470947,0.6950316429138184,0.5028090476989746,-0.5489524006843567,2.5598411943852297,1.8953992286373216,0.42085177824412157,0.855700916167913,1.512546046256701,1.512546046256701,8.756885209947988,0.8756885209947989,21.314445683711043
PPO,5,2.4000000000000004,0.0,-0.5,-0.5,0.11054793000221252,-0.28193649649620056,-0.08721941709518433,0.4797502954781425,0.7130135893821716,-3.40515398979187,-2.5960726737976074,0.6949787139892578,0.5161972641944885,-0.4722388982772827,2.5437225411432336,1.590634752460674,0.38390026937041266,1.043828760985455,1.4640075387862406,1.4640075387862406,8.490101401532257,0.8490101401532257,22.16345582386427
PPO,5,2.5,0.0,-0.5,-0.5,0.11362512409687042,-0.30452364683151245,-0.09955433756113052,0.4598678093106599,0.8714185953140259,-3.3537890911102295,-2.577167272567749,0.7351418733596802,0.45455873012542725,-0.42851918935775757,2.5416040023933513,1.3981213547995326,0.3463391081279894,1.161920097322801,1.448044657864355,1.448044657864355,8.344073878372384,0.8344073878372384,22.99786321170151
PPO,5,2.6,0.0,-0.5,-0.5,0.1161099299788475,-0.32814857363700867,-0.11236357688903809,0.43963214748804275,0.8248914480209351,-3.325563669204712,-2.619086980819702,0.7874479293823242,0.3783506751060486,-0.4290088415145874,2.4889348732274437,1.4096429492216684,0.35267296267781606,1.1200955303917115,1.4835183649641466,1.4835183649641466,8.338383045446932,0.8338383045446934,23.8317015162462
PPO,5,2.7,0.0,-0.5,-0.5,0.11795485764741898,-0.3528626561164856,-0.1255948841571808,0.41921585988246357,0.524834394454956,-3.3743937015533447,-2.6981852054595947,0.827399730682373,0.31950706243515015,-0.4789378046989441,2.399798082837076,1.6989904845010926,0.43895437127137005,0.920401497739019,1.551228157473697,1.551228157473697,8.56060075129595,0.8560600751295953,24.687761591375796
PPO,5,2.8000000000000003,0.0,-0.5,-0.5,0.11902515590190887,-0.3785945475101471,-0.1391107141971588,0.39893276155139784,0.07286036759614944,-3.4947354793548584,-2.7613232135772705,0.8416323661804199,0.2739567756652832,-0.5528482794761658,2.2977833876338107,2.1972383105065965,0.6023934823804419,0.668371808152021,1.605993969566044,1.605993969566044,8.977774927804958,0.8977774927804958,25.585539084156295
PPO,5,2.9000000000000004,0.0,-0.5,-0.5,0.11912614852190018,-0.4051908254623413,-0.1527411788702011,0.37916817863664626,-0.37081432342529297,-3.6226322650909424,-2.7841954231262207,0.8475313186645508,0.22694800794124603,-0.6152891516685486,2.18835989663789,2.7146771930932774,0.7959030971042317,0.4628812806414589,1.6259890522134652,1.6259890522134652,9.413799571903787,0.9413799571903789,26.526919041346673
PPO,5,3.0,0.0,-0.5,-0.5,0.11802680790424347,-0.43246743083000183,-0.1663428694009781,0.3603027283859207,-0.7506383657455444,-3.7300243377685547,-2.778778314590454,0.8715466260910034,0.17052887380123138,-0.6671547889709473,2.091999611496913,3.1810100042184053,0.9762570978254721,0.30882757500793934,1.6212459189113004,1.6212459189113004,9.800586126371332,0.9800586126371331,27.506977653983807
PPO,5,3.1,0.0,-0.5,-0.5,0.11549081653356552,-0.46026337146759033,-0.1798073649406433,0.34269585917686074,-1.0934667587280273,-3.817085027694702,-2.741279363632202,0.9288227558135986,0.11348362267017365,-0.7191135287284851,2.0083171255265486,3.6250566067961625,1.1366979200581528,0.1820081329423779,1.5885393944366828,1.5885393944366828,10.129158574196609,1.0129158574196608,28.519893511403467
PPO,5,3.2,0.0,-0.5,-0.5,0.11129041761159897,-0.488414466381073,-0.19301752746105194,0.3267384582315424,-1.3971352577209473,-3.8666675090789795,-2.646639585494995,1.0297160148620605,0.07545171678066254,-0.7653456926345825,1.9174476850327473,4.0115892858027795,1.2694162146754857,0.08353234643809856,1.5069895827383768,1.5069895827383768,10.295964697425866,1.0295964697425866,29.54948998114605
PPO,5,3.3000000000000003,0.0,-0.5,-0.5,0.10520298779010773,-0.5167690515518188,-0.2058233916759491,0.3128717734391442,-1.6105767488479614,-3.842806577682495,-2.4735875129699707,1.1831603050231934,0.0628710389137268,-0.7872899770736694,1.7995213242045485,4.218210488999007,1.3468256601644828,0.026268127206213302,1.3616295383008894,1.3616295383008894,10.11408467717603,1.0114084677176032,30.560898448863654
PPO,5,3.4000000000000004,0.0,-0.5,-0.5,0.09697870910167694,-0.5451955795288086,-0.21806073188781738,0.30155805632018146,-1.685676097869873,-3.7237493991851807,-2.2214462757110596,1.3933513164520264,0.07085190713405609,-0.766516923904419,1.6439675063306878,4.136582461220845,1.3516577762534092,0.007564438942800091,1.1588354338133071,1.1588354338133071,9.457443050374357,0.9457443050374359,31.506642753901094
PPO,5,3.5,0.0,-0.5,-0.5,0.0863395407795906,-0.5735994577407837,-0.22953088581562042,0.29330008218452813,-1.5885902643203735,-3.5064706802368164,-1.8998972177505493,1.6688494682312012,0.09358151257038116,-0.6871811747550964,1.4492207486311177,3.709682652590863,1.2853618521283736,0.01711635111789622,0.9165648633542108,0.9165648633542108,8.294511331176672,0.8294511331176674,32.33609388701876
PPO,5,3.6,0.0,-0.5,-0.5,0.07295375317335129,-0.601906955242157,-0.2399897426366806,0.2886392412042147,-1.322009801864624,-3.2351276874542236,-1.564662218093872,1.998081088066101,0.11980326473712921,-0.5609734058380127,1.2614206015892397,3.034460474745014,1.1612066908378467,0.07399027779764314,0.6850131964055878,0.6850131964055878,6.901104437780918,0.690110443778092,33.02620433079685
PPO,5,3.7,0.0,-0.5,-0.5,0.056434351950883865,-0.629994809627533,-0.24916042387485504,0.28810411236366823,-0.986229658126831,-3.0433037281036377,-1.3573269844055176,2.28603458404541,0.09779895842075348,-0.4729239344596863,1.2175388550374013,2.4814831679672307,0.9959197486712208,0.16810121041403522,0.553470871133776,0.553470871133776,5.96998472435744,0.596998472435744,33.623202803232594
PPO,5,3.8000000000000003,0.0,-0.5,-0.5,0.036426059901714325,-0.6576072573661804,-0.25677746534347534,0.29210290443471637,-0.7939141988754272,-2.9648821353912354,-1.2520004510879517,2.472527503967285,0.049102023243904114,-0.4792262315750122,1.2912457295491506,2.3019468580501705,0.8490274218479045,0.1973942327319488,0.49031454020127774,0.49031454020127774,5.6202433225817305,0.5620243322581729,34.18522713549077
PPO,5,3.9000000000000004,0.0,-0.5,-0.5,0.012682054191827774,-0.684278130531311,-0.2626371681690216,0.3007663176378976,-0.7525018453598022,-2.919060468673706,-1.1470073461532593,2.584343671798706,0.011731669306755066,-0.511565625667572,1.3356349925735247,2.2978603613232687,0.7663376428395228,0.17168176694556242,0.4299493962721212,0.4299493962721212,5.431413556226122,0.5431413556226121,34.72836849111338
PPO,5,4.0,0.0,-0.5,-0.5,-0.014916925691068172,-0.7093335390090942,-0.26667794585227966,0.31381877919885,-0.7530513405799866,-2.8749783039093018,-1.046582818031311,2.654139995574951,-0.03682650625705719,-0.5409821271896362,1.3527105128311963,2.319074094108334,0.710382835476845,0.13814752741697345,0.3747386131407661,0.3747386131407661,5.2697921961148815,0.5269792196114882,35.25534771072486
PPO,5,4.1000000000000005,0.0,-0.5,-0.5,-0.046347152441740036,-0.7320044636726379,-0.26896339654922485,0.33068420258239883,-0.7593201994895935,-2.8081233501434326,-0.9694616198539734,2.7095046043395996,-0.09812584519386292,-0.5791301727294922,1.3660420349334077,2.3437894276399227,0.6380832996994164,0.09476263502891565,0.3340903834527693,0.3340903834527693,5.110858164207201,0.5110858164207202,35.766433527145594
PPO,5,4.2,0.0,-0.5,-0.5,-0.08144976943731308,-0.7514909505844116,-0.2696382403373718,0.3506398486796743,-0.7637891173362732,-2.7161378860473633,-0.918205738067627,2.7602758407592773,-0.16772504150867462,-0.6242480278015137,1.376019477064868,2.361997036384194,0.5491262622796049,0.04911826597854958,0.30794846809293874,0.30794846809293874,4.952157977893092,0.4952157977893094,36.2616493249349
PPO,5,4.3,0.0,-0.5,-0.5,-0.11995627731084824,-0.7669795155525208,-0.2689172625541687,0.3729166149910658,-0.7617008686065674,-2.6026265621185303,-0.8869858384132385,2.8121426105499268,-0.2441137284040451,-0.6736928820610046,1.383623643745822,2.368166191829404,0.44892747492371965,0.01162183179851753,0.2923769109139074,0.2923769109139074,4.797092964125278,0.4797092964125278,36.74135862134743
PPO,5,4.4,0.0,-0.5,-0.5,-0.1614525467157364,-0.777654230594635,-0.26707929372787476,0.39675036486234194,-0.7524750828742981,-2.4764435291290283,-0.8695300221443176,2.8655946254730225,-0.3234769105911255,-0.722368061542511,1.3868509914311646,2.3590753760362944,0.34904522272292277,0.0059317892047162195,0.2837885810159754,0.2837885810159754,4.668480541427049,0.4668480541427049,37.20820667549013
PPO,5,4.5,0.0,-0.5,-0.5,-0.20535248517990112,-0.7827259302139282,-0.26445823907852173,0.42140659216828036,-0.7360966205596924,-2.3482775688171387,-0.8595221042633057,2.9179892539978027,-0.4049265384674072,-0.7658335566520691,1.3854176802736413,2.3344366091343765,0.25924901041839127,0.03669536772801734,0.27890327834677425,0.27890327834677425,4.573605224247975,0.4573605224247975,37.665567197914925
PPO,5,4.6000000000000005,0.0,-0.5,-0.5,-0.25088775157928467,-0.7814772725105286,-0.26143383979797363,0.44619270682745826,-0.7130619883537292,-2.2256221771240234,-0.854594886302948,2.9654104709625244,-0.4914911985397339,-0.8015812635421753,1.3797315667530898,2.295581382301493,0.1842816227716575,0.07446235416281972,0.27650849538243794,0.27650849538243794,4.4870739167539355,0.4487073916753937,38.11427458959032
PPO,5,4.7,0.0,-0.5,-0.5,-0.29709938168525696,-0.773313581943512,-0.25842389464378357,0.4704544306855156,-0.6846064329147339,-2.109325408935547,-0.8564758896827698,3.004934549331665,-0.5903711915016174,-0.8289191722869873,1.3685653627634156,2.242987750793206,0.12413601875943218,0.1117417597132111,0.27742190976678427,0.27742190976678427,4.402274711562833,0.44022747115628325,38.554502060746614
PPO,5,4.800000000000001,0.0,-0.5,-0.5,-0.3428681790828705,-0.7578054666519165,-0.25587302446365356,0.4935789977782074,-0.6525564193725586,-1.9911439418792725,-0.8708115816116333,3.036736249923706,-0.7131819725036621,-0.8486838340759277,1.3473269042143197,2.1740401671750065,0.0754952942966455,0.14792668687532146,0.2844162061255246,0.2844162061255246,4.313621464812343,0.4313621464812342,38.98586420722784
PPO,5,4.9,0.0,-0.5,-0.5,-0.3869103789329529,-0.7347398996353149,-0.25423264503479004,0.5149796642329039,-0.6197859048843384,-1.8531047105789185,-0.9061092734336853,3.0640969276428223,-0.8762476444244385,-0.8623621463775635,1.3063122258713944,2.081627843023997,0.034783633156993815,0.18849972770425838,0.3018831736900687,0.3018831736900687,4.214989777136781,0.42149897771367806,39.407363184941524
PPO,5,5.0,0.0,-0.5,-0.5,-0.4278259575366974,-0.7041438817977905,-0.2539258301258087,0.5340994958778136,-0.5880651473999023,-1.664172649383545,-0.9740012288093567,3.0946156978607178,-1.10145902633667,-0.872122049331665,1.2306714492292647,1.951134352042637,0.0029235097723567987,0.24598348179491786,0.33643974995637094,0.33643974995637094,4.103592292751919,0.41035922927519186,39.81772241421671
PPO,5,5.1000000000000005,0.0,-0.5,-0.5,-0.4641109108924866,-0.6663132905960083,-0.2553309202194214,0.5503835088726778,-0.5450998544692993,-1.3848695755004883,-1.084053874015808,3.1342248916625977,-1.4053370952606201,-0.8766329884529114,1.1058737010870348,1.7500951546875871,0.0300769198572598,0.33210777180055984,0.39504297485011736,0.39504297485011736,4.008239497132676,0.4008239497132676,40.218546363929974
PPO,5,5.2,0.0,-0.5,-0.5,-0.4941866397857666,-0.621816873550415,-0.2587495446205139,0.563259769418298,-0.43086639046669006,-1.003352403640747,-1.2255650758743286,3.1776323318481445,-1.7604405879974365,-0.8688232898712158,0.9533126486589457,1.4333333412136071,0.13557798528613033,0.426423544107581,0.47486767704371846,0.47486767704371846,3.8983828733537016,0.3898382873353702,40.608384651265354
PPO,5,5.300000000000001,0.0,-0.5,-0.5,-0.5164124369621277,-0.5715157985687256,-0.26440832018852234,0.5721011746976926,-0.16195747256278992,-0.5925022959709167,-1.3648309707641602,3.2039003372192383,-2.092323064804077,-0.8523154854774475,0.8597937479821381,1.0270442183850295,0.34095044259349266,0.46684946358195123,0.55806700706872,0.55806700706872,3.810771886680052,0.38107718866800516,40.98946183993335
PPO,5,5.4,0.0,-0.5,-0.5,-0.5291525721549988,-0.5166454911231995,-0.2724742591381073,0.5762356113151432,0.22144564986228943,-0.23227810859680176,-1.5046671628952026,3.1985392570495605,-2.388450860977173,-0.8381814360618591,0.8536008258738736,0.6421476862997928,0.6323269551848327,0.4430539774611485,0.6459943345926523,0.6459943345926523,3.863118114004952,0.3863118114004952,41.37577365133386
PPO,5,5.5,0.0,-0.5,-0.5,-0.5309658646583557,-0.4589323401451111,-0.283027321100235,0.575055167359874,0.5690610408782959,0.06746881455183029,-1.664087176322937,3.1742396354675293,-2.6172921657562256,-0.8265392780303955,0.862902012672356,0.360670961555339,0.9314508901161829,0.4124331856664667,0.7513324651814404,0.7513324651814404,4.070121980373226,0.40701219803732247,41.78278584937117
PPO,5,5.6000000000000005,0.0,-0.5,-0.5,-0.5207423567771912,-0.40059754252433777,-0.29598870873451233,0.5680440631305602,0.7788675427436829,0.2678065299987793,-1.8342397212982178,3.130164623260498,-2.745656967163086,-0.8008934259414673,0.8354423497433116,0.19824898525023396,1.1148001216179595,0.3837652085590228,0.8694651623887586,0.8694651623887586,4.271186989948045,0.4271186989948045,42.20990454836598
PPO,5,5.7,0.0,-0.5,-0.5,-0.4979279339313507,-0.34428152441978455,-0.3110107183456421,0.5548850508045787,0.8607050180435181,0.3620084524154663,-1.9948829412460327,3.094071626663208,-2.744868516921997,-0.7518719434738159,0.7690356099757967,0.11382260545933824,1.1437167484040527,0.34208269662547414,0.9861527025119788,0.9861527025119788,4.340963065488619,0.43409630654886194,42.644000854914836
PPO,5,5.800000000000001,0.0,-0.5,-0.5,-0.46303215622901917,-0.29311561584472656,-0.3272899091243744,0.5357505964529283,0.8471043109893799,0.3312200605869293,-2.135587692260742,3.0670557022094727,-2.641223430633545,-0.6871676445007324,0.69985210583595,0.08497913623565859,1.0315109745721105,0.27797163664023483,1.0923055951907845,1.0923055951907845,4.278925043665523,0.42789250436655235,43.0718933592814
PPO,5,5.9,0.0,-0.5,-0.5,-0.41744303703308105,-0.2497592717409134,-0.3437754809856415,0.5111606514475737,0.7424317598342896,0.1498640775680542,-2.2534592151641846,3.062052011489868,-2.4362595081329346,-0.6407634019851685,0.6812018168643746,0.12706078812852672,0.8247449731790221,0.21420151417920447,1.1839751787134938,1.1839751787134938,4.215159449778115,0.4215159449778116,43.493409304259195
PPO,5,6.0,0.0,-0.5,-0.5,-0.3632264733314514,-0.216200590133667,-0.3593089282512665,0.4819435170630369,0.5422181487083435,-0.18086200952529907,-2.334660053253174,3.079296112060547,-2.171424388885498,-0.6116111278533936,0.707872601069034,0.265839638963001,0.5450371633620921,0.15327903906730533,1.2485430544393192,1.2485430544393192,4.169114551340071,0.4169114551340071,43.91032075939321
PPO,5,6.1000000000000005,0.0,-0.5,-0.5,-0.30288687348365784,-0.19364212453365326,-0.3728267252445221,0.449186651405617,0.3095446527004242,-0.5907402038574219,-2.3439369201660156,3.0998435020446777,-1.8732095956802368,-0.6186970472335815,0.8013798729586867,0.5184363650893181,0.2997100600488488,0.11062051925311712,1.2559921471311475,1.2559921471311475,4.242131111612266,0.4242131111612266,44.334533870554445
PPO,5,6.2,0.0,-0.5,-0.5,-0.23905359208583832,-0.18259559571743011,-0.38351890444755554,0.41407731327399855,0.09588006883859634,-0.9638859033584595,-2.2671403884887695,3.0991125106811523,-1.6011563539505005,-0.6512059569358826,0.9222810451500492,0.8257235737352486,0.1406829735997507,0.09156659985241355,1.1947737302691213,1.1947737302691213,4.369801652875704,0.43698016528757044,44.77151403584201
PPO,5,6.300000000000001,0.0,-0.5,-0.5,-0.17430223524570465,-0.18297968804836273,-0.3909680247306824,0.37785065704943727,-0.10257741063833237,-1.2735373973846436,-2.1311841011047363,3.059813976287842,-1.3391392230987549,-0.7077508568763733,1.05524199719384,1.1671563191488925,0.0535176397722469,0.09903861138124304,1.088928829046985,1.088928829046985,4.552812225590193,0.4552812225590193,45.226795258401026
PPO,5,6.4,0.0,-0.5,-0.5,-0.1110258474946022,-0.19425998628139496,-0.39509665966033936,0.34177244712669,-0.28403809666633606,-1.500072717666626,-1.972031831741333,3.000162363052368,-1.1017436981201172,-0.7681524753570557,1.1626521153432816,1.4911076577668856,0.011891021349414983,0.1261976110686073,0.9692569541927315,0.9692569541927315,4.730362313913652,0.47303623139136525,45.699831489792395
PPO,5,6.5,0.0,-0.5,-0.5,-0.05133143067359924,-0.2154470682144165,-0.3961494266986847,0.30722992747742095,-0.4449447691440582,-1.6691385507583618,-1.820634365081787,2.93717622756958,-0.8977593183517456,-0.8221327066421509,1.2432966347952088,1.7800197291934696,0.0020414952911840967,0.16138348033849528,0.8598093197005211,0.8598093197005211,4.906359979019401,0.49063599790194,46.190467487694335
PPO,5,6.6000000000000005,0.0,-0.5,-0.5,0.0030492006335407495,-0.24524369835853577,-0.3945666551589966,0.2757286003571306,-0.5727242827415466,-1.7948473691940308,-1.6960225105285645,2.885519027709961,-0.7563818693161011,-0.8599318861961365,1.2963573145619043,2.007129854624002,0.0192064070496641,0.19003671205601289,0.7730640232026047,0.7730640232026047,5.058858334696794,0.5058858334696794,46.69635332116401
PPO,5,6.7,0.0,-0.5,-0.5,0.05080502852797508,-0.2821385860443115,-0.39089876413345337,0.2488932025630834,-0.6637465953826904,-1.8950504064559937,-1.6049854755401611,2.8459768295288086,-0.6683958768844604,-0.8825425505638123,1.3344867932566582,2.174228379098883,0.04099746849012042,0.2046648351733342,0.7116635197112802,0.7116635197112802,5.1777045154415555,0.5177704515441556,47.21412377270816
PPO,5,6.800000000000001,0.0,-0.5,-0.5,0.0910160094499588,-0.3245285749435425,-0.38570645451545715,0.2283356072253433,-0.7171194553375244,-1.9776498079299927,-1.5385699272155762,2.8153128623962402,-0.6129767894744873,-0.8951593637466431,1.3700004621601305,2.2896784902332565,0.06131985401237965,0.20544572146973855,0.6679499221831581,0.6679499221831581,5.262344372241822,0.5262344372241821,47.74035820993235
PPO,5,6.9,0.0,-0.5,-0.5,0.12313567847013474,-0.37077465653419495,-0.3795170485973358,0.21535488451589024,-0.7372335195541382,-2.050048828125,-1.4863669872283936,2.790459632873535,-0.5746167302131653,-0.9006003737449646,1.4087788562320696,2.3638081851566346,0.07840218860934045,0.19356624557055274,0.6342451000724951,0.6342451000724951,5.313045675713588,0.5313045675713588,48.27166277750371
PPO,5,7.0,0.0,-0.5,-0.5,0.14696846902370453,-0.4192662835121155,-0.37281253933906555,0.21046214389883627,-0.7292622923851013,-2.1186728477478027,-1.4405819177627563,2.767686367034912,-0.5456072092056274,-0.9007111191749573,1.4544174725276398,2.406693128108017,0.09240057453783711,0.17078324232975084,0.6051666452255108,0.6051666452255108,5.334627707954266,0.5334627707954266,48.80512554829913
PPO,5,7.1000000000000005,0.0,-0.5,-0.5,0.16264110803604126,-0.4684659540653229,-0.3660183250904083,0.2130671614486406,-0.6995102167129517,-2.1869611740112305,-1.396923542022705,2.7421746253967285,-0.5230876803398132,-0.8972868919372559,1.5081147820865508,2.427846733079378,0.10385384480304319,0.1405806342624105,0.5778658090642856,0.5778658090642856,5.336127612359954,0.5336127612359953,49.33873830953514
PPO,5,7.2,0.0,-0.5,-0.5,0.17056767642498016,-0.5169664621353149,-0.3594997227191925,0.22163375418556985,-0.654682457447052,-2.2523579597473145,-1.3545596599578857,2.707040309906006,-0.5077056288719177,-0.8918511271476746,1.5668135526679774,2.432729372839201,0.11244721802300982,0.10804862553101495,0.5517791057564678,0.5517791057564678,5.323596980574139,0.5323596980574139,49.87109800759254
PPO,5,7.300000000000001,0.0,-0.5,-0.5,0.17140544950962067,-0.5635325908660889,-0.35356125235557556,0.23422323760767286,-0.6000790596008301,-2.305396556854248,-1.3161182403564453,2.652696132659912,-0.5024393200874329,-0.885631799697876,1.623434621577786,2.4205462063758425,0.1160464066658722,0.07864264891448529,0.5284579145340993,0.5284579145340993,5.295585712602185,0.5295585712602185,50.40065657885277
PPO,5,7.4,0.0,-0.5,-0.5,0.16601672768592834,-0.6071258187294006,-0.3484329879283905,0.2490181801762745,-0.5373667478561401,-2.332312822341919,-1.2866160869598389,2.56813645362854,-0.5111362934112549,-0.879564106464386,1.6696908726013977,2.384521845263249,0.11081123349015237,0.056200290283078505,0.5107889695971796,0.5107889695971796,5.2428021808322365,0.5242802180832237,50.92493679693599
PPO,5,7.5,0.0,-0.5,-0.5,0.15541137754917145,-0.6469497680664062,-0.3442784249782562,0.26456783541041845,-0.46446290612220764,-2.32250714302063,-1.2713836431503296,2.4438538551330566,-0.537787675857544,-0.874281644821167,1.7009146590258357,2.3172822039853975,0.09371925599446836,0.04151481574601496,0.5017449083283285,0.5017449083283285,5.156920751408374,0.5156920751408374,51.440628872076815
PPO,5,7.6000000000000005,0.0,-0.5,-0.5,0.14068488776683807,-0.6824679970741272,-0.34120458364486694,0.2798263601907647,-0.37901660799980164,-2.2777957916259766,-1.2757809162139893,2.275261878967285,-0.5887374877929688,-0.8716142177581787,1.7223541760683216,2.2225321649872996,0.06579212565103551,0.03316882542697008,0.504350199026038,0.504350199026038,5.052547690185703,0.5052547690185702,51.94588364109539
PPO,5,7.7,0.0,-0.5,-0.5,0.12296206504106522,-0.7134073972702026,-0.3392513692378998,0.29411308869326996,-0.2845791280269623,-2.2163608074188232,-1.3064334392547607,2.065134286880493,-0.6759686470031738,-0.876468300819397,1.750982653319403,2.1245082946722382,0.03351253045521483,0.029712904093624478,0.5226355848636051,0.5226355848636051,4.98398755226769,0.498398755226769,52.44428239632216
PPO,5,7.800000000000001,0.0,-0.5,-0.5,0.10334061086177826,-0.739732563495636,-0.3384241759777069,0.3070142191527253,-0.19702836871147156,-2.1697041988372803,-1.3694486618041992,1.8157159090042114,-0.815108060836792,-0.8937157988548279,1.8047675382825004,2.0633057070626672,0.008477605916478401,0.030121034741820322,0.5609015992803397,0.5609015992803397,5.028475084564145,0.5028475084564146,52.94712990477857
PPO,5,7.9,0.0,-0.5,-0.5,0.08284074068069458,-0.7616202235221863,-0.3386940658092499,0.3183195471181049,-0.14968422055244446,-2.168518543243408,-1.4687349796295166,1.5277361869812012,-1.0277906656265259,-0.923133909702301,1.8823821906038836,2.080415324275419,5.5571052259406174e-05,0.034798944996893524,0.622993049869602,0.622993049869602,5.24363813066766,0.5243638130667659,53.47149371784533
PPO,5,8.0,0.0,-0.5,-0.5,0.062380556017160416,-0.779416561126709,-0.34001490473747253,0.32796368565291795,-0.19384291768074036,-2.242629051208496,-1.604703426361084,1.2128689289093018,-1.3335671424865723,-0.9478782415390015,1.9426689102178678,2.2029816606218255,0.0024586845513453123,0.040498806424441564,0.7114759336279385,0.7114759336279385,5.611559929071357,0.5611559929071357,54.03264971075247
PPO,5,8.1,0.0,-0.5,-0.5,0.04278646036982536,-0.7936015725135803,-0.342322438955307,0.3359981812903586,-0.33840715885162354,-2.4262819290161133,-1.7633655071258545,0.9237558841705322,-1.6793675422668457,-0.9232450723648071,1.9276485712766929,2.3879701931640467,0.06116702242169669,0.02367096700649757,0.8195615146864369,0.8195615146864369,6.039579783241807,0.6039579783241807,54.636607689076655
PPO,5,8.200000000000001,0.0,-0.5,-0.5,0.024781739339232445,-0.804772138595581,-0.3455314636230469,0.3425795087264266,-0.4606532156467438,-2.7136166095733643,-1.911766529083252,0.7026493549346924,-1.8626658916473389,-0.8514291644096375,1.9174433237293367,2.5509455510642387,0.21827828687033515,0.007696601179172835,0.925167408143046,0.925167408143046,6.544698579129175,0.6544698579129176,55.29107754698957
PPO,5,8.3,0.0,-0.5,-0.5,0.008920085616409779,-0.8136160373687744,-0.3495595157146454,0.3479467288742756,-0.4713633954524994,-3.0085768699645996,-2.033273220062256,0.5190631747245789,-1.855299949645996,-0.7880377769470215,1.9996764749117357,2.656891422381348,0.3813522780481751,0.08598372728691633,1.0147560641843554,1.0147560641843554,7.153416030996887,0.7153416030996887,56.00641915008926
PPO,5,8.4,0.0,-0.5,-0.5,-0.004444134887307882,-0.8208945989608765,-0.3543300926685333,0.3524383859330825,-0.4780093729496002,-3.313267469406128,-2.1354987621307373,0.3940693140029907,-1.69608473777771,-0.7179311513900757,2.080968102953776,2.7559684523454457,0.5820885593642844,0.21727436852213408,1.0922373672264172,1.0922373672264172,7.8207742176384745,0.7820774217638476,56.788496571853116
PPO,5,8.5,0.0,-0.5,-0.5,-0.015102705918252468,-0.8273718357086182,-0.35977694392204285,0.3564588559667519,-0.4857357442378998,-3.6028826236724854,-2.231698989868164,0.31643521785736084,-1.4452717304229736,-0.6380511522293091,2.1356342402179345,2.8274595448243507,0.8144807776884565,0.38691674429158224,1.1668673004811414,1.1668673004811414,8.498225907984606,0.8498225907984607,57.63831916265158
PPO,5,8.6,0.0,-0.5,-0.5,-0.022997155785560608,-0.8337659239768982,-0.36584481596946716,0.36045273557658575,-0.5024901628494263,-3.873555898666382,-2.321462631225586,0.2501622438430786,-1.1313581466674805,-0.5472882986068726,2.153013465796903,2.8715911815807402,1.08095612339558,0.5860863755642163,1.2379713388081526,1.2379713388081526,9.167589823953746,0.9167589823953746,58.55507814504695
PPO,5,8.700000000000001,0.0,-0.5,-0.5,-0.028185173869132996,-0.8407065868377686,-0.37250304222106934,0.364871013624757,-0.5001381635665894,-4.120524883270264,-2.4024791717529297,0.16281740367412567,-0.7992249727249146,-0.4395580291748047,2.138270960363149,2.8518453129224235,1.3713773746708395,0.8298389695790837,1.3033393010506806,1.3033393010506806,9.798011219636855,0.9798011219636857,59.53487926701064
PPO,5,8.8,0.0,-0.5,-0.5,-0.03079129382967949,-0.8487182855606079,-0.37974709272384644,0.37015308747652304,-0.4195047914981842,-4.3330512046813965,-2.4891204833984375,0.06340409070253372,-0.4635741710662842,-0.3022209405899048,2.1028475841703336,2.6937731668100047,1.6600548062382747,1.165283332288274,1.3744752450930233,1.3744752450930233,10.370909379692934,1.0370909379692934,60.57197020497992
PPO,5,8.9,0.0,-0.5,-0.5,-0.031077031046152115,-0.8580312728881836,-0.3876364529132843,0.37653385098618297,-0.1207207664847374,-4.425967216491699,-2.6284971237182617,-0.03691834211349487,-0.20258663594722748,-0.15049557387828827,2.1096006327679246,2.2748024169459367,1.770924510559316,1.6193002452027743,1.4915207633798244,1.4915207633798244,10.7576693322356,1.0757669332235602,61.64773713820348
PPO,5,9.0,0.0,-0.5,-0.5,-0.0293804332613945,-0.8684535026550293,-0.39627403020858765,0.3839013809385894,0.41553980112075806,-4.3628926277160645,-2.865651845932007,-0.12707695364952087,-0.008084103465080261,-0.02305184304714203,2.213513446804156,1.668228067247612,1.5962940374038528,2.134368100724801,1.697865107131383,1.697865107131383,11.008133866443188,1.1008133866443188,62.74855052484779
PPO,5,9.1,0.0,-0.5,-0.5,-0.025848615914583206,-0.8796070218086243,-0.4057402014732361,0.3919879482451203,1.0244981050491333,-4.196377277374268,-3.0691230297088623,-0.1615101397037506,0.10510946810245514,0.06799294054508209,2.3616193875626528,1.0818253364058974,1.271998466089308,2.6056227035186077,1.8818694471993866,1.8818694471993866,11.084804787975239,1.108480478797524,63.85703100364532
PPO,5,9.200000000000001,0.0,-0.5,-0.5,-0.02046259492635727,-0.8910369873046875,-0.41600337624549866,0.4004798072732279,1.4425443410873413,-3.999955654144287,-3.0862927436828613,-0.1318683922290802,0.1560528427362442,0.1014033704996109,2.4587807229254337,0.7270107310186975,0.9816069340171936,2.830308683808205,1.8976832355417848,1.8976832355417848,10.793073542853099,1.07930735428531,64.93633835793064
PPO,5,9.3,0.0,-0.5,-0.5,-0.013144080527126789,-0.9023615121841431,-0.42687347531318665,0.40916383265482426,1.6642239093780518,-3.82800030708313,-3.0022361278533936,-0.12345021963119507,0.23040811717510223,0.10147543251514435,2.494089066382406,0.5486952019943531,0.7830069988283156,2.8675761584046744,1.8206870975101737,1.8206870975101737,10.334741620630096,1.0334741620630097,65.96981251999364
PPO,5,9.4,0.0,-0.5,-0.5,-0.003859967226162553,-0.9133097529411316,-0.4381124973297119,0.4179352990715324,1.8750641345977783,-3.6527159214019775,-2.862567186355591,-0.11455044150352478,0.30885833501815796,0.10970087349414825,2.5047142693738476,0.3829652460053715,0.6124610513463826,2.909774872114149,1.6951244080736583,1.6951244080736583,9.800164254987067,0.9800164254987068,66.94982894549234
PPO,5,9.5,0.0,-0.5,-0.5,0.0073250592686235905,-0.92363440990448,-0.449480265378952,0.42669897273673735,2.1320724487304688,-3.4294211864471436,-2.686692476272583,-0.09259682893753052,0.3645607829093933,0.1518261581659317,2.4531972259292623,0.18226746850623313,0.4528855855619582,3.0154564114936244,1.5413276987459108,1.5413276987459108,9.1864620889829,0.9186462088982901,67.86847515439064
PPO,5,9.600000000000001,0.0,-0.5,-0.5,0.02025325782597065,-0.9330719113349915,-0.4607716202735901,0.4353163684217116,2.4124550819396973,-3.119598150253296,-2.4927806854248047,-0.07825347781181335,0.370916485786438,0.2372136265039444,2.2817312109821932,0.007631792894002418,0.30985993624174546,3.1576248865857246,1.3775080669882975,1.3775080669882975,8.51186396068026,0.8511863960680262,68.71966155045867
PPO,5,9.700000000000001,0.0,-0.5,-0.5,0.03468388691544533,-0.9413193464279175,-0.4718531668186188,0.4435740995158172,2.624180793762207,-2.771831750869751,-2.3067948818206787,-0.09238681197166443,0.29284894466400146,0.3550681471824646,1.9884453151866406,0.13398505432211968,0.22100986657698804,3.282429946287304,1.2262570382481681,1.2262570382481681,8.078384258869388,0.807838425886939,69.5274999763456
PPO,5,9.8,0.0,-0.5,-0.5,0.050320081412792206,-0.9480578899383545,-0.48267319798469543,0.45120749262116444,2.6393706798553467,-2.530836820602417,-2.1186063289642334,-0.1893639862537384,0.08099351823329926,0.4279599189758301,1.7236547305493066,0.2685112257471335,0.19823138907787416,3.2492694551494457,1.0793031444541836,1.0793031444541836,7.598273089432126,0.7598273089432127,70.28732728528881
PPO,5,9.9,0.0,-0.5,-0.5,0.06686259806156158,-0.9529950618743896,-0.49322405457496643,0.45795310517402005,2.4699196815490723,-2.3837430477142334,-2.0019614696502686,-0.3987414538860321,-0.20496304333209991,0.41768330335617065,1.5433545265018016,0.2522951372208422,0.1971586064304376,2.9858187058132386,0.9914061675833383,0.9914061675833383,6.961439311132997,0.6961439311132996,70.98347121640211
PPO,5,10.0,0.0,-0.5,-0.5,0.08402717113494873,-0.9558635354042053,-0.5034845471382141,0.46355611361400634,2.2456893920898438,-2.1281378269195557,-2.07735013961792,-0.6861236095428467,-0.4380974769592285,0.3663570284843445,1.3348566317801691,0.22046875769384017,0.15005888795331618,2.536025176251261,1.0479307869987642,1.0479307869987642,6.337271027676115,0.6337271027676116,71.61719831916972
PPO,5,10.100000000000001,0.0,-0.5,-0.5,0.10149098932743073,-0.9563934803009033,-0.5133618116378784,0.4677327952860242,1.9678056240081787,-1.976691722869873,-2.133180618286133,-0.9437803030014038,-0.4455412030220032,0.2206411510705948,1.2986276392275624,0.08400523844691898,0.08813854860944774,1.9863326585690368,1.0904593684837662,1.0904593684837662,5.638022821820498,0.5638022821820499,72.18100060135177
PPO,5,10.200000000000001,0.0,-0.5,-0.5,0.11899600178003311,-0.9543983936309814,-0.5225495100021362,0.4702620854113017,1.7523136138916016,-2.2031705379486084,-2.0958733558654785,-1.0154372453689575,-0.3027355670928955,0.07785119116306305,1.5170977729833075,0.02679897980773321,0.10823279706431972,1.7602623833753601,1.0619781940734812,1.0619781940734812,5.536348321377682,0.5536348321377683,72.73463543348954
PPO,5,10.3,0.0,-0.5,-0.5,0.13643555343151093,-0.9499068260192871,-0.5306209921836853,0.4711352857738689,1.794082522392273,-2.4434309005737305,-2.152451515197754,-0.9447394609451294,-0.2744866609573364,0.04147399961948395,1.7487247065842622,0.08373437337465,0.13616979196707088,1.8828158704111382,1.1052693089497798,1.1052693089497798,6.061983360236681,0.6061983360236681,73.3408337695132
PPO,5,10.4,0.0,-0.5,-0.5,0.1536625623703003,-0.9430274963378906,-0.5373947024345398,0.47040823691320915,1.8258498907089233,-2.594850778579712,-2.2236807346343994,-0.8680591583251953,-0.23204778134822845,0.0343022495508194,1.8779753440010416,0.11739404068500157,0.1646152624766219,1.991252133089734,1.1605843087891337,1.1605843087891337,6.472405397830666,0.6472405397830667,73.98807430929625
PPO,5,10.5,0.0,-0.5,-0.5,0.170448437333107,-0.9338721632957458,-0.5429069399833679,0.46812255806675757,1.8619740009307861,-2.6561858654022217,-2.261561870574951,-0.7788114547729492,-0.20397447049617767,0.059038206934928894,1.9009182931453141,0.10797661151938741,0.19049362534284284,2.0980125939409406,1.1903666598040246,1.1903666598040246,6.678134443556535,0.6678134443556536,74.65588775365194
PPO,5,10.600000000000001,0.0,-0.5,-0.5,0.18654844164848328,-0.9225401282310486,-0.5472803115844727,0.4643015280079459,1.899409294128418,-2.6172235012054443,-2.2513792514801025,-0.6987959146499634,-0.19965390861034393,0.10319618880748749,1.8279067808013816,0.06454755775976866,0.2011046991604131,2.1723287875345045,1.18233632697786,1.18233632697786,6.6305604792117885,0.6630560479211788,75.3189438015731
PPO,5,10.700000000000001,0.0,-0.5,-0.5,0.20170477032661438,-0.9091083407402039,-0.5506877303123474,0.45893757183295886,1.944117784500122,-2.488288640975952,-2.198955774307251,-0.6416603326797485,-0.2250174731016159,0.15273310244083405,1.6950558633672554,0.013311208477145838,0.18616661719568486,2.199945473760552,1.1412815240838363,1.1412815240838363,6.377042210968311,0.6377042210968311,75.95664802266994
PPO,5,10.8,0.0,-0.5,-0.5,0.21563805639743805,-0.8936243057250977,-0.553328812122345,0.45197768487704143,1.9941405057907104,-2.2997071743011475,-2.119056224822998,-0.610864520072937,-0.26946133375167847,0.19636766612529755,1.5415005343619412,0.01702375360351666,0.1487931830100734,2.1802532786634155,1.0796469552315537,1.0796469552315537,6.046864660102054,0.6046864660102054,76.56133448868015
PPO,5,10.9,0.0,-0.5,-0.5,0.2280438393354416,-0.8761152625083923,-0.5554044842720032,0.4433241931454364,2.0513815879821777,-2.08400559425354,-2.0225412845611572,-0.5982128381729126,-0.31832432746887207,0.23284344375133514,1.391771327415354,0.08561597674204006,0.10120293486188371,2.13485405939954,1.0067326118890922,1.0067326118890922,5.726909522197003,0.5726909522197002,77.13402544089985
PPO,5,11.0,0.0,-0.5,-0.5,0.23858438432216644,-0.8566104769706726,-0.5571027398109436,0.4328443873051309,2.1238996982574463,-1.8605619668960571,-1.9081752300262451,-0.5897982120513916,-0.3645390272140503,0.2658310532569885,1.256490577262545,0.1872776208891078,0.05372206717817399,2.088939158793611,0.9225617092300243,0.9225617092300243,5.431552842583486,0.5431552842583487,77.6771807251582
PPO,5,11.100000000000001,0.0,-0.5,-0.5,0.24690145254135132,-0.8351684808731079,-0.558585524559021,0.42039327007656974,2.2132349014282227,-1.639731526374817,-1.7692160606384277,-0.5728967189788818,-0.4047408103942871,0.2960054874420166,1.140458885387873,0.3149584825045561,0.014737240106902767,2.0516212407578562,0.8236436491984813,0.8236436491984813,5.169063147154151,0.516906314715415,78.19408703987361
PPO,5,11.200000000000001,0.0,-0.5,-0.5,0.2526184916496277,-0.8118890523910522,-0.5599880814552307,0.4058194835655392,2.309800386428833,-1.4272836446762085,-1.603020429611206,-0.5332683324813843,-0.43499988317489624,0.32175636291503906,1.0424872079084724,0.45801876245538203,0.004110318074031653,2.017512399199696,0.7103569439900168,0.7103569439900168,4.9428425756176155,0.49428425756176164,78.68837129743537
PPO,5,11.3,0.0,-0.5,-0.5,0.2553466856479645,-0.7869254946708679,-0.5614246726036072,0.38897449758047503,2.396470069885254,-1.2196232080459595,-1.4137277603149414,-0.4515838921070099,-0.4530158042907715,0.34248149394989014,0.9513948667578658,0.6056769092816259,0.03683792254847825,1.9718569704479632,0.588324214112639,0.588324214112639,4.742415097261211,0.4742415097261211,79.1626128071615
PPO,5,11.4,0.0,-0.5,-0.5,0.254705011844635,-0.760512113571167,-0.5629985928535461,0.3697431907116332,2.4535253047943115,-0.9983376860618591,-1.208495020866394,-0.29991084337234497,-0.4576711654663086,0.359910786151886,0.8456534137260567,0.7548065377144523,0.08482920441253505,1.892873455334843,0.4649811448575616,0.4649811448575616,4.5081249009030095,0.450812490090301,79.61342529725178
PPO,5,11.5,0.0,-0.5,-0.5,0.25032663345336914,-0.7329813838005066,-0.5648175477981567,0.34805899372988874,2.460723400115967,-0.7347391247749329,-0.9971012473106384,-0.03692612051963806,-0.4433428645133972,0.3705127239227295,0.7086382257363493,0.9018836225333009,0.14720589706089932,1.745167913555756,0.34847925823467535,0.34847925823467535,4.199854175355656,0.4199854175355656,80.03341071478735
PPO,5,11.600000000000001,0.0,-0.5,-0.5,0.24186153709888458,-0.7047841548919678,-0.5669969916343689,0.3239168876590232,2.3960585594177246,-0.42889466881752014,-0.8173961639404297,0.3590545952320099,-0.40552252531051636,0.310716450214386,0.6078358307748014,0.9484618298220205,0.26862157969483186,1.4254365931422563,0.2586526529186203,0.2586526529186203,3.7676611392711505,0.376766113927115,80.41017682871447
PPO,5,11.700000000000001,0.0,-0.5,-0.5,0.2289748340845108,-0.6765121817588806,-0.5696420073509216,0.2973819667383602,2.2085254192352295,-0.23206043243408203,-0.7823203206062317,0.8550424575805664,-0.3213934302330017,0.0020262151956558228,0.7909966795437751,0.5805066131638288,0.5760324720290877,0.7959684629792876,0.24218372848957362,0.24218372848957362,3.2278716846951268,0.3227871684695126,80.73296399718397
PPO,5,11.8,0.0,-0.5,-0.5,0.21149170398712158,-0.6488582491874695,-0.5727154016494751,0.26865414354440825,1.7149419784545898,-0.5262215733528137,-0.9243000149726868,1.6144808530807495,-0.10689161717891693,-0.3793768286705017,1.188825704689886,0.023604289239408778,0.6529314195312018,0.30376663560889583,0.3110194037508414,0.3110194037508414,2.7911668565710754,0.27911668565710757,81.0120806828411
PPO,5,11.9,0.0,-0.5,-0.5,0.1898108869791031,-0.622372567653656,-0.5757898092269897,0.23821694589723452,0.7604807019233704,-1.3488035202026367,-1.0487524271011353,2.0933339595794678,0.20599855482578278,-0.7787173390388489,1.7077270391155834,0.8461182709939369,0.33397661915452614,0.012120032646289126,0.3759044895990639,0.3759044895990639,3.651750941108463,0.3651750941108463,81.37725577695194
PPO,5,12.0,0.0,-0.5,-0.5,0.16498622298240662,-0.5972938537597656,-0.578254222869873,0.20690643090632735,-0.16581889986991882,-2.4869468212127686,-1.0683517456054688,2.1186165809631348,0.23487482964992523,-1.2476952075958252,2.6551103615750447,2.9006532477861695,0.07052949508862597,0.15388943615147233,0.38649104901647896,0.38649104901647896,6.5531646386342715,0.655316463863427,82.03257224081537
PPO,5,12.100000000000001,0.0,-0.5,-0.5,0.1385730654001236,-0.5730933547019958,-0.579706609249115,0.17577905595937707,-0.4991491138935089,-3.3310205936431885,-0.5193948745727539,1.8146182298660278,-0.0876319408416748,-0.9963797330856323,2.5669821658780503,3.3197015856429566,0.3168896524012319,0.038604072289238955,0.13101304295864202,0.13101304295864202,6.504203562128762,0.6504203562128762,82.68299259702823
PPO,5,12.200000000000001,0.0,-0.5,-0.5,0.11213244497776031,-0.5484828352928162,-0.5797768235206604,0.14590617569440772,-0.8111636638641357,-3.7396395206451416,-0.24487589299678802,1.83927583694458,-0.4207080602645874,-0.9009944200515747,2.4642796297817284,3.704495276005568,0.7184269855345612,0.11204914722908256,0.04241183796322505,0.04241183796322505,7.084074714477392,0.7084074714477392,83.39140006847597
PPO,5,12.3,0.0,-0.5,-0.5,0.0864248275756836,-0.5229512453079224,-0.5785098671913147,0.11899499875653993,-1.2117419242858887,-4.1545233726501465,-0.4294288158416748,1.8344634771347046,-0.25375229120254517,-0.9436420798301697,2.55130097782499,4.481510973813911,1.0772295158876204,0.08928525000933808,0.09849287609311802,0.09849287609311802,8.396312469722096,0.8396312469722097,84.23103131544819
PPO,5,12.4,0.0,-0.5,-0.5,0.06181327626109123,-0.49650633335113525,-0.5757964849472046,0.09786824796191657,-1.4498469829559326,-4.487771511077881,-0.4321661591529846,1.8519644737243652,-0.2946650981903076,-0.9681979417800903,2.6650797250860645,5.042470559029715,1.3638017163081328,0.09725538024090744,0.09943612208983445,0.09943612208983445,9.367479624844488,0.9367479624844488,85.16777927793265
PPO,5,12.5,0.0,-0.5,-0.5,0.03862908110022545,-0.46908140182495117,-0.571784496307373,0.08718474367606516,-1.64457106590271,-4.720032215118408,-0.4697684049606323,1.8394157886505127,-0.3050614595413208,-0.9770153760910034,2.708813528180649,5.453600412490728,1.6069824566362532,0.10099855563742544,0.11269217232713893,0.11269217232713893,10.09577929759933,1.0095779297599334,86.17735720769257
PPO,5,12.600000000000001,0.0,-0.5,-0.5,0.017137182876467705,-0.4406549036502838,-0.5665859580039978,0.09082517988426313,-1.7754435539245605,-4.890155792236328,-0.5255918502807617,1.8243218660354614,-0.31328248977661133,-0.9893480539321899,2.760582139119347,5.764336020465085,1.7764022967686652,0.10302310655889274,0.13336472633705657,0.13336472633705657,10.671073015586105,1.0671073015586106,87.2444645092512
PPO,5,12.700000000000001,0.0,-0.5,-0.5,-0.0024488004855811596,-0.4112216830253601,-0.5603193640708923,0.10735926541563459,-1.8649792671203613,-5.005410671234131,-0.5903092622756958,1.8038173913955688,-0.31901997327804565,-1.0023497343063354,2.803870385648388,5.990104130441891,1.8873090270537458,0.10130192344542942,0.1587403891871187,0.1587403891871187,11.10006624496369,1.1100066244963693,88.35447113374757
PPO,5,12.8,0.0,-0.5,-0.5,-0.019931377843022346,-0.3807855248451233,-0.5530799627304077,0.13201073196007782,-1.9221069812774658,-5.079762935638428,-0.6566963195800781,1.7805851697921753,-0.3266555666923523,-1.0204312801361084,2.8505823968308097,6.160200930789007,1.9435640163441859,0.09444132394903394,0.18625799251259392,0.18625799251259392,11.421304652938225,1.1421304652938224,89.49660159904138
PPO,5,12.9,0.0,-0.5,-0.5,-0.035111259669065475,-0.3493603765964508,-0.5449535846710205,0.1610773772740489,-1.956960916519165,-5.118056297302246,-0.7179436087608337,1.753696322441101,-0.3416687846183777,-1.042057991027832,2.8938970864070863,6.2837831761880665,1.955896772129018,0.08248257714206239,0.21291366948342627,0.21291366948342627,11.641886950833085,1.1641886950833085,90.6607902941247
PPO,5,13.0,0.0,-0.5,-0.5,-0.04776553809642792,-0.31696900725364685,-0.5360380411148071,0.19256331774964155,-1.9738261699676514,-5.1214494705200195,-0.7717179656028748,1.7217013835906982,-0.3671495318412781,-1.0673083066940308,2.931549869679544,6.36539965593967,1.9274646251425707,0.06547312794643821,0.23727717359423783,0.23727717359423783,11.7644416258967,1.1764441625896698,91.83723445671436
PPO,5,13.100000000000001,0.0,-0.5,-0.5,-0.057661306113004684,-0.2836599349975586,-0.5264415740966797,0.22544845705532873,-1.9726378917694092,-5.086757183074951,-0.8172597885131836,1.6831896305084229,-0.40659981966018677,-1.095991611480713,2.9607407608685965,6.400849753590408,1.8570728427941292,0.04437408448985245,0.2585879247067429,0.2585879247067429,11.780213291156475,1.1780213291156474,93.01525578582999
PPO,5,13.200000000000001,0.0,-0.5,-0.5,-0.06454720348119736,-0.24950817227363586,-0.5162972807884216,0.25918738124382956,-1.948871374130249,-5.007711887359619,-0.8557340502738953,1.636863112449646,-0.46170109510421753,-1.128508448600769,2.980826764966325,6.380313132003568,1.738828559431654,0.021449283770388513,0.27706155297659757,0.27706155297659757,11.675540846125132,1.1675540846125134,94.18280987044253
PPO,5,13.3,0.0,-0.5,-0.5,-0.06817591190338135,-0.21462038159370422,-0.5057348608970642,0.29346613125723603,-1.896133542060852,-4.875851154327393,-0.8886321187019348,1.583681344985962,-0.534597635269165,-1.165629267692566,2.9916461173994766,6.291404363757311,1.5657478043811255,0.0021420051359344007,0.29319128291271146,0.29319128291271146,11.437322856499271,1.1437322856499268,95.32654215609244
PPO,5,13.4,0.0,-0.5,-0.5,-0.06828000396490097,-0.17913265526294708,-0.4949024021625519,0.3280914466482874,-1.8122471570968628,-4.689711093902588,-0.9183390140533447,1.525674819946289,-0.62703537940979,-1.2066527605056763,2.992367284667419,6.12987551896908,1.3430892818384863,0.013087604928451258,0.30801551781262027,0.30801551781262027,11.094450726028677,1.109445072602868,96.43598722869532
PPO,5,13.5,0.0,-0.5,-0.5,-0.06457538157701492,-0.14323216676712036,-0.4839620292186737,0.3629193894548534,-1.7060489654541016,-4.461578845977783,-0.9486789107322693,1.4663500785827637,-0.7434542179107666,-1.249346137046814,2.981344989598625,5.912411283718724,1.094716058107987,0.050195901186051245,0.32340513680408756,0.32340513680408756,10.68547850621956,1.0685478506219561,97.50453507931728
PPO,5,13.600000000000001,0.0,-0.5,-0.5,-0.05675893276929855,-0.10717123001813889,-0.47310036420822144,0.3978185633932912,-1.594802975654602,-4.212035655975342,-0.9854617118835449,1.4102764129638672,-0.8893523216247559,-1.2901397943496704,2.954341217406676,5.668216486253559,0.8530250534502003,0.10366971598888439,0.34239520756542013,0.34239520756542013,10.26404288823016,1.026404288823016,98.5309393681403
PPO,5,13.700000000000001,0.0,-0.5,-0.5,-0.04453151300549507,-0.07130845636129379,-0.46251970529556274,0.4326248579647577,-1.4907788038253784,-3.952270030975342,-1.0350706577301025,1.3630402088165283,-1.0678433179855347,-1.3268402814865112,2.9065395178918823,5.415173667907135,0.6356239743557738,0.170766401990649,0.36857259499541617,0.36857259499541617,9.865248752136274,0.9865248752136273,99.51746424335393
PPO,5,13.8,0.0,-0.5,-0.5,-0.02761601097881794,-0.036115970462560654,-0.45241931080818176,0.4671348401759844,-1.3918012380599976,-3.679278612136841,-1.1004397869110107,1.3299040794372559,-1.2735438346862793,-1.3580049276351929,2.8349589489730596,5.145895525881157,0.4429762605482687,0.24961540510037603,0.40403358825979757,0.40403358825979757,9.481513317022458,0.9481513317022457,100.46561557505616
PPO,5,13.9,0.0,-0.5,-0.5,-0.005780039355158806,-0.0022046759258955717,-0.4430009126663208,0.5010813202284258,-1.28001868724823,-3.3896372318267822,-1.1781185865402222,1.3088188171386719,-1.4910366535186768,-1.3812791109085083,2.746477341628734,4.837243410758195,0.2717725619815941,0.331998766321026,0.4475602995631251,0.4475602995631251,9.082612679815801,0.90826126798158,101.37387684303775
PPO,5,14.0,0.0,-0.5,-0.5,0.02112678997218609,0.029678495600819588,-0.4344452917575836,0.5341376879880548,-1.132867455482483,-3.0868992805480957,-1.258821964263916,1.2894442081451416,-1.7088406085968018,-1.3974920511245728,2.662226415022298,4.477397038163394,0.12294567580432887,0.4061440104761867,0.49432720509984773,0.49432720509984773,8.657367549665903,0.8657367549665905,102.23961359800433
PPO,5,14.100000000000001,0.0,-0.5,-0.5,0.053160153329372406,0.05869319662451744,-0.4268909692764282,0.5659584969146273,-0.9387302398681641,-2.7756035327911377,-1.3351099491119385,1.2579578161239624,-1.9275645017623901,-1.409974217414856,2.599863170320228,4.0722043432862485,0.014231879172951779,0.4654552777713048,0.5399376260126458,0.5399376260126458,8.231629922576026,0.8231629922576025,103.06277659026193
PPO,5,14.200000000000001,0.0,-0.5,-0.5,0.08991792052984238,0.08368861675262451,-0.4205832779407501,0.5958897964402808,-0.6925525069236755,-2.466686964035034,-1.4020929336547852,1.1799750328063965,-2.154167413711548,-1.4204612970352173,2.5735736372512927,3.6356499042792607,0.0554863665031209,0.5023080473768688,0.581076410582658,0.581076410582658,7.92917077657586,0.7929170776575861,103.85569366791952
PPO,5,14.3,0.0,-0.5,-0.5,0.13063238561153412,0.10353200137615204,-0.4157160222530365,0.6232330910345781,-0.38477835059165955,-2.155200242996216,-1.4473588466644287,1.0203509330749512,-2.415391206741333,-1.434426188468933,2.596287950964495,3.172924148141048,0.2299022084029701,0.5186612309562937,0.6094419913068285,0.6094419913068285,7.736659521078465,0.7736659521078463,104.62935962002739
PPO,5,14.4,0.0,-0.5,-0.5,0.17435869574546814,0.11730775982141495,-0.4123801589012146,0.647415679198435,0.005964972078800201,-1.8510311841964722,-1.4857310056686401,0.7469937801361084,-2.739387273788452,-1.4606308937072754,2.70747558656723,2.698721438088024,0.5149747659231012,0.5099457926208617,0.6338380757234088,0.6338380757234088,7.698793734646035,0.7698793734646034,105.39923899349198
PPO,5,14.5,0.0,-0.5,-0.5,0.22004291415214539,0.12433592975139618,-0.4106152653694153,0.6679849309917768,0.48059073090553284,-1.6749736070632935,-1.5534508228302002,0.3736385107040405,-3.141244649887085,-1.5235412120819092,3.0497114459805474,2.3457602398035333,0.8918929442159945,0.45205348127844364,0.6776638339985512,0.6776638339985512,8.094745779275621,0.8094745779275622,106.20871357141955
PPO,5,14.600000000000001,0.0,-0.5,-0.5,0.2665364742279053,0.12416926771402359,-0.41049715876579285,0.6845726589935498,0.9315691590309143,-1.7622225284576416,-1.6263428926467896,0.03135058283805847,-3.578681230545044,-1.6548398733139038,3.736700616096004,2.3224088829063594,1.2660303032927047,0.3706580647296093,0.7259157486893193,0.7259157486893193,9.147629364403315,0.9147629364403318,107.12347650785986
PPO,5,14.700000000000001,0.0,-0.5,-0.5,0.31254252791404724,0.11656920611858368,-0.4121825098991394,0.6968158503193066,1.3814101219177246,-1.8671659231185913,-1.638322114944458,-0.1133299469947815,-3.8543267250061035,-1.7380646467208862,4.378437028159505,2.228510734239226,1.5946770937680277,0.24796760989865324,0.7339508618646913,0.7339508618646913,9.917494189794795,0.9917494189794795,108.11522592683937
PPO,5,14.8,0.0,-0.5,-0.5,0.3566948175430298,0.10146548599004745,-0.4158264398574829,0.7043274181276526,1.7943336963653564,-1.815051794052124,-1.5997192859649658,-0.10273122787475586,-3.8988444805145264,-1.6832170486450195,4.571861908816273,1.826751844910469,1.8001343156750218,0.10285930006478508,0.7081637879528627,0.7081637879528627,9.717934945372276,0.9717934945372274,109.0870194213766
PPO,5,14.9,0.0,-0.5,-0.5,0.3976854681968689,0.0791236162185669,-0.4212503433227539,0.7069224871963099,1.947938084602356,-1.7920355796813965,-1.5722583532333374,-0.02808701992034912,-3.663510799407959,-1.6068252325057983,4.518118408300661,1.5944870820222048,1.7901726178367299,0.03459943836729357,0.690007657599219,0.690007657599219,9.317392861725327,0.9317392861725327,110.01875870754913
PPO,5,15.0,0.0,-0.5,-0.5,0.43430858850479126,0.05014478787779808,-0.42752814292907715,0.7046526858995429,1.9091987609863281,-1.864920735359192,-1.542195200920105,0.08250156044960022,-3.2695302963256836,-1.5425657033920288,4.407530161452967,1.5637947210788552,1.6182520032395453,0.007238011136835882,0.6703121097338564,0.6703121097338564,8.937439116375916,0.8937439116375916,110.91250261918671
PPO,5,15.100000000000001,0.0,-0.5,-0.5,0.46565335988998413,0.015549549832940102,-0.43345004320144653,0.6978920308039543,1.7102470397949219,-2.0323598384857178,-1.5302903652191162,0.2252119779586792,-2.6593263149261475,-1.4705733060836792,4.225170693197598,1.6784365071057494,1.2917472033014978,0.001858986920033078,0.6625654877202566,0.6625654877202566,8.522344365965392,0.8522344365965393,111.76473705578326
PPO,5,15.200000000000001,0.0,-0.5,-0.5,0.49113306403160095,-0.023359181359410286,-0.4378040134906769,0.6872164850447842,1.5974372625350952,-2.254971742630005,-1.5620677471160889,0.4202510416507721,-2.2190985679626465,-1.3981221914291382,4.16361000863965,1.775221915060301,1.0064415863218354,0.04037355469596501,0.6833101036643061,0.6833101036643061,8.352267272046364,0.8352267272046365,112.59996378298787
PPO,5,15.3,0.0,-0.5,-0.5,0.5106048583984375,-0.06510205566883087,-0.4399262070655823,0.6733961716561006,1.3867270946502686,-2.5183393955230713,-1.6333647966384888,0.5964550375938416,-1.7016663551330566,-1.4081193208694458,4.229721333290683,2.1029826808172474,0.7790124757384292,0.04544514094098717,0.7306221443750208,0.7306221443750208,8.618405919537388,0.8618405919537389,113.4618043749416
PPO,5,15.4,0.0,-0.5,-0.5,0.5241113305091858,-0.10823775082826614,-0.4391326606273651,0.6571721080862366,1.2309229373931885,-2.8846027851104736,-1.6620070934295654,0.7277957201004028,-1.412221074104309,-1.5187870264053345,4.6529533916925025,2.665726169390457,0.6639485425203587,0.033290230531972914,0.7499241747844106,0.7499241747844106,9.515766683704113,0.9515766683704112,114.413381043312
PPO,5,15.5,0.0,-0.5,-0.5,0.5317970514297485,-0.15141503512859344,-0.4353773295879364,0.639136660797173,1.0091395378112793,-3.296940803527832,-1.6556825637817383,0.7185877561569214,-1.026477336883545,-1.7215079069137573,5.282429751837436,3.5436315996298706,0.6077285676748188,0.0008106750209156986,0.7456476563146163,0.7456476563146163,10.925895906792274,1.0925895906792273,115.50597063399125
PPO,5,15.600000000000001,0.0,-0.5,-0.5,0.5337640643119812,-0.19333544373512268,-0.4285929799079895,0.6197146028119715,0.8607661128044128,-3.757227659225464,-1.5594836473464966,0.6172280311584473,-0.7221199870109558,-1.9202758073806763,6.044575314929897,4.470343791495457,0.5599149207785088,0.020442059737025862,0.6816152242089829,0.6816152242089829,12.458506535358854,1.2458506535358855,116.75182128752712
PPO,5,15.700000000000001,0.0,-0.5,-0.5,0.530113697052002,-0.232834592461586,-0.41932886838912964,0.5990874045268244,0.7252465486526489,-4.172800540924072,-1.44948148727417,0.5364530086517334,-0.5703881978988647,-1.9807204008102417,6.463925402218551,5.0941933292843515,0.39593489948003574,0.005147975606360188,0.6107831588784542,0.6107831588784542,13.180767924346208,1.3180767924346206,118.06989807996176
PPO,5,15.8,0.0,-0.5,-0.5,0.5211194753646851,-0.26891711354255676,-0.408534437417984,0.5773480381505708,0.6609418988227844,-4.524129390716553,-1.4077340364456177,0.5716906785964966,-0.45419275760650635,-1.9798282384872437,6.745374208992976,5.4734399662717585,0.24585221189741152,0.01922761722481233,0.5845867413001976,0.5845867413001976,13.653067486987354,1.3653067486987354,119.43520482866046
PPO,5,15.9,0.0,-0.5,-0.5,0.5074095129966736,-0.300854355096817,-0.3972526788711548,0.5546894750782461,0.5957658886909485,-4.858759880065918,-1.3813048601150513,0.6241171360015869,-0.3318055272102356,-1.913499116897583,6.847738678958435,5.6911066500960805,0.08508128987303623,0.10672569795483317,0.5682014715840512,0.5682014715840512,13.867055260050488,1.3867055260050487,120.82191035466553
PPO,5,16.0,0.0,-0.5,-0.5,0.4897958040237427,-0.3281445801258087,-0.38644322752952576,0.5313467375954333,0.5840709805488586,-5.176563262939453,-1.3578304052352905,0.6868871450424194,-0.17673300206661224,-1.7956687211990356,6.857423828703183,5.722236587746411,0.004281934566164122,0.2884842219135012,0.5537788160159476,0.5537788160159476,13.979984204961156,1.3979984204961158,122.21990877516163
PPO,5,16.1,0.0,-0.5,-0.5,0.469237744808197,-0.3505520820617676,-0.3769519627094269,0.5076017738442387,0.6681398153305054,-5.484462738037109,-1.3107415437698364,0.7152918577194214,-0.006209239363670349,-1.597091555595398,6.750024502252719,5.464415103909662,0.14848879284229982,0.6491122307119569,0.5252228853341065,0.5252228853341065,14.06248640038485,1.4062486400384853,123.62615741520013
PPO,5,16.2,0.0,-0.5,-0.5,0.44672971963882446,-0.36810892820358276,-0.3694970905780792,0.48372895984815345,0.8566359877586365,-5.686338901519775,-1.2824100255966187,0.7316787242889404,0.07251723110675812,-1.3896688222885132,6.619589214955123,4.999523902084554,0.32053344903523395,1.1068636242758978,0.5082862965249589,0.5082862965249589,14.063082783400727,1.4063082783400727,125.03246569354022
PPO,5,16.3,0.0,-0.5,-0.5,0.42287519574165344,-0.3814467191696167,-0.3644108176231384,0.4596332646217148,1.0057237148284912,-5.770770072937012,-1.3025263547897339,0.732060432434082,0.037279799580574036,-1.2006410360336304,6.381657706611547,4.520927747856272,0.47954190690513593,1.5149078336687765,0.5202928089072612,0.5202928089072612,13.93762081285625,1.3937620812856255,126.42622777482582
PPO,5,16.400000000000002,0.0,-0.5,-0.5,0.39818674325942993,-0.3911606967449188,-0.36192965507507324,0.4352724395000112,1.067050576210022,-5.8191304206848145,-1.3791470527648926,0.703640341758728,-0.047199711203575134,-1.0568485260009766,6.136969255711679,4.1985061461955535,0.6303121023433242,1.808889849281655,0.5668705665869813,0.5668705665869813,13.908418486706175,1.3908418486706173,127.81706962349644
PPO,5,16.5,0.0,-0.5,-0.5,0.3731132447719574,-0.39773455262184143,-0.36217406392097473,0.41069173817812926,1.0048376321792603,-5.886014461517334,-1.5170040130615234,0.6514965295791626,-0.1259521096944809,-0.9301133751869202,5.836489837311913,4.03830582559248,0.8430852615990042,2.020448653350909,0.6539554128858849,0.6539554128858849,14.046240403626078,1.4046240403626076,129.22169366385904
PPO,5,16.6,0.0,-0.5,-0.5,0.34807080030441284,-0.4014962613582611,-0.36514610052108765,0.386059377240889,0.8284733295440674,-5.962453365325928,-1.7143230438232422,0.5990391969680786,-0.1867302507162094,-0.8160952925682068,5.473541295534315,4.009789209481122,1.1254186041952265,2.1461913475105963,0.7856100648039679,0.7856100648039679,14.326160586329198,1.4326160586329197,130.65430972249197
PPO,5,16.7,0.0,-0.5,-0.5,0.32345667481422424,-0.40268847346305847,-0.3706994950771332,0.3616799334385763,0.5280745625495911,-6.018526077270508,-1.9517834186553955,0.5637154579162598,-0.21211360394954681,-0.7086740732192993,5.002860051056775,4.082168731465395,1.4857269956579469,2.1638248586589692,0.9543671464104655,0.9543671464104655,14.643314929660017,1.464331492966002,132.11864121545798
PPO,5,16.8,0.0,-0.5,-0.5,0.2996445596218109,-0.4014885425567627,-0.3785603940486908,0.3379925254382839,0.1127193495631218,-6.028539180755615,-2.205829381942749,0.5606462955474854,-0.1846521943807602,-0.6419034004211426,4.495328926166649,4.300768564503911,1.8562862243819926,2.0041304206058617,1.1466369173052715,1.1466369173052715,14.949787970268956,1.4949787970268962,133.6136200124849
PPO,5,16.900000000000002,0.0,-0.5,-0.5,0.27698835730552673,-0.39805445075035095,-0.3883439600467682,0.31556697601723865,-0.3215327560901642,-6.0161824226379395,-2.4222896099090576,0.5692298412322998,-0.11299507319927216,-0.5919219255447388,4.007037429950939,4.556948751877762,2.2218797063986404,1.7948488246643524,1.3194931617813082,1.3194931617813082,15.21970103645431,1.5219701036454312,135.1355901161303
PPO,5,17.0,0.0,-0.5,-0.5,0.25579097867012024,-0.3925505578517914,-0.3996511995792389,0.295032691634105,-0.6313314437866211,-6.005314350128174,-2.5707218647003174,0.5592523813247681,-0.050846680998802185,-0.5213757753372192,3.597560346357075,4.663430700706218,2.5572666840740808,1.7039657890394992,1.4426157899557857,1.4426157899557857,15.407455100088445,1.5407455100088445,136.67633562613915
PPO,5,17.1,0.0,-0.5,-0.5,0.23623166978359222,-0.385195791721344,-0.4121328294277191,0.27695856677779707,-0.8154392838478088,-5.974735260009766,-2.6715481281280518,0.5514767169952393,-0.048617929220199585,-0.4479520916938782,3.2800454191736867,4.636012331466318,2.804750719078633,1.685142027248002,1.5283138471063797,1.5283138471063797,15.462578191179402,1.54625781911794,138.2225934452571
PPO,5,17.2,0.0,-0.5,-0.5,0.21837687492370605,-0.3762564957141876,-0.42548829317092896,0.2618261041396718,-0.9758614301681519,-5.914207935333252,-2.74118971824646,0.566630482673645,-0.06860269606113434,-0.40036100149154663,3.0170530252128116,4.6186044281809755,2.969474722013828,1.6220894805371395,1.588461472391727,1.588461472391727,15.404144600728207,1.5404144600728207,139.7630079053299
PPO,5,17.3,0.0,-0.5,-0.5,0.202226459980011,-0.3660092353820801,-0.4394267201423645,0.2500363740571624,-1.1554689407348633,-5.846767425537109,-2.759841203689575,0.6109855771064758,-0.07489335536956787,-0.3778589963912964,2.788894852967539,4.6674286704429,3.0981754144290896,1.5056588330333005,1.6047012308796975,1.6047012308796975,15.269560232632227,1.5269560232632224,141.28996392859312
PPO,5,17.400000000000002,0.0,-0.5,-0.5,0.18775643408298492,-0.35472679138183594,-0.4536755383014679,0.24187339546430825,-1.3391830921173096,-5.788219928741455,-2.7102749347686768,0.6841051578521729,-0.06480611860752106,-0.37448400259017944,2.6050487388827444,4.770518436250702,3.2013799215178693,1.3667460036758887,1.561665684400274,1.561665684400274,15.067024469127755,1.5067024469127754,142.7966663755059
PPO,5,17.5,0.0,-0.5,-0.5,0.17489930987358093,-0.34268465638160706,-0.46800559759140015,0.23740582915655495,-1.509955883026123,-5.741156101226807,-2.589564085006714,0.7827802896499634,-0.03751970827579498,-0.38903164863586426,2.4747945577452684,4.913377119229077,3.269247722696035,1.2207376970718127,1.4585053921927251,1.4585053921927251,14.795167881127643,1.4795167881127644,144.27618316361867
PPO,5,17.6,0.0,-0.5,-0.5,0.1635431945323944,-0.3301547169685364,-0.4822486639022827,0.23645064300854143,-1.6524136066436768,-5.7071614265441895,-2.4061360359191895,0.8956092596054077,0.013281643390655518,-0.4190462827682495,2.4032188403887136,5.079047078735633,3.2950458979149384,1.0816715390148013,1.3063161934466199,1.3063161934466199,14.471615742947325,1.4471615742947326,145.7233447379134
PPO,5,17.7,0.0,-0.5,-0.5,0.15353602170944214,-0.3174024820327759,-0.4962993264198303,0.23859769176398163,-1.7418169975280762,-5.6918535232543945,-2.1876091957092285,0.9918723106384277,0.09264367818832397,-0.4594343304634094,2.4010275087059223,5.238969483375271,3.2735055309392975,0.9720487565383185,1.132459435923795,1.132459435923795,14.150470151406402,1.4150470151406398,147.13839175305404
PPO,5,17.8,0.0,-0.5,-0.5,0.14466789364814758,-0.30468979477882385,-0.5101099014282227,0.24326340831086385,-1.7562596797943115,-5.702752590179443,-1.9865509271621704,1.019616723060608,0.18947850167751312,-0.5035117268562317,2.477141200824308,5.364096640718527,3.2068247322691206,0.91295281029529,0.9799808722303147,0.9799808722303147,13.920977128567873,1.3920977128567875,148.53048946591082
PPO,5,17.900000000000002,0.0,-0.5,-0.5,0.1366662234067917,-0.29225343465805054,-0.523694634437561,0.2497953717200974,-1.7257521152496338,-5.726953029632568,-1.8442554473876953,0.9806461334228516,0.2241944819688797,-0.5263727307319641,2.5575551334076256,5.4113828143501195,3.157377546587267,0.9115203084083832,0.8765963474232937,0.8765963474232937,13.79102849759998,1.3791028497599982,149.90959231567084
PPO,5,18.0,0.0,-0.5,-0.5,0.1292455643415451,-0.28027504682540894,-0.5370920896530151,0.257602977592201,-1.716832160949707,-5.714160442352295,-1.7537596225738525,0.9633256196975708,0.14238476753234863,-0.5210296511650085,2.5450923237776415,5.378903998875159,3.1509880534347148,0.9164121021644531,0.8128738353196199,0.8128738353196199,13.617144148891207,1.361714414889121,151.27130673055993
PPO,5,18.1,0.0,-0.5,-0.5,0.122172050178051,-0.2688431143760681,-0.5502995848655701,0.26625094150765444,-1.7239831686019897,-5.648098468780518,-1.6996216773986816,0.9731007814407349,0.04813434183597565,-0.5110373497009277,2.4746860145041465,5.30151645466075,3.124942033369562,0.8919241503402434,0.7755261326581997,0.7755261326581997,13.344120918191102,1.3344120918191102,152.60571882237906
PPO,5,18.2,0.0,-0.5,-0.5,0.11523633450269699,-0.2579273283481598,-0.5632367730140686,0.27545867314628153,-1.7318769693374634,-5.549718379974365,-1.6611313819885254,0.9940565824508667,-0.009753942489624023,-0.5069621801376343,2.3921253913838134,5.209256071455577,3.0633545928199273,0.8436804497795866,0.7493315503587615,0.7493315503587615,13.007079606156427,1.3007079606156426,153.90642678299469
PPO,5,18.3,0.0,-0.5,-0.5,0.10824518650770187,-0.24739407002925873,-0.5757758021354675,0.28507674133072264,-1.7405016422271729,-5.434738636016846,-1.628389596939087,1.0250107049942017,-0.052805230021476746,-0.5082050561904907,2.307752410806971,5.115276952038092,2.979978866512025,0.7813923165332594,0.7272864948822633,0.7272864948822633,12.638973535654872,1.2638973535654876,155.17032413656017
PPO,5,18.400000000000002,0.0,-0.5,-0.5,0.10105012357234955,-0.23704873025417328,-0.5877837538719177,0.2950601382409611,-1.752345323562622,-5.314605236053467,-1.6021078824996948,1.0608437061309814,-0.0978454202413559,-0.5189487338066101,2.2350820734748553,5.041698592212913,2.877993148823415,0.7055284318561774,0.7097504558548474,0.7097504558548474,12.279803158077055,1.2279803158077056,156.39830445236788
PPO,5,18.5,0.0,-0.5,-0.5,0.09354019165039062,-0.22665148973464966,-0.599139392375946,0.3054468769507227,-1.7678430080413818,-5.199821949005127,-1.5832852125167847,1.0940654277801514,-0.15142934024333954,-0.541374146938324,2.184402182233365,5.00302582395899,2.762118772956333,0.6198133811061916,0.6972793082707596,0.6972793082707596,11.963918776796397,1.1963918776796398,157.59469633004753
PPO,5,18.6,0.0,-0.5,-0.5,0.08566994220018387,-0.215950608253479,-0.6097391843795776,0.3163322375864438,-1.7844160795211792,-5.096031665802002,-1.5717382431030273,1.1175305843353271,-0.21639543771743774,-0.5738469958305359,2.1580245316555007,4.998049358957184,2.638222880659581,0.5313152205988931,0.689665299464606,0.689665299464606,11.704942590800371,1.1704942590800371,158.76519058912757
PPO,5,18.7,0.0,-0.5,-0.5,0.07747451215982437,-0.20470067858695984,-0.6195041537284851,0.3278494044828604,-1.799163818359375,-5.0014119148254395,-1.566758155822754,1.1279823780059814,-0.29724574089050293,-0.6139773726463318,2.1523017537330746,5.01705146410985,2.507701999596649,0.4441556295536207,0.6863900677433864,0.6863900677433864,11.493990982479968,1.1493990982479965,159.91458968737555
PPO,5,18.8,0.0,-0.5,-0.5,0.0690593421459198,-0.19266343116760254,-0.6283776760101318,0.34015553350939415,-1.8113272190093994,-4.908118724822998,-1.5682921409606934,1.1265511512756348,-0.4009022116661072,-0.6620150804519653,2.162779407511415,5.052912883312717,2.3645489058332743,0.3563788543854507,0.6873983629662668,0.6873983629662668,11.31141677697539,1.1311416776975391,161.0457313650731
PPO,5,18.900000000000002,0.0,-0.5,-0.5,0.06058025360107422,-0.17959848046302795,-0.6363117098808289,0.35342323508593265,-1.8218193054199219,-4.806471347808838,-1.5768860578536987,1.1166094541549683,-0.5352950692176819,-0.721420407295227,2.188244297676713,5.105696402150014,2.1977232906719357,0.26329314249037356,0.6930562978944786,0.6930562978944786,11.141069728777996,1.1141069728777995,162.15983833795093
PPO,5,19.0,0.0,-0.5,-0.5,0.0522688589990139,-0.16527114808559418,-0.6432827711105347,0.36783881038045574,-1.8312273025512695,-4.690657138824463,-1.5919264554977417,1.1004904508590698,-0.706257700920105,-0.7966941595077515,2.232259232300217,5.181132893068408,1.9982988594101825,0.1645782943849024,0.7029954992413577,0.7029954992413577,10.982260277646425,1.0982260277646425,163.25806436571554
PPO,5,19.1,0.0,-0.5,-0.5,0.04470990225672722,-0.14992548525333405,-0.6495107412338257,0.3832813626817872,-1.8417041301727295,-4.5784406661987305,-1.6109199523925781,1.0677061080932617,-0.9034601449966431,-0.8869112133979797,2.3044253590748647,5.2956920738691124,1.7842220353492366,0.07479877776070362,0.7156142585196238,0.7156142585196238,10.890366763093164,1.0890366763093167,164.3471010420249
PPO,5,19.200000000000003,0.0,-0.5,-0.5,0.03839751332998276,-0.13391509652137756,-0.6552211046218872,0.3994823111289377,-1.8434945344924927,-4.472076892852783,-1.6235089302062988,1.0204557180404663,-1.1279572248458862,-0.9869470000267029,2.4049940340015574,5.431319093399817,1.5615302069708017,0.011573658762907231,0.7240191730768859,0.7240191730768859,10.857455339288856,1.0857455339288855,165.43284657595376
PPO,5,19.3,0.0,-0.5,-0.5,0.03368079662322998,-0.11762871593236923,-0.6606079936027527,0.4160974916408485,-1.831859827041626,-4.370733261108398,-1.6251541376113892,0.9611133337020874,-1.3744335174560547,-1.0897510051727295,2.5251895276867335,5.566739322945292,1.3400259728256152,0.018983600361857225,0.7251199955629566,0.7251199955629566,10.90117841494541,1.0901178414945414,166.52296441744826
PPO,5,19.400000000000002,0.0,-0.5,-0.5,0.03077647089958191,-0.1014716774225235,-0.6658402681350708,0.4327528273651856,-1.802565574645996,-4.278117656707764,-1.6134006977081299,0.8873659372329712,-1.6344561576843262,-1.1844693422317505,2.6517304570108657,5.675738522502126,1.136381822736695,0.07451744492193774,0.7172679161043254,0.7172679161043254,10.972904079380275,1.0972904079380275,167.62025482538633
PPO,5,19.5,0.0,-0.5,-0.5,0.029776033014059067,-0.08584430068731308,-0.6710572838783264,0.4490792243948337,-1.7498654127120972,-4.199012279510498,-1.5887795686721802,0.7958285808563232,-1.906591773033142,-1.2627547979354858,2.7770405935625884,5.737055744444392,0.9605442164528625,0.12916055263074125,0.7009120295943558,0.7009120295943558,11.005625166279298,1.1005625166279296,168.72081734201427
PPO,5,19.6,0.0,-0.5,-0.5,0.030654635280370712,-0.07113604247570038,-0.6763714551925659,0.46472668412123713,-1.6697421073913574,-4.13558292388916,-1.5575906038284302,0.6865988969802856,-2.186232089996338,-1.3251758813858032,2.9066616193916053,5.749773687877831,0.8086292477910738,0.16827761175397996,0.6803744908171655,0.6803744908171655,10.994091148448822,1.0994091148448821,169.82022645685916
PPO,5,19.700000000000003,0.0,-0.5,-0.5,0.03329631686210632,-0.05770661309361458,-0.6818797588348389,0.4793874544577929,-1.5615501403808594,-4.087007999420166,-1.5248990058898926,0.5634487867355347,-2.4542553424835205,-1.3794251680374146,3.055318290138529,5.730635785725735,0.6690736438053976,0.19111788526867635,0.6590671511133674,0.6590671511133674,10.964279907165073,1.0964279907165075,170.91665444757567
PPO,5,19.8,0.0,-0.5,-0.5,0.03750443086028099,-0.04588475078344345,-0.6876621842384338,0.49279238762211897,-1.4276659488677979,-4.055661678314209,-1.4891552925109863,0.4338569939136505,-2.6907145977020264,-1.4348639249801636,3.2421565029519455,5.706368148326676,0.5337198058044004,0.2024324890274799,0.6360306262200353,0.6360306262200353,10.956738198550573,1.095673819855057,172.0123282674307
PPO,5,19.900000000000002,0.0,-0.5,-0.5,0.043023236095905304,-0.03595646843314171,-0.6937830448150635,0.5047170162487121,-1.2668349742889404,-4.0460638999938965,-1.4492993354797363,0.31167998909950256,-2.8835666179656982,-1.497052788734436,3.484975926301993,5.693214571236426,0.4003285934161306,0.20404818594011873,0.6106680296884349,0.6106680296884349,11.00390333627154,1.1003903336271539,173.11271860105788
PPO,5,20.0,0.0,-0.5,-0.5,0.049553174525499344,-0.028186578303575516,-0.7002964615821838,0.5149583425101354,-1.0628283023834229,-4.0558061599731445,-1.4102654457092285,0.21592186391353607,-3.018239736557007,-1.5639104843139648,3.7944223153975294,5.668711584498526,0.2682074236975401,0.19008534349975026,0.5861642694240882,0.5861642694240882,11.093755205941523,1.1093755205941522,174.222094121652
PPO,5,20.1,0.0,-0.5,-0.5,0.05676456168293953,-0.022822832688689232,-0.7072249054908752,0.5233186657496607,-0.7930372953414917,-4.067424297332764,-1.38572359085083,0.15744413435459137,-3.062340021133423,-1.6301723718643188,4.168485494828727,5.583009512419901,0.13772113645927234,0.15642213233442528,0.5709301264633594,0.5709301264633594,11.187498528969046,1.1187498528969047,175.3408439745489
PPO,5,20.200000000000003,0.0,-0.5,-0.5,0.06429298967123032,-0.020072821527719498,-0.7145212292671204,0.5296064982262826,-0.4797227680683136,-4.075988292694092,-1.3761849403381348,0.12880077958106995,-3.0064728260040283,-1.6880981922149658,4.571127215564687,5.435062238327811,0.03573314500388475,0.10919151991290679,0.5650452727380796,0.5650452727380796,11.281204664285447,1.1281204664285451,176.46896444097746
PPO,5,20.3,0.0,-0.5,-0.5,0.07172416895627975,-0.02006729319691658,-0.722066342830658,0.5336602103304936,-0.191926509141922,-4.086186408996582,-1.3871636390686035,0.11803096532821655,-2.864284038543701,-1.7241621017456055,4.915138438611447,5.262909825054727,0.0030129712727434165,0.06141518298107723,0.5718203261530354,0.5718203261530354,11.386117070226067,1.138611707022607,177.60757614800005
PPO,5,20.400000000000002,0.0,-0.5,-0.5,0.07857559621334076,-0.022816460579633713,-0.7297040820121765,0.5353897831553073,0.03141371160745621,-4.107864856719971,-1.4071781635284424,0.12464660406112671,-2.6733646392822266,-1.7247332334518433,5.137517879467042,5.080516898296785,0.027989198754213008,0.01856839813262072,0.5842405212247316,0.5842405212247316,11.433073417100124,1.1433073417100126,178.75088348971008
PPO,5,20.5,0.0,-0.5,-0.5,0.08432015776634216,-0.02818092703819275,-0.7372887134552002,0.5348168472940097,0.1941300332546234,-4.135648250579834,-1.4332554340362549,0.14838869869709015,-2.4494168758392334,-1.680604100227356,5.20993294224169,4.8594265288410075,0.03190016168522111,0.006763868272920303,0.600555902711536,0.600555902711536,11.309135306463912,1.1309135306463916,179.88179702035646
PPO,5,20.6,0.0,-0.5,-0.5,0.08844516426324844,-0.03587600216269493,-0.7447203397750854,0.5320917939131077,0.3127382695674896,-4.181561470031738,-1.4492747783660889,0.19383636116981506,-2.219386339187622,-1.6026910543441772,5.1812062176514075,4.6216607027279935,0.013708577344032968,0.06543101008752752,0.6106525088981668,0.6106525088981668,11.103311525607294,1.1103311525607293,180.9921281729172
PPO,5,20.700000000000003,0.0,-0.5,-0.5,0.09049705415964127,-0.0454910583794117,-0.7519670128822327,0.5274992610472886,0.3849838674068451,-4.248645305633545,-1.459688663482666,0.24948275089263916,-1.983540654182434,-1.510688304901123,5.097460747944638,4.415605649685544,0.0033055560507984603,0.158264899733665,0.6172461603737163,0.6172461603737163,10.909129174162077,1.0909129174162078,182.08304109033344
PPO,5,20.8,0.0,-0.5,-0.5,0.09012365341186523,-0.05653160810470581,-0.7590736746788025,0.5214457367992169,0.40671810507774353,-4.353003978729248,-1.4524587392807007,0.31093651056289673,-1.759723424911499,-1.4328123331069946,5.034293155334152,4.3180622420569374,0.04157321595841428,0.2583808451719657,0.6126659585527457,0.6126659585527457,10.877641375626961,1.087764137562696,183.17080522789612
PPO,5,20.900000000000002,0.0,-0.5,-0.5,0.08707161247730255,-0.06845368444919586,-0.766172468662262,0.514452593771899,0.36647024750709534,-4.497581958770752,-1.4309725761413574,0.36166682839393616,-1.5306291580200195,-1.3812869787216187,5.011475033002669,4.365501060755629,0.11061804446217363,0.34072461589934916,0.5991216457521308,0.5991216457521308,11.026562045624082,1.1026562045624082,184.2734614324585
PPO,5,21.0,0.0,-0.5,-0.5,0.08118977397680283,-0.08067651093006134,-0.7734799981117249,0.5071639550001363,0.27707377076148987,-4.681225776672363,-1.3841042518615723,0.4061702787876129,-1.3020379543304443,-1.350342035293579,5.026264722413906,4.534620144665125,0.21032063391761485,0.40596505041317765,0.5699296463505885,0.5699296463505885,11.317029844111001,1.1317029844111,185.4051644168696
PPO,5,21.1,0.0,-0.5,-0.5,0.07242851704359055,-0.09258902817964554,-0.7812930941581726,0.5003552686460071,0.15928331017494202,-4.880627155303955,-1.3229267597198486,0.4419252276420593,-1.061633825302124,-1.3154892921447754,5.02078947227096,4.736197210713805,0.3491551430984037,0.4737554821029858,0.5325639269656159,0.5325639269656159,11.645025162117385,1.1645025162117388,186.56966693308138
PPO,5,21.200000000000003,0.0,-0.5,-0.5,0.06086273118853569,-0.10358566790819168,-0.7899587750434875,0.4948986623140562,0.046922244131565094,-5.080264568328857,-1.2510366439819336,0.4754759967327118,-0.8184348344802856,-1.2499985694885254,4.9510638051036215,4.867048056989021,0.5401783846461711,0.5809346450170542,0.489748472898554,0.489748472898554,11.918721837552978,1.1918721837552977,187.76153911683667
PPO,5,21.3,0.0,-0.5,-0.5,0.04669001325964928,-0.11309366673231125,-0.799841582775116,0.49171276455052576,-0.03717302531003952,-5.28074312210083,-1.1730360984802246,0.5052506923675537,-0.5724639296531677,-1.138079285621643,4.803509984810454,4.869740606761675,0.8004348400454031,0.7643489685710679,0.44466721459066816,0.44466721459066816,12.127368829369935,1.2127368829369938,188.97427599977365
PPO,5,21.400000000000002,0.0,-0.5,-0.5,0.030214762315154076,-0.12061633914709091,-0.8112737536430359,0.49166680149359465,-0.061746709048748016,-5.488454341888428,-1.0846707820892334,0.5361529588699341,-0.3329872488975525,-0.9738883376121521,4.6006099157043625,4.70922706908419,1.1359868018694843,1.0687902321476985,0.39538023650481496,0.39538023650481496,12.305374491815366,1.2305374491815364,190.20481344895518
PPO,5,21.5,0.0,-0.5,-0.5,0.011802802793681622,-0.12574957311153412,-0.8245150446891785,0.49549238380585126,-0.0024928003549575806,-5.660342693328857,-1.0054861307144165,0.5700129270553589,-0.1365317553281784,-0.7756204605102539,4.368126141846385,4.372419943381911,1.4881111651362422,1.4851138090259177,0.35288416533445527,0.35288416533445527,12.419539390059366,1.2419539390059366,191.44676738796113
PPO,5,21.6,0.0,-0.5,-0.5,-0.008155467920005322,-0.1282033771276474,-0.8397144079208374,0.5036914922701055,0.1357957422733307,-5.702093601226807,-0.988664984703064,0.58342444896698,-0.030670151114463806,-0.5797598958015442,4.101653116394993,3.874786063656794,1.7326334396465892,1.9072761743259021,0.34406601230054096,0.34406601230054096,12.30448081862536,1.230448081862536,192.67721546982366
PPO,5,21.700000000000003,0.0,-0.5,-0.5,-0.029277639463543892,-0.1278231143951416,-0.8568935990333557,0.5164744479469152,0.3304935693740845,-5.59456205368042,-1.0666930675506592,0.5426026582717896,-0.016629651188850403,-0.3986673951148987,3.794955238012757,3.2650184777157927,1.830555811401932,2.2726035584291067,0.3855913238034346,0.3855913238034346,11.93431573316646,1.1934315733166456,193.8706470431403
PPO,5,21.8,0.0,-0.5,-0.5,-0.051231492310762405,-0.12456566840410233,-0.8759518265724182,0.53377465193505,0.5671119689941406,-5.359632968902588,-1.2729707956314087,0.40802469849586487,-0.1060069352388382,-0.21257120370864868,3.4181971619841103,2.558911216441315,1.8283775810369751,2.6056573587437235,0.5026847436347313,0.5026847436347313,11.416512805475586,1.1416512805475587,195.01229832368787
PPO,5,21.900000000000002,0.0,-0.5,-0.5,-0.07377016544342041,-0.11845022439956665,-0.8966678380966187,0.5553086010053653,0.7712821960449219,-4.9936203956604,-1.698256254196167,0.1304360330104828,-0.32817089557647705,0.0025101453065872192,2.8758718671396224,1.8015655217210493,1.8096668270316278,2.8853380414409395,0.7745917700128335,0.7745917700128335,10.921625797358907,1.0921625797358907,196.10446090342376
PPO,5,22.0,0.0,-0.5,-0.5,-0.0967828780412674,-0.10955345630645752,-0.918689489364624,0.5806171866803409,0.7812199592590332,-4.504345417022705,-2.2422406673431396,-0.17009153962135315,-0.6956416368484497,0.21166108548641205,2.156546724186137,1.1860779264834138,1.8269964073162643,2.920527393693503,1.1751447966983728,1.1751447966983728,10.440438045076064,1.0440438045076064,197.14850470793135
PPO,5,22.1,0.0,-0.5,-0.5,-0.120359867811203,-0.09791149944067001,-0.9414620995521545,0.6091391018499609,0.4916429817676544,-3.970226287841797,-2.6068966388702393,-0.3724329173564911,-1.0603734254837036,0.43363499641418457,1.288031978651821,0.7678194163203808,2.0328109705958792,2.72308158023211,1.4731730404725645,1.4731730404725645,9.75809002674532,0.9758090026745319,198.1243137106059
PPO,5,22.200000000000003,0.0,-0.5,-0.5,-0.14485511183738708,-0.08385450392961502,-0.9641165733337402,0.6399720860851212,0.17962488532066345,-3.46962571144104,-2.807443857192993,-0.7425903081893921,-0.9685046076774597,0.7173046469688416,0.5214202747008183,0.3767795784319845,2.393057406738774,2.650594148540242,1.6463973729939634,1.6463973729939634,9.234646154399744,0.9234646154399746,199.0477783260459
PPO,5,22.3,0.0,-0.5,-0.5,-0.17066937685012817,-0.06798984110355377,-0.9858763813972473,0.6721879734001696,0.16403207182884216,-2.9496986865997314,-2.7424356937408447,-1.3637847900390625,-0.7616190314292908,0.7671416401863098,0.2680532830574078,0.16474654651555332,2.131074315962634,2.357287487007317,1.5895446201260106,1.5895446201260106,8.100250872794934,0.8100250872794935,199.85780341332534
PPO,5,22.400000000000002,0.0,-0.5,-0.5,-0.19839607179164886,-0.05121162161231041,-1.0057533979415894,0.7046690779420314,0.2761913239955902,-2.7069098949432373,-2.434765577316284,-1.834193468093872,-0.7612980604171753,0.6205723881721497,0.3528620905846434,0.16874174377194454,1.6598397652623946,2.016018674515846,1.3297003221157186,1.3297003221157186,6.856862918366266,0.6856862918366267,200.543489705162
PPO,5,22.5,0.0,-0.5,-0.5,-0.22852948307991028,-0.03407985344529152,-1.0223695039749146,0.736326833875644,0.23459595441818237,-2.6777632236480713,-2.2171549797058105,-1.980302333831787,-0.6756082773208618,0.5021291971206665,0.4407397891755229,0.2667414407270511,1.4849827470105836,1.7757030351195555,1.1554791720372999,1.1554791720372999,6.279125356107312,0.6279125356107313,201.17140224077275
PPO,5,22.6,0.0,-0.5,-0.5,-0.26081687211990356,-0.016768639907240868,-1.0347830057144165,0.7665056107821088,0.1942281424999237,-2.7313146591186523,-2.103194236755371,-1.999718427658081,-0.5932340621948242,0.4274361729621887,0.5237628786619692,0.36780405789561343,1.4288573496912202,1.665423125868851,1.0675472813537379,1.0675472813537379,6.120941974825129,0.6120941974825129,201.78349643825524
PPO,5,22.700000000000003,0.0,-0.5,-0.5,-0.2945868670940399,0.0005755951278842986,-1.04268479347229,0.7948988198305361,0.2250685691833496,-2.7860913276672363,-2.0359203815460205,-2.0092215538024902,-0.5472865700721741,0.3744274377822876,0.6194418399268427,0.4287387674379652,1.364431601653674,1.6357044617857988,1.0167384076774268,1.0167384076774268,6.0817934861591345,0.6081793486159134,202.3916757868712
PPO,5,22.8,0.0,-0.5,-0.5,-0.3291049003601074,0.017802055925130844,-1.0459671020507812,0.8212850181776462,0.3131284713745117,-2.8060333728790283,-2.0046324729919434,-2.034325122833252,-0.5157254934310913,0.34997236728668213,0.697104051801097,0.42612157831991426,1.2893933850052024,1.6646374073164656,0.9933909202491978,0.9933909202491978,6.064038262941074,0.6064038262941075,202.99807961316526
PPO,5,22.900000000000002,0.0,-0.5,-0.5,-0.36366376280784607,0.034716129302978516,-1.044676423072815,0.8454851135104137,0.45014214515686035,-2.783050298690796,-1.9894256591796875,-2.0834784507751465,-0.5005707144737244,0.3551655411720276,0.7447906275362677,0.359395216385647,1.2060745334556169,1.7446102521305187,0.9821088327747721,0.9821088327747721,6.019088295057594,0.6019088295057594,203.59998844267105
PPO,5,23.0,0.0,-0.5,-0.5,-0.39762014150619507,0.05107148364186287,-1.0389578342437744,0.8673275644803354,0.6251180171966553,-2.71073842048645,-1.9726697206497192,-2.1577579975128174,-0.501664936542511,0.39199167490005493,0.7495800431136148,0.23992486523028222,1.1204103217627324,1.8699179178709737,0.9697272774244059,0.9697272774244059,5.919287702826415,0.5919287702826415,204.19191721295365
PPO,5,23.1,0.0,-0.5,-0.5,-0.4303928315639496,0.06656093895435333,-1.0290236473083496,0.8866201590432635,0.8344855904579163,-2.5765368938446045,-1.937880516052246,-2.25423526763916,-0.5205222368240356,0.46206438541412354,0.7017182987791863,0.09183672954391552,1.0301430970552778,2.0354538167825496,0.944188135151082,0.944188135151082,5.747528212463093,0.5747528212463093,204.76667003419993
PPO,5,23.200000000000003,0.0,-0.5,-0.5,-0.4614509046077728,0.08080095797777176,-1.0151368379592896,0.9031238298117953,1.0828490257263184,-2.359271764755249,-1.8750193119049072,-2.36102294921875,-0.5583094358444214,0.5664323568344116,0.5962077056900152,0.011917010895274516,0.9240197506085821,2.2346113619523726,0.8986212039979644,0.8986212039979644,5.563998237142173,0.5563998237142174,205.32306985791416
PPO,5,23.3,0.0,-0.5,-0.5,-0.49029573798179626,0.09332557022571564,-0.9976208209991455,0.9165433020095932,1.377838134765625,-2.0346243381500244,-1.7819688320159912,-2.453650951385498,-0.6191689968109131,0.7016900181770325,0.4399637080086661,0.24287480482084167,0.7844560559988148,2.4519038579292145,0.8325650959659666,0.8325650959659666,5.5843286186894705,0.5584328618689471,205.8815027197831
PPO,5,23.400000000000002,0.0,-0.5,-0.5,-0.5164575576782227,0.1035827174782753,-0.9768831133842468,0.9265300910129506,1.70738685131073,-1.6056327819824219,-1.655388355255127,-2.511784553527832,-0.7158268094062805,0.8503349423408508,0.2646631599488043,0.6981474118385627,0.6052392059592894,2.649454377244681,0.7454489169934935,0.7454489169934935,5.7084019889783235,0.5708401988978324,206.45234291868098
PPO,5,23.5,0.0,-0.5,-0.5,-0.5394991636276245,0.1109679788351059,-0.9534651041030884,0.9327227987757056,2.0285704135894775,-1.1310032606124878,-1.4840912818908691,-2.5427029132843018,-0.857248067855835,0.9837707281112671,0.11790326490294326,1.2888909008630818,0.4122669002001551,2.783395947865231,0.6327890642805726,0.6327890642805726,5.868035142392556,0.5868035142392556,207.03914643292023
PPO,5,23.6,0.0,-0.5,-0.5,-0.5590289831161499,0.11491997539997101,-0.9280521869659424,0.9348094216877062,2.330878734588623,-0.6589954495429993,-1.255294919013977,-2.559612989425659,-1.026146650314331,1.095604419708252,0.023502118088369932,1.9392095461473076,0.23499159327456745,2.8665310196491833,0.4922511062221916,0.4922511062221916,6.048736489603812,0.6048736489603811,207.64402008188063
PPO,5,23.700000000000003,0.0,-0.5,-0.5,-0.5746623277664185,0.11502739042043686,-0.9014706611633301,0.932563227720358,2.650846481323242,-0.1746414303779602,-0.9716206192970276,-2.570068597793579,-1.2155067920684814,1.190510869026184,0.01452381774336473,2.663296672918727,0.07776496917454785,2.9223631018903737,0.33520703785243233,0.33520703785243233,6.348362637431878,0.6348362637431877,208.2788563456238
PPO,6,0.0,0.5,0.5,-0.7,0.0,0.0,0.0,0.99498743710662,1.8816431760787964,-1.5347306728363037,-1.971435785293579,1.3895502090454102,3.277918577194214,-1.2489112615585327,3.495275160700301,0.9724535736247903,1.3561721345712783,0.02992341191886657,0.9688175506555587,0.9688175506555587,7.791459382126354,0.7791459382126353,0.7791459382126353
PPO,6,0.1,0.5,0.5,-0.7,0.001036248286254704,-0.0007035357411950827,-0.00017633862444199622,0.9946969454306582,1.8359735012054443,-1.9502557516098022,-1.197873830795288,1.852966547012329,2.5361440181732178,0.7952845096588135,0.49652401299981586,0.5392098249695978,0.6401186616100766,2.897140650221802,0.4588647117201986,0.4588647117201986,5.490722573241689,0.549072257324169,1.3282181955368046
PPO,6,0.2,0.5,0.5,-0.7,0.0028692791238427162,-0.002285389695316553,-0.0005324842059053481,0.9943260893647444,2.537926197052002,-2.0883305072784424,-1.2220152616500854,1.0899499654769897,2.0281546115875244,-0.31559717655181885,2.626152497787891,0.042054608687016194,0.28859637460709375,1.5612953227485764,0.4728060107501526,0.4728060107501526,5.4637108253308835,0.5463710825330883,1.8745892780698927
PPO,6,0.30000000000000004,0.5,0.5,-0.7,0.005787137430161238,-0.0045983437448740005,-0.0015781295951455832,0.9933070779468751,1.8818621635437012,-2.107372522354126,-1.21817946434021,1.3269644975662231,2.386528253555298,0.34816688299179077,1.1432363777976466,0.10915596836236408,0.2405549360005235,2.2332467724627905,0.4705816145056761,0.4705816145056761,4.667357283634677,0.4667357283634678,2.341325006433361
PPO,6,0.4,0.5,0.5,-0.7,0.009249390102922916,-0.0074683427810668945,-0.0034011071547865868,0.9917712929665249,2.3683056831359863,-2.2964775562286377,-1.0744603872299194,1.0214241743087769,1.9167513847351074,0.040925994515419006,2.027698804395901,0.015207497822105948,0.0011430666393296082,2.1665296052428524,0.38981061154820984,0.38981061154820984,4.990200197196609,0.49902001971966087,2.8403450261530216
PPO,6,0.5,0.5,0.5,-0.7,0.013357610441744328,-0.0106800626963377,-0.006348146591335535,0.9893269608616657,2.1846160888671875,-2.289414882659912,-1.1391055583953857,0.9862858057022095,2.0982601642608643,0.22928233444690704,1.6011349693835508,0.06748779826931894,0.11711140441758332,2.3623334871886206,0.4255141444058651,0.4255141444058651,4.999095948070803,0.4999095948070804,3.340254620960102
PPO,6,0.6000000000000001,0.5,0.5,-0.7,0.017900098115205765,-0.01397266611456871,-0.010411619208753109,0.9859616381140495,2.676136016845703,-2.3269870281219482,-1.0255610942840576,0.8759125471115112,1.7699337005615234,0.0774017721414566,2.194303257600175,0.08347159570482456,0.012629399958193245,2.466212359961886,0.3635049673782491,0.3635049673782491,5.483626547981578,0.5483626547981577,3.88861727575826
PPO,6,0.7000000000000001,0.5,0.5,-0.7,0.022992849349975586,-0.01703408919274807,-0.015828369185328484,0.9813006122337011,2.7258996963500977,-2.2642765045166016,-1.0850844383239746,0.812640905380249,1.8394736051559448,0.11315317451953888,2.124252656097938,0.1341692057158598,0.01549217257388031,2.521211450428882,0.39560643475989843,0.39560643475989843,5.586338354336356,0.5586338354336357,4.447251111191896
PPO,6,0.8,0.5,0.5,-0.7,0.02856767736375332,-0.01956631802022457,-0.022586097940802574,0.9752369908644601,3.1134352684020996,-2.2409110069274902,-1.0595269203186035,0.7589560747146606,1.6468580961227417,0.06577920913696289,2.4598236805391505,0.2200876573424205,0.12372667529958797,2.698882216777748,0.38171219745869645,0.38171219745869645,6.2659446248763,0.6265944624876301,5.073845573679526
PPO,6,0.9,0.5,0.5,-0.7,0.03466371074318886,-0.021227242425084114,-0.030813131481409073,0.967484762331208,3.248744487762451,-2.2407257556915283,-1.1261132955551147,0.6978821754455566,1.6264455318450928,0.0547059029340744,2.5766229942449606,0.25519365565324237,0.16899320597037978,2.777934085114518,0.4182550308180166,0.4182550308180166,6.6152540026191335,0.6615254002619134,5.735370973941439
PPO,6,1.0,0.5,0.5,-0.7,0.04122265428304672,-0.02173384092748165,-0.04048652574419975,0.9579357371123554,3.432851791381836,-2.328500509262085,-1.1864709854125977,0.6546552777290344,1.4781818389892578,0.03368593752384186,2.8146790618515842,0.2698489943007386,0.21426173779105614,2.9416740579886143,0.4523282660135993,0.4523282660135993,7.145120383959192,0.7145120383959193,6.449883012337359
PPO,6,1.1,0.5,0.5,-0.7,0.04816336929798126,-0.020829567685723305,-0.051625143736600876,0.9464722572027313,3.4590907096862793,-2.45052433013916,-1.2987135648727417,0.6208232641220093,1.400087833404541,-0.005586579442024231,3.0004179742778603,0.20640045451080016,0.2152124522626849,2.9790872726189748,0.5180099590532451,0.5180099590532451,7.437138071776809,0.743713807177681,7.19359681951504
PPO,6,1.2000000000000002,0.5,0.5,-0.7,0.05536055192351341,-0.018330167979002,-0.06415116786956787,0.9330992118443447,3.4371938705444336,-2.609292984008789,-1.4308531284332275,0.6032748222351074,1.2735167741775513,-0.03615249693393707,3.1642884697795326,0.13165993939818776,0.18330017399856036,3.024662748566287,0.5990466315115671,0.5990466315115671,7.702004594765702,0.7702004594765701,7.96379727899161
PPO,6,1.3,0.5,0.5,-0.7,0.0626591295003891,-0.014100313186645508,-0.07797305285930634,0.9178691039560791,3.3377809524536133,-2.7722575664520264,-1.5900866985321045,0.5896857976913452,1.1660617589950562,-0.0882086306810379,3.3159002434160563,0.04191828377094998,0.14541695524413462,2.9734568056954527,0.7017771950431808,0.7017771950431808,7.880246678212955,0.7880246678212955,8.751821946812905
PPO,6,1.4000000000000001,0.5,0.5,-0.7,0.06990857422351837,-0.008074522949755192,-0.09296372532844543,0.9008947741907415,3.201967239379883,-2.930696725845337,-1.7599871158599854,0.5742892026901245,1.0535787343978882,-0.13354717195034027,3.4238456969296203,0.0034247109566596244,0.09847686597238459,2.90446643308686,0.8172073746697764,0.8172073746697764,8.064628456285078,0.8064628456285077,9.558284792441412
PPO,6,1.5,0.5,0.5,-0.7,0.07696910202503204,-0.0002511112252250314,-0.10899125784635544,0.8823251374780235,3.057739734649658,-3.0580291748046875,-1.9175641536712646,0.5522419214248657,0.964360237121582,-0.17910535633563995,3.5017201300983625,0.06300442371169637,0.06288312357297672,2.806190810117208,0.9293790922513134,0.9293790922513134,8.29255667200287,0.829255667200287,10.387540459641698
PPO,6,1.6,0.5,0.5,-0.7,0.08374614268541336,0.009317856281995773,-0.12593968212604523,0.8623117118829561,2.936145067214966,-3.1324150562286377,-2.0397346019744873,0.5165143609046936,0.8942952156066895,-0.21648479998111725,3.5392453190447766,0.1327157567079675,0.04278696952062583,2.7019013029736842,1.0195969773632225,1.0195969773632225,8.455843302973499,0.84558433029735,11.233124789939051
PPO,6,1.7000000000000002,0.5,0.5,-0.7,0.09018906205892563,0.02052908204495907,-0.1437521129846573,0.8409810210877687,2.8554511070251465,-3.139986038208008,-2.1198980808258057,0.4668923020362854,0.8366972208023071,-0.2414318174123764,3.5309293106687956,0.17529822376066317,0.03817490706334651,2.602821373359983,1.080290400312861,1.080290400312861,8.50780461547851,0.850780461547851,12.083905251486904
PPO,6,1.8,0.5,0.5,-0.7,0.09628872573375702,0.033243730664253235,-0.16243615746498108,0.8184247630264571,2.8235116004943848,-3.0892136096954346,-2.173804521560669,0.41462278366088867,0.7841256856918335,-0.24744591116905212,3.4768577863763444,0.17420762585080535,0.04435464160375291,2.5322473147390054,1.1217569682021264,1.1217569682021264,8.471181304974161,0.8471181304974161,12.931023381984318
PPO,6,1.9000000000000001,0.5,0.5,-0.7,0.10207130759954453,0.047299809753894806,-0.18206900358200073,0.7946931631358972,2.8316948413848877,-2.9953668117523193,-2.2243449687957764,0.37077584862709045,0.7353576421737671,-0.22551031410694122,3.3650656065998343,0.13006661387492052,0.0533706259278588,2.510394506625706,1.1611043636460991,1.1611043636460991,8.381106080320517,0.838110608032052,13.769133990016371
PPO,6,2.0,0.5,0.5,-0.7,0.10760551691055298,0.06253872066736221,-0.20277206599712372,0.7697931018313628,2.8583788871765137,-2.864147424697876,-2.2889673709869385,0.34331390261650085,0.7011791467666626,-0.1623259037733078,3.1592296113007063,0.05546376933331013,0.0531623049330228,2.5494552650132847,1.2120692885109345,1.2120692885109345,8.241449527602192,0.8241449527602194,14.593278942776589
PPO,6,2.1,0.5,0.5,-0.7,0.11300984770059586,0.07880868017673492,-0.22467736899852753,0.7437036435391061,2.8757996559143066,-2.6997835636138916,-2.3813817501068115,0.34672310948371887,0.7078708410263062,-0.03533823788166046,2.8056670424593526,0.005350987654024216,0.02837664690181831,2.6746085676279114,1.2862090941342768,1.2862090941342768,8.08642143291166,0.8086421432911659,15.401921086067755
PPO,6,2.2,0.5,0.5,-0.7,0.11847797781229019,0.0959939956665039,-0.24787400662899017,0.7163782651877697,2.857351303100586,-2.540587902069092,-2.514397382736206,0.4217814803123474,0.7807833552360535,0.15743988752365112,2.328055708732933,0.12525133142597933,0.0046483856974411245,2.902451037922788,1.395464903467423,1.395464903467423,8.151336270713987,0.8151336270713987,16.217054713139156
PPO,6,2.3000000000000003,0.5,0.5,-0.7,0.12425900250673294,0.11404284834861755,-0.2723730504512787,0.6877565180268582,2.7761781215667725,-2.44252347946167,-2.7058827877044678,0.6180330514907837,0.9169663190841675,0.31873488426208496,1.9318123651305426,0.2518130366960907,0.06667061863417853,3.074325437565914,1.5578710772699287,1.5578710772699287,8.440363612566584,0.8440363612566584,17.061091074395815
PPO,6,2.4000000000000004,0.5,0.5,-0.7,0.1305941641330719,0.13306735455989838,-0.2980342507362366,0.6577816517989795,2.6445789337158203,-2.4553401470184326,-2.9471895694732666,0.8942553997039795,1.0627268552780151,0.2927291989326477,1.8969113546137455,0.18534288600503915,0.08423625495798816,2.9343164790484413,1.7708433772298409,1.7708433772298409,8.642493729084897,0.8642493729084895,17.925340447304304
PPO,6,2.5,0.5,0.5,-0.7,0.13763582706451416,0.1533713936805725,-0.3245483636856079,0.6264368409962188,2.5653700828552246,-2.6298248767852783,-3.107362985610962,0.989827036857605,1.1192172765731812,0.07363292574882507,2.33370669127631,0.00873607821877508,0.025966292675935896,2.5972971218294982,1.9171497030491114,1.9171497030491114,8.800005590098742,0.8800005590098742,18.80534100631418
PPO,6,2.6,0.5,0.5,-0.7,0.14546945691108704,0.17529809474945068,-0.3515830338001251,0.5937319391713578,2.547424554824829,-2.9263358116149902,-3.0747368335723877,0.844487190246582,1.0612481832504272,-0.08699171245098114,2.8265872907942042,0.09617983003632538,0.013327134619519204,2.506939649194765,1.8870350638840476,1.8870350638840476,9.217104032412909,0.921710403241291,19.727051409555468
PPO,6,2.7,0.5,0.5,-0.7,0.1541837900876999,0.19894057512283325,-0.37895914912223816,0.5597256973534409,2.4520199298858643,-3.13324236869812,-2.982609510421753,0.7006620168685913,0.9281513690948486,-0.09263622015714645,2.920725651013979,0.18193108913834802,0.062440660509339156,2.5768901098310573,1.8028626513292592,1.8028626513292592,9.347712813151242,0.9347712813151242,20.661822690870597
PPO,6,2.8000000000000003,0.5,0.5,-0.7,0.1638549119234085,0.2241695076227188,-0.40662217140197754,0.5245441173781319,2.2791223526000977,-3.2311153411865234,-2.9412271976470947,0.6218572854995728,0.8317924737930298,-0.08244332671165466,2.845253848912018,0.2598029835778469,0.13371186322954245,2.541309061874171,1.765472284956872,1.765472284956872,9.311022327507322,0.9311022327507323,21.592924923621325
PPO,6,2.9000000000000004,0.5,0.5,-0.7,0.17459900677204132,0.25078314542770386,-0.43454569578170776,0.48832451773863317,2.045222759246826,-3.2668397426605225,-2.9029295444488525,0.5631480813026428,0.7434554696083069,-0.058542728424072266,2.6546406358529797,0.3333115892807715,0.23174371874113878,2.4427214363992618,1.7311025155610222,1.7311025155610222,9.124622411396196,0.9124622411396197,22.505387164760947
PPO,6,3.0,0.5,0.5,-0.7,0.18658259510993958,0.27853766083717346,-0.46269556879997253,0.45120885454815646,1.7264466285705566,-3.2384707927703857,-2.839726209640503,0.5227547883987427,0.6260114312171936,-0.018676742911338806,2.335067962044107,0.405106084049621,0.36903637005,2.2697044763489687,1.6748763458952842,1.6748763458952842,8.728667584283265,0.8728667584283265,23.37825392318927
PPO,6,3.1,0.5,0.5,-0.7,0.20002201199531555,0.30713796615600586,-0.4910036027431488,0.41335463158421737,1.280510425567627,-3.134800910949707,-2.7565057277679443,0.5318145751953125,0.4459494352340698,0.03353989124298096,1.8757196740583157,0.490031021230733,0.5617596815556615,1.9864114554163672,1.6017930066076507,1.6017930066076507,8.117507845476378,0.8117507845476379,24.19000470773691
PPO,6,3.2,0.5,0.5,-0.7,0.21520820260047913,0.3362525403499603,-0.5193027257919312,0.37492813086525945,0.6059523820877075,-2.9707772731781006,-2.7058537006378174,0.6717498302459717,0.12025775015354156,0.04021391272544861,1.3484449355420693,0.7087804235736334,0.805903485254163,1.467894502247504,1.557845957679594,1.557845957679594,7.446715261976557,0.7446715261976559,24.93467623393456
PPO,6,3.3000000000000003,0.5,0.5,-0.7,0.2324993759393692,0.3654780089855194,-0.5472477674484253,0.33613389369240537,-0.27844327688217163,-2.8541839122772217,-2.7616305351257324,0.860603928565979,-0.34562957286834717,-0.07124446332454681,0.9516370216061357,1.254305180239515,1.056277514149159,0.7720834095522345,1.6062620857449816,1.6062620857449816,7.246827297037008,0.7246827297037007,25.65935896363826
PPO,6,3.4000000000000004,0.5,0.5,-0.7,0.2524023652076721,0.3942291736602783,-0.5743434429168701,0.29712224217875105,-1.0130807161331177,-2.851393938064575,-2.995262861251831,0.962969183921814,-0.41710978746414185,-0.13775916397571564,0.672103386444608,1.7983713674676163,1.3731651338574136,0.3791746601517941,1.814347442250604,1.814347442250604,7.85150943242264,0.7851509432422641,26.44450990688053
PPO,6,3.5,0.5,0.5,-0.7,0.2755189836025238,0.42165449261665344,-0.6002466678619385,0.25783807423001825,-1.5124112367630005,-2.856647491455078,-3.063774824142456,0.9716782569885254,-0.4046684503555298,-0.06509797275066376,0.38538925978781385,2.008395753081045,1.7946902811189613,0.2669173157390938,1.8769526165606703,1.8769526165606703,8.209297842848255,0.8209297842848253,27.265439691165355
PPO,6,3.6,0.5,0.5,-0.7,0.30189943313598633,0.44728735089302063,-0.6246413588523865,0.21840646227466318,-1.912156343460083,-2.817227602005005,-2.9624831676483154,0.9545876979827881,-0.5380995273590088,0.003292068839073181,0.1767385111143245,2.1348168619368195,2.1460616379277795,0.18165764280097824,1.7846451723229193,1.7846451723229193,8.208564998425741,0.8208564998425741,28.086296191007932
PPO,6,3.7,0.5,0.5,-0.7,0.33137035369873047,0.47091513872146606,-0.6471673846244812,0.17908984341581274,-2.169375419616699,-2.7829039096832275,-2.8712539672851562,1.0178208351135254,-0.6410218477249146,-0.043105512857437134,0.12766572147947675,2.3692676448227528,2.2186047267424924,0.07470415660083195,1.702846326412816,1.702846326412816,8.195934902471187,0.8195934902471186,28.905889681255047
PPO,6,3.8000000000000003,0.5,0.5,-0.7,0.36383935809135437,0.49225419759750366,-0.667514443397522,0.14019639527322286,-2.3439629077911377,-2.849885940551758,-2.7502682209014893,1.121373176574707,-0.7592021226882935,-0.1780390739440918,0.19386313662293636,2.788790108365561,2.151694121499426,0.002908904084568065,1.5963592029263853,1.5963592029263853,8.329974676425262,0.8329974676425261,29.738887148897575
PPO,6,3.9000000000000004,0.5,0.5,-0.7,0.39912450313568115,0.5109734535217285,-0.6854617595672607,0.1025067948220842,-2.550492286682129,-3.1401402950286865,-2.5352087020874023,1.3139156103134155,-0.796638011932373,-0.370414674282074,0.3905775355160344,3.546727714598931,2.1604183725666495,0.04166198290164403,1.4128258085240086,1.4128258085240086,8.965037222631276,0.8965037222631277,30.635390871160695
PPO,6,4.0,0.5,0.5,-0.7,0.43691161274909973,0.5265322327613831,-0.7009066343307495,0.06844651902787649,-2.8070011138916016,-3.468815565109253,-2.1406166553497314,1.4846585988998413,-0.8961272239685059,-0.5153979063034058,0.5703638061872759,4.336578119340995,2.3122632758428425,0.10525301901310333,1.0961661698350165,1.0961661698350165,9.51679056005425,0.951679056005425,31.58706992716612
PPO,6,4.1000000000000005,0.5,0.5,-0.7,0.4767453372478485,0.5382598638534546,-0.7138291001319885,0.046859796545244935,-3.030465602874756,-3.618767261505127,-1.6461131572723389,1.6354446411132812,-1.1067960262298584,-0.5865870714187622,0.6171030454281416,4.8197496148453265,2.4489365399009104,0.17396691934609274,0.7391925372444145,0.7391925372444145,9.538141194009302,0.9538141194009299,32.54088404656706
PPO,6,4.2,0.5,0.5,-0.7,0.518115758895874,0.5453613996505737,-0.7242154479026794,0.054518118233848584,-3.205186128616333,-3.6722543239593506,-1.2371302843093872,1.8692703247070312,-1.2726569175720215,-0.603094220161438,0.5817040237975002,5.061743185264947,2.5826749368506734,0.22396106971941043,0.4816052381471809,0.4816052381471809,9.41329369192689,0.9413293691926895,33.482213415759745
PPO,6,4.3,0.5,0.5,-0.7,0.5603816509246826,0.547072172164917,-0.7319838404655457,0.08297408759148418,-3.2520699501037598,-3.6082053184509277,-0.9549435973167419,2.163863182067871,-1.3729690313339233,-0.5964394211769104,0.5264743803266414,5.031106887064184,2.582368828129257,0.25475858489022035,0.326613871968815,0.326613871968815,9.047936424347935,0.9047936424347933,34.38700705819454
PPO,6,4.4,0.5,0.5,-0.7,0.6027811765670776,0.5428817272186279,-0.7368957996368408,0.1173205558144331,-3.1967415809631348,-3.4825563430786133,-0.8177818655967712,2.4278182983398438,-1.415242314338684,-0.5900352001190186,0.49014176327033465,4.854261486409502,2.4641402840692894,0.2730738197400062,0.2588357486966408,0.2588357486966408,8.599288850882413,0.8599288850882414,35.24693594328278
PPO,6,4.5,0.5,0.5,-0.7,0.6444380283355713,0.5324990749359131,-0.7386535406112671,0.15301186262164207,-3.0766830444335938,-3.35017466545105,-0.780839741230011,2.594373941421509,-1.4605151414871216,-0.6020169258117676,0.4975613956930932,4.657344260207306,2.265841171820217,0.28771454138533437,0.24149653709851912,0.24149653709851912,8.19145444330299,0.8191454443302989,36.06608138761308
PPO,6,4.6000000000000005,0.5,0.5,-0.7,0.6843371391296387,0.5158557295799255,-0.7370938658714294,0.1886996023003204,-2.9453868865966797,-3.246366262435913,-0.7805609703063965,2.6829535961151123,-1.5090727806091309,-0.6406182050704956,0.5504665377908798,4.536479508879653,2.039919218194585,0.312262659151188,0.2413672220802693,0.2413672220802693,7.921862368176844,0.7921862368176845,36.858267624430766
PPO,6,4.7,0.5,0.5,-0.7,0.7213743925094604,0.4930694103240967,-0.7322542071342468,0.22381909795646862,-2.8219311237335205,-3.1581692695617676,-0.7693150639533997,2.7278153896331787,-1.5449373722076416,-0.6843876242637634,0.6144032150465651,4.448222091125321,1.8287768593316758,0.33939188403111975,0.23616982022666172,0.23616982022666172,7.703133689988005,0.7703133689988004,37.628580993429566
PPO,6,4.800000000000001,0.5,0.5,-0.7,0.7544018626213074,0.46444717049598694,-0.7243241667747498,0.258023209189053,-2.6854350566864014,-3.06025767326355,-0.7450612783432007,2.751281261444092,-1.5581178665161133,-0.7263460159301758,0.6800698574660923,4.337061859807219,1.614209462634824,0.36429494570543,0.22508991345166882,0.22508991345166882,7.445815952516902,0.7445815952516903,38.373162588681254
PPO,6,4.9,0.5,0.5,-0.7,0.7822880148887634,0.43050438165664673,-0.7135983109474182,0.29103449688891936,-2.522890567779541,-2.941708564758301,-0.7130569815635681,2.7638678550720215,-1.543807029724121,-0.7677450180053711,0.7498375676704543,4.18594791623019,1.3821063109881278,0.38715831143306495,0.2107436021532547,0.2107436021532547,7.126537310628345,0.7126537310628347,39.0858163197441
PPO,6,5.0,0.5,0.5,-0.7,0.8039755821228027,0.39193496108055115,-0.7004656195640564,0.3226134280607942,-2.331961154937744,-2.804076910018921,-0.6789174675941467,2.770918369293213,-1.5007429122924805,-0.809924840927124,0.8274057527102775,3.9985258271262283,1.135065616581871,0.4076115188614239,0.1957913578269494,0.1957913578269494,6.760191430933699,0.6760191430933701,39.76183546283746
PPO,6,5.1000000000000005,0.5,0.5,-0.7,0.8185199499130249,0.34963253140449524,-0.6854045987129211,0.35253136008466945,-2.114475965499878,-2.6549510955810547,-0.6496182680130005,2.7764296531677246,-1.4309293031692505,-0.8517462015151978,0.9147093022918935,3.781974172391404,0.8859386530913325,0.4220891866194191,0.1832548123609025,0.1832548123609025,6.3712209391158545,0.6371220939115854,40.398957556749046
PPO,6,5.2,0.5,0.5,-0.7,0.825141966342926,0.30464816093444824,-0.6689667701721191,0.380582055090867,-1.8720784187316895,-2.49674916267395,-0.6328727602958679,2.78725004196167,-1.3404759168624878,-0.8882855176925659,1.0062289769467982,3.5314870888608705,0.6488316900024372,0.42514622621172227,0.17621490882986796,0.17621490882986796,5.9641237996815635,0.5964123799681564,40.9953699367172
PPO,6,5.300000000000001,0.5,0.5,-0.7,0.8232539296150208,0.25815549492836,-0.6517740488052368,0.4065803856724264,-1.6108759641647339,-2.3282694816589355,-0.6349656581878662,2.8116254806518555,-1.2386047840118408,-0.9138783812522888,1.0902889416789439,3.242541860691671,0.43711250384985795,0.41397109631085255,0.17708974000444896,0.17708974000444896,5.538093882540224,0.5538093882540224,41.549179324971234
PPO,6,5.4,0.5,0.5,-0.7,0.8124852180480957,0.2114344984292984,-0.6344912648200989,0.43035851865646496,-1.3460040092468262,-2.1503539085388184,-0.6571028828620911,2.8560750484466553,-1.137674331665039,-0.9256510734558105,1.154098193982567,2.9257950465173024,0.2625905319182707,0.3916651387317264,0.18643098886825393,0.18643098886825393,5.107010888886373,0.5107010888886375,42.05988041385986
PPO,6,5.5,0.5,0.5,-0.7,0.7927002906799316,0.16585667431354523,-0.6178101897239685,0.45175257296238025,-1.0987882614135742,-1.9744548797607422,-0.6944294571876526,2.9179868698120117,-1.0521591901779175,-0.925590991973877,1.193642974774712,2.6127638312675137,0.13374525288139347,0.36444590260403714,0.20253973940682737,0.20253973940682737,4.70967744034131,0.4709677440341311,42.53084815789399
PPO,6,5.6000000000000005,0.5,0.5,-0.7,0.764025866985321,0.12287182360887527,-0.6024025082588196,0.4705959947339283,-0.8893429040908813,-1.8197752237319946,-0.7365097999572754,2.9861087799072266,-0.9960956573486328,-0.918321967124939,1.2140847933145362,2.3402827656086034,0.05242632832053443,0.33730691605645047,0.22122583308135255,0.22122583308135255,4.38655246946283,0.438655246946283,42.96950340484028
PPO,6,5.7,0.5,0.5,-0.7,0.72686767578125,0.08397852629423141,-0.5889119505882263,0.4867066504793401,-0.7262910604476929,-1.6973012685775757,-0.7752567529678345,3.0487351417541504,-0.9802047610282898,-0.9074328541755676,1.2215011311244905,2.124881191792815,0.01098836027980307,0.3126919651245001,0.23891112932921826,0.23891112932921826,4.147884906980045,0.41478849069800466,43.38429189553828
