time,x,y,z,error,cmd_surge,cmd_sway,cmd_heave,cmd_roll,cmd_pitch,cmd_yaw,thruster_1_force_N,thruster_2_force_N,thruster_3_force_N,thruster_4_force_N,thruster_5_force_N,thruster_6_force_N,thruster_1_power_W,thruster_2_power_W,thruster_3_power_W,thruster_4_power_W,thruster_5_power_W,thruster_6_power_W,thruster_1_step_energy_J,thruster_2_step_energy_J,thruster_3_step_energy_J,thruster_4_step_energy_J,thruster_5_step_energy_J,thruster_6_step_energy_J,thruster_1_cum_energy_J,thruster_2_cum_energy_J,thruster_3_cum_energy_J,thruster_4_cum_energy_J,thruster_5_cum_energy_J,thruster_6_cum_energy_J,total_power_W,total_step_energy_J,total_cum_energy_J
0.0,0.0,0.0,0.0,0.0,0.612,0.612,0.0,0.0,0.0,2.04,-1.8144626837994429,2.2472120338856096,-1.3817133337132759,1.814462683799444,2.0144582488772967e-16,2.0144582488772967e-16,2.419552774578759,3.3348715874652295,1.607829381712238,2.419552774578761,2.8304171299588046e-24,2.8304171299588046e-24,0.2419552774578759,0.33348715874652296,0.1607829381712238,0.24195527745787612,2.8304171299588047e-25,2.8304171299588047e-25,0.2419552774578759,0.33348715874652296,0.1607829381712238,0.24195527745787612,2.8304171299588047e-25,2.8304171299588047e-25,9.781806518334987,0.9781806518334988,0.9781806518334988
0.1,0.0003596328024286777,0.00025255989748984575,0.0005798699567094445,0.021005478210780092,0.7048801554243561,0.6115357810734863,-0.12214613396544009,0.0,0.0,-1.1001371176755654,1.0115109195960237,-0.5130853817716334,1.4439320173312975,-0.9455064795069082,-0.061073066982720144,-0.061073066982720144,1.0070914318239366,0.36382915684680084,1.7176440032198645,0.9101433535296808,0.014941274096721,0.014941274096721,0.10070914318239366,0.036382915684680085,0.17176440032198648,0.09101433535296809,0.0014941274096721,0.0014941274096721,0.3426644206402696,0.36987007443120307,0.3325473384932103,0.3329696128108442,0.0014941274096721,0.0014941274096721,4.0285904936137245,0.4028590493613725,1.3810397011948712
0.2,0.0010900364723056555,0.0008094909717328846,0.001680757850408554,0.04160761746290117,0.7542239714885852,0.6552970887939079,-0.24040867589333403,0.0,0.0,2.12,-1.8506421483666011,2.3839590331396283,-1.3872771331886253,1.9205940179616543,-0.12020433794666678,-0.12020433794666678,2.4922793054236023,3.6438561173074215,1.6175506163465225,2.634913700330091,0.04125658238973896,0.04125658238973896,0.24922793054236025,0.3643856117307422,0.16175506163465225,0.2634913700330091,0.004125658238973896,0.004125658238973896,0.5918923511826298,0.7342556861619453,0.49430240012786253,0.5964609828438533,0.005619785648645997,0.005619785648645997,10.471112904187116,1.0471112904187116,2.428150991613583
0.30000000000000004,0.002234106417745352,0.0016698186518624425,0.003245705273002386,0.0617684304623279,0.8550085016095129,0.6309248835887555,-0.3542449434970195,0.0,0.0,-1.9822410633187808,1.8423149541466943,-1.2377326446864578,2.2884462177516363,-1.6838639082914015,-0.17712247174850992,-0.17712247174850992,2.4754767617621587,1.3631803148460757,3.427078900949693,2.163084675258505,0.07379442176976408,0.07379442176976408,0.24754767617621587,0.13631803148460758,0.3427078900949693,0.21630846752585053,0.007379442176976409,0.007379442176976409,0.8394400273588457,0.8705737176465529,0.8370102902228318,0.8127694503697038,0.012999227825622406,0.012999227825622406,9.576409496355959,0.9576409496355961,3.3857919412491793
0.4,0.003758353879675269,0.002954375697299838,0.005220070946961641,0.0814158005989568,0.8815657865046622,0.696658105015748,-0.4632381609650329,0.0,0.0,2.2,-1.8913987447916645,2.5147598904911628,-1.398787074566459,2.0221482202659593,-0.23161908048251617,-0.23161908048251617,2.575061955668681,3.9478243842110463,1.637723020581704,2.8466397935864203,0.1103505590190754,0.1103505590190754,0.2575061955668681,0.39478243842110466,0.1637723020581704,0.284663979358642,0.01103505590190754,0.01103505590190754,1.0969462229257139,1.2653561560676576,1.000782592281002,1.097433429728346,0.024034283727529946,0.024034283727529946,11.227950272086002,1.1227950272086,4.508586968457779
0.5,0.005792719312012196,0.004558713641017675,0.007551855407655239,0.10052101813022042,0.9677457020309602,0.6766930927272866,-0.5670818303423002,0.0,0.0,-0.5409920084535204,0.5840839170429929,0.1002156313272354,1.0625781916925543,-0.3782786433223265,-0.2835409151711501,-0.2835409151711501,0.44190194163401897,0.03140626117394346,1.084312302299127,0.23031953339540137,0.14946401452959715,0.14946401452959715,0.0441901941634019,0.0031406261173943465,0.1084312302299127,0.02303195333954014,0.014946401452959716,0.014946401452959716,1.1411364170891158,1.268496782185052,1.1092138225109147,1.1204653830678861,0.038980685180489666,0.038980685180489666,2.086868067561685,0.20868680675616855,4.717273775213948
0.6000000000000001,0.008243260905146599,0.006676297634840012,0.01019194070249796,0.11900071194642128,1.0243295857987402,0.6887707042967938,-0.6957682438762859,0.0,0.0,2.1919407552187726,-1.8309672674677866,2.5552776637560823,-1.3439328317768893,2.068243228065187,-0.34788412193814267,-0.34788412193814267,2.452640573704885,4.043618603270979,1.5423373770712183,2.9445264129068027,0.20312573447017498,0.20312573447017498,0.2452640573704885,0.404361860327098,0.15423373770712184,0.2944526412906803,0.0203125734470175,0.0203125734470175,1.3864004744596043,1.6728586425121499,1.2634475602180366,1.4149180243585664,0.059293258627507166,0.059293258627507166,11.389374435894236,1.1389374435894237,5.856211218803372
0.7000000000000001,0.01119172666221857,0.009275877848267555,0.013082664459943771,0.136804335388585,1.1349411598640398,0.5993201689549753,-0.8270828413498278,0.0,0.0,-2.3200000000000003,2.2528771989846663,-1.4503526085970775,2.676660554554596,-1.8741359641670094,-0.413541420674914,-0.413541420674914,3.3474902232138626,1.7291132488143548,4.335138591394574,2.5398886652569708,0.2632640517082871,0.2632640517082871,0.33474902232138626,0.17291132488143549,0.4335138591394574,0.2539888665256971,0.02632640517082871,0.02632640517082871,1.7211494967809906,1.8457699673935855,1.696961419357494,1.6689068908842635,0.08561966379833588,0.08561966379833588,12.478158832096337,1.2478158832096335,7.104027102013005
0.8,0.014450605027377605,0.01262724306434393,0.01616670936346054,0.15385574040611927,1.1438932894434592,0.6734708301248574,-0.9600248748711621,0.0,0.0,2.3600000000000003,-1.932764825754861,2.741619527674117,-1.4565490348422412,2.265403736761499,-0.4800124374355807,-0.4800124374355807,2.6599995173263253,4.493904251860974,1.7402061634339365,3.3754482700341297,0.3292242169687158,0.3292242169687158,0.2659999517326325,0.44939042518609745,0.17402061634339366,0.337544827003413,0.03292242169687158,0.03292242169687158,1.9871494485136232,2.295160392579683,1.8709820357008877,2.0064517178876766,0.11854208549520746,0.11854208549520746,12.928006636592798,1.2928006636592797,8.396827765672285
0.9,0.018424829468131065,0.01635730266571045,0.01938760280609131,0.1701174879597031,1.2204098446267597,0.615518474150505,-1.0935892320604994,0.0,0.0,-1.3446958942423841,1.4098910622083394,-0.5469309852459361,1.8451283492257577,-0.9821682722633558,-0.5467946160302497,-0.5467946160302497,1.657262769230228,0.4004163753931454,2.4811493686476522,0.9635891226042769,0.4002666278070162,0.4002666278070162,0.1657262769230228,0.04004163753931454,0.24811493686476524,0.0963589122604277,0.040026662780701626,0.040026662780701626,2.152875725436646,2.3352020301189977,2.1190969725656528,2.102810630148104,0.15856874827590908,0.15856874827590908,6.302950891489336,0.6302950891489336,9.027122854821219
1.0,0.02279556356370449,0.020845087245106697,0.022690165787935257,0.18552658429717536,1.2429124745483362,0.6457035535784732,-1.2267761643600341,0.0,0.0,2.4400000000000004,-1.9590944417214178,2.8379662808958983,-1.5025130803498283,2.3813849195243106,-0.6133880821800167,-0.6133880821800167,2.7145390684531527,4.732862468029724,1.8232256837112817,3.6379559526496026,0.4755717385932176,0.4755717385932176,0.2714539068453153,0.47328624680297243,0.18232256837112817,0.3637955952649603,0.04755717385932176,0.04755717385932176,2.4243296322819616,2.8084882769219703,2.301419540936781,2.4666062254130647,0.20612592213523084,0.20612592213523084,13.859726650030197,1.3859726650030195,10.413095519824239
1.1,0.027833178639411926,0.02585170976817608,0.02602093107998371,0.2000422226185136,1.3282264001010202,0.5323800714161957,-1.3586007896286127,0.0,0.0,-2.4800000000000004,2.4871915482029343,-1.5479936537405057,2.8636411068699044,-1.924443212407478,-0.6793003948143065,-0.6793003948143065,3.8830849145700244,1.9066316660792886,4.797234185278333,2.6428388852784583,0.554250174289896,0.554250174289896,0.38830849145700247,0.19066316660792887,0.4797234185278333,0.26428388852784584,0.0554250174289896,0.0554250174289896,2.812638123738964,2.9991514435298994,2.781142959464614,2.7308901139409105,0.26155093956422043,0.26155093956422043,14.338289999785896,1.4338289999785898,11.846924519802828
1.2000000000000002,0.033100422471761703,0.03182581067085266,0.02932851016521454,0.21363740834977807,1.3171405106342398,0.6130981538676787,-1.4881013982476667,0.0,0.0,2.5200000000000005,-1.9924785176314508,2.923837504476433,-1.5589526554986617,2.490311642343646,-0.744050699123833,-0.744050699123833,2.78421974668021,4.949289828606054,1.9269144210772609,3.8903939953783753,0.6353555551702825,0.6353555551702825,0.278421974668021,0.49492898286060544,0.1926914421077261,0.38903939953783756,0.06353555551702826,0.06353555551702826,3.0910600984069854,3.494080426390505,2.97383440157234,3.119929513478748,0.3250864950812487,0.3250864950812487,14.821529102082463,1.4821529102082467,13.329077430011077
1.3,0.03926834836602211,0.03814910724759102,0.03256390616297722,0.2262527680630429,1.379970534582168,0.5152861667668452,-1.6143471665582931,0.0,0.0,-2.2790934603187574,2.3328346570143697,-1.3570481341736929,2.6971969997868275,-1.721410476946153,-0.8071735832791466,-0.8071735832791466,3.5272722024005256,1.564969638064598,4.385125626867297,2.2358347440428505,0.7178991647079457,0.7178991647079457,0.3527272202400526,0.15649696380645983,0.4385125626867297,0.22358347440428505,0.07178991647079457,0.07178991647079457,3.443787318647038,3.6505773901969647,3.41234696425907,3.3435129878830327,0.3968764115520433,0.3968764115520433,13.149000540791164,1.314900054079116,14.643977484090192
1.4000000000000001,0.045702993869781494,0.04541992396116257,0.035680800676345825,0.23789756938096862,1.3613274859212412,0.5913132049571974,-1.7364454529168085,0.0,0.0,2.6000000000000005,-2.0403093195121524,3.0029132162226952,-1.6221877424817668,2.5847916391923125,-0.8682227264584038,-0.8682227264584038,2.885074669791261,5.151422966454189,2.0453362289565025,4.113877431313231,0.8008658263992494,0.8008658263992494,0.2885074669791261,0.5151422966454189,0.20453362289565025,0.4113877431313231,0.08008658263992495,0.08008658263992495,3.732294785626164,4.165719686842383,3.61688058715472,3.754900731014356,0.47696299419196825,0.47696299419196825,15.797442949313682,1.579744294931368,16.22372177902156
1.5,0.05307947099208832,0.05300157517194748,0.038635775446891785,0.24851531642333077,1.419369594182261,0.47158563524482794,-1.8535482344748455,0.0,0.0,-2.6400000000000006,2.6832204112668196,-1.6795745462105436,3.0166818118586027,-2.0130359468023293,-0.9267741172374228,-0.9267741172374228,4.351084937924522,2.154824795591079,5.186893072534368,2.827420048119923,0.8832301432904625,0.8832301432904625,0.43510849379245226,0.2154824795591079,0.5186893072534369,0.28274200481199235,0.08832301432904625,0.08832301432904625,4.167403279418616,4.381202166401491,4.135569894408157,4.037642735826348,0.5652860085210145,0.5652860085210145,16.286683140750817,1.6286683140750822,17.85239009309664
1.6,0.060612406581640244,0.061611197888851166,0.041388530284166336,0.2581476556309343,1.3830150539685664,0.569346953957988,-1.9648584771774094,0.0,0.0,2.6800000000000006,-2.096030763140589,3.0739700862848407,-1.6934416711489904,2.6713809942932443,-0.9824292385887042,-0.9824292385887042,3.004066321759365,5.33534482493331,2.181566226133123,4.322318697843563,0.9639731927620404,0.9639731927620404,0.3004066321759365,0.533534482493331,0.2181566226133123,0.4322318697843563,0.09639731927620404,0.09639731927620404,4.467809911594553,4.914736648894822,4.353726517021469,4.469874605610705,0.6616833277972185,0.6616833277972185,16.77124245619344,1.677124245619344,19.52951433871598
1.7000000000000002,0.06922446191310883,0.07036761194467545,0.043902020901441574,0.2667226386905817,1.4321938148981022,0.4410896432872064,-2.069635626741437,0.0,0.0,-2.7200000000000006,2.769691818703428,-1.7569778602155481,3.0815892965829668,-2.068875338095089,-1.0348178133707184,-1.0348178133707184,4.56310235029627,2.305485904244399,5.355193567301006,2.94587640418881,1.0420987667444837,1.0420987667444837,0.45631023502962703,0.2305485904244399,0.5355193567301006,0.294587640418881,0.10420987667444837,0.10420987667444837,4.92412014662418,5.145285239319262,4.88924587375157,4.764462246029586,0.7658932044716669,0.7658932044716669,17.253855759519453,1.7253855759519454,21.25489991466793
1.8,0.0779191255569458,0.08017398416996002,0.04614259675145149,0.2743146972685308,1.384311143899365,0.546615533096631,-2.1672008881868803,0.0,0.0,2.7600000000000007,-2.1586911545971903,3.1375469517205365,-1.7721756044426622,2.751031401566012,-1.0836004440934397,-1.0836004440934397,3.1397770147153743,5.5017187856366965,2.335463953352361,4.517065200589777,1.1166493034867184,1.1166493034867184,0.3139777014715375,0.5501718785636697,0.2335463953352361,0.45170652005897777,0.11166493034867185,0.11166493034867185,5.238097848095717,5.695457117882931,5.122792269086806,5.216168766088564,0.8775581348203387,0.8775581348203387,17.727323561267646,1.7727323561267647,23.027632270794697
1.9000000000000001,0.08776066452264786,0.08999209851026535,0.04808010160923004,0.2808460739767213,1.4277546124542488,0.4039221407781766,-2.2569422069968663,0.0,0.0,-2.8000000000000007,2.8524184195245095,-1.842843451187738,3.138034504340145,-2.128459536003376,-1.1284711034984332,-1.1284711034984332,4.769061096439363,2.476542032356905,5.503001227772459,3.0740514731131787,1.1867212028398235,1.1867212028398235,0.4769061096439363,0.2476542032356905,0.5503001227772459,0.3074051473113179,0.11867212028398236,0.11867212028398236,5.715003957739653,5.9431113211186215,5.673092391864052,5.523573913399882,0.9962302551043211,0.9962302551043211,18.196098235361553,1.8196098235361555,24.847242094330856
2.0,0.09757336229085922,0.10090231895446777,0.04968792945146561,0.28641483933206224,1.3701297417530156,0.5145525249666916,-2.3383185936830317,0.0,0.0,2.8400000000000007,-2.2235244515371226,3.1923524830360526,-1.8596808718565148,2.828508903355447,-1.1691592968415154,-1.1691592968415154,3.282282084722137,5.6464995083058245,2.5105603982085496,4.70922415547538,1.251479007118377,1.251479007118377,0.3282282084722137,0.5646499508305824,0.25105603982085495,0.470922415547538,0.1251479007118377,0.1251479007118377,6.043232166211867,6.507761271949204,5.924148431684907,5.99449632894742,1.1213781558161589,1.1213781558161589,18.651524160948643,1.8651524160948645,26.712394510425717
2.1,0.10858297348022461,0.11169217526912689,0.05094307288527489,0.29093050518926383,1.407824188607831,0.3568867691467301,-2.4108643120052298,0.0,0.0,-2.880000000000001,2.933156865080444,-1.9376748345973969,3.1855139196598543,-2.19003188917681,-1.2054321560026149,-1.2054321560026149,4.972971523046027,2.6701421732958655,5.628365581298838,3.2084013902517574,1.3101686296387354,1.3101686296387354,0.49729715230460275,0.2670142173295866,0.5628365581298839,0.3208401390251758,0.13101686296387355,0.13101686296387355,6.5405293185164695,6.774775489278791,6.486984989814791,6.315336467972596,1.2523950187800323,1.2523950187800323,19.100217927169957,1.910021792716996,28.62241630314271
2.2,0.11944349110126495,0.12362203001976013,0.05182614549994469,0.2945140420973356,1.3413443538203291,0.47143743639875574,-2.474192523000825,0.0,0.0,2.920000000000001,-2.289613536656028,3.2380872251486696,-1.9562569284732656,2.9047306169659097,-1.237096261500412,-1.237096261500412,3.4297014253958857,5.768273615338118,2.7086436782052763,4.900854752141453,1.3621291263863076,1.3621291263863076,0.3429701425395886,0.5768273615338119,0.27086436782052764,0.4900854752141453,0.13621291263863075,0.13621291263863075,6.883499461056058,7.351602850812602,6.757849357635318,6.805421943186741,1.388607931418663,1.388607931418663,19.531731723853348,1.9531731723853347,30.57558947552804
2.3000000000000003,0.13154686987400055,0.13530302047729492,0.05232137814164162,0.29705433513393764,1.3725062134292099,0.2988338854295449,-2.527998537262468,0.0,0.0,-2.960000000000001,3.0123502684437655,-2.041841817707299,3.2236577352793203,-2.253149284542856,-1.263999268631234,-1.263999268631234,5.175725577738295,2.8883257958433584,5.729759928670366,3.348096668549042,1.4068029548296481,1.4068029548296481,0.5175725577738296,0.28883257958433584,0.5729759928670366,0.3348096668549042,0.14068029548296482,0.14068029548296482,7.401072018829887,7.640435430396938,7.330825350502355,7.140231610041646,1.529288226901628,1.529288226901628,19.95551388046036,1.995551388046036,32.57114086357408
2.4000000000000004,0.14337900280952454,0.1481761336326599,0.0524166002869606,0.29870192675646245,1.2979157640464503,0.41615728636242183,-2.5720625639384616,0.0,0.0,3.000000000000001,-2.3565787767061006,3.2743438148722634,-2.06231113747904,2.9800761756452054,-1.2860312819692303,-1.2860312819692303,3.5812610639363682,5.865424611735868,2.931867360220565,5.092770271004414,1.443744480345063,1.443744480345063,0.35812610639363684,0.5865424611735869,0.2931867360220565,0.5092770271004414,0.1443744480345063,0.1443744480345063,7.759198125223524,8.226977891570524,7.624012086524411,7.6495086371420875,1.6736626749361343,1.6736626749361343,20.358812267587343,2.0358812267587343,34.60702209033281
2.5,0.15649870038032532,0.1606740802526474,0.052103184163570404,0.29931802160169707,1.3215790143055721,0.22290439871630763,-2.606251558057654,0.0,0.0,-3.040000000000001,3.092345311358341,-2.1578478284690363,3.249962523246951,-2.3154650403576498,-1.303125779028827,-1.303125779028827,5.383255762867913,3.1379372906556444,5.800034372286085,3.4879510406369705,1.4726262657043538,1.4726262657043538,0.5383255762867913,0.31379372906556446,0.5800034372286085,0.34879510406369707,0.1472626265704354,0.1472626265704354,8.297523701510315,8.540771620636088,8.20401552375302,7.998303741205785,1.8209253015065696,1.8209253015065696,20.75443099785532,2.075443099785532,36.68246519011835
2.6,0.16922441124916077,0.17441436648368835,0.05137629434466362,0.2990954280137232,1.2398763815989302,0.33903748546932316,-2.630575557815222,0.0,0.0,3.080000000000001,-2.420988229435412,3.2977132266970544,-2.181252524383617,3.0579775216452623,-1.3152877789076105,-1.3152877789076105,3.729083043031599,5.928329951776486,3.189128056008255,5.293762716316959,1.4932902005560227,1.4932902005560227,0.3729083043031599,0.5928329951776486,0.3189128056008255,0.5293762716316959,0.14932902005560228,0.14932902005560228,8.670432005813474,9.133604615813736,8.522928329353846,8.52768001283748,1.970254321562172,1.970254321562172,21.12688416824534,2.1126884168245343,38.79515360694288
2.7,0.18328078091144562,0.18764695525169373,0.05023542046546936,0.29786104104913835,1.25519804126313,0.13969560773926845,-2.64526884462256,0.0,0.0,-3.120000000000001,3.1694502428100884,-2.2818911961008554,3.2682299543445,-2.3806709076352703,-1.32263442231128,-1.32263442231128,5.585845831994686,3.4123646714924036,5.849004385952824,3.6363199199369314,1.5058189899955454,1.5058189899955454,0.5585845831994687,0.3412364671492404,0.5849004385952824,0.36363199199369317,0.15058189899955454,0.15058189899955454,9.229016589012943,9.474841082962977,9.107828767949128,8.891312004831173,2.1208362205617264,2.1208362205617264,21.49517278936794,2.149517278936794,40.944670885879674
2.8000000000000003,0.19681593775749207,0.20216453075408936,0.0486842580139637,0.29586644999592127,1.168041129389208,0.24709646404757915,-2.6506759443781656,0.0,0.0,3.160000000000001,-2.4850351659247,3.3109649692206014,-2.3103115805894383,3.1362413838853422,-1.3253379721890823,-1.3253379721890823,3.8780360873226867,5.964099999354662,3.476312983233011,5.498285154239633,1.5104383349312902,1.5104383349312902,0.3878036087322687,0.5964099999354663,0.34763129832330114,0.5498285154239633,0.15104383349312903,0.15104383349312903,9.616820197745211,10.071251082898442,9.45546006627243,9.441140520255136,2.2718800540548556,2.2718800540548556,21.837610894012574,2.1837610894012576,43.12843197528093
2.9000000000000004,0.21171459555625916,0.21602705121040344,0.046730443835258484,0.2928990801274664,1.1748722336044302,0.049217664792340236,-2.6472360037646574,0.0,0.0,-3.200000000000001,3.244194964027687,-2.4134348406182076,3.278997108556516,-2.44823698514704,-1.3236180018823287,-1.3236180018823287,5.784601642385234,3.711644772025089,5.877932417660076,3.7922173385742166,1.507499009914325,1.507499009914325,0.5784601642385234,0.3711644772025089,0.5877932417660076,0.3792217338574217,0.1507499009914325,0.1507499009914325,10.195280361983734,10.442415560100951,10.043253308038437,9.820362254112558,2.422629955046288,2.422629955046288,22.18139419047327,2.2181394190473265,45.34657139432826
3.0,0.2259555160999298,0.2311953604221344,0.04438530281186104,0.289288865105862,1.0850656537257748,0.15401728786349084,-2.635471921068617,0.0,0.0,3.240000000000001,-2.552618367712767,3.319875649494876,-2.443711699044532,3.2109689808266437,-1.317735960534308,-1.317735960534308,4.037307910958654,5.988192641053497,3.781707978510026,5.695963570755943,1.4974613937488677,1.4974613937488677,0.4037307910958654,0.5988192641053497,0.3781707978510026,0.5695963570755943,0.14974613937488676,0.14974613937488676,10.5990111530796,11.0412348242063,10.42142410588944,10.389958611188153,2.5723760944211747,2.5723760944211747,22.498094888775853,2.249809488877585,47.59638088320584
3.1,0.24156983196735382,0.24554215371608734,0.0416635125875473,0.2847739254654155,1.0842497955016681,-0.03980740647343218,-2.615977915507742,0.0,0.0,-3.280000000000001,3.314785608931132,-2.548105226031774,3.286637521872318,-2.519957138972963,-1.307988957753871,-1.307988957753871,5.974426256125,4.026605437798003,5.8984886956855505,3.960069144685743,1.480877566982371,1.480877566982371,0.5974426256125,0.4026605437798003,0.5898488695685551,0.3960069144685743,0.14808775669823712,0.14808775669823712,11.1964537786921,11.443895367986102,11.011272975457995,10.785965525656726,2.720463851119412,2.720463851119412,22.82134466825904,2.2821344668259043,49.87851535003175
3.2,0.25637710094451904,0.2611834406852722,0.03858274221420288,0.27978224156049875,0.9958289058318645,0.06285146886536486,-2.5894063512267556,0.0,0.0,3.320000000000001,-2.6230917374478606,3.3272491096631507,-2.5786490376056257,3.2828064098209184,-1.2947031756133773,-1.2947031756133773,4.205651256471179,6.008153422078884,4.0992215743780855,5.88817822593499,1.458372134977746,1.458372134977746,0.4205651256471179,0.6008153422078885,0.4099221574378086,0.588817822593499,0.14583721349777462,0.14583721349777462,11.617018904339217,12.04471071019399,11.421195132895804,11.374783348250226,2.8663010646171867,2.8663010646171867,23.11794874881863,2.3117948748818637,52.19031022491362
3.3000000000000003,0.27253469824790955,0.2758153975009918,0.0351632684469223,0.2739887148017956,0.9891697495775954,-0.12422436603118005,-2.5564548269810166,0.0,0.0,-3.360000000000001,3.3821710379568133,-2.682722400285895,3.294331146347565,-2.5948825086766503,-1.2782274134905083,-1.2782274134905083,6.157527885265641,4.3498736392620225,5.919212294227992,4.1379914192346074,1.4306230858915359,1.4306230858915359,0.6157527885265641,0.4349873639262023,0.5919212294227992,0.4137991419234608,0.1430623085891536,0.1430623085891536,12.23277169286578,12.479698074120192,12.013116362318604,11.788582490173686,3.00936337320634,3.00936337320634,23.425851409773337,2.3425851409773344,54.532895365890944
3.4000000000000004,0.2877231538295746,0.2916924059391022,0.03142758831381798,0.2679370591205016,0.9072600028869232,-0.023106405650627434,-2.517853377628514,0.0,0.0,3.4000000000000012,-2.695170274766535,3.336699975107204,-2.7115089708909403,3.3530386712316123,-1.2589266888142563,-1.2589266888142563,4.380183955531375,6.033770328262226,4.42007467159274,6.078142548746253,1.3983429547362296,1.3983429547362296,0.4380183955531375,0.6033770328262227,0.442007467159274,0.6078142548746253,0.13983429547362297,0.13983429547362297,12.670790088418919,13.083075106946414,12.455123829477877,12.396396745048312,3.149197668679963,3.149197668679963,23.708857413605052,2.370885741360505,56.90378110725144
3.5,0.30419567227363586,0.30635932087898254,0.027399998158216476,0.26122106557398506,0.897430632544399,-0.20121832127599887,-2.4743519907814147,0.0,0.0,-3.4400000000000013,3.4481132353763697,-2.813533949459691,3.305830395903137,-2.6712511099864615,-1.2371759953907076,-1.2371759953907076,6.338482814242361,4.671875682004032,5.95023188227149,4.322003470694208,1.362260817356166,1.362260817356166,0.6338482814242361,0.4671875682004032,0.5950231882271491,0.4322003470694208,0.13622608173561662,0.13622608173561662,13.304638369843154,13.550262675146817,13.050147017705026,12.828597092117732,3.2854237504155797,3.2854237504155797,24.007115483924423,2.4007115483924424,59.3044926556439
3.6,0.31953081488609314,0.3221842646598816,0.023106202483177185,0.254511991992863,0.8276969192716336,-0.10115634226435086,-2.426708719653078,0.0,0.0,3.4800000000000013,-2.7668606523840893,3.3521307567682745,-2.838388987959238,3.423659092343427,-1.2133543598265384,-1.2133543598265384,4.556107565014344,6.075674014756854,4.7339199271527255,6.271173386367981,1.3231056388149964,1.3231056388149964,0.4556107565014344,0.6075674014756854,0.47339199271527255,0.6271173386367982,0.13231056388149964,0.13231056388149964,13.760249126344588,14.157830076622503,13.523539010420299,13.455714430754531,3.4177343142970793,3.4177343142970793,24.283086170921898,2.4283086170921897,61.73280127273608
3.7,0.33605048060417175,0.3366018235683441,0.018572909757494926,0.24729187289639182,0.8167167010074234,-0.2770463652599888,-2.375679193062771,0.0,0.0,-3.5200000000000014,3.5175412126306385,-2.9400352950399817,3.3216398490522145,-2.7441339314615614,-1.1878395965313857,-1.1878395965313857,6.5308818879980155,4.9904746522568395,5.992966511201659,4.500087867121055,1.2815918453511077,1.2815918453511077,0.6530881887998016,0.499047465225684,0.599296651120166,0.4500087867121055,0.12815918453511077,0.12815918453511077,14.413337315144389,14.656877541848187,14.122835661540465,13.905723217466637,3.54589349883219,3.54589349883219,24.577594609279785,2.457759460927979,64.19056073366406
3.8000000000000003,0.35129526257514954,0.3520705997943878,0.013827451504766941,0.24035064812974405,0.762502658308853,-0.17478807820295458,-2.3220063729114218,0.0,0.0,3.5600000000000014,-2.835032953863025,3.3742037542259826,-2.958626789230898,3.4977975895938593,-1.1610031864557102,-1.1610031864557102,4.725526521767699,6.135783034878695,5.037885767723481,6.475973292992089,1.238406307712023,1.238406307712023,0.4725526521767699,0.6135783034878695,0.5037885767723481,0.647597329299209,0.12384063077120232,0.12384063077120232,14.885889967321159,15.270455845336057,14.626624238312813,14.553320546765846,3.6697341296033925,3.6697341296033925,24.85198123278601,2.485198123278601,66.67575885694266
3.9000000000000004,0.36761999130249023,0.3659628927707672,0.00889742374420166,0.23303146954146606,0.7498447542443268,-0.34653647790193903,-2.266412212263235,0.0,0.0,-3.6000000000000014,3.5896222734189265,-3.0594019628556017,3.3445839799659627,-2.8143636694026415,-1.1332061061316177,-1.1332061061316177,6.732651965063849,5.297461990647894,6.0551679803542715,4.6739424604400215,1.194198157644269,1.194198157644269,0.6732651965063849,0.5297461990647894,0.6055167980354272,0.46739424604400215,0.11941981576442691,0.11941981576442691,15.559155163827544,15.800202044400846,15.23214103634824,15.020714792809848,3.7891539453678194,3.7891539453678194,25.147620711794573,2.514762071179457,69.19052092812211
4.0,0.38257649540901184,0.38079530000686646,0.003810353111475706,0.22624716869851885,0.7130774944841584,-0.24213485334761328,-2.2095899321545547,0.0,0.0,3.6400000000000015,-2.899852106780641,3.404074038641901,-3.071067303544348,3.575289235405611,-1.1047949660772767,-1.1047949660772767,4.888513421018194,6.217439013346582,5.327789274791918,6.692367936538908,1.1495703873706942,1.1495703873706942,0.48885134210181946,0.6217439013346583,0.5327789274791919,0.6692367936538908,0.11495703873706942,0.11495703873706942,16.048006505929365,16.421945945735505,15.764919963827433,15.689951586463739,3.904110984104889,3.904110984104889,25.425250420436992,2.5425250420436996,71.73304597016582
4.1000000000000005,0.3985055685043335,0.39391428232192993,-0.001406612223945558,0.21919232882267717,0.6976877400223652,-0.4089294879558704,-2.15219725354078,0.0,0.0,-3.6800000000000015,3.6643966438161018,-3.171056911695569,3.3752398298553636,-2.8819000977348344,-1.0760986267703903,-1.0760986267703903,6.944112576258195,5.5900937652038625,6.138609311999048,4.8431890359737055,1.1050734722692257,1.1050734722692257,0.6944112576258195,0.5590093765203863,0.6138609311999048,0.48431890359737056,0.11050734722692257,0.11050734722692257,16.742417763555185,16.98095532225589,16.378780895027337,16.174270490061108,4.014618331331811,4.014618331331811,25.72615163397326,2.572615163397326,74.30566113356315
4.2,0.4130169153213501,0.40786269307136536,-0.006726976949721575,0.21290245248542583,0.6798693106782979,-0.311784132139775,-2.094851683177427,0.0,0.0,3.7200000000000015,-2.9581236334559864,3.4388638333572334,-3.1785883075583836,3.659328507459634,-1.0474258415887128,-1.0474258415887128,5.036600678191947,6.3129959009725285,5.61002065317179,6.929711213167465,1.0612017669979326,1.0612017669979326,0.5036600678191947,0.6312995900972529,0.561002065317179,0.6929711213167465,0.10612017669979326,0.10612017669979326,17.24607783137438,17.612254912353144,16.939782960344516,16.867241611377853,4.120738508031605,4.120738508031605,26.011731979499597,2.6011731979499597,76.90683433151311
4.3,0.42839235067367554,0.4199886918067932,-0.01212514378130436,0.20642178163405578,0.6604006872145131,-0.4776059931174753,-2.0381256307610625,0.0,0.0,-3.7600000000000016,3.746649890489322,-3.2796760862596814,3.4089314540206193,-2.9419576497909823,-1.0190628153805315,-1.0190628153805315,7.179227333719327,5.8797582159979855,6.23075164460698,4.9953700172978195,1.018390806745021,1.018390806745021,0.7179227333719327,0.5879758215997986,0.623075164460698,0.499537001729782,0.10183908067450209,0.10183908067450209,17.96400056474631,18.200230733952942,17.562858124805214,17.366778613107634,4.222577588706106,4.222577588706106,26.321888825112154,2.6321888825112154,79.5390232140243
4.4,0.4423474967479706,0.43283581733703613,-0.01757662557065487,0.2008948525167196,0.6623760074572184,-0.37678929391083615,-1.9825435987193147,0.0,0.0,3.8000000000000016,-3.0124810541369365,3.480851620705206,-3.2789113189397794,3.7472818855080523,-0.9912717993596568,-0.9912717993596568,5.176062649199569,6.428968593404765,5.877701739382107,7.181043927494617,0.9770170991639334,0.9770170991639334,0.5176062649199569,0.6428968593404765,0.5877701739382107,0.7181043927494617,0.09770170991639335,0.09770170991639335,18.48160682966627,18.843127593293417,18.150628298743424,18.084883005857094,4.320279298622499,4.320279298622499,26.617811107808926,2.661781110780893,82.20080432480519
4.5,0.45707085728645325,0.4437987804412842,-0.023058220744132996,0.19521037725181872,0.6355430332087719,-0.5416078488334872,-1.9285793908555067,0.0,0.0,-3.8400000000000016,3.831644855090739,-3.382248066572948,3.448670272436721,-2.9992734839189334,-0.9642896954277534,-0.9642896954277534,7.4249051630985194,6.157738242110571,6.340018833589722,5.1420599996053244,0.9373986561942791,0.9373986561942791,0.742490516309852,0.6157738242110571,0.6340018833589722,0.5142059999605325,0.09373986561942792,0.09373986561942792,19.224097345976123,19.458901417504475,18.784630182102397,18.599089005817625,4.414019164241927,4.414019164241927,26.939519550792696,2.6939519550792697,84.89475627988446
4.6000000000000005,0.4704383611679077,0.45542389154434204,-0.028548164293169975,0.19058644308937026,0.6543455132407413,-0.43851064317631094,-1.850605301311489,0.0,0.0,3.8800000000000017,-3.0646538696551957,3.5273460193067145,-3.374727719067639,3.837419868719161,-0.9253026506557439,-0.9253026506557439,5.311108634796524,6.55820721210671,6.137212287359616,7.441697591443325,0.8811274826608652,0.8811274826608652,0.5311108634796524,0.655820721210671,0.6137212287359617,0.7441697591443326,0.08811274826608652,0.08811274826608652,19.755208209455777,20.114722138715145,19.39835141083836,19.34325876496196,4.5021319125080135,4.5021319125080135,27.210480691027907,2.7210480691027907,87.61580434898728
4.7,0.48451679944992065,0.46517184376716614,-0.03401625156402588,0.1857758811006661,0.613679271290033,-0.6039593277818588,-1.781174024004614,0.0,0.0,-3.9200000000000017,3.9171148240886304,-3.483178049885828,3.490051087853209,-3.05611431365041,-0.8905870120023072,-0.8905870120023072,7.674719143807096,6.435414877479082,6.4544718976034705,5.288925264912436,0.8320081370533615,0.8320081370533615,0.7674719143807096,0.6435414877479082,0.6454471897603471,0.5288925264912436,0.08320081370533616,0.08320081370533616,20.522680123836487,20.75826362646305,20.043798600598706,19.872151291453203,4.58533272621335,4.58533272621335,27.517547457908805,2.7517547457908806,90.36755909477816
4.800000000000001,0.4973568320274353,0.47558367252349854,-0.03943662345409393,0.1820695465777008,0.6453108308096303,-0.5007441868045844,-1.7197639477361004,0.0,0.0,3.9600000000000017,-3.117000631267922,3.573304295706535,-3.4710802413971864,3.927383905835803,-0.8598819738680495,-0.8598819738680495,5.447765100695872,6.686795477082777,6.401916686206923,7.704918902837398,0.7893530745905061,0.7893530745905061,0.5447765100695872,0.6686795477082778,0.6401916686206923,0.7704918902837399,0.07893530745905061,0.07893530745905061,21.067456633906076,21.426943174171328,20.683990269219397,20.642643181736943,4.664268033672401,4.664268033672401,27.82010231600398,2.7820102316003985,93.14956932637854
4.9,0.510883092880249,0.48416873812675476,-0.04478740692138672,0.17810488551763337,0.5848021901339059,-0.66836938559355,-1.6658454270232477,0.0,0.0,-4.000000000000002,4.0008330278277615,-3.5873154335313306,3.5282245029370753,-3.114706908640648,-0.8329227135116241,-0.8329227135116241,7.922070044518938,6.726162986525652,6.56065734161401,5.441752896433988,0.7525235503625697,0.7525235503625697,0.7922070044518938,0.6726162986525652,0.656065734161401,0.5441752896433988,0.07525235503625698,0.07525235503625698,21.85966363835797,22.09955947282389,21.3400560033808,21.18681847138034,4.739520388708658,4.739520388708658,28.155690369817727,2.815569036981773,95.9651383633603
5.0,0.5233103036880493,0.49346300959587097,-0.05005037039518356,0.1752520266115459,0.6267642351499905,-0.5669239971102674,-1.6188895845878872,0.0,0.0,4.040000000000002,-3.1713151460896403,3.614504386969397,-3.5721909488636925,4.0153801897434525,-0.809444792293943,-0.809444792293943,5.59077662138003,6.802776019916455,6.683670578350764,7.965316661736527,0.7209313107993576,0.7209313107993576,0.559077662138003,0.6802776019916456,0.6683670578350764,0.7965316661736528,0.07209313107993576,0.07209313107993576,22.41874130049597,22.779837074815536,22.008423061215876,21.983350137553995,4.811613519788594,4.811613519788594,28.48440250298249,2.8484402502982498,98.81357861365856
5.1000000000000005,0.5364150404930115,0.5009929537773132,-0.05521056801080704,0.17205177417542095,0.542151001145685,-0.7375720451470239,-1.5783749247897427,0.0,0.0,-4.080000000000002,4.081375789636028,-3.698017140298837,3.559833594898937,-3.1764749455617496,-0.7891874623948716,-0.7891874623948716,8.162494727970596,7.039898822765764,6.6490191496078435,5.6044266445766855,0.6940380861452756,0.6940380861452756,0.8162494727970597,0.7039898822765764,0.6649019149607844,0.5604426644576685,0.06940380861452757,0.06940380861452757,23.23499077329303,23.483826957092113,22.67332497617666,22.543792802011662,4.8810173284031215,4.8810173284031215,28.843915517211443,2.8843915517211443,101.6979701653797
5.2,0.5485559105873108,0.5092979669570923,-0.060256022959947586,0.16997229589834725,0.5940790507959545,-0.6391810432179836,-1.5437925721296426,0.0,0.0,4.120000000000002,-3.2284797795592226,3.648557104937908,-3.68044902962455,4.100526355003239,-0.7718962860648206,-0.7718962860648206,5.7426208561859715,6.89913685240364,6.989791949806041,8.220011955031193,0.6713538207427041,0.6713538207427041,0.5742620856185972,0.689913685240364,0.6989791949806041,0.8220011955031193,0.06713538207427042,0.06713538207427042,23.809252858911627,24.173740642332476,23.372304171157264,23.365793997514782,4.948152710477392,4.948152710477392,29.194269254912257,2.9194269254912255,104.61739709087092
5.300000000000001,0.5613659620285034,0.5158857703208923,-0.06517740339040756,0.16746091603734473,0.48296464075075535,-0.812564591957372,-1.5146501484323305,0.0,0.0,-4.160000000000002,4.158119519800232,-3.8166119472520474,3.583549586675095,-3.242042014126913,-0.7573250742161655,-0.7573250742161655,8.393797554060251,7.381252227476735,6.715574406512414,5.778844332221125,0.6524339351337848,0.6524339351337848,0.8393797554060252,0.7381252227476736,0.6715574406512415,0.5778844332221125,0.06524339351337848,0.06524339351337848,24.648632614317652,24.91186586508015,24.043861611808506,23.943678430736895,5.01339610399077,5.01339610399077,29.574336390538093,2.95743363905381,107.57483072992474
5.4,0.5733263492584229,0.5233128666877747,-0.06996776163578033,0.16610368216153526,0.5467005925249,-0.7177871128071129,-1.490473938481883,0.0,0.0,4.200000000000002,-3.2885945510622725,3.6751702473153314,-3.7961466859764945,4.182722382229557,-0.745236969240941,-0.745236969240941,5.903757864876226,6.974759399583225,7.321962767856816,8.468404579390793,0.6368756202240371,0.6368756202240371,0.5903757864876227,0.6974759399583226,0.7321962767856817,0.8468404579390794,0.06368756202240371,0.06368756202240371,25.239008400805275,25.609341805038472,24.77605788859419,24.790518888675976,5.0770836660131735,5.0770836660131735,29.94263585215513,2.9942635852155135,110.56909431514026
5.5,0.5859335660934448,0.5290393829345703,-0.07462222874164581,0.16424548631031904,0.4006116462066092,-0.8926298531352266,-1.4708116786250232,0.0,0.0,-4.240000000000002,4.228466083276491,-3.9451908716214907,3.5972814610350197,-3.3140062493800233,-0.7354058393125119,-0.7354058393125119,8.607703818968837,7.757380019189336,6.7542116743419855,5.972319354043594,0.6243148263760633,0.6243148263760633,0.8607703818968837,0.7757380019189336,0.6754211674341986,0.5972319354043595,0.06243148263760633,0.06243148263760633,26.09977878270216,26.385079806957407,25.451479056028386,25.387750824080335,5.13951514865078,5.13951514865078,30.34024451929588,3.0340244519295885,113.60311876706987
5.6000000000000005,0.5977763533592224,0.5356528162956238,-0.07913777977228165,0.16360448579904302,0.47849197627960316,-0.8015737931384216,-1.4552336192735789,0.0,0.0,4.280000000000002,-3.3542422730504677,3.6925871942211264,-3.9210405378000677,4.259385458970731,-0.7276168096367889,-0.7276168096367889,6.081415544054377,7.024399069590668,7.686259384133014,8.70228803373484,0.6144225174745425,0.6144225174745425,0.6081415544054378,0.7024399069590669,0.7686259384133014,0.8702288033734841,0.06144225174745425,0.06144225174745425,26.7079203371076,27.087519713916475,26.220104994441687,26.257979627453818,5.200957400398234,5.200957400398234,30.72320706646198,3.0723207066461993,116.67543947371605
5.7,0.6102175116539001,0.5405492186546326,-0.08351301401853561,0.16241072084891015,0.31049155345788937,-0.9759665617534958,-1.4433327897477901,0.0,0.0,-4.320000000000002,4.297223194182158,-4.077672511230937,3.607110620154941,-3.3875599372037244,-0.7216663948738954,-0.7216663948738954,8.818503763491861,8.151387762798153,6.781913239085805,6.1722501647067975,0.6069008719543323,0.6069008719543323,0.8818503763491862,0.8151387762798153,0.6781913239085805,0.6172250164706798,0.06069008719543323,0.06069008719543323,27.589770713456783,27.90265849019629,26.89829631835027,26.875204643924498,5.261647487593668,5.261647487593668,31.137856673991273,3.1137856673991284,119.78922514111517
5.800000000000001,0.6219620108604431,0.5463616847991943,-0.08774791657924652,0.1625072827042144,0.3980042215362208,-0.8886335839517572,-1.4347262865313648,0.0,0.0,4.360000000000002,-3.4230741067795183,3.7045055907686515,-4.05143293998191,4.332864423971047,-0.7173631432656818,-0.7173631432656818,6.269566163325624,7.058434999164784,8.072833958282898,8.928442128457878,0.6014806043174447,0.6014806043174447,0.6269566163325625,0.7058434999164784,0.8072833958282898,0.8928442128457879,0.06014806043174447,0.06014806043174447,28.216727329789347,28.60850199011277,27.70557971417856,27.768048856770285,5.321795548025412,5.321795548025412,31.532238457866075,3.153223845786607,122.94244898690178
5.9,0.6342291235923767,0.5504189729690552,-0.09184369444847107,0.1620082321866696,0.2129391311016438,-1.0606561082535892,-1.4290547537176568,0.0,0.0,-4.400000000000002,4.363830880175119,-4.213260176593174,3.613833753522073,-3.463263049940131,-0.7145273768588287,-0.7145273768588287,9.024328680999023,8.561314585761599,6.800882831934238,6.3803023106194345,0.5979176144403493,0.5979176144403493,0.9024328680999023,0.8561314585761599,0.6800882831934238,0.6380302310619435,0.05979176144403493,0.05979176144403493,29.11916019788925,29.464633448688932,28.385667997371982,28.40607908783223,5.381587309469447,5.381587309469447,31.96266363819499,3.1962663638194995,126.1387153507213
6.0,0.6458560824394226,0.5554064512252808,-0.09580257534980774,0.1628663887077562,0.3202943125788755,-0.9773577899220739,-1.4259824919868271,0.0,0.0,4.440000000000002,-3.4903353640902655,3.71681764449027,-4.1814316849896604,4.407913965389669,-0.712991245993413,-0.712991245993413,6.4552605208787135,7.093652653370397,8.464485133331475,9.16141806305294,0.5959904960985946,0.5959904960985946,0.6455260520878714,0.7093652653370398,0.8464485133331476,0.9161418063052941,0.059599049609859456,0.059599049609859456,29.76468624997712,30.173998714025974,29.23211651070513,29.322220894137523,5.441186359079307,5.441186359079307,32.36679736283072,3.2366797362830715,129.37539508700436
6.1000000000000005,0.6579124331474304,0.5585922598838806,-0.09962767362594604,0.1630812480110849,0.11908478708866072,-1.145155169695262,-1.4251967285482843,0.0,0.0,-4.480000000000002,4.431678687666758,-4.347473027180208,3.621931701664406,-3.537726041177861,-0.7125983642741425,-0.7125983642741425,9.235606810321107,8.973634615837739,6.82375495652962,6.587177034089355,0.5954979483025721,0.5954979483025721,0.9235606810321108,0.8973634615837739,0.6823754956529621,0.6587177034089355,0.05954979483025721,0.05954979483025721,30.688246931009232,31.071362175609746,29.914492006358092,29.98093859754646,5.500736153909564,5.500736153909564,32.81116931338296,3.281116931338297,132.65651201834265
6.2,0.6693905591964722,0.5627138614654541,-0.1033228188753128,0.16469290704949566,0.24748149088004717,-1.0663472921834176,-1.426407507269458,0.0,0.0,4.520000000000002,-3.5557714431935277,3.730767283612965,-4.309792844596335,4.484788685015776,-0.7132037536347284,-0.7132037536347284,6.637641531599112,7.133625027195859,8.8572240681633,9.402124872859368,0.596256969155674,0.596256969155674,0.6637641531599112,0.713362502719586,0.88572240681633,0.9402124872859368,0.059625696915567405,0.059625696915567405,31.352011084169142,31.784724678329333,30.800214413174423,30.921151084832395,5.560361850825132,5.560361850825132,33.223129438128986,3.322312943812899,135.97882496215556
6.300000000000001,0.6811946034431458,0.5649889707565308,-0.10689244419336319,0.16560370567116986,0.030056625438677084,-1.228253894869958,-1.4293469312001033,0.0,0.0,-4.560000000000002,4.500737714661296,-4.479484470994022,3.63223105657996,-3.6109778129126897,-0.714673465600052,-0.714673465600052,9.452323896419493,9.385449794905652,6.852881767311336,6.792822522208186,0.598100994739825,0.598100994739825,0.9452323896419493,0.9385449794905653,0.6852881767311336,0.6792822522208186,0.059810099473982505,0.059810099473982505,32.29724347381109,32.7232696578199,31.485502589905558,31.600433337053214,5.620171950299114,5.620171950299114,33.679679970324315,3.367967997032432,139.346792959188
6.4,0.692498505115509,0.5682080984115601,-0.11034146696329117,0.16791897312014203,0.17958342413600045,-1.1548459603829246,-1.433768184559421,0.0,0.0,4.600000000000002,-3.6196434300653735,3.746628087060637,-4.436242839878029,4.5632274968732975,-0.71688409227971,-0.71688409227971,6.817289288716802,7.179164665116165,9.249878005125181,9.649864585790452,0.6008782069765334,0.6008782069765334,0.6817289288716802,0.7179164665116166,0.9249878005125182,0.9649864585790452,0.06008782069765334,0.06008782069765334,32.97897240268277,33.441186124331516,32.410490390418076,32.56541979563226,5.680259770996767,5.680259770996767,34.09795295870166,3.4097952958701665,142.75658825505815
6.5,0.7040202617645264,0.5695465803146362,-0.11367517709732056,0.16946983296063012,-0.05489926872024423,-1.3096834575985787,-1.4394451333849387,0.0,0.0,-4.640000000000002,4.570646367592443,-4.609466012786709,3.644560313516643,-3.683379958710913,-0.7197225666924697,-0.7197225666924697,9.673407195082,9.796906506469867,6.887803526411258,6.998143103070891,0.6044504677087172,0.6044504677087172,0.9673407195082,0.9796906506469867,0.6887803526411258,0.6998143103070892,0.06044504677087173,0.06044504677087173,33.94631312219097,34.4208767749785,33.0992707430592,33.26523410593935,5.740704817767639,5.740704817767639,34.56516126645145,3.456516126645145,146.21310438170332
6.6000000000000005,0.7151359915733337,0.5718479156494141,-0.11689915508031845,0.17241298344484896,0.11552726278136,-1.2431445756911017,-1.4461708619404596,0.0,0.0,4.680000000000002,-3.6822278276384828,3.7639179385631016,-4.5612637871049335,4.642953898029557,-0.7230854309702293,-0.7230854309702293,6.994859917104553,7.228917315646613,9.643636265628116,9.90386233394301,0.6086918050019373,0.6086918050019373,0.6994859917104553,0.7228917315646614,0.9643636265628116,0.9903862333943011,0.060869180500193736,0.060869180500193736,34.645799113901425,35.14376850654316,34.063634369622015,34.25562033933365,5.801573998267833,5.801573998267833,34.98865944232617,3.498865944232617,149.7119703259359
6.7,0.7263591885566711,0.5722472667694092,-0.12001919001340866,0.1745293301925065,-0.13715028547513045,-1.3900035840136746,-1.453757052629069,0.0,0.0,-4.720000000000002,4.641119094130629,-4.738098991031763,3.6582381340009555,-3.755218030902094,-0.7268785263145349,-0.7268785263145349,9.897992197095915,10.209846973069148,6.926614165331476,7.203868460164322,0.6134876102437035,0.6134876102437035,0.9897992197095915,1.0209846973069148,0.6926614165331477,0.7203868460164322,0.06134876102437035,0.06134876102437035,35.635598333611014,36.164753203850076,34.756295786155164,34.976007185350085,5.8629227592922035,5.8629227592922035,35.46529701614826,3.546529701614827,153.25850002755072
6.800000000000001,0.7372840046882629,0.5736434459686279,-0.12304117530584335,0.17802147052035266,0.05392903865741804,-1.3322014105785862,-1.4620336845923227,0.0,0.0,4.7600000000000025,-3.743675142066736,3.781808731004266,-4.685683793393137,4.7238173823306715,-0.7310168422961608,-0.7310168422961608,7.170678834605954,7.280519645371414,10.040896815730092,10.163719895501904,0.618734186380807,0.618734186380807,0.7170678834605955,0.7280519645371415,1.0040896815730092,1.0163719895501904,0.061873418638080706,0.061873418638080706,36.35266621707161,36.89280516838722,35.76038546772817,35.99237917490027,5.9247961779302845,5.9247961779302845,35.893283563970975,3.5893283563970977,156.84782838394784
6.9,0.7482041120529175,0.5731272101402283,-0.12597110867500305,0.18063064587012467,-0.218140825763347,-1.4702980004523614,-1.4708465621043005,0.0,0.0,-4.8000000000000025,4.71202837654804,-4.866277233698933,3.672370690063153,-3.826619547214052,-0.7354232810521506,-0.7354232810521506,10.125695977202842,10.626941960883087,6.9667913934977,7.410303001730517,0.6243370369718392,0.6243370369718392,1.0125695977202842,1.0626941960883087,0.69667913934977,0.7410303001730517,0.06243370369718392,0.06243370369718392,37.365235814791895,37.95549936447553,36.45706460707794,36.73340947507332,5.987229881627468,5.987229881627468,36.37840640725782,3.6378406407257824,160.4856690246736
7.0,0.7589409351348877,0.5736562013626099,-0.1288149505853653,0.18460796274711586,-0.006138724509005067,-1.423330318231261,-1.4800582646696525,0.0,0.0,4.8400000000000025,-3.8038487684825975,3.7995080347544428,-4.810295288372329,4.805954554644178,-0.7400291323348257,-0.7400291323348257,7.3442575951944145,7.331689914889436,10.444090911503126,10.429957229673514,0.6302114115708309,0.6302114115708309,0.7344257595194414,0.7331689914889437,1.0444090911503128,1.0429957229673514,0.0630211411570831,0.0630211411570831,38.099661574311334,38.688668355964474,37.50147369822825,37.77640519804068,6.050251022784551,6.050251022784551,36.810418474402155,3.6810418474402153,164.16671087211384
7.1000000000000005,0.76955646276474,0.5722659230232239,-0.13157868385314941,0.18765184319389616,-0.29862711587837704,-1.5515700558186254,-1.4895449277767299,0.0,0.0,-4.880000000000003,4.783461585881508,-4.994622844565287,3.686335877926168,-3.8974971366099522,-0.7447724638883653,-0.7447724638883653,10.356821085102874,11.05012235027524,7.006568827055608,7.6171366187058025,0.636280267247777,0.636280267247777,1.0356821085102874,1.105012235027524,0.7006568827055608,0.7617136618705803,0.0636280267247777,0.0636280267247777,39.13534368282162,39.793680590992,38.20213058093381,38.53811885991126,6.113879049509329,6.113879049509329,37.303209415635074,3.7303209415635075,167.89703181367736
7.2,0.7801046967506409,0.5719773173332214,-0.1342681497335434,0.19206936991414802,-0.06446119805138509,-1.5174144682228767,-1.499197750001029,0.0,0.0,4.920000000000003,-3.8623605058853556,3.81677955561981,-4.935334566236329,4.889753615970788,-0.7495988750005139,-0.7495988750005139,7.514364355745444,7.381738459730961,10.853952985419237,10.703935972699766,0.6424752868835804,0.6424752868835804,0.7514364355745444,0.7381738459730962,1.0853952985419237,1.0703935972699765,0.06424752868835804,0.06424752868835804,39.88678011839617,40.53185443696509,39.28752587947574,39.608512457181234,6.178126578197687,6.178126578197687,37.738942347362574,3.7738942347362565,171.6709260484136
7.300000000000001,0.7904069423675537,0.5697547793388367,-0.13688910007476807,0.1955005560046607,-0.38691157938672655,-1.6338704721797754,-1.5089203705995042,0.0,0.0,-4.960000000000003,4.85250130508783,-5.12608910659178,3.697180414629044,-3.970768216132998,-0.7544601852997523,-0.7544601852997523,10.581848248628722,11.489265479924448,7.037509651506119,7.832940782038383,0.64873529502808,0.64873529502808,1.0581848248628722,1.1489265479924449,0.703750965150612,0.7832940782038383,0.064873529502808,0.064873529502808,40.94496494325904,41.680780984957536,39.99127684462635,40.39180653538507,6.243000107700495,6.243000107700495,38.23903475215384,3.823903475215383,175.49482952362894
7.4,0.8007532954216003,0.5686848163604736,-0.1394471675157547,0.2003161417100835,-0.12190054260577565,-1.6138890695081256,-1.5186277847060323,0.0,0.0,5.000000000000003,-3.9197148578801655,3.8335181575733004,-5.060906763012208,4.974710062705347,-0.7593138923530155,-0.7593138923530155,7.682361697412752,7.430350915658424,11.270820738567458,10.984105589306196,0.6550056655702517,0.6550056655702517,0.7682361697412752,0.7430350915658425,1.127082073856746,1.0984105589306197,0.06550056655702517,0.06550056655702517,41.71320111300031,42.42381607652338,41.118358918483096,41.49021709431569,6.3085006742575205,6.3085006742575205,38.67765027208533,3.8677650272085327,179.3625945508375
7.5,0.8107119202613831,0.5656464099884033,-0.14194776117801666,0.2040795761641426,-0.476678065437811,-1.7154417043323107,-1.5282472368050373,0.0,0.0,-5.040000000000003,4.920759244649909,-5.257821537163868,3.707758782786324,-4.044821075300288,-0.7641236184025189,-0.7641236184025189,10.80590669971739,11.93498285354795,7.067734817050785,8.053079946592495,0.6612390194277497,0.6612390194277497,1.0805906699717391,1.193498285354795,0.7067734817050786,0.8053079946592496,0.06612390194277497,0.06612390194277497,42.79379178297205,43.61731436187817,41.825132400188174,42.29552508897494,6.374624576200295,6.374624576200295,39.184182355764115,3.918418235576412,183.2810127864139
7.6000000000000005,0.8208312392234802,0.5637971758842468,-0.14439615607261658,0.20922806847614506,-0.17511124898526248,-1.7102200813380535,-1.5377150732088845,0.0,0.0,5.080000000000003,-3.9756249270494286,3.8518025754299017,-5.184933143884974,5.061110792265453,-0.7688575366044414,-0.7688575366044414,7.8473160705629885,7.483574158568232,11.687665647108894,11.271502316125492,0.6673933140605717,0.6673933140605717,0.7847316070562989,0.7483574158568232,1.1687665647108894,1.1271502316125492,0.06673933140605717,0.06673933140605717,43.57852339002835,44.365671777734995,42.99389896489906,43.42267532058749,6.441363907606353,6.441363907606353,39.62484482048674,3.9624844820486755,187.2434972684626
7.7,0.8303964138031006,0.5599148273468018,-0.14679734408855438,0.213233788881767,-0.5663771627389679,-1.7923499475016649,-1.546978309660033,0.0,0.0,-5.120000000000003,4.987392394167711,-5.38788152664963,3.72000959202993,-4.120498724511854,-0.7734891548300168,-0.7734891548300168,11.026136023002842,12.380554438158823,7.102792499555818,8.280140649046508,0.6734329796553926,0.6734329796553926,1.1026136023002842,1.2380554438158824,0.7102792499555819,0.8280140649046509,0.06734329796553927,0.06734329796553927,44.68113699232863,45.603727221550876,43.70417821485464,44.25068938549214,6.508707205571892,6.508707205571892,40.13648956907478,4.013648956907478,191.25714622537004
7.800000000000001,0.8402587175369263,0.557243287563324,-0.14915618300437927,0.21860675035491411,-0.21969093463043804,-1.8020365630014565,-1.555991151909904,0.0,0.0,5.160000000000003,-4.030079597021106,3.8747346473787108,-5.304311870665534,5.148966921023144,-0.7779955759549512,-0.7779955759549512,8.009095526538037,7.5505047844111495,12.093628235431888,11.566266387081159,0.6793267698699491,0.6793267698699491,0.8009095526538037,0.755050478441115,1.2093628235431888,1.1566266387081159,0.06793267698699491,0.06793267698699491,45.48204654498244,46.35877769999199,44.91354103839783,45.407316024200256,6.576639882558887,6.576639882558887,40.578148473202134,4.057814847320213,195.31496107269027
7.9,0.8493601083755493,0.5524370074272156,-0.15147723257541656,0.2227155043014043,-0.6555275414443887,-1.858972832789478,-1.5647167654801168,0.0,0.0,-5.200000000000003,5.050583121853031,-5.514111091662902,3.736090825746026,-4.199618795555901,-0.7823583827400588,-0.7823583827400588,11.23635165344621,12.81817820550588,7.148899243439985,8.51976947586728,0.6850490181995524,0.6850490181995524,1.123635165344621,1.2818178205505881,0.7148899243439986,0.851976947586728,0.06850490181995525,0.06850490181995525,46.60568171032706,47.640595520542576,45.62843096274183,46.259292971786984,6.645144784378843,6.645144784378843,41.093296614658456,4.109329661465847,199.4242907341561
8.0,0.8589386940002441,0.5488635301589966,-0.15376484394073486,0.2281623391370442,-0.2489019659318661,-1.8841997813114855,-1.5731249250539898,0.0,0.0,5.240000000000003,-4.08251357112957,3.906513303168482,-5.414844013605131,5.238843745644047,-0.7865624625269941,-0.7865624625269941,8.165908202915414,7.643583235457537,12.473604315611764,11.870423290008144,0.6905781970155217,0.6905781970155217,0.8165908202915415,0.7643583235457537,1.2473604315611766,1.1870423290008145,0.06905781970155217,0.06905781970155217,47.422272530618606,48.40495384408833,46.87579139430301,47.4463353007878,6.714202604080395,6.714202604080395,41.534675438023896,4.153467543802391,203.5777582779585
8.1,0.8674823045730591,0.5430079698562622,-0.15602312982082367,0.23218781923290796,-0.748316145020716,-1.9084815421835246,-1.5811917679119865,0.0,0.0,-5.280000000000003,5.106436767885053,-5.635576188500575,3.756936527637721,-4.286075948253249,-0.7905958839559936,-0.7905958839559936,11.423257734577462,13.244041290199258,7.208814074732308,8.784212461460895,0.6958968350057244,0.6958968350057244,1.142325773457746,1.3244041290199258,0.7208814074732308,0.8784212461460895,0.06958968350057244,0.06958968350057244,48.564598304076355,49.72935797310826,47.596672801776236,48.32475654693389,6.783792287580967,6.783792287580967,42.052119230981376,4.205211923098137,207.78297020105668
8.200000000000001,0.8767693042755127,0.5384522676467896,-0.1582559496164322,0.23754605959149144,-0.2480789472293103,-1.9521252246504286,-1.5888993807721898,0.0,0.0,5.320000000000003,-4.129362718641409,3.9539444127859427,-5.509723702717038,5.334305396861576,-0.7944496903860941,-0.7944496903860941,8.306873302300712,7.783212304646373,12.802882772329504,12.196349243906331,0.7009913162308181,0.7009913162308181,0.8306873302300712,0.7783212304646373,1.2802882772329505,1.2196349243906333,0.07009913162308182,0.07009913162308182,49.395285634306425,50.50767920357289,48.876961079009185,49.54439147132452,6.853891419204049,6.853891419204049,42.49130025564456,4.249130025564456,212.03210022662114
8.3,0.8846120834350586,0.5313795208930969,-0.16046695411205292,0.24126257103426285,-0.8682526249214287,-1.9290483999680383,-1.5962345501789215,0.0,0.0,-5.360000000000003,5.1424597004285815,-5.756407019293542,3.778416495574122,-4.392363814439087,-0.7981172750894611,-0.7981172750894611,11.544347292416026,13.672259067465687,7.270726038922618,9.112981642402392,0.7058511141113685,0.7058511141113685,1.1544347292416026,1.3672259067465689,0.7270726038922618,0.9112981642402392,0.07058511141113685,0.07058511141113685,50.549720363548026,51.87490511031946,49.604033682901445,50.45568963556476,6.924476530615186,6.924476530615186,43.01201626942945,4.301201626942945,216.33330185356405
8.4,0.8936713337898254,0.525860071182251,-0.16265949606895447,0.24644579075753992,-0.15546633763521878,-1.9999613728643406,-1.6031894181538386,0.0,0.0,5.400000000000003,-4.1508619834784595,4.040930681890358,-5.565048232341991,5.455116930753894,-0.8015947090769185,-0.8015947090769185,8.371831482232894,8.041464309960519,12.996201520145068,12.613021443341816,0.710469274450175,0.710469274450175,0.8371831482232894,0.804146430996052,1.2996201520145068,1.2613021443341816,0.0710469274450175,0.0710469274450175,51.386903511771315,52.67905154131551,50.90365383491595,51.71699177989894,6.9955234580602035,6.9955234580602035,43.44345730458065,4.344345730458065,220.6776475840221
8.5,0.9004504680633545,0.5172849893569946,-0.16483673453330994,0.24955230044881596,-1.1817532195451683,-1.8431927664406857,-1.6097595933247368,0.0,0.0,-5.440000000000003,5.072421351275906,-5.908047066505327,3.7690872470917047,-4.604712962321131,-0.8048797966623688,-0.8048797966623688,11.30930771035277,14.216050499621616,7.243814557806152,9.781757294527829,0.7148412033989365,0.7148412033989365,1.1309307710352772,1.4216050499621617,0.7243814557806152,0.9781757294527829,0.07148412033989365,0.07148412033989365,52.51783428280659,54.10065659127767,51.628035290696566,52.69516750935172,7.067007578400097,7.067007578400097,43.980612469106234,4.398061246910624,225.07570883093274
8.6,0.9097769260406494,0.5115148425102234,-0.1670016050338745,0.2550628571005797,0.7157974857941111,-1.787308066010581,-1.6159440816848236,0.0,0.0,5.480000000000003,-3.9891634016274637,4.495308657788759,-5.252981055172958,5.759126311334258,-0.807972040842411,-0.807972040842411,7.887434701103344,9.435226124225121,11.918505181927928,13.681948250898662,0.718964648815381,0.718964648815381,0.7887434701103344,0.9435226124225121,1.191850518192793,1.3681948250898663,0.0718964648815381,0.0718964648815381,53.30657775291692,55.04417920370018,52.81988580888936,54.063362334441585,7.138904043281635,7.138904043281635,44.36104355578582,4.436104355578583,229.51181318651132
8.700000000000001,0.912207841873169,0.5003297924995422,-0.1691567748785019,0.25702090633981833,-1.5236149934761387,3.587893790519849,-1.6217456137228767,0.0,0.0,-5.520000000000003,3.1025312945341192,-4.179889788338592,5.639555323987809,-6.716913817792287,-0.8108728068614387,-0.8108728068614387,5.409875792511576,8.459803665706813,13.25807068160515,17.233270381922658,0.7228399419049113,0.7228399419049113,0.5409875792511576,0.8459803665706813,1.325807068160515,1.7233270381922658,0.07228399419049113,0.07228399419049113,53.84756533216808,55.89015957027086,54.145692877049875,55.78668937263385,7.211188037472127,7.211188037472127,45.806700405556015,4.580670040555602,234.0924832270669
8.8,0.9111914038658142,0.5096308588981628,-0.17130474746227264,0.27956997354569657,1.2554167314637918,3.4440939241414483,-1.6271687732347608,0.0,0.0,5.560000000000003,-5.719114498230896,6.6068281822639925,-3.283772329427092,4.171486013460193,-0.8135843866173796,-0.8135843866173796,13.539612178877784,16.811348718249732,5.89077718750767,8.434303517526148,0.7264687647532977,0.7264687647532977,1.3539612178877785,1.6811348718249732,0.589077718750767,0.8434303517526148,0.07264687647532977,0.07264687647532977,55.20152655005586,57.571294442095834,54.73477059580064,56.63011972438647,7.283834913947456,7.283834913947456,46.12897913166793,4.612897913166792,238.70538114023373
8.9,0.9032874703407288,0.5113489031791687,-0.17344777286052704,0.29654713909719693,2.496719589730669,0.7034858704593678,-1.63222104934541,0.0,0.0,-5.600000000000003,5.614881817102441,-3.8494344644825884,6.112321446573181,-4.346874093953333,-0.8161105246727053,-0.8161105246727053,13.17115823353942,7.476673801121405,14.959680436338916,8.971780289385308,0.7298548625074045,0.7298548625074045,1.3171158233539422,0.7476673801121405,1.4959680436338916,0.8971780289385308,0.07298548625074046,0.07298548625074046,56.518642373409804,58.318961822207974,56.230738639434534,57.527297753325,7.356820400198196,7.356820400198196,46.039002485399855,4.603900248539985,243.30928138877368
9.0,0.8981363773345947,0.5046725869178772,-0.17558792233467102,0.30517567678367474,-3.0670420148448496,-0.7704812772881856,-1.6369114790130417,0.0,0.0,5.640000000000003,-5.828412490676776,3.659686283795929,-6.3732250266245245,4.204498819743682,-0.8184557395065201,-0.8184557395065201,13.929593993630915,6.930727525566309,15.927657825633514,8.534623951592955,0.7330031411264369,0.7330031411264369,1.3929593993630915,0.6930727525566309,1.5927657825633514,0.8534623951592956,0.07330031411264369,0.07330031411264369,57.9116017727729,59.012034574764606,57.82350442199789,58.3807601484843,7.43012071431084,7.43012071431084,46.78860957867657,4.678860957867657,247.98814234664138
9.1,0.9016697406768799,0.511216938495636,-0.17772707343101501,0.3244626286921292,1.9679723571867995,-1.9043838460024496,-1.6412507164685686,0.0,0.0,-5.680000000000003,6.421118020115025,-5.029551421160563,5.074515288624575,-3.682948689670117,-0.8206253582342846,-0.8206253582342846,16.107532501324798,11.166238939654773,11.316311296190825,6.996914071249969,0.7359197145177339,0.7359197145177339,1.61075325013248,1.1166238939654773,1.1316311296190826,0.6996914071249969,0.07359197145177339,0.07359197145177339,59.52235502290538,60.12865846873008,58.95513555161697,59.080451555609294,7.503712685762614,7.503712685762614,47.058836237455836,4.705883623745584,252.69402597038697
9.200000000000001,0.9027985334396362,0.5195842385292053,-0.17986690998077393,0.3462779086158746,2.5238900936706865,2.4499351043793594,-1.645250765988108,0.0,0.0,5.720000000000003,-5.061464017359674,6.846123817563765,-3.3290982915860567,5.113758091790152,-0.8226253829940532,-0.8226253829940532,11.2726823279146,17.732916210434947,6.01316283609966,11.447833581821957,0.7386117238607368,0.7386117238607368,1.12726823279146,1.7732916210434948,0.601316283609966,1.1447833581821958,0.07386117238607369,0.07386117238607369,60.64962325569684,61.90195008977358,59.55645183522694,60.22523491379149,7.577573858148687,7.577573858148687,47.94381840399264,4.7943818403992635,257.4884078107862
9.3,0.9062581062316895,0.5271223783493042,-0.18200895190238953,0.36695649011126064,0.2292882538445053,-3.4598857924967286,-1.648924597840385,0.0,0.0,-5.760000000000003,6.427508746829904,-6.26537746769003,3.9810000408244752,-3.818868761684606,-0.8244622989201928,-0.8244622989201928,16.131585426361525,15.525081873881572,7.863236009453299,7.387800147105797,0.7410870755786183,0.7410870755786183,1.6131585426361525,1.5525081873881572,0.7863236009453299,0.7387800147105797,0.07410870755786184,0.07410870755786184,62.26278179833299,63.454458277161734,60.34277543617227,60.96401492850207,7.651682565706549,7.651682565706549,48.389877607959434,4.838987760795943,262.32739557158214
9.4,0.9064697623252869,0.5179663300514221,-0.18415454030036926,0.3723361493144403,0.22001484767129745,-3.4337506394262705,-1.652286081231511,0.0,0.0,-5.800000000000003,6.450567630335625,-6.294993639585524,4.022539268293666,-3.8669652775435694,-0.8261430406157558,-0.8261430406157558,16.21847206868726,15.635291456125675,7.9866283687679775,7.527806489059844,0.7433543906623327,0.7433543906623327,1.621847206868726,1.5635291456125675,0.7986628368767978,0.7527806489059845,0.07433543906623327,0.07433543906623327,63.88462900520172,65.0179874227743,61.14143827304907,61.71679557740805,7.726018004772783,7.726018004772783,48.85490716396542,4.885490716396543,267.2128862879787
9.5,0.9140806794166565,0.5244660377502441,-0.18630489706993103,0.3914659430598467,0.1634479594857896,-3.5363637523510643,-1.6553492220609152,0.0,0.0,-5.840000000000003,6.502425128898562,-6.386849968375055,4.0018383388688195,-3.886263178345317,-0.8276746110304579,-0.8276746110304579,16.41444028259274,15.978761313962664,7.92505616442418,7.584227458899563,0.7454224836571001,0.7454224836571001,1.641444028259274,1.5978761313962666,0.792505616442418,0.7584227458899564,0.07454224836571001,0.07454224836571001,65.52607303346099,66.61586355417056,61.93394388949149,62.47521832329801,7.800560253138493,7.800560253138493,49.39333018719334,4.939333018719336,272.15221930669804
9.600000000000001,0.0,0.0,0.0,1.0282561199447204,3.8000000000000016,-0.39459597459479984,-4.029311878638342,0.0,0.0,-5.8800000000000034,6.7129354822911695,-4.025929713782285,6.433913992826272,-3.7469082243173926,-2.014655939319171,-2.014655939319171,17.217962106320524,7.996727934483872,16.155704999352814,7.179969864768324,2.830833787991613,2.830833787991613,1.7217962106320526,0.7996727934483873,1.6155704999352816,0.7179969864768325,0.2830833787991613,0.2830833787991613,67.24786924409304,67.41553634761895,63.54951438942677,63.19321530977484,8.083643631937655,8.083643631937655,54.21203248090876,5.421203248090876,277.5734225547889
9.700000000000001,0.0,0.0,0.0,1.0288965230515765,3.8400000000000016,-0.5201676657695676,-4.183411878638343,0.0,0.0,-5.9200000000000035,6.807051614774613,-4.091761575018268,6.4392375309549745,-3.7239474911986337,-2.0917059393191715,-2.0917059393191715,17.58132504826501,8.193670916046026,16.175760435243813,7.11407371299231,2.994773504768944,2.994773504768944,1.7581325048265013,0.8193670916046026,1.6175760435243813,0.711407371299231,0.2994773504768944,0.2994773504768944,69.00600174891954,68.23490343922356,65.16709043295116,63.90462268107407,8.38312098241455,8.38312098241455,55.05437712208504,5.505437712208504,283.07886026699737
9.8,0.0,0.0,0.0,1.0295253632017827,3.8800000000000017,-0.6473049361674185,-4.339611878638343,0.0,0.0,-5.9600000000000035,6.901721263100621,-4.158146952096812,6.4440075532411125,-3.700433242237311,-2.1698059393191715,-2.1698059393191715,17.949367987641367,8.393880618600344,16.193737647205857,7.046799233366896,3.1640575803821522,3.1640575803821522,1.7949367987641367,0.8393880618600345,1.619373764720586,0.7046799233366896,0.31640575803821525,0.31640575803821525,70.80093854768369,69.0742915010836,66.78646419767175,64.60930260441076,8.699526740452765,8.699526740452765,55.91190064757876,5.5911900647578765,288.6700503317553
9.9,0.0,0.0,0.0,1.0301467520948082,3.9200000000000017,-0.7758846555578708,-4.497911878638343,0.0,0.0,-6.0000000000000036,6.99690089415872,-4.22504231190745,6.44826759279516,-3.676409010543896,-2.2489559393191714,-2.2489559393191714,18.321946961037206,8.597251502606952,16.209798467079867,6.978286094774997,3.3387542843838007,3.3387542843838007,1.8321946961037208,0.8597251502606952,1.6209798467079868,0.6978286094774998,0.3338754284383801,0.3338754284383801,72.63313324378741,69.9340166513443,68.40744404437973,65.30713121388825,9.033402168891145,9.033402168891145,56.784791594266636,5.678479159426662,294.348529491182
10.0,0.0,0.0,0.0,1.0307642613463697,3.9600000000000017,-0.9057805732586204,-4.658311878638343,0.0,0.0,-6.040000000000004,7.092545871592119,-4.292403018093385,6.452062285973909,-3.6519194324751827,-2.3291559393191714,-2.3291559393191714,18.69890898836961,8.803670410559805,16.224109348134764,6.908675897840978,3.518932098794718,3.518932098794718,1.8698908988369611,0.8803670410559805,1.6224109348134765,0.6908675897840979,0.3518932098794718,0.3518932098794718,74.50302414262437,70.81438369240027,70.0298549791932,65.99799880367235,9.385295378770618,9.385295378770618,57.673228842494595,5.7673228842494595,300.11585237543136
10.100000000000001,0.0,0.0,0.0,1.0313809082466592,4.000000000000002,-1.0368634412357858,-4.7888118786383425,0.0,0.0,-6.080000000000004,7.188610499320207,-4.360183374574014,6.455437328857965,-3.627010204111775,-2.3944059393191712,-2.3944059393191712,19.080092118163638,9.01301657550395,16.236841143615887,6.838111909108105,3.6678343166357785,3.6678343166357785,1.9080092118163638,0.9013016575503952,1.6236841143615888,0.6838111909108106,0.36678343166357785,0.36678343166357785,76.41103335444073,71.71568534995066,71.6535390935548,66.68180999458316,9.752078810434195,9.752078810434195,58.50373037966314,5.850373037966313,305.9662254133977
10.200000000000001,0.0,0.0,0.0,1.0319991439160265,4.040000000000002,-1.169001141532994,-4.919811878638343,0.0,0.0,-6.120000000000004,7.285048066591557,-4.428336670597901,6.458439432198761,-3.601728036205111,-2.4599059393191713,-2.4599059393191713,19.4653254915888,9.225161647902208,16.24816888315556,6.766738796254627,3.8193617063844405,3.8193617063844405,1.94653254915888,0.9225161647902209,1.6248168883155563,0.6766738796254628,0.3819361706384441,0.3819361706384441,78.3575659035996,72.63820151474089,73.27835598187035,67.35848387420863,10.134014981072639,10.134014981072639,59.34411823167008,5.934411823167009,311.90063723656476
10.3,0.0,0.0,0.0,1.0326208439558424,4.080000000000002,-1.3020588179046853,-5.051311878638343,0.0,0.0,-6.160000000000004,7.381810894523304,-4.496815227282187,6.46111627487916,-3.576120607638048,-2.5256559393191713,-2.5256559393191713,19.85442942550347,9.439969741134332,16.258271547776907,6.694702365421671,3.97351008615342,3.97351008615342,1.985442942550347,0.9439969741134333,1.6258271547776908,0.6694702365421672,0.397351008615342,0.397351008615342,80.34300884614996,73.58219848885432,74.90418313664804,68.0279541107508,10.53136598968798,10.53136598968798,60.194393252143215,6.0194393252143215,317.92007656177907
10.4,0.0,0.0,0.0,1.033247301673063,4.120000000000002,-1.4358990115236496,-5.183311878638343,0.0,0.0,-6.200000000000004,7.478850384081022,-4.565570445592442,6.463516455933588,-3.550236517445015,-2.5916559393191716,-2.5916559393191716,20.24721551471068,9.65729749585918,16.267331844214276,6.62214930173734,4.130275830009344,4.130275830009344,2.024721551471068,0.965729749585918,1.6267331844214277,0.6622149301737341,0.41302758300093445,0.41302758300093445,82.36773039762103,74.54792823844024,76.53091632106947,68.69016904092453,10.944393572688915,10.944393572688915,61.05454581654016,6.1054545816540156,324.0255311434331
10.5,0.0,0.0,0.0,1.0338792239365988,4.160000000000002,-1.5703818006278225,-5.315811878638343,0.0,0.0,-6.240000000000004,7.5761170654513155,-4.634552855715274,6.465689445175441,-3.5241252354394046,-2.6579059393191713,-2.6579059393191713,20.643486753580216,9.876994163418116,16.27553597926186,6.549226914127586,4.289655832470163,4.289655832470163,2.064348675358022,0.9876994163418117,1.6275535979261861,0.6549226914127586,0.4289655832470163,0.4289655832470163,84.43207907297905,75.53562765478205,78.15846991899565,69.3450917323373,11.373359155935931,11.373359155935931,61.9245554753281,6.192455547532813,330.21798669096586
10.600000000000001,0.0,0.0,0.0,1.0345167297023081,4.200000000000002,-1.7053649439662644,-5.4488118786383435,0.0,0.0,-6.280000000000004,7.673560648757632,-4.703712167774129,6.467685532481269,-3.497837051497772,-2.7244059393191717,-2.7244059393191717,21.04303767714318,10.098901708404469,16.28307343484645,6.4760828855071235,4.451647475979997,4.451647475979997,2.104303767714318,1.0098901708404469,1.6283073434846451,0.6476082885507124,0.44516474759799973,0.44516474759799973,86.53638284069336,76.5455178256225,79.7867772624803,69.99270002088801,11.818523903533931,11.818523903533931,62.80439065786122,6.280439065786121,336.4984257567521
10.700000000000001,0.0,0.0,0.0,1.0351593512215922,4.240000000000002,-1.840704027899485,-5.582311878638343,0.0,0.0,-6.320000000000004,7.771130076068084,-4.772997323837118,6.469555775782965,-3.4714230235520045,-2.7911559393191716,-2.7911559393191716,21.44565452171547,10.322854930470472,16.290136744500792,6.402865029440589,4.616248601052638,4.616248601052638,2.144565452171547,1.0322854930470473,1.6290136744500794,0.640286502944059,0.46162486010526377,0.46162486010526377,88.68094829286491,77.57780331866954,81.41579093693038,70.63298652383207,12.280148763639195,12.280148763639195,63.6940084282326,6.369400842823261,342.8678265995753
10.8,0.0,0.0,0.0,1.0358060379265694,4.280000000000002,-1.9762526170045578,-5.716311878638344,0.0,0.0,-6.360000000000004,7.868773574642389,-4.842356551163961,6.471351947820805,-3.444934924342384,-2.858155939319172,-2.858155939319172,21.8511154050563,10.54868160538939,16.296921271890774,6.3297210543568925,4.78345747881295,4.78345747881295,2.18511154050563,1.0548681605389392,1.6296921271890774,0.6329721054356893,0.47834574788129497,0.47834574788129497,90.86605983337054,78.63267147920848,83.04548306411945,71.26595862926776,12.75849451152049,12.75849451152049,64.59335429431927,6.459335429431925,349.32716202900724
10.9,0.0,0.0,0.0,1.0364551629629533,4.320000000000002,-2.111862408030901,-5.850811878638344,0.0,0.0,-6.400000000000004,7.966438711363471,-4.911737416637582,6.473126481711869,-3.4184251869859854,-2.925405939319172,-2.925405939319172,22.259190526017104,10.776202645336456,16.303624992022232,6.256798336386084,4.953272785698013,4.953272785698013,2.2259190526017103,1.0776202645336457,1.6303624992022234,0.6256798336386085,0.49532727856980135,0.49532727856980135,93.09197888597225,79.71029174374213,84.67584556332167,71.89163846290637,13.253821790090292,13.253821790090292,65.5023620711579,6.550236207115791,355.877398236123
11.0,0.0,0.0,0.0,1.0371045323204486,4.360000000000002,-2.247383387048214,-5.985811878638344,0.0,0.0,-6.440000000000004,8.064072448297635,-4.981086882324284,6.47493241538985,-3.391946849416506,-2.992905939319172,-2.992905939319172,22.66964238358489,11.005232278298479,16.310448275722248,6.184243701869452,5.125693580107873,5.125693580107873,2.266964238358489,1.100523227829848,1.631044827572225,0.6184243701869452,0.5125693580107873,0.5125693580107873,95.35894312433074,80.81081497157199,86.3068903908939,72.51006283309331,13.766391148101079,13.766391148101079,66.4209537996908,6.642095379969082,362.5194936160922
11.100000000000001,0.0,0.0,0.0,1.03775139649004,4.400000000000002,-2.3826639896238486,-6.121311878638344,0.0,0.0,-6.480000000000004,8.161621199325825,-5.050351362105012,6.4768233349738065,-3.3655534977529995,-3.0606559393191715,-3.0606559393191715,23.082226015173177,11.235578246468137,16.317593677954683,6.112203220567925,5.300719280820067,5.300719280820067,2.308222601517318,1.1235578246468136,1.6317593677954685,0.6112203220567926,0.5300719280820066,0.5300719280820066,97.66716572584805,81.9343727962188,87.93864975868937,73.12128315515011,14.296463076183086,14.296463076183086,67.34903972180406,6.734903972180405,369.25439758827247
11.200000000000001,0.0,0.0,0.0,1.0383924645582827,4.440000000000002,-2.5175512638627873,-6.257311878638344,0.0,0.0,-6.520000000000004,8.25903088778696,-5.119476779318684,6.478853317124819,-3.3392992086565494,-3.1286559393191715,-3.1286559393191715,23.496689253961723,11.467042023425272,16.325265730491044,6.040822010562262,5.478349647003162,5.478349647003162,2.3496689253961724,1.1467042023425271,1.6325265730491045,0.6040822010562262,0.5478349647003162,0.5478349647003162,100.01683465124422,83.08107699856133,89.57117633173847,73.72536535620634,14.844298040883402,14.844298040883402,68.28651831244662,6.828651831244662,376.0830494195172
11.3,0.0,0.0,0.0,1.0390239206309229,4.480000000000002,-2.651891036139574,-6.393811878638344,0.0,0.0,-6.560000000000004,8.356247005073019,-5.188408625357281,6.481076870450906,-3.3132384907351753,-3.1969059393191714,-3.1969059393191714,23.9127730050355,11.69941904985442,16.333670739415357,5.970244055799488,5.658584759682699,5.658584759682699,2.39127730050355,1.169941904985442,1.6333670739415358,0.5970244055799488,0.56585847596827,0.56585847596827,102.40811195174777,84.25101890354676,91.20454340568001,74.32238976178628,15.410156516851671,15.410156516851671,69.23327636947016,6.923327636947016,383.00637705646415
11.4,0.0,0.0,0.0,1.039641442462113,4.520000000000002,-2.785528079347708,-6.530811878638344,0.0,0.0,-6.600000000000004,8.453214670114187,-5.2570920191509884,6.483548876021883,-3.28742622505869,-3.2654059393191717,-3.2654059393191717,24.330211540021917,11.93249898749471,16.343016587896084,5.9006120371939605,5.841425004529056,5.841425004529056,2.433021154002192,1.193249898749471,1.6343016587896084,0.5900612037193961,0.5841425004529056,0.5841425004529056,104.84113310574996,85.44426880229624,92.83884506446962,74.91245096550568,15.994299017304577,15.994299017304577,70.18918916166479,7.01891891616648,390.02529597263066
11.5,0.0,0.0,0.0,1.0402402221513465,4.560000000000002,-2.9183062834885924,-6.668311878638344,0.0,0.0,-6.640000000000004,8.549878689691155,-5.3254717674804954,6.48632452705706,-3.2619176048464054,-3.3341559393191718,-3.3341559393191718,24.7487328098748,12.166065990966382,16.35351254460834,5.832067178137363,6.026871055850551,6.026871055850551,2.47487328098748,1.2166065990966384,1.635351254460834,0.5832067178137363,0.6026871055850551,0.6026871055850551,107.31600638673744,86.66087540139287,94.47419631893045,75.49565768331942,16.596986122889632,16.596986122889632,71.15412063528798,7.115412063528798,397.1407080361595
11.600000000000001,0.0,0.0,0.0,1.0408149887581977,4.600000000000002,-3.050068828418686,-6.806311878638344,0.0,0.0,-6.680000000000004,8.646183619510461,-5.3934924260523385,6.489459267849901,-3.236768074391783,-3.4031559393191717,-3.4031559393191717,25.168058775403296,12.399898997066291,16.365369078137945,5.7647491052099245,6.214923861687406,6.214923861687406,2.51680587754033,1.2399898997066292,1.6365369078137946,0.5764749105209924,0.6214923861687406,0.6214923861687406,109.83281226427778,87.9008653010995,96.11073322674424,76.07213259384041,17.21847850905837,17.21847850905837,72.12792367919226,7.212792367919227,404.35350040407866
11.700000000000001,0.0,0.0,0.0,1.0413600326750947,4.640000000000002,-3.18065835857037,-6.944811878638344,0.0,0.0,-6.720000000000004,8.742073825977645,-5.46109836127206,6.4930087319948635,-3.212033267289285,-3.4724059393191715,-3.4724059393191715,25.587905755094432,12.633772031074253,16.37879767764281,5.698795724814774,6.405584629912898,6.405584629912898,2.5587905755094433,1.2633772031074253,1.6378797677642813,0.5698795724814775,0.6405584629912898,0.6405584629912898,112.39160283978723,89.16424250420692,97.74861299450852,76.64201216632189,17.859036972049662,17.859036972049662,73.11044044845205,7.311044044845207,411.66454444892383
11.8,0.0,0.0,0.0,1.0418692315907787,4.680000000000002,-3.3099171594590935,-7.083811878638345,0.0,0.0,-6.760000000000004,8.837493548601946,-5.528233812648901,6.497028679982707,-3.1877689440296666,-3.5419059393191725,-3.5419059393191725,26.007984789729168,12.867454529562123,16.394010679989673,5.634343116378106,6.598854815257546,6.598854815257546,2.600798478972917,1.2867454529562123,1.6394010679989675,0.5634343116378105,0.6598854815257547,0.6598854815257547,114.99240131876014,90.45098795716314,99.38801406250748,77.2054464779597,18.518922453575417,18.518922453575417,74.10150274617416,7.410150274617417,419.0746947235413
11.9,0.0,0.0,0.0,1.0423360778717807,4.720000000000002,-3.437687335786481,-7.223311878638345,0.0,0.0,-6.800000000000004,8.932386962965268,-5.5948429557647605,6.501574936231531,-3.1640309290310293,-3.6116559393191725,-3.6116559393191725,26.428002023243863,13.100711679148782,16.411221103523445,5.5715254426699685,6.7947361071804675,6.7947361071804675,2.6428002023243864,1.3100711679148782,1.6411221103523446,0.5571525442669969,0.6794736107180468,0.6794736107180468,117.63520152108453,91.76105912507802,101.02913617285982,77.7625990222267,19.198396064293465,19.198396064293465,75.10093246294699,7.5100932462947,426.58478796983604
12.0,0.0,0.0,0.0,1.0427537071861896,4.7600000000000025,-3.5638109909466418,-7.363311878638345,0.0,0.0,-6.840000000000004,9.026698244187234,-5.660869965739263,6.506703325621713,-3.1408750471737483,-3.6816559393191723,-3.6816559393191723,26.84765909924233,13.333304770596671,16.430642488563997,5.5104748777032375,6.993230418519542,6.993230418519542,2.684765909924233,1.3333304770596672,1.6430642488563998,0.5510474877703238,0.6993230418519543,0.6993230418519543,120.31996743100876,93.09438960213768,102.67220042171623,78.31364650999701,19.89771910614542,19.89771910614542,76.10854207314532,7.610854207314533,434.1956421771505
12.100000000000001,0.0,0.0,0.0,1.0431149281930834,4.8000000000000025,-3.6881304077404224,-7.503811878638345,0.0,0.0,-6.880000000000004,9.120371630817326,-5.726259081121893,6.512469609603767,-3.11835705990834,-3.7519059393191725,-3.7519059393191725,27.266653572517736,13.564991567598948,16.452488744661263,5.451321552562368,7.194339874858483,7.194339874858483,2.7266653572517736,1.356499156759895,1.6452488744661264,0.5451321552562368,0.7194339874858483,0.7194339874858483,123.04663278826054,94.45088875889758,104.31744929618235,78.85877866525325,20.61715309363127,20.61715309363127,77.12413518705728,7.712413518705729,441.9080556958562
12.200000000000001,0.0,0.0,0.0,1.043412253122157,4.8400000000000025,-3.810488230100229,-7.644811878638345,0.0,0.0,-6.920000000000004,9.21335148908432,-5.790954668141424,6.51892942194892,-3.0965326010060323,-3.8224059393191725,-3.8224059393191725,27.684679334899638,13.795526689561617,16.47697400457373,5.394193519398165,7.39806680455485,7.39806680455485,2.768467933489964,1.379552668956162,1.647697400457373,0.5394193519398165,0.739806680455485,0.739806680455485,125.8151007217505,95.83044142785374,105.96514669663972,79.39819801719307,21.356959774086754,21.356959774086754,78.14750715754285,7.814750715754286,449.7228064116106
12.3,0.0,0.0,0.0,1.0436379290711637,4.880000000000003,-3.9307276456260953,-7.786311878638346,0.0,0.0,-6.960000000000004,9.305582377432515,-5.854901285242159,6.52613820421287,-3.0754571120225194,-3.893155939319173,-3.893155939319173,28.101427054697695,14.02466200764141,16.5043124848694,5.339216733700784,7.6044137293781775,7.6044137293781775,2.8101427054697696,1.402466200764141,1.65043124848694,0.5339216733700785,0.7604413729378178,0.7604413729378178,128.62524342722025,97.23290762861788,107.61557794512666,79.93211969056314,22.117401147024573,22.117401147024573,79.17844573966565,7.917844573966564,457.64065098557705
12.4,0.0,0.0,0.0,1.043783969853613,4.920000000000003,-4.048692568731853,-7.928311878638345,0.0,0.0,-7.000000000000004,9.397009111273704,-5.918043747835885,6.534151140983827,-3.055185777546016,-3.9641559393191725,-3.9641559393191725,28.51658462897309,14.252147053258392,16.5347183529812,5.286515054830516,7.8133833557120775,7.8133833557120775,2.851658462897309,1.4252147053258393,1.6534718352981201,0.5286515054830516,0.7813383355712078,0.7813383355712078,131.47690189011757,98.65812233394372,109.26904978042478,80.4607711960462,22.89873948259578,22.89873948259578,80.21673180146735,8.021673180146736,465.6623241657238
12.5,0.0,0.0,0.0,1.04384218823556,4.960000000000003,-4.164227824198803,-8.070811878638345,0.0,0.0,-7.0400000000000045,9.487576827883176,-5.980327193197895,6.543023094986501,-3.0357734603012263,-4.035405939319173,-4.035405939319173,28.92983764782797,14.477729438262083,16.568405600482528,5.236210264645064,8.024978566278289,8.024978566278289,2.892983764782797,1.4477729438262084,1.656840560048253,0.5236210264645064,0.8024978566278289,0.8024978566278289,134.36988565490037,100.10589527776993,110.92589034047303,80.9843922225107,23.70123733922361,23.70123733922361,81.26214008377423,8.126214008377422,473.7885381741013
12.600000000000001,0.0,0.0,0.0,1.043804228408064,5.000000000000003,-4.277179330932901,-8.200000000000001,0.0,0.0,-7.0800000000000045,9.577231051367708,-6.041697145434966,6.552808542114114,-3.0172746361813783,-4.1000000000000005,-4.1000000000000005,29.340869869865887,14.701155285891625,16.60558792228205,5.188422103914016,8.218429290320628,8.218429290320628,2.934086986986589,1.4701155285891625,1.6605587922282052,0.5188422103914017,0.8218429290320629,0.8218429290320629,137.30397264188696,101.5760108063591,112.58644913270123,81.5032344329021,24.523080268255672,24.523080268255672,82.27289376259485,8.227289376259485,482.01582755036077
12.700000000000001,0.0,0.0,0.0,1.0436615985508166,5.040000000000003,-4.387394285720408,-8.280000000000001,0.0,0.0,-7.1200000000000045,9.665917757632988,-6.102099580452785,6.56356150646098,-2.9997433292807822,-4.140000000000001,-4.140000000000001,29.74936370793963,14.922169671634135,16.64647860137248,5.143268326056233,8.338991852736159,8.338991852736159,2.974936370793963,1.4922169671634136,1.664647860137248,0.5143268326056233,0.833899185273616,0.833899185273616,140.2789090126809,103.06822777352251,114.25109699283848,82.01756126550772,25.356979453529288,25.356979453529288,83.1392640124748,8.31392640124748,490.32975395160815
12.8,0.0,0.0,0.0,1.0434057033522703,5.080000000000003,-4.494721346776053,-8.360000000000001,0.0,0.0,-7.160000000000005,9.753583439277698,-6.1614809908500305,6.575335495428417,-2.983233047000758,-4.180000000000001,-4.180000000000001,30.155000724268774,15.140517073051049,16.691290398703924,5.1008647675758185,8.460138258917523,8.460138258917523,3.0155000724268777,1.514051707305105,1.6691290398703924,0.5100864767575819,0.8460138258917523,0.8460138258917523,143.2944090851078,104.58227948082761,115.92022603270888,82.5276477422653,26.20299327942104,26.20299327942104,84.00794948143461,8.400794948143462,498.7305488997517
12.9,0.0,0.0,0.0,1.043027876362198,5.120000000000003,-4.599010816877087,-8.440000000000001,0.0,0.0,-7.200000000000005,9.840175170341166,-6.219788450666037,6.588183434977095,-2.9677967153019735,-4.220000000000001,-4.220000000000001,30.557462133977246,15.355941827609955,16.74023544769209,5.0613254344078,8.5818657085741,8.5818657085741,3.055746213397725,1.5355941827609956,1.6740235447692091,0.50613254344078,0.85818657085741,0.85818657085741,146.3501552985055,106.11787366358861,117.5942495774781,83.03378028570609,27.06117985027845,27.06117985027845,84.8786962608353,8.48786962608353,507.2184185258352
13.0,0.0,0.0,0.0,1.0425194120637462,5.160000000000003,-4.700114825876196,-8.520000000000001,0.0,0.0,-7.240000000000005,9.925640670831449,-6.276969679908857,6.60215760509896,-2.9534866141763763,-4.260000000000001,-4.260000000000001,30.95642931607136,15.568188597529375,16.79352515281259,5.0247626032173995,8.704171441326281,8.704171441326281,3.095642931607136,1.5568188597529375,1.6793525152812592,0.50247626032174,0.8704171441326282,0.8704171441326282,149.44579823011264,107.67469252334155,119.27360209275935,83.53625654602783,27.931596994411077,27.931596994411077,85.75124855228329,8.575124855228328,515.7935433810635
13.100000000000001,0.0,0.0,0.0,1.0418715975635273,5.200000000000003,-4.797887512386009,-8.600000000000001,0.0,0.0,-7.280000000000005,10.009928370960479,-6.3329731087904255,6.617309575582075,-2.94035431341203,-4.300000000000001,-4.300000000000001,31.351584330850653,15.777002840616372,16.85137009167787,4.991286936528891,8.827052735766342,8.827052735766342,3.1351584330850653,1.5777002840616374,1.6851370091677873,0.49912869365288914,0.8827052735766343,0.8827052735766343,152.5809566631977,109.25239280740318,120.95873910192714,84.03538523968072,28.81430226798771,28.81430226798771,86.62534967120648,8.66253496712065,524.4560783481842
13.200000000000001,0.0,0.0,0.0,1.041075743809983,5.240000000000003,-4.892185204427935,-8.680000000000001,0.0,0.0,-7.320000000000005,10.092987475013093,-6.387747941595579,6.633690142141605,-2.9284506087240976,-4.340000000000001,-4.340000000000001,31.742610442719418,15.982131286051263,16.913979919942058,4.961007610392731,8.950506908549931,8.950506908549931,3.174261044271942,1.5982131286051264,1.691397991994206,0.49610076103927314,0.8950506908549931,0.8950506908549931,155.75521770746963,110.85060593600831,122.65013709392134,84.53148600072,29.709352958842704,29.709352958842704,87.50074307620531,8.750074307620533,533.2061526558047
13.3,0.0,0.0,0.0,1.0401232162619507,5.280000000000003,-4.982866598838333,-8.760000000000002,0.0,0.0,-7.360000000000005,10.17476802477669,-6.441244220111713,6.651349262990156,-2.9178254583251872,-4.380000000000001,-4.380000000000001,32.12919264734319,16.183322414051045,16.981563278332235,4.934032453135924,9.07453131351697,9.07453131351697,3.212919264734319,1.6183322414051045,1.6981563278332237,0.49340324531359236,0.9074531313516969,0.9074531313516969,158.96813697220395,112.4689381774134,124.34829342175456,85.02488924603358,30.6168060901944,30.6168060901944,88.37717341989634,8.837717341989634,542.0438699977943
13.4,0.0,0.0,0.0,1.0390054649409877,5.320000000000003,-5.0697929392254615,-8.840000000000002,0.0,0.0,-7.400000000000005,10.255220962458496,-6.493412886546058,6.670335995920495,-2.908527920008063,-4.420000000000001,-4.420000000000001,32.511018202074496,16.380326938322572,17.05432770106283,4.910468093582122,9.199123340840694,9.199123340840694,3.2511018202074498,1.6380326938322574,1.7054327701062832,0.49104680935821227,0.9199123340840695,0.9199123340840695,162.2192387924114,114.10697087124566,126.05372619186085,85.51593605539179,31.536718424278472,31.536718424278472,89.25438761672342,8.925438761672341,550.9693087594666
13.5,0.0,0.0,0.0,1.0377140538123983,5.360000000000003,-5.152828192271334,-8.920000000000002,0.0,0.0,-7.440000000000005,10.334298193017709,-6.544205845857809,6.690698435973428,-2.900606088813535,-4.460000000000001,-4.460000000000001,32.887777158554655,16.572898290198978,17.132479524853483,4.890420116977715,9.324280416203711,9.324280416203711,3.2887777158554656,1.6572898290198979,1.7132479524853483,0.48904201169777156,0.9324280416203712,0.9324280416203712,165.50801650826688,115.76426070026557,127.7669741443462,86.00497806708957,32.469146465898845,32.469146465898845,90.13213592299223,9.013213592299225,559.9825223517659
13.600000000000001,0.0,0.0,0.0,1.0362406894510028,5.400000000000003,-5.231839222173554,-9.000000000000002,0.0,0.0,-7.480000000000005,10.411952645839978,-6.593576027432617,6.7124836537633055,-2.8941070353559506,-4.500000000000001,-4.500000000000001,33.25916289638285,16.76079310333745,17.216223797740334,4.873993226720274,9.450000000000003,9.450000000000003,3.325916289638285,1.676079310333745,1.7216223797740335,0.48739932267202746,0.9450000000000003,0.9450000000000003,168.83393279790516,117.44034001059931,129.48859652412023,86.4923773897616,33.414146465898845,33.414146465898845,91.01017302418092,9.101017302418093,569.0835396541839
13.700000000000001,0.0,0.0,0.0,1.0345772489583902,5.440000000000003,-5.306695963023323,-9.080000000000002,0.0,0.0,-7.520000000000005,10.488138335682248,-6.641477446027425,6.73573763453318,-2.8890767448783636,-4.540000000000001,-4.540000000000001,33.624872656731796,16.94377169784437,17.305764186846275,4.861291409859379,9.57627958656179,9.57627958656179,3.3624872656731797,1.694377169784437,1.7305764186846275,0.4861291409859379,0.9576279586561791,0.9576279586561791,172.19642006357833,119.13471718038375,131.21917294280485,86.97850653074754,34.37177442455503,34.37177442455503,91.88825912440541,9.18882591244054,578.2723655666246
13.8,0.0,0.0,0.0,1.0327158071086655,5.480000000000003,-5.377271588917175,-9.160000000000002,0.0,0.0,-7.560000000000005,10.562810422816336,-6.68786526191405,6.7605052180112395,-2.8855600571089615,-4.580000000000001,-4.580000000000001,33.984608074779686,17.121598562684042,17.401302884258644,4.852418104229159,9.703116703410304,9.703116703410304,3.398460807477969,1.7121598562684044,1.7401302884258645,0.4852418104229159,0.9703116703410304,0.9703116703410304,175.5948808710563,120.84687703665215,132.9593032312307,87.46374834117046,35.34208609489606,35.34208609489606,92.76616103277213,9.276616103277213,587.5489816699019
13.9,0.0,0.0,0.0,1.0306486627094893,5.520000000000003,-5.443442681601628,-9.240000000000002,0.0,0.0,-7.600000000000005,10.635925272300259,-6.7326958401505115,6.7868300391394625,-2.883600606989721,-4.620000000000001,-4.620000000000001,34.33807570982084,17.294042835220388,17.50304051015196,4.847476364979539,9.83050891052951,9.83050891052951,3.4338075709820846,1.729404283522039,1.750304051015196,0.48474763649795394,0.983050891052951,0.983050891052951,179.02868844203837,122.57628132017419,134.7096072822459,87.94849597766841,36.325136985949015,36.325136985949015,93.64365324123176,9.364365324123174,596.913346994025
14.0,0.0,0.0,0.0,1.0283683641744992,5.560000000000003,-5.505089395451687,-9.320000000000002,0.0,0.0,-7.640000000000005,10.707440512306952,-6.775926808909745,6.814754469744914,-2.883240766347711,-4.660000000000001,-4.660000000000001,34.684987571914604,17.46087877673729,17.61117601229044,4.846569028201968,9.958453799661875,9.958453799661875,3.4684987571914605,1.746087877673729,1.761117601229044,0.48465690282019686,0.9958453799661875,0.9958453799661875,182.49718719922984,124.32236919784792,136.47072488347496,88.4331528804886,37.3209823659152,37.3209823659152,94.52051898846804,9.452051898846804,606.3653988928716
14.100000000000001,0.0,0.0,0.0,1.0258677343119917,5.600000000000003,-5.562095619586247,-9.400000000000002,0.0,0.0,-7.680000000000005,10.77731509144072,-6.817517116796049,6.844319561223293,-2.8845215865786287,-4.700000000000001,-4.700000000000001,35.02506164392988,17.62188624278187,17.725906561049094,4.849798869296597,10.08694899362538,10.08694899362538,3.5025061643929885,1.762188624278187,1.7725906561049094,0.48497988692965976,1.0086948993625382,1.0086948993625382,185.99969336362284,126.0845578221261,138.24331553957987,88.91813276741827,38.32967726527774,38.32967726527774,95.3965513043082,9.53965513043082,615.9050540233025
14.200000000000001,0.0,0.0,0.0,1.023139894343024,5.640000000000003,-5.614349136925657,-9.480000000000002,0.0,0.0,-7.720000000000005,10.845509334972565,-6.857427089080433,6.8755649883035925,-2.8874827424114677,-4.740000000000001,-4.740000000000001,35.358022397845446,17.77685114717727,17.847427439104177,4.857268753704451,10.215992145650862,10.215992145650862,3.5358022397845446,1.7776851147177268,1.7847427439104178,0.4857268753704451,1.0215992145650863,1.0215992145650863,189.53549560340738,127.86224293684383,140.02805828349028,89.40385964278872,39.351276479842824,39.351276479842824,96.27155402913306,9.627155402913306,625.5322094262158
14.3,0.0,0.0,0.0,1.0201782871699177,5.680000000000003,-5.661741779999199,-9.560000000000002,0.0,0.0,-7.760000000000005,10.911984999926466,-6.8956184827868725,6.908528993961838,-2.8921624768222514,-4.780000000000001,-4.780000000000001,35.6836013041706,17.9255659185558,17.975931924963145,4.8690817776304725,10.345580938739015,10.345580938739015,3.5683601304170605,1.7925565918555801,1.7975931924963147,0.4869081777630473,1.0345580938739016,1.0345580938739016,193.10385573382445,129.6547995286994,141.8256514759866,89.89076782055176,40.38583457371673,40.38583457371673,97.14534280279806,9.714534280279805,635.2467437064956
14.4,0.0,0.0,0.0,1.0169766999235037,5.720000000000003,-5.704169583312931,-9.640000000000002,0.0,0.0,-7.800000000000005,10.976705328949532,-6.9320545405624765,6.943248335550918,-2.8985975471638676,-4.820000000000001,-4.820000000000001,36.00153733335865,18.067829948271598,18.111611169531514,4.885341396413313,10.475713085036269,10.475713085036269,3.600153733335865,1.8067829948271599,1.8111611169531514,0.48853413964133136,1.047571308503627,1.047571308503627,196.70400946716032,131.46158252352657,143.63681259293975,90.37930196019309,41.433405882220356,41.433405882220356,98.0177460176476,9.801774601764762,645.0485183082603
14.5,0.0,0.0,0.0,1.0135292858244112,5.760000000000003,-5.74153293209126,-9.720000000000002,0.0,0.0,-7.840000000000005,11.039635102900103,-6.966700043265584,6.979758232212493,-2.906823172577981,-4.860000000000001,-4.860000000000001,36.31157744809647,18.203450028562276,18.25465406494848,4.906151538255414,10.606386325228781,10.606386325228781,3.6311577448096473,1.8203450028562278,1.825465406494848,0.49061515382554144,1.0606386325228783,1.0606386325228783,200.33516721196997,133.2819275263828,145.4622779994346,90.86991711401863,42.49404451474324,42.49404451474324,98.88860573032021,9.888860573032021,654.9373788812925
14.600000000000001,0.0,0.0,0.0,1.0098305854002851,5.800000000000003,-5.773736707208721,-9.800000000000002,0.0,0.0,-7.880000000000005,11.10074069208886,-6.999521361206877,7.018092313635885,-2.91687298275391,-4.900000000000001,-4.900000000000001,36.61347708536691,18.332240779842827,18.40524710496539,4.93161670111255,10.737598427953996,10.737598427953996,3.6613477085366912,1.8332240779842828,1.8405247104965392,0.49316167011125506,1.0737598427953996,1.0737598427953996,203.99651492050666,135.11515160436707,147.30280270993114,91.36307878412988,43.567804357538634,43.567804357538634,99.75777852719567,9.975777852719567,664.9131567340121
14.700000000000001,0.0,0.0,0.0,1.005875547107123,5.840000000000003,-5.8006904261317915,-9.880000000000003,0.0,0.0,-7.920000000000005,11.15999010610928,-7.030486503979839,7.0582825702276075,-2.928778968098172,-4.940000000000001,-4.940000000000001,36.907000627197775,18.454025066031758,18.563574236189904,4.961842030654948,10.869347189228987,10.869347189228987,3.6907000627197775,1.8454025066031758,1.8563574236189906,0.4961842030654948,1.0869347189228988,1.0869347189228988,207.68721498322643,136.96055411097024,149.15916013355013,91.85926298719538,44.65473907646153,44.65473907646153,100.62513633853237,10.062513633853236,674.9756703678652
14.8,0.0,0.0,0.0,1.0016595474089265,5.8800000000000034,-5.822308379694095,-9.960000000000003,0.0,0.0,-7.960000000000005,11.217353042194997,-7.05956516881809,7.100359304754041,-2.942571431377143,-4.980000000000001,-4.980000000000001,37.19192185903042,18.56863439682884,18.72981669957481,4.996933377351249,11.001630431895087,11.001630431895087,3.7191921859030423,1.8568634396828843,1.8729816699574808,0.4996933377351249,1.1001630431895089,1.1001630431895089,211.40640716912947,138.81741755065312,151.0321418035076,92.3589563249305,45.75490211965104,45.75490211965104,101.49056719657548,10.14905671965755,685.1247270875228
14.9,0.0,0.0,0.0,0.9971784103757119,5.9200000000000035,-5.838509764532085,-10.040000000000003,0.0,0.0,-8.000000000000005,11.272800932042847,-7.086728787418478,7.144351085518336,-2.9582789408939756,-5.020000000000001,-5.020000000000001,37.468024414663255,18.675909315886482,18.904152861592657,5.036997330890444,11.13444600507812,11.13444600507812,3.7468024414663255,1.8675909315886483,1.8904152861592658,0.5036997330890445,1.113444600507812,1.113444600507812,215.15320961059578,140.68500848224176,152.92255708966687,92.86265605801955,46.868346720158854,46.868346720158854,102.35397593318908,10.235397593318908,695.3601246808416
15.0,0.0,0.0,0.0,0.9924284268656226,5.9600000000000035,-5.84921881101228,-10.120000000000003,0.0,0.0,-8.040000000000004,11.326306987042011,-7.111950571170183,7.190284701131314,-2.975928285259492,-5.060000000000001,-5.060000000000001,37.73510220675159,18.77569977384192,19.086758034605577,5.082141230342988,11.267791783663741,11.267791783663741,3.7735102206751594,1.8775699773841923,1.9086758034605578,0.5082141230342988,1.126779178366374,1.126779178366374,218.92671983127093,142.56257845962594,154.83123289312744,93.37087018105385,47.99512589852523,47.99512589852523,103.21528481286956,10.321528481286954,705.6816531621286
15.100000000000001,0.0,0.0,0.0,0.9874063733625058,6.0000000000000036,-5.854364906485221,-10.200000000000003,0.0,0.0,-8.080000000000004,11.37784624185086,-7.135205554731568,7.238185116934611,-2.9955444298153275,-5.100000000000001,-5.100000000000001,37.99295984187229,18.867865485205847,19.277804286013268,5.132473148668406,11.401665667787324,11.401665667787324,3.7992959841872294,1.8867865485205848,1.927780428601327,0.5132473148668406,1.1401665667787324,1.1401665667787324,222.72601581545817,144.44936500814651,156.75901332172876,93.88411749592069,49.13529246530396,49.13529246530396,104.07443409733447,10.407443409733448,716.089096571862
15.200000000000001,0.0,0.0,0.0,0.9821095305459302,6.040000000000004,-5.853882713705682,-10.280000000000003,0.0,0.0,-8.120000000000003,11.427395596264805,-7.156470637898053,7.288075433132809,-3.0171504747660634,-5.1400000000000015,-5.1400000000000015,38.24141301919359,18.952276268134074,19.47746023584078,5.18810185039948,11.536065582337857,11.536065582337857,3.824141301919359,1.8952276268134076,1.9477460235840782,0.518810185039948,1.1536065582337858,1.1536065582337858,226.55015711737752,146.34459263495992,158.70675934531283,94.40292768096064,50.288899023537745,50.288899023537745,104.93138253824362,10.493138253824366,726.5822348256863
15.3,0.0,0.0,0.0,0.976535701676281,6.078065688579056,-5.847712284263174,-10.360000000000003,0.0,0.0,-8.160000000000002,11.474249972958724,-7.176408508067187,7.339292962328358,-3.041451497436828,-5.1800000000000015,-5.1800000000000015,38.476848944446076,19.031532742105217,19.6831396376626,5.2509076529441,11.670989476475423,11.670989476475423,3.847684894444608,1.9031532742105217,1.9683139637662599,0.52509076529441,1.1670989476475424,1.1670989476475424,230.39784201182212,148.24774590917045,160.6750733090791,94.92801844625505,51.45599797118529,51.45599797118529,105.78440793010884,10.578440793010884,737.1606756186973
15.4,0.0,0.0,0.0,0.9706832308833201,5.999427151806728,-5.835799166871525,-10.440000000000003,0.0,0.0,-8.200000000000001,11.477812828287561,-7.235577206010326,7.351279663749901,-3.1090440414726728,-5.2200000000000015,-5.2200000000000015,38.49477143451535,19.267386563859212,19.7313797529299,5.426919118899149,11.806435323161692,11.806435323161692,3.8494771434515354,1.9267386563859212,1.97313797529299,0.542691911889915,1.1806435323161693,1.1806435323161693,234.24731915527366,150.17448456555636,162.64821128437208,95.47071035814497,52.63664150350146,52.63664150350146,106.533327516527,10.6533327516527,747.8140083703499
15.5,0.0,0.0,0.0,0.9645510214525054,5.917879282516986,-5.8180945103711155,-10.520000000000003,0.0,0.0,-8.24,11.478299460951849,-7.293726890040703,7.364285379084206,-3.1797128081730692,-5.260000000000002,-5.260000000000002,38.497219594110746,19.50011999658799,19.7837653623173,5.612997932220952,11.94240111870306,11.94240111870306,3.8497219594110748,1.9500119996587992,1.97837653623173,0.5612997932220952,1.194240111870306,1.194240111870306,238.09704111468474,152.12449656521517,164.62658782060382,96.03201015136706,53.830881615371766,53.830881615371766,107.27890512264311,10.727890512264311,758.5418988826143
15.600000000000001,0.0,0.0,0.0,0.9581385542094526,5.833422960024735,-5.794555161302573,-10.600000000000003,0.0,0.0,-8.28,11.475694924784472,-7.350841992221676,7.378325676267915,-3.2534727437051267,-5.300000000000002,-5.300000000000002,38.48411725525902,19.729617664901767,19.840370100637966,5.809433663334814,12.07888488230599,12.07888488230599,3.8484117255259025,1.9729617664901768,1.9840370100637967,0.5809433663334814,1.2078884882305991,1.2078884882305991,241.94545284021063,154.09745833170535,166.6106248306676,96.61295351770055,55.03877010360237,55.03877010360237,108.02130844874554,10.802130844874556,769.3440297274889
15.700000000000001,0.0,0.0,0.0,0.9514459061092415,5.7460600728429005,-5.765143755915787,-10.680000000000003,0.0,0.0,-8.319999999999999,11.469986677395047,-7.406908634782562,7.393414433071712,-3.330336390459235,-5.340000000000002,-5.340000000000002,38.4554066355867,19.955771351466566,19.90126186639512,6.01651761040907,12.215884655644066,12.215884655644066,3.84554066355867,1.9955771351466567,1.9901261866395121,0.6016517610409071,1.2215884655644067,1.2215884655644067,245.7909935037693,156.093035466852,168.60075101730712,97.21460527874146,56.260358569166776,56.260358569166776,108.76072677514557,10.87607267751456,780.2201024050036
15.8,0.0,0.0,0.0,0.9444737691438131,5.655793522108012,-5.729828806483619,-10.760000000000003,0.0,0.0,8.359999999999998,-3.4103138553214247,7.409563807794945,-7.461914659424012,11.461164611897539,-5.38,-5.38,6.234542101735248,19.96650270574088,20.17848027079587,38.41104857967652,12.353398502436486,12.353398502436486,0.6234542101735249,1.996650270574088,2.017848027079587,3.841104857967652,1.2353398502436486,1.2353398502436486,246.41444771394282,158.0896857374261,170.6185990443867,101.05571013670911,57.495698419410424,57.495698419410424,109.4973706628215,10.949737066282147,791.1698394712856
15.9,0.0,0.0,0.0,0.9372234696875091,5.562627224697326,-5.688584781795238,-10.840000000000003,0.0,0.0,8.399999999999997,-3.4934127801126245,7.426784211909007,-7.515849654674632,11.449221086471022,-5.42,-5.42,6.463799772102101,20.036148696302117,20.3976513294681,38.35102276916416,12.491424508037502,12.491424508037502,0.6463799772102101,2.0036148696302116,2.03976513294681,3.835102276916416,1.2491424508037503,1.2491424508037503,247.06082769115304,160.0933006070563,172.6583641773335,104.89081241362553,58.744840870214176,58.744840870214176,110.23147158311147,11.023147158311149,802.1929866295967
16.0,0.0,0.0,0.0,0.9296969884078051,5.466566116035819,-5.641392181709662,-10.920000000000003,0.0,0.0,8.439999999999996,-3.5796383142375587,7.445084284691092,-7.5687049812572305,11.434150951710771,-5.46,-5.46,6.704582816191586,20.110249830766648,20.61319937222266,38.27532790084377,12.629960779036491,12.629960779036491,0.6704582816191587,2.011024983076665,2.061319937222266,3.827532790084377,1.262996077903649,1.262996077903649,247.73128597277218,162.10432559013296,174.71968411455578,108.7183452037099,60.00783694811783,60.00783694811783,110.96328147809766,11.096328147809764,813.2893147774065
16.1,0.0,0.0,0.0,0.921896980875488,5.367616152591671,-5.588237605656042,-11.000000000000004,0.0,0.0,8.479999999999995,-3.6689930895839646,7.464470869887979,-7.620473795425025,11.415951575729046,-5.5,-5.5,6.957182221982787,20.188849900166804,20.82504741342833,38.18398183211202,12.769005442868291,12.769005442868291,0.6957182221982787,2.0188849900166805,2.082504741342833,3.818398183211202,1.2769005442868293,1.2769005442868293,248.42700419497046,164.12321058014965,176.8021888558986,112.5367433869211,61.28473749240466,61.28473749240466,111.69307225342652,11.169307225342653,824.4586220027493
16.2,0.0,0.0,0.0,0.9138267990157937,5.265784314058805,-5.529113814973139,-11.080000000000004,0.0,0.0,8.519999999999994,-3.761477197710615,7.484948994447346,-7.671151070230342,11.394622866967081,-5.54,-5.54,7.221886987093422,20.271986376843106,21.033126853462154,38.0770216931441,12.908556647433514,12.908556647433514,0.7221886987093422,2.0271986376843105,2.1033126853462156,3.80770216931441,1.2908556647433516,1.2908556647433516,249.1491928936798,166.15040921783395,178.90550154124483,116.34444555623551,62.57559315714801,62.57559315714801,112.4211352054098,11.242113520540983,835.7007355232901
16.3,0.0,0.0,0.0,0.905490513549261,5.161078605225232,-5.46401978898669,-11.160000000000004,0.0,0.0,8.559999999999993,-3.8570881693604138,7.506521849351981,-7.720733614690388,11.370167294681965,-5.58,-5.58,7.4989833209211625,20.35969029711854,21.237377679581215,37.95450396525958,13.04861256072844,13.04861256072844,0.7498983320921163,2.035969029711854,2.1237377679581217,3.7954503965259585,1.304861256072844,1.304861256072844,249.89909122577194,168.1863782475458,181.02923930920295,120.13989595276148,63.88045441322086,63.88045441322086,113.14778038433738,11.314778038433737,847.0155135617238
16.400000000000002,0.0,0.0,0.0,0.8968929375780678,5.053508057526026,-5.392960774729572,-11.240000000000004,0.0,0.0,8.599999999999993,-3.955820956332605,7.529190772590113,-7.769220090816939,11.342589907074455,-5.62,-5.62,7.788753835371991,20.451986143762902,21.437748650916213,37.81650452500399,13.189171370484198,13.189171370484198,0.7788753835371991,2.0451986143762904,2.1437748650916215,3.7816504525003993,1.3189171370484198,1.3189171370484198,250.67796660930915,170.2315768619221,183.17301417429456,123.92154640526188,65.19937155026928,65.19937155026928,113.8733358960235,11.387333589602349,858.4028471513262
16.5,0.0,0.0,0.0,0.8880396514801264,4.943082730279777,-5.315948330216115,-11.320000000000004,0.0,0.0,8.639999999999992,-4.057667915745838,7.55295523429278,-7.816611028478955,11.311898347025904,-5.66,-5.66,8.09147672688261,20.548891728376613,21.634197467262975,37.66311865353967,13.330231283814998,13.330231283814998,0.8091476726882609,2.0548891728376613,2.1634197467262974,3.766311865353967,1.3330231283815,1.3330231283815,251.4871142819974,172.28646603475974,185.33643392102087,127.68785827061585,66.53239467865077,66.53239467865077,114.59814714369186,11.459814714369188,869.8626618656955
16.6,0.0,0.0,0.0,0.8789370292789108,4.829813711607513,-5.233000361188382,-11.400000000000004,0.0,0.0,8.67999999999999,-4.162618796721511,7.57781282406695,-7.862908838069466,11.278102865414912,-5.7,-5.7,8.407424952360865,20.650418073874306,21.82669092139644,37.49446101101081,13.471790526875038,13.471790526875038,0.8407424952360865,2.0650418073874306,2.182669092139644,3.7494461011010816,1.3471790526875038,1.3471790526875038,252.3278567772335,174.35150784214716,187.5191030131605,131.43730437171692,67.87957373133828,67.87957373133828,115.3225760123925,11.532257601239252,881.3949194669345
16.7,0.0,0.0,0.0,0.8695922666613725,4.713713119033254,-5.144141151258994,-11.480000000000004,0.0,0.0,8.71999999999999,-4.270660729514345,7.603759240550748,-7.908117820950351,11.241216331986763,-5.74,-5.74,8.736865401583684,20.756569297299183,22.015205034680672,37.31066557561945,13.613847344523885,13.613847344523885,0.8736865401583684,2.0756569297299183,2.201520503468067,3.7310665575619453,1.3613847344523886,1.3613847344523886,253.20154331739187,176.42716477187707,189.72062351662856,135.16837092927886,69.24095846579067,69.24095846579067,116.04699999823077,11.604699999823076,892.9996194667576
16.8,0.0,0.0,0.0,0.8600134108187627,4.594794099765211,-5.049401385381667,-11.560000000000004,0.0,0.0,8.75999999999999,-4.381778217114872,7.630788283214788,-7.952244177650994,11.201254243750917,-5.78,-5.78,9.08005806850869,20.867342493249836,22.19972517579839,37.11188554722126,13.756400000000003,13.756400000000003,0.908005806850869,2.0867342493249836,2.2199725175798393,3.7111885547221264,1.3756400000000004,1.3756400000000004,254.10954912424273,178.51389902120206,191.9405960342084,138.879559484001,70.61659846579067,70.61659846579067,116.77181128477818,11.67718112847782,904.6768005952356
16.900000000000002,0.0,0.0,0.0,0.8502093922849842,4.4730708306570675,-4.94881816658762,-11.640000000000004,0.0,0.0,8.799999999999988,-4.495953129345915,7.658891846431268,-7.995296013799197,11.158234730884558,-5.82,-5.82,9.437255223872713,20.982727618251513,22.380246162473863,36.898293215326305,13.899446774602218,13.899446774602218,0.9437255223872714,2.0982727618251515,2.2380246162473862,3.6898293215326308,1.389944677460222,1.389944677460222,255.05327464663,180.6121717830272,194.17862065045577,142.56938880553363,72.0065431432509,72.0065431432509,117.49741576912882,11.749741576912882,916.4265421721484
17.0,0.0,0.0,0.0,0.8401900589431595,4.348558517848539,-4.842435025932817,-11.720000000000004,0.0,0.0,8.839999999999987,-4.613164699472788,7.68805991583001,-8.037283343765138,11.112178560122365,-5.86,-5.86,9.8087005913706,21.102707376452642,22.556772346113515,36.67007979146313,14.042985967378876,14.042985967378876,0.98087005913706,2.1102707376452643,2.2556772346113516,3.6670079791463133,1.4042985967378876,1.4042985967378876,256.03414470576706,182.72244252067247,196.4342978850671,146.23639678467995,73.41084173998878,73.41084173998878,118.22423204015766,11.822423204015767,928.2489653761642
17.1,0.0,0.0,0.0,0.8299662123622579,4.221273396084751,-4.7303019256081225,-11.800000000000004,0.0,0.0,8.879999999999987,-4.733389523344327,7.718280566958217,-8.078218092001611,11.06310913561551,-5.9,-5.9,10.194628529630059,21.22725710707514,22.729317679339534,36.42745520594291,14.187015894824395,14.187015894824395,1.0194628529630059,2.122725710707514,2.2729317679339536,3.6427455205942914,1.4187015894824395,1.4187015894824395,257.05360755873005,184.84516823138,198.70722965300106,149.87914230527426,74.82954332947122,74.82954332947122,118.95269031163645,11.895269031163645,940.1442344073279
17.2,0.0,0.0,0.0,0.8195496466101921,4.091232727713954,-4.612475255171544,-11.880000000000004,0.0,0.0,8.919999999999986,-4.856601561079347,7.749539966258216,-8.118114092066296,11.011052497245174,-5.94,-5.94,10.595263222123496,21.356344674093158,22.897905766442538,36.1706478691357,14.331534890583074,14.331534890583074,1.0595263222123497,2.1356344674093157,2.2897905766442537,3.61706478691357,1.4331534890583075,1.4331534890583075,258.1131338809424,186.98080269878932,200.99702022964533,153.49620709218783,76.26269681852953,76.26269681852953,119.68323131296103,11.968323131296104,952.1125575386241
17.3,0.0,0.0,0.0,0.8089531896658657,3.95845480136315,-4.489017820868795,-11.960000000000004,0.0,0.0,8.959999999999985,-4.982772141310642,7.781822374374971,-8.156987083314224,10.956037316378561,-5.98,-5.98,11.01081787708679,21.489930358658246,23.06256989682974,35.8999043974495,14.476541305159879,14.476541305159879,1.1010817877086791,2.1489930358658245,2.306256989682974,3.58999043974495,1.447654130515988,1.447654130515988,259.2142156686511,189.12979573465515,203.3032772193283,157.08619753193278,77.71035094904552,77.71035094904552,120.41630514034404,12.041630514034402,964.1541880526584
17.400000000000002,0.0,0.0,0.0,0.7981907475177726,3.8229589302914744,-4.359998828015866,-12.040000000000004,0.0,0.0,8.999999999999984,-5.111869967995846,7.815110151802614,-8.194854705251263,10.89809488905804,-6.02,-6.02,11.441493939445671,21.627966754830478,23.223353061595517,35.61548930428055,14.622033505637988,14.622033505637988,1.144149393944567,2.162796675483048,2.3223353061595517,3.561548930428055,1.462203350563799,1.462203350563799,260.3583650625957,191.29259241013818,205.62561252548784,160.64774646236083,79.17255429960932,79.17255429960932,121.15237007142818,12.11523700714282,976.2694250598013
17.5,0.0,0.0,0.0,0.787277350987934,3.6847654504209806,-4.225493856424277,-12.120000000000005,0.0,0.0,9.039999999999983,-5.243861129802142,7.849383766876717,-8.231736489541841,10.837259126616427,-6.06,-6.06,11.88748031668547,21.77039866921333,23.38030795339041,35.317684656280804,14.768009875402981,14.768009875402981,1.188748031668547,2.177039866921333,2.338030795339041,3.5317684656280806,1.4768009875402983,1.4768009875402983,261.5471130942642,193.4696322770595,207.9636433208269,164.17951492798892,80.64935528714962,80.64935528714962,121.89189134637597,12.189189134637598,988.458614194439
17.6,0.0,0.0,0.0,0.7762292052536756,3.543895718044872,-4.085584828857341,-12.200000000000005,0.0,0.0,9.079999999999982,-5.378709112068922,7.8846218061164155,-8.267653849666825,10.77356654371433,-6.1,-6.1,12.348952620535998,21.917163025125316,23.533496949813614,35.00678969536779,14.914468813873325,14.914468813873325,1.2348952620536,2.1917163025125315,2.3533496949813615,3.5006789695367795,1.4914468813873327,1.4914468813873327,262.7820083563178,195.66134857957204,210.31699301580826,167.6801938975257,82.14080216853695,82.14080216853695,122.63533991858938,12.263533991858939,1000.7221481862978
17.7,0.0,0.0,0.0,0.7650637419516754,3.400372107213163,-3.9403599725129577,-12.280000000000005,0.0,0.0,9.119999999999981,-5.516374811349981,7.920800986917995,-8.30263006822993,10.707056243797954,-6.14,-6.14,12.826072426282817,22.06818877197348,23.682992080601615,34.68312042698006,15.061408736237123,15.061408736237123,1.2826072426282817,2.2068188771973483,2.3682992080601615,3.468312042698006,1.5061408736237123,1.5061408736237123,264.0646155989461,197.86816745676938,212.68529222386843,171.1485059402237,83.64694304216066,83.64694304216066,123.38319117831223,12.338319117831222,1013.0604673041289
17.8,0.0,0.0,0.0,0.7537996736338649,3.25421800679577,-3.789913773535842,-12.360000000000005,0.0,0.0,9.15999999999998,-5.656816552534231,7.957896172598886,-8.33669028191372,10.637769901978384,-6.18,-6.18,13.318986551456991,22.223396800521673,23.828874978932053,34.347009175158334,15.208828073194855,15.208828073194855,1.3318986551456993,2.2223396800521673,2.3828874978932055,3.4347009175158334,1.5208828073194856,1.5208828073194856,265.3965142540918,200.09050713682154,215.06817972176162,174.58320685773955,85.16782584948014,85.16782584948014,124.13592365245876,12.413592365245878,1025.4740596693748
17.900000000000002,0.0,0.0,0.0,0.7424570501973466,3.1054578172233573,-3.6343469245697526,-12.440000000000005,0.0,0.0,9.19999999999998,-5.799990108541069,7.995880389788477,-8.369861464088814,10.56575174533623,-6.22,-6.22,13.827826355597388,22.382699864771276,23.971236817207295,33.99880410511185,15.356725270707942,15.356725270707942,1.3827826355597388,2.238269986477128,2.3971236817207298,3.3998804105111855,1.5356725270707943,1.5356725270707943,266.77929688965156,202.32877712329866,217.46530340348235,177.98308726825073,86.70349837655094,86.70349837655094,124.89401768410369,12.48940176841037,1037.963461437785
18.0,0.0,0.0,0.0,0.7310573167239353,2.954116946906114,-3.4737662653674413,-12.520000000000005,0.0,0.0,9.239999999999979,-5.945848722584088,8.034724848159499,-8.402172405082473,10.491048530657892,-6.26,-6.26,14.352707062723585,22.546002511192007,24.110178227724976,33.63886871400451,15.505098789753003,15.505098789753003,1.4352707062723586,2.254600251119201,2.411017822772498,3.3638868714004513,1.5505098789753005,1.5505098789753005,268.21456759592394,204.58337737441786,219.87632122625484,181.34697413965117,88.25400825552624,88.25400825552624,125.6579540951511,12.565795409515111,1050.5292568473003
18.1,0.0,0.0,0.0,0.7196233719320619,2.800221808330862,-3.3082847164837594,-12.600000000000005,0.0,0.0,9.279999999999978,-6.094343132993984,8.074398962491191,-8.433653690115463,10.41370951961268,-6.3,-6.3,14.893727108101055,22.713201016056804,24.245809208685365,33.26758129077318,15.653947106081585,15.653947106081585,1.4893727108101056,2.2713201016056805,2.4245809208685367,3.326758129077318,1.5653947106081585,1.5653947106081585,269.70394030673407,206.85469747602355,222.3009021471234,184.6737322687285,89.8194029661344,89.8194029661344,126.42821283577959,12.642821283577957,1063.1720781308784
18.2,0.0,0.0,0.0,0.7081796261570199,2.643799813837063,-3.138021206084779,-12.680000000000005,0.0,0.0,9.319999999999977,-6.245421600588844,8.11487037705276,-8.464337674918578,10.333786451382501,-6.34,-6.34,15.450967510824919,22.884183331645936,24.378249016024157,32.885334345865104,15.803268709985286,15.803268709985286,1.545096751082492,2.2884183331645938,2.437824901602416,3.2885334345865105,1.5803268709985288,1.5803268709985288,271.24903705781657,209.14311580918815,224.73872704872582,187.96226570331498,91.39972983713294,91.39972983713294,127.20527162433069,12.720527162433072,1075.8926052933114
18.3,0.0,0.0,0.0,0.696752057427273,2.4848793710720707,-2.9631005899130254,-12.760000000000005,0.0,0.0,9.359999999999976,-6.39902993857752,8.156104992293141,-8.494258459042879,10.251333512758507,-6.38,-6.38,16.024491273693513,23.058829042093645,24.507626041597096,32.49253401185566,15.953062106066032,15.953062106066032,1.6024491273693515,2.3058829042093647,2.45076260415971,3.249253401185566,1.5953062106066032,1.5953062106066032,272.85148618518593,211.44899871339751,227.18948965288553,191.21151910450055,92.99503604773955,92.99503604773955,127.98960458137196,12.798960458137199,1088.6915657514487
18.400000000000002,0.0,0.0,0.0,0.6853682637880532,2.323489878126555,-2.7836535644568143,-12.840000000000005,0.0,0.0,9.399999999999975,-6.555111544978799,8.198066993820387,-8.523451856880314,10.166407305721911,-6.42,-6.42,16.61434281178621,23.237009329652427,24.634077678277826,32.089599415981645,16.10332581301142,16.10332581301142,1.661434281178621,2.323700932965243,2.463407767827783,3.208959941598165,1.610332581301142,1.610332581301142,274.51292046636456,213.77269964636275,229.65289742071332,194.4204790460987,94.60536862904068,94.60536862904068,128.78168086172096,12.878168086172096,1101.5697338376206
18.5,0.0,0.0,0.0,0.6740575095335583,2.1596617183506344,-2.5998165733786402,-12.920000000000005,0.0,0.0,9.439999999999975,-6.713607437536727,8.24071888365145,-8.551955366413935,10.079066812528666,-6.46,-6.46,17.220547411104494,23.418586952148996,24.757750172562396,31.676962025696124,16.254058363374977,16.254058363374977,1.7220547411104494,2.3418586952148996,2.4757750172562396,3.1676962025696125,1.6254058363374977,1.6254058363374977,276.23497520747503,216.11455834157766,232.12867243796956,197.5881752486683,96.23077446537818,96.23077446537818,129.58196328826196,12.958196328826196,1114.5279301664468
18.6,0.0,0.0,0.0,0.6628507624440054,1.993426254851645,-2.4117317072652775,-13.000000000000005,0.0,0.0,9.479999999999974,-6.874456291109641,8.28402151371054,-8.579808135719528,9.989373358320433,-6.5,-6.5,17.843110718577556,23.603416232399255,24.878798465303486,31.255064968422037,16.40525830336115,16.40525830336115,1.7843110718577557,2.3603416232399255,2.487879846530349,3.125506496842204,1.6405258303361152,1.6405258303361152,278.0192862793328,218.47489996481758,234.6165522844999,200.7136817455105,97.87130029571429,97.87130029571429,130.39090699142463,13.039090699142465,1127.5670208655893
18.7,0.0,0.0,0.0,0.6517807184869925,1.8248158246745325,-2.2195465967695718,-13.080000000000005,0.0,0.0,9.519999999999973,-7.037594477507791,8.327934121551671,-8.607050927243078,9.897390571286966,-6.54,-6.54,18.48201826467501,23.79134306033911,24.997386021224067,30.824362326750222,16.556924192615003,16.556924192615003,1.848201826467501,2.379134306033911,2.499738602122407,3.0824362326750223,1.6556924192615003,1.6556924192615003,279.8674881058003,220.85403427085149,237.11629088662232,203.79611797818555,99.52699271497579,99.52699271497579,131.2089580582184,13.120895805821842,1140.6879166714111
18.8,0.0,0.0,0.0,0.6408818097453655,1.653863732665769,-2.0234142992210384,-13.160000000000005,0.0,0.0,9.559999999999972,-7.202956107751976,8.372414368278434,-8.633726079880997,9.803184340407464,-6.58,-6.58,19.1372350198106,23.9822049086121,25.11368464788326,30.38531841039427,16.709054604016348,16.709054604016348,1.9137235019810601,2.39822049086121,2.511368464788326,3.0385318410394273,1.670905460401635,1.670905460401635,281.78121160778136,223.2522547617127,239.62765935141064,206.83464981922498,101.19789817537743,101.19789817537743,132.0365521947329,13.203655219473292,1153.8915718908847
18.900000000000002,0.0,0.0,0.0,0.6301901905985285,1.480604245022067,-1.823493178789963,-13.240000000000006,0.0,0.0,9.599999999999971,-7.370473076722815,8.417418378631504,-8.65987746889261,9.706822770801308,-6.62,-6.62,19.808704985658842,24.17583086233568,25.22787430478716,29.938407006280357,16.861648123478318,16.861648123478318,1.9808704985658843,2.4175830862335683,2.5227874304787163,2.993840700628036,1.6861648123478319,1.6861648123478319,283.76208210634724,225.66983784794627,242.15044678188937,209.828490519853,102.88406298772526,102.88406298772526,132.8741134060187,13.287411340601867,1167.1789832314862
19.0,0.0,0.0,0.0,0.6197436964479217,1.305072582525009,-1.619946780296604,-13.320000000000006,0.0,0.0,9.63999999999997,-7.540075110167843,8.462900783211913,-8.685550463676885,9.608376136720963,-6.66,-6.66,20.496350822444494,24.37204166374355,25.34014290335394,29.484110608212976,17.01470334975018,17.01470334975018,2.0496350822444493,2.437204166374355,2.534014290335394,2.948411060821298,1.7014703349750182,1.7014703349750182,285.8117171885917,228.10704201432063,244.68446107222476,212.7769015806743,104.58553332270027,104.58553332270027,133.72205269725532,13.372205269725534,1180.5511885012118
19.1,0.0,0.0,0.0,0.6095817685960493,1.127304913462881,-1.412943696764366,-13.400000000000006,0.0,0.0,9.67999999999997,-7.711689814031049,8.508814762805562,-8.710791883447918,9.50791683222244,-6.7,-6.7,21.200073513200774,24.570649772373446,25.450686098455147,29.022919627618215,17.168218894224292,17.168218894224292,2.1200073513200777,2.4570649772373447,2.545068609845515,2.9022919627618218,1.7168218894224294,1.7168218894224294,287.9317245399117,230.56410699155796,247.22952968207028,215.6791935434361,106.3023552121227,106.3023552121227,134.58076680009617,13.458076680009619,1194.0092651812213
19.200000000000003,0.0,0.0,0.0,0.5997453383397712,0.947338346241256,-1.2026574308230227,-13.480000000000006,0.0,0.0,9.719999999999969,-7.885242726066788,8.555112094772026,-8.735649950846136,9.405519319551384,-6.74,-6.74,21.91975206592554,24.771459441437276,25.559707072264302,28.55533158692612,17.322193380747137,17.322193380747137,2.191975206592554,2.477145944143728,2.5559707072264306,2.8555331586926123,1.7322193380747137,1.7322193380747137,290.12369974650426,233.0412529357017,249.78550038929671,218.53472670212872,108.03457455019742,108.03457455019742,135.45063692804752,13.545063692804753,1207.5543288740262
19.3,0.0,0.0,0.0,0.5902766630245854,0.7572399745827816,-0.9892662500747404,-13.560000000000006,0.0,0.0,9.759999999999968,-8.063475525071501,8.598925046084512,-8.762992398898334,9.298441919911353,-6.78,-6.78,22.667125332975857,24.96199448473272,25.67980315113994,28.06908863558477,17.47662544543425,17.47662544543425,2.2667125332975857,2.496199448473272,2.567980315113994,2.806908863558477,1.7476625445434253,1.7476625445434253,292.39041227980186,235.53745238417497,252.3534807044107,221.3416355656872,109.78223709474085,109.78223709474085,136.3312624953018,13.633126249530179,1221.1874551235564
19.400000000000002,0.0,0.0,0.0,0.5812191068531471,0.5689209499975375,-0.7658290454225467,-13.640000000000006,0.0,0.0,9.799999999999967,-8.244631035698639,8.646918897400987,-8.78615394694654,9.188441808648896,-6.82,-6.82,23.43526534151576,25.171269309334427,25.78168219216257,27.572480719887185,17.63151373648899,17.63151373648899,2.343526534151576,2.517126930933443,2.5781682192162574,2.7572480719887187,1.763151373648899,1.763151373648899,294.73393881395344,238.0545793151084,254.93164892362697,224.09888363767593,111.54538846838975,111.54538846838975,137.22372503587792,13.722372503587792,1234.9098276271443
19.5,0.0,0.0,0.0,0.5726168597928801,0.38242521746048336,-0.5437417334426342,-13.720000000000006,0.0,0.0,9.839999999999966,-8.424664656108876,8.695080120671921,-8.80914812304029,9.079563587603342,-6.86,-6.86,24.2070558415542,25.381858583349977,25.88295794603186,27.083856220800158,17.786856914025034,17.786856914025034,2.4207055841554204,2.538185858334998,2.588295794603186,2.7083856220800158,1.7786856914025035,1.7786856914025035,297.15464439810887,240.5927651734434,257.51994471823014,226.80726925975594,113.32407415979225,113.32407415979225,138.12944241978627,13.812944241978627,1248.7227718691227
19.6,0.0,0.0,0.0,0.5645145891367348,0.1977958726799748,-0.32320966987370037,-13.800000000000006,0.0,0.0,9.879999999999965,-8.603488545450707,8.743351348313427,-8.832032294763465,8.971895097626193,-6.9,-6.9,24.981868333691878,25.59351489018159,25.983880512808966,26.603533170696704,17.942653649892485,17.942653649892485,2.498186833369188,2.5593514890181592,2.598388051280897,2.6603533170696707,1.7942653649892486,1.7942653649892486,299.65283123147805,243.15211666246157,260.118332769511,229.46762257682562,115.11833952478149,115.11833952478149,139.04810420716413,13.904810420716412,1262.6275822898392
19.700000000000003,0.0,0.0,0.0,0.5569570202795144,0.015075152146085858,-0.10443497085252595,-13.880000000000006,0.0,0.0,9.919999999999964,-8.781016312024411,8.791676054334323,-8.854862988107252,8.865522730417172,-6.94,-6.94,25.759072042190187,25.80599173408881,26.08469760610506,26.131814058612257,18.09890262750756,18.09890262750756,2.575907204219019,2.5805991734088813,2.608469760610506,2.613181405861226,1.809890262750756,1.809890262750756,302.22873843569704,245.73271583587044,262.7268025301215,232.08080398268683,116.92822978753225,116.92822978753225,139.97938069601142,13.997938069601144,1276.6255203594403
19.8,0.0,0.0,0.0,0.5499884461829048,-0.16569557652894126,0.11238367226360306,-13.960000000000006,0.0,0.0,9.959999999999964,-8.957163082167366,8.839998616391135,-8.877695825415122,8.7605313596389,-6.98,-6.98,26.53803484612436,26.019043872490624,26.18565423857114,25.66898585893482,18.25560254168566,18.25560254168566,2.6538034846124363,2.6019043872490624,2.618565423857114,2.5668985858934823,1.8255602541685663,1.8255602541685663,304.88254192030945,248.3346202231195,265.3453679539786,234.6477025685803,118.75379004170081,118.75379004170081,140.92292389949228,14.092292389949229,1290.7178127493894
19.900000000000002,0.0,0.0,0.0,0.5436521688457002,-0.34447582397593046,0.3270511733336472,-14.040000000000006,0.0,0.0,9.999999999999963,-9.131845567359193,8.888264376270985,-8.900585464899955,8.657004273811756,-7.0200000000000005,-7.0200000000000005,27.318124210290627,26.232427653258608,26.286992420449828,25.215320098564018,18.41275209847784,18.41275209847784,2.731812421029063,2.6232427653258608,2.628699242044983,2.521532009856402,1.841275209847784,1.841275209847784,307.6143543413385,250.95786298844536,267.9740671960236,237.16923457843671,120.59506525154859,120.59506525154859,141.87836857951874,14.187836857951876,1304.9056496073413
20.0,0.0,0.0,0.0,0.5379898807907594,-0.5212259881374134,0.5393762269647012,-14.120000000000006,0.0,0.0,10.039999999999962,-9.304982129487904,8.936419698745276,-8.923585541790347,8.555023111047728,-7.0600000000000005,-7.0600000000000005,28.098708113883628,26.44590135598871,26.388950870996556,24.77107296181645,18.57035001501049,18.57035001501049,2.809870811388363,2.6445901355988712,2.6388950870996557,2.477107296181645,1.857035001501049,1.857035001501049,310.4242251527269,253.60245312404422,270.6129622831233,239.64634187461837,122.45210025304964,122.45210025304964,142.84533333270633,14.284533333270634,1319.190182940612
20.1,0.0,0.0,0.0,0.5306848948056742,-0.6959073630378588,0.7491714789813402,-14.200000000000006,0.0,0.0,10.079999999999961,-9.476492844220644,8.984412028738923,-8.94674861116138,8.45466779567967,-7.1000000000000005,-7.1000000000000005,28.879155975006235,26.65922553622063,26.491764742540237,24.33648543222723,18.728395019328275,18.728395019328275,2.8879155975006237,2.6659225536220634,2.649176474254024,2.4336485432227235,1.8728395019328277,1.8728395019328277,313.3121407502275,256.26837567766626,273.26213875737733,242.0799904178411,124.32493975498247,124.32493975498247,143.82342172465087,14.382342172465087,1333.5725251130773
20.200000000000003,0.0,0.0,0.0,0.5240694954811873,-0.8780786350683086,0.9654928577834871,-14.280000000000006,0.0,0.0,10.11999999999996,-9.652958971731351,9.03206361445952,-8.970252424805468,8.349357067533646,-7.140000000000001,-7.140000000000001,29.689557737570357,26.87159958629696,26.596227205787113,23.883204070690432,18.88688585024011,18.88688585024011,2.968955773757036,2.687159958629696,2.6596227205787115,2.388320407069043,1.888688585024011,1.888688585024011,316.28109652398456,258.95553563629596,275.92176147795607,244.46831082491013,126.21362834000648,126.21362834000648,144.8143603008251,14.481436030082511,1348.0539611431595
20.3,0.0,0.0,0.0,0.5181851094750889,-1.06200041768079,1.1829767950594114,-14.360000000000007,0.0,0.0,10.15999999999996,-9.830455024683772,9.079507327718737,-8.993964110910932,8.243016413945906,-7.180000000000001,-7.180000000000001,30.512196229306777,27.083604490816025,26.701752323516388,23.428381363982407,19.0458212571682,19.0458212571682,3.051219622930678,2.708360449081603,2.670175232351639,2.3428381363982407,1.90458212571682,1.90458212571682,319.3323161469152,261.6638960853776,278.5919367103077,246.81114896130836,128.1182104657233,128.1182104657233,145.817576921958,14.581757692195799,1362.6357188353554
20.400000000000002,0.0,0.0,0.0,0.5130702460077919,-1.2476289510480378,1.4014183431120493,-14.440000000000007,0.0,0.0,10.199999999999958,-10.008893071689414,9.126686179998682,-9.01794065799567,8.135733766304947,-7.220000000000001,-7.220000000000001,31.34672054482945,27.29497584332504,26.80859769850834,22.972493128496907,19.205199999999998,19.205199999999998,3.134672054482945,2.7294975843325044,2.680859769850834,2.297249312849691,1.9205199999999998,1.9205199999999998,322.4669882013982,264.39339366971006,281.27279648015855,249.10839827415805,130.03873046572332,130.03873046572332,146.8331872151597,14.683318721515974,1377.3190375568715
20.5,0.0,0.0,0.0,0.508759720280546,-1.4349196535575703,1.6206098726067044,-14.520000000000007,0.0,0.0,10.239999999999958,-10.188183942712758,9.173542525224345,-9.04223971213469,8.027598294646285,-7.260000000000001,-7.260000000000001,32.19275940393471,27.50544373465414,26.917025256489815,22.516012748755305,19.365020848943082,19.365020848943082,3.219275940393471,2.7505443734654142,2.6917025256489815,2.2516012748755307,1.9365020848943084,1.9365020848943084,325.68626414179164,267.14393804317547,283.9644990058075,251.35999954903357,131.97523255061762,131.97523255061762,147.86128284172014,14.786128284172015,1392.1051658410436
20.6,0.0,0.0,0.0,0.5052838899063149,-1.6238271324759976,1.840341269364766,-14.600000000000007,0.0,0.0,10.279999999999957,-10.368237302418745,9.220018125570256,-9.066919511153461,7.918700334304982,-7.300000000000001,-7.300000000000001,33.04992137456298,27.714733068830768,27.027301008420768,22.059410393734083,19.525282584382747,19.525282584382747,3.304992137456298,2.771473306883077,2.7027301008420768,2.2059410393734082,1.9525282584382748,1.9525282584382748,328.9912562792479,269.91541135005855,286.6672291066496,253.565940588407,133.92776080905588,133.92776080905588,148.9019310143141,14.890193101431409,1406.9953589424745
20.700000000000003,0.0,0.0,0.0,0.502667940200691,-1.8143051948940703,2.060400135022283,-14.680000000000007,0.0,0.0,10.319999999999956,-10.54896172498596,9.266054218534377,-9.092038817554023,7.80913131110245,-7.340000000000001,-7.340000000000001,33.917795135853524,27.922563897567656,27.139694813344367,21.60315224220759,19.685983996742458,19.685983996742458,3.3917795135853526,2.7922563897567656,2.713969481334437,2.160315224220759,1.9685983996742458,1.9685983996742458,332.38303579283325,272.7076677398153,289.38119858798404,255.72625581262776,135.89635920873013,135.89635920873013,149.95517408245806,14.995517408245806,1421.990876350721
20.8,0.0,0.0,0.0,0.5009312559133476,-2.0063068589500657,2.2805719913626716,-14.760000000000007,0.0,0.0,10.359999999999955,-10.730264770317206,9.311591585212529,-9.117656850240554,7.698983665135886,-7.380000000000001,-7.380000000000001,34.79594978109385,28.128651773108707,27.254480142125903,21.147699719117316,19.84712388634686,19.84712388634686,3.4795949781093856,2.812865177310871,2.7254480142125903,2.114769971911732,1.9847123886346862,1.9847123886346862,335.86263077094264,275.52053291712616,292.10664660219663,257.8410257845395,137.8810715973648,137.8810715973648,151.0210291881395,15.102102918813952,1437.0929792695347
20.900000000000002,0.0,0.0,0.0,0.5000869154600758,-2.199784365328637,2.500640488127596,-14.840000000000007,0.0,0.0,10.399999999999954,-10.912053061577229,9.356570619705199,-9.143833215112565,7.588350773240546,-7.420000000000001,-7.420000000000001,35.683935160283454,28.33270811915533,27.371933842355663,20.693508744993846,20.008701063287443,20.008701063287443,3.5683935160283458,2.833270811915533,2.7371933842355665,2.0693508744993845,2.0008701063287444,2.0008701063287444,339.43102428697097,278.3538037290417,294.8438399864322,259.9103766590389,139.88194170369354,139.88194170369354,152.09948799336317,15.209948799336317,1452.3029280688706
21.0,0.0,0.0,0.0,0.5001413386440545,-2.394689189032342,2.7203876141057344,-14.920000000000007,0.0,0.0,10.439999999999953,-11.094232363985697,9.40093139958681,-9.170627834595637,7.477326870196761,-7.460000000000001,-7.460000000000001,36.58128226194946,28.534440619531818,27.49233590463916,20.241029000467815,20.170714347290733,20.170714347290733,3.6581282261949464,2.853444061953182,2.7492335904639162,2.0241029000467816,2.0170714347290732,2.0170714347290732,343.0891525131659,281.20724779099487,297.59307357689613,261.9344795590857,141.89901313842262,141.89901313842262,153.1905164811697,15.319051648116973,1467.6219797169877
21.1,0.0,0.0,0.0,0.5010941104474416,-2.5909720514231034,2.939593911294837,-15.0,0.0,0.0,10.479999999999952,-11.276707664792246,9.444613757366149,-9.198100876180982,7.366006968754891,-7.499999999999997,-7.499999999999997,37.48750363377277,28.73355362418569,27.61596923044364,19.790703207912973,20.333162567588925,20.333162567588925,3.748750363377277,2.873355362418569,2.761596923044364,1.9790703207912974,2.0333162567588925,2.0333162567588925,346.8379028765432,284.08060315341345,300.3546704999405,263.913549879877,143.9323293951815,143.9323293951815,154.2940548314929,15.429405483149292,1483.0513852001372
21.200000000000003,0.0,0.0,0.0,0.5029379924883062,-2.788582932530451,3.1580386919279824,-15.0,0.0,0.0,10.519999999999952,-11.45938325435847,9.487557352865116,-9.226312680046696,7.254486778553353,-7.499999999999997,-7.499999999999997,38.40209384149973,28.92974857205576,27.743119401613978,19.342966432270075,20.333162567588925,20.333162567588925,3.840209384149973,2.8929748572055765,2.774311940161398,1.9342966432270075,2.0333162567588925,2.0333162567588925,350.6781122606932,286.973578010619,303.1289824401019,265.847846523104,145.9656456519404,145.9656456519404,155.0842533826174,15.50842533826174,1498.5598105383988
21.3,0.0,0.0,0.0,0.5056591213829903,-2.9874710836236535,3.3755002581513143,-15.0,0.0,0.0,10.55999999999995,-11.642162808270621,9.529701746441608,-9.255323685834886,7.142862624005883,-7.499999999999997,-7.499999999999997,39.32452996553666,29.122724430278332,27.87407445161369,18.898245403100233,20.333162567588925,20.333162567588925,3.9324529965536663,2.9122724430278333,2.787407445161369,1.8898245403100233,2.0333162567588925,2.0333162567588925,354.61056525724683,289.88585045364687,305.91638988526324,267.73767106341404,147.9989619086993,147.9989619086993,155.88589938570675,15.588589938570678,1514.1484004769695
21.400000000000002,0.0,0.0,0.0,0.5092373809896636,-3.187585040044569,3.5917561241365483,-15.0,0.0,0.0,10.59999999999995,-11.824949470405377,9.570986472981067,-9.28519435866011,7.031231361235808,-7.499999999999997,-7.499999999999997,40.25427213454444,29.31217814913989,28.009124638487634,18.45695785991463,20.333162567588925,20.333162567588925,4.025427213454445,2.931217814913989,2.8009124638487637,1.8456957859914631,2.0333162567588925,2.0333162567588925,358.6359924707013,292.81706826856083,308.717302349112,269.5833668494055,150.0322781654582,150.0322781654582,156.69885791726443,15.669885791726445,1529.8182862686958
21.5,0.0,0.0,0.0,0.5136469247778683,-3.388872634297911,3.806583240407904,-15.0,0.0,0.0,10.639999999999949,-12.007645936869464,9.611351116579888,-9.315985114425972,6.919690294136405,-7.499999999999997,-7.499999999999997,41.19076409527105,29.49780513212354,28.14856221948479,18.019511922822172,20.333162567588925,20.333162567588925,4.119076409527105,2.949780513212354,2.8148562219484794,1.8019511922822173,2.0333162567588925,2.0333162567588925,362.7550688802284,295.7668487817732,311.5321585710605,271.3853180416877,152.0655944222171,152.0655944222171,157.5229685048794,15.75229685048794,1545.5705831191842
21.6,0.0,0.0,0.0,0.5188568165350468,-3.5912810093958676,4.0197582201601625,-15.0,0.0,0.0,10.679999999999948,-12.190154540733225,9.650735385842935,-9.347756244527607,6.808337089637326,-7.499999999999997,-7.499999999999997,42.13343381778491,29.679299720337,28.2926812272189,17.586305490526225,20.333162567588925,20.333162567588925,4.2133433817784915,2.9679299720337,2.8292681227218903,1.7586305490526226,2.0333162567588925,2.0333162567588925,366.9684122620069,298.7347787538069,314.3614266937824,273.1439485907403,154.09891067897598,154.09891067897598,158.35804539104487,15.835804539104489,1561.4063876582884
21.700000000000003,0.0,0.0,0.0,0.5248317529787364,-3.7947566324534363,4.231057567340828,-15.0,0.0,0.0,10.719999999999947,-12.37237733747652,9.689079189716063,-9.380567840019161,6.697269692258716,-7.499999999999997,-7.499999999999997,43.08169413519341,29.856355690550114,28.441777247186533,17.157725667690617,20.333162567588925,20.333162567588925,4.308169413519341,2.9856355690550114,2.8441777247186533,1.7157725667690618,2.0333162567588925,2.0333162567588925,371.27658167552624,301.7204143228619,317.205604418501,274.8597211575094,156.13222693573488,156.13222693573488,159.2038778757985,15.920387787579852,1577.3267754458684
21.8,0.0,0.0,0.0,0.5315328307412093,-3.9992453085312567,4.440257906267042,-15.0,0.0,0.0,10.759999999999946,-12.554216191064729,9.726322713773786,-9.414479715326122,6.5865862380351885,-7.499999999999997,-7.499999999999997,44.0349434168582,30.028666766013654,28.596147196403017,16.734148223676225,20.333162567588925,20.333162567588925,4.40349434168582,3.0028666766013656,2.8596147196403017,1.6734148223676226,2.0333162567588925,2.0333162567588925,375.68007601721206,304.72328099946327,320.06521913814134,276.53313597987704,158.16554319249377,158.16554319249377,160.06023073812895,16.006023073812894,1593.332798519681
21.900000000000002,0.0,0.0,0.0,0.5389183222797337,-4.20469219472232,4.647136212544867,-15.0,0.0,0.0,10.799999999999946,-12.73557286057147,9.762406496881166,-9.449551331583423,6.4763849678931305,-7.499999999999997,-7.499999999999997,44.99256627404551,30.19592713917445,28.756089102859324,16.315937084629933,20.333162567588925,20.333162567588925,4.499256627404551,3.0195927139174454,2.8756089102859326,1.6315937084629935,2.0333162567588925,2.0333162567588925,380.17933264461664,307.74287371338073,322.94082804842725,278.16472968834006,160.19885944925267,160.19885944925267,160.92684473588704,16.092684473588708,1609.42548299327
22.0,0.0,0.0,0.0,0.5469444298241631,-4.41104181447893,4.851470045056201,-15.0,0.0,0.0,10.839999999999945,-12.916349087263693,9.797271508148224,-9.485841719681048,6.366764140565589,-7.499999999999997,-7.499999999999997,45.95393429687778,30.357832005348715,28.921901885447813,15.903443860881692,20.333162567588925,20.333162567588925,4.595393429687778,3.0357832005348717,2.8921901885447814,1.5903443860881694,2.0333162567588925,2.0333162567588925,384.7747260743044,310.7786569139156,325.833018236972,279.75507407442825,162.23217570601156,162.23217570601156,161.80343718373385,16.180343718373386,1625.6058267116432
22.1,0.0,0.0,0.0,0.5555659926050253,-4.6182380721763625,5.053037778776506,-15.0,0.0,0.0,10.879999999999944,-13.096446682064215,9.830859224094418,-9.523409403099537,6.25782194512975,-7.499999999999997,-7.499999999999997,46.91840682138521,30.514078106362703,29.093885133950252,15.497007411575073,20.333162567588925,20.333162567588925,4.691840682138522,3.0514078106362703,2.9093885133950255,1.5497007411575074,2.0333162567588925,2.0333162567588925,389.46656675644294,313.83006472455185,328.742406750367,281.30477481558574,164.26549196277045,164.26549196277045,162.68970260845106,16.26897026084511,1641.8747969724886
22.200000000000003,0.0,0.0,0.0,0.5647371294034261,-4.826224267909337,5.251618838184325,-15.0,0.0,0.0,10.919999999999943,-13.275767613305785,9.863111705940007,-9.56231232061863,6.1496564132528615,-7.499999999999997,-7.499999999999997,47.88533172538696,30.66436428312051,29.272338888631637,15.09695344842162,20.333162567588925,20.333162567588925,4.788533172538696,3.066436428312051,2.9272338888631637,1.5096953448421622,2.0333162567588925,2.0333162567588925,394.2550999289816,316.8965011528639,331.6696406392302,282.8144701604279,166.29880821952935,166.29880821952935,163.58531348073856,16.35853134807386,1658.2333283205621
22.3,0.0,0.0,0.0,0.5744118051504309,-5.0349431125175705,5.4469939310220505,-15.0,0.0,0.0,10.959999999999942,-13.454214094690332,9.893971676940652,-9.602607748982669,6.042365331233,-7.499999999999997,-7.499999999999997,48.854046251868375,30.808392036011085,29.45756341893445,14.703594180427428,20.333162567588925,20.333162567588925,4.885404625186838,3.0808392036011085,2.945756341893445,1.4703594180427428,2.0333162567588925,2.0333162567588925,399.14050455416844,319.977340356465,334.61539698112364,284.28482957847064,168.33212447628824,168.33212447628824,164.4899210224192,16.44899210224192,1674.6823204228044
22.400000000000002,0.0,0.0,0.0,0.5845443163044463,-5.2443367428365555,5.6389452821659205,-15.0,0.0,0.0,10.999999999999941,-13.631688673366458,9.923382599680956,-9.644352225607047,5.936046151921554,-7.499999999999997,-7.499999999999997,49.823877858457855,30.945866092021127,29.64985900072479,14.317228001392433,20.333162567588925,20.333162567588925,4.982387785845786,3.094586609202113,2.964985900072479,1.4317228001392435,2.0333162567588925,2.0333162567588925,404.12289234001423,323.0719269656671,337.5803828811961,285.7165523786099,170.36544073304714,170.36544073304714,165.40315608777405,16.540315608777405,1691.2226360315813
22.5,0.0,0.0,0.0,0.595089694703013,-5.454346737169447,5.827256867361681,-15.0,0.0,0.0,11.03999999999994,-13.808094318037625,9.951288753242384,-9.6876014714103,5.83079590661507,-7.499999999999997,-7.499999999999997,50.79414509154588,31.076494977378463,29.849525691500546,13.938139221929049,20.333162567588925,20.333162567588925,5.079414509154589,3.1076494977378464,2.984952569150055,1.393813922192905,2.0333162567588925,2.0333162567588925,409.20230684916885,326.17957646340494,340.56533545034614,287.1103663008028,172.39875698980603,172.39875698980603,166.32463011753177,16.63246301175318,1707.8550990433348
22.6,0.0,0.0,0.0,0.6060040333780835,-5.664914130976226,6.011714646581859,-15.0,0.0,0.0,11.07999999999994,-13.98333450701334,9.977635310160549,-9.732410313856818,5.726711117004037,-7.499999999999997,-7.499999999999997,51.764158483533656,31.199991594510244,30.05686310293728,13.566597847681997,20.333162567588925,20.333162567588925,5.176415848353366,3.119999159451025,3.0056863102937283,1.3566597847681998,2.0333162567588925,2.0333162567588925,414.3787226975222,329.29957562285597,343.5710217606399,288.46702608557104,174.43207324656493,174.43207324656493,167.25393616384102,16.725393616384103,1724.5804926597189
22.700000000000003,0.0,0.0,0.0,0.6172447404588649,-5.875979432775844,6.192106796759376,-15.0,0.0,0.0,11.119999999999939,-14.157313316115202,10.002368413086714,-9.778832610295336,5.623887707266858,-7.499999999999997,-7.499999999999997,52.7332214716429,31.31607380206372,30.272170170115448,13.202859405360746,20.333162567588925,20.333162567588925,5.27332214716429,3.131607380206372,3.027217017011545,1.3202859405360747,2.0333162567588925,2.0333162567588925,419.6520448446865,332.43118300306236,346.59823877765143,289.7873120261071,176.46538950332382,176.46538950332382,168.19064998436065,16.819064998436065,1741.3995576581551
22.8,0.0,0.0,0.0,0.628770728888003,-6.087482640257335,6.368223943652096,-15.0,0.0,0.0,11.159999999999938,-14.329935506349512,10.025435251068158,-9.826921171678574,5.522420916397232,-7.499999999999997,-7.499999999999997,53.700631336667676,31.424464996703225,30.49574491674834,12.847164818112775,20.333162567588925,20.333162567588925,5.370063133666768,3.1424464996703225,3.049574491674834,1.2847164818112775,2.0333162567588925,2.0333162567588925,425.02210797835323,335.5736295027327,349.64781326932626,291.0720285079184,178.49870576008271,178.49870576008271,169.13433120340986,16.913433120340986,1758.312990778496
22.900000000000002,0.0,0.0,0.0,0.6405425504265264,-6.2993632565955835,6.539859392592489,-15.0,0.0,0.0,11.199999999999937,-14.501106611258106,10.046784135361992,-9.876727686749422,5.422405210853317,-7.499999999999997,-7.499999999999997,54.66568016000133,31.52489469536615,30.727884215709334,12.499740331672772,20.333162567588925,20.333162567588925,5.466568016000133,3.152489469536615,3.072788421570934,1.2499740331672773,2.0333162567588925,2.0333162567588925,430.48867599435334,338.72611897226926,352.7206016908972,292.3220025410857,180.5320220168416,180.5320220168416,170.08452453792742,17.008452453792742,1775.3214432322889
23.0,0.0,0.0,0.0,0.6525224825197138,-6.5115603069674,6.706809357876602,-15.0,0.0,0.0,11.239999999999936,-14.670733023858922,10.066364574697115,-9.928302646778985,5.323934197617185,-7.499999999999997,-7.499999999999997,55.62765579722571,31.617099116633455,30.96888354414377,12.160797492616487,20.333162567588925,20.333162567588925,5.562765579722571,3.161709911663346,3.0968883544143773,1.2160797492616489,2.0333162567588925,2.0333162567588925,436.0514415740759,341.8878288839326,355.81749004531156,293.53808229034735,182.5653382736005,182.5653382736005,171.04076108579727,17.104076108579726,1792.4255193408683
23.1,0.0,0.0,0.0,0.6646745762296387,-6.724012355263671,6.868873190546991,-15.0,0.0,0.0,11.279999999999935,-14.838722083088054,10.084127349898978,-9.981695270941803,5.227100537752736,-7.499999999999997,-7.499999999999997,56.58584286650935,31.70082175984535,31.219036732443055,11.830533179926647,20.333162567588925,20.333162567588925,5.658584286650935,3.1700821759845352,3.1219036732443057,1.1830533179926648,2.0333162567588925,2.0333162567588925,441.71002586072683,345.05791105991716,358.9393937185559,294.72113560834003,184.5986545303594,184.5986545303594,172.00255967390223,17.200255967390227,1809.6257753082589
23.200000000000003,0.0,0.0,0.0,0.6769646727751978,-6.936657520992952,7.02585360432453,-15.0,0.0,0.0,11.319999999999935,-15.004982159655036,10.100024587792248,-10.036953432413215,5.131995860550438,-7.499999999999997,-7.499999999999997,57.53952375002285,31.775813980572906,31.478635706357196,11.509129690942324,20.333162567588925,20.333162567588925,5.753952375002285,3.1775813980572907,3.1478635706357196,1.1509129690942324,2.0333162567588925,2.0333162567588925,447.4639782357291,348.23549245797443,362.0872572891916,295.87204857743427,186.6319707871183,186.6319707871183,172.9694282630731,17.296942826307312,1826.922718134566
23.3,0.0,0.0,0.0,0.6893603953897236,-7.149433496372246,7.177556899445099,-15.0,0.0,0.0,11.359999999999934,-15.169422741223565,10.114009834296498,-10.094123585273646,5.038710678346589,-7.499999999999997,-7.499999999999997,58.48797960654501,31.84183556103783,31.74797022152807,11.196754882606951,20.333162567588925,20.333162567588925,5.848797960654501,3.184183556103783,3.1747970221528075,1.1196754882606952,2.0333162567588925,2.0333162567588925,453.3127761963836,351.4196760140782,365.2620543113444,296.99172406569494,188.66528704387719,188.66528704387719,173.94086540689568,17.39408654068957,1844.3168046752558
23.400000000000002,0.0,0.0,0.0,0.701831122309914,-7.362277563600204,7.323793184157939,-15.0,0.0,0.0,11.399999999999933,-15.331954516830002,10.12603812663072,-10.153250692304107,4.947334302104835,-7.499999999999997,-7.499999999999997,59.430491393403,31.898655274060474,32.02732758973732,10.893562368756596,20.333162567588925,20.333162567588925,5.9430491393403,3.1898655274060475,3.202732758973732,1.0893562368756597,2.0333162567588925,2.0333162567588925,459.2558253357239,354.60954154148425,368.46478707031815,298.0810803025706,190.69860330063608,190.69860330063608,174.91636176113522,17.491636176113524,1861.808440851369
23.5,0.0,0.0,0.0,0.7143479458185973,-7.575126612308203,7.464376593643917,-15.0,0.0,0.0,11.439999999999932,-15.492489460452541,10.136066064542726,-10.214378153756783,4.857954757846979,-7.499999999999997,-7.499999999999997,60.366340895862095,31.94605143910453,32.31699239618238,10.599691773992062,20.333162567588925,20.333162567588925,6.03663408958621,3.194605143910453,3.231699239618238,1.0599691773992062,2.0333162567588925,2.0333162567588925,465.2924594253101,357.8041466853947,371.6964863099364,299.1410494799698,192.73191955739497,192.73191955739497,175.89540164031888,17.58954016403189,1879.397981015401
23.6,0.0,0.0,0.0,0.7268836214239506,-7.787917157184693,7.599125506113504,-15.0,0.0,0.0,11.479999999999931,-15.650940913644533,10.144051880480173,-10.27754773718402,4.770658704019668,-7.499999999999997,-7.499999999999997,61.294811762058515,31.98381246898184,32.61724620712023,10.315269044457661,20.333162567588925,20.333162567588925,6.129481176205852,3.198381246898184,3.261724620712023,1.0315269044457662,2.0333162567588925,2.0333162567588925,471.4219406015159,361.0025279322929,374.9582109306484,300.17257638441555,194.76523581415387,194.76523581415387,176.87746461779608,17.68774646177961,1897.0857274771804
23.700000000000003,0.0,0.0,0.0,0.7394125104961796,-8.000585355767928,7.727862755845978,-15.0,0.0,0.0,11.51999999999993,-15.807223667145909,10.149955508620618,-10.342799508408259,4.685531349882976,-7.499999999999997,-7.499999999999997,62.21519054154861,32.011737405777595,32.92836726725054,10.040406815601981,20.333162567588925,20.333162567588925,6.221519054154861,3.20117374057776,3.2928367267250547,1.004040681560198,2.0333162567588925,2.0333162567588925,477.64345965567077,364.20370167287064,378.2510476573735,301.17661706597573,196.79855207091276,196.79855207091276,177.86202716535655,17.78620271653566,1914.8719301937163
23.8,0.0,0.0,0.0,0.7519105190122566,-8.21306702640245,7.850415842933566,-15.0,0.0,0.0,11.55999999999993,-15.9612540413875,10.153738652678689,-10.41017176371487,4.602656375006067,-7.499999999999997,-7.499999999999997,63.12676772553285,32.02963644455766,33.250630186250476,9.77520483671974,20.333162567588925,20.333162567588925,6.312676772553285,3.202963644455766,3.325063018625048,0.977520483671974,2.0333162567588925,2.0333162567588925,483.95613642822406,367.40666531732643,381.5761106759985,302.1541375496477,198.83186832767166,198.83186832767166,178.84856432823858,17.88485643282386,1932.75678662654
23.900000000000002,0.0,0.0,0.0,0.7643550344830072,-8.425297666354373,7.96661713949647,-15.0,0.0,0.0,11.599999999999929,-16.11294996580377,10.155364852409399,-10.479700963348844,4.522115849954479,-7.499999999999997,-7.499999999999997,64.02883878680242,32.03733144342522,33.58430561391837,9.519750451768022,20.333162567588925,20.333162567588925,6.4028838786802424,3.2037331443425217,3.358430561391837,0.9519750451768023,2.0333162567588925,2.0333162567588925,490.3590203069043,370.610398461669,384.93454123739036,303.10611259482454,200.86518458443055,200.86518458443055,179.83655143109186,17.98365514310919,1950.7404417696494
24.0,0.0,0.0,0.0,0.7767248626512426,-8.637212470080534,8.07630409213728,-15.0,0.0,0.0,11.639999999999928,-16.26223105687041,10.154799548727448,-10.551421666395475,4.443990158252525,-7.499999999999997,-7.499999999999997,64.92070521744797,32.034656418502635,33.92965990343668,9.274119135611642,20.333162567588925,20.333162567588925,6.492070521744798,3.2034656418502636,3.392965990343668,0.9274119135611643,2.0333162567588925,2.0333162567588925,496.8510908286491,373.8138641035192,388.32750722773403,304.0335245083857,202.89850084118945,202.89850084118945,180.82546581017675,18.08254658101768,1968.8229883506667
24.1,0.0,0.0,0.0,0.7890001651475127,-8.848746347646763,8.179319420406252,-15.0,0.0,0.0,11.679999999999927,-16.40901869478421,10.152010147363482,-10.625366467124124,4.36835791970341,-7.499999999999997,-7.499999999999997,65.8016755623688,32.02145802242803,34.28695476232293,9.038375084481153,20.333162567588925,20.333162567588925,6.58016755623688,3.202145802242803,3.428695476232293,0.9038375084481154,2.0333162567588925,2.0333162567588925,503.43125838488595,377.016009905762,391.7562027039663,304.93736201683384,204.93181709794834,204.93181709794834,181.81478856677873,18.181478856677877,1987.004467207345
24.200000000000003,0.0,0.0,0.0,0.8011623989621364,-8.919999999999986,8.275511311051739,-15.0,0.0,0.0,11.719999999999926,-16.503797333933473,10.196404845749477,-10.652127168102812,4.344734679918824,-7.499999999999997,-7.499999999999997,66.37260460909947,32.2317320415705,34.41656729303204,8.965157602488395,20.333162567588925,20.333162567588925,6.637260460909947,3.2231732041570504,3.441656729303204,0.8965157602488395,2.0333162567588925,2.0333162567588925,510.0685188457959,380.23918310991905,395.1978594332695,305.8338777770827,206.96513335470723,206.96513335470723,182.65238668136826,18.265238668136824,2005.2697058754816
24.3,0.0,0.0,0.0,0.8131942583287501,-8.959999999999985,8.364733607833683,-15.0,0.0,0.0,11.759999999999925,-16.585062014783322,10.24938525535186,-10.670302157865109,4.33462539843366,-7.499999999999997,-7.499999999999997,66.86343553899557,32.483271683374355,34.504688777111774,8.933885763817933,20.333162567588925,20.333162567588925,6.686343553899558,3.2483271683374357,3.4504688777111774,0.8933885763817934,2.0333162567588925,2.0333162567588925,516.7548623996954,383.4875102782565,398.6483283109807,306.7272663534645,208.99844961146613,208.99844961146613,183.45160689847745,18.345160689847752,2023.6148665653295
24.400000000000002,0.0,0.0,0.0,0.8250796194058779,-8.999999999999984,8.446845996681358,-15.0,0.0,0.0,11.799999999999924,-16.663812963576202,10.29985193289728,-10.690990879684371,4.327029849005462,-7.499999999999997,-7.499999999999997,67.34023249040028,32.72348205575697,34.60508947025905,8.910413827059642,20.333162567588925,20.333162567588925,6.734023249040028,3.272348205575697,3.4605089470259056,0.8910413827059642,2.0333162567588925,2.0333162567588925,523.4888856487354,386.7598584838322,402.1088372580066,307.61830773617044,211.03176586822502,211.03176586822502,184.2455429786538,18.424554297865377,2042.0394208631944
24.5,0.0,0.0,0.0,0.8368034879801056,-9.039999999999983,8.521714185980526,-15.0,0.0,0.0,11.839999999999923,-16.74000270105657,10.347757399130192,-10.714240812816143,4.321995510889772,-7.499999999999997,-7.499999999999997,67.80259618065908,32.95204675691529,34.71803549561339,8.894867948942478,20.333162567588925,20.333162567588925,6.780259618065909,3.295204675691529,3.4718035495613395,0.8894867948942479,2.0333162567588925,2.0333162567588925,530.2691452668013,390.05506315952374,405.58064080756793,308.5077945310647,213.06508212498392,213.06508212498392,185.03387151730806,18.503387151730813,2060.5428080149254
24.6,0.0,0.0,0.0,0.8483519502892054,-9.079999999999982,8.589210081779173,-15.0,0.0,0.0,11.879999999999923,-16.813585939173386,10.393056365999545,-10.740097245311475,4.319567672137642,-7.499999999999997,-7.499999999999997,68.2501420936979,33.1686626940482,34.8437876505651,8.887374093838323,20.333162567588925,20.333162567588925,6.82501420936979,3.3168662694048203,3.48437876505651,0.8887374093838324,2.0333162567588925,2.0333162567588925,537.0941594761711,393.3719294289286,409.06501957262446,309.39653194044854,215.0983983817428,215.0983983817428,185.81629166732736,18.58162916673274,2079.1244371816583
24.700000000000003,0.0,0.0,0.0,0.8597121269689616,-9.119999999999981,8.64921195770518,-15.0,0.0,0.0,11.919999999999922,-16.884519641155055,10.43570579673375,-10.76860321394195,4.319789369520654,-7.499999999999997,-7.499999999999997,68.68250117781668,33.373040716407374,34.98260129482991,8.888058305665337,20.333162567588925,20.333162567588925,6.868250117781668,3.3373040716407374,3.4982601294829916,0.8888058305665338,2.0333162567588925,2.0333162567588925,543.9624095939528,396.7092335005693,412.5632797021075,310.28533777101507,217.1317146385017,217.1317146385017,186.59252662989712,18.659252662989715,2097.783689844648
24.8,0.0,0.0,0.0,0.870872130057521,-9.15999999999998,8.701604619393889,-15.0,0.0,0.0,11.959999999999921,-16.952763079643375,10.47566496397461,-10.799799446065771,4.322701330397017,-7.499999999999997,-7.499999999999997,69.09932052243725,33.56490622664067,35.134726226357664,8.89704695200135,20.333162567588925,20.333162567588925,6.909932052243725,3.3564906226640674,3.5134726226357667,0.8897046952001351,2.0333162567588925,2.0333162567588925,550.8723416461964,400.0657241232334,416.07675232474327,311.1750424662152,219.1650308952606,219.1650308952606,187.36232506261476,18.73623250626148,2116.5199223509094
24.900000000000002,0.0,0.0,0.0,0.8818210229407188,-9.19999999999998,8.746279563228176,-15.0,0.0,0.0,11.99999999999992,-17.018277892816624,10.512895505900397,-10.833724303504667,4.32834191658845,-7.499999999999997,-7.499999999999997,69.50026401231447,33.743999768915934,35.300406543897,8.914466936844592,20.333162567588925,20.333162567588925,6.950026401231447,3.3743999768915938,3.5300406543897,0.8914466936844593,2.0333162567588925,2.0333162567588925,557.8223680474279,403.440124100125,419.606792979133,312.0664891598997,221.1983471520195,221.1983471520195,188.12546239714985,18.812546239714983,2135.3324685906246
25.0,0.0,0.0,0.0,0.8925487830868628,-9.239999999999979,8.783135129198635,-15.0,0.0,0.0,12.0,-17.045450438751516,10.511783780587828,-10.83483602881738,4.3011693706536995,-7.499999999999997,-7.499999999999997,69.66678374666812,33.73864733291684,35.30584032103208,8.830653711869004,20.333162567588925,20.333162567588925,6.966678374666812,3.3738647332916845,3.5305840321032083,0.8830653711869005,2.0333162567588925,2.0333162567588925,564.7890464220947,406.81398883341666,423.1373770112362,312.94955453108656,223.2316634087784,223.2316634087784,188.20825024766384,18.820825024766393,2154.153293615391
25.1,0.0,0.0,0.0,0.9030462673964577,-9.279999999999978,8.812076647696575,-15.0,0.0,0.0,12.0,-17.06982494636911,10.507874016957961,-10.838745792447247,4.2767948630361055,-7.499999999999997,-7.499999999999997,69.81626942341425,33.71982590271651,35.32495227741633,8.755695862106238,20.333162567588925,20.333162567588925,6.981626942341426,3.371982590271651,3.532495227741633,0.8755695862106239,2.0333162567588925,2.0333162567588925,571.7706733644361,410.18597142368833,426.6698722389778,313.8251241172972,225.26497966553728,225.26497966553728,188.28306860083117,18.828306860083117,2172.981600475474
25.200000000000003,0.0,0.0,0.0,0.9133051799784954,-9.319999999999977,8.833016580058018,-15.0,0.0,0.0,12.0,-17.091370466078022,10.501135265419412,-10.845484543985794,4.255249343327193,-7.499999999999997,-7.499999999999997,69.94849418605051,33.68739406728075,35.35790116429096,8.689615455516796,20.333162567588925,20.333162567588925,6.994849418605051,3.368739406728075,3.535790116429096,0.8689615455516796,2.0333162567588925,2.0333162567588925,578.7655227830412,413.5547108304164,430.2056623554069,314.69408566284886,227.29829592229618,227.29829592229618,188.34973000831684,18.83497300083169,2191.8165734763056
25.3,0.0,0.0,0.0,0.923318042158069,-9.359999999999976,8.845874652682369,-15.0,0.0,0.0,12.0,-17.11005861687459,10.491539144968517,-10.855080664436692,4.236561192530628,-7.499999999999997,-7.499999999999997,70.06325080653514,33.641228426184426,35.404838724227076,8.632433936361174,20.333162567588925,20.333162567588925,7.0063250806535144,3.3641228426184426,3.540483872422708,0.8632433936361175,2.0333162567588925,2.0333162567588925,585.7718478636947,416.91883367303484,433.7461462278296,315.557329056485,229.33161217905507,229.33161217905507,188.40807702848565,18.840807702848572,2210.657381179154
25.400000000000002,0.0,0.0,0.0,0.9330781645183331,-9.399999999999975,8.85057798455524,-15.0,0.0,0.0,12.0,-17.12586363142906,10.479059888275525,-10.867559921129683,4.220756177976158,-7.499999999999997,-7.499999999999997,70.16035214380747,33.581223980388316,35.46590962411804,8.58417247701345,20.333162567588925,20.333162567588925,7.016035214380747,3.358122398038832,3.546590962411804,0.858417247701345,2.0333162567588925,2.0333162567588925,592.7878830780754,420.2769560710737,437.29273719024144,316.41574630418637,231.36492843581397,231.36492843581397,188.45798336050512,18.845798336050514,2229.503179515205
25.5,0.0,0.0,0.0,0.9425796207818806,-9.439999999999975,8.847061208010974,-15.0,0.0,0.0,12.0,-17.138762398781605,10.46367438438061,-10.882945425024598,4.207857410623612,-7.499999999999997,-7.499999999999997,70.23963157112608,33.50729449128515,35.54125137183274,8.544852293291065,20.333162567588925,20.333162567588925,7.023963157112608,3.350729449128515,3.5541251371832745,0.8544852293291065,2.0333162567588925,2.0333162567588925,599.811846235188,423.6276855202022,440.84686232742473,317.27023153351547,233.39824469257286,233.39824469257286,188.49935486271286,18.849935486271292,2248.353115001476
25.6,0.0,0.0,0.0,0.9518172233413453,-9.479999999999974,8.835266582576494,-15.0,0.0,0.0,12.0,-17.1487345045922,10.44536221894374,-10.901257590461466,4.19788530481302,-7.499999999999997,-7.499999999999997,70.30094337110496,33.41937280685277,35.630994215606684,8.514494919505543,20.333162567588925,20.333162567588925,7.030094337110497,3.3419372806852774,3.5630994215606684,0.8514494919505543,2.0333162567588925,2.0333162567588925,606.8419405722985,426.96962280088746,444.4099617489854,318.12168102546605,235.43156094933175,235.43156094933175,188.53213044824778,18.853213044824784,2267.2063280463008
25.700000000000003,0.0,0.0,0.0,0.9607865002555723,-9.519999999999973,8.815144101744504,-15.0,0.0,0.0,12.0,-17.15576226889063,10.424105711994713,-10.922514097410495,4.190857540514587,-7.499999999999997,-7.499999999999997,70.34416309739466,33.31741115381709,35.73526102538432,8.493122439743834,20.333162567588925,20.333162567588925,7.034416309739466,3.331741115381709,3.573526102538432,0.8493122439743834,2.0333162567588925,2.0333162567588925,613.876356882038,430.30136391626917,447.9834878515238,318.97099326944044,237.46487720609065,237.46487720609065,188.55628285151772,18.855628285151774,2286.061956331452
25.8,0.0,0.0,0.0,0.9694836735354614,-9.559999999999972,8.786651592530697,-15.0,0.0,0.0,12.0,-17.15983078127531,10.39988995313193,-10.946729856273278,4.186789028129908,-7.499999999999997,-7.499999999999997,70.36918790202391,33.20138139479572,35.85416715547067,8.480757672246268,20.333162567588925,20.333162567588925,7.0369187902023915,3.320138139479572,3.5854167155470673,0.8480757672246269,2.0333162567588925,2.0333162567588925,620.9132756722404,433.62150205574875,451.5689045670709,319.81906903666504,239.49819346284954,239.49819346284954,188.57181925971437,18.857181925971446,2304.919138257424
25.900000000000002,0.0,0.0,0.0,0.9779056385520046,-9.599999999999971,8.749754807676158,-15.0,0.0,0.0,12.0,-17.160927933511726,10.372702834120886,-10.973916975284322,4.18569187589349,-7.499999999999997,-7.499999999999997,70.3759368274882,33.07127524946413,35.9878202880024,8.477424304151224,20.333162567588925,20.333162567588925,7.03759368274882,3.307127524946413,3.5987820288002403,0.8477424304151224,2.0333162567588925,2.0333162567588925,627.9508693549892,436.92862958069514,455.16768659587115,320.66681146708015,241.53150971960844,241.53150971960844,188.57878180428378,18.85787818042838,2323.7770164378526
26.0,0.0,0.0,0.0,0.9860499444078135,-9.63999999999997,8.704427510363313,-15.0,0.0,0.0,12.0,-17.15904444948407,10.34253507884577,-11.004084730559438,4.187575359921146,-7.499999999999997,-7.499999999999997,70.36435106274756,32.92710447886006,36.136320256905975,8.48314697432222,20.333162567588925,20.333162567588925,7.036435106274756,3.292710447886006,3.6136320256905976,0.8483146974322221,2.0333162567588925,2.0333162567588925,634.987304461264,440.22134002858115,458.78131862156175,321.51512616451237,243.56482597636733,243.56482597636733,188.57724790801365,18.85772479080137,2342.634741228654
26.1,0.0,0.0,0.0,0.9939147751222713,-9.67999999999997,8.650651551320546,-15.0,0.0,0.0,12.0,-17.15417391245583,10.309380270570065,-11.037239538835143,4.1924458969493905,-7.499999999999997,-7.499999999999997,70.33439416237181,32.768901032018405,36.29975885217297,8.497951302454751,20.333162567588925,20.333162567588925,7.033439416237181,3.2768901032018407,3.629975885217297,0.8497951302454751,2.0333162567588925,2.0333162567588925,642.0207438775012,443.498230131783,462.41129450677903,322.36492129475783,245.59814223312623,245.59814223312623,188.56733048419574,18.856733048419578,2361.4914742770734
26.200000000000003,0.0,0.0,0.0,1.0014989314891527,-9.719999999999969,8.588416938198062,-15.0,0.0,0.0,-12.0,4.200307019807369,-11.073384932940586,10.273234876464622,-17.14631278959785,-7.499999999999999,-7.499999999999999,8.521863863170251,36.4782196044481,32.59671715420798,70.28605222815254,20.33316256758894,20.33316256758894,0.8521863863170251,3.6478219604448103,3.259671715420798,7.028605222815255,2.033316256758894,2.033316256758894,642.8729302638183,447.14605209222776,465.6709662221998,329.3935265175731,247.63145848988512,247.63145848988512,188.54917798515675,18.854917798515675,2380.3463920755894
26.3,0.0,0.0,0.0,1.0088018134740389,-9.759999999999968,8.517721897104751,-15.0,0.0,0.0,-12.0,4.211159355660309,-11.112521540040987,10.234098269364221,-17.13546045374491,-7.499999999999999,-7.499999999999999,8.554912104334925,36.67177755009295,32.41062545612249,70.21933405258265,20.33316256758894,20.33316256758894,0.8554912104334925,3.6671777550092948,3.241062545612249,7.021933405258266,2.033316256758894,2.033316256758894,643.7284214742517,450.81322984723704,468.91202876781205,336.41545992283136,249.664774746644,249.664774746644,188.52297429831088,18.85229742983109,2399.19868950542
26.400000000000002,0.0,0.0,0.0,1.0158234030270012,-9.799999999999967,8.438572926203419,-15.0,0.0,0.0,-12.0,4.2250006070607125,-11.154647062688852,10.191972746716356,-17.121619202344505,-7.499999999999999,-7.499999999999999,8.597124209382995,36.88049897705643,32.210718943462254,70.13427122368961,20.33316256758894,20.33316256758894,0.8597124209382996,3.6880498977056435,3.2210718943462258,7.013427122368961,2.033316256758894,2.033316256758894,644.58813389519,454.5012797449427,472.13310066215826,343.4288870452003,251.6980910034029,251.6980910034029,188.48893848876918,18.84889384887692,2418.0475833542973
26.5,0.0,0.0,0.0,1.0225642471938117,-9.839999999999966,8.350984841269396,-15.0,0.0,0.0,-12.0,4.241825535840977,-11.199756262716578,10.146863546688632,-17.104794273564238,-7.499999999999999,-7.499999999999999,8.648528903969813,37.104441152050256,31.99711100642794,70.03091819079364,20.33316256758894,20.33316256758894,0.8648528903969814,3.710444115205026,3.1997111006427943,7.003091819079365,2.033316256758894,2.033316256758894,645.452986785587,458.2117238601477,475.33281176280104,350.4319788642797,253.7314072601618,253.7314072601618,188.44732438841953,18.844732438841955,2436.8923157931386
26.6,0.0,0.0,0.0,1.0290254414163467,-9.879999999999965,8.254980813125146,-15.0,0.0,0.0,-12.0,4.261625949878259,-11.247840948001322,10.098778861403886,-17.084993859526957,-7.499999999999999,-7.499999999999999,8.709155207819137,37.343652029693075,31.76993536873535,69.90935229085227,20.33316256758894,20.33316256758894,0.8709155207819137,3.7343652029693075,3.1769935368735354,6.990935229085228,2.033316256758894,2.033316256758894,646.3239023063688,461.946089063117,478.50980529967455,357.4229140933649,255.7647235169207,255.7647235169207,188.39842003227773,18.839842003227773,2455.7321577963667
26.700000000000003,0.0,0.0,0.0,1.035208612919879,-9.919999999999964,8.150592396871675,-15.0,0.0,0.0,-12.0,4.2843906927596045,-11.298889962130128,10.047729847275082,-17.06222911664561,-7.499999999999999,-7.499999999999999,8.779032133154008,37.59816994444813,31.52934599584963,69.76967373514172,20.33316256758894,20.33316256758894,0.8779032133154008,3.7598169944448134,3.152934599584963,6.976967373514173,2.033316256758894,2.033316256758894,647.2018055196843,465.7059060575618,481.6627398992595,364.3998814668791,257.7980397736796,257.7980397736796,188.34254694377137,18.834254694377137,2474.566412490744
26.8,0.0,0.0,0.0,1.0411159040916325,-9.959999999999964,8.037859552845164,-15.0,0.0,0.0,-12.0,4.310105636372669,-11.352889176990654,9.993730632414554,-17.036514173032547,-7.499999999999999,-7.499999999999999,8.858188331603678,37.86802328633763,31.27551696222631,69.61200555611701,20.33316256758894,20.33316256758894,0.8858188331603678,3.7868023286337635,3.127551696222631,6.961200555611701,2.033316256758894,2.033316256758894,648.0876243528446,469.49270838619555,484.79029159548213,371.3610820224908,259.8313560304385,259.8313560304385,188.2800592714625,18.82800592714625,2493.3944184178904
26.900000000000002,0.0,0.0,0.0,1.0467499557613171,-9.999999999999963,7.91683065923571,-15.0,0.0,0.0,-12.0,4.338753676444314,-11.40982148830976,9.936798321095447,-17.007866132960903,-7.499999999999999,-7.499999999999999,8.9466516919514,38.153230161566825,31.008642277440295,69.43649351438636,20.33316256758894,20.33316256758894,0.89466516919514,3.8153230161566825,3.1008642277440295,6.943649351438636,2.033316256758894,2.033316256758894,648.9822895220398,473.30803140235224,487.89115582322614,378.3047313739294,261.8646722871974,261.8646722871974,188.21134278052278,18.821134278052277,2512.2155526959423
27.0,0.0,0.0,0.0,1.0521138903004632,-10.039999999999962,7.7875625163130335,-15.0,0.0,0.0,-12.0,4.370314731046591,-11.469666814159499,9.87695299524571,-16.976305078358624,-7.499999999999999,-7.499999999999999,9.044448891525066,38.453798039337116,30.72893567117458,69.2433059658286,20.33316256758894,20.33316256758894,0.9044448891525066,3.845379803933712,3.072893567117458,6.92433059658286,2.033316256758894,2.033316256758894,649.8867344111923,477.15341120628597,490.9640493903436,385.2290619705123,263.8979885439563,263.8979885439563,188.13681370304323,18.813681370304327,2531.0292340662463
27.1,0.0,0.0,0.0,1.0572112944632044,-10.079999999999961,7.650120342212334,-15.0,0.0,0.0,-12.0,4.404765742086674,-11.532402096447044,9.814217712958165,-16.94185406731854,-7.499999999999999,-7.499999999999999,9.151604904427666,38.76972338626285,30.436630337135405,69.03263368897755,20.33316256758894,20.33316256758894,0.9151604904427666,3.8769723386262847,3.043663033713541,6.903263368897756,2.033316256758894,2.033316256758894,650.801894901635,481.03038354491224,494.0077124240571,392.13232533941004,265.93130480071517,265.93130480071517,188.05691745198135,18.805691745198136,2549.8349258114445
27.200000000000003,0.0,0.0,0.0,1.062046201896841,-10.11999999999996,7.5045777602419825,-15.0,0.0,0.0,-12.0,4.442080679794261,-11.598001305402091,9.748618504003117,-16.904539129610956,-7.499999999999999,-7.499999999999999,9.268142470153789,39.10099128993506,30.131978636054487,68.8046896728925,20.33316256758894,20.33316256758894,0.926814247015379,3.9100991289935063,3.013197863605449,6.88046896728925,2.033316256758894,2.033316256758894,651.7287091486504,484.94048267390576,497.02091028766256,399.0127943066993,267.96462105747406,267.96462105747406,187.97212720421373,18.79721272042137,2568.632138531866
27.3,0.0,0.0,0.0,1.0666230752560697,-10.15999999999996,7.351016777682916,-15.0,0.0,0.0,-12.0,4.482230550217123,-11.666435447072415,9.680184362332794,-16.864389259188094,-7.499999999999999,-7.499999999999999,9.394081526439429,39.44757507329387,29.815251758033057,68.55970886582948,20.33316256758894,20.33316256758894,0.939408152643943,3.944757507329387,2.9815251758033057,6.8559708865829485,2.033316256758894,2.033316256758894,652.6681173012944,488.88524018123513,500.0024354634659,405.86876519328223,269.99793731423296,269.99793731423296,187.88294235877373,18.788294235877373,2587.420432767743
27.400000000000002,0.0,0.0,0.0,1.0709467878602534,-10.199999999999958,7.189527756058439,-15.0,0.0,0.0,-12.0,4.5251834057323155,-11.737672573835068,9.60894723557014,-16.8214364036729,-7.499999999999999,-7.499999999999999,9.529438610441755,39.80943590157881,29.486739344578453,68.29794788512551,20.33316256758894,20.33316256758894,0.9529438610441755,3.980943590157881,2.9486739344578456,6.829794788512551,2.033316256758894,2.033316256758894,653.6210611623386,492.866183771393,502.95110939792374,412.6985599817948,272.03125357099185,272.03125357099185,187.78988687690241,18.77898868769024,2606.199421455434
27.5,0.0,0.0,0.0,1.0750226048385911,-10.239999999999958,7.020209372861447,-15.0,0.0,0.0,-12.0,4.570904358577653,-11.811677797927867,9.53494201147734,-16.775715450827562,-7.499999999999999,-7.499999999999999,9.674226232544681,40.18652238372439,29.14674907077801,68.01968468880173,20.33316256758894,20.33316256758894,0.9674226232544682,4.018652238372439,2.914674907077801,6.801968468880173,2.033316256758894,2.033316256758894,654.5884837855931,496.8848360097655,505.86578430500157,419.50052845067495,274.06456982775074,274.06456982775074,187.6935075110267,18.76935075110267,2624.968772206537
27.6,0.0,0.0,0.0,1.0788561637135892,-10.279999999999957,6.843168574734698,-15.0,0.0,0.0,-12.0,4.619355597404974,-11.888413308002649,9.45820650140256,-16.727264212000243,-7.499999999999999,-7.499999999999999,9.828452227233774,40.57877017015364,28.795606188150373,67.7252182094892,20.33316256758894,20.33316256758894,0.9828452227233774,4.057877017015364,2.8795606188150376,6.772521820948921,2.033316256758894,2.033316256758894,655.5713290083165,500.94271302678084,508.7453449238166,426.27305027162384,276.09788608450964,276.09788608450964,187.5943719302049,18.75943719302049,2643.7282093995577
27.700000000000003,0.0,0.0,0.0,1.0824534543788678,-10.319999999999956,6.6585205221086206,-15.0,0.0,0.0,-12.0,4.670496406853639,-11.967838388698775,9.378781420706433,-16.67612340255158,-7.499999999999999,-7.499999999999999,9.992119085582353,40.986101548997205,28.433653028808642,67.4148679513751,20.33316256758894,20.33316256758894,0.9992119085582353,4.0986101548997205,2.8433653028808643,6.741486795137511,2.033316256758894,2.033316256758894,656.5705409168747,505.0413231816806,511.58871022669746,433.01453706676136,278.13120234126853,278.13120234126853,187.4930667499412,18.74930667499412,2662.4775160745507
27.8,0.0,0.0,0.0,1.0858207984331576,-10.359999999999955,6.466388525309682,-15.0,0.0,0.0,-12.0,4.724283190139628,-12.049909443232226,9.296710366172983,-16.62233661926559,-7.499999999999999,-7.499999999999999,10.165223273941931,41.40842504282728,28.061248471664012,67.08897355096309,20.33316256758894,20.33316256758894,1.0165223273941932,4.140842504282729,2.8061248471664015,6.708897355096309,2.033316256758894,2.033316256758894,657.587063244269,509.1821656859633,514.3948350738639,439.7234344218577,280.1645185980274,280.1645185980274,187.3901954745742,18.73901954745742,2681.2165356220085
27.900000000000002,0.0,0.0,0.0,1.088964827838345,-10.399999999999954,6.266903972160839,-15.0,0.0,0.0,-12.0,4.7806694946526544,-12.134580018992713,9.212039790412495,-16.565950314752563,-7.499999999999999,-7.499999999999999,10.34775454343746,41.84563500804741,27.678767371490764,66.7478943025332,20.33316256758894,20.33316256758894,1.0347754543437462,4.1845635008047415,2.7678767371490767,6.67478943025332,2.033316256758894,2.033316256758894,658.6218386986127,513.366729186768,517.162711811013,446.398223852111,282.1978348547863,282.1978348547863,187.28637636068672,18.728637636068672,2699.9451732580774
28.0,0.0,0.0,0.0,1.0918924628757005,-10.439999999999953,6.060206247104867,-15.0,0.0,0.0,-12.0,4.839606040550379,-12.221800836137898,9.12481897326731,-16.507013768854836,-7.499999999999999,-7.499999999999999,10.539695234833475,42.297611239115845,27.286599951767062,66.39200864928134,20.33316256758894,20.33316256758894,1.0539695234833475,4.229761123911585,2.7286599951767063,6.639200864928134,2.033316256758894,2.033316256758894,659.6758082220961,517.5964903106795,519.8913718061897,453.03742471703913,284.2311511115452,284.2311511115452,187.18224021017562,18.718224021017562,2718.663397279095
28.1,0.0,0.0,0.0,1.094610889380996,-10.479999999999952,5.8464426418893565,-15.0,0.0,0.0,-12.0,4.901040752336035,-12.311519819171016,9.035099990234192,-16.44557905706918,-7.499999999999999,-7.499999999999999,10.741019583267466,42.76421857980813,26.885151162295426,66.02171364120795,20.33316256758894,20.33316256758894,1.0741019583267466,4.2764218579808135,2.6885151162295426,6.602171364120796,2.033316256758894,2.033316256758894,660.7499101804228,521.8729121686604,522.5798869224192,459.63959608115994,286.2644673683041,286.2644673683041,187.07842810175686,18.707842810175688,2737.3712400892705
28.200000000000003,0.0,0.0,0.0,1.0971275352461178,-10.519999999999952,5.625768257861517,-15.0,0.0,0.0,-12.0,4.964918793402429,-12.40368213148487,8.942937677920337,-16.38170101600279,-7.499999999999999,-7.499999999999999,10.951693027242962,43.24530654373779,26.474840002697643,65.63742436091556,20.33316256758894,20.33316256758894,1.0951693027242964,4.324530654373779,2.6474840002697646,6.563742436091556,2.033316256758894,2.033316256758894,661.8450794831472,526.1974428230342,525.2273709226889,466.2033385172515,288.297783625063,288.297783625063,186.97558906977184,18.697558906977186,2756.068798996248
28.3,0.0,0.0,0.0,1.0994500461820411,-10.55999999999995,5.39834589992929,-15.0,0.0,0.0,-12.0,5.031182603522355,-12.498230212852258,8.84838959655295,-16.315437205882862,-7.499999999999999,-7.499999999999999,11.171671526143383,43.74070894635751,26.05609881296616,65.23957331856231,20.33316256758894,20.33316256758894,1.1171671526143383,4.374070894635751,2.605609881296616,6.523957331856231,2.033316256758894,2.033316256758894,662.9622466357615,530.57151371767,527.8329808039855,472.72729584910775,290.3310998818219,290.3310998818219,186.87437773920726,18.687437773920724,2774.7562367701685
28.400000000000002,0.0,0.0,0.0,1.1015862607456737,-10.59999999999995,5.164345962253853,-15.0,0.0,0.0,-12.0,5.099771939262389,-12.595103819839753,8.751515989565455,-16.24684787014283,-7.499999999999999,-7.499999999999999,11.400900890371917,44.25024355065455,25.629372532340412,64.82860981730373,20.33316256758894,20.33316256758894,1.1400900890371917,4.425024355065456,2.5629372532340415,6.482860981730373,2.033316256758894,2.033316256758894,664.1023367247988,534.9965380727355,530.3959180572195,479.2101568308381,292.3644161385808,292.3644161385808,186.77545192584847,18.67754519258485,2793.433781962754
28.5,0.0,0.0,0.0,1.1035441846411,-10.639999999999949,4.923946305747662,-15.0,0.0,0.0,-12.0,5.17062391729388,-12.694240069118706,8.652379740286502,-16.175995892111338,-7.499999999999999,-7.499999999999999,11.639316128046284,44.77371172873434,25.19511792786118,64.40499929063822,20.33316256758894,20.33316256758894,1.1639316128046284,4.4773711728734344,2.519511792786118,6.440499929063822,2.033316256758894,2.033316256758894,665.2662683376034,539.4739092456089,532.9154298500057,485.65065675990195,294.3977323953397,294.3977323953397,186.6794702104579,18.66794702104579,2812.101728983799
28.6,0.0,0.0,0.0,1.1053319643141701,-10.679999999999948,4.677332127460312,-15.0,0.0,0.0,-12.0,5.243673060572017,-12.795573483644304,8.551046325760904,-16.1029467488332,-7.499999999999999,-7.499999999999999,11.886840811985463,45.310898141456114,24.753802794037995,63.96922261315215,20.33316256758894,20.33316256758894,1.1886840811985464,4.531089814145612,2.4753802794037996,6.396922261315215,2.033316256758894,2.033316256758894,666.4549524188019,544.0049990597545,535.3908101294095,492.0475790212172,296.4310486520986,296.4310486520986,186.5870894958096,18.65870894958096,2830.76043793338
28.700000000000003,0.0,0.0,0.0,1.106957859868162,-10.719999999999947,4.4246958219434145,-15.0,0.0,0.0,-12.0,5.318851347350743,-12.899036041670492,8.447583767734717,-16.027768462054475,-7.499999999999999,-7.499999999999999,12.14338647052029,45.86157043824439,24.305905125144676,63.521775386237785,20.33316256758894,20.33316256758894,1.2143386470520292,4.586157043824439,2.430590512514468,6.352177538623779,2.033316256758894,2.033316256758894,667.6692910658539,548.5911561035789,537.8214006419239,498.39975655984097,298.4643649088575,298.4643649088575,186.49896255532502,18.649896255532504,2849.4103341889127
28.8,0.0,0.0,0.0,1.1084302173373768,-10.759999999999946,4.166236834693862,-15.0,0.0,0.0,-12.0,5.396088262998396,-13.004557228565606,8.342062580839603,-15.950531546406822,-7.499999999999999,-7.499999999999999,12.408852005446413,46.42547897915019,23.85191226173545,63.06316720043141,20.33316256758894,20.33316256758894,1.2408852005446414,4.642547897915019,2.385191226173545,6.306316720043141,2.033316256758894,2.033316256758894,668.9101762663986,553.233704001494,540.2065918680975,504.7060732798841,300.49768116561637,300.49768116561637,186.41573558194136,18.641573558194136,2868.051907747107
28.900000000000002,0.0,0.0,0.0,1.1097574403649646,-10.799999999999946,3.9021615077835503,-15.0,0.0,0.0,-12.0,5.4753108545758336,-13.112064091390504,8.234555718014704,-15.871308954829384,-7.499999999999999,-7.499999999999999,12.683123140217312,47.002356581176485,23.392320013049098,62.593920876090735,20.33316256758894,20.33316256758894,1.2683123140217312,4.7002356581176485,2.33923200130491,6.259392087609074,2.033316256758894,2.033316256758894,670.1784885804203,557.9339396596116,542.5458238694024,510.96546536749315,302.53099742237526,302.53099742237526,186.3380457457115,18.63380457457115,2886.685712321678
29.0,0.0,0.0,0.0,1.1109479613409623,-10.839999999999945,3.632682917791918,-15.0,0.0,0.0,-12.0,5.556443788135939,-13.221481296198071,8.125138513207137,-15.790176021269279,-7.499999999999999,-7.499999999999999,12.966071901251743,47.59191829081501,22.927631757040874,62.1145716841974,20.33316256758894,20.33316256758894,1.2966071901251743,4.759191829081501,2.2927631757040876,6.211457168419741,2.033316256758894,2.033316256758894,671.4750957705455,562.6931314886931,544.8385870451065,517.1769225359129,304.56431367913416,304.56431367913416,186.2665187684829,18.626651876848292,2905.312364198526
29.1,0.0,0.0,0.0,1.1120102120664048,-10.879999999999944,3.3580207061657776,-15.0,0.0,0.0,-12.0,5.639409408700477,-13.332731188010072,8.013888621395136,-15.70721040070474,-7.499999999999999,-7.499999999999999,13.257556135004846,48.193861184666325,22.458357519850676,61.625666549134586,20.33316256758894,20.33316256758894,1.3257556135004847,4.819386118466633,2.2458357519850676,6.162566654913459,2.033316256758894,2.033316256758894,672.800851384046,567.5125176071597,547.0844227970915,523.3394891908264,306.59762993589305,306.59762993589305,186.20176652383432,18.62017665238343,2923.93254085091
29.200000000000003,0.0,0.0,0.0,1.1129525940193308,-10.919999999999943,3.078400902139343,-15.0,0.0,0.0,-12.0,5.724127802867319,-13.445733853424375,7.900885955980833,-15.622492006537898,-7.499999999999999,-7.499999999999999,13.557419063227657,48.80786419993127,21.98501303658273,61.127763235348546,20.33316256758894,20.33316256758894,1.3557419063227658,4.880786419993127,2.198501303658273,6.112776323534855,2.033316256758894,2.033316256758894,674.1565932903688,572.3933040271528,549.2829241007498,529.4522655143612,308.63094619265195,308.63094619265195,186.14438467026807,18.61443846702681,2942.5469793179373
29.3,0.0,0.0,0.0,1.1137834483084719,-10.959999999999942,2.794055738355044,-15.0,0.0,0.0,-12.0,5.810516863998327,-13.560407185802845,7.786212623602363,-15.53610294540689,-7.499999999999999,-7.499999999999999,13.865488878617905,49.43358799647335,21.508118795334465,60.62142951985843,20.33316256758894,20.33316256758894,1.3865488878617906,4.943358799647335,2.1508118795334465,6.062142951985844,2.033316256758894,2.033316256758894,675.5431421782306,577.3366628268001,551.4337359802832,535.514408466347,310.66426244941084,310.66426244941084,186.09495032546204,18.609495032546203,2961.1564743504823
29.400000000000002,0.0,0.0,0.0,1.114511025410267,-10.999999999999941,2.496900457808228,-15.0,0.0,0.0,-12.0,5.901434985344618,-13.679609578396597,7.667010231008611,-15.445184824060599,-7.499999999999999,-7.499999999999999,14.1921920128862,50.08683527683747,21.01609882700249,60.09006894348397,20.33316256758894,20.33316256758894,1.41921920128862,5.008683527683747,2.101609882700249,6.009006894348397,2.033316256758894,2.033316256758894,676.9623613795192,582.3453463544838,553.5353458629835,541.5234153606955,312.69757870616974,312.69757870616974,186.05152019538804,18.6051520195388,2979.761626370021
29.5,0.0,0.0,0.0,1.1151434547944412,-11.03999999999994,2.197498135385109,-15.0,0.0,0.0,-12.0,5.993147555965082,-13.799606420264523,7.547013389140686,-15.353472253440135,-7.499999999999999,-7.499999999999999,14.524309460751194,50.74731720504803,20.524648042494803,59.55564747601373,20.33316256758894,20.33316256758894,1.4524309460751195,5.074731720504803,2.0524648042494804,5.9555647476013736,2.033316256758894,2.033316256758894,678.4147923255942,587.4200780749886,555.5878106672329,547.4789801082968,314.73089496292863,314.73089496292863,186.01824731948562,18.601824731948565,2998.36345110197
29.6,0.0,0.0,0.0,1.1156887145526035,-11.07999999999994,1.896118212966797,-15.0,0.0,0.0,-12.0,6.0855593137690835,-13.920302449315985,7.426317360089223,-15.261060495636134,-7.499999999999999,-7.499999999999999,14.861539064286603,51.41455069586976,20.03425950067979,59.018763820113485,20.33316256758894,20.33316256758894,1.4861539064286604,5.141455069586976,2.0034259500679794,5.9018763820113485,2.033316256758894,2.033316256758894,679.9009462320229,592.5615331445756,557.5912366173009,553.3808564903081,316.7642112196875,316.7642112196875,185.99543821612752,18.59954382161275,3016.9629949235828
29.700000000000003,0.0,0.0,0.0,1.1161546011530104,-11.119999999999939,1.5930319121409748,-15.0,0.0,0.0,-12.0,6.1785743674446945,-14.041601774239057,7.305018035166151,-15.168045441960523,-7.499999999999999,-7.499999999999999,15.203565706704042,52.08804001758603,19.545418623500776,58.48001421220616,20.33316256758894,20.33316256758894,1.5203565706704043,5.208804001758604,1.9545418623500777,5.848001421220616,2.033316256758894,2.033316256758894,681.4213028026933,597.7703371463342,559.545778479651,559.2288579115287,318.7975274764464,318.7975274764464,185.9833636951749,18.59833636951749,3035.5613312930996
29.8,0.0,0.0,0.0,1.1165486994526121,-11.159999999999938,1.2885119901206536,-15.0,0.0,0.0,-12.0,6.272096282754449,-14.163407960796272,7.183211848608936,-15.074523526650768,-7.499999999999999,-7.499999999999999,15.550061561298662,52.767277174226955,19.058602413524564,57.939991708041674,20.33316256758894,20.33316256758894,1.5550061561298663,5.276727717422696,1.9058602413524566,5.793999170804168,2.033316256758894,2.033316256758894,682.9763089588231,603.0470648637569,561.4516387210034,565.0228570823328,320.8308437332053,320.8308437332053,185.98225799226975,18.598225799226974,3054.159557092327
29.900000000000002,0.0,0.0,0.0,1.1168783531046502,-11.199999999999937,0.9795563859668857,-15.0,0.0,0.0,-12.0,6.367186448522077,-14.286782397811361,7.059837411593847,-14.97943336088314,-7.499999999999999,-7.499999999999999,15.905026202106962,53.45824325881428,18.569708519353156,57.39262856334249,20.33316256758894,20.33316256758894,1.5905026202106962,5.345824325881428,1.8569708519353156,5.73926285633425,2.033316256758894,2.033316256758894,684.5668115790338,608.3928891896383,563.3086095729387,570.7621199386671,322.8641599899642,322.8641599899642,185.99193167879477,18.599193167879477,3072.7587502602064
30.0,0.0,0.0,0.0,1.1171506355061651,-11.239999999999936,0.6717600587657861,-15.0,0.0,0.0,-12.0,6.461866747992451,-14.409746968529197,6.936872840876012,-14.884753061412766,-7.499999999999999,-7.499999999999999,16.261104281961856,54.149888912815115,18.086670976448033,56.84934810472606,20.33316256758894,20.33316256758894,1.6261104281961858,5.414988891281512,1.8086670976448034,5.6849348104726065,2.033316256758894,2.033316256758894,686.19292200723,613.8078780809197,565.1172766705836,576.4470547491396,324.8974762467231,324.8974762467231,186.01333741112896,18.601333741112896,3091.3600840013196
30.1,0.0,0.0,0.0,1.1173723214347255,-11.279999999999935,0.36540498136593297,-15.0,0.0,0.0,-12.0,6.556037488708903,-14.53220198049311,6.814417828912099,-14.790582320696315,-7.499999999999999,-7.499999999999999,16.617863230097257,54.84160746972344,17.609871071422415,56.31070274700816,20.33316256758894,20.33316256758894,1.6617863230097258,5.484160746972345,1.7609871071422416,5.631070274700816,2.033316256758894,2.033316256758894,687.8547083302398,619.292038827892,566.8782637777258,582.0781250238405,326.930792503482,326.930792503482,186.04636965342917,18.604636965342916,3109.964720966662
30.200000000000003,0.0,0.0,0.0,1.117549859527278,-11.319999999999935,0.06076998851678896,-15.0,0.0,0.0,-12.0,6.649600087700344,-14.654048850732012,6.692570958673196,-14.697019721704873,-7.499999999999999,-7.499999999999999,16.974864988241038,55.5327896252921,17.13967231682503,55.77723137023474,20.33316256758894,20.33316256758894,1.6974864988241039,5.55327896252921,1.7139672316825032,5.577723137023474,2.033316256758894,2.033316256758894,689.5521948290639,624.8453177904213,568.5922310094084,587.6558481608639,328.9641087602409,328.9641087602409,186.0908834357708,18.609088343577078,3128.573809310239
30.3,0.0,0.0,0.0,1.1176893457561472,-11.359999999999934,-0.24186947688575483,-15.0,0.0,0.0,-12.0,6.74245716119702,-14.77519019547615,6.571429613929059,-14.604162648208197,-7.499999999999999,-7.499999999999999,17.33166681556746,56.22282427489153,16.676420164374008,55.24945896126915,20.33316256758894,20.33316256758894,1.733166681556746,5.622282427489154,1.6676420164374008,5.524945896126916,2.033316256758894,2.033316256758894,691.2853615106206,630.4676002179104,570.2598730258458,593.1807940569909,330.9974250169998,330.9974250169998,186.14669535128002,18.614669535128005,3147.188478845367
30.400000000000002,0.0,0.0,0.0,1.1177964980577502,-11.399999999999933,-0.5422416128422058,-15.0,0.0,0.0,-12.0,6.834512612680435,-14.895529918207028,6.451089891198181,-14.51210719672478,-7.499999999999999,-7.499999999999999,17.687822110272116,56.91109936403235,16.22044176619472,54.72789629313082,20.33316256758894,20.33316256758894,1.7687822110272116,5.691109936403236,1.6220441766194722,5.472789629313082,2.033316256758894,2.033316256758894,693.0541437216478,636.1587101543137,571.8819172024653,598.6535836863039,333.0307412737587,333.0307412737587,186.2135846688079,18.62135846688079,3165.8098373122484
30.5,0.0,0.0,0.0,1.117876632268409,-11.439999999999932,-0.8400785023550307,-15.0,0.0,0.0,-12.0,6.925671719187718,-15.01497329596177,6.331646513443437,-14.4209480902175,-7.499999999999999,-7.499999999999999,18.042881245154426,57.5970027498878,15.772045784404074,54.21303964177408,20.33316256758894,20.33316256758894,1.8042881245154427,5.759700274988781,1.5772045784404076,5.421303964177408,2.033316256758894,2.033316256758894,694.8584318461633,641.9184104293024,573.4591217809057,604.0748876504813,335.0640575305176,335.0640575305176,186.29129455639827,18.629129455639827,3184.4389667678875
30.6,0.0,0.0,0.0,1.1179346395187009,-11.479999999999931,-1.1351163523782688,-15.0,0.0,0.0,-12.0,7.015841215793054,-15.133427063814569,6.21319274559064,-14.330778593612163,-7.499999999999999,-7.499999999999999,18.396392414624295,58.279923071642955,15.331522249276327,53.70537053987276,20.33316256758894,20.33316256758894,1.8396392414624296,5.827992307164296,1.5331522249276328,5.3705370539872765,2.033316256758894,2.033316256758894,696.6980710876257,647.7464027364667,574.9922740058333,609.4454247044686,337.09737378727647,337.09737378727647,186.3795334105942,18.637953341059422,3203.0769201089474
30.700000000000003,0.0,0.0,0.0,1.1179749652330049,-11.51999999999993,-1.436903945455375,-15.0,0.0,0.0,-12.0,7.108397106940717,-15.254267226209691,6.092352583195516,-14.238222702464501,-7.499999999999999,-7.499999999999999,18.76162970075652,58.979361013535545,14.88643076363187,53.185924182442406,20.33316256758894,20.33316256758894,1.876162970075652,5.8979361013535545,1.488643076363187,5.318592418244241,2.033316256758894,2.033316256758894,698.5742340577013,653.6443388378203,576.4809170821965,614.7640171227129,339.13069004403536,339.13069004403536,186.47967079554422,18.647967079554423,3221.724887188502
30.8,0.0,0.0,0.0,1.1180015898742706,-11.55999999999993,-1.73942745712343,-15.0,0.0,0.0,-12.0,7.201213184601412,-15.37536757511785,5.97125223428736,-14.145406624803808,-7.499999999999999,-7.499999999999999,19.130289389786995,59.6830898056706,14.444787692810001,52.66671031853762,20.33316256758894,20.33316256758894,1.9130289389786996,5.96830898056706,1.4444787692810002,5.266671031853762,2.033316256758894,2.033316256758894,700.4872629966801,659.6126478183874,577.9253958514774,620.0306881545666,341.16400630079426,341.16400630079426,186.5912023419831,18.659120234198312,3240.3840074227005
30.900000000000002,0.0,0.0,0.0,1.118018011565592,-11.599999999999929,-2.0424048988959838,-15.0,0.0,0.0,-12.0,7.294189750789642,-15.496628412553541,5.849991396851668,-14.052430058615574,-7.499999999999999,-7.499999999999999,19.501976245829802,60.39053359397533,14.007024198694605,52.148303744209784,20.33316256758894,20.33316256758894,1.9501976245829802,6.039053359397533,1.4007024198694606,5.214830374420979,2.033316256758894,2.033316256758894,702.4374606212631,665.6517011777848,579.326098271347,625.2455185289876,343.19732255755315,343.19732255755315,186.7141629178874,18.67141629178874,3259.0554237144884
31.0,0.0,0.0,0.0,1.1180272307099326,-11.639999999999928,-2.3455520565487418,-15.0,0.0,0.0,-12.0,7.387226320602758,-15.617949253614118,5.7286705557910915,-13.959393488802458,-7.499999999999999,-7.499999999999999,19.876281769129996,61.10110281484882,13.573561318838404,51.63127643814394,20.33316256758894,20.33316256758894,1.9876281769129998,6.110110281484882,1.3573561318838405,5.163127643814395,2.033316256758894,2.033316256758894,704.425088798176,671.7618114592698,580.6834544032308,630.408646172802,345.23063881431204,345.23063881431204,186.84854747613906,18.684854747613905,3277.7402784621027
31.1,0.0,0.0,0.0,1.118031736717447,-11.679999999999927,-2.6485827562919244,-15.0,0.0,0.0,-12.0,7.480221716327082,-15.739228920585902,5.607390888819306,-13.866398093078136,-7.499999999999999,-7.499999999999999,20.252784605717455,61.81419472738466,13.14480916062623,51.116196887998484,20.33316256758894,20.33316256758894,2.0252784605717458,6.181419472738466,1.314480916062623,5.111619688799848,2.033316256758894,2.033316256758894,706.4503672587477,677.9432309320082,581.9979353192934,635.5202658616018,347.26395507107094,347.26395507107094,186.9943105169047,18.69943105169047,3296.4397095137933
31.200000000000003,0.0,0.0,0.0,1.11803349693638,-11.719999999999926,-2.9512091343320312,-15.0,0.0,0.0,-12.0,7.573074162742393,-15.860365638248673,5.486254171156534,-13.773545646662825,-7.499999999999999,-7.499999999999999,20.63105100053522,62.52919398377354,12.72116611999876,50.60362943848803,20.33316256758894,20.33316256758894,2.063105100053522,6.2529193983773546,1.2721166119998761,5.060362943848803,2.033316256758894,2.033316256758894,708.5134723588013,684.1961503303855,583.2700519312933,640.5806288054506,349.29727132782983,349.29727132782983,187.15136567797344,18.715136567797344,3315.1548460815907
31.3,0.0,0.0,0.0,1.1180339478686672,-11.759999999999925,-3.253141909569792,-15.0,0.0,0.0,-12.0,7.665681383535209,-15.981257130288952,5.365362679116257,-13.680938425870007,-7.499999999999999,-7.499999999999999,21.010635293200327,63.245473237320674,12.303018127135358,50.09413366285522,20.33316256758894,20.33316256758894,2.1010635293200326,6.324547323732068,1.230301812713536,5.009413366285522,2.033316256758894,2.033316256758894,710.6145358881214,690.5206976541176,584.5003537440068,645.5900421717362,351.3305875845887,351.3305875845887,187.31958545568946,18.731958545568947,3333.886804627159
31.400000000000002,0.0,0.0,0.0,1.118033988735328,-11.799999999999924,-3.5540906591765355,-15.0,0.0,0.0,-12.0,7.75794069872975,-16.101800716730953,5.244819092674255,-13.588679110675468,-7.499999999999999,-7.499999999999999,21.39108045544356,63.96239378740058,11.890737921504405,49.58826375929973,20.33316256758894,20.33316256758894,2.139108045544356,6.396239378740058,1.1890737921504406,4.9588263759299736,2.033316256758894,2.033316256758894,712.7536439336658,696.9169370328576,585.6894275361573,650.5488685476662,353.3639038413476,353.3639038413476,187.49880105882616,18.749880105882614,3352.636684733042
31.5,0.0,0.0,0.0,1.1180339774397086,-11.839999999999923,-3.8409608938077895,-15.0,0.0,0.0,-12.0,7.8452225072201855,-16.217366796468852,5.129253012936356,-13.501397302185032,-7.499999999999999,-7.499999999999999,21.753088977770076,64.65223562783854,11.499904165981953,49.11126421673363,20.33316256758894,20.33316256758894,2.1753088977770076,6.465223562783854,1.1499904165981953,4.911126421673363,2.033316256758894,2.033316256758894,714.9289528314428,703.3821605956415,586.8394179527554,655.4599949693395,355.3972200981065,355.3972200981065,187.6828181235021,18.76828181235021,3371.404966545392
31.6,0.0,0.0,0.0,1.1180337289589004,-11.879999999999923,-4.124374522891715,-15.0,0.0,0.0,-12.0,7.931282221099421,-16.331710781595547,5.01490902780966,-13.415337588305796,-7.499999999999999,-7.499999999999999,22.11200599875188,65.33720593034106,11.117512504810438,48.64245061817649,20.33316256758894,20.33316256758894,2.211200599875188,6.533720593034106,1.1117512504810438,4.864245061817649,2.033316256758894,2.033316256758894,717.1401534313179,709.9158811886756,587.9511692032364,660.3242400311572,357.4305363548654,357.4305363548654,187.87550018725776,18.787550018725774,3390.1925165641187
31.700000000000003,0.0,0.0,0.0,1.118032516175453,-11.919999999999922,-4.404076493291951,-15.0,0.0,0.0,-12.0,8.016029665466315,-16.4447424972099,4.901877312195305,-13.330590143938903,-7.499999999999999,-7.499999999999999,22.467358308415026,66.01667607948123,10.743769781554539,48.182252793631,20.33316256758894,20.33316256758894,2.246735830841503,6.601667607948123,1.074376978155454,4.818225279363101,2.033316256758894,2.033316256758894,719.3868892621595,716.5175487966237,589.0255461813919,665.1424653105203,359.4638526116243,359.4638526116243,188.07638209825967,18.80763820982597,3409.000154773944
31.8,0.0,0.0,0.0,1.1180290731431106,-11.959999999999921,-4.6798150921144686,-15.0,0.0,0.0,-12.0,8.099375846373723,-16.55637294936477,4.790246860040435,-13.247243963031494,-7.499999999999999,-7.499999999999999,22.8186720507972,66.69001867008988,10.378865409267078,47.73108860643233,20.33316256758894,20.33316256758894,2.28186720507972,6.669001867008989,1.037886540926708,4.773108860643233,2.033316256758894,2.033316256758894,721.6687564672392,723.1865506636327,590.0634327223186,669.9155741711635,361.4971688683832,361.4971688683832,188.2849698717644,18.82849698717644,3427.8286517611205
31.900000000000002,0.0,0.0,0.0,1.1180216007620143,-11.99999999999992,-4.951342173232143,-15.0,0.0,0.0,-12.0,8.18123303091704,-16.666514405155553,4.680105404249657,-13.165386778488177,-7.499999999999999,-7.499999999999999,23.165473549999554,67.35660837120798,10.02297135656974,47.28936383134238,20.33316256758894,20.33316256758894,2.3165473549999556,6.735660837120799,1.0022971356569739,4.728936383134238,2.033316256758894,2.033316256758894,723.9853038222392,729.9222115007535,591.0657298579755,674.6445105542978,363.5304851251421,363.5304851251421,188.50074224429753,18.850074224429754,3446.67872598555
32.0,0.0,0.0,0.0,1.1180077748208885,-12.0,-5.218413380599461,-15.0,0.0,0.0,-12.0,8.275656961811567,-16.760938336050135,4.5856814733550735,-13.07096284759365,-7.499999999999999,-7.499999999999999,23.56767595452796,67.92983040107214,9.721177323060678,46.78152857801421,20.33316256758894,20.33316256758894,2.356767595452796,6.792983040107214,0.9721177323060678,4.678152857801421,2.033316256758894,2.033316256758894,726.342071417692,736.7151945408607,592.0378475902816,679.3226634120991,365.563801381901,365.563801381901,188.66653739185287,18.86665373918529,3465.545379724736
32.1,0.0,0.0,0.0,1.1179847563464558,-12.0,-5.480788368156593,-15.0,0.0,0.0,-12.0,8.36842052826926,-16.85370190250783,4.492917906897381,-12.978199281135957,-7.499999999999999,-7.499999999999999,23.96504683534511,68.49454736309814,9.42770018633787,46.284406116335866,20.33316256758894,20.33316256758894,2.396504683534511,6.849454736309814,0.942770018633787,4.628440611633587,2.033316256758894,2.033316256758894,728.7385761012265,743.5646492771705,592.9806176089154,683.9511040237327,367.5971176386599,367.5971176386599,188.83802563629487,18.883802563629487,3484.4291822883642
32.2,0.0,0.0,0.0,1.1179492041839443,-12.0,-5.738231016124484,-15.0,0.0,0.0,-12.0,8.459440249341617,-16.944721623580186,4.401898185825024,-12.887179560063599,-7.499999999999999,-7.499999999999999,24.357094368114133,69.05016099174824,9.142669649319567,45.79835270320324,20.33316256758894,20.33316256758894,2.4357094368114134,6.905016099174825,0.9142669649319567,4.5798352703203244,2.033316256758894,2.033316256758894,731.1742855380379,750.4696653763453,593.8948845738473,688.530939294053,369.6304338954188,369.6304338954188,189.01460284756308,18.901460284756308,3503.330642573121
32.300000000000004,0.0,0.0,0.0,1.1178972897172932,-12.0,-5.990509643496852,-15.0,0.0,0.0,-12.0,8.548634213423336,-17.0339155876619,4.312704221743305,-12.797985595981881,-7.499999999999999,-7.499999999999999,24.743329559550286,69.59607924871585,8.86620051149041,45.323711181127685,20.33316256758894,20.33316256758894,2.474332955955029,6.959607924871586,0.8866200511490411,4.532371118112769,2.033316256758894,2.033316256758894,733.6486184939929,757.4292733012169,594.7815046249964,693.0633104121658,371.66375015217767,371.66375015217767,189.19564563606212,18.91956456360621,3522.2502071367276
32.4,0.0,0.0,0.0,1.1178247136237425,-12.0,-6.237397216537312,-15.0,0.0,0.0,-12.0,8.635922151967135,-17.121203526205704,4.225416283199506,-12.710697657438082,-7.499999999999999,-7.499999999999999,25.12326712158936,70.13171717499505,8.598392981020396,44.86081100638137,20.33316256758894,20.33316256758894,2.512326712158936,7.013171717499505,0.8598392981020396,4.486081100638137,2.033316256758894,2.033316256758894,736.1609452061518,764.4424450187164,595.6413439230985,697.5493915128039,373.69706640893656,373.69706640893656,189.38051341916406,18.938051341916406,3541.188258478644
32.5,0.0,0.0,0.0,1.1177267245450713,-12.0,-6.478671553094603,-15.0,0.0,0.0,-12.0,8.721225511720109,-17.206506885958675,4.140112923446532,-12.62539429768511,-7.499999999999999,-7.499999999999999,25.496426342514884,70.65649774008494,8.339333039012192,44.40996830448511,20.33316256758894,20.33316256758894,2.5496426342514886,7.065649774008495,0.8339333039012193,4.440996830448511,2.033316256758894,2.033316256758894,738.7105878404034,771.5080947927249,596.4752772269997,701.9903883432524,375.73038266569546,375.73038266569546,189.568550561275,18.9568550561275,3560.145113534771
32.6,0.0,0.0,0.0,1.1175981395469756,-12.0,-6.714115522551303,-15.0,0.0,0.0,-12.0,8.804467525416262,-17.289748899654832,4.056870909750378,-12.542152283988955,-7.499999999999999,-7.499999999999999,25.862331953163807,71.1698526865341,8.089092855563614,43.97148595179863,20.33316256758894,20.33316256758894,2.586233195316381,7.11698526865341,0.8089092855563614,4.397148595179863,2.033316256758894,2.033316256758894,741.2968210357197,778.6250800613783,597.2841865125561,706.3875369384323,377.76369892245435,377.76369892245435,189.75908858223804,18.975908858223804,3579.1210223929947
32.7,0.0,0.0,0.0,1.1174333662290523,-12.0,-6.943517241226923,-15.0,0.0,0.0,-12.0,8.885573280861953,-17.370854655100523,3.9757651543046872,-12.461046528543264,-7.499999999999999,-7.499999999999999,26.22051498635157,71.67122336804071,7.84773125709989,43.54565368185726,20.33316256758894,20.33316256758894,2.622051498635157,7.167122336804072,0.784773125709989,4.354565368185726,2.033316256758894,2.033316256758894,743.9188725343549,785.7922023981823,598.068959638266,710.742102306618,379.79701517921325,379.79701517921325,189.95144842852733,18.99514484285273,3598.116167235848
32.800000000000004,0.0,0.0,0.0,1.1172264263406424,-12.0,-7.166670263058791,-15.0,0.0,0.0,-12.0,8.964469788351744,-17.44975116259031,3.8968686468148963,-12.382150021053473,-7.499999999999999,-7.499999999999999,26.570513627676064,72.16006157933514,7.615294244176953,43.13274821499473,20.33316256758894,20.33316256758894,2.6570513627676067,7.2160061579335135,0.7615294244176953,4.313274821499473,2.033316256758894,2.033316256758894,746.5759238971225,793.0082085561158,598.8304890626838,715.0553771281175,381.83033143597214,381.83033143597214,190.14494280136077,19.014494280136077,3617.1306615159842
32.9,0.0,0.0,0.0,1.1169709807524186,-12.0,-7.38337376538961,-15.0,0.0,0.0,-12.0,9.041086046354243,-17.526367420592813,3.8202523888123974,-12.305533763050974,-7.499999999999999,-7.499999999999999,26.91187405588713,72.63583037608933,7.391815558672085,42.73303340968614,20.33316256758894,20.33316256758894,2.691187405588713,7.263583037608933,0.7391815558672086,4.2733033409686145,2.033316256758894,2.033316256758894,749.2671113027112,800.2717915937247,599.569670618551,719.3286804690861,383.86364769273104,383.86364769273104,190.33887853551255,19.033887853551256,3636.1645493695346
33.0,0.0,0.0,0.0,1.1166603556300707,-12.0,-7.593432729694386,-15.0,0.0,0.0,-12.0,9.115353105408708,-17.600634479647276,3.745985329757932,-12.231266703996509,-7.499999999999999,-7.499999999999999,27.2441512710346,73.09800488311724,7.1773172989672815,42.34676043394942,20.33316256758894,20.33316256758894,2.7244151271034602,7.3098004883117245,0.7177317298967282,4.234676043394942,2.033316256758894,2.033316256758894,751.9915264298147,807.5815920820364,600.2874023484477,723.563356512481,385.89696394948993,385.89696394948993,190.53255902224643,19.053255902224645,3655.21780527176
33.1,0.0,0.0,0.0,1.1162875696547196,-12.0,-7.796658117083754,-15.0,0.0,0.0,-12.0,9.18720413017485,-17.672485504413416,3.6741343049917905,-12.159415679230367,-7.499999999999999,-7.499999999999999,27.56690990863915,73.5460730891548,6.971810581387761,41.974167955052785,20.33316256758894,20.33316256758894,2.7566909908639152,7.35460730891548,0.6971810581387761,4.197416795505279,2.033316256758894,2.033316256758894,754.7482174206787,814.9361993909519,600.9845834065865,727.7607733079864,387.9302802062488,387.9302802062488,190.72528666941238,19.07252866694124,3674.2903339387008
33.2,0.0,0.0,0.0,1.1158453621346738,-12.0,-7.992867038426393,-15.0,0.0,0.0,-12.0,9.25657445958019,-17.741855833818757,3.604763975586451,-12.090045349825028,-7.499999999999999,-7.499999999999999,27.8797250381653,73.97953662653774,6.775296245783494,41.61548234569095,20.33316256758894,20.33316256758894,2.78797250381653,7.397953662653774,0.6775296245783494,4.1615482345690955,2.033316256758894,2.033316256758894,757.5361899244951,822.3341530536056,601.6621130311648,731.9223215425554,389.9635964630077,389.9635964630077,190.91636539135538,19.09163653913554,3693.381970477837
33.300000000000004,0.0,0.0,0.0,1.115326221854787,-12.0,-8.181882918936777,-15.0,0.0,0.0,-12.0,9.323401665010609,-17.808683039249175,3.5379367701560316,-12.023218144394608,-7.499999999999999,-7.499999999999999,28.182182944111617,74.3979115341245,6.587765602737762,41.27091790471959,20.33316256758894,20.33316256758894,2.818218294411162,7.43979115341245,0.6587765602737763,4.127091790471959,2.033316256758894,2.033316256758894,760.3544082189063,829.7739442070181,602.3208895914386,736.0494133330274,391.9969127197666,391.9969127197666,191.10510312087135,19.110510312087136,3712.4924807899233
33.4,0.0,0.0,0.0,1.1147224165128125,-12.0,-8.363535657080648,-15.0,0.0,0.0,-12.0,9.387625606491927,-17.872906980730495,3.4737128286747136,-11.95899420291329,-7.499999999999999,-7.499999999999999,28.47388188807508,74.80072900185073,6.4092012194499715,40.94067709046911,20.33316256758894,20.33316256758894,2.8473881888075083,7.480072900185073,0.6409201219449971,4.094067709046911,2.033316256758894,2.033316256758894,763.2017964077138,837.2540171072031,602.9618097133836,740.1434810420743,394.0302289765255,394.0302289765255,191.2908143350228,19.12908143350228,3731.6215622234254
33.5,0.0,0.0,0.0,1.1140260225966814,-12.0,-8.537661777654868,-15.0,0.0,0.0,-12.0,9.449188486811796,-17.934469861050363,3.4121499483548448,-11.897431322593421,-7.499999999999999,-7.499999999999999,28.75443285018838,75.18753609533698,6.239577740877269,40.62495076460351,20.33316256758894,20.33316256758894,2.875443285018838,7.518753609533698,0.6239577740877269,4.062495076460351,2.033316256758894,2.033316256758894,766.0772396927326,844.7727707167369,603.5857674874712,744.2059761185346,396.0635452332844,396.0635452332844,191.472822586184,19.1472822586184,3750.768844482044
33.6,0.0,0.0,0.0,1.113228955562377,-12.0,-8.70410457890409,-15.0,0.0,0.0,-12.0,9.5080349035333,-17.993316277771868,3.3533035316333404,-11.838584905871917,-7.499999999999999,-7.499999999999999,29.023460248376328,75.5578964590172,6.078862742230051,40.323918444443194,20.33316256758894,20.33316256758894,2.902346024837633,7.55578964590172,0.6078862742230051,4.032391844444319,2.033316256758894,2.033316256758894,768.9795857175702,852.3285603626387,604.1936537616942,748.2383679629789,398.0968614900433,398.0968614900433,191.65046302924466,19.165046302924466,3769.9338907849688
33.7,0.0,0.0,0.0,1.1123230001789108,-12.0,-8.86271427354173,-15.0,0.0,0.0,-12.0,9.564111898853401,-18.04939327309197,3.2972265363132394,-11.782507910551816,-7.499999999999999,-7.499999999999999,29.280602633925685,75.91139099629856,5.927017608408257,40.03774856163547,20.33316256758894,20.33316256758894,2.9280602633925685,7.5911390996298564,0.5927017608408257,4.003774856163547,2.033316256758894,2.033316256758894,771.9076459809628,859.9196994622685,604.786355522535,752.2421428191425,400.1301777468022,400.1301777468022,191.82308493544588,19.182308493544586,3789.116199278513
33.800000000000004,0.0,0.0,0.0,1.1112998409146295,-12.0,-9.01334812354844,-15.0,0.0,0.0,-12.0,9.617369007261392,-18.10265038149996,3.243969427905249,-11.729250802143826,-7.499999999999999,-7.499999999999999,29.525513361915216,76.24761852531381,5.783998435443024,39.76659872503344,20.33316256758894,20.33316256758894,2.952551336191522,7.624761852531382,0.5783998435443024,3.976659872503344,2.033316256758894,2.033316256758894,774.8601973171543,867.5444613147998,605.3647553660793,756.2188026916458,402.1634940035611,402.1634940035611,191.99005418288337,19.199005418288337,3808.3152046968016
33.9,0.0,0.0,0.0,1.1101510922475697,-12.0,-9.155870568626703,-15.0,0.0,0.0,-12.0,9.667758300954455,-18.15303967519302,3.1935801342121852,-11.678861508450762,-7.499999999999999,-7.499999999999999,29.757861235106926,76.56619640887818,5.64975694848161,39.510615985632846,20.33316256758894,20.33316256758894,2.9757861235106926,7.656619640887818,0.564975694848161,3.951061598563285,2.033316256758894,2.033316256758894,777.835983440665,875.2010809556876,605.9297310609275,760.169864290209,404.19681026032,404.19681026032,192.15075571327745,19.215075571327745,3827.530280268129
34.0,0.0,0.0,0.0,1.1088683287916288,-12.0,-9.290153348195927,-15.0,0.0,0.0,-12.0,9.715234432969444,-18.200515807208014,3.1461040021971964,-11.631385376435773,-7.499999999999999,-7.499999999999999,29.977331119956478,76.86676115731878,5.52424143033227,39.269937101418705,20.33316256758894,20.33316256758894,2.997733111995648,7.686676115731878,0.5524241430332271,3.9269937101418706,2.033316256758894,2.033316256758894,780.8337165526607,882.8877570714195,606.4821552039607,764.096858000351,406.2301265170789,406.2301265170789,192.3045959442041,19.23045959442041,3846.76073986255
34.1,0.0,0.0,0.0,1.1074431151398265,-12.0,-9.416075616818322,-15.0,0.0,0.0,-12.0,9.759754677992088,-18.245036052230656,3.101583757174552,-11.586865131413129,-7.499999999999999,-7.499999999999999,30.183624533460804,77.14896900290049,5.407397654082261,39.044688799988634,20.33316256758894,20.33316256758894,3.0183624533460804,7.714896900290049,0.5407397654082261,3.9044688799988636,2.033316256758894,2.033316256758894,783.8520790060068,890.6026539717095,607.022894969369,768.0013268803498,408.26344277383777,408.26344277383777,192.45100512561007,19.245100512561006,3866.00584037511
34.2,0.0,0.0,0.0,1.105867035335709,-12.0,-9.53352405295161,-15.0,0.0,0.0,-12.0,9.801278970806889,-18.28656034504546,3.0600594643597505,-11.545340838598328,-7.499999999999999,-7.499999999999999,30.37646019962255,77.41249644463518,5.2991698128310345,38.83498803684907,20.33316256758894,20.33316256758894,3.037646019962255,7.741249644463519,0.5299169812831035,3.883498803684907,2.033316256758894,2.033316256758894,786.889725025969,898.3439036161731,607.5528119506521,771.8848256840347,410.29675903059666,410.29675903059666,192.5894396291157,19.25894396291157,3885.264784338022
34.300000000000004,0.0,0.0,0.0,1.1041317218938924,-12.0,-9.642392960930813,-15.0,0.0,0.0,-12.0,9.839769942353124,-18.32505131659169,3.0215684928135156,-11.506849867052093,-7.499999999999999,-7.499999999999999,30.555574574375665,77.6570407623211,5.199501439156849,38.64094224732333,20.33316256758894,20.33316256758894,3.055557457437567,7.765704076232111,0.519950143915685,3.8640942247323333,2.033316256758894,2.033316256758894,789.9452824834066,906.1096076924051,608.0727620945678,775.748919908767,412.33007528735556,412.33007528735556,192.71938415835484,19.271938415835482,3904.5367227538572
34.4,0.0,0.0,0.0,1.102228884300722,-12.0,-9.742584366087168,-15.0,0.0,0.0,-12.0,9.875192953354459,-18.360474327593025,2.9861454818121818,-11.471426856050758,-7.499999999999999,-7.499999999999999,30.72072233788239,77.88232049872688,5.108336306575872,38.46264959006757,20.33316256758894,20.33316256758894,3.072072233788239,7.788232049872689,0.5108336306575872,3.8462649590067572,2.033316256758894,2.033316256758894,793.0173547171948,913.8978397422778,608.5835957252253,779.5951848677737,414.36339154411445,414.36339154411445,192.8403538684306,19.28403538684306,3923.820758140701
34.5,0.0,0.0,0.0,1.1001503369359273,-12.0,-9.834008102918773,-15.0,0.0,0.0,-12.0,9.907516125491979,-18.39279749973055,2.9538223096746616,-11.439103683913238,-7.499999999999999,-7.499999999999999,30.871676853181228,78.08807590890095,5.025619304974895,38.300199180261245,20.33316256758894,20.33316256758894,3.087167685318123,7.808807590890095,0.5025619304974895,3.8300199180261245,2.033316256758894,2.033316256758894,796.104522402513,921.7066473331679,609.0861576557228,783.4252047857998,416.39670780087334,416.39670780087334,192.95189638249622,19.29518963824962,3943.1159477789497
34.6,0.0,0.0,0.0,1.0978880263659265,-12.0,-9.916581896233382,-15.0,0.0,0.0,-12.0,9.936710370092507,-18.421991744331073,2.924628065074133,-11.40990943931271,-7.499999999999999,-7.499999999999999,31.008230590235037,78.27406937565712,4.9512972818203025,38.15367131062361,20.33316256758894,20.33316256758894,3.100823059023504,7.827406937565712,0.49512972818203027,3.815367131062361,2.033316256758894,2.033316256758894,799.2053454615365,929.5340542707336,609.5812873839049,787.2405719168621,418.43002405763224,418.43002405763224,193.05359369351396,19.305359369351397,3962.421307148302
34.7,0.0,0.0,0.0,1.0954340579689323,-12.0,-9.990231435190573,-15.0,0.0,0.0,-12.0,9.962749414306455,-18.448030788545022,2.898589020860186,-11.383870395098763,-7.499999999999999,-7.499999999999999,31.130195514501573,78.4400857903592,4.885319840881874,38.023137658505505,20.33316256758894,20.33316256758894,3.1130195514501575,7.844008579035921,0.48853198408818743,3.802313765850551,2.033316256758894,2.033316256758894,802.3183650129866,937.3780628497695,610.0698193679931,791.0428856827126,420.46334031439113,420.46334031439113,193.14506393942605,19.314506393942604,3981.735813542244
34.800000000000004,0.0,0.0,0.0,1.0927807218612677,-12.0,-10.05489044017649,-15.0,0.0,0.0,-12.0,9.985609824751611,-18.47089119899018,2.8757286104150284,-11.361009984653606,-7.499999999999999,-7.499999999999999,31.237403439222007,78.58593289819973,4.827640090276169,37.90866147741715,20.33316256758894,20.33316256758894,3.1237403439222007,7.858593289819973,0.48276400902761696,3.790866147741715,2.033316256758894,2.033316256758894,805.4421053569089,945.2366561395895,610.5525833770207,794.8337518304543,422.49665657115,422.49665657115,193.22596304029295,19.322596304029293,4001.0584098462737
34.9,0.0,0.0,0.0,1.0899205181031855,-12.0,-10.110500722450986,-15.0,0.0,0.0,-12.0,10.00527102860161,-18.49055240284018,2.856067406565031,-11.341348780803607,-7.499999999999999,-7.499999999999999,31.329706340698813,78.71144160724457,4.778215331841501,37.810297771475554,20.33316256758894,20.33316256758894,3.1329706340698813,7.871144160724457,0.47782153318415016,3.7810297771475554,2.033316256758894,2.033316256758894,808.5750759909788,953.107800300314,611.0304049102049,798.6147816076018,424.5299728279089,424.5299728279089,193.2959861864383,19.329598618643832,4020.388008464917
35.0,0.0,0.0,0.0,1.0868461811710202,-12.0,-10.157012236513607,-15.0,0.0,0.0,-12.0,10.021715332100076,-18.506996706338644,2.8396231030665646,-11.324904477305141,-7.499999999999999,-7.499999999999999,31.40697663591113,78.8164662605905,4.737007684213155,37.72809345139097,20.33316256758894,20.33316256758894,3.140697663591113,7.881646626059051,0.4737007684213155,3.772809345139097,2.033316256758894,2.033316256758894,811.71577365457,960.989446926373,611.5041056786262,802.3875909527409,426.5632890846678,426.5632890846678,193.35486916728365,19.335486916728364,4039.7234953816455
35.1,0.0,0.0,0.0,1.083550703690654,-12.0,-10.19438312514112,-15.0,0.0,0.0,-12.0,10.034927936483816,-18.520209310722386,2.826410498682824,-11.3116918729214,-7.499999999999999,-7.499999999999999,31.469107421893955,78.90088487106179,4.703984632477597,37.66208747075683,20.33316256758894,20.33316256758894,3.146910742189396,7.89008848710618,0.4703984632477597,3.7662087470756833,2.033316256758894,2.033316256758894,814.8626843967594,968.8795354134792,611.9745041418739,806.1537996998165,428.5966053414267,428.5966053414267,193.40238953136804,19.340238953136808,4059.0637343347826
35.2,0.0,0.0,0.0,1.0800273594350378,-12.0,-10.22257975705623,-15.0,0.0,0.0,-12.0,10.044896951300714,-18.530178325539282,2.816441483865926,-11.301722858104503,-7.499999999999999,-7.499999999999999,31.5160126763865,78.96459931794965,4.679119497945726,37.61231094156396,20.33316256758894,20.33316256758894,3.1516012676386502,7.896459931794965,0.46791194979457257,3.7612310941563964,2.033316256758894,2.033316256758894,818.014285664398,976.7759953452742,612.4424160916685,809.915030793973,430.6299215981856,430.6299215981856,193.4383675690237,19.343836756902373,4078.4075710916854
35.300000000000004,0.0,0.0,0.0,1.076269725595885,-12.0,-10.241576757193418,-15.0,0.0,0.0,-12.0,10.051613405110318,-18.536894779348884,2.809725030056322,-11.295006404294899,-7.499999999999999,-7.499999999999999,31.54762741933519,79.00753550538053,4.662391822391695,37.578787228023735,20.33316256758894,20.33316256758894,3.154762741933519,7.900753550538053,0.4662391822391695,3.757878722802374,2.033316256758894,2.033316256758894,821.1690484063315,984.6767488958122,612.9086552739077,813.6729095167753,432.6632378549445,432.6632378549445,193.46266711030904,19.346266711030903,4097.753837802716
35.4,0.0,0.0,0.0,1.0722717043466785,-12.0,-10.251357029534823,-15.0,0.0,0.0,-12.0,10.055071253557548,-18.540352627796118,2.806267181609093,-11.291548555847669,-7.499999999999999,-7.499999999999999,31.563907834918112,79.0296434819781,4.653787662041654,37.561532017956274,20.33316256758894,20.33316256758894,3.1563907834918115,7.90296434819781,0.4653787662041654,3.7561532017956276,2.033316256758894,2.033316256758894,824.3254391898233,992.57971324401,613.3740340401118,817.429062718571,434.6965541117034,434.6965541117034,193.47519613207203,19.347519613207204,4117.101357415923
35.5,0.0,0.0,0.0,1.068027543720789,-12.0,-10.251911772495488,-15.0,0.0,0.0,-12.0,10.055267384812199,-18.540548759050765,2.8060710503544417,-11.291352424593018,-7.499999999999999,-7.499999999999999,31.56483135383868,79.03089752156683,4.653299787648946,37.56055337117801,20.33316256758894,20.33316256758894,3.1564831353838683,7.903089752156683,0.46532997876489457,3.756055337117801,2.033316256758894,2.033316256758894,827.4819223252072,1000.4828029961667,613.8393640188767,821.1851180556888,436.7298703684623,436.7298703684623,193.47590716941036,19.347590716941035,4136.448948132864
35.6,0.0,0.0,0.0,1.063531857834885,-12.0,-10.243240486844192,-15.0,0.0,0.0,-12.0,10.05220162236938,-18.53748299660795,2.809136812797261,-11.294418187035838,-7.499999999999999,-7.499999999999999,31.550396695718785,79.01129616474739,4.66092778813485,37.575851744504604,20.33316256758894,20.33316256758894,3.1550396695718788,7.90112961647474,0.466092778813485,3.7575851744504605,2.033316256758894,2.033316256758894,830.6369619947791,1008.3839326126414,614.3054567976902,824.9427032301393,438.7631866252212,438.7631866252212,193.46479752828353,19.34647975282835,4155.795427885692
35.7,0.0,0.0,0.0,1.0587796464938846,-12.0,-10.225350976152729,-15.0,0.0,0.0,-12.0,10.045876725208357,-18.531158099446927,2.8154617099582824,-11.30074308419686,-7.499999999999999,-7.499999999999999,31.520623871503854,78.97086222125493,4.676678076480133,37.60741999317098,20.33316256758894,20.33316256758894,3.1520623871503854,7.897086222125494,0.46766780764801336,3.760741999317098,2.033316256758894,2.033316256758894,833.7890243819295,1016.2810188347669,614.7731246053382,828.7034452294564,440.7965028819801,440.7965028819801,193.44190929758778,19.344190929758778,4175.139618815451
35.800000000000004,0.0,0.0,0.0,1.0537663142195892,-12.0,-10.198259339773214,-15.0,0.0,0.0,-12.0,10.03629838530966,-18.521579759548228,2.8250400498569803,-11.310321424095557,-7.499999999999999,-7.499999999999999,31.475554145874952,78.90964273309676,4.70056379779258,37.655243348657216,20.33316256758894,20.33316256758894,3.1475554145874955,7.8909642733096765,0.47005637977925807,3.765524334865722,2.033316256758894,2.033316256758894,836.936579796517,1024.1719831080766,615.2431809851175,832.4689695643222,442.82981913873897,442.82981913873897,193.4073291605994,19.340732916059938,4194.480351731511
35.9,0.0,0.0,0.0,1.0484876887508083,-12.0,-10.161989958349755,-15.0,0.0,0.0,-11.029359450284016,9.16014627310021,-17.645427647338778,1.9745342632014964,-10.459815637440075,-7.499999999999999,-7.499999999999999,27.445215861147418,73.37723119952796,2.7466925479511435,33.48876119538358,20.33316256758894,20.33316256758894,2.744521586114742,7.337723119952796,0.27466925479511434,3.3488761195383585,2.033316256758894,2.033316256758894,839.6811013826317,1031.5097062280295,615.5178502399126,835.8178456838605,444.86313539549786,444.86313539549786,177.724225939188,17.772422593918797,4212.2527743254295
36.0,0.0,0.0,0.0,1.04294003906837,-12.0,-10.116575471877526,-15.0,0.0,0.0,-9.507722089841645,7.790680901544643,-16.27596227578321,0.6371817829945492,-9.122463157233126,-7.499999999999999,-7.499999999999999,21.52663576448957,65.00294749039773,0.5035099580241882,27.276033485629217,20.33316256758894,20.33316256758894,2.152663576448957,6.500294749039774,0.05035099580241882,2.727603348562922,2.033316256758894,2.033316256758894,841.8337649590807,1038.0100009770692,615.568201235715,838.5454490324233,446.89645165225676,446.89645165225676,154.97545183371858,15.497545183371859,4227.750319508802
36.1,0.0,0.0,0.0,1.037120093003886,-12.0,-10.062056750328965,-15.0,0.0,0.0,-7.991336242479102,6.422667615689884,-14.907948989928451,-0.6922809451516034,-7.793000429086972,-7.499999999999999,-7.499999999999999,16.113363651019515,56.982288203302765,0.5702123309169034,21.53625020157371,20.33316256758894,20.33316256758894,1.6113363651019517,5.698228820330277,0.05702123309169034,2.1536250201573712,2.033316256758894,2.033316256758894,843.4451013241826,1043.7082297973996,615.6252224688068,840.6990740525807,448.92976790901565,448.92976790901565,135.86843952199078,13.586843952199079,4241.337163461001
36.2,0.0,0.0,0.0,1.0310250544966442,-12.0,-9.998482856873563,-15.0,0.0,0.0,-6.486888432968734,5.0620710412425804,-13.54735241548115,-2.00792398843016,-6.477357385808415,-7.499999999999999,-7.499999999999999,11.274710296265637,49.36221969791992,2.816656847103768,16.31961193683896,20.33316256758894,20.33316256758894,1.1274710296265638,4.936221969791992,0.28166568471037684,1.631961193683896,2.033316256758894,2.033316256758894,844.5725723538092,1048.6444517671916,615.9068881535171,842.3310352462646,450.96308416577455,450.96308416577455,120.43952391330618,12.043952391330617,4253.381115852331
36.300000000000004,0.0,0.0,0.0,1.02465262056851,-11.866141678616405,-9.925911003724323,-15.0,0.0,0.0,-5.000812982955813,3.761960428237799,-12.15258967570778,-3.256718551949839,-5.133910695520147,-7.499999999999999,-7.499999999999999,7.223278706949817,41.938827983378886,5.818129453045012,11.515571669902426,20.33316256758894,20.33316256758894,0.7223278706949818,4.193882798337889,0.5818129453045012,1.1515571669902427,2.033316256758894,2.033316256758894,845.2949002245041,1052.8383345655295,616.4887010988216,843.4825924132548,452.99640042253344,452.99640042253344,107.16213294845403,10.716213294845403,4264.097329147176
36.4,0.0,0.0,0.0,1.0180009980923619,-11.632052084804322,-9.844406500650624,-15.0,0.0,0.0,-3.5391325475163598,2.515826715331843,-10.740929623612097,-4.445219878035143,-3.7798830302451134,-7.499999999999998,-7.499999999999998,3.950336801266163,34.84783842040917,9.277968836987869,7.274959481588193,20.333162567588932,20.333162567588932,0.3950336801266163,3.484783842040917,0.9277968836987869,0.7274959481588193,2.0333162567588934,2.0333162567588934,845.6899339046307,1056.3231184075705,617.4164979825204,844.2100883614136,455.02971667929233,455.02971667929233,96.01742867542924,9.601742867542926,4273.69907201472
36.5,0.0,0.0,0.0,1.011068920435365,-11.395345328345506,-9.754042696203848,-15.0,0.0,0.0,-2.1073245056882484,1.29405584933206,-9.351781804967612,-5.603093885136795,-2.454632070498758,-7.499999999999998,-7.499999999999998,1.4572785353579916,28.31095932889016,13.129702543618,3.8070856195833045,20.333162567588932,20.333162567588932,0.14572785353579917,2.831095932889016,1.3129702543618,0.38070856195833047,2.0333162567588934,2.0333162567588934,845.8356617581666,1059.1542143404595,618.7294682368821,844.590796923372,457.06303293605123,457.06303293605123,87.37135116262732,8.737135116262733,4282.436207130982
36.6,0.0,0.0,0.0,1.0038556640643932,-11.156074667261551,-9.65490091170861,-15.0,0.0,0.0,-0.7078522402113008,0.09884878939738595,-7.987384838041486,-6.728197116955952,-1.1603389316881492,-7.499999999999998,-7.499999999999998,0.030765931598995138,22.347037212695383,17.2767121591719,1.2373436496207277,20.333162567588932,20.333162567588932,0.003076593159899514,2.2347037212695384,1.72767121591719,0.12373436496207278,2.0333162567588934,2.0333162567588934,845.8387383513265,1061.388918061729,620.4571394527993,844.714531288334,459.0963491928101,459.0963491928101,81.55818408826487,8.155818408826487,4290.59202553981
36.7,0.0,0.0,0.0,0.9963610652071725,-10.914293936441814,-9.547070368079101,-15.0,0.0,0.0,0.6437434096415632,-1.0559592708115333,-6.661611983509692,-7.8067574685454115,0.08918621422418749,-7.499999999999998,-7.499999999999998,1.074196638512822,17.020881070647803,21.593302506814098,0.026366933989726078,20.333162567588932,20.333162567588932,0.10741966385128221,1.7020881070647804,2.15933025068141,0.002636693398972608,2.0333162567588934,2.0333162567588934,845.9461580151777,1063.091006168794,622.6164697034807,844.7171679817329,461.129665449569,461.129665449569,80.38107228514231,8.038107228514232,4298.630132768323
36.800000000000004,0.0,0.0,0.0,0.9885855366692777,-10.670057535530695,-9.430648105526233,-15.0,0.0,0.0,1.9576039277352602,-2.179373522259812,-5.365496516764565,-8.847848748661477,1.3029787096371015,-7.499999999999998,-7.499999999999998,3.185008115081819,12.303478473633872,26.053709874741575,1.4723769741833714,20.333162567588932,20.333162567588932,0.31850081150818194,1.2303478473633873,2.6053709874741577,0.14723769741833714,2.0333162567588934,2.0333162567588934,846.264658826686,1064.3213540161573,625.2218406909549,844.8644056791512,463.1629817063279,463.1629817063279,83.68089857281849,8.36808985728185,4306.998222625605
36.9,0.0,0.0,0.0,0.9805300849140549,-10.423420416688082,-9.305738896228055,-15.0,0.0,0.0,3.2354094254962673,-3.272870713405212,-4.09760054639324,-9.853021790879485,2.482550531081036,-7.499999999999998,-7.499999999999998,5.861466844527572,8.211215807017274,30.61732207709424,3.8722214243169297,20.333162567588932,20.333162567588932,0.5861466844527573,0.8211215807017274,3.061732207709424,0.387222142431693,2.0333162567588934,2.0333162567588934,846.8508055111387,1065.142475596859,628.2835728986643,845.2516278215829,465.1962979630868,465.1962979630868,89.22855128813387,8.922855128813389,4315.921077754419
37.0,0.0,0.0,0.0,0.9721963275197891,-10.174438072225154,-9.172455150041788,-15.0,0.0,0.0,4.45991972428206,-4.321096573401006,-2.8733175822319867,-10.807001810125023,3.6125876544920352,-7.499999999999998,-7.499999999999998,8.892093010450049,4.821570079222609,35.16987900064663,6.797365579827811,20.333162567588932,20.333162567588932,0.889209301045005,0.48215700792226096,3.516987900064663,0.6797365579827811,2.0333162567588934,2.0333162567588934,847.7400148121836,1065.6246326047813,631.800560798729,845.9313643795657,467.2296142198457,467.2296142198457,96.34723280532496,9.634723280532498,4325.555801034951
37.1,0.0,0.0,0.0,0.9635865111361435,-9.92316652211907,-9.030916813342632,-15.0,0.0,0.0,5.636426986464752,-5.328735574941047,-1.6880027636926789,-11.714558093987225,4.697819755353506,-7.499999999999997,-7.499999999999997,12.177251980287158,2.171064708904065,39.69190136890733,10.079931078969635,20.333162567588925,20.333162567588925,1.2177251980287158,0.21710647089040652,3.969190136890733,1.0079931078969635,2.0333162567588925,2.0333162567588925,848.9577400102123,1065.8417390756717,635.7697509356196,846.9393574874626,469.2629304766046,469.2629304766046,104.78647427224604,10.478647427224603,4336.0344484621755
37.2,0.0,0.0,0.0,0.9547035300698941,-9.669662301408565,-8.881251261080074,-15.0,0.0,0.0,6.764276027222762,-6.295179923114235,-0.542303861995681,-12.57517291524553,5.737689130135619,-7.499999999999997,-7.499999999999997,15.635985488315178,0.39534575844423747,44.145250563211256,13.605626962207701,20.333162567588925,20.333162567588925,1.5635985488315178,0.03953457584442375,4.414525056321126,1.3605626962207702,2.0333162567588925,2.0333162567588925,850.5213385590438,1065.8812736515163,640.1842759919408,848.2999201836834,471.2962467333635,471.2962467333635,114.44853390735622,11.444853390735622,4347.479301852912
37.300000000000004,0.0,0.0,0.0,0.9455509456383896,-9.41398244747381,-8.72359318214901,-15.0,0.0,0.0,7.8433385093411925,-7.220288015392011,0.5635971888121456,-13.388799910802305,6.732109084222447,-7.499999999999997,-7.499999999999997,19.20634919287464,0.418857470004527,48.498188231809834,17.291782115004114,20.333162567588925,20.333162567588925,1.920634919287464,0.0418857470004527,4.849818823180984,1.7291782115004115,2.0333162567588925,2.0333162567588925,852.4419734783312,1065.9231593985166,645.0340948151218,850.0290983951838,473.3295629901224,473.3295629901224,126.08150214487097,12.608150214487097,4360.087452067398
37.4,0.0,0.0,0.0,0.9361330064378143,-9.156184487203346,-8.558084458178907,-15.0,0.0,0.0,8.873936460318903,-8.104316452810806,1.6299163121142444,-14.155796007156308,7.681395866459755,-7.499999999999997,-7.499999999999997,22.83955426522766,2.059970481233167,52.7247441803967,21.075275422289227,20.333162567588925,20.333162567588925,2.283955426522766,0.2059970481233167,5.27247441803967,2.107527542228923,2.0333162567588925,2.0333162567588925,854.725928904854,1066.1291564466399,650.3065692331614,852.1366259374128,475.3628792468813,475.3628792468813,139.3658694843246,13.936586948432462,4374.024039015831
37.5,0.0,0.0,0.0,0.9264546696821233,-8.896326424050592,-8.384874035849794,-15.0,0.0,0.0,9.856766463329421,-8.947852652758288,2.6571999106630404,-14.876853942902688,8.58620120080745,-7.499999999999997,-7.499999999999997,26.496668576404716,4.2879467320295,56.80410044558434,24.906610521278132,20.333162567588925,20.333162567588925,2.649666857640472,0.42879467320295,5.6804100445584345,2.4906610521278134,2.0333162567588925,2.0333162567588925,857.3755957624944,1066.5579511198428,655.9869792777199,854.6272869895406,477.3961955036402,477.3961955036402,153.16165141047452,15.316165141047456,4389.340204156878
37.6,0.0,0.0,0.0,0.9165216237773793,-8.634466724983541,-8.204117792850447,-15.0,0.0,0.0,10.792827623135146,-9.751750821573538,3.6462608484080716,-15.552938146551298,9.44744817338584,-7.499999999999997,-7.499999999999997,30.146502310437626,6.892624814334923,60.719991919134515,28.746489402755326,20.333162567588925,20.333162567588925,3.014650231043763,0.6892624814334923,6.071999191913452,2.8746489402755326,2.0333162567588925,2.0333162567588925,860.3902459935382,1067.2472136012761,662.0589784696334,857.5019359298161,479.42951176039907,479.42951176039907,167.17193358184022,16.717193358184026,4406.057397515062
37.7,0.0,0.0,0.0,0.9063403123047336,-8.370664307329733,-8.015978397598857,-15.0,0.0,0.0,11.683355395667679,-10.517073144709384,4.598119649960331,-16.185225827496406,10.266272332747366,-7.499999999999997,-7.499999999999997,33.76411567039651,9.760755630708292,64.46013086731678,32.56358480409816,20.333162567588925,20.333162567588925,3.376411567039651,0.9760755630708293,6.4460130867316785,3.2563584804098165,2.0333162567588925,2.0333162567588925,863.7666575605779,1068.223289164347,668.5049915563651,860.758294410226,481.46282801715796,481.46282801715796,181.21491210769756,18.12149121076976,4424.178888725832
37.800000000000004,0.0,0.0,0.0,0.8959179595933642,-8.104978525520254,-7.820625162851741,-15.0,0.0,0.0,12.0,-10.773844000200658,5.042758723433938,-16.30386108597127,10.57277580920456,-7.499999999999997,-7.499999999999997,35.00814202238435,11.210250618024684,65.17015251751434,34.03271311548162,20.333162567588925,20.333162567588925,3.500814202238435,1.1210250618024684,6.517015251751435,3.403271311548162,2.0333162567588925,2.0333162567588925,867.2674717628163,1069.3443142261494,675.0220068081165,864.1615657217741,483.49614427391685,483.49614427391685,186.08758340858282,18.608758340858287,4442.78764706669
37.9,0.0,0.0,0.0,0.8852625980716278,-7.837469157735183,-7.618233893334441,-15.0,0.0,0.0,12.0,-10.750821275769102,5.208893686994131,-16.137726122411078,10.595798533636115,-7.499999999999997,-7.499999999999997,34.895988169705966,11.768775497295326,64.17657693039529,34.14393539661042,20.333162567588925,20.333162567588925,3.489598816970597,1.1768775497295327,6.417657693039529,3.4143935396610425,2.0333162567588925,2.0333162567588925,870.7570705797868,1070.521191775879,681.439664501156,867.5759592614352,485.52946053067575,485.52946053067575,185.65160112918483,18.565160112918484,4461.352807179609
38.0,0.0,0.0,0.0,0.8743830975900958,-7.5681963924536655,-7.408986727528479,-15.0,0.0,0.0,12.0,-10.729599021552126,5.378076031096569,-15.96854377830864,10.617020787853091,-7.499999999999997,-7.499999999999997,34.792711510402874,12.346772453309631,63.170019032728256,34.24656673440903,20.333162567588925,20.333162567588925,3.4792711510402876,1.2346772453309631,6.317001903272826,3.424656673440903,2.0333162567588925,2.0333162567588925,874.2363417308271,1071.75586902121,687.7566664044289,871.0006159348761,487.56277678743464,487.56277678743464,185.22239486602763,18.522239486602764,4479.875046666211
38.1,0.0,0.0,0.0,0.8632891969131626,-7.297220814911955,-7.193071973759357,-15.0,0.0,0.0,12.0,-10.710132080618468,5.550217758578597,-15.796402050826611,10.636487728786749,-7.499999999999997,-7.499999999999997,34.69806673120863,12.94428516176453,62.15131275132913,34.34079958126499,20.333162567588925,20.333162567588925,3.4698066731208628,1.294428516176453,6.215131275132913,3.434079958126499,2.0333162567588925,2.0333162567588925,877.706148403948,1073.0502975373863,693.9717976795617,874.4346958930026,489.59609304419354,489.59609304419354,184.8007893607451,18.480078936074513,4498.355125602286
38.2,0.0,0.0,0.0,0.851991537575485,-7.024603393471791,-6.970683940731629,-15.0,0.0,0.0,12.0,-10.692373310037825,5.725228615367884,-15.621391194037324,10.654246499367392,-7.499999999999997,-7.499999999999997,34.61180175816591,13.561330111615778,61.121302452348594,34.426839006910285,20.333162567588925,20.333162567588925,3.461180175816591,1.356133011161578,6.11213024523486,3.4426839006910286,2.0333162567588925,2.0333162567588925,881.1673285797646,1074.4064305485479,700.0839279247966,877.8773797936936,491.62940930095243,491.62940930095243,184.3875984642184,18.438759846421846,4516.793885448707
38.300000000000004,0.0,0.0,0.0,0.8405017002945022,-6.750405465902933,-6.7420227626643054,-15.0,0.0,0.0,12.0,-10.67627363785496,5.903016157156257,-15.443603652248951,10.670346171550257,-7.499999999999997,-7.499999999999997,34.533657902855985,14.197896167143272,60.08084176758481,34.50490226873342,20.333162567588925,20.333162567588925,3.4533657902855985,1.4197896167143274,6.008084176758481,3.4504902268733417,2.0333162567588925,2.0333162567588925,884.6206943700502,1075.8262201652622,706.0920121015552,881.3278700205669,493.6627255577113,493.6627255577113,183.9836232414953,18.398362324149538,4535.192247772857
38.400000000000006,0.0,0.0,0.0,0.828832244118822,-6.474688725582289,-6.507294219183455,-15.0,0.0,0.0,12.0,-10.661782121887947,6.083485817956623,-15.263133991448585,10.684837687517271,-7.499999999999997,-7.499999999999997,34.46337000848848,14.853944187859211,59.0307924058373,34.575218367559806,20.333162567588925,20.333162567588925,3.4463370008488483,1.4853944187859212,5.903079240583731,3.457521836755981,2.0333162567588925,2.0333162567588925,888.067031370899,1077.3116145840481,711.9950913421388,884.7853918573229,495.6960418144702,495.6960418144702,183.58965010492264,18.35896501049227,4553.551212783349
38.5,0.0,0.0,0.0,0.8169967484724947,-6.197515207613312,-6.266709550134549,-15.0,0.0,0.0,12.0,-10.648846010294351,6.266540980484221,-15.080078828920987,10.697773799110866,-7.499999999999997,-7.499999999999997,34.400666596837716,15.52940670588546,57.97202295130681,34.63802759019487,20.333162567588925,20.333162567588925,3.440066659683772,1.552940670588546,5.797202295130681,3.4638027590194875,2.0333162567588925,2.0333162567588925,891.5070980305828,1078.8645552546366,717.7922936372695,888.2491946163424,497.7293580712291,497.7293580712291,183.2064489794027,18.320644897940277,4571.87185768129
38.6,0.0,0.0,0.0,0.805009858224328,-5.918947274868161,-6.020485265480701,-15.0,0.0,0.0,12.0,-10.637410803847516,6.452083048302598,-14.89453676110261,10.709209005557703,-7.499999999999997,-7.499999999999997,34.345270017023715,16.224187660435632,56.90540765106777,34.69358104003991,20.333162567588925,20.333162567588925,3.4345270017023717,1.6224187660435634,5.690540765106777,3.469358104003991,2.0333162567588925,2.0333162567588925,894.9416250322852,1080.4869740206802,723.4828344023763,891.7185527203463,499.762674327988,499.762674327988,182.83477150374486,18.283477150374488,4590.155334831664
38.7,0.0,0.0,0.0,0.7928873318664046,-5.639047603956536,-5.768842950458483,-15.0,0.0,0.0,12.0,-10.627420319863615,6.640011519672192,-14.706608289733017,10.719199489541602,-7.499999999999997,-7.499999999999997,34.29689659714181,16.938162189031708,55.83182519366965,34.74214015710136,20.333162567588925,20.333162567588925,3.4296896597141813,1.693816218903171,5.583182519366965,3.474214015710136,2.0333162567588925,2.0333162567588925,898.3713146919994,1082.1807902395833,729.0660169217432,895.1927667360565,501.7959905847469,501.7959905847469,182.47534927212234,18.247534927212243,4608.402869758876
38.800000000000004,0.0,0.0,0.0,0.7806460928227102,-5.35787917112359,-5.512009066166085,-15.0,0.0,0.0,12.0,-10.618816757718548,6.830224063038895,-14.516395746366314,10.727803051686669,-7.499999999999997,-7.499999999999997,34.25525679974073,17.671176475077996,54.752157480937434,34.783976228722935,20.333162567588925,20.333162567588925,3.425525679974073,1.7671176475077996,5.475215748093744,3.4783976228722935,2.0333162567588925,2.0333162567588925,901.7968403719734,1083.947907887091,734.541232669837,898.6711643589288,503.8293068415058,503.8293068415058,182.1288921196569,18.212889211965695,4626.615758970842
38.900000000000006,0.0,0.0,0.0,0.7683042838226933,-5.075505238080509,-5.2502147457635715,-15.0,0.0,0.0,12.0,-10.611540765892379,7.022616594097805,-14.324003215307403,10.735079043512838,-7.499999999999997,-7.499999999999997,34.2200553821391,18.423047651394196,53.66728839506132,34.819369892371256,20.333162567588925,20.333162567588925,3.4220055382139103,1.8423047651394198,5.366728839506132,3.4819369892371257,2.0333162567588925,2.0333162567588925,905.2188459101874,1085.7902126522306,739.9079615093431,902.1531013481659,505.8626230982647,505.8626230982647,181.7960864561437,18.179608645614373,4644.795367616456
39.0,0.0,0.0,0.0,0.7558813241598087,-4.791989337771019,-4.983695586468767,-15.0,0.0,0.0,12.0,-10.6055315104776,7.217083354366076,-14.129536455039133,10.741088298927616,-7.499999999999997,-7.499999999999997,34.19099156255168,19.19356375928437,52.578102563077906,34.84861063180595,20.333162567588925,20.333162567588925,3.419099156255168,1.919356375928437,5.257810256307791,3.484861063180595,2.0333162567588925,2.0333162567588925,908.6379450664425,1087.709569028159,745.1657717656509,905.6379624113465,507.8959393550236,507.8959393550236,181.47759365189773,18.147759365189778,4662.943126981647
39.1,0.0,0.0,0.0,0.7433979695049673,-4.507395260076551,-4.712691437535468,-15.0,0.0,0.0,12.0,-10.600726745086169,7.413516991197933,-13.933102818207276,10.745893064319048,-7.499999999999997,-7.499999999999997,34.167759192971346,19.982483762688613,51.48548412085073,34.87199626795877,20.333162567588925,20.333162567588925,3.4167759192971348,1.9982483762688614,5.1485484120850735,3.4871996267958774,2.0333162567588925,2.0333162567588925,912.0547209857397,1089.7078174044277,750.314320177736,909.1251620381424,509.9292556117825,509.9292556117825,181.1740484796473,18.117404847964735,4681.060531829611
39.2,0.0,0.0,0.0,0.7308763737516852,-4.221787037464015,-4.437446184405534,-15.0,0.0,0.0,12.0,-10.597062882088979,7.611808639172706,-13.734811170232502,10.749556927316238,-7.499999999999997,-7.499999999999997,34.150046939720504,20.789537616923145,50.390315478667674,34.889832445836845,20.333162567588925,20.333162567588925,3.4150046939720506,2.0789537616923144,5.0390315478667675,3.4889832445836846,2.0333162567588925,2.0333162567588925,915.4697256797117,1091.78677116612,755.3533517256028,912.6141452827261,511.9625718685414,511.9625718685414,180.886057616326,18.0886057616326,4699.149137591243
39.300000000000004,0.0,0.0,0.0,0.7183401521246535,-3.9352289305785613,-4.15820752922825,-15.0,0.0,0.0,12.0,-10.594475065120271,7.8118480027866815,-13.534771806618526,10.752144744284946,-7.499999999999997,-7.499999999999997,34.13753847254666,21.614426391476453,49.29347609056789,34.90243211875063,20.333162567588925,20.333162567588925,3.4137538472546662,2.1614426391476456,4.92934760905679,3.4902432118750633,2.0333162567588925,2.0333162567588925,918.8834795269663,1093.9482138052676,760.2826993346596,916.1043884946012,513.9958881253002,513.9958881253002,180.61419820851947,18.061419820851953,4717.210557412096
39.400000000000006,0.0,0.0,0.0,0.7058144444772384,-3.647785413785349,-3.8752267679452457,-15.0,0.0,0.0,12.0,-10.59289724277825,8.013523440377249,-13.33309636902796,10.753722566626967,-7.499999999999997,-7.499999999999997,34.12991266309136,22.45682244627749,48.19584122951382,34.91011503114893,20.333162567588925,20.333162567588925,3.4129912663091364,2.245682244627749,4.819584122951382,3.4910115031148936,2.0333162567588925,2.0333162567588925,922.2964707932755,1096.1938960498953,765.102283457611,919.5953999977161,516.0292043820591,516.0292043820591,180.3590165052094,18.035901650520948,4735.246459062616
39.5,0.0,0.0,0.0,0.6933259773259268,-3.35952116066305,-3.588758564141086,-15.0,0.0,0.0,12.0,-10.592262243452147,8.2167220492076,-13.129897760197608,10.754357565953068,-7.499999999999997,-7.499999999999997,34.12684379351094,23.31636966080423,47.098280770512616,34.913207201319935,20.333162567588925,20.333162567588925,3.4126843793510946,2.3316369660804233,4.709828077051262,3.4913207201319936,2.0333162567588925,2.0333162567588925,925.7091551726265,1098.5255330159757,769.8121115346622,923.086720717848,518.062520638818,518.062520638818,180.12102656132555,18.012102656132555,4753.258561718748
39.6,0.0,0.0,0.0,0.6809031227116566,-3.070501029452443,-3.2990607198631023,-15.0,0.0,0.0,12.0,-10.592501851204968,8.421329751638869,-12.92529005776634,10.754117958200249,-7.499999999999997,-7.499999999999997,34.12800177597127,24.192683715345467,46.00165798378352,34.912040405190005,20.333162567588925,20.333162567588925,3.412800177597127,2.419268371534547,4.6001657983783515,3.491204040519001,2.0333162567588925,2.0333162567588925,929.1219553502236,1100.9448013875103,774.4122773330406,926.5779247583671,520.0958368955769,520.0958368955769,179.9007090154681,17.99007090154681,4771.248632620296
39.7,0.0,0.0,0.0,0.6685759514311833,-2.7807900484638033,-3.006393943617176,-15.0,0.0,0.0,12.0,-10.593546882640082,8.627231382315253,-12.719388427089955,10.753072926765135,-7.499999999999997,-7.499999999999997,34.133052383676464,25.085352423669768,44.9068283400542,34.906951662420404,20.333162567588925,20.333162567588925,3.4133052383676468,2.508535242366977,4.49068283400542,3.4906951662420407,2.0333162567588925,2.0333162567588925,932.5352605885913,1103.4533366298774,778.902960167046,930.0686199246092,522.1291531523358,522.1291531523358,179.69850994499865,17.96985099449987,4789.218483614795
39.800000000000004,0.0,0.0,0.0,0.6563762775411828,-2.4904534014456123,-2.71102161574748,-15.0,0.0,0.0,12.0,-10.595327264679076,8.834310776287778,-12.51230903311743,10.751292544726141,-7.499999999999997,-7.499999999999997,34.14165749402691,25.993936116300286,43.81463833004762,34.89828272596589,20.333162567588925,20.333162567588925,3.414165749402691,2.599393611630029,4.381463833004762,3.4898282725965895,2.0333162567588925,2.0333162567588925,935.949426337994,1106.0527302415073,783.2844240000508,933.5584481972057,524.1624694090947,524.1624694090947,179.51483980151852,17.951483980151856,4807.169967594948
39.900000000000006,0.0,0.0,0.0,0.6443376903044575,-2.199556412918634,-2.4132095514120984,-15.0,0.0,0.0,12.0,-10.597772113177347,9.04245085800022,-12.304168951404987,10.74884769622787,-7.499999999999997,-7.499999999999997,34.15347534443118,26.917968073527614,42.725924300205605,34.88637957621893,20.333162567588925,20.333162567588925,3.415347534443118,2.6917968073527616,4.272592430020561,3.488637957621893,2.0333162567588925,2.0333162567588925,939.3647738724371,1108.7445270488602,787.5570164300714,937.0470861548276,526.1957856658536,526.1957856658536,179.35007242956115,17.935007242956118,4825.104974837904
40.0,0.0,0.0,0.0,0.6324955689304308,-1.9081645334780597,-2.113225761367205,-15.0,0.0,0.0,12.0,-10.600809812303178,9.251533731061174,-12.095086078344034,10.74580999710204,-7.499999999999997,-7.499999999999997,34.16816080122367,27.856955007234845,41.64151130666396,34.87159192081896,20.333162567588925,20.333162567588925,3.4168160801223673,2.7856955007234845,4.164151130666396,3.487159192081896,2.0333162567588925,2.0333162567588925,942.7815899525594,1111.5302225495836,791.7211675607377,940.5342453469095,528.2291019226125,528.2291019226125,179.20454417111927,17.920454417111927,4843.025429255014
40.1,0.0,0.0,0.0,0.6208870745832896,-1.6163433250674608,-1.8113402107755396,-15.0,0.0,0.0,12.0,-10.604368094605386,9.46144076872457,-11.885179040680638,10.742251714799831,-7.499999999999997,-7.499999999999997,34.185365642063786,28.810377590541684,40.56221198947136,34.85427270115767,20.333162567588925,20.333162567588925,3.418536564206379,2.8810377590541685,4.056221198947136,3.485427270115767,2.0333162567588925,2.0333162567588925,946.2001265167659,1114.4112603086378,795.7773887596849,944.0196726170253,530.2624181793714,530.2624181793714,179.07855305841233,17.907855305841235,4860.933284560857
40.2,0.0,0.0,0.0,0.6095511132299927,-1.3241584462276024,-1.5078245762559548,-15.0,0.0,0.0,12.0,-10.608374121693936,9.672052705000953,-11.674567104404256,10.73824568771128,-7.499999999999997,-7.499999999999997,34.204738852113266,29.77769103421235,39.488825469009015,34.834777606558774,20.333162567588925,20.333162567588925,3.420473885211327,2.977769103421235,3.9488825469009017,3.4834777606558776,2.0333162567588925,2.0333162567588925,949.6206004019772,1117.389029412059,799.7262713065858,947.5031503776812,532.2957344361303,532.2957344361303,178.97235809707124,17.897235809707126,4878.830520370563
40.300000000000004,0.0,0.0,0.0,0.5985282620393655,-1.028236718532514,-1.2029520013928452,-15.0,0.0,0.0,12.0,-10.611538724058873,9.884465567719525,-11.462154241685683,10.735081085346344,-7.499999999999997,-7.499999999999997,34.22004550539446,30.764001735860703,38.416023668121966,34.81937982644242,20.333162567588925,20.333162567588925,3.4220045505394463,3.0764001735860704,3.8416023668121966,3.4819379826442423,2.0333162567588925,2.0333162567588925,953.0426049525166,1120.465429585645,803.567873673398,950.9850883603254,534.3290506928892,534.3290506928892,178.88577587099738,17.88857758709974,4896.719097957663
40.400000000000006,0.0,0.0,0.0,0.5878606513129262,-0.734034301048529,-0.8940068614222411,-15.0,0.0,0.0,12.0,-10.616751063580592,10.097710431685647,-11.248909377719562,10.729868745824625,-7.499999999999997,-7.499999999999997,34.245261697174676,31.76489371284632,37.34897305289471,34.794023464991106,20.333162567588925,20.333162567588925,3.424526169717468,3.176489371284632,3.7348973052894716,3.4794023464991106,2.0333162567588925,2.0333162567588925,956.4671311222342,1123.6419189569297,807.3027709786875,954.4644907068246,536.362366949648,536.362366949648,178.81947706308466,17.881947706308466,4914.601045663972
40.5,0.0,0.0,0.0,0.5775917934501821,-0.44161871603076275,-0.5862995674118586,-15.0,0.0,0.0,12.0,-10.622157499142897,10.309885910338647,-11.036733899066562,10.72446231026232,-7.499999999999997,-7.499999999999997,34.27142342520993,32.77131186500705,36.29726442527618,34.76772939479824,20.333162567588925,20.333162567588925,3.4271423425209933,3.2771311865007053,3.6297264425276183,3.476772939479824,2.0333162567588925,2.0333162567588925,959.8942734647551,1126.9190501434305,810.9324974212151,957.9412636463044,538.3956832064069,538.3956832064069,178.77405424546924,17.877405424546925,4932.478451088519
40.6,0.0,0.0,0.0,0.5677663503807244,-0.15105664451572473,-0.28011149651601935,-15.0,0.0,0.0,12.0,-10.62768212420539,10.520868946525031,-10.825750862880177,10.718937685199828,-7.499999999999997,-7.499999999999997,34.29816395057294,33.78239643916537,35.26144294843654,34.7408673585673,20.333162567588925,20.333162567588925,3.429816395057294,3.3782396439165367,3.526144294843654,3.47408673585673,2.0333162567588925,2.0333162567588925,963.3240898598124,1130.297289787347,814.4586417160588,961.4153503821611,540.4289994631658,540.4289994631658,178.74919583191996,17.874919583192,4950.353370671712
40.7,0.0,0.0,0.0,0.558429831415532,0.13758608888164123,0.024279183338915142,-15.0,0.0,0.0,12.0,-10.633249864070343,10.730537920515484,-10.616081888889724,10.713369945334874,-7.499999999999997,-7.499999999999997,34.325120194830724,34.797278440908705,34.2420240257107,34.71380269075132,20.333162567588925,20.333162567588925,3.4325120194830725,3.4797278440908705,3.42420240257107,3.4713802690751323,2.0333162567588925,2.0333162567588925,966.7566018792954,1133.7770176314377,817.8828441186298,964.8867306512362,542.4623157199247,542.4623157199247,178.74455048737929,17.87445504873793,4968.227825720448
40.800000000000004,0.0,0.0,0.0,0.5496282147789828,0.42424453087925407,0.32659776614404257,-15.0,0.0,0.0,12.0,-10.638786559950008,10.93877274461603,-10.407847064789179,10.70783324945521,-7.499999999999997,-7.499999999999997,34.351933138822574,35.815080994948346,33.23949299410962,34.686895900240216,20.333162567588925,20.333162567588925,3.4351933138822575,3.581508099494835,3.323949299410962,3.468689590024022,2.0333162567588925,2.0333162567588925,970.1917951931777,1137.3585257309326,821.2067934180408,968.3554202412603,544.4956319766836,544.4956319766836,178.75972816329858,17.875972816329863,4986.103798536778
40.900000000000006,0.0,0.0,0.0,0.5414074883718032,0.708854614144453,0.6265732557223073,-15.0,0.0,0.0,12.0,-10.644219051449836,11.145454955986748,-10.20116485341846,10.702400757955381,-7.499999999999997,-7.499999999999997,34.37824822721287,36.83492071323201,32.25430487950037,34.660502274120965,20.333162567588925,20.333162567588925,3.4378248227212875,3.683492071323201,3.225430487950037,3.466050227412097,2.0333162567588925,2.0333162567588925,973.6296200158989,1141.0420178022557,824.4322239059908,971.8214704686724,546.5289482334425,546.5289482334425,178.79430122924404,17.879430122924408,5003.983228659703
41.0,0.0,0.0,0.0,0.5338131087310499,0.9913531716120664,0.9239386086435536,-15.0,0.0,0.0,12.0,-10.649475257389724,11.350467807587403,-9.996152001817805,10.697144552015493,-7.499999999999997,-7.499999999999997,34.40371577784112,37.855909068240756,31.286884213789058,34.63497150233777,20.333162567588925,20.333162567588925,3.4403715777841124,3.785590906824076,3.128688421378906,3.4634971502337772,2.0333162567588925,2.0333162567588925,977.0699915936831,1144.8276087090799,827.5609123273697,975.2849676189062,548.5622644902014,548.5622644902014,178.84780569738655,17.88478056973866,5021.868009229442
41.1,0.0,0.0,0.0,0.5268893817534954,1.2804180051440344,1.2267763895390722,-15.0,0.0,0.0,12.0,-10.654344729628571,11.559736983819265,-9.786882825585943,10.692275079776646,-7.499999999999997,-7.499999999999997,34.427315122023,38.907647005463495,30.30955923965579,34.61132479410669,20.333162567588925,20.333162567588925,3.4427315122023003,3.8907647005463497,3.0309559239655792,3.4611324794106695,2.0333162567588925,2.0333162567588925,980.5127231058854,1148.718373409626,830.5918682513353,978.7461000983169,550.5955807469603,550.5955807469603,178.92217129642682,17.892217129642685,5039.760226359083
41.2,0.0,0.0,0.0,0.5206787744478666,1.571143731214957,1.530545068766694,-15.0,0.0,0.0,12.0,-10.65895610994047,11.769922496501296,-9.576697312903912,10.687663699464746,-7.499999999999997,-7.499999999999997,34.4496686253347,39.97361657895888,29.338417156883843,34.588936372954024,20.333162567588925,20.333162567588925,3.4449668625334704,3.9973616578958886,2.9338417156883843,3.4588936372954024,2.0333162567588925,2.0333162567588925,983.9576899684188,1152.715735067522,833.5257099670237,982.2049937356123,552.6288970037192,552.6288970037192,179.01696386930928,17.90169638693093,5057.661922746016
41.300000000000004,0.0,0.0,0.0,0.5152211735007713,1.8634627521418576,1.8349628507532583,-15.0,0.0,0.0,12.0,-10.663233667935092,11.980900816463144,-9.365718992942064,10.683386141470125,-7.499999999999997,-7.499999999999997,34.470408260240816,41.053221946963895,28.374271670572465,34.568172989079564,20.333162567588925,20.333162567588925,3.447040826024082,4.10532219469639,2.8374271670572466,3.4568172989079566,2.0333162567588925,2.0333162567588925,987.4047307944429,1156.8210572622183,836.363137134081,985.6618110345203,554.6622132604781,554.6622132604781,179.1324000020346,17.91324000020346,5075.575162746219
41.400000000000006,0.0,0.0,0.0,0.5105531132794328,2.1573066737364015,2.1397455320727574,-15.0,0.0,0.0,12.0,-10.667101103524736,12.192547281622737,-9.154072527782471,10.679518705880481,-7.499999999999997,-7.499999999999997,34.48916300783666,42.145839649453414,27.417923565099297,34.549403928287035,20.333162567588925,20.333162567588925,3.448916300783666,4.214583964945342,2.74179235650993,3.4549403928287035,2.0333162567588925,2.0333162567588925,990.8536470952266,1161.0356412271638,839.1049294905908,989.116751427349,556.695529517237,556.695529517237,179.26865528585424,17.926865528585424,5093.502028274805
41.5,0.0,0.0,0.0,0.5067070023326162,2.4526063212834672,2.4446067664325817,-15.0,0.0,0.0,12.0,-10.670481634961838,12.404736196322368,-8.94188361308284,10.676138174443379,-7.499999999999997,-7.499999999999997,34.50555934675189,43.250819139707595,26.470159430728103,34.533000646527576,20.333162567588925,20.333162567588925,3.450555934675189,4.3250819139707595,2.6470159430728106,3.453300064652758,2.0333162567588925,2.0333162567588925,994.3042030299018,1165.3607231411345,841.7519454336636,992.5700514920018,558.7288457739959,558.7288457739959,179.42586369889298,17.942586369889302,5111.4446146446935
41.6,0.0,0.0,0.0,0.5037103826118743,2.7492917557941063,2.7492583332214564,-15.0,0.0,0.0,12.0,-10.673298088038724,12.617340932021001,-8.729278877384207,10.673321721366493,-7.499999999999997,-7.499999999999997,34.519221762095924,44.36748337302309,25.53175041002569,34.519336413330315,20.333162567588925,20.333162567588925,3.4519221762095924,4.436748337302309,2.5531750410025693,3.4519336413330315,2.0333162567588925,2.0333162567588925,997.7561252061114,1169.7974714784368,844.3051204746662,996.0219851333349,560.7621620307548,560.7621620307548,179.60411709365286,17.96041170936529,5129.4050263540585
41.7,0.0,0.0,0.0,0.50158525859934,3.0472922905282673,3.0534104093668266,-15.0,0.0,0.0,12.0,-10.67547298636203,12.830234029252052,-8.516385780153156,10.671146823043188,-7.499999999999997,-7.499999999999997,34.52977327410269,45.49512945163818,24.60345096653244,34.50878596462795,20.333162567588925,20.333162567588925,3.452977327410269,4.549512945163818,2.460345096653244,3.450878596462795,2.0333162567588925,2.0333162567588925,1001.2091025335217,1174.3469844236006,846.7654655713194,999.4728637297976,562.7954782875137,562.7954782875137,179.80346479207907,17.98034647920791,5147.385372833267
41.800000000000004,0.0,0.0,0.0,0.5003475335008908,3.346536507784304,3.3456197783189863,-15.0,0.0,0.0,12.0,-10.672985791891886,13.039344450034513,-8.307275359370696,10.673634017513333,-7.499999999999997,-7.499999999999997,34.51770674663359,46.61188589990766,23.702870681561055,34.52085145263447,20.333162567588925,20.333162567588925,3.4517706746633596,4.661188589990767,2.3702870681561055,3.452085145263447,2.0333162567588925,2.0333162567588925,1004.6608732081851,1179.0081730135914,849.1357526394755,1002.9249488750611,564.8287945442726,564.8287945442726,180.0196399159146,18.001963991591463,5165.387336824858
41.900000000000006,0.0,0.0,0.0,0.5000065861586132,3.6348361554323847,3.634818315293219,-15.0,0.0,0.0,12.0,-10.673303597260915,13.243520891269192,-8.103098918136016,10.673316212144304,-7.499999999999997,-7.499999999999997,34.5192484887111,47.71096814414364,22.834407581051376,34.51930968669246,20.333162567588925,20.333162567588925,3.4519248488711103,4.771096814414364,2.283440758105138,3.451930968669246,2.0333162567588925,2.0333162567588925,1008.1127980570562,1183.779269828006,851.4191933975807,1006.3768798437303,566.8621108010315,566.8621108010315,180.2502590357764,18.025025903577646,5183.412362728436
42.0,0.0,0.0,0.0,0.5005650153332795,3.922317980279809,3.9207457611265286,-15.0,0.0,0.0,12.0,-10.672754041290206,13.44625168311598,-7.900368126289229,10.67386576811501,-7.499999999999997,-7.499999999999997,34.5165824891805,48.81068380110185,21.98285170188335,34.52197575643401,20.333162567588925,20.333162567588925,3.4516582489180503,4.881068380110186,2.1982851701883352,3.4521975756434014,2.0333162567588925,2.0333162567588925,1011.5644563059743,1188.6603382081162,853.617478567769,1009.8290774193737,568.8954270577904,568.8954270577904,180.49841888377753,18.049841888377756,5201.462204616814
42.1,0.0,0.0,0.0,0.5020185680289305,4.20891730012886,4.203144800417259,-15.0,0.0,0.0,12.0,-10.67126901785737,13.64742298223186,-7.699196827173349,10.675350791547848,-7.499999999999997,-7.499999999999997,34.50937870411932,49.910166190850326,21.14857800087986,34.52918041786668,20.333162567588925,20.333162567588925,3.4509378704119325,4.991016619085033,2.114857800087986,3.452918041786668,2.0333162567588925,2.0333162567588925,1015.0153941763863,1193.6513548272012,855.732336367857,1013.2819954611604,570.9287433145493,570.9287433145493,180.76362844889402,18.076362844889402,5219.538567461704
42.2,0.0,0.0,0.0,0.504356256607635,4.4945696313416,4.48176129309136,-15.0,0.0,0.0,12.0,-10.668781473286368,13.846922138123132,-7.499697671282077,10.67783833611885,-7.499999999999997,-7.499999999999997,34.49731285497454,51.008542352453055,20.331933120184978,34.541249980789296,20.333162567588925,20.333162567588925,3.449731285497454,5.100854235245306,2.033193312018498,3.45412499807893,2.0333162567588925,2.0333162567588925,1018.4651254618838,1198.7522090624466,857.7655296798755,1016.7361204592393,572.9620595713081,572.9620595713081,181.0453634435797,18.104536344357975,5237.643103806062
42.300000000000004,0.0,0.0,0.0,0.5075606569532068,4.779210703348629,4.756344503111507,-15.0,0.0,0.0,12.0,-10.665225482078787,14.044637779135927,-7.30198203026928,10.68139432732643,-7.499999999999997,-7.499999999999997,34.480066941882356,52.10493425388811,19.533235117498133,34.55850608680604,20.333162567588925,20.333162567588925,3.4480066941882357,5.210493425388812,1.9533235117498133,3.4558506086806045,2.0333162567588925,2.0333162567588925,1021.913132156072,1203.9627024878355,859.7188531916253,1020.1919710679199,574.995375828067,574.995375828067,181.3430675352525,18.13430675352525,5255.777410559587
42.400000000000006,0.0,0.0,0.0,0.5116083683724549,5.062776473109533,5.026647324122459,-15.0,0.0,0.0,12.0,-10.660536321578975,14.240459897346435,-7.106159912058773,10.686083487826242,-7.499999999999997,-7.499999999999997,34.45732975804603,53.19846001156954,18.75277324860338,34.581265498247696,20.333162567588925,20.333162567588925,3.445732975804603,5.319846001156954,1.875277324860338,3.4581265498247697,2.0333162567588925,2.0333162567588925,1025.3588651318767,1209.2825484889925,861.5941305164856,1023.6500976177447,577.0286920848259,577.0286920848259,181.65615365164447,18.16561536516445,5273.943025924751
42.5,0.0,0.0,0.0,0.5164706065868743,5.345203139522415,5.292426501830216,-15.0,0.0,0.0,12.0,-10.654650545502417,14.434279932278336,-6.912339877126872,10.691969263902802,-7.499999999999997,-7.499999999999997,34.42879740393832,54.28823511737561,17.9908078028692,34.60983989728547,20.333162567588925,20.333162567588925,3.442879740393832,5.428823511737562,1.79908078028692,3.460983989728547,2.0333162567588925,2.0333162567588925,1028.8017448722705,1214.71137200073,863.3932112967725,1027.1110816074731,579.0620083415848,579.0620083415848,181.98400535664643,18.198400535664646,5292.141426460416
42.6,0.0,0.0,0.0,0.5221138949839393,5.626427157778809,5.553442852914399,-15.0,0.0,0.0,12.0,-10.6475060562577,14.625990853375246,-6.720628956029962,10.699113753147516,-7.499999999999997,-7.499999999999997,34.39417380006785,55.37337367107288,17.247569992344502,34.64453569446689,20.333162567588925,20.333162567588925,3.439417380006785,5.5373373671072885,1.7247569992344502,3.464453569446689,2.0333162567588925,2.0333162567588925,1032.2411622522773,1220.2487093678374,865.117968296007,1030.5755351769199,581.0953245983437,581.0953245983437,182.32597829312996,18.232597829313,5310.374024289729
42.7,0.0,0.0,0.0,0.5285008166552945,5.906385253661032,5.809461480277122,-15.0,0.0,0.0,12.0,-10.63904217599363,14.81548724115757,-6.531132568247639,10.707577633411587,-7.499999999999997,-7.499999999999997,34.35317119702607,56.45298961602213,16.52326189502459,34.685653845852514,20.333162567588925,20.333162567588925,3.4353171197026073,5.645298961602213,1.652326189502459,3.4685653845852515,2.0333162567588925,2.0333162567588925,1035.67647937198,1225.8940083294397,866.7702944855095,1034.044100561505,583.1286408551026,583.1286408551026,182.68140168910313,18.26814016891032,5328.642164458639
42.800000000000004,0.0,0.0,0.0,0.5355907905048568,6.185014437778557,6.06025198443448,-15.0,0.0,0.0,12.0,-10.629199716304072,15.002665366993988,-6.343954442411221,10.717420093101145,-7.499999999999997,-7.499999999999997,34.305510681513226,57.526197976048,15.818056452817334,34.73348967788783,20.333162567588925,20.333162567588925,3.4305510681513227,5.752619797604801,1.5818056452817335,3.4733489677887834,2.0333162567588925,2.0333162567588925,1039.1070304401312,1231.6466281270446,868.3521001307912,1037.5174495292938,585.1619571118615,585.1619571118615,183.0495799234442,18.304957992344427,5346.947122450984
42.900000000000006,0.0,0.0,0.0,0.5433408382861316,6.462252019740402,6.305588670860569,-15.0,0.0,0.0,12.0,-10.617921046524444,15.187423271419341,-6.159196537985867,10.728698762880773,-7.499999999999997,-7.499999999999997,34.2509226770278,58.5921160913581,15.13209752469776,34.78833271910642,20.333162567588925,20.333162567588925,3.42509226770278,5.85921160913581,1.513209752469776,3.4788332719106423,2.0333162567588925,2.0333162567588925,1042.5321227078339,1237.5058397361804,869.8653098832609,1040.9962828012044,587.1952733686204,587.1952733686204,183.4297941473679,18.342979414736796,5365.29010186572
43.0,0.0,0.0,0.0,0.5517063149830771,6.738035622260223,6.545250753097353,-15.0,0.0,0.0,12.0,-10.605150160554992,15.369660840931711,-5.976958968473497,10.741469648850225,-7.499999999999997,-7.499999999999997,34.189147437894356,59.649864851400785,14.465499995505397,34.85046653772825,20.333162567588925,20.333162567588925,3.418914743789436,5.964986485140079,1.4465499995505398,3.4850466537728253,2.0333162567588925,2.0333162567588925,1045.9510374516233,1243.4708262213205,871.3118598828114,1044.4813294549772,589.2285896253793,589.2285896253793,183.82130395770662,18.382130395770666,5383.672232261491
43.1,0.0,0.0,0.0,0.5606415815598865,7.012303195190912,6.779022551447518,-15.0,0.0,0.0,12.0,-10.590832742147349,15.549279883202932,-5.797339926202276,10.75578706725787,-7.499999999999997,-7.499999999999997,34.11993553529986,60.69856992256125,13.818349940809387,34.92016858419225,20.333162567588925,20.333162567588925,3.411993553529986,6.069856992256125,1.381834994080939,3.492016858419225,2.0333162567588925,2.0333162567588925,1049.3630310051533,1249.5406832135766,872.6936948768923,1047.9733463133964,591.2619058821382,591.2619058821382,184.22334911804057,18.422334911804057,5402.094567173295
43.2,0.0,0.0,0.0,0.570100605924377,7.284993029485632,7.0066936870716905,-15.0,0.0,0.0,12.0,-10.574916228592278,15.726184200638295,-5.620435608766913,10.77170358081294,-7.499999999999997,-7.499999999999997,34.04304833400744,61.73736296860842,13.190704848243922,34.997710037644346,20.333162567588925,20.333162567588925,3.4043048334007437,6.1737362968608425,1.3190704848243922,3.499771003764435,2.0333162567588925,2.0333162567588925,1052.7673358385541,1255.7144195104374,874.0127653617167,1051.4731173171608,593.2952221388971,593.2952221388971,184.63515132368195,18.4635151323682,5420.5580823056625
43.300000000000004,0.0,0.0,0.0,0.5800374843078843,7.5560437710820345,7.228059271315121,-15.0,0.0,0.0,12.0,-10.557349872747974,15.900279662222452,-5.446340147182757,10.789269936657245,-7.499999999999997,-7.499999999999997,33.95825845842022,62.76538286182167,12.582593895702926,35.08335565539183,20.333162567588925,20.333162567588925,3.395825845842022,6.276538286182167,1.2582593895702927,3.508335565539183,2.0333162567588925,2.0333162567588925,1056.163161684396,1261.9909577966196,875.271024751287,1054.9814528827,595.328538395656,595.328538395656,185.05591600651445,18.50559160065145,5439.063673906316
43.400000000000006,0.0,0.0,0.0,0.590406880715267,7.825394434706779,7.442920090093745,-15.0,0.0,0.0,12.0,-10.538084803349726,16.071474273590358,-5.275145535814851,10.80853500605549,-7.499999999999997,-7.499999999999997,33.86535024667526,63.781776882748055,11.994018286775596,35.17736362433213,20.333162567588925,20.333162567588925,3.3865350246675265,6.378177688274806,1.1994018286775596,3.5177363624332134,2.0333162567588925,2.0333162567588925,1059.5496967090637,1268.3691354848943,876.4704265799645,1058.4991892451333,597.3618546524149,597.3618546524149,185.4848341757089,18.548483417570893,5457.612157323886
43.5,0.0,0.0,0.0,0.6011643864138466,8.09298441759682,7.651082783173293,-15.0,0.0,0.0,12.0,-10.51707408354346,16.239678245263228,-5.10694156414198,10.82954572586176,-7.499999999999997,-7.499999999999997,33.76412019145992,64.78570190656279,11.424951643808813,35.279985413369026,20.333162567588925,20.333162567588925,3.3764120191459916,6.47857019065628,1.1424951643808814,3.5279985413369026,2.0333162567588925,2.0333162567588925,1062.9261087282098,1274.8477056755505,877.6129217443454,1062.0271877864702,599.3951709091738,599.3951709091738,185.92108429037836,18.592108429037843,5476.204265752923
43.6,0.0,0.0,0.0,0.6122668045637336,8.358753513134953,7.852360018180605,-15.0,0.0,0.0,12.0,-10.494272767587118,16.40480405899172,-4.941815750413491,10.8523470418181,-7.499999999999997,-7.499999999999997,33.654377366258274,65.77632557403722,10.875340458992904,35.391465625841754,20.333162567588925,20.333162567588925,3.3654377366258275,6.577632557403722,1.0875340458992904,3.5391465625841754,2.0333162567588925,2.0333162567588925,1066.2915464648356,1281.4253382329543,878.7004557902446,1065.5663343490544,601.4284871659327,601.4284871659327,186.363834160308,18.636383416030803,5494.840649168955
43.7,0.0,0.0,0.0,0.6236723671277824,8.622641924395861,8.046570659189953,-15.0,0.0,0.0,12.0,-10.469637955665698,16.56676653214943,-4.779853277255777,10.876981853739519,-7.499999999999997,-7.499999999999997,33.53594383575568,66.75282744514541,10.345104603892493,35.51204185101372,20.333162567588925,20.333162567588925,3.3535943835755684,6.675282744514542,1.0345104603892492,3.5512041851013723,2.0333162567588925,2.0333162567588925,1069.645140848411,1288.100620977469,879.7349662506339,1069.1175385341558,603.4618034226916,603.4618034226916,186.81224287098513,18.681224287098516,5513.521873456053
43.800000000000004,0.0,0.0,0.0,0.6353408922993592,8.88459027760026,8.233539929733247,-15.0,0.0,0.0,12.0,-10.443128846767292,16.725482880122506,-4.621136929282704,10.903490962637925,-7.499999999999997,-7.499999999999997,33.40865504915261,67.71440013338113,9.83413789787499,35.641944513694895,20.333162567588925,20.333162567588925,3.3408655049152607,6.771440013338114,0.983413789787499,3.56419445136949,2.0333162567588925,2.0333162567588925,1072.9860063533263,1294.872060990807,880.7183800404214,1072.6817329855253,605.4951196794505,605.4951196794505,187.26546272928147,18.726546272928147,5532.24841972898
43.900000000000006,0.0,0.0,0.0,0.6472338910453665,9.144539635473798,8.413099570087063,-15.0,0.0,0.0,12.0,-10.41470678956936,16.88087277664204,-4.46574703276317,10.931913019835857,-7.499999999999997,-7.499999999999997,33.272360215166756,68.66025041889084,9.34230873593583,35.781396721108926,20.333162567588925,20.333162567588925,3.3272360215166756,6.866025041889085,0.9342308735935831,3.578139672110893,2.0333162567588925,2.0333162567588925,1076.313242374843,1301.7380860326962,881.652610914015,1076.2598726576362,607.5284359362093,607.5284359362093,187.7226412262802,18.772264122628023,5551.02068385161
44.0,0.0,0.0,0.0,0.6593146311771154,9.402431510507562,8.585087988694964,-15.0,0.0,0.0,12.0,-10.384335331286312,17.03285841200828,-4.313761397396928,10.962284478118903,-7.499999999999997,-7.499999999999997,33.12692265753399,69.58960033857302,8.86946077647465,35.93061410615823,20.333162567588925,20.333162567588925,3.312692265753399,6.958960033857302,0.886946077647465,3.593061410615823,2.0333162567588925,2.0333162567588925,1079.6259346405964,1308.6970460665534,882.5395569916625,1079.852934068252,609.5617521929682,609.5617521929682,188.18292301391773,18.81829230139177,5569.838976153
44.1,0.0,0.0,0.0,0.6715481668096243,9.6582078781177,8.749350407589114,-15.0,0.0,0.0,12.0,-10.351980264431196,17.181364549157557,-4.165255260247653,10.99463954497402,-7.499999999999997,-7.499999999999997,32.97222014985233,70.50168825133994,8.41541368964187,36.08980466629225,20.333162567588925,20.333162567588925,3.2972220149852336,7.050168825133994,0.8415413689641871,3.6089804666292253,2.0333162567588925,2.0333162567588925,1082.9231566555816,1315.7472148916875,883.3810983606267,1083.461914534881,611.5950684497271,611.5950684497271,188.6454518923042,18.864545189230427,5588.703521342231
44.2,0.0,0.0,0.0,0.6839013402977917,9.91181118970051,8.905739001679862,-15.0,0.0,0.0,12.0,-10.317609671446311,17.32631857752424,-4.020301231880969,11.029010137958906,-7.499999999999997,-7.499999999999997,32.80814522865242,71.39576987678353,7.979963966953651,36.25916859724023,20.333162567588925,20.333162567588925,3.280814522865242,7.139576987678353,0.7979963966953652,3.6259168597240237,2.0333162567588925,2.0333162567588925,1086.2039711784469,1322.8867918793658,884.179094757322,1087.087831394605,613.628384706486,613.628384706486,189.10937280480766,18.910937280480773,5607.614458622712
44.300000000000004,0.0,0.0,0.0,0.6963427628600992,10.163184385580788,9.054113031788454,-15.0,0.0,0.0,12.0,-10.281193967159453,17.46765056465286,-3.878969244752348,11.065425842245764,-7.499999999999997,-7.499999999999997,32.634605483618564,72.27111930554396,7.562885792955387,36.43889812093521,20.333162567588925,20.333162567588925,3.2634605483618566,7.227111930554397,0.7562885792955387,3.643889812093521,2.0333162567588925,2.0333162567588925,1089.4674317268086,1330.1139038099202,884.9353833366175,1090.7317212066985,615.6617009632449,615.6617009632449,189.57383383823094,18.9573833838231,5626.571842006534
44.400000000000006,0.0,0.0,0.0,0.7088427791999378,10.412270907849926,9.194338971302733,-15.0,0.0,0.0,12.0,-10.242705939024512,17.605293305516604,-3.7413265038886063,11.103913870380705,-7.499999999999997,-7.499999999999997,32.4515238239296,73.12702997972947,7.163931979807782,36.62917730702474,20.333162567588925,20.333162567588925,3.24515238239296,7.312702997972948,0.7163931979807783,3.6629177307024743,2.0333162567588925,2.0333162567588925,1092.7125841092015,1337.4266068078932,885.6517765345983,1094.394638937401,617.6950172200038,617.6950172200038,190.03798822566944,19.00379882256695,5645.575640829102
44.5,0.0,0.0,0.0,0.7213734205679081,10.659014713091203,9.326290626342082,-15.0,0.0,0.0,12.0,-10.20212078510713,17.739182369501098,-3.6074374399041096,11.144499024298089,-7.499999999999997,-7.499999999999997,32.25883871973608,73.96281564179691,6.78283496576192,36.83018188744084,20.333162567588925,20.333162567588925,3.2258838719736085,7.3962815641796915,0.678283496576192,3.683018188744084,2.0333162567588925,2.0333162567588925,1095.938467981175,1344.8228883720728,886.3300600311745,1098.077657126145,619.7283334767627,619.7283334767627,190.50099634991358,19.050099634991362,5664.625740464093
44.6,0.0,0.0,0.0,0.7339083499100958,10.903360284989448,9.449849249323474,-15.0,0.0,0.0,12.0,-10.159416149778158,17.869256145014283,-3.4773636643909267,11.187203659627059,-7.499999999999997,-7.499999999999997,32.05650441784081,74.77781125036337,6.419307878583507,37.042079063581795,20.333162567588925,20.333162567588925,3.2056504417840817,7.477781125036337,0.6419307878583508,3.70420790635818,2.0333162567588925,2.0333162567588925,1099.144118422959,1352.300669497109,886.9719908190328,1101.781865032503,621.7616497335216,621.7616497335216,190.96202774554732,19.096202774554733,5683.721943238648
44.7,0.0,0.0,0.0,0.7464228020359502,11.145252646821762,9.564903645826156,-15.0,0.0,0.0,12.0,-10.114572157079916,17.995455881684897,-3.3511639277203105,11.232047652325301,-7.499999999999997,-7.499999999999997,31.844491130703673,75.57137386147936,6.073045665072167,37.26502730574352,20.333162567588925,20.333162567588925,3.1844491130703676,7.557137386147936,0.6073045665072168,3.7265027305743526,2.0333162567588925,2.0333162567588925,1102.3285675360294,1359.8578068832571,887.57929538554,1105.5083677630773,623.7949659902805,623.7949659902805,191.42026309817655,19.14202630981766,5702.863969548465
44.800000000000004,0.0,0.0,0.0,0.7588935211218929,11.384637373827236,9.671350274659227,-15.0,0.0,0.0,12.0,-10.067571441732042,18.117725730115083,-3.228894079290124,11.279048367673177,-7.499999999999997,-7.499999999999997,31.62278519794627,76.34288347396594,5.743726287889327,37.49917614452888,20.333162567588925,20.333162567588925,3.1622785197946275,7.634288347396595,0.5743726287889327,3.7499176144528885,2.0333162567588925,2.0333162567588925,1105.490846055824,1367.4920952306538,888.153668014329,1109.2582853775302,625.8282822470394,625.8282822470394,191.87489623950825,19.18748962395083,5722.051459172415
44.900000000000006,0.0,0.0,0.0,0.7712986973419778,11.621460605452164,9.769093341041659,-15.0,0.0,0.0,12.0,-10.018399177746284,18.236012779153825,-3.1106070302513817,11.328220631658933,-7.499999999999997,-7.499999999999997,31.391389219591893,77.0917438374805,5.431011990953169,37.744665954053836,20.333162567588925,20.333162567588925,3.1391389219591894,7.709174383748049,0.543101199095317,3.774466595405384,2.0333162567588925,2.0333162567588925,1108.6299849777831,1375.2012696144018,888.6967692134243,1113.0327519729356,627.8615985037983,627.8615985037983,192.32513613725723,19.23251361372572,5741.283972786142
45.0,0.0,0.0,0.0,0.7836179039792184,11.855669057468535,9.858044882811173,-15.0,0.0,0.0,12.0,-9.967043104621403,18.350267090660928,-2.996352718744281,11.379576704783812,-7.499999999999997,-7.499999999999997,31.150322160335307,77.81738322205213,5.13455063466041,38.0016277268664,20.333162567588925,20.333162567588925,3.115032216033531,7.781738322205213,0.5134550634660411,3.8001627726866403,2.0333162567588925,2.0333162567588925,1111.7450171938167,1382.983007936607,889.2102242768904,1116.8329147456222,629.8949147605572,629.8949147605572,192.77020887909208,19.27702088790921,5760.560993674051
45.1,0.0,0.0,0.0,0.7958320360118278,12.0,9.938124849584222,-15.0,0.0,0.0,12.0,-9.94432695429309,18.429608328531657,-2.917011480873551,11.402292855112128,-7.499999999999997,-7.499999999999997,31.043889582382015,78.32261808854948,4.9319679476794756,38.11547396787432,20.333162567588925,20.333162567588925,3.104388958238202,7.832261808854948,0.4931967947679476,3.8115473967874323,2.0333162567588925,2.0333162567588925,1114.8494061520548,1390.815269745462,889.7034210716583,1120.6444621424098,631.9282310173161,631.9282310173161,193.08027472166313,19.308027472166316,5779.869021146216
45.2,0.0,0.0,0.0,0.8079232508780928,12.0,10.009261174795956,-15.0,0.0,0.0,12.0,-9.969477443266044,18.45475881750461,-2.8918609919005966,11.377142366139173,-7.499999999999997,-7.499999999999997,31.161735033074027,78.48300055639794,4.868320452932927,37.989434318568456,20.333162567588925,20.333162567588925,3.1161735033074027,7.848300055639794,0.48683204529329277,3.798943431856846,2.0333162567588925,2.0333162567588925,1117.9655796553623,1398.6635698011019,890.1902531169517,1124.4434055742665,633.961547274075,633.961547274075,193.16881549615118,19.316881549615125,5799.185902695833
45.300000000000004,0.0,0.0,0.0,0.8198749118919675,12.0,10.07138984055523,-15.0,0.0,0.0,12.0,-9.991443243698273,18.47672461793684,-2.869895191468368,11.355176565706945,-7.499999999999997,-7.499999999999997,31.2647799551639,78.62316398177,4.812958231519126,37.8794683798314,20.333162567588925,20.333162567588925,3.12647799551639,7.862316398177001,0.4812958231519126,3.7879468379831405,2.0333162567588925,2.0333162567588925,1121.0920576508786,1406.5258861992788,890.6715489401035,1128.2313524122496,635.9948635308339,635.9948635308339,193.24669568346226,19.32466956834623,5818.510572264178
45.400000000000006,0.0,0.0,0.0,0.8316715345994912,12.0,10.124454935256425,-15.0,0.0,0.0,12.0,-10.010204587852032,18.495485962090598,-2.8511338473146086,11.336415221553185,-7.499999999999997,-7.499999999999997,31.352882026986194,78.7429458144332,4.765839875352762,37.7856288727387,20.333162567588925,20.333162567588925,3.1352882026986197,7.87429458144332,0.47658398753527625,3.77856288727387,2.0333162567588925,2.0333162567588925,1124.2273458535772,1414.4001807807222,891.1481329276388,1132.0099152995235,638.0281797875928,638.0281797875928,193.3136217246887,19.33136217246887,5837.841934436647
45.5,0.0,0.0,0.0,0.8432987362252412,12.0,10.168408703896095,-15.0,0.0,0.0,12.0,-10.02574459178394,18.51102596602251,-2.8355938433827,11.320875217621277,-7.499999999999997,-7.499999999999997,31.425919438516036,78.84220700875943,4.726928954879592,37.70796046518948,20.333162567588925,20.333162567588925,3.142591943851604,7.884220700875943,0.47269289548795923,3.770796046518948,2.0333162567588925,2.0333162567588925,1127.3699377974287,1422.284401481598,891.6208258231268,1135.7807113460424,640.0614960443517,640.0614960443517,193.36934100252236,19.336934100252243,5857.178868536899
45.6,0.0,0.0,0.0,0.8547431882507809,12.0,10.203211591049254,-15.0,0.0,0.0,12.0,-10.038049270539375,18.523330644777943,-2.8232891646272655,11.308570538865842,-7.499999999999997,-7.499999999999997,31.483791119940477,78.92083224783049,4.696194546963825,37.646499902476236,20.333162567588925,20.333162567588925,3.148379111994048,7.8920832247830495,0.4696194546963825,3.764649990247624,2.0333162567588925,2.0333162567588925,1130.5183169094228,1430.176484706381,892.0904452778232,1139.54536133629,642.0948123011106,642.0948123011106,193.41364295238884,19.34136429523889,5876.5202328321375
45.7,0.0,0.0,0.0,0.8659925720869744,12.0,10.22883227646659,-15.0,0.0,0.0,12.0,-10.047107550737998,18.532388924976566,-2.8142308844286426,11.29951225866722,-7.499999999999997,-7.499999999999997,31.52641693137501,78.97873012946312,4.6736116812228925,37.601276116805124,20.333162567588925,20.333162567588925,3.152641693137501,7.897873012946312,0.4673611681222893,3.7601276116805127,2.0333162567588925,2.0333162567588925,1133.6709586025602,1438.0743577193273,892.5578064459454,1143.3054889479704,644.1281285578694,644.1281285578694,193.44635999404397,19.344635999404403,5895.8648688315425
45.800000000000004,0.0,0.0,0.0,0.8770355377436269,12.0,10.245247703260574,-15.0,0.0,0.0,12.0,-10.052911280539046,18.538192654777614,-2.8084271546275943,11.293708528866171,-7.499999999999997,-7.499999999999997,31.553737813333033,79.01583331375987,4.659161699406381,37.572310314899376,20.333162567588925,20.333162567588925,3.1553737813333034,7.901583331375988,0.4659161699406381,3.7572310314899378,2.0333162567588925,2.0333162567588925,1136.8263323838935,1445.9759410507033,893.0237226158861,1147.0627199794603,646.1614448146283,646.1614448146283,193.46736827657648,19.34673682765765,5915.2116056592
45.900000000000006,0.0,0.0,0.0,0.8878616653586547,12.0,10.252443098655096,-15.0,0.0,0.0,12.0,-10.055455236977439,18.540736611216005,-2.8058831981892016,11.291164572427778,-7.499999999999997,-7.499999999999997,31.565715897637773,79.03209863187524,4.6528325233877625,37.55961604299095,20.333162567588925,20.333162567588925,3.1565715897637774,7.9032098631875245,0.46528325233877627,3.7559616042990953,2.0333162567588925,2.0333162567588925,1139.9829039736574,1453.879150913891,893.4890058682248,1150.8186815837594,648.1947610713872,648.1947610713872,193.47658823106957,19.34765882310696,5934.559264482306
46.0,0.0,0.0,0.0,0.8984614294210769,12.0,10.250411987279977,-15.0,0.0,0.0,12.0,-10.054737130664092,18.540018504902662,-2.806601304502548,11.291882678741125,-7.499999999999997,-7.499999999999997,31.562334578547677,79.02750715576745,4.654618828417585,37.563199228685534,20.333162567588925,20.333162567588925,3.1562334578547677,7.902750715576746,0.46546188284175855,3.7563199228685535,2.0333162567588925,2.0333162567588925,1143.1391374315122,1461.7819016294677,893.9544677510665,1154.5750015066278,650.2280773281461,650.2280773281461,193.47398492659607,19.347398492659615,5953.906662974967
46.1,0.0,0.0,0.0,0.9088261655045915,12.0,10.239156196998358,-15.0,0.0,0.0,11.471986433788395,-9.581119905674248,18.066401279912817,-2.3409431251484483,10.826224499387024,-7.499999999999997,-7.499999999999997,29.35874256443132,76.01871362545157,3.5456783156045333,35.26375705434201,20.333162567588925,20.333162567588925,2.935874256443132,7.6018713625451575,0.35456783156045335,3.526375705434201,2.0333162567588925,2.0333162567588925,1146.0750116879553,1469.3837729920128,894.309035582627,1158.101377212062,652.261393584905,652.261393584905,184.85321669500726,18.485321669500728,5972.391984644467
46.2,0.0,0.0,0.0,0.9189480393187531,12.0,10.218685857261748,-15.0,0.0,0.0,10.570565190044556,-8.772120190223735,17.257401564462302,-1.5464181257388852,10.031699499977462,-7.499999999999997,-7.499999999999997,25.719936858206037,70.97021896274221,1.9037215891265356,31.453922283934553,20.333162567588925,20.333162567588925,2.571993685820604,7.097021896274221,0.19037215891265358,3.1453922283934554,2.0333162567588925,2.0333162567588925,1148.647005373776,1476.4807948882872,894.4994077415396,1161.2467694404554,654.2947098416639,654.2947098416639,170.71412482918717,17.07141248291872,5989.463397127387
46.300000000000004,0.0,0.0,0.0,0.9288200178810231,12.0,10.189019389994208,-15.0,0.0,0.0,9.623293254703906,-7.919087599307858,16.404368973546426,-0.7143628950017344,9.199644269240311,-7.499999999999997,-7.499999999999997,22.06102864074089,65.77370882847485,0.597711168313551,27.62292024408929,20.333162567588925,20.333162567588925,2.206102864074089,6.577370882847486,0.0597711168313551,2.762292024408929,2.0333162567588925,2.0333162567588925,1150.8531082378502,1483.0581657711346,894.559178858371,1164.0090614648643,656.3280260984228,656.3280260984228,156.72169401679642,15.672169401679644,6005.135566529067
46.400000000000006,0.0,0.0,0.0,0.9384358426134634,12.0,10.150183493013845,-15.0,0.0,0.0,8.62898665810246,-7.020978499102274,15.506259873340841,0.1562850790955732,8.328996295143003,-7.499999999999997,-7.499999999999997,18.416601989335685,60.44684320610354,0.06116307521648062,23.79589485103918,20.333162567588925,20.333162567588925,1.8416601989335686,6.044684320610354,0.006116307521648063,2.379589485103918,2.0333162567588925,2.0333162567588925,1152.6947684367838,1489.1028500917448,894.5652951658926,1166.3886509499682,658.3613423551817,658.3613423551817,143.38682825687275,14.338682825687274,6019.474249354753
46.5,0.0,0.0,0.0,0.9477900041715227,12.0,10.102213116006611,-15.0,0.0,0.0,7.586713176111694,-6.076976086434918,14.562257460673486,1.0663673128850388,7.4189140613535365,-7.499999999999997,-7.499999999999997,14.830108515494782,55.011830413560936,1.0901174063740424,20.004308726346686,20.333162567588925,20.333162567588925,1.4830108515494782,5.501183041356094,0.10901174063740425,2.0004308726346687,2.0333162567588925,2.0333162567588925,1154.1777792883333,1494.604033133101,894.67430690653,1168.389081822603,660.3946586119406,660.3946586119406,131.6026901969543,13.16026901969543,6032.63451837445
46.6,0.0,0.0,0.0,0.9568777188182273,12.0,10.045151429073892,-15.0,0.0,0.0,6.495860061287079,-5.086550620627445,13.571831994866015,2.016444072916441,6.468837301322134,-7.499999999999997,-7.499999999999997,11.35659384880125,49.49607375770366,2.834603438131501,16.287423175903502,20.333162567588925,20.333162567588925,1.135659384880125,4.949607375770366,0.2834603438131501,1.6287423175903504,2.0333162567588925,2.0333162567588925,1155.3134386732136,1499.5536405088712,894.9577672503432,1170.0178241401934,662.4279748686995,662.4279748686995,120.64101935571777,12.064101935571776,6044.6986203100205
46.7,0.0,0.0,0.0,0.9656949061643291,12.0,9.97904978388239,-15.0,0.0,0.0,5.356207218357589,-4.049524495149379,12.534805869387949,3.0067292768320093,5.478552097406565,-7.499999999999997,-7.499999999999997,8.067130515572874,43.93285795741367,5.161245621081563,12.694386929521842,20.333162567588925,20.333162567588925,0.8067130515572875,4.393285795741367,0.5161245621081564,1.2694386929521844,2.0333162567588925,2.0333162567588925,1156.120151724771,1503.9469263046126,895.4738918124514,1171.2872628331456,664.4612911254584,664.4612911254584,110.5219461587678,11.05219461587678,6055.7508149258965
46.800000000000004,0.0,0.0,0.0,0.9742381681032037,12.0,9.903967667451045,-15.0,0.0,0.0,4.168003501323831,-2.96614008316042,11.45142145739899,4.037022615146527,4.448258759092047,-7.499999999999998,-7.499999999999998,5.057088157570444,38.36207904922679,8.029801533919176,9.287484495146137,20.333162567588932,20.333162567588932,0.5057088157570444,3.8362079049226794,0.8029801533919176,0.9287484495146137,2.0333162567588934,2.0333162567588934,1156.625860540528,1507.7831342095353,896.2768719658433,1172.2160112826602,666.4946073822173,666.4946073822173,101.40277837104041,10.14027783710404,6065.891092763002
46.900000000000006,0.0,0.0,0.0,0.9825047687778905,12.0,9.819972648616751,-15.0,0.0,0.0,2.932042772120562,-1.8371273683895506,10.32240874262812,5.106641882513776,3.378639491724798,-7.499999999999998,-7.499999999999998,2.4650284637320174,32.831038166537496,11.423946013186736,6.14788618618991,20.333162567588932,20.333162567588932,0.24650284637320174,3.2831038166537496,1.1423946013186737,0.614788618618991,2.0333162567588934,2.0333162567588934,1156.8723633869013,1511.066238026189,897.4192665671619,1172.8307999012793,668.5279236389762,668.5279236389762,93.53422396482402,9.353422396482403,6075.244515159484
47.0,0.0,0.0,0.0,0.9904926154265468,12.0,9.727140317226986,-15.0,0.0,0.0,1.649735280824161,-0.6637674122260018,9.149048786464572,6.214359467638264,2.270921906600308,-7.499999999999998,-7.499999999999998,0.5353489165743672,27.39535628883531,15.335840914126806,3.3877888749035177,20.333162567588932,20.333162567588932,0.053534891657436724,2.739535628883531,1.5335840914126806,0.3387788874903518,2.0333162567588934,2.0333162567588934,1156.9258982785586,1513.8057736550725,898.9528506585746,1173.1695787887697,670.5612398957351,670.5612398957351,87.32066012961786,8.732066012961788,6083.976581172445
47.1,0.0,0.0,0.0,0.9982002399613488,12.0,9.625554216113976,-15.0,0.0,0.0,0.32209171035760265,0.5530113041409424,7.932270070097629,7.359305963033895,1.125975411204676,-7.499999999999998,-7.499999999999998,0.40711213808652846,22.116137235512152,19.76370334553694,1.1827866055987166,20.333162567588932,20.333162567588932,0.04071121380865285,2.211613723551215,1.976370334553694,0.11827866055987167,2.0333162567588934,2.0333162567588934,1156.9666094923673,1516.0173873786237,900.9292209931283,1173.2878574493295,672.594556152494,672.594556152494,84.13606445991219,8.41360644599122,6092.390187618437
47.2,0.0,0.0,0.0,1.0056267811444688,12.0,9.51530576591189,-15.0,0.0,0.0,-1.037880007032232,1.8016066509619044,6.683674723276667,8.529943883101655,-0.04466250886308476,-7.499999999999998,-7.499999999999998,2.3938834513925706,17.105508791785844,24.662227457751037,0.009343889867193466,20.333162567588932,20.333162567588932,0.23938834513925708,1.7105508791785846,2.466222745775104,0.0009343889867193466,2.0333162567588934,2.0333162567588934,1157.2059978375066,1517.7279382578022,903.3954437389034,1173.2887918383162,674.6278724092529,674.6278724092529,84.8372887259745,8.483728872597451,6100.873916491034
47.300000000000004,0.0,0.0,0.0,1.012771967233078,12.0,9.396494182784348,-15.0,0.0,0.0,-2.44258357757791,3.0930159334080933,5.392265440830479,9.73734068943485,-1.2520593151962798,-7.499999999999998,-7.499999999999998,5.385007018971938,12.395667890497318,30.079705911500405,1.3869167504232038,20.333162567588932,20.333162567588932,0.5385007018971938,1.239566789049732,3.0079705911500407,0.13869167504232038,2.0333162567588934,2.0333162567588934,1157.7444985394038,1518.967505046852,906.4034143300535,1173.4274835133585,676.6611886660118,676.6611886660118,89.91362270657072,8.991362270657074,6109.865278761692
47.400000000000006,0.0,0.0,0.0,1.0196360989732438,12.0,9.269226389136637,-15.0,0.0,0.0,-3.8902576275430496,4.425634708055055,4.059646666183518,10.979967544166865,-2.494686169928295,-7.499999999999998,-7.499999999999998,9.216719796982586,8.097396247131533,36.0175877079882,3.9006494030859216,20.333162567588932,20.333162567588932,0.9216719796982586,0.8097396247131533,3.60175877079882,0.3900649403085922,2.0333162567588934,2.0333162567588934,1158.666170519102,1519.777244671565,910.0051731008523,1173.817548453667,678.6945049227706,678.6945049227706,97.89867829036609,9.789867829036611,6119.655146590728
47.5,0.0,0.0,0.0,1.0262200328301918,12.0,9.133616917392715,-15.0,0.0,0.0,-5.358365623756879,5.779377531350195,2.705903842888378,12.237819990398751,-3.7525386161601837,-7.499999999999999,-7.499999999999999,13.754177846750768,4.406376242062047,42.38079790823194,7.1961597035719045,20.33316256758894,20.33316256758894,1.3754177846750768,0.44063762420620467,4.238079790823194,0.7196159703571905,2.033316256758894,2.033316256758894,1160.0415883037772,1520.2178822957712,914.2432528916755,1174.5371644240242,680.7278211795295,680.7278211795295,108.40383683579455,10.840383683579454,6130.4955302743065
47.6,0.0,0.0,0.0,1.0325251643495748,12.0,8.989787806923783,-15.0,0.0,0.0,-6.849456833884717,7.156468682845205,1.3288126913933698,13.51320860254915,-5.027927228310583,-7.499999999999999,-7.499999999999999,18.95226850186889,1.516382238686628,49.17572362696535,11.160830506672877,20.33316256758894,20.33316256758894,1.895226850186889,0.1516382238686628,4.917572362696536,1.1160830506672876,2.033316256758894,2.033316256758894,1161.936815153964,1520.36952051964,919.1608252543721,1175.6532474746916,682.7611374362884,682.7611374362884,121.47153000937163,12.147153000937163,6142.642683275245
47.7,0.0,0.0,0.0,1.0385534115512305,12.0,8.837868494221087,-15.0,0.0,0.0,-8.357395630259491,8.551405111867194,-0.06612373762861878,14.800721855365863,-6.315440481127295,-7.499999999999999,-7.499999999999999,24.75536074613104,0.01683251959949589,56.36861752215896,15.711531037268063,20.33316256758894,20.33316256758894,2.475536074613104,0.0016832519599495892,5.636861752215896,1.5711531037268065,2.033316256758894,2.033316256758894,1164.412351228577,1520.3712037716,924.7976870065879,1177.2244005784185,684.7944536930473,684.7944536930473,137.51866696033542,13.751866696033545,6156.394549971278
47.800000000000004,0.0,0.0,0.0,1.0443071982633974,12.0,8.67799569641182,-15.0,0.0,0.0,-9.875671243153551,9.958347526360509,-1.473066152121934,16.094617130400977,-7.609335756162412,-7.499999999999999,-7.499999999999999,31.10956619483591,1.7698905627786696,63.91959471159632,20.779407451849874,20.33316256758894,20.33316256758894,3.1109566194835914,0.17698905627786699,6.391959471159632,2.0779407451849874,2.033316256758894,2.033316256758894,1167.5233078480608,1520.5481928278778,931.1896464777476,1179.3023413236035,686.8277699498062,686.8277699498062,158.24478405623864,15.824478405623866,6172.219028376901
47.900000000000006,0.0,0.0,0.0,1.0497894373115582,12.0,8.510313288222925,-15.0,0.0,0.0,-11.397562168724921,11.371266667800029,-2.885985293561455,17.38896690392444,-8.903685529685879,-7.499999999999999,-7.499999999999999,37.96000878795337,4.853490773505572,71.78334784732313,26.300727214966606,20.33316256758894,20.33316256758894,3.796000878795337,0.48534907735055727,7.178334784732313,2.630072721496661,2.033316256758894,2.033316256758894,1171.3193087268562,1521.0335419052283,938.3679812624799,1181.9324140451001,688.8610862065651,688.8610862065651,181.56389975892657,18.156389975892658,6190.375418352795
48.0,0.0,0.0,0.0,1.0550035134820173,12.0,8.334972172503555,-15.0,0.0,0.0,-12.0,11.969092919732676,-3.4838115454941008,17.862808263911106,-9.377526889672541,-7.499999999999999,-7.499999999999999,40.9925462822242,6.43717059841702,74.73734104826288,28.427948176710164,20.33316256758894,20.33316256758894,4.09925462822242,0.643717059841702,7.473734104826288,2.8427948176710167,2.033316256758894,2.033316256758894,1175.4185633550787,1521.67725896507,945.8417153673062,1184.7752088627713,690.894402463324,690.894402463324,191.26133124079215,19.126133124079214,6209.501551476874
48.1,0.0,0.0,0.0,1.0599532661860687,12.0,8.152130144422653,-15.0,0.0,0.0,-12.0,12.033737338703629,-3.548455964465054,17.798163844940156,-9.312882470701588,-7.499999999999999,-7.499999999999999,41.32509205464303,6.61716810861415,74.33200347336353,28.134501276896906,20.33316256758894,20.33316256758894,4.132509205464303,0.6617168108614151,7.433200347336353,2.813450127689691,2.033316256758894,2.033316256758894,1179.551072560543,1522.3389757759314,953.2749157146425,1187.588658990461,692.9277187200829,692.9277187200829,191.0750900486955,19.10750900486955,6228.609060481745
48.2,0.0,0.0,0.0,1.0646429717562076,12.0,7.961951749464051,-15.0,0.0,0.0,-12.0,12.10097555505883,-3.6156941808202543,17.730925628584956,-9.245644254346388,-7.499999999999999,-7.499999999999999,41.671929845454464,6.806135222000184,73.91118242167491,27.83035885904973,20.33316256758894,20.33316256758894,4.167192984545447,0.6806135222000185,7.391118242167491,2.7830358859049733,2.033316256758894,2.033316256758894,1183.7182655450883,1523.0195892981315,960.66603395681,1190.371694876366,694.9610349768418,694.9610349768418,190.88593148335718,19.08859314833572,6247.697653630079
48.300000000000004,0.0,0.0,0.0,1.0690773253113577,12.0,7.764608135346561,-15.0,0.0,0.0,-12.0,12.170747058941998,-3.6854656847034235,17.661154124701785,-9.175872750463219,-7.499999999999999,-7.499999999999999,42.0328553179382,7.004088026711353,73.4753491767217,27.515924628332403,20.33316256758894,20.33316256758894,4.20328553179382,0.7004088026711354,7.347534917672171,2.7515924628332407,2.033316256758894,2.033316256758894,1187.9215510768822,1523.7199981008025,968.0135688744822,1193.1232873391994,696.9943512336007,696.9943512336007,190.69454228488155,19.069454228488155,6266.767107858567
48.400000000000006,0.0,0.0,0.0,1.073261422133552,12.0,7.560276898002571,-15.0,0.0,0.0,-12.0,12.242989060709085,-3.7577076864705106,17.588912122934698,-9.103630748696132,-7.499999999999999,-7.499999999999999,42.40765225675554,7.211033739291994,73.02499005527406,27.191614146418978,20.33316256758894,20.33316256758894,4.240765225675554,0.7211033739291994,7.302499005527406,2.719161414641898,2.033316256758894,2.033316256758894,1192.1623163025579,1524.4411014747318,975.3160678800095,1195.8424487538412,699.0276674903596,699.0276674903596,190.50161533291845,19.050161533291845,6285.8172693918605
48.5,0.0,0.0,0.0,1.0772007385040263,12.0,7.349141921753788,-15.0,0.0,0.0,-12.0,12.317636547434672,-3.832355173196097,17.514264636209113,-9.028983261970545,-7.499999999999999,-7.499999999999999,42.79609233651273,7.426969924782382,72.56060565974748,26.85785406627674,20.33316256758894,20.33316256758894,4.279609233651273,0.7426969924782383,7.256060565974749,2.6857854066276743,2.033316256758894,2.033316256758894,1196.441925536209,1525.18379846721,982.5721284459843,1198.5282341604689,701.0609837471185,701.0609837471185,190.3078471224972,19.030784712249723,6304.848054104109
48.6,0.0,0.0,0.0,1.0809011119522705,12.0,7.131393213827599,-15.0,0.0,0.0,-12.0,12.39462234141928,-3.9093409671807056,17.4372788422245,-8.951997467985937,-7.499999999999999,-7.499999999999999,43.19793490322502,7.651883755984226,72.08271011248897,26.515081348182758,20.33316256758894,20.33316256758894,4.319793490322502,0.7651883755984227,7.208271011248897,2.651508134818276,2.033316256758894,2.033316256758894,1200.7617190265316,1525.9489868428084,989.7803994572332,1201.179742295287,703.0943000038774,703.0943000038774,190.11393525505886,19.011393525505884,6323.859447629615
48.7,0.0,0.0,0.0,1.0843687208773034,12.0,6.907226733363579,-15.0,0.0,0.0,-12.0,12.473877160644696,-3.988595786406121,17.35802402299909,-8.872742648760521,-7.499999999999999,-7.499999999999999,43.61292677064833,7.88575131478362,71.59183027357166,26.163742458625467,20.33316256758894,20.33316256758894,4.361292677064833,0.788575131478362,7.159183027357166,2.6163742458625467,2.033316256758894,2.033316256758894,1205.1230117035964,1526.7375619742868,996.9395824845903,1203.7961165411496,705.1276162606363,705.1276162606363,189.92057595280696,18.992057595280695,6342.851505224896
48.800000000000004,0.0,0.0,0.0,1.0876100635063704,12.0,6.676844215063335,-15.0,0.0,0.0,-12.0,12.555329681123164,-4.070048306884589,17.276571502520618,-8.791290128282052,-7.499999999999999,-7.499999999999999,44.04080203338,8.128536937982,71.08850494375308,25.80429255378036,20.33316256758894,20.33316256758894,4.404080203338,0.8128536937982,7.108850494375308,2.580429255378036,2.033316256758894,2.033316256758894,1209.5270919069344,1527.550415668085,1004.0484329789657,1206.3765457965276,707.1609325173952,707.1609325173952,189.72846160407332,18.972846160407332,6361.824351385302
48.900000000000006,0.0,0.0,0.0,1.0906319361623984,12.0,6.440452987642998,-15.0,0.0,0.0,-12.0,12.63890660108413,-4.153625226845556,17.192994582559653,-8.707713208321087,-7.499999999999999,-7.499999999999999,44.48128189855097,8.380192609684167,70.57328405428592,25.437194649287967,20.33316256758894,20.33316256758894,4.448128189855097,0.8380192609684167,7.057328405428592,2.543719464928797,2.033316256758894,2.033316256758894,1213.9752200967896,1528.3884349290533,1011.1057613843943,1208.9202652614563,709.1942487741541,709.1942487741541,189.5382783469869,18.95382783469869,6380.778179220002
49.0,0.0,0.0,0.0,1.0934414108179906,12.0,6.198265787251346,-15.0,0.0,0.0,-12.0,12.724532706940892,-4.239251332702317,17.10736847670289,-8.622087102464326,-7.499999999999999,-7.499999999999999,44.93407453784885,8.640657401924441,70.04672784529558,25.06291877809391,20.33316256758894,20.33316256758894,4.493407453784886,0.8640657401924442,7.004672784529558,2.506291877809391,2.033316256758894,2.033316256758894,1218.4686275505744,1529.2525006692458,1018.1104341689239,1211.4265571392657,711.227565030913,711.227565030913,189.35070369834068,18.935070369834065,6399.713249589836
49.1,0.0,0.0,0.0,1.096045811920495,12.0,5.950500566021528,-15.0,0.0,0.0,-12.0,12.812130940977786,-4.326849566739211,17.019770242666,-8.534488868427431,-7.499999999999999,-7.499999999999999,45.398874961518786,8.909856964874145,69.50940603446409,24.68194113814267,20.33316256758894,20.33316256758894,4.539887496151879,0.8909856964874145,6.950940603446409,2.468194113814267,2.033316256758894,2.033316256758894,1223.0085150467262,1530.1434863657332,1025.0613747723703,1213.89475125308,713.2608812876719,713.2608812876719,189.16640423417758,18.916640423417757,6418.629890013253
49.2,0.0,0.0,0.0,1.0984526924797668,12.0,5.697380295929046,-15.0,0.0,0.0,-12.0,12.901622470696868,-4.416341096458293,16.930278712946915,-8.44499733870835,-7.499999999999999,-7.499999999999999,45.8753649158902,9.187703067665476,68.96189697777976,24.294743231743904,20.33316256758894,20.33316256758894,4.58753649158902,0.9187703067665476,6.896189697777976,2.4294743231743907,2.033316256758894,2.033316256758894,1227.5960515383151,1531.0622566724999,1031.9575644701483,1216.3242255762543,715.2941975444307,715.2941975444307,188.9860333282572,18.898603332825722,6437.52849334608
49.300000000000004,0.0,0.0,0.0,1.1006698094177365,12.0,5.439132768131843,-15.0,0.0,0.0,-12.0,12.9929267597619,-4.507645385523325,16.838974423881883,-8.353693049643317,-7.499999999999999,-7.499999999999999,46.36321280587551,9.474093190589791,68.4047868241264,23.90181099845323,20.33316256758894,20.33316256758894,4.636321280587551,0.9474093190589792,6.840478682412641,2.390181099845323,2.033316256758894,2.033316256758894,1232.2323728189026,1532.009665991559,1038.798043152561,1218.7144066760995,717.3275138011896,717.3275138011896,188.81022895422282,18.881022895422284,6456.409516241501
49.400000000000006,0.0,0.0,0.0,1.1027050981867346,12.0,5.175990387973785,-15.0,0.0,0.0,-12.0,13.085961640475565,-4.60068026623699,16.74593954316822,-8.260658168929652,-7.499999999999999,-7.499999999999999,46.86207364377621,9.768910169175143,67.83866866550044,23.503633943332165,20.33316256758894,20.33316256758894,4.686207364377622,0.9768910169175143,6.783866866550044,2.3503633943332165,2.033316256758894,2.033316256758894,1236.9185801832803,1532.9865570084764,1045.5819100191109,1221.0647700704328,719.3608300579485,719.3608300579485,188.63961155696185,18.863961155696185,6475.273477397199
49.5,0.0,0.0,0.0,1.104566646671775,12.0,4.908189965835421,-15.0,0.0,0.0,-12.0,13.180643387724894,-4.695362013486319,16.651257795918887,-8.165976421680323,-7.499999999999999,-7.499999999999999,47.37158902562086,10.072021890423441,67.26414168464896,23.10070426246779,20.33316256758894,20.33316256758894,4.7371589025620855,1.0072021890423442,6.726414168464896,2.3100704262467793,2.033316256758894,2.033316256758894,1241.6557390858422,1533.9937591975188,1052.3083241875759,1223.3748404966796,721.3941463147074,721.3941463147074,188.47478199833893,18.847478199833894,6494.120955597031
49.6,0.0,0.0,0.0,1.1062626684006203,12.0,4.635972504020689,-15.0,0.0,0.0,-12.0,13.276886794328188,-4.791605420089613,16.555014389315595,-8.069733015077029,-7.499999999999999,-7.499999999999999,47.891387136142484,10.383281041282999,66.68181030192879,22.693515967648853,20.33316256758894,20.33316256758894,4.789138713614249,1.0383281041283,6.66818103019288,2.2693515967648854,2.033316256758894,2.033316256758894,1246.4448777994564,1535.0320873016472,1058.9765052177688,1225.6441920934444,723.4274625714663,723.4274625714663,188.31631958218102,18.8316319582181,6512.95258755525
49.7,0.0,0.0,0.0,1.1078014750944327,12.0,4.359582979871078,-15.0,0.0,0.0,-12.0,13.374605247715744,-4.889323873477169,16.457295935928038,-7.972014561689473,-7.499999999999999,-7.499999999999999,48.421082783385366,10.702524909251066,66.09228332318237,22.282564012105357,20.33316256758894,20.33316256758894,4.842108278338537,1.0702524909251065,6.609228332318238,2.228256401210536,2.033316256758894,2.033316256758894,1251.286986077795,1536.1023397925724,1065.585733550087,1227.872448494655,725.4607788282252,725.4607788282252,188.16478016310205,18.816478016310207,6531.7690655715605
49.800000000000004,0.0,0.0,0.0,1.1091914486011305,12.0,4.0792701253026085,-15.0,0.0,0.0,-12.0,13.473710807875307,-4.988429433636732,16.358190375768476,-7.87290900152991,-7.499999999999999,-7.499999999999999,48.960277463809966,11.029575234836745,65.49617309042485,21.868343419227205,20.33316256758894,20.33316256758894,4.896027746380997,1.1029575234836746,6.549617309042485,2.1868343419227205,2.033316256758894,2.033316256758894,1256.183013824176,1537.205297316056,1072.1353508591296,1230.0592828365777,727.4940950849841,727.4940950849841,188.02069434347666,18.802069434347665,6550.571135005907
49.900000000000006,0.0,0.0,0.0,1.1104410122631405,12.0,3.795286202963854,-15.0,0.0,0.0,-12.0,13.574114286492149,-5.088832912253574,16.257786897151632,-7.772505522913068,-7.499999999999999,-7.499999999999999,49.508559458643894,11.364238115468373,64.89409463712445,21.451348416182633,20.33316256758894,20.33316256758894,4.95085594586439,1.1364238115468372,6.4894094637124455,2.145134841618263,2.033316256758894,2.033316256758894,1261.1338697700403,1538.3417211276028,1078.6247603228421,1232.204417678196,729.527411341743,729.527411341743,187.88456576259725,18.788456576259723,6569.359591582166
50.0,0.0,0.0,0.0,1.111558601781059,12.0,3.507886779216567,-15.0,0.0,0.0,-12.0,13.675725327212556,-5.190443952973981,16.156175856431226,-7.6708944821926615,-7.499999999999999,-7.499999999999999,50.0655039621041,11.706303960297337,64.28666484984694,21.032071574358618,20.33316256758894,20.33316256758894,5.006550396210411,1.1706303960297337,6.428666484984695,2.103207157435862,2.033316256758894,2.033316256758894,1266.1404201662508,1539.5123515236326,1085.0534268078268,1234.307624835632,731.5607275985019,731.5607275985019,187.7568694817849,18.77568694817849,6588.135278530346
50.1,0.0,0.0,0.0,1.1125526356446471,12.0,3.217330494143237,-15.0,0.0,0.0,-12.0,13.778452486958418,-5.293171112719843,16.053448696685365,-7.568167322446799,-7.499999999999999,-7.499999999999999,50.63067324199268,12.055547495231087,63.6745016380152,20.611002958545203,20.33316256758894,20.33316256758894,5.0630673241992685,1.2055547495231087,6.367450163801521,2.0611002958545206,2.033316256758894,2.033316256758894,1271.20348749045,1540.7179062731557,1091.4208769716283,1236.3687251314864,733.5940438552608,733.5940438552608,187.63805046896206,18.763805046896206,6606.899083577242
50.2,0.0,0.0,0.0,1.1134314852125866,12.0,2.9238788287884554,-15.0,0.0,0.0,-12.0,13.882203318219844,-5.396921943981269,15.94969786542394,-7.464416491185373,-7.499999999999999,-7.499999999999999,51.203616833047555,12.411727817421099,63.05822311351347,20.188629286780195,20.33316256758894,20.33316256758894,5.120361683304756,1.2411727817421099,6.305822311351347,2.0188629286780198,2.033316256758894,2.033316256758894,1276.3238491737548,1541.9590790548978,1097.7266992829798,1238.3875880601645,735.6273601120197,735.6273601120197,187.5285221859402,18.752852218594022,6625.651935795835
50.300000000000004,0.0,0.0,0.0,1.114203444532321,12.0,2.6277958698436814,-15.0,0.0,0.0,-12.0,13.986884452251656,-5.501603078013082,15.845016731392127,-7.359735357153561,-7.499999999999999,-7.499999999999999,51.783871763307054,12.774588498333424,62.4384467818383,19.76543310276478,20.33316256758894,20.33316256758894,5.178387176330705,1.2774588498333426,6.24384467818383,1.9765433102764782,2.033316256758894,2.033316256758894,1281.5022363500855,1543.236537904731,1103.9705439611637,1240.3641313704409,737.6606763687786,737.6606763687786,187.42866528142144,18.742866528142144,6644.394802323978
50.400000000000006,0.0,0.0,0.0,1.1148767000010487,12.0,2.3293480719869315,-15.0,0.0,0.0,-12.0,14.092401683099007,-5.6071203088604324,15.739499500544776,-7.25421812630621,-7.499999999999999,-7.499999999999999,52.37096281362842,13.143857734440969,61.81578874646616,19.341891962749365,20.33316256758894,20.33316256758894,5.237096281362842,1.314385773444097,6.1815788746466165,1.9341891962749367,2.033316256758894,2.033316256758894,1286.7393326314484,1544.5509236781752,1110.1521228358104,1242.2983205667158,739.6939926255375,739.6939926255375,187.3388263924628,18.73388263924628,6663.128684963224
50.5,0.0,0.0,0.0,1.1154592999783248,12.0,2.0288040180917064,-15.0,0.0,0.0,-12.0,14.198660052376312,-5.713378678137737,15.633241131267472,-7.1479597570289055,-7.499999999999999,-7.499999999999999,52.96440281038104,13.519248544494273,61.19086292807317,18.91847763877735,20.33316256758894,20.33316256758894,5.296440281038104,1.3519248544494273,6.119086292807317,1.8918477638777351,2.033316256758894,2.033316256758894,1292.0357729124864,1545.9028485326246,1116.2712091286178,1244.1901683305935,741.7273088822964,741.7273088822964,187.2593170569037,18.72593170569037,6681.854616668916
50.6,0.0,0.0,0.0,1.1159591244696783,12.0,1.7264341775203276,-15.0,0.0,0.0,-12.0,14.30556393472347,-5.820282560484895,15.526337248920314,-7.0410558746817475,-7.499999999999999,-7.499999999999999,53.56369295122064,13.900459012254064,60.56428030019941,18.495655340156993,20.33316256758894,20.33316256758894,5.3563692951220645,1.3900459012254065,6.056428030019941,1.8495655340156993,2.033316256758894,2.033316256758894,1297.3921422076085,1547.29289443385,1122.3276371586378,1246.0397338646092,743.7606251390553,743.7606251390553,187.190412739009,18.7190412739009,6700.573657942816
50.7,0.0,0.0,0.0,1.1163838550089495,12.0,1.4225106627199882,-15.0,0.0,0.0,-12.0,14.413017123862154,-5.927735749623579,15.418884059781629,-6.933602685543063,-7.499999999999999,-7.499999999999999,54.16832316373445,14.287172573497443,59.936648142907806,18.073882955015304,20.33316256758894,20.33316256758894,5.416832316373445,1.4287172573497444,5.993664814290781,1.8073882955015304,2.033316256758894,2.033316256758894,1302.808974523982,1548.7216116911998,1128.3213019729285,1247.8471221601108,745.7939413958142,745.7939413958142,187.1323519703329,18.71323519703329,6719.286893139848
50.800000000000004,0.0,0.0,0.0,1.1167409448745917,12.0,1.1135826277253447,-15.0,0.0,0.0,-12.0,14.522239678083828,-6.036958303845253,15.309661505559955,-6.824380131321389,-7.499999999999999,-7.499999999999999,54.78522354732204,14.68386226826802,59.30091858912509,17.648502169957737,20.33316256758894,20.33316256758894,5.478522354732204,1.4683862268268022,5.930091858912509,1.7648502169957738,2.033316256758894,2.033316256758894,1308.2874968787141,1550.1899979180266,1134.251393831841,1249.6119723771064,747.827257652573,747.827257652573,187.0848317098508,18.708483170985076,6737.995376310834
50.900000000000006,0.0,0.0,0.0,1.1170375897817573,12.0,0.8056904863890688,-15.0,0.0,0.0,-12.0,14.631095988590292,-6.145814614351718,15.20080519505349,-6.715523820814925,-7.499999999999999,-7.499999999999999,55.40236793502642,15.082808658207252,58.66957306673583,17.227921283718004,20.33316256758894,20.33316256758894,5.540236793502642,1.5082808658207254,5.866957306673584,1.7227921283718004,2.033316256758894,2.033316256758894,1313.8277336722167,1551.6982787838474,1140.1183511385145,1251.3347645054782,749.860573909332,749.860573909332,187.0489960788654,18.70489960788654,6756.700275918721
51.0,0.0,0.0,0.0,1.1172806991974524,12.0,0.49911710563681366,-15.0,0.0,0.0,-12.0,14.739486046820895,-6.25420467258232,15.092415136822888,-6.607133762584322,-7.499999999999999,-7.499999999999999,56.019154320358034,15.483572514001375,58.043173802661435,16.812515074461718,20.33316256758894,20.33316256758894,5.6019154320358036,1.5483572514001376,5.804317380266144,1.6812515074461718,2.033316256758894,2.033316256758894,1319.4296491042526,1553.2466360352475,1145.9226685187807,1253.0160160129244,751.8938901660908,751.8938901660908,187.02474084666045,18.702474084666044,6775.402750003388
51.1,0.0,0.0,0.0,1.1174768684302632,12.0,0.1941423262916709,-15.0,0.0,0.0,-12.0,14.847310914103806,-6.362029539865231,14.984590269539977,-6.499308895301411,-7.499999999999999,-7.499999999999999,56.63497882572398,15.885707428067398,57.42226860453662,16.402641968810038,20.33316256758894,20.33316256758894,5.663497882572398,1.58857074280674,5.742226860453663,1.6402641968810039,2.033316256758894,2.033316256758894,1325.0931469868249,1554.8352067780543,1151.6648953792344,1254.6562802098053,753.9272064228497,753.9272064228497,187.0119219623159,18.70119219623159,6794.103942199618
51.2,0.0,0.0,0.0,1.117632351648929,12.0,-0.10895729231408813,-15.0,0.0,0.0,-12.0,14.9544728119494,-6.469191437710824,14.877428371694384,-6.392146997455818,-7.499999999999999,-7.499999999999999,57.24923649964656,16.288760676268033,56.80739047846538,15.998643770267911,20.33316256758894,20.33316256758894,5.724923649964656,1.6288760676268035,5.680739047846538,1.5998643770267913,2.033316256758894,2.033316256758894,1330.8180706367896,1556.464082845681,1157.345634427081,1256.256144586832,755.9605226796086,755.9605226796086,187.01035655982577,18.701035655982576,6812.804977855601
51.300000000000004,0.0,0.0,0.0,1.1177530359853025,12.0,-0.40990872311616855,-15.0,0.0,0.0,-12.0,15.060875210713373,-6.575593836474798,14.77102597293041,-6.285744598691844,-7.499999999999999,-7.499999999999999,57.86132212766423,16.692274094771793,56.19905728588251,15.600845435915039,20.33316256758894,20.33316256758894,5.786132212766423,1.6692274094771795,5.619905728588251,1.560084543591504,2.033316256758894,2.033316256758894,1336.604202849556,1558.1333102551582,1162.9655401556693,1257.8162291304236,757.9938389363675,757.9938389363675,187.01982407941145,18.701982407941145,6831.506960263543
51.400000000000006,0.0,0.0,0.0,1.1178444168768094,12.0,-0.7084427172561054,-15.0,0.0,0.0,-12.0,15.1664229165489,-6.681141542310325,14.665478267094883,-6.180196892856317,-7.499999999999999,-7.499999999999999,58.470631054833035,17.0957849695467,55.59777143933294,15.209554901702498,20.33316256758894,20.33316256758894,5.847063105483304,1.70957849695467,5.559777143933294,1.52095549017025,2.033316256758894,2.033316256758894,1342.4512659550394,1559.842888752113,1168.5253172996026,1259.337184620594,760.0271551931264,760.0271551931264,187.04006750059304,18.704006750059307,6850.2109670136015
51.5,0.0,0.0,0.0,1.1179115748013693,12.0,-1.0042940449587947,-15.0,0.0,0.0,-12.0,15.271022156569707,-6.785740782331132,14.560879027074076,-6.07559765283551,-7.499999999999999,-7.499999999999999,59.07656001772965,17.49882693600828,55.004019636855986,14.825062956577238,20.33316256758894,20.33316256758894,5.907656001772965,1.7498826936008283,5.500401963685599,1.482506295657724,2.033316256758894,2.033316256758894,1348.3589219568123,1561.5927714457137,1174.0257192632882,1260.8196909162516,762.0604714498853,762.0604714498853,187.07079468234903,18.707079468234905,6868.9180464818355
51.6,0.0,0.0,0.0,1.1179591535537583,12.0,-1.306117206949504,-15.0,0.0,0.0,-12.0,15.377732758851105,-6.89245138461253,14.454168424792678,-5.9688870505541125,-7.499999999999999,-7.499999999999999,59.69686185707294,17.91321774963994,54.400476566367225,14.436206278339757,20.33316256758894,20.33316256758894,5.969686185707294,1.7913217749639943,5.440047656636723,1.4436206278339758,2.033316256758894,2.033316256758894,1354.3286081425197,1563.3840932206776,1179.465766919925,1262.2633115440856,764.0937877066442,764.0937877066442,187.11308758659774,18.711308758659776,6887.629355240497
51.7,0.0,0.0,0.0,1.1179913402065884,12.0,-1.6087976894310005,-15.0,0.0,0.0,-12.0,15.484746469698846,-6.9994650954602715,14.347154713944937,-5.861873339706371,-7.499999999999999,-7.499999999999999,60.32109081388598,18.332019734340932,53.79745243296339,14.0497204517453,20.33316256758894,20.33316256758894,6.032109081388598,1.8332019734340932,5.379745243296339,1.40497204517453,2.033316256758894,2.033316256758894,1360.3607172239083,1565.2172951941118,1184.8455121632214,1263.66828358926,766.1271039634031,766.1271039634031,187.16660856811347,18.716660856811348,6906.346016097307
51.800000000000004,0.0,0.0,0.0,1.1180118468914142,12.0,-1.912054164214646,-15.0,0.0,0.0,-12.0,15.591963824577968,-7.1066824503393935,14.239937359065815,-5.754655984827249,-7.499999999999999,-7.499999999999999,60.948674566890624,18.75484171219296,53.1955319484643,13.666021120060803,20.33316256758894,20.33316256758894,6.094867456689062,1.875484171219296,5.3195531948464305,1.3666021120060803,2.033316256758894,2.033316256758894,1366.4555846805974,1567.0927793653311,1190.1650653580677,1265.0348857012661,768.160420220162,768.160420220162,187.23139448278658,18.72313944827866,6925.069155545587
51.900000000000006,0.0,0.0,0.0,1.1180238945260292,12.0,-2.2156029634726737,-15.0,0.0,0.0,-12.0,15.69928453176616,-7.214003157527586,14.132616651877623,-5.647335277639057,-7.499999999999999,-7.499999999999999,61.57902790462595,19.18127756767381,52.5952963045379,13.285515063753037,20.33316256758894,20.33316256758894,6.157902790462596,1.9181277567673811,5.25952963045379,1.3285515063753037,2.033316256758894,2.033316256758894,1372.6134874710601,1569.0109071220986,1195.4245949885214,1266.3634372076415,770.1937364769209,770.1937364769209,187.30744197576857,18.730744197576858,6943.799899743163
52.0,0.0,0.0,0.0,1.1180301986028263,12.0,-2.519158344701202,-15.0,0.0,0.0,-12.0,15.80660756603234,-7.321326191793766,14.025293617611442,-5.5400122433728765,-7.499999999999999,-7.499999999999999,62.21155323538879,19.61090667149022,51.997322458798806,12.908599439227643,20.33316256758894,20.33316256758894,6.22115532353888,1.961090667149022,5.199732245879881,1.2908599439227644,2.033316256758894,2.033316256758894,1378.834642794599,1570.9719977892476,1200.6243272344013,1267.6542971515642,772.2270527336798,772.2270527336798,187.39470694008332,18.739470694008336,6962.539370437171
52.1,0.0,0.0,0.0,1.1180329571402992,12.0,-2.8224327591804514,-15.0,0.0,0.0,-12.0,15.91383126355167,-7.428549889313095,13.918069920092114,-5.432788545853548,-7.499999999999999,-7.499999999999999,62.845641134402285,20.04329434843492,51.40218244255881,12.535661043832148,20.33316256758894,20.33316256758894,6.284564113440229,2.004329434843492,5.140218244255881,1.253566104383215,2.033316256758894,2.033316256758894,1385.1192069080391,1572.976327224091,1205.7645454786573,1268.9078632559474,774.2603689904387,774.2603689904387,187.49310410440603,18.749310410440604,6981.288680847613
52.2,0.0,0.0,0.0,1.1180338408855068,12.0,-3.125137123680678,-15.0,0.0,0.0,-12.0,16.020853417968105,-7.535572043729532,13.811047765675676,-5.325766391437112,-7.499999999999999,-7.499999999999999,63.48067092775639,20.477992388375124,50.81044269199987,12.167075609709205,20.33316256758894,20.33316256758894,6.34806709277564,2.0477992388375124,5.081044269199987,1.2167075609709206,2.033316256758894,2.033316256758894,1391.4672740008148,1575.0241264629285,1210.8455897478573,1270.1245708169183,776.2936852471976,776.2936852471976,187.60250675301847,18.760250675301847,7000.048931522913
52.300000000000004,0.0,0.0,0.0,1.1180339858397605,12.0,-3.426981095157479,-15.0,0.0,0.0,-12.0,16.127571377513867,-7.642290003275294,13.704329806129914,-5.219048431891348,-7.499999999999999,-7.499999999999999,64.11601131254945,20.914539599379292,50.222663404472485,11.803207129105056,20.33316256758894,20.33316256758894,6.411601131254945,2.091453959937929,5.022266340447249,1.1803207129105056,2.033316256758894,2.033316256758894,1397.8788751320697,1577.1155804228665,1215.8678560883045,1271.3048915298289,778.3270015039565,778.3270015039565,187.72274658068417,18.772274658068415,7018.821206180982
52.400000000000006,0.0,0.0,0.0,1.118033988163191,12.0,-3.715289051338554,-15.0,0.0,0.0,-12.0,16.229503632956707,-7.74422225871813,13.602397550687078,-5.117116176448512,-7.499999999999999,-7.499999999999999,64.72482636468123,21.334366470661298,49.663375395941905,11.459111717410766,20.33316256758894,20.33316256758894,6.472482636468124,2.1334366470661297,4.966337539594191,1.1459111717410766,2.033316256758894,2.033316256758894,1404.3513577685378,1579.2490170699327,1220.8341936278987,1272.45080270157,780.3603177607154,780.3603177607154,187.8480050838731,18.78480050838731,7037.606006689371
52.5,0.0,0.0,0.0,1.1180339014963843,12.0,-4.000253498147915,-15.0,0.0,0.0,-12.0,16.330253779324693,-7.844972405086116,13.501647404319092,-5.016366030080526,-7.499999999999999,-7.499999999999999,65.32846272497875,21.752048768150033,49.11262884091966,11.1223578820709,20.33316256758894,20.33316256758894,6.532846272497875,2.175204876815003,4.9112628840919665,1.1122357882070901,2.033316256758894,2.033316256758894,1410.8842040410357,1581.4242219467478,1225.7454565119906,1273.563038489777,782.3936340174743,782.3936340174743,187.98182335129724,18.798182335129724,7056.404189024499
52.6,0.0,0.0,0.0,1.118033236719242,12.0,-4.281617986817951,-15.0,0.0,0.0,-12.0,16.429731148286525,-7.94444977404795,13.402170035357258,-4.916888661118692,-7.499999999999999,-7.499999999999999,65.92630313777404,22.16709453582134,48.57085217577727,10.793159600148707,20.33316256758894,20.33316256758894,6.592630313777405,2.2167094535821343,4.857085217577727,1.0793159600148707,2.033316256758894,2.033316256758894,1417.476834354813,1583.64093140033,1230.6025417295684,1274.6423544497918,784.4269502742331,784.4269502742331,188.12373458469924,18.812373458469924,7075.21656248297
52.7,0.0,0.0,0.0,1.118030964148892,12.0,-4.559129308300412,-15.0,0.0,0.0,-12.0,16.52784621692467,-8.042564842686094,13.304054966719114,-4.818773592480548,-7.499999999999999,-7.499999999999999,66.51773196754735,22.579009923098535,48.03846079148464,10.471715156810873,20.33316256758894,20.33316256758894,6.6517731967547356,2.2579009923098536,4.803846079148464,1.0471715156810875,2.033316256758894,2.033316256758894,1424.1286075515677,1585.8988323926399,1235.406387808717,1275.689525965473,786.460266530992,786.460266530992,188.27324297411928,18.827324297411927,7094.043886780382
52.800000000000004,0.0,0.0,0.0,1.1180255181600882,12.0,-4.832537721137383,-15.0,0.0,0.0,-12.0,16.624510688299907,-8.13922931406133,13.207390495343878,-4.722109121105312,-7.499999999999999,-7.499999999999999,67.10213603518964,22.987300042161195,47.51585689638489,10.158207176412489,20.33316256758894,20.33316256758894,6.710213603518965,2.2987300042161194,4.751585689638489,1.015820717641249,2.033316256758894,2.033316256758894,1430.8388211550866,1588.197562396856,1240.1579734983554,1276.7053466831142,788.4935827877509,788.4935827877509,188.4298252853261,18.84298252853261,7112.886869308913
52.900000000000006,0.0,0.0,0.0,1.1180148041934423,12.0,-5.101597176211856,-15.0,0.0,0.0,-12.0,16.719637570912663,-8.234356196674089,13.11226361273112,-4.626982238492554,-7.499999999999999,-7.499999999999999,67.67890546112115,23.391469832613666,47.003429410992645,9.85280270430314,20.33316256758894,20.33316256758894,6.767890546112115,2.3391469832613665,4.700342941099264,0.9852802704303141,2.033316256758894,2.033316256758894,1437.6067117011987,1590.5367093801174,1244.8583164394547,1277.6906269535446,790.5268990445098,790.5268990445098,188.59293254420848,18.859293254420848,7131.746162563336
53.0,0.0,0.0,0.0,1.11799620809922,12.0,-5.366065538175187,-15.0,0.0,0.0,-12.0,16.813141256989447,-8.327859882750873,13.018759926654335,-4.533478552415769,-7.499999999999999,-7.499999999999999,68.24743451349944,23.791024931590226,46.50155389422587,9.55565333993724,20.33316256758894,20.33316256758894,6.824743451349945,2.3791024931590226,4.650155389422587,0.9555653339937241,2.033316256758894,2.033316256758894,1444.4314551525486,1592.9158118732764,1249.5084718288772,1278.6461922875383,792.5602153012687,792.5602153012687,188.76199181443067,18.876199181443063,7150.622361744778
53.1,0.0,0.0,0.0,1.1179666077476442,12.0,-5.625704803352749,-15.0,0.0,0.0,-12.0,16.90493759952412,-8.419656225285546,12.926963584119662,-4.441682209881096,-7.499999999999999,-7.499999999999999,68.80712245973804,24.18547254737627,46.010592500356694,9.266895421742294,20.33316256758894,20.33316256758894,6.880712245973804,2.418547254737627,4.60105925003567,0.9266895421742295,2.033316256758894,2.033316256758894,1451.3121673985224,1595.334359128014,1254.1095310789128,1279.5728818297125,794.5935315580276,794.5935315580276,188.9364080643912,18.893640806439116,7169.516002551216
53.2,0.0,0.0,0.0,1.1179223868208645,12.0,-5.880281313930975,-15.0,0.0,0.0,-12.0,16.994943988004458,-8.509662613765883,12.836957195639325,-4.351675821400759,-7.499999999999999,-7.499999999999999,69.3573744195439,24.57432233462718,45.53089396584721,8.986650264057827,20.33316256758894,20.33316256758894,6.935737441954391,2.4574322334627183,4.5530893965847214,0.8986650264057827,2.033316256758894,2.033316256758894,1458.2479048404768,1597.7917913614767,1258.6626204754975,1280.4715468561183,796.6268478147865,796.6268478147865,189.115566119254,18.911556611925402,7188.427559163142
53.300000000000004,0.0,0.0,0.0,1.1178594506872161,12.0,-6.129565968233727,-15.0,0.0,0.0,-12.0,17.083079422756068,-8.597798048517493,12.748821760887715,-4.263540386649149,-7.499999999999999,-7.499999999999999,69.8976022176783,24.957087269275945,45.062793625112946,8.715024446297559,20.33316256758894,20.33316256758894,6.98976022176783,2.4957087269275946,4.506279362511295,0.8715024446297559,2.033316256758894,2.033316256758894,1465.2376650622448,1600.2875000884044,1263.1688998380089,1281.3430493007481,798.6601640715454,798.6601640715454,189.29883269354264,18.929883269354264,7207.357442432497
53.400000000000006,0.0,0.0,0.0,1.1177732442453043,12.0,-6.373334426898364,-15.0,0.0,0.0,-12.0,17.169264587836647,-8.683983213598072,12.662636595807136,-4.17735522156857,-7.499999999999999,-7.499999999999999,70.42722523464157,25.333284521229434,44.606613454139634,8.452110154311825,20.33316256758894,20.33316256758894,7.042722523464157,2.5333284521229436,4.460661345413963,0.8452110154311825,2.033316256758894,2.033316256758894,1472.280387585709,1602.8208285405274,1267.6295611834228,1282.1882603161794,800.6934803283043,800.6934803283043,189.4855584995003,18.948555849950036,7226.305998282447
53.5,0.0,0.0,0.0,1.1176587716139232,12.0,-6.611367314765972,-15.0,0.0,0.0,-12.0,17.25342192241495,-8.768140548176374,12.578479261228834,-4.09319788699027,-7.499999999999999,-7.499999999999999,70.94567125348615,25.702436322967454,44.16266214076144,8.197985573729623,20.33316256758894,20.33316256758894,7.0945671253486156,2.5702436322967457,4.416266214076145,0.8197985573729624,2.033316256758894,2.033316256758894,1479.3749547110576,1605.3910721728241,1272.045827397499,1283.0080588735523,802.7267965850632,802.7267965850632,189.67508042612258,18.967508042612256,7245.27350632506
53.6,0.0,0.0,0.0,1.1175106175340275,12.0,-6.843450418304171,-15.0,0.0,0.0,-12.0,17.335475690570288,-8.850194316331713,12.496425493073495,-4.011144118834929,-7.499999999999999,-7.499999999999999,71.45237730096797,26.064070832175712,43.73123518029528,7.952715334840141,20.33316256758894,20.33316256758894,7.145237730096797,2.6064070832175714,4.373123518029528,0.7952715334840141,2.033316256758894,2.033316256758894,1486.5201924411544,1607.9974792560417,1276.4189509155285,1283.8033304070364,804.7601128418221,804.7601128418221,189.866723783457,18.9866723783457,7264.2601787034055
53.7,0.0,0.0,0.0,1.1173229703409486,12.0,-7.069374878384966,-15.0,0.0,0.0,-12.0,17.415352049449808,-8.930070675211233,12.416549134193975,-3.931267759955409,-7.499999999999999,-7.499999999999999,71.94679048125872,26.417722986564105,43.31261499511556,7.716351008329369,20.33316256758894,20.33316256758894,7.194679048125872,2.6417722986564107,4.331261499511556,0.771635100832937,2.033316256758894,2.033316256758894,1493.7148714892803,1610.6392515546981,1280.75021241504,1284.5749655078694,806.793429098581,806.793429098581,190.05980460644565,19.00598046064456,7283.26615916405
53.800000000000004,0.0,0.0,0.0,1.117089646358878,12.0,-7.2889373782437055,-15.0,0.0,0.0,-12.0,17.492979115722,-9.007697741483426,12.338922067921782,-3.853640693683216,-7.499999999999999,-7.499999999999999,72.42836880045294,26.76293534904379,42.90707107665042,7.488931650917319,20.33316256758894,20.33316256758894,7.242836880045295,2.6762935349043793,4.290707107665042,0.748893165091732,2.033316256758894,2.033316256758894,1500.9577083693257,1613.3155450896024,1285.040919522705,1285.323858672961,808.8267453553399,808.8267453553399,190.25363201224235,19.025363201224234,7302.291522365274
53.900000000000006,0.0,0.0,0.0,1.1168041155652935,12.0,-7.501940326450538,-15.0,0.0,0.0,-12.0,17.568287030266887,-9.083005656028314,12.263614153376894,-3.778332779138328,-7.499999999999999,-7.499999999999999,72.89658198012727,27.099258941464896,42.51486014817784,7.2704843996411475,20.33316256758894,20.33316256758894,7.289658198012727,2.70992589414649,4.251486014817784,0.7270484399641148,2.033316256758894,2.033316256758894,1508.2473665673385,1616.0254709837488,1289.2924055375229,1286.0509071129252,810.8600616120988,810.8600616120988,190.447510604589,19.044751060458903,7321.3362734257325
54.0,0.0,0.0,0.0,1.1164595283705028,12.0,-7.708192034729319,-15.0,0.0,0.0,-12.0,17.641208021044505,-9.155926646805932,12.190693162599276,-3.70541178836071,-7.499999999999999,-7.499999999999999,73.35091225822791,27.426254065144622,42.13622634670878,7.06102511320127,20.33316256758894,20.33316256758894,7.335091225822791,2.7426254065144624,4.2136226346708785,0.706102511320127,2.033316256758894,2.033316256758894,1515.5824577931612,1618.7680963902633,1293.5060281721937,1286.7570096242453,812.8933778688577,812.8933778688577,190.64074291846046,19.064074291846048,7340.400347717579
54.1,0.0,0.0,0.0,1.1160487433567148,12.0,-7.907506890464225,-15.0,0.0,0.0,-12.0,17.711676464085194,-9.226395089846617,12.12022471955859,-3.634943345320025,-7.499999999999999,-7.499999999999999,73.79085517559137,27.743491106449437,41.77140142215636,6.86055905842685,20.33316256758894,20.33316256758894,7.379085517559138,2.774349110644944,4.177140142215636,0.686055905842685,2.033316256758894,2.033316256758894,1522.9615433107203,1621.5424455009081,1297.6831683144094,1287.443065530088,814.9266941256166,814.9266941256166,190.83263189780192,19.08326318978019,7359.4836109073585
54.2,0.0,0.0,0.0,1.1155643558219839,12.0,-8.099705523738411,-15.0,0.0,0.0,-12.0,17.779628942546672,-9.2943475683081,12.052272241097109,-3.566990866858543,-7.499999999999999,-7.499999999999999,74.2159203464322,28.050551325729852,41.42060495191195,6.6690816395262145,20.33316256758894,20.33316256758894,7.42159203464322,2.8050551325729853,4.142060495191195,0.6669081639526215,2.033316256758894,2.033316256758894,1530.3831353453636,1624.347500633481,1301.8252288096005,1288.1099736940407,816.9600103823755,816.9600103823755,191.0224833987781,19.102248339877807,7378.585859247236
54.300000000000004,0.0,0.0,0.0,1.1149987269768626,12.0,-8.284614968754937,-15.0,0.0,0.0,-12.0,17.84500430378499,-9.359722929546413,11.986896879858795,-3.5016155056202294,-7.499999999999999,-7.499999999999999,74.62563221116748,28.347027627946773,41.084044568877566,6.486579167364529,20.33316256758894,20.33316256758894,7.462563221116749,2.8347027627946773,4.108404456887757,0.648657916736453,2.033316256758894,2.033316256758894,1537.8456985664805,1627.1822033962758,1305.9336332664882,1288.7586316107772,818.9933266391344,818.9933266391344,191.20960871053424,19.120960871053427,7397.70682011829
54.400000000000006,0.0,0.0,0.0,1.114344013645539,12.0,-8.462068819494338,-15.0,0.0,0.0,-12.0,17.907743714387735,-9.42246234014916,11.924157469256048,-3.4388760950174824,-7.499999999999999,-7.499999999999999,75.01953076998271,28.632525313368888,40.76191620094384,6.31302966556033,20.33316256758894,20.33316256758894,7.501953076998271,2.863252531336889,4.0761916200943835,0.631302966556033,2.033316256758894,2.033316256758894,1545.3476516434787,1630.0454559276127,1310.0098248865825,1289.3899345773332,821.0266428958932,821.0266428958932,191.39332708503363,19.139332708503364,7416.8461528267935
54.5,0.0,0.0,0.0,1.113592198328466,12.0,-8.631907379468682,-15.0,0.0,0.0,-12.0,17.967790713120145,-9.482509338881568,11.86411047052364,-3.3788290962850738,-7.499999999999999,-7.499999999999999,75.39717229558667,28.90666280676602,40.454404319851875,6.148403709713907,20.33316256758894,20.33316256758894,7.539717229558668,2.890666280676602,4.045440431985187,0.6148403709713908,2.033316256758894,2.033316256758894,1552.8873688730373,1632.9361222082894,1314.0552653185678,1290.0047749483047,823.0599591526521,823.0599591526521,191.57296826709634,19.157296826709636,7436.003449653504
54.6,0.0,0.0,0.0,1.1127351194898605,12.0,-8.793977805437793,-15.0,0.0,0.0,-12.0,18.02509126173642,-9.539809887497844,11.806809921907364,-3.321528547668798,-7.499999999999999,-7.499999999999999,75.7581300236467,29.16907236357179,40.16168219733603,5.99266529557952,20.33316256758894,20.33316256758894,7.57581300236467,2.9169072363571793,4.016168219733603,0.599266529557952,2.033316256758894,2.033316256758894,1560.463181875402,1635.8530294446466,1318.0714335383013,1290.6040414778627,825.093275409411,825.093275409411,191.7478750153119,19.174787501531192,7455.178237155035
54.7,0.0,0.0,0.0,1.1117645019408084,12.0,-8.948134244957705,-15.0,0.0,0.0,-12.0,18.07959379361047,-9.594312419371896,11.752307390033312,-3.2670260157947464,-7.499999999999999,-7.499999999999999,76.10199481944218,29.41940075153832,39.8839121664179,5.8457727314772345,20.33316256758894,20.33316256758894,7.6101994819442185,2.9419400751538323,3.9883912166417903,0.5845772731477235,2.033316256758894,2.033316256758894,1568.073381357346,1638.7949695198004,1322.059824754943,1291.1886187510104,827.1265916661699,827.1265916661699,191.91740560405353,19.191740560405353,7474.36997771544
54.800000000000004,0.0,0.0,0.0,1.1106719871968784,12.0,-9.094237967638096,-15.0,0.0,0.0,-12.0,18.131249260142425,-9.645967885903849,11.700651923501361,-3.2153705492627944,-7.499999999999999,-7.499999999999999,76.4283758193264,29.657309906460284,39.621245885703615,5.707679549713289,20.33316256758894,20.33316256758894,7.642837581932641,2.9657309906460285,3.9621245885703615,0.5707679549713289,2.033316256758894,2.033316256758894,1575.7162189392786,1641.7607005104464,1326.0219493435134,1291.7593867059818,829.1599079229288,829.1599079229288,192.08093629638145,19.208093629638146,7493.578071345079
54.900000000000006,0.0,0.0,0.0,1.1094491636979738,12.0,-9.232157489990259,-15.0,0.0,0.0,-12.0,18.180011174899036,-9.69472980066046,11.651890008744749,-3.166608634506183,-7.499999999999999,-7.499999999999999,76.73690104563914,29.882477560600755,39.37382460453406,5.578335431253583,20.33316256758894,20.33316256758894,7.6736901045639145,2.9882477560600758,3.937382460453406,0.5578335431253584,2.033316256758894,2.033316256758894,1583.3899090438426,1644.7489482665064,1329.9593318039667,1292.317220249107,831.1932241796877,831.1932241796877,192.23786377720543,19.223786377720543,7512.801857722798
55.0,0.0,0.0,0.0,1.1080875967874737,12.0,-9.361768693753351,-15.0,0.0,0.0,-12.0,18.22583565544835,-9.740554281209777,11.606065528195431,-3.1207841539568655,-7.499999999999999,-7.499999999999999,77.0272179937696,30.09459784251019,39.14177942684656,5.45768713738156,20.33316256758894,20.33316256758894,7.70272179937696,3.0094597842510193,3.914177942684656,0.545768713738156,2.033316256758894,2.033316256758894,1591.0926308432197,1647.7584080507575,1333.8735097466513,1292.8629889628453,833.2265404364466,833.2265404364466,192.3876075356858,19.238760753568577,7532.040618476367
55.1,0.0,0.0,0.0,1.106578858357394,12.0,-9.48295493759251,-15.0,0.0,0.0,-12.0,18.26868146285095,-9.783400088612375,11.563219720792834,-3.0779383465542676,-7.499999999999999,-7.499999999999999,77.29899419012813,30.29338184699088,38.92523157162951,5.345679441584738,20.33316256758894,20.33316256758894,7.729899419012813,3.029338184699088,3.8925231571629513,0.5345679441584739,2.033316256758894,2.033316256758894,1598.8225302622325,1650.7877462354566,1337.7660329038142,1293.3975569070037,835.2598566932055,835.2598566932055,192.52961218551113,19.252961218551114,7551.293579694918
55.2,0.0,0.0,0.0,1.1049145560761793,12.0,-9.595607162068077,-15.0,0.0,0.0,-12.0,18.308510038772162,-9.823228664533586,11.523391144871622,-3.0381097706330564,-7.499999999999999,-7.499999999999999,77.55191771984666,30.478558174022144,38.72429262788885,5.242256054467594,20.33316256758894,20.33316256758894,7.755191771984666,3.0478558174022146,3.872429262788885,0.5242256054467594,2.033316256758894,2.033316256758894,1606.5777220342172,1653.8356020528588,1341.6384621666032,1293.9217825124506,837.2931729499644,837.2931729499644,192.66334971140313,19.266334971140314,7570.559914666058
55.300000000000004,0.0,0.0,0.0,1.1030863621257194,12.0,-9.699623987781848,-15.0,0.0,0.0,-12.0,18.34528554018201,-9.860004165943439,11.486615643461768,-3.001334269223203,-7.499999999999999,-7.499999999999999,77.78569772309334,30.649873435528015,38.53906480209479,5.1473605340983895,20.33316256758894,20.33316256758894,7.778569772309334,3.0649873435528017,3.8539064802094796,0.514736053409839,2.033316256758894,2.033316256758894,1614.3562918065265,1656.9005893964115,1345.4923686468126,1294.4365185658605,839.3264892067233,839.3264892067233,192.78832162999242,19.278832162999244,7589.838746829058
55.400000000000006,0.0,0.0,0.0,1.101086041384138,12.0,-9.794911806611594,-15.0,0.0,0.0,-12.0,18.37897487161151,-9.893693497372935,11.452926312032275,-2.9676449377937084,-7.499999999999999,-7.499999999999999,78.00006485895172,30.807092728935373,38.36964115614372,5.060937173882451,20.33316256758894,20.33316256758894,7.800006485895172,3.0807092728935377,3.8369641156143723,0.506093717388245,2.033316256758894,2.033316256758894,1622.1562982924218,1659.981298669305,1349.329332762427,1294.9426122832488,841.3598054634822,841.3598054634822,192.90406105309114,19.290406105309113,7609.129152934367
55.5,0.0,0.0,0.0,1.098905479000723,12.0,-9.881384865952093,-15.0,0.0,0.0,-12.0,18.409547714936316,-9.92426634069774,11.422353468707469,-2.9370720944689026,-7.499999999999999,-7.499999999999999,78.19477173588434,30.95000007654153,38.21610583394678,4.982931859829397,20.33316256758894,20.33316256758894,7.819477173588435,3.0950000076541535,3.821610583394678,0.4982931859829397,2.033316256758894,2.033316256758894,1629.9757754660102,1663.0762986769591,1353.1509433458216,1295.4409054692317,843.3931217202411,843.3931217202411,193.01013464137992,19.301013464137995,7628.430166398503
55.6,0.0,0.0,0.0,1.0965367073190209,12.0,-9.95896534588671,-15.0,0.0,0.0,-12.0,18.43697655666105,-9.951695182422478,11.39492462698273,-2.9096432527441642,-7.499999999999999,-7.499999999999999,78.36959330787263,31.078398829781154,38.07853427485058,4.913292888966026,20.33316256758894,20.33316256758894,7.836959330787264,3.1078398829781158,3.8078534274850586,0.49132928889660266,2.033316256758894,2.033316256758894,1637.8127347967975,1666.1841385599373,1356.9587967733066,1295.9322347581283,845.426437977,845.426437977,193.1061444366483,19.31061444366483,7647.74078084217
55.7,0.0,0.0,0.0,1.0939719321134702,12.0,-10.027583429220028,-15.0,0.0,0.0,-12.0,18.461236712679558,-9.975955338440984,11.370664470964224,-2.8853830967256577,-7.499999999999999,-7.499999999999999,78.52432723539482,31.192112037555134,37.9569934121999,4.851971740653857,20.33316256758894,20.33316256758894,7.852432723539483,3.1192112037555138,3.79569934121999,0.48519717406538576,2.033316256758894,2.033316256758894,1645.665167520337,1669.3033497636927,1360.7544961145265,1296.4174319321937,847.4597542337589,847.4597542337589,193.1917295609816,19.31917295609816,7667.059953798268
55.800000000000004,0.0,0.0,0.0,1.0912035581140034,12.0,-10.08717736430862,-15.0,0.0,0.0,-12.0,18.482306350488926,-9.997024976250351,11.349594833154857,-2.864313458916291,-7.499999999999999,-7.499999999999999,78.65879421048072,31.290982777859956,37.85154185547036,4.798923792713974,20.33316256758894,20.33316256758894,7.8658794210480725,3.129098277785996,3.785154185547036,0.4798923792713974,2.033316256758894,2.033316256758894,1653.531046941385,1672.4324480414787,1364.5396503000736,1296.8973243114651,849.4930704905178,849.4930704905178,193.26656777170288,19.32665677717029,7686.386610575439
55.900000000000006,0.0,0.0,0.0,1.0882242138017444,12.0,-10.137693520633377,-15.0,0.0,0.0,-12.0,18.50016650883728,-10.014885134598709,11.3317346748065,-2.8464533005679336,-7.499999999999999,-7.499999999999999,78.77283824515709,31.374874452031495,37.762230054529695,4.754108974552481,20.33316256758894,20.33316256758894,7.877283824515709,3.1374874452031496,3.7762230054529695,0.4754108974552481,2.033316256758894,2.033316256758894,1661.4083307659007,1675.5699354866817,1368.3158733055266,1297.3727352089204,851.5263867472767,851.5263867472767,193.33037686144866,19.333037686144863,7705.719648261584
56.0,0.0,0.0,0.0,1.0850267754672458,12.0,-10.179086437063347,-15.0,0.0,0.0,-12.0,18.514801114787645,-10.029519740549068,11.317100068856139,-2.8318186946175734,-7.499999999999999,-7.499999999999999,78.86632692267428,31.443671040995,37.68910044472681,4.717492349922196,20.33316256758894,20.33316256758894,7.886632692267428,3.1443671040995,3.7689100444726815,0.47174923499221966,2.033316256758894,2.033316256758894,1669.2949634581682,1678.7143025907812,1372.0847833499993,1297.8444844439127,853.5597030040356,853.5597030040356,193.38291589349618,19.338291589349616,7725.057939850933
56.1,0.0,0.0,0.0,1.0816043905306487,12.0,-10.211318862767685,-15.0,0.0,0.0,-12.0,18.526196998182456,-10.040915623943883,11.305704185461325,-2.820422811222759,-7.499999999999999,-7.499999999999999,78.93915161098414,31.49727732299179,37.63218757165986,4.689044622551632,20.33316256758894,20.33316256758894,7.893915161098414,3.149727732299179,3.7632187571659865,0.4689044622551632,2.033316256758894,2.033316256758894,1677.1888786192667,1681.8640303230804,1375.8480021071653,1298.3133889061678,855.5930192607944,855.5930192607944,193.4239862633653,19.34239862633653,7744.4003384772695
56.2,0.0,0.0,0.0,1.077950500130677,12.0,-10.23436179073888,-15.0,0.0,0.0,-12.0,18.534343903495873,-10.049062529257297,11.297557280147913,-2.8122759059093463,-7.499999999999999,-7.499999999999999,78.99122763801894,31.535619052332972,37.59151819463466,4.668742558616173,20.33316256758894,20.33316256758894,7.899122763801895,3.1535619052332975,3.759151819463466,0.4668742558616173,2.033316256758894,2.033316256758894,1685.0880013830686,1685.0175922283138,1379.6071539266288,1298.7802631620293,857.6263355175533,857.6263355175533,193.45343257878065,19.345343257878064,7763.745681735147
56.300000000000004,0.0,0.0,0.0,1.0740588609965782,12.0,-10.248194483897105,-15.0,0.0,0.0,-12.0,18.539234499063,-10.053953124824423,11.292666684580785,-2.8073853103422195,-7.499999999999999,-7.499999999999999,79.02249442840083,31.558643098810965,37.56711136799366,4.656569320908446,20.33316256758894,20.33316256758894,7.902249442840084,3.1558643098810966,3.756711136799366,0.4656569320908446,2.033316256758894,2.033316256758894,1692.9902508259086,1688.1734565381948,1383.3638650634282,1299.2459200941203,859.6596517743122,859.6596517743122,193.4711433512918,19.347114335129177,7783.092796070276
56.400000000000006,0.0,0.0,0.0,1.0699235666239075,12.0,-10.252804493752194,-15.0,0.0,0.0,-12.0,18.540864383677935,-10.055583009439358,11.29103679996585,-2.805755425727284,-7.499999999999999,-7.499999999999999,79.03291560129423,31.56631754748103,37.5589784996707,4.652514710569305,20.33316256758894,20.33316256758894,7.903291560129424,3.156631754748103,3.75589784996707,0.4652514710569305,2.033316256758894,2.033316256758894,1700.893542386038,1691.330088292943,1387.1197629133953,1299.7111715651772,861.6929680310711,861.6929680310711,193.47705149419315,19.347705149419316,7802.440501219697
56.5,0.0,0.0,0.0,1.0655390677815793,12.0,-10.248187671606452,-15.0,0.0,0.0,-12.0,18.539232090554542,-10.053950716315965,11.292669093089245,-2.807387718850678,-7.499999999999999,-7.499999999999999,79.02247902919383,31.558631758606772,37.56712338650703,4.656575313346834,20.33316256758894,20.33316256758894,7.902247902919384,3.155863175860677,3.756712338650703,0.4656575313346834,2.033316256758894,2.033316256758894,1708.7957902889573,1694.4859514688037,1390.876475252046,1300.176829096512,863.72628428783,863.72628428783,193.47113462283235,19.347113462283236,7821.787614681978
56.6,0.0,0.0,0.0,1.0609001923837873,12.0,-10.23434817228818,-15.0,0.0,0.0,-12.0,18.53433908864645,-10.049057714407876,11.297562094997332,-2.812280720758766,-7.499999999999999,-7.499999999999999,78.99119685752484,31.53559638764582,37.59154222604884,4.668754548532581,20.33316256758894,20.33316256758894,7.899119685752485,3.153559638764582,3.759154222604884,0.4668754548532581,2.033316256758894,2.033316256758894,1716.6949099747098,1697.6395111075683,1394.6356294746508,1300.643704551365,865.7596005445889,865.7596005445889,193.45341515492996,19.345341515492997,7841.132956197471
56.7,0.0,0.0,0.0,1.0560021647663824,12.0,-10.211298450412624,-15.0,0.0,0.0,-12.0,18.526189781325115,-10.040908407086542,11.305711402318668,-2.820430028080101,-7.499999999999999,-7.499999999999999,78.93910548501394,31.497243365234638,37.632223604732374,4.689062619953097,20.33316256758894,20.33316256758894,7.8939105485013945,3.149724336523464,3.7632223604732378,0.4689062619953097,2.033316256758894,2.033316256758894,1724.5888205232113,1700.7892354440917,1398.398851835124,1301.1126108133603,867.7929168013478,867.7929168013478,193.42396021011191,19.342396021011194,7860.475352218484
56.800000000000004,0.0,0.0,0.0,1.0508406244130326,12.0,-10.179059249173667,-15.0,0.0,0.0,-12.0,18.51479150241706,-10.029510128178488,11.317109681226718,-2.831828306988153,-7.499999999999999,-7.499999999999999,78.866265504872,31.44362583721349,37.6891484625505,4.717516369639582,20.33316256758894,20.33316256758894,7.8866265504872,3.144362583721349,3.76891484625505,0.4717516369639582,2.033316256758894,2.033316256758894,1732.4754470736984,1703.933598027813,1402.1677666813791,1301.5843624503243,869.8262330581067,869.8262330581067,193.38288130945347,19.338288130945347,7879.813640349428
56.900000000000006,0.0,0.0,0.0,1.045411644182121,12.0,-10.137659581676338,-15.0,0.0,0.0,-12.0,18.500154509603952,-10.014873135365375,11.331746674039834,-2.8464652998012676,-7.499999999999999,-7.499999999999999,78.77276160691339,31.37481806481564,37.76229003448104,4.754139036027399,20.33316256758894,20.33316256758894,7.8772761606913395,3.137481806481564,3.7762290034481043,0.47541390360273994,2.033316256758894,2.033316256758894,1740.3527232343897,1707.0710798342948,1405.9439956848273,1302.059776353927,871.8595493148656,871.8595493148656,193.33033387741537,19.333033387741537,7899.146673737171
57.0,0.0,0.0,0.0,1.0397117480908558,12.0,-10.087136704827001,-15.0,0.0,0.0,-12.0,18.482291975191337,-9.997010600952764,11.349609208452444,-2.864327834213878,-7.499999999999999,-7.499999999999999,78.65870244081735,31.29091528522661,37.8516137691411,4.798959919718836,20.33316256758894,20.33316256758894,7.865870244081735,3.129091528522661,3.7851613769141106,0.47989599197188365,2.033316256758894,2.033316256758894,1748.2185934784713,1710.2001713628174,1409.7291570617415,1302.539672345899,873.8928655716245,873.8928655716245,193.26651655008177,19.326651655008177,7918.473325392179
57.1,0.0,0.0,0.0,1.0337379287185284,12.0,-10.027536085804613,-15.0,0.0,0.0,-12.0,18.46121997425452,-9.975938600015942,11.370681209389266,-2.8853998351507,-7.499999999999999,-7.499999999999999,78.52422044082134,31.192033532801574,37.95707722531273,4.852013960948537,20.33316256758894,20.33316256758894,7.852422044082134,3.1192033532801577,3.795707722531273,0.48520139609485374,2.033316256758894,2.033316256758894,1756.0710155225536,1713.3193747160976,1413.5248647842727,1303.0248737419938,875.9261818283834,875.9261818283834,193.19167029506207,19.319167029506204,7937.792492421684
57.2,0.0,0.0,0.0,1.027487664296393,11.968184969418212,-9.958911361143379,-15.0,0.0,0.0,-12.0,18.425709158237986,-9.962924407867453,11.383695401537755,-2.9209106511672296,-7.499999999999999,-7.499999999999999,78.2977632137192,31.131015710934673,38.0222609208331,4.941860096538623,20.33316256758894,20.33316256758894,7.82977632137192,3.1131015710934675,3.80222609208331,0.4941860096538623,2.033316256758894,2.033316256758894,1763.9007918439254,1716.432476287191,1417.3270908763561,1303.5190597516478,877.9594980851423,877.9594980851423,193.05922507720348,19.30592250772035,7957.098414929405
57.300000000000004,0.0,0.0,0.0,1.0209589355571742,11.735262341970188,-9.881324288463468,-15.0,0.0,0.0,-12.0,18.315927400945654,-10.017843819935406,11.328775989469802,-3.0306924084595614,-7.499999999999999,-7.499999999999999,77.59905063100956,31.38877904036785,37.747441595433656,5.223069797895539,20.33316256758894,20.33316256758894,7.759905063100956,3.1388779040367853,3.7747441595433657,0.5223069797895539,2.033316256758894,2.033316256758894,1771.6606969070262,1719.5713541912278,1421.1018350358995,1304.0413667314374,879.9928143419012,879.9928143419012,192.6246661998845,19.262466619988448,7976.3608815493935
57.400000000000006,0.0,0.0,0.0,1.0141502424229576,11.499699330002985,-9.794844690893319,-15.0,0.0,0.0,-12.0,18.202068144428218,-10.070552766576707,11.276067042828501,-3.1445516649769987,-7.499999999999999,-7.499999999999999,76.87659541255593,31.63683299115417,37.48430922040794,5.520153313248672,20.33316256758894,20.33316256758894,7.687659541255593,3.163683299115417,3.748430922040794,0.5520153313248672,2.033316256758894,2.033316256758894,1779.348356448282,1722.7350374903433,1424.8502659579403,1304.5933820627622,882.0261305986601,882.0261305986601,192.1842160725446,19.21842160725446,7995.579303156648
57.5,0.0,0.0,0.0,1.007060620616101,11.261548934200553,-9.69955039423356,-15.0,0.0,0.0,-12.0,18.084177642832877,-10.121060024795527,11.22555978460968,-3.262442166572338,-7.499999999999999,-7.499999999999999,76.13093868155049,31.87513542834022,37.23274436961902,5.833474050989031,20.33316256758894,20.33316256758894,7.613093868155049,3.187513542834022,3.723274436961902,0.583347405098903,2.033316256758894,2.033316256758894,1786.961450316437,1725.9225510331773,1428.5735403949022,1305.1767294678612,884.059446855419,884.059446855419,191.73861766567663,19.173861766567665,8014.753164923216
57.6,0.0,0.0,0.0,0.9996896582839443,11.020864737397197,-9.595527156918989,-15.0,0.0,0.0,12.0,-3.3843146486674325,11.177242839020687,-10.169376970384521,17.962305160737785,-7.499999999999997,-7.499999999999997,6.16338274910172,36.99261799542097,32.10366077098567,75.36264688490556,20.333162567588925,20.333162567588925,0.616338274910172,3.6992617995420973,3.210366077098567,7.536264688490556,2.0333162567588925,2.0333162567588925,1787.5777885913474,1729.6218128327193,1431.7839064720008,1312.7129941563517,886.0927631121779,886.0927631121779,191.28863353559174,19.128863353559176,8033.882028276775
57.7,0.0,0.0,0.0,0.9920375127345454,10.777700892521882,-9.482868592841854,-15.0,0.0,0.0,12.0,-3.5101168678016386,11.131102254504164,-10.215517554901044,17.836502941603577,-7.499999999999997,-7.499999999999997,6.51021606404684,36.76379166786719,32.32239992727304,74.57231107283151,20.333162567588925,20.333162567588925,0.651021606404684,3.676379166786719,3.2322399927273042,7.457231107283151,2.0333162567588925,2.0333162567588925,1788.228810197752,1733.2981919995061,1435.016146464728,1320.1702252636348,888.1260793689368,888.1260793689368,190.83504386719642,19.083504386719646,8052.965532663496
57.800000000000004,0.0,0.0,0.0,0.9841049273873922,10.532112110413806,-9.36167608710558,-15.0,0.0,0.0,12.0,-3.639793635725175,11.087121529215734,-10.259498280189474,17.706826173680042,-7.499999999999997,-7.499999999999997,6.8742952291919055,36.54611780540143,32.53136019969627,73.76054613848494,20.333162567588925,20.333162567588925,0.6874295229191906,3.6546117805401432,3.2531360199696273,7.376054613848495,2.0333162567588925,2.0333162567588925,1788.9162397206712,1736.9528037800462,1438.2692824846977,1327.5462798774834,890.1593956256957,890.1593956256957,190.3786445079524,19.03786445079524,8072.00339711429
57.900000000000006,0.0,0.0,0.0,0.9758932490502079,10.284153647512902,-9.232058704785086,-15.0,0.0,0.0,12.0,-3.773286856009322,11.04528163893006,-10.301338170475148,17.573332953395894,-7.499999999999997,-7.499999999999997,7.25592478184213,36.339439896980075,32.7305651609488,72.92799001885662,20.333162567588925,20.333162567588925,0.725592478184213,3.6339439896980075,3.27305651609488,7.292799001885662,2.0333162567588925,2.0333162567588925,1789.6418321988554,1740.5867477697443,1441.5423390007925,1334.839078879369,892.1927118824545,892.1927118824545,189.92024499380545,18.99202449938055,8090.99542161367
58.0,0.0,0.0,0.0,0.9674044456404199,10.033881293427285,-9.094133092775573,-15.0,0.0,0.0,12.0,-3.9105355631436676,11.005561067346944,-10.341058742058264,17.436084246261547,-7.499999999999997,-7.499999999999997,7.655391357825416,36.143592715670124,32.92005450119729,72.07530285814123,20.333162567588925,20.333162567588925,0.7655391357825416,3.6143592715670128,3.2920054501197296,7.207530285814123,2.0333162567588925,2.0333162567588925,1790.407371334638,1744.2011070413114,1444.834344450912,1342.046609165183,894.2260281392134,894.2260281392134,189.4606665680119,18.946066656801193,8109.941488270472
58.1,0.0,0.0,0.0,0.9586411244777597,9.781351358380736,-8.94802337481811,-15.0,0.0,0.0,12.0,-4.051475964088162,10.967935838767426,-10.378683970637782,17.295143845317057,-7.499999999999997,-7.499999999999997,8.07296255255802,35.958402523866674,33.09988384748681,71.20316613490236,20.333162567588925,20.333162567588925,0.807296255255802,3.5958402523866675,3.309988384748681,7.120316613490236,2.0333162567588925,2.0333162567588925,1791.2146675898937,1747.7969472936982,1448.1443328356609,1349.1669257786734,896.2593443959723,896.2593443959723,189.0007401939917,18.90007401939917,8128.841562289871
58.2,0.0,0.0,0.0,0.9496065512827101,9.526620660543319,-8.79386103979677,-15.0,0.0,0.0,12.0,-4.196041482245343,10.932379553107387,-10.414240256297822,17.150578327159874,-7.499999999999997,-7.499999999999997,8.508885847529763,35.78368727036709,33.27012455608314,70.31228175441719,20.333162567588925,20.333162567588925,0.8508885847529764,3.5783687270367093,3.327012455608314,7.0312281754417185,2.0333162567588925,2.0333162567588925,1792.0655561746466,1751.3753160207348,1451.4713452912692,1356.1981539541152,898.2926606527312,898.2926606527312,188.541304563575,18.854130456357503,8147.695692746227
58.300000000000004,0.0,0.0,0.0,0.9403046700240196,9.269746513247405,-8.631784823407425,-15.0,0.0,0.0,12.0,-4.344162803816551,10.898863423214141,-10.447756386191067,17.002457005588667,-7.499999999999997,-7.499999999999997,8.963387601193432,35.619256779631066,33.4308634786146,69.40337110764929,20.333162567588925,20.333162567588925,0.8963387601193432,3.5619256779631066,3.34308634786146,6.940337110764929,2.0333162567588925,2.0333162567588925,1792.961894934766,1754.9372416986978,1454.8144316391308,1363.13849106488,900.3259769094901,900.3259769094901,188.08320410226622,18.808320410226628,8166.504013156456
58.400000000000006,0.0,0.0,0.0,0.9307401237673019,9.010786712092495,-8.461940583305033,-15.0,0.0,0.0,12.0,-4.495767926503169,10.867356314449403,-10.479263494955806,16.85085188290205,-7.499999999999997,-7.499999999999997,9.436672103304506,35.46491293364405,33.58220270292919,68.47717409836402,20.333162567588925,20.333162567588925,0.9436672103304506,3.5464912933644053,3.358220270292919,6.847717409836402,2.0333162567588925,2.0333162567588925,1793.9055621450964,1758.4837329920622,1458.1726519094238,1369.9862084747165,902.359293166249,902.359293166249,187.6272869734196,18.762728697341963,8185.266741853797
58.5,0.0,0.0,0.0,0.9209182766855502,8.749799521941302,-8.284481167841498,-15.0,0.0,0.0,12.0,-4.650782210512367,10.83782478649987,-10.508795022905339,16.69583759889285,-7.499999999999997,-7.499999999999997,9.928920691833431,35.3204498468848,33.72425926963528,67.53444813996164,20.333162567588925,20.333162567588925,0.9928920691833432,3.53204498468848,3.3724259269635284,6.753444813996165,2.0333162567588925,2.0333162567588925,1794.8984542142798,1762.0157779767508,1461.5450778363875,1376.7396532887126,904.3926094230079,904.3926094230079,187.17440308349296,18.717440308349303,8203.984182162147
58.6,0.0,0.0,0.0,0.9108452374011402,8.486843663810646,-8.099566278512627,-15.0,0.0,0.0,12.0,-4.809128431824227,10.810233137374816,-10.536386672030392,16.53749137758099,-7.499999999999997,-7.499999999999997,10.44029093164994,35.18565403497739,33.85716486534133,66.57596712366355,20.333162567588925,20.333162567588925,1.044029093164994,3.518565403497739,3.3857164865341334,6.657596712366355,2.0333162567588925,2.0333162567588925,1795.9424833074447,1765.5343433802484,1464.9307943229217,1383.3972500010789,906.4259256797668,906.4259256797668,186.72540209081004,18.672540209081006,8222.656722371226
58.7,0.0,0.0,0.0,0.9005278838371509,8.221978301659203,-7.907362326237397,-15.0,0.0,0.0,12.0,-4.970726837675921,10.784543449547792,-10.562076359857416,16.375892971729296,-7.499999999999997,-7.499999999999997,10.97091585425987,35.060304577679965,33.98106549365728,65.60252035973849,20.333162567588925,20.333162567588925,1.097091585425987,3.506030457767997,3.3981065493657283,6.56025203597385,2.0333162567588925,2.0333162567588925,1797.0395748928706,1769.0403738380164,1468.3289008722875,1389.9575020370528,908.4592419365257,908.4592419365257,186.28113142051345,18.628113142051347,8241.28483551328
58.800000000000004,0.0,0.0,0.0,0.8899738897633988,7.955263029076097,-7.708042281599498,-15.0,0.0,0.0,12.0,-5.135495204215619,10.760715638197958,-10.58590417120725,16.2111246051896,-7.499999999999997,-7.499999999999997,11.52090325794615,34.94417327693189,34.09612112506101,64.61491149351467,20.333162567588925,20.333162567588925,1.1520903257946151,3.4944173276931894,3.4096121125061014,6.461491149351467,2.0333162567588925,2.0333162567588925,1798.1916652186653,1772.5347911657095,1471.7385129847935,1396.4189931864044,910.4925581932846,910.4925581932846,185.84243428863155,18.58424342886316,8259.869078942142
58.900000000000006,0.0,0.0,0.0,0.8791917532286969,7.686757855872463,-7.501785519185406,-15.0,0.0,0.0,12.0,-5.303348896277892,10.738707501504273,-10.607912307900936,16.043270913127326,-7.499999999999997,-7.499999999999997,12.09033506773672,34.837024810739635,34.20250532677402,63.61395739796623,20.333162567588925,20.333162567588925,1.2090335067736722,3.483702481073964,3.4202505326774024,6.361395739796624,2.0333162567588925,2.0333162567588925,1799.400698725439,1776.0184936467836,1475.1587635174708,1402.7803889262009,912.5258744500435,912.5258744500435,185.41014773839444,18.54101477383945,8278.410093715982
59.0,0.0,0.0,0.0,0.868190827075062,7.4165231945795576,-7.2887776561594055,-15.0,0.0,0.0,12.0,-5.474200929229693,10.718474772944212,-10.628145036460996,15.872418880175523,-7.499999999999997,-7.499999999999997,12.67926675467908,34.738616883737876,34.30040487382516,62.600487044714534,20.333162567588925,20.333162567588925,1.2679266754679082,3.4738616883737876,3.430040487382516,6.260048704471454,2.0333162567588925,2.0333162567588925,1800.6686254009069,1779.4923553351573,1478.5888040048533,1409.0404376306724,914.5591907068024,914.5591907068024,184.98510069213447,18.498510069213452,8296.908603785196
59.1,0.0,0.0,0.0,0.8569813517308036,7.14461984685606,-7.069210385220565,-15.0,0.0,0.0,12.0,-5.6479620328347355,10.699971175546645,-10.646648633858563,15.69865777657048,-7.499999999999997,-7.499999999999997,13.287726813953194,34.64870037530763,34.3900193425142,61.57534035532382,20.333162567588925,20.333162567588925,1.3287726813953196,3.464870037530763,3.4390019342514204,6.157534035532382,2.0333162567588925,2.0333162567588925,1801.9973980823022,1782.957225372688,1482.0278059391046,1415.1979716662047,916.5925069635613,916.5925069635613,184.56811202227667,18.45681120222767,8315.365414987422
59.2,0.0,0.0,0.0,0.8455744904766396,6.8711089898081585,-6.843281302092411,-15.0,0.0,0.0,12.0,-5.824540717081683,10.683148478046878,-10.66347133135833,15.522079092323533,-7.499999999999997,-7.499999999999997,13.915716301392786,34.56701948617405,34.47156068751531,60.53936703481329,20.333162567588925,20.333162567588925,1.3915716301392786,3.456701948617405,3.447156068751531,6.053936703481329,2.0333162567588925,2.0333162567588925,1803.3889697124414,1786.4139273213054,1485.4749620078562,1421.2519083696861,918.6258232203202,918.6258232203202,184.15998864507327,18.41599886450733,8333.78141385193
59.300000000000004,0.0,0.0,0.0,0.8339823673705362,6.596052162224858,-6.6111937277000346,-15.0,0.0,0.0,12.0,-6.00384333992058,10.667956552889963,-10.678663256515245,15.342776469484635,-7.499999999999997,-7.499999999999997,14.563208428017742,34.49331188443704,34.54525280388605,59.49342538934039,20.333162567588925,20.333162567588925,1.4563208428017742,3.449331188443704,3.454525280388605,5.949342538934039,2.0333162567588925,2.0333162567588925,1804.845290555243,1789.8632585097491,1488.929487288245,1427.20125090862,920.6591394770791,920.6591394770791,183.76152364085905,18.37615236408591,8352.157566216016
59.400000000000006,0.0,0.0,0.0,0.8222181080011842,6.31951125073191,-6.373156525194888,-15.0,0.0,0.0,12.0,-6.1857741768497,10.654343436026911,-10.692276373378297,15.160845632555517,-7.499999999999997,-7.499999999999997,15.230148212198795,34.4273088520132,34.6113310752678,58.4383811300452,20.333162567588925,20.333162567588925,1.5230148212198795,3.44273088520132,3.46113310752678,5.84383811300452,2.0333162567588925,2.0333162567588925,1806.368305376463,1793.3059893949505,1492.3906203957717,1433.0450890216246,922.692455733838,922.692455733838,183.37349440470283,18.337349440470284,8370.494915656487
59.5,0.0,0.0,0.0,0.8102958832143936,6.04154847586782,-6.129383911992255,-15.0,0.0,0.0,12.0,-6.370235492293187,10.642255388446571,-10.704364420958637,14.97638431711203,-7.499999999999997,-7.499999999999997,15.916452189085785,34.3687354324825,34.67004190958158,57.37510616507503,20.333162567588925,20.333162567588925,1.5916452189085786,3.4368735432482502,3.467004190958158,5.737510616507503,2.0333162567588925,2.0333162567588925,1807.9599505953715,1796.7428629381989,1495.8576245867298,1438.782599638132,924.7257719905969,924.7257719905969,182.99666083140272,18.299666083140274,8388.794581739625
59.6,0.0,0.0,0.0,0.7982309559182874,5.762226378084216,-5.8800952669898034,-15.0,0.0,0.0,12.0,-6.557127612709225,10.63163695938457,-10.714982850020638,14.789492196695992,-7.499999999999997,-7.499999999999997,16.622008176935474,34.31731058134238,34.721642263535806,56.304477381829436,20.333162567588925,20.333162567588925,1.6622008176935474,3.4317310581342384,3.4721642263535806,5.630447738182944,2.0333162567588925,2.0333162567588925,1809.622151413065,1800.1745939963332,1499.3297888130833,1444.413047376315,926.7590882473557,926.7590882473557,182.63176353882093,18.263176353882095,8407.057758093508
59.7,0.0,0.0,0.0,0.7860397310185709,5.481607803674754,-5.625514933141583,-15.0,0.0,0.0,12.0,-6.746349001365548,10.62243105114906,-10.724188758256147,14.600270808039669,-7.499999999999997,-7.499999999999997,17.346675099963093,34.27274731967173,34.76639915727183,55.22737542149401,20.333162567588925,20.333162567588925,1.7346675099963094,3.4272747319671732,3.476639915727183,5.522737542149401,2.0333162567588925,2.0333162567588925,1811.3568189230614,1803.6018687283004,1502.8064287288105,1449.9357849184644,928.7924045041146,928.7924045041146,182.2795221335785,18.227952213357852,8425.285710306865
59.800000000000004,0.0,0.0,0.0,0.7737398084596682,5.199755890634825,-5.365872015564401,-15.0,0.0,0.0,12.0,-6.937796334718959,10.614578985501536,-10.732040823903672,14.408823474686258,-7.499999999999997,-7.499999999999997,18.090282867331357,34.23475289219987,34.80458918047809,54.14468344794206,20.333162567588925,20.333162567588925,1.8090282867331358,3.4234752892199873,3.480458918047809,5.414468344794206,2.0333162567588925,2.0333162567588925,1813.1658472097945,1807.0253440175204,1506.2868876468583,1455.3502532632585,930.8257207608735,930.8257207608735,181.9406335231292,18.194063352312924,8443.479773659179
59.900000000000006,0.0,0.0,0.0,0.7613500392461642,4.91673405445581,-5.101400175358707,-15.0,0.0,0.0,12.0,-7.131364580333148,10.608020571529675,-10.738599237875533,14.215255229072069,-7.499999999999997,-7.499999999999997,18.85263230786489,34.20302893076117,34.836497991304334,53.05728591310279,20.333162567588925,20.333162567588925,1.8852632307864892,3.4203028930761175,3.4836497991304336,5.305728591310279,2.0333162567588925,2.0333162567588925,1815.051110440581,1810.4456469105965,1509.7705374459888,1460.6559818545688,932.8590370176324,932.8590370176324,181.61577027821102,18.161577027821103,8461.641350687
60.0,0.0,0.0,0.0,0.7488905841852904,4.63260597385689,-4.832337419329402,-15.0,0.0,0.0,12.0,-7.326947076268187,10.6026941749477,-10.743925634457508,14.01967273313703,-7.499999999999997,-7.499999999999997,19.633495160050547,34.17727162409331,34.86241980940332,51.966067320901836,20.333162567588925,20.333162567588925,1.9633495160050547,3.417727162409331,3.486241980940332,5.196606732090184,2.0333162567588925,2.0333162567588925,1817.014459956586,1813.8633740730058,1513.2567794269291,1465.852588586659,934.8923532743913,934.8923532743913,181.30557904962683,18.130557904962693,8479.771908591963
60.1,0.0,0.0,0.0,0.7363829749179535,4.34743557645748,-4.558925885795659,-15.0,0.0,0.0,12.0,-7.524435611873741,10.59853678875847,-10.748083020646739,13.822184197531476,-7.499999999999997,-7.499999999999997,20.43261411684901,34.15717189490758,34.88265690442054,50.87191099188677,20.333162567588925,20.333162567588925,2.043261411684901,3.415717189490758,3.4882656904420544,5.0871910991886775,2.0333162567588925,2.0333162567588925,1819.057721368271,1817.2790912624966,1516.745045117371,1470.9397796858477,936.9256695311502,936.9256695311502,181.01067904324174,18.101067904324175,8497.872976496286
60.2,0.0,0.0,0.0,0.7238501765847484,4.061287024394006,-4.281411626683002,-15.0,0.0,0.0,12.0,-7.723720509916399,10.595484105210334,-10.751135704194875,13.62289929948882,-7.499999999999997,-7.499999999999997,21.249702924800904,34.14241558512435,34.89751908123876,49.77569783065542,20.333162567588925,20.333162567588925,2.1249702924800906,3.414241558512435,3.4897519081238766,4.977569783065542,2.0333162567588925,2.0333162567588925,1821.182691660751,1820.693332821009,1520.234797025495,1475.9173494689132,938.9589857879091,938.9589857879091,180.73166055699727,18.07316605569973,8515.946142551988
60.300000000000004,0.0,0.0,0.0,0.7113166511951847,3.7742246998834346,-4.000044386092908,-15.0,0.0,0.0,12.0,-7.924690709971198,10.593470588980534,-10.753149220424675,13.421929099434019,-7.499999999999997,-7.499999999999997,22.084446536869045,34.132683650123184,34.90732316326872,48.678305098197775,20.333162567588925,20.333162567588925,2.2084446536869047,3.4132683650123186,3.490732316326872,4.867830509819778,2.0333162567588925,2.0333162567588925,1823.391136314438,1824.1066011860214,1523.7255293418218,1480.785179978733,940.992302044668,940.992302044668,180.46908358363655,18.04690835836366,8533.99305091035
60.400000000000006,0.0,0.0,0.0,0.6988084204234919,3.486313190737782,-3.7150773755502295,-15.0,0.0,0.0,12.0,-8.127233853005063,10.592429551515856,-10.754190257889352,13.219385956400153,-7.499999999999997,-7.499999999999997,22.93650131840392,34.127652362809584,34.91239247505563,47.58060519126575,20.333162567588925,20.333162567588925,2.293650131840392,3.4127652362809586,3.4912392475055634,4.758060519126575,2.0333162567588925,2.0333162567588925,1825.6847864462784,1827.5193664223023,1527.2167685893273,1485.5432404978594,943.0256183014269,943.0256183014269,180.22347648271273,18.02234764827127,8552.01539855862
60.5,0.0,0.0,0.0,0.6863531261327368,3.1976172758320205,-3.426767046129787,-15.0,0.0,0.0,12.0,-8.331236367080084,10.592293226460157,-10.754326582945051,13.015383442325133,-7.499999999999997,-7.499999999999997,23.80549530557194,34.12699352824516,34.91305632544573,46.483464430867585,20.333162567588925,20.333162567588925,2.3805495305571944,3.412699352824516,3.4913056325445733,4.6483464430867585,2.0333162567588925,2.0333162567588925,1828.0653359768355,1830.9320657751268,1530.7080742218718,1490.191586940946,945.0589345581858,945.0589345581858,179.99533472530823,17.99953347253083,8570.014932031152
60.6,0.0,0.0,0.0,0.6739800864220691,2.9082019105290096,-3.1353728576676327,-15.0,0.0,0.0,12.0,-8.536583554102725,10.592992846097458,-10.75362696330775,12.810036255302492,-7.499999999999997,-7.499999999999997,24.69102851552632,34.13037470952996,34.9096494925274,45.38774186197755,20.333162567588925,20.333162567588925,2.4691028515526323,3.4130374709529963,3.4909649492527404,4.538774186197755,2.0333162567588925,2.0333162567588925,1830.5344388283881,1834.3451032460798,1534.1990391711245,1494.7303611271439,947.0922508149447,947.0922508149447,179.78511971473907,17.97851197147391,8587.993444002626
60.7,0.0,0.0,0.0,0.6617203443929504,2.618132212065014,-2.841157045264895,-15.0,0.0,0.0,12.0,-8.743159677544181,10.594458718738284,-10.752161090666924,12.603460131861036,-7.499999999999997,-7.499999999999997,25.592673307542405,34.137459465560674,34.902511711527396,44.294288066533696,20.333162567588925,20.333162567588925,2.5592673307542406,3.413745946556068,3.4902511711527398,4.42942880665337,2.0333162567588925,2.0333162567588925,1833.0937061591424,1837.7588491926358,1537.6892903422772,1499.1597899337971,949.1255670717036,949.1255670717036,179.59325768634199,17.9593257686342,8605.95276977126
60.800000000000004,0.0,0.0,0.0,0.6496067061371126,2.3274734448984664,-2.544384383293765,-15.0,0.0,0.0,12.0,-8.95084805105686,10.596620306976176,-10.749999502429032,12.395771758348356,-7.499999999999997,-7.499999999999997,26.5099747942811,34.147907601220915,34.891987166803865,43.203943991774636,20.333162567588925,20.333162567588925,2.65099747942811,3.4147907601220915,3.4891987166803866,4.320394399177464,2.0333162567588925,2.0333162567588925,1835.7447036385704,1841.1736399527579,1541.1784890589577,1503.4801843329747,951.1588833284625,951.1588833284625,179.42013868925835,17.942013868925837,8623.894783640186
60.900000000000006,0.0,0.0,0.0,0.6376737636668659,2.036291006025807,-2.2453219471185015,-15.0,0.0,0.0,12.0,-9.159531127910356,10.599406306740377,-10.747213502664831,12.187088681494862,-7.499999999999997,-7.499999999999997,27.442451302278588,34.16137543048798,34.87842398903598,42.11753979594633,20.333162567588925,20.333162567588925,2.744245130227859,3.416137543048798,3.4878423989035983,4.211753979594633,2.0333162567588925,2.0333162567588925,1838.4889487687983,1844.5897774958066,1544.6663314578614,1507.6919383125694,953.1921995852214,953.1921995852214,179.26611565292671,17.926611565292674,8641.82139520548
61.0,0.0,0.0,0.0,0.6259578976528931,1.7446504102672948,-1.9442388727454796,-15.0,0.0,0.0,12.0,-9.369090591170249,10.602744727070142,-10.743875082335066,11.977529218234968,-7.499999999999997,-7.499999999999997,28.389594880700162,34.17751605286547,34.86217375866242,41.03589371338004,20.333162567588925,20.333162567588925,2.8389594880700164,3.417751605286547,3.4862173758662425,4.103589371338004,2.0333162567588925,2.0333162567588925,1841.3279082568683,1848.0075291010933,1548.1525488337277,1511.7955276839075,955.2255158419803,955.2255158419803,179.13150354078593,17.913150354078596,8659.734545559557
61.1,0.0,0.0,0.0,0.6144972539371656,1.4526172755266957,-1.6414061146192094,-15.0,0.0,0.0,12.0,-9.579407444541626,10.606562970535276,-10.740056838869933,11.76721236486359,-7.499999999999997,-7.499999999999997,29.350871857328418,34.19597964347349,34.84359101657113,39.95981094091643,20.333162567588925,20.333162567588925,2.9350871857328418,3.4195979643473495,3.4843591016571134,3.995981094091643,2.0333162567588925,2.0333162567588925,1844.262995442601,1851.4271270654406,1551.636907935385,1515.791508777999,957.2588320987392,957.2588320987392,179.01657859346727,17.901657859346734,8677.636203418904
61.2,0.0,0.0,0.0,0.6033316869005587,1.1563897836671604,-1.337096201781335,-15.0,0.0,0.0,12.0,-9.79172948015048,10.609420537876371,-10.737199271528837,11.554890329254738,-7.499999999999997,-7.499999999999997,30.332076850985864,34.20979993986403,34.8296858828248,38.883180338334654,20.333162567588925,20.333162567588925,3.0332076850985867,3.420979993986403,3.48296858828248,3.8883180338334657,2.0333162567588925,2.0333162567588925,1847.2962031276998,1854.8481070594269,1555.1198765236675,1519.6798268118325,959.2921483554981,959.2921483554981,178.92106814718719,17.892106814718723,8695.528310233623
61.300000000000004,0.0,0.0,0.0,0.5925026619638142,0.861852045611444,-1.0281443826377663,-15.0,0.0,0.0,12.0,-10.00509525928592,10.614516685117266,-10.732103124287942,11.341524550119297,-7.499999999999997,-7.499999999999997,31.32888075933629,34.23445149044848,34.80489224619449,37.81117675633574,20.333162567588925,20.333162567588925,3.132888075933629,3.423445149044848,3.480489224619449,3.781117675633574,2.0333162567588925,2.0333162567588925,1850.4290912036333,1858.2715522084718,1558.600365748287,1523.4609444874661,961.325464612257,961.325464612257,178.84572638749285,17.884572638749283,8713.412882872371
61.400000000000006,0.0,0.0,0.0,0.5820531088942906,0.5690718519997175,-0.7203071521921546,-15.0,0.0,0.0,12.0,-10.21744558601079,10.619840151542174,-10.726779657863034,11.129174223394427,-7.499999999999997,-7.499999999999997,32.33155093689254,34.260208970543516,34.778998948107926,36.75424023311776,20.333162567588925,20.333162567588925,3.233155093689254,3.426020897054352,3.477899894810793,3.6754240233117765,2.0333162567588925,2.0333162567588925,1853.6622462973226,1861.697573105526,1562.078265643098,1527.1363685107779,963.3587808690158,963.3587808690158,178.79132422383958,17.87913242238396,8731.292015294755
61.5,0.0,0.0,0.0,0.5720272173204248,0.2781161589623916,-0.41386681295155797,-15.0,0.0,0.0,12.0,-10.428656978749618,10.625314800709479,-10.72130500869573,10.917962830655599,-7.499999999999997,-7.499999999999997,33.33923359790254,34.28670467939068,34.75237699899118,35.712927738336255,20.333162567588925,20.333162567588925,3.3339233597902544,3.4286704679390683,3.475237699899118,3.5712927738336258,2.0333162567588925,2.0333162567588925,1856.996169657113,1865.1262435734652,1565.553503342997,1530.7076612846115,965.3920971257747,965.3920971257747,178.7575681497985,17.87575681497985,8749.167772109735
61.6,0.0,0.0,0.0,0.5624701660924081,-0.010948927188274109,-0.10910256984605197,-15.0,0.0,0.0,12.0,-10.638607351541868,10.630865290880319,-10.71575451852489,10.708012457863349,-7.499999999999997,-7.499999999999997,34.35106516445895,34.31357440591172,34.725393190698725,34.68776669397526,20.333162567588925,20.333162567588925,3.435106516445895,3.4313574405911726,3.4725393190698726,3.4687766693975264,2.0333162567588925,2.0333162567588925,1860.4312761735587,1868.5576010140564,1569.0260426620669,1534.176437954009,967.4254133825336,967.4254133825336,178.7441245902225,17.874412459022253,8767.042184568758
61.7,0.0,0.0,0.0,0.5534277790653035,-0.2980581649761663,0.19370972412279544,-15.0,0.0,0.0,12.0,-10.847176109278442,10.636417159635771,-10.710202649769437,10.499443700126776,-7.499999999999997,-7.499999999999997,35.366173620482684,34.34045782412966,34.6984096705568,33.679254642787875,20.333162567588925,20.333162567588925,3.5366173620482684,3.4340457824129658,3.46984096705568,3.3679254642787875,2.0333162567588925,2.0333162567588925,1863.967893535607,1871.9916467964695,1572.4958836291225,1537.544363418288,969.4587296392925,969.4587296392925,178.75062089313485,17.875062089313488,8784.917246658073
61.800000000000004,0.0,0.0,0.0,0.5449461017172769,-0.5831471924861605,0.49429781755818125,-15.0,0.0,0.0,12.0,-11.054244241181587,10.641896906944721,-10.704722902460487,10.29237556822363,-7.499999999999997,-7.499999999999997,36.38367987451647,34.366998894734074,34.67178353649087,32.68785897813155,20.333162567588925,20.333162567588925,3.638367987451647,3.4366998894734078,3.4671783536490874,3.268785897813155,2.0333162567588925,2.0333162567588925,1867.6062615230585,1875.4283466859429,1575.9630619827717,1540.813149316101,971.4920458960514,971.4920458960514,178.7766464190508,17.87766464190508,8802.794911299978
61.900000000000006,0.0,0.0,0.0,0.5370708959225454,-0.8661525417921897,0.7923933054427706,-15.0,0.0,0.0,12.0,-11.25969441244692,10.647232076603695,-10.699387732801513,10.086925396958296,-7.499999999999997,-7.499999999999997,37.40269912876339,34.39284627184182,34.645866453100865,31.714016735574194,20.333162567588925,20.333162567588925,3.740269912876339,3.439284627184182,3.464586645310087,3.1714016735574195,2.0333162567588925,2.0333162567588925,1871.3465314359348,1878.867631313127,1579.427648628082,1543.9845509896586,973.5253621528103,973.5253621528103,178.8217537244581,17.88217537244581,8820.677086672422
62.0,0.0,0.0,0.0,0.5298470542792275,-1.1470116530849408,1.0877318687914104,-15.0,0.0,0.0,12.0,-11.463411053968343,10.652351335971986,-10.694268473433223,9.883208755436874,-7.499999999999997,-7.499999999999997,38.42234225181018,34.417653713944354,34.62100428846586,30.758134446541682,20.333162567588925,20.333162567588925,3.842234225181018,3.4417653713944354,3.462100428846586,3.0758134446541683,2.0333162567588925,2.0333162567588925,1875.188765661116,1882.3093966845215,1582.8897490569284,1547.0603644343128,975.5586784095692,975.5586784095692,178.88545983593988,17.888545983593993,8838.565632656017
62.1,0.0,0.0,0.0,0.5233179406302779,-1.4354950463486076,1.389538412810476,-15.0,0.0,0.0,12.0,-11.672110062727745,10.657061781094944,-10.689558028310264,9.674509746677472,-7.499999999999997,-7.499999999999997,39.476359835312934,34.44048534780498,34.598132824824035,29.789038626583796,20.333162567588925,20.333162567588925,3.9476359835312937,3.444048534780498,3.4598132824824037,2.9789038626583797,2.0333162567588925,2.0333162567588925,1879.136401644647,1885.753445219302,1586.3495623394108,1550.0392682969712,977.5919946663281,977.5919946663281,178.97034176970357,17.897034176970358,8856.462666832987
62.2,0.0,0.0,0.0,0.5175246696228273,-1.7256032694355206,1.6921248837247338,-15.0,0.0,0.0,12.0,-11.881659281378502,10.661473507922965,-10.685146301482243,9.464960528026715,-7.499999999999997,-7.499999999999997,40.54419476165494,34.46187366385628,34.57671635085974,28.826455748310803,20.333162567588925,20.333162567588925,4.054419476165495,3.446187366385628,3.4576716350859744,2.8826455748310806,2.0333162567588925,2.0333162567588925,1883.1908211208126,1889.1996325856876,1589.8072339744967,1552.9219138718022,979.625310923087,979.625310923087,179.0755656598596,17.907556565985963,8874.370223398973
62.300000000000004,0.0,0.0,0.0,0.5125053449257118,-2.0172686180252324,1.9952095266620662,-15.0,0.0,0.0,12.0,-12.091935157438208,10.665510838157747,-10.681108971247461,9.254684651967008,-7.499999999999997,-7.499999999999997,41.62524016623104,34.48145076108067,34.55712123755886,27.87118765304039,20.333162567588925,20.333162567588925,4.162524016623104,3.4481450761080676,3.455712123755886,2.7871187653040392,2.0333162567588925,2.0333162567588925,1887.3533451374358,1892.6477776617958,1593.2629460982525,1555.7090326371062,981.6586271798459,981.6586271798459,179.2013249530888,17.92013249530888,8892.290355894282
62.400000000000006,0.0,0.0,0.0,0.5082942824398374,-2.310422599748569,2.2985083196923863,-15.0,0.0,0.0,12.0,-12.302813058281131,10.66909757059226,-10.677522238812948,9.043806751124087,-7.499999999999997,-7.499999999999997,42.71886203645029,34.49884600875381,34.53971619910343,26.924022724509463,20.333162567588925,20.333162567588925,4.271886203645029,3.449884600875381,3.453971619910343,2.6924022724509467,2.0333162567588925,2.0333162567588925,1891.6252313410807,1896.097662262671,1596.716917718163,1558.401434909557,983.6919434366048,983.6919434366048,179.3477721039948,17.934777210399485,8910.225133104681
62.5,0.0,0.0,0.0,0.5049212506723668,-2.6049959502435773,2.6017352395670006,-15.0,0.0,0.0,12.0,-12.514167370767886,10.672157069387154,-10.674462740018054,8.83245243863733,-7.499999999999997,-7.499999999999997,43.824399767563484,34.51368654380652,34.52487193362434,25.985734632735614,20.333162567588925,20.333162567588925,4.382439976756348,3.4513686543806523,3.452487193362434,2.5985734632735618,2.0333162567588925,2.0333162567588925,1896.007671317837,1899.5490309170518,1600.1694049115254,1561.0000083728307,985.7252596933637,985.7252596933637,179.51501801290777,17.95150180129078,8928.176634905973
62.6,0.0,0.0,0.0,0.502410764484741,-2.900918649483676,2.90460253088681,-15.0,0.0,0.0,12.0,-12.725871602183656,10.674612353463225,-10.672007455941984,8.620748207221562,-7.499999999999997,-7.499999999999997,44.94116677485827,34.525597787926245,34.51296077298744,25.05708109873069,20.333162567588925,20.333162567588925,4.4941166774858265,3.4525597787926245,3.4512960772987444,2.505708109873069,2.0333162567588925,2.0333162567588925,1900.501787995323,1903.0015906958445,1603.6207009888242,1563.5057164827037,987.7585759501226,987.7585759501226,179.70313156968047,17.97031315696805,8946.14694806294
62.7,0.0,0.0,0.0,0.5007814697942442,-3.1981199383736247,3.2068209784459687,-15.0,0.0,0.0,12.0,-12.937798482393763,10.676386186921867,-10.670233622483341,8.408821327011454,-7.499999999999997,-7.499999999999997,46.06845116124855,34.534203984009736,34.504356342071155,24.1388026824801,20.333162567588925,20.333162567588925,4.6068451161248545,3.453420398400974,3.450435634207116,2.4138802682480103,2.0333162567588925,2.0333162567588925,1905.1086331114477,1906.4550110942455,1607.0711366230314,1565.9195967509518,989.7918922068815,989.7918922068815,179.91213930498736,17.991213930498738,8964.138161993438
62.800000000000004,0.0,0.0,0.0,0.5000456548652713,-3.4965283356102645,3.5081001824947835,-15.0,0.0,0.0,12.0,-13.149820067124985,10.67740117040405,-10.669218639001159,8.196799742280232,-7.499999999999997,-7.499999999999997,47.205516439188465,34.53912875149102,34.49943322789999,23.231621596567,20.333162567588925,20.333162567588925,4.720551643918847,3.4539128751491024,3.4499433227899994,2.3231621596567,2.0333162567588925,2.0333162567588925,1909.8291847553667,1909.9089239693947,1610.5210799458214,1568.2427589106085,991.8252084636404,991.8252084636404,180.14202515032432,18.014202515032434,8982.152364508473
62.900000000000006,0.0,0.0,0.0,0.500208918329095,-3.7960716548030105,3.7954971793949452,-15.0,0.0,0.0,12.0,-13.357334805955519,10.673106796974269,-10.67351301243094,7.989285003449698,-7.499999999999997,-7.499999999999997,48.327324860522516,34.51829376556185,34.52026441920775,22.35501208681783,20.333162567588925,20.333162567588925,4.832732486052252,3.4518293765561854,3.452026441920775,2.235501208681783,2.0333162567588925,2.0333162567588925,1914.661917241419,1913.3607533459508,1613.973106387742,1570.4782601192903,993.8585247203993,993.8585247203993,180.38722026728777,18.038722026728784,9000.1910865352
63.0,0.0,0.0,0.0,0.5012700153008007,-4.083066799186913,4.079478485021993,-15.0,0.0,0.0,12.0,-13.559205465805801,10.67204124406308,-10.674578565342129,7.787414343599415,-7.499999999999997,-7.499999999999997,49.427016953185415,34.513124677814034,34.52543386335682,21.513098315218937,20.333162567588925,20.333162567588925,4.942701695318542,3.4513124677814035,3.452543386335682,2.151309831521894,2.0333162567588925,2.0333162567588925,1919.6046189367376,1916.8120658137323,1617.4256497740778,1572.6295699508123,995.8918409771582,995.8918409771582,180.64499894475304,18.06449989447531,9018.255586429676
63.1,0.0,0.0,0.0,0.5032208917388517,-4.369143270766341,4.359788535369091,-15.0,0.0,0.0,12.0,-13.759453341019258,10.670002506284801,-10.676617303120407,7.58716646838596,-7.499999999999997,-7.499999999999997,50.52598718933398,34.50323530675397,34.5353253546213,20.688664517171194,20.333162567588925,20.333162567588925,5.052598718933399,3.4503235306753974,3.4535325354621302,2.0688664517171196,2.0333162567588925,2.0333162567588925,1924.657217655671,1920.2623893444077,1620.8791823095398,1574.6984364025295,997.925157233917,997.925157233917,180.91953750305828,18.091953750305834,9036.347540179982
63.2,0.0,0.0,0.0,0.5060469047688889,-4.654236703542031,4.636175070311253,-15.0,0.0,0.0,12.0,-13.957966487356105,10.666924153034207,-10.679695656371,7.388653322049112,-7.499999999999997,-7.499999999999997,51.62335961605059,34.488304829647916,34.550262612952224,19.882041343423158,20.333162567588925,20.333162567588925,5.162335961605059,3.4488304829647918,3.4550262612952225,1.9882041343423158,2.0333162567588925,2.0333162567588925,1929.8195536172761,1923.7112198273724,1624.334208570835,1576.686640536872,999.9584734906759,999.9584734906759,181.21029353725172,18.121029353725177,9054.468569533708
63.300000000000004,0.0,0.0,0.0,0.5097272145411094,-4.938282952694338,4.908389360622566,-15.0,0.0,0.0,12.0,-14.154634287136712,10.662740923868615,-10.683878885536593,7.191985522268505,-7.499999999999997,-7.499999999999997,52.71825389181257,34.46801899070289,34.570564570499435,19.09353073190277,20.333162567588925,20.333162567588925,5.271825389181258,3.446801899070289,3.457056457049944,1.9093530731902773,2.0333162567588925,2.0333162567588925,1935.0913790064574,1927.1580217264427,1627.791265027885,1578.5959936100621,1001.9917897474348,1001.9917897474348,181.5166933200955,18.151669332009554,9072.620238865718
63.400000000000006,0.0,0.0,0.0,0.514235322731961,-5.22121810901548,5.176186431815628,-15.0,0.0,0.0,12.0,-14.349347533483346,10.657388802544492,-10.689231006860716,6.9972722759218735,-7.499999999999997,-7.499999999999997,53.80978651048028,34.44207061549995,34.59654516633751,18.323405719856392,20.333162567588925,20.333162567588925,5.380978651048029,3.4442070615499953,3.4596545166337513,1.8323405719856394,2.0333162567588925,2.0333162567588925,1940.4723576575054,1930.6022287879928,1631.2509195445186,1580.4283341820478,1004.0251060041937,1004.0251060041937,181.83813314735195,18.183813314735204,9090.804052180452
63.5,0.0,0.0,0.0,0.5195397251511046,-5.502978513288976,5.439325284602191,-15.0,0.0,0.0,12.0,-14.541998513348684,10.65080508987818,-10.695814719527029,6.804621296056533,-7.499999999999997,-7.499999999999997,54.89707203161051,34.41016012454859,34.628513150958796,17.57191030931461,20.333162567588925,20.333162567588925,5.489707203161052,3.441016012454859,3.4628513150958797,1.7571910309314611,2.0333162567588925,2.0333162567588925,1945.9620648606665,1934.0432448004476,1634.7137708596144,1582.1855252129792,1006.0584222609526,1006.0584222609526,182.17398075161034,18.217398075161036,9109.021450255612
63.6,0.0,0.0,0.0,0.5256046417034842,-5.783500770612465,5.697569111776021,-15.0,0.0,0.0,12.0,-14.732481089259375,10.642928475361673,-10.703691334043535,6.614138720145844,-7.499999999999997,-7.499999999999997,55.97922431497987,34.37199604468829,34.666771899734016,16.839259386482915,20.333162567588925,20.333162567588925,5.597922431497987,3.437199604468829,3.4666771899734017,1.6839259386482917,2.0333162567588925,2.0333162567588925,1951.5599872921646,1937.4804444049164,1638.1804480495878,1583.8694511516276,1008.0917385177115,1008.0917385177115,182.52357678106293,18.252357678106293,9127.27380793372
63.7,0.0,0.0,0.0,0.5323907862676899,-6.062721764661561,5.950685511323663,-15.0,0.0,0.0,12.0,-14.920690779705087,10.63369910746562,-10.712920701939588,6.42592902970013,-7.499999999999997,-7.499999999999997,57.05535775720459,34.32729551704295,34.711619234493824,16.12563869560323,20.333162567588925,20.333162567588925,5.70553577572046,3.432729551704295,3.4711619234493827,1.612563869560323,2.0333162567588925,2.0333162567588925,1957.265523067885,1940.9131739566208,1641.6516099730372,1585.4820150211879,1010.1250547744704,1010.1250547744704,182.8862363395224,18.28862363395225,9145.562431567672
63.800000000000004,0.0,0.0,0.0,0.5398561414807133,-6.340578671890523,6.198446695570335,-15.0,0.0,0.0,12.0,-15.106524838103462,10.623058662562878,-10.72356114684233,6.240094971301756,-7.499999999999997,-7.499999999999997,58.124588528337014,34.27578480021864,34.76334725234305,15.431204867795456,20.333162567588925,20.333162567588925,5.812458852833702,3.427578480021864,3.4763347252343055,1.5431204867795456,2.0333162567588925,2.0333162567588925,1963.0779819207187,1944.3407524366426,1645.1279446982714,1587.0251355079674,1012.1583710312293,1012.1583710312293,183.26125058387197,18.326125058387206,9163.88855662606
63.900000000000006,0.0,0.0,0.0,0.5479567082175423,-6.617008975667425,6.440629696173593,-15.0,0.0,0.0,12.0,-15.28988233027385,10.610950412407158,-10.73566939699805,6.0567374791313675,-7.499999999999997,-7.499999999999997,59.18603580632855,34.21719976742281,34.82224216078511,14.756085505345034,20.333162567588925,20.333162567588925,5.918603580632855,3.4217199767422812,3.482224216078511,1.4756085505345036,2.0333162567588925,2.0333162567588925,1968.9965855013515,1947.7624724133848,1648.61016891435,1588.500744058502,1014.1916872879882,1014.1916872879882,183.64788837505932,18.364788837505934,9182.253345463565
64.0,0.0,0.0,0.0,0.5566472058128173,-6.891950480340066,6.677016564779731,-15.0,0.0,0.0,12.0,-15.470664210353107,10.597319290102757,-10.749300519302452,5.875955599052113,-7.499999999999997,-7.499999999999997,60.238823007252165,34.151286396177106,34.8885841182055,14.10037932187512,20.333162567588925,20.333162567588925,6.023882300725217,3.415128639617711,3.48885841182055,1.410037932187512,2.0333162567588925,2.0333162567588925,1975.0204678020768,1951.1776010530025,1652.0990273261705,1589.9107819906897,1016.2250035447471,1016.2250035447471,184.04539797868773,18.40453979786878,9200.657885261433
64.10000000000001,0.0,0.0,0.0,0.5658817058942276,-7.165341325229862,6.9073945691626895,-15.0,0.0,0.0,12.0,-15.64877339508876,10.582111954502516,-10.764507854902693,5.697846414316458,-7.499999999999997,-7.499999999999997,61.282079009191975,34.07780124929211,34.96264707874288,13.464156338813838,20.333162567588925,20.333162567588925,6.128207900919198,3.407780124929211,3.4962647078742886,1.346415633881384,2.0333162567588925,2.0333162567588925,1981.1486757029961,1954.5853811779316,1655.5952920340449,1591.257197624571,1018.258319801506,1018.258319801506,184.45300881121864,18.445300881121867,9219.103186142554
64.2,0.0,0.0,0.0,0.575614189326715,-7.437119998550038,7.13155638466855,-15.0,0.0,0.0,12.0,-15.82411483644569,10.565276852972866,-10.781342956432342,5.522504972959526,-7.499999999999997,-7.499999999999997,62.314939367719475,33.99651194577516,35.04469864056179,12.847458138551962,20.333162567588925,20.333162567588925,6.2314939367719475,3.3996511945775163,3.5044698640561793,1.2847458138551964,2.0333162567588925,2.0333162567588925,1987.3801696397682,1957.985032372509,1659.099761898101,1592.5419434384262,1020.2916360582649,1020.2916360582649,184.86993322778622,18.486993322778623,9237.590179465333
64.3,0.0,0.0,0.0,0.5857990216565631,-7.707225351245624,7.3493002807937975,-15.0,0.0,0.0,12.0,-15.996595592464676,10.546764282466022,-10.799855526939186,5.35002421694054,-7.499999999999997,-7.499999999999997,63.33654752089908,33.90719762034703,35.13499989653577,12.250298174673276,20.333162567588925,20.333162567588925,6.333654752089909,3.3907197620347027,3.513499989653577,1.2250298174673278,2.0333162567588925,2.0333162567588925,1993.713824391858,1961.3757521345437,1662.6132618877546,1593.7669732558936,1022.3249523150238,1022.3249523150238,185.29536834763297,18.529536834763306,9256.119716300098
64.4,0.0,0.0,0.0,0.596391347274032,-7.975596610751823,7.560430302729242,-15.0,0.0,0.0,12.0,-16.16612489631219,10.526526448841127,-10.820093360564082,5.180494913093028,-7.499999999999997,-7.499999999999997,64.34605598178486,33.80964937025406,35.233805286350474,11.672662139641103,20.333162567588925,20.333162567588925,6.434605598178486,3.380964937025406,3.5233805286350477,1.1672662139641103,2.0333162567588925,2.0333162567588925,2000.1484299900364,1964.7567170715693,1666.1366424163896,1594.9342394698576,1024.3582685717827,1024.3582685717827,185.72849791320832,18.572849791320834,9274.692566091418
64.5,0.0,0.0,0.0,0.6073474061622465,-8.242173394667367,7.764756447705941,-15.0,0.0,0.0,12.0,-16.332614223462343,10.5045175243777,-10.842102285027508,5.014005585942872,-7.499999999999997,-7.499999999999997,65.34262751639677,33.70367068807631,35.34136244904598,11.11450839033261,20.333162567588925,20.333162567588925,6.534262751639678,3.370367068807631,3.534136244904598,1.111450839033261,2.0333162567588925,2.0333162567588925,2006.6826927416762,1968.1270841403768,1669.6707786612942,1596.045690308891,1026.3915848285415,1026.3915848285415,186.16849417902952,18.616849417902955,9293.30941550932
64.60000000000001,0.0,0.0,0.0,0.6186247796019245,-8.506895724340584,7.962094835985091,-15.0,0.0,0.0,12.0,-16.495977356954366,10.48069370342629,-10.865926105978918,4.85064245245085,-7.499999999999997,-7.499999999999997,66.3254363051991,33.5890778792499,35.45791207503469,10.575768431828102,20.333162567588925,20.333162567588925,6.632543630519911,3.35890778792499,3.5457912075034694,1.0575768431828103,2.0333162567588925,2.0333162567588925,2013.315236372196,1971.485991928302,1673.2165698687977,1597.1032671520738,1028.4249010853002,1028.4249010853002,186.6145198264896,18.66145198264897,9311.97086749197
64.7,0.0,0.0,0.0,0.6301825726897431,-8.769704038363956,8.152267876337083,-15.0,0.0,0.0,12.0,-16.65613045066931,10.455013256143102,-10.891606553262106,4.690489358735906,-7.499999999999997,-7.499999999999997,67.2936690861293,33.465700463044605,35.583687756655785,10.056347459895626,20.333162567588925,20.333162567588925,6.72936690861293,3.3465700463044605,3.5583687756655786,1.0056347459895627,2.0333162567588925,2.0333162567588925,2020.044603280809,1974.8325619746063,1676.7749386444632,1598.1089018980633,1030.458217342059,1030.458217342059,187.06572990090314,18.706572990090315,9330.677440482059
64.8,0.0,0.0,0.0,0.6419815421883055,-9.03053920597561,8.33510442586195,-15.0,0.0,0.0,12.0,-16.812992090573267,10.427436580256927,-10.91918322914828,4.53362771883195,-7.499999999999997,-7.499999999999997,68.24652627727357,33.33338155576259,35.71891583636031,9.556124962645296,20.333162567588925,20.333162567588925,6.824652627727358,3.3333381555762593,3.571891583636031,0.9556124962645296,2.0333162567588925,2.0333162567588925,2026.8692559085364,1978.1659001301825,1680.3468302280992,1599.064514394328,1032.4915335988178,1032.4915335988178,187.5212737672196,18.752127376721965,9349.42956785878
64.9,0.0,0.0,0.0,0.6539841782565667,-9.28934254036328,8.510439944006253,-15.0,0.0,0.0,12.0,-16.96648335387422,10.39792625081867,-10.948693558586537,4.380136455530997,-7.499999999999997,-7.499999999999997,69.18322307731418,33.19197823495476,35.863815251660554,9.074955381884513,20.333162567588925,20.333162567588925,6.918322307731419,3.319197823495476,3.586381525166056,0.9074955381884513,2.0333162567588925,2.0333162567588925,2033.7875782162678,1981.485097953678,1683.9332117532651,1599.9720099325164,1034.5248498555766,1034.5248498555766,187.98029708099185,18.798029708099186,9368.227597566882
65.0,0.0,0.0,0.0,0.666154748198972,-9.54605581186843,8.678116640638368,-15.0,0.0,0.0,12.0,-17.116527866042922,10.366447067885497,-10.980172741519711,4.2300919433622965,-7.499999999999997,-7.499999999999997,70.1029905419259,33.04136188348359,36.01859737602508,8.612668834762523,20.333162567588925,20.333162567588925,7.010299054192591,3.304136188348359,3.601859737602508,0.8612668834762524,2.0333162567588925,2.0333162567588925,2040.7978772704603,1984.7892341420263,1687.5350714908677,1600.8332768159926,1036.5581661123354,1036.5581661123354,188.44194377137492,18.844194377137498,9387.07179194402
65.10000000000001,0.0,0.0,0.0,0.678459309680182,-9.80062126108806,8.83798361804923,-15.0,0.0,0.0,12.0,-17.26305185564993,10.332966102093506,-11.013653707311702,4.0835679537552885,-7.499999999999997,-7.499999999999997,71.00507663434587,32.88141851229824,36.183465854955706,8.169071896365452,20.333162567588925,20.333162567588925,7.100507663434588,3.288141851229824,3.618346585495571,0.8169071896365452,2.0333162567588925,2.0333162567588925,2047.898384933895,1988.077375993256,1691.1534180763633,1601.6501840056292,1038.5914823690941,1038.5914823690941,188.9053580331431,18.890535803314314,9405.962327747331
65.2,0.0,0.0,0.0,0.6908657000087933,-10.052981611869976,8.989897006749832,-15.0,0.0,0.0,12.0,-17.405984206971794,10.297452738074863,-11.049167071330345,3.9406356024334217,-7.499999999999997,-7.499999999999997,71.88874724838408,32.71204906082797,36.35861643654305,7.743948444007471,20.333162567588925,20.333162567588925,7.188874724838408,3.2712049060827972,3.635861643654305,0.7743948444007471,2.0333162567588925,2.0333162567588925,2055.0872596587333,1991.348580899339,1694.7892797200177,1602.42457885003,1040.624798625853,1040.624798625853,189.3696863249404,18.936968632494043,9424.899296379826
65.3,0.0,0.0,0.0,0.7033435071946481,-10.303080084199948,9.133720094944215,-15.0,0.0,0.0,12.0,-17.545256510322975,10.259878715677122,-11.086741093728087,3.8013632990822424,-7.499999999999997,-7.499999999999997,72.75328720220647,32.53316967394243,36.544236795865714,7.3370605640478255,20.333162567588925,20.333162567588925,7.275328720220647,3.2533169673942433,3.6544236795865714,0.7337060564047826,2.0333162567588925,2.0333162567588925,2062.362588378954,1994.6018978667332,1698.4437033996044,1603.1582849064348,1042.6581148826117,1042.6581148826117,189.83407937124025,18.983407937124028,9443.88270431695
65.4,0.0,0.0,0.0,0.7158640275971602,-10.55086040697677,9.26932345156076,-15.0,0.0,0.0,12.0,-17.680803110070624,10.22021816894469,-11.126401640460518,3.6658166993345924,-7.499999999999997,-7.499999999999997,73.59800120126886,32.34471195447479,36.74050635267059,6.948149522161097,20.333162567588925,20.333162567588925,7.359800120126886,3.234471195447479,3.6740506352670597,0.6948149522161098,2.0333162567588925,2.0333162567588925,2069.722388499081,1997.8363690621807,1702.1177540348715,1603.853099858651,1044.6914311393705,1044.6914311393705,190.29769416575317,19.02976941657532,9462.912473733526
65.5,0.0,0.0,0.0,0.7284002141506359,-10.7962668306731,9.396585042731449,-15.0,0.0,0.0,12.0,-17.812561150292524,10.178447662824174,-11.168172146581034,3.5340586591126937,-7.499999999999997,-7.499999999999997,74.42221476884733,32.14662319035163,36.947596081851614,6.576936798079341,20.333162567588925,20.333162567588925,7.442221476884733,3.2146623190351633,3.6947596081851617,0.6576936798079341,2.0333162567588925,2.0333162567588925,2077.1646099759655,2001.0510313812158,1705.8125136430567,1604.5107935384588,1046.7247473961293,1046.7247473961293,190.75969597430773,19.075969597430777,9481.988443330954
65.60000000000001,0.0,0.0,0.0,0.7409266184015055,-11.039244139878994,9.515390341614172,-15.0,0.0,0.0,12.0,-17.94047061803993,10.134546227557635,-11.212073581847573,3.4061491913652855,-7.499999999999997,-7.499999999999997,75.22527514266838,31.93886655542679,37.16566831632656,6.22312518591565,20.333162567588925,20.333162567588925,7.522527514266838,3.1938866555426793,3.7165668316326563,0.622312518591565,2.0333162567588925,2.0333162567588925,2084.6871374902325,2004.2449180367585,1709.5290804746894,1605.1331060570503,1048.758063652888,1048.758063652888,191.2192603355152,19.121926033551524,9501.110369364505
65.7,0.0,0.0,0.0,0.7534193289333213,-11.279737665724822,9.625632431458992,-15.0,0.0,0.0,12.0,-18.06447438416918,10.088495390729836,-11.258124418675372,3.282145425236037,-7.499999999999997,-7.499999999999997,76.00655213620767,31.721421283170585,37.39487654199957,5.8863999612566165,20.333162567588925,20.333162567588925,7.600655213620768,3.1721421283170588,3.7394876541999573,0.5886399961256616,2.0333162567588925,2.0333162567588925,2092.2877927038535,2007.4170601650756,1713.2685681288895,1605.721746053176,1050.7913799096468,1050.7913799096468,191.67557505781227,19.167557505781232,9520.277926870287
65.8,0.0,0.0,0.0,0.7658559081904257,-11.517693298181898,9.7272121018262,-15.0,0.0,0.0,12.0,-18.18451824170882,10.040279206937544,-11.306340602467664,3.1621015676963973,-7.499999999999997,-7.499999999999997,76.76543896329747,31.49428281242256,37.63536518458914,5.566430116264646,20.333162567588925,20.333162567588925,7.676543896329747,3.1494282812422565,3.7635365184589142,0.5566430116264647,2.0333162567588925,2.0333162567588925,2099.9643366001833,2010.5664884463179,1717.0321046473484,1606.2783890648025,1052.8246961664056,1052.8246961664056,192.12784221175167,19.21278422117517,9539.490711091465
65.9,0.0,0.0,0.0,0.7782153292360049,-11.753057498236817,9.820037937868895,-15.0,0.0,0.0,12.0,-18.30055094173006,9.989884285051403,-11.356735524353805,3.0460688676751575,-7.499999999999997,-7.499999999999997,77.5013530247468,31.25746290447693,37.887269388193516,5.262869664057091,20.333162567588925,20.333162567588925,7.750135302474681,3.1257462904476934,3.7887269388193516,0.5262869664057092,2.0333162567588925,2.0333162567588925,2107.714471902658,2013.6922347367656,1720.8208315861677,1606.8046760312081,1054.8580124231644,1054.8580124231644,192.57528011665218,19.257528011665222,9558.748239103128
66.0,0.0,0.0,0.0,0.790477913587709,-11.985777309937468,9.904026402600179,-15.0,0.0,0.0,12.0,-18.412524226691524,9.937299813042879,-11.40931999636233,2.934095582713695,-7.499999999999997,-7.499999999999997,78.21373665575548,31.010989730830378,38.150714785563345,4.97535901359965,20.333162567588925,20.333162567588925,7.821373665575549,3.101098973083038,3.8150714785563347,0.49753590135996506,2.0333162567588925,2.0333162567588925,2115.5358455682335,2016.7933337098486,1724.635903064724,1607.302211932568,1056.8913286799232,1056.8913286799232,193.01712532092668,19.301712532092672,9578.04995163522
66.10000000000001,0.0,0.0,0.0,0.8026252709544062,-12.0,9.979101912070853,-15.0,0.0,0.0,12.0,-18.44409590791036,9.958814533671786,-11.38780527573342,2.902523901494855,-7.499999999999997,-7.499999999999997,78.41499076105973,31.11175459484229,38.042853637911975,4.89527106512686,20.333162567588925,20.333162567588925,7.841499076105973,3.111175459484229,3.8042853637911977,0.489527106512686,2.0333162567588925,2.0333162567588925,2123.3773446443397,2019.9045091693329,1728.4401884285153,1607.7917390390808,1058.924644936682,1058.924644936682,193.13119519411867,19.31311951941187,9597.363071154632
66.2,0.0,0.0,0.0,0.8146402414413075,-12.0,10.045196903389828,-15.0,0.0,0.0,12.0,-18.467464016192416,9.982182641953843,-11.364437167451364,2.8791557932127985,-7.499999999999997,-7.499999999999997,78.56406206417094,31.221323233709548,37.925816163948525,4.836272754803735,20.333162567588925,20.333162567588925,7.856406206417095,3.122132323370955,3.7925816163948527,0.48362727548037354,2.0333162567588925,2.0333162567588925,2131.2337508507567,2023.026641492704,1732.2327700449102,1608.275366314561,1060.9579611934407,1060.9579611934407,193.21379935181056,19.321379935181064,9616.684451089814
66.3,0.0,0.0,0.0,0.8265068405880166,-12.0,10.1022518955262,-15.0,0.0,0.0,12.0,-18.487636002112506,10.002354627873931,-11.344265181531277,2.858983807292711,-7.499999999999997,-7.499999999999997,78.69282033659759,31.316009062607876,37.824882950541614,4.785535929785957,20.333162567588925,20.333162567588925,7.8692820336597595,3.131600906260788,3.7824882950541614,0.47855359297859573,2.0333162567588925,2.0333162567588925,2139.1030328844163,2026.1582423989646,1736.0152583399645,1608.7539199075397,1062.9912774501995,1062.9912774501995,193.28557341471088,19.32855734147109,9636.013008431284
66.4,0.0,0.0,0.0,0.8382102074460636,-12.0,10.150215542838158,-15.0,0.0,0.0,12.0,-18.50459371224487,10.019312338006293,-11.327307471398914,2.842026097160349,-7.499999999999997,-7.499999999999997,78.80111617235953,31.395681226002797,37.74010218775293,4.743021902780447,20.333162567588925,20.333162567588925,7.880111617235953,3.13956812260028,3.7740102187752935,0.47430219027804477,2.0333162567588925,2.0333162567588925,2146.983144501652,2029.2978105215648,1739.7892685587399,1609.2282220978177,1065.0245937069583,1065.0245937069583,193.34624662407353,19.334624662407357,9655.34763309369
66.5,0.0,0.0,0.0,0.8497365557813203,-12.0,10.189044681280546,-15.0,0.0,0.0,12.0,-18.51832188579499,10.033040511556415,-11.313579297848793,2.8282979236102275,-7.499999999999997,-7.499999999999997,78.8888238003542,31.460229512872033,37.67151408818611,4.708697270594228,20.333162567588925,20.333162567588925,7.888882380035421,3.1460229512872036,3.767151408818611,0.4708697270594228,2.0333162567588925,2.0333162567588925,2154.8720268816874,2032.443833472852,1743.5564199675584,1609.699091824877,1067.057909963717,1067.057909963717,193.3955898071844,19.339558980718444,9674.687192074409
66.60000000000001,0.0,0.0,0.0,0.8610731283954289,-12.0,10.218704367249668,-15.0,0.0,0.0,12.0,-18.528808168333306,10.04352679409473,-11.303093015310479,2.8178116410719127,-7.499999999999997,-7.499999999999997,78.95584128717167,31.509564563552185,37.619151005875224,4.682534397030924,20.333162567588925,20.333162567588925,7.895584128717167,3.150956456355219,3.7619151005875224,0.4682534397030924,2.0333162567588925,2.0333162567588925,2162.7676110104044,2035.5947899292073,1747.3183350681459,1610.1673452645803,1069.0912262204758,1069.0912262204758,193.43341638880784,19.343341638880787,9694.03053371329
66.7,0.0,0.0,0.0,0.8722081544929525,-12.0,10.23916790903012,-15.0,0.0,0.0,12.0,-18.53604312291333,10.050761748674756,-11.295858060730453,2.8105766864918866,-7.499999999999997,-7.499999999999997,79.00209070159818,31.54361803750072,37.58303753361701,4.664511811093715,20.333162567588925,20.333162567588925,7.900209070159818,3.1543618037500725,3.758303753361701,0.4664511811093715,2.0333162567588925,2.0333162567588925,2170.667820080564,2038.7491517329574,1751.0766388215075,1610.6337964456895,1071.1245424772346,1071.1245424772346,193.45958321898746,19.34595832189875,9713.376492035188
66.8,0.0,0.0,0.0,0.883130809972788,-12.0,10.250416890815542,-15.0,0.0,0.0,12.0,-18.54002023856429,10.054738864325714,-11.291880945079495,2.8065995708409286,-7.499999999999997,-7.499999999999997,79.02751824046189,31.562342741626896,37.56319057797468,4.654614515621487,20.333162567588925,20.333162567588925,7.902751824046189,3.15623427416269,3.756319057797468,0.46546145156214874,2.0333162567588925,2.0333162567588925,2178.5705719046105,2041.9053860071201,1754.832957879305,1611.0992578972516,1073.1578587339934,1073.1578587339934,193.47399121086278,19.347399121086283,9732.723891156274
66.9,0.0,0.0,0.0,0.8938311804889397,-12.0,10.252441189281614,-15.0,0.0,0.0,12.0,-18.54073593615054,10.055454561911967,-11.291165247493241,2.8058838732546754,-7.499999999999997,-7.499999999999997,79.03209431555483,31.565712718926708,37.559619411359186,4.652834202520442,20.333162567588925,20.333162567588925,7.903209431555483,3.156571271892671,3.7559619411359186,0.46528342025204417,2.0333162567588925,2.0333162567588925,2186.4737813361658,2045.0619572790129,1758.5889198204409,1611.5645413175037,1075.1911749907522,1075.1911749907522,193.47658578353898,19.3476585783539,9752.071549734628
67.0,0.0,0.0,0.0,0.9043002271040074,-12.0,10.245238982696353,-15.0,0.0,0.0,12.0,-18.538189571592568,10.052908197353995,-11.293711612051213,2.8084302378126473,-7.499999999999997,-7.499999999999997,79.01581360144785,31.553723297238754,37.572325700774535,4.659169371883286,20.333162567588925,20.333162567588925,7.901581360144785,3.1553723297238756,3.757232570077454,0.46591693718832866,2.0333162567588925,2.0333162567588925,2194.3753626963107,2048.2173296087367,1762.3461523905182,1612.030458254692,1077.224491247511,1077.224491247511,193.46735710652226,19.346735710652226,9771.41828544528
67.10000000000001,0.0,0.0,0.0,0.914529754345892,-12.0,10.228816752559549,-15.0,0.0,0.0,12.0,-18.5323834364466,10.047102062208024,-11.299517747197184,2.814236372958618,-7.499999999999997,-7.499999999999997,78.97869504409745,31.526391098020518,37.60130351299946,4.673625353486132,20.333162567588925,20.333162567588925,7.897869504409745,3.152639109802052,3.7601303512999458,0.4673625353486133,2.0333162567588925,2.0333162567588925,2202.2732322007205,2051.3699687185385,1766.1062827418182,1612.4978207900406,1079.2578075042697,1079.2578075042697,193.44634014378138,19.344634014378144,9790.762919459657
67.2,0.0,0.0,0.0,0.9245123804719714,-12.0,10.203189277769859,-15.0,0.0,0.0,12.0,-18.523322755842358,10.038041381603785,-11.308578427801422,2.8232970535628565,-7.499999999999997,-7.499999999999997,78.9207818302268,31.483754005126915,37.646539296163965,4.696214230389799,20.333162567588925,20.333162567588925,7.89207818302268,3.1483754005126916,3.7646539296163968,0.4696214230389799,2.0333162567588925,2.0333162567588925,2210.165310383743,2054.518344119051,1769.8709366714345,1612.9674422130795,1081.2911237610285,1081.2911237610285,193.4136144970853,19.341361449708536,9810.104280909365
67.3,0.0,0.0,0.0,0.9342415097438993,-12.0,10.168379621324792,-15.0,0.0,0.0,12.0,-18.51101568378082,10.025734309542246,-11.320885499862964,2.835604125624397,-7.499999999999997,-7.499999999999997,78.84214131754516,31.425871093655463,37.708011837867424,4.726954665615727,20.333162567588925,20.333162567588925,7.884214131754516,3.1425871093655466,3.770801183786743,0.47269546656157274,2.0333162567588925,2.0333162567588925,2218.0495245154975,2057.6609312284168,1773.6417378552212,1613.440137679641,1083.3244400177873,1083.3244400177873,193.3693040498616,19.336930404986163,9829.441211314352
67.4,0.0,0.0,0.0,0.943711306518497,-12.0,10.124419109565562,-15.0,0.0,0.0,12.0,-18.49547329579613,10.010191921557555,-11.336427887847655,2.8511465136090886,-7.499999999999997,-7.499999999999997,78.74286492595289,31.352822519005013,37.78569220016977,4.765871634085383,20.333162567588925,20.333162567588925,7.874286492595289,3.1352822519005015,3.778569220016977,0.47658716340853835,2.0333162567588925,2.0333162567588925,2225.923811008093,2060.7962134803174,1777.4203070752383,1613.9167248430497,1085.357756274546,1085.357756274546,193.3135764143909,19.33135764143909,9848.77256895579
67.5,0.0,0.0,0.0,0.9529166709652692,-12.0,10.07134730398552,-15.0,0.0,0.0,12.0,-18.476709578988398,9.991428204749823,-11.355191604655385,2.869910230416819,-7.499999999999997,-7.499999999999997,78.62306798996195,31.26470936637723,37.879543631971764,4.812996063175372,20.333162567588925,20.333162567588925,7.862306798996196,3.1264709366377232,3.7879543631971764,0.4812996063175372,2.0333162567588925,2.0333162567588925,2233.786117807089,2063.9226844169552,1781.2082614384356,1614.3980244493673,1087.3910725313049,1087.3910725313049,193.24664218666416,19.32466421866642,9868.097233174458
67.60000000000001,0.0,0.0,0.0,0.9618532162278074,-12.0,10.009211965627433,-15.0,0.0,0.0,12.0,-18.454741419436235,9.96946004519766,-11.377159764207548,2.8918783899689817,-7.499999999999997,-7.499999999999997,78.48288957264288,31.16165346103122,37.98952145947879,4.86836438632035,20.333162567588925,20.333162567588925,7.8482889572642875,3.1161653461031222,3.798952145947879,0.48683643863203496,2.0333162567588925,2.0333162567588925,2241.634406764353,2067.0388497630584,1785.0072135843834,1614.8848608879994,1089.4243887880637,1089.4243887880637,193.16875401465106,19.31687540146511,9887.414108575922
67.7,0.0,0.0,0.0,0.9705172468541123,-12.0,9.938069012101828,-15.0,0.0,0.0,12.0,-18.42958858700044,9.944307212761863,-11.402312596643345,2.9170312224047787,-7.499999999999997,-7.499999999999997,78.32249224149116,31.043797139683644,38.11557295561579,4.932018015067601,20.333162567588925,20.333162567588925,7.832249224149116,3.1043797139683647,3.8115572955615793,0.4932018015067601,2.0333162567588925,2.0333162567588925,2249.466655988502,2070.1432294770266,1788.818770879945,1615.3780626895061,1091.4577050448224,1091.4577050448224,193.080205487036,19.30802054870361,9906.722129124624
67.8,0.0,0.0,0.0,0.9789057383294673,-12.0,9.857982467264858,-15.0,0.0,0.0,12.0,-18.401273717532426,9.915992343293853,-11.430627466111355,2.945346091872789,-7.499999999999997,-7.499999999999997,78.14206180668567,30.91130298352609,38.25763718942858,5.004002735832115,20.333162567588925,20.333162567588925,7.814206180668568,3.0911302983526094,3.825763718942858,0.5004002735832115,2.0333162567588925,2.0333162567588925,2257.2808621691706,2073.2343597753793,1792.644534598888,1615.8784629630893,1093.4910213015812,1093.4910213015812,192.98132985065027,19.29813298506503,9926.020262109689
67.9,0.0,0.0,0.0,0.9870163175541843,-12.0,9.769024403601202,-15.0,0.0,0.0,12.0,-18.369822292503528,9.884540918264955,-11.462078891140253,2.976797516901687,-7.499999999999997,-7.499999999999997,77.94180702229204,30.7643535134119,38.415644856663185,5.08436803830345,20.333162567588925,20.333162567588925,7.7941807022292044,3.0764353513411904,3.8415644856663187,0.508436803830345,2.0333162567588925,2.0333162567588925,2265.0750428714,2076.3107951267207,1796.4860990845543,1616.3868997669197,1095.52433755834,1095.52433755834,192.8724985658484,19.287249856584843,9945.307511966275
68.0,0.0,0.0,0.0,0.9948472441174478,-12.0,9.671274877363683,-15.0,0.0,0.0,12.0,-18.33526261607337,9.849981241834794,-11.496638567570415,3.0113571933318486,-7.499999999999997,-7.499999999999997,77.72195925104128,30.60315084784218,38.58951809286515,5.17316638300873,20.333162567588925,20.333162567588925,7.772195925104128,3.060315084784218,3.858951809286515,0.517316638300873,2.0333162567588925,2.0333162567588925,2272.847238796504,2079.371110211505,1800.3450508938408,1616.9042164052205,1097.5576538150988,1097.5576538150988,192.75411970993517,19.275411970993517,9964.582923937267
68.10000000000001,0.0,0.0,0.0,1.0023973922271325,-12.0,9.564821856527983,-15.0,0.0,0.0,-12.0,3.0489940197872016,-11.53427539402577,9.812344415379439,-18.297625789618017,-7.499999999999999,-7.499999999999999,5.270452415935395,38.779170270478026,30.427916324458625,77.48277209339152,20.33316256758894,20.33316256758894,0.5270452415935395,3.8779170270478027,3.0427916324458626,7.748277209339152,2.033316256758894,2.033316256758894,2273.3742840380974,2083.2490272385526,1803.3878425262867,1624.6524936145597,1099.5909700718576,1099.5909700718576,192.62663623944144,19.262663623944146,9983.845587561213
68.2,0.0,0.0,0.0,1.0096662331639101,-12.0,9.449761141627537,-15.0,0.0,0.0,-12.0,3.08967412566434,-11.574955499902908,9.7716643095023,-18.256945683740877,-7.499999999999999,-7.499999999999999,5.376282138365561,38.98450578154705,30.238890085826377,77.22452098165653,20.33316256758894,20.33316256758894,0.5376282138365561,3.898450578154705,3.0238890085826378,7.722452098165653,2.033316256758894,2.033316256758894,2273.9119122519337,2087.147477816707,1806.4117315348694,1632.3749457127253,1101.6242863286163,1101.6242863286163,192.4905241225734,19.249052412257342,10003.09463997347
68.3,0.0,0.0,0.0,1.0166538181361169,-12.0,9.326196279539372,-15.0,0.0,0.0,-12.0,3.1333609016138,-11.618642275852368,9.72797753355284,-18.213258907791417,-7.499999999999999,-7.499999999999999,5.49071204017868,39.205419807749365,30.03633063036423,76.94750274005753,20.33316256758894,20.33316256758894,0.549071204017868,3.920541980774937,3.003633063036423,7.694750274005753,2.033316256758894,2.033316256758894,2274.4609834559515,2091.068019797482,1809.4153645979059,1640.0696959867312,1103.6576025853751,1103.6576025853751,192.3462903535277,19.234629035352768,10022.329269008822
68.4,0.0,0.0,0.0,1.023360761419515,-12.0,9.19423847029897,-15.0,0.0,0.0,-12.0,3.180015032486006,-11.665296406724574,9.681323402680635,-18.16660477691921,-7.499999999999999,-7.499999999999999,5.613798204849946,39.44179807957277,29.820514329353,76.65203511162835,20.33316256758894,20.33316256758894,0.5613798204849946,3.944179807957277,2.9820514329353003,7.665203511162836,2.033316256758894,2.033316256758894,2275.0223632764364,2095.0121996054395,1812.3974160308412,1647.734899497894,1105.690918842134,1105.690918842134,192.19447086058196,19.219447086058196,10041.548716094878
68.5,0.0,0.0,0.0,1.0297882236735154,-12.0,9.054006467027776,-15.0,0.0,0.0,-12.0,3.2295945327122233,-11.714875906950791,9.631743902454417,-18.117025276692992,-7.499999999999999,-7.499999999999999,5.745595394223765,39.69351662655424,29.591734911023114,76.33845625297312,20.33316256758894,20.33316256758894,0.5745595394223766,3.9693516626554244,2.9591734911023115,7.633845625297312,2.033316256758894,2.033316256758894,2275.5969228158588,2098.981551268095,1815.3565895219435,1655.3687451231913,1107.7242350988927,1107.7242350988927,192.03562831995214,19.203562831995214,10060.752278926873
68.60000000000001,0.0,0.0,0.0,1.0359378953323672,-12.0,8.90562646906336,-15.0,0.0,0.0,-12.0,3.282054784088765,-11.767336158327332,9.579283651077874,-18.064565025316455,-7.499999999999999,-7.499999999999999,5.886156120890198,39.96044152056396,29.350302912791857,76.00712419794455,20.33316256758894,20.33316256758894,0.5886156120890198,3.9960441520563963,2.935030291279186,7.600712419794455,2.033316256758894,2.033316256758894,2276.185538427948,2102.9775954201514,1818.2916198132227,1662.9694575429858,1109.7575513556515,1109.7575513556515,191.87034988736843,19.187034988736844,10079.939313915611
68.7,0.0,0.0,0.0,1.0418119799764765,-12.0,8.749232008388558,-15.0,0.0,0.0,-12.0,3.3373485759303474,-11.822629950168915,9.523989859236293,-18.00927123347487,-7.499999999999999,-7.499999999999999,6.035529715653383,40.24242861418116,29.096545102787978,75.65841629137603,20.33316256758894,20.33316256758894,0.6035529715653384,4.024242861418116,2.909654510278798,7.565841629137603,2.033316256758894,2.033316256758894,2276.7890913995134,2107.0018382815697,1821.2012743235016,1670.5352991721234,1111.7908676124102,1111.7908676124102,191.69924485917642,19.169924485917644,10099.109238401528
68.8,0.0,0.0,0.0,1.0474131775953286,-12.0,8.58496382946165,-15.0,0.0,0.0,-12.0,3.395426147556539,-11.880707521795106,9.4659122876101,-17.951193661848677,-7.499999999999999,-7.499999999999999,6.193761397174172,40.53932327625521,28.83080387186579,75.29272859406568,20.33316256758894,20.33316256758894,0.6193761397174172,4.053932327625521,2.8830803871865793,7.529272859406568,2.033316256758894,2.033316256758894,2277.408467539231,2111.0557706091954,1824.084354710688,1678.06457203153,1113.824183869169,1113.824183869169,191.52294227453874,19.152294227453872,10118.261532628982
68.9,0.0,0.0,0.0,1.05274466765954,-12.0,8.41296976255586,-15.0,0.0,0.0,-12.0,3.4562352330730075,-11.941516607311575,9.405103202093633,-17.89038457633221,-7.499999999999999,-7.499999999999999,6.3608913504090605,40.85096012677812,28.553436597374336,74.91047526026968,20.33316256758894,20.33316256758894,0.6360891350409061,4.085096012677812,2.855343659737434,7.491047526026968,2.033316256758894,2.033316256758894,2278.044556674272,2115.140866621873,1826.9396983704255,1685.5556195575568,1115.8575001259278,1115.8575001259278,191.34208847000906,19.134208847000906,10137.395741475983
69.0,0.0,0.0,0.0,1.057810091925386,-12.0,8.23340459072224,-15.0,0.0,0.0,-12.0,3.519721108407248,-12.005002482645816,9.341617326759392,-17.82689870099797,-7.499999999999999,-7.499999999999999,6.536953819971864,41.17716277321338,28.264814980006864,74.51208788902308,20.33316256758894,20.33316256758894,0.6536953819971865,4.117716277321338,2.8264814980006867,7.451208788902308,2.033316256758894,2.033316256758894,2278.698252056269,2119.2585828991946,1829.7661798684262,1693.006828346459,1117.8908163826866,1117.8908163826866,191.1573445973931,19.115734459739308,10156.511475935724
69.10000000000001,0.0,0.0,0.0,1.0626135369008307,-12.0,8.046429910495078,-15.0,0.0,0.0,-12.0,3.585826640556654,-12.071108014795222,9.275511794609987,-17.760793168848565,-7.499999999999999,-7.499999999999999,6.721976224027503,41.51774355043369,27.965324355113182,74.09801485065843,20.33316256758894,20.33316256758894,0.6721976224027504,4.1517743550433694,2.7965324355113186,7.409801485065843,2.033316256758894,2.033316256758894,2279.370449678672,2123.410357254238,1832.5627123039376,1700.416629831525,1119.9241326394454,1119.9241326394454,190.9693841154107,19.09693841154107,10175.608414347264
69.2,0.0,0.0,0.0,1.0671595159075813,-12.0,7.8522139864662,-15.0,0.0,0.0,-12.0,3.6544923390042694,-12.139773713242837,9.206846096162371,-17.692127470400948,-7.499999999999999,-7.499999999999999,6.915978293799493,41.872503266409076,27.65536297991488,73.66872058995014,20.33316256758894,20.33316256758894,0.6915978293799494,4.187250326640908,2.7655362979914884,7.366872058995014,2.033316256758894,2.033316256758894,2280.062047508052,2127.597607580879,1835.328248601929,1707.78350189052,1121.9574488962041,1121.9574488962041,190.77889026525148,19.07788902652515,10194.686303373788
69.3,0.0,0.0,0.0,1.0714529506792296,-12.0,7.650931599858069,-15.0,0.0,0.0,-12.0,3.7256564092562803,-12.210937783494849,9.135682025910361,-17.620963400148938,-7.499999999999999,-7.499999999999999,7.11897124325017,42.24123095577135,27.335341298113004,73.22468490735734,20.33316256758894,20.33316256758894,0.7118971243250171,4.224123095577135,2.7335341298113005,7.3224684907357345,2.033316256758894,2.033316256758894,2280.7739446323767,2131.821730676456,1838.0617827317403,1715.1059703812557,1123.990765152963,1123.990765152963,190.58655353966975,19.058655353966977,10213.744958727753
69.4,0.0,0.0,0.0,1.0754991524409963,-12.0,7.442763891232428,-15.0,0.0,0.0,-12.0,3.7992548084529076,-12.284536182691475,9.062083626713733,-17.54736500095231,-7.499999999999999,-7.499999999999999,7.330956972978295,42.623703643345756,27.005681183429864,72.76640221988775,20.33316256758894,20.33316256758894,0.7330956972978295,4.262370364334576,2.7005681183429866,7.276640221988775,2.033316256758894,2.033316256758894,2281.5070403296745,2136.0841010407903,1840.7623508500833,1722.3826106032445,1126.0240814097217,1126.0240814097217,190.39306915481956,19.039306915481955,10232.784265643237
69.5,0.0,0.0,0.0,1.0793038024221489,-12.0,7.227898197476199,-15.0,0.0,0.0,-12.0,3.875221303002599,-12.360502677241167,8.986117132164042,-17.47139850640262,-7.499999999999999,-7.499999999999999,7.551927311884022,43.01968611969867,26.66681516367318,72.29438080314794,20.33316256758894,20.33316256758894,0.7551927311884022,4.301968611969867,2.6666815163673183,7.229438080314795,2.033316256758894,2.033316256758894,2282.262233060863,2140.38606965276,1843.4290323664507,1729.6120486835594,1128.0573976664805,1128.0573976664805,190.19913453358168,19.01991345335817,10251.804179096593
69.60000000000001,0.0,0.0,0.0,1.0828729317578354,-12.0,7.00652788321068,-15.0,0.0,0.0,-12.0,3.953487528187871,-12.438768902426439,8.90785090697877,-17.393132281217348,-7.499999999999999,-7.499999999999999,7.781863299680927,43.42893073069694,26.31918562695345,71.80914201618357,20.33316256758894,20.33316256758894,0.7781863299680927,4.342893073069694,2.631918562695345,7.180914201618357,2.033316256758894,2.033316256758894,2283.0404193908307,2144.7289627258297,1846.060950929146,1736.7929628851778,1130.0907139232393,1130.0907139232393,190.0054468086928,19.00054468086928,10270.804723777463
69.7,0.0,0.0,0.0,1.0862129007428885,-12.0,6.778852166776769,-15.0,0.0,0.0,-12.0,4.033983049688834,-12.519264423927401,8.827355385477807,-17.312636759716383,-7.499999999999999,-7.499999999999999,8.02073451288954,43.85117718300858,25.963244011729408,71.31121951075296,20.33316256758894,20.33316256758894,0.802073451288954,4.385117718300858,2.596324401172941,7.131121951075297,2.033316256758894,2.033316256758894,2283.8424928421196,2149.1140804441306,1848.657275330319,1743.924084836253,1132.124030179998,1132.124030179998,189.8127003535584,18.981270035355838,10289.78599381282
69.8,0.0,0.0,0.0,1.089330377406215,-12.0,6.545075940951551,-15.0,0.0,0.0,-12.0,4.116635426969438,-12.601916801208006,8.744703008197202,-17.22998438243578,-7.499999999999999,-7.499999999999999,8.268498436535289,44.28615236740509,25.599449982390837,70.80115842670591,20.33316256758894,20.33316256758894,0.826849843653529,4.428615236740509,2.559944998239084,7.080115842670591,2.033316256758894,2.033316256758894,2284.6693426857732,2153.542695680871,1851.2172203285581,1751.0042006789238,1134.1573464367568,1134.1573464367568,189.621584348215,18.9621584348215,10308.748152247641
69.9,0.0,0.0,0.0,1.0922323153806774,-12.0,6.305409588558795,-15.0,0.0,0.0,-12.0,4.201370278469019,-12.686651652707587,8.659968156697621,-17.145249530936198,-7.499999999999999,-7.499999999999999,8.525099883388705,44.733570201640184,25.228270592126744,70.2795145751735,20.33316256758894,20.33316256758894,0.8525099883388706,4.473357020164019,2.5228270592126747,7.02795145751735,2.033316256758894,2.033316256758894,2285.5218526741123,2158.016052701035,1853.7400473877708,1758.032152136441,1136.1906626935156,1136.1906626935156,189.43278038750702,18.9432780387507,10327.691430286392
70.0,0.0,0.0,0.0,1.0949259310499857,-12.0,6.060068793138771,-15.0,0.0,0.0,-12.0,4.288111348540619,-12.773392722779187,8.573227086626021,-17.058508460864598,-7.499999999999999,-7.499999999999999,8.790470462236105,45.19313149459409,24.85017943485644,69.74685361129765,20.33316256758894,20.33316256758894,0.8790470462236105,4.51931314945941,2.4850179434856443,6.974685361129765,2.033316256758894,2.033316256758894,2286.400899720336,2162.535365850494,1856.2250653312565,1765.0068374975708,1138.2239789502744,1138.2239789502744,189.2469601381622,18.924696013816217,10346.616126300207
70.10000000000001,0.0,0.0,0.0,1.097418679961081,-12.0,5.809274344847266,-15.0,0.0,0.0,-12.0,4.376780576076051,-12.862061950314619,8.48455785909059,-16.969839233329168,-7.499999999999999,-7.499999999999999,9.064528096348427,45.66452383327699,24.465655788029576,69.20375019824908,20.33316256758894,20.33316256758894,0.9064528096348428,4.566452383327699,2.4465655788029577,6.920375019824909,2.033316256758894,2.033316256758894,2287.3073525299706,2167.1018182338216,1858.6716309100593,1771.9272125173957,1140.2572952070332,1140.2572952070332,189.06478305108197,18.906478305108198,10365.522604605314
70.2,0.0,0.0,0.0,1.0997182324977601,-12.0,5.553251941759684,-15.0,0.0,0.0,-12.0,4.467298164755503,-12.95257953899407,8.394040270411137,-16.879321644649714,-7.499999999999999,-7.499999999999999,9.347176593022992,46.14742149418047,24.0751837481296,68.65078716430544,20.33316256758894,20.33316256758894,0.9347176593022992,4.614742149418047,2.4075183748129603,6.865078716430545,2.033316256758894,2.033316256758894,2288.242070189273,2171.7165603832395,1861.0791492848723,1778.7922912338263,1142.290611463792,1142.290611463792,188.88689413481637,18.88868941348164,10384.411294018795
70.3,0.0,0.0,0.0,1.1018324488190154,-12.0,5.2922319867577485,-15.0,0.0,0.0,-12.0,4.559582654858941,-13.044864029097509,8.3017557803077,-16.787037154546276,-7.499999999999999,-7.499999999999999,9.638305264812637,46.64148538036426,23.679251360733343,68.08855465476877,20.33316256758894,20.33316256758894,0.9638305264812637,4.664148538036426,2.3679251360733344,6.808855465476878,2.033316256758894,2.033316256758894,2289.205900715754,2176.380708921276,1863.4470744209457,1785.6011466993032,1144.3239277205507,1144.3239277205507,188.7139217958569,18.87139217958569,10403.28268619838
70.4,0.0,0.0,0.0,1.1037693530736068,-12.0,5.0264493801826715,-15.0,0.0,0.0,-12.0,4.653550996574278,-13.138832370812846,8.207787438592362,-16.693068812830937,-7.499999999999999,-7.499999999999999,9.93778860281703,47.14636298554996,23.278349747002718,67.51764928051617,20.33316256758894,20.33316256758894,0.993778860281703,4.714636298554996,2.327834974700272,6.751764928051617,2.033316256758894,2.033316256758894,2290.1996795760356,2181.095345219831,1865.7749093956459,1792.3529116273548,1146.3572439773095,1146.3572439773095,188.54647575106378,18.854647575106377,10422.137333773486
70.5,0.0,0.0,0.0,1.1055371069108644,-12.0,4.7561433084406195,-15.0,0.0,0.0,-12.0,4.74911862473663,-13.234399998975197,8.11221981043001,-16.597501184668587,-7.499999999999999,-7.499999999999999,10.245486002200025,47.66168838638221,22.87297222849711,66.93867326497953,20.33316256758894,20.33316256758894,1.0245486002200026,4.7661688386382215,2.2872972228497113,6.693867326497953,2.033316256758894,2.033316256758894,2291.2242281762556,2185.8615140584693,1868.0622066184956,1799.0467789538527,1148.3905602340683,1148.3905602340683,188.38514501723677,18.838514501723676,10440.975848275208
70.60000000000001,0.0,0.0,0.0,1.1071439823165292,-12.0,4.481557028750944,-15.0,0.0,0.0,-12.0,4.846199534931307,-13.331480909169874,8.015138900235334,-16.50042027447391,-7.499999999999999,-7.499999999999999,10.561241539904634,48.18708226389928,22.463613452209785,66.35223359135288,20.33316256758894,20.33316256758894,1.0561241539904633,4.818708226389928,2.2463613452209787,6.6352233591352885,2.033316256758894,2.033316256758894,2292.280352330246,2190.680222284859,1870.3085679637165,1805.682002312988,1150.423876490827,1150.423876490827,188.23049598254448,18.823049598254446,10459.798897873465
70.7,0.0,0.0,0.0,1.1085983338116174,-12.0,4.202937650231487,-15.0,0.0,0.0,-12.0,4.944706360891852,-13.42998773513042,7.916632074274789,-16.401913448513366,-7.499999999999999,-7.499999999999999,10.8848838043653,48.72215195513363,22.05076851774138,65.75894115182459,20.33316256758894,20.33316256758894,1.08848838043653,4.8722151955133635,2.205076851774138,6.575894115182459,2.033316256758894,2.033316256758894,2293.3688407106824,2195.5524374803726,1872.5136448154906,1812.2578964281706,1152.4571927475859,1152.4571927475859,188.0830705642428,18.80830705642428,10478.60720492989
70.8,0.0,0.0,0.0,1.1099085700617746,-12.0,3.920535911516601,-15.0,0.0,0.0,-12.0,5.044550453123936,-13.529831827362504,7.816787982042705,-16.30206935628128,-7.499999999999999,-7.499999999999999,11.216225776865448,49.266491535646615,21.634932108527476,65.15940990061885,20.33316256758894,20.33316256758894,1.121622577686545,4.926649153564662,2.1634932108527476,6.515940990061885,2.033316256758894,2.033316256758894,2294.490463288369,2200.479086633937,1874.6771380263433,1818.7738374182325,1154.4905090043446,1154.4905090043446,187.94338445683627,18.79433844568363,10497.401543375572
70.9,0.0,0.0,0.0,1.1110831249542783,-12.0,3.634605955109553,-15.0,0.0,0.0,-12.0,5.145641958683834,-13.630923332922402,7.715696476482806,-16.200977850721383,-7.499999999999999,-7.499999999999999,11.555064764046856,49.81968193367324,21.216597629044276,64.55425601262701,20.33316256758894,20.33316256758894,1.1555064764046856,4.981968193367324,2.121659762904428,6.455425601262701,2.033316256758894,2.033316256758894,2295.645969764774,2205.4610548273045,1876.7987977892478,1825.2292630194952,1156.5238252611034,1156.5238252611034,187.81192547456925,18.781192547456925,10516.182735923028
71.0,0.0,0.0,0.0,1.1121304282097546,-12.0,3.3454050986714456,-15.0,0.0,0.0,-12.0,5.247889902040006,-13.733171276278574,7.613448533126634,-16.09872990736521,-7.499999999999999,-7.499999999999999,11.90118238095574,50.38129107643534,20.796256349913413,63.94409704938572,20.33316256758894,20.33316256758894,1.1901182380955742,5.038129107643535,2.0796256349913413,6.394409704938572,2.033316256758894,2.033316256758894,2296.8360880028695,2210.499183934948,1878.8784234242391,1831.6236727244338,1158.5571415178622,1158.5571415178622,187.68915199186807,18.76891519918681,10534.951651122215
71.10000000000001,0.0,0.0,0.0,1.1130588756056428,-12.0,3.053193603452605,-15.0,0.0,0.0,-12.0,5.3512022669449575,-13.836483641183525,7.510136168221683,-15.995417542460261,-7.499999999999999,-7.499999999999999,12.254344583896698,50.950874069057186,20.374396562825464,63.32955113414313,20.33316256758894,20.33316256758894,1.22543445838967,5.095087406905719,2.0374396562825465,6.332955113414314,2.033316256758894,2.033316256758894,2298.0615224612593,2215.594271341854,1880.9158630805216,1837.9566278378481,1160.590457774621,1160.590457774621,187.57549148510037,18.757549148510037,10553.709200270723
71.2,0.0,0.0,0.0,1.1138767988983926,-12.0,2.7582344400750776,-15.0,0.0,0.0,-12.0,5.455486079243636,-13.940767453482204,7.405852355923004,-15.891133730161581,-7.499999999999999,-7.499999999999999,12.614301752264009,51.52797340639583,19.95150274719588,62.71123613772707,20.33316256758894,20.33316256758894,1.261430175226401,5.152797340639584,1.9951502747195882,6.2711236137727076,2.033316256758894,2.033316256758894,2299.3229526364858,2220.7470686824936,1882.9110133552413,1844.2277514516209,1162.6237740313798,1162.6237740313798,187.47133917876067,18.74713391787607,10572.456334188599
71.3,0.0,0.0,0.0,1.1145924355412133,-12.0,2.460793051876722,-15.0,0.0,0.0,-12.0,5.560647490543936,-14.045928864782503,7.300690944622705,-15.785972318861281,-7.499999999999999,-7.499999999999999,12.980788818427506,52.112119217978716,19.52805475045769,62.089768876900244,20.33316256758894,20.33316256758894,1.2980788818427507,5.211211921797872,1.9528054750457693,6.208976887690024,2.033316256758894,2.033316256758894,2300.6210315183284,2225.9582806042913,1884.863818830287,1850.4367283393108,1164.6570902881385,1164.6570902881385,187.37705679894205,18.737705679894205,10591.194039868496
71.4,0.0,0.0,0.0,1.1152138983037538,-12.0,2.1611371160301545,-15.0,0.0,0.0,-12.0,5.66659186267389,-14.151873236912458,7.19474657249275,-15.680027946731327,-7.499999999999999,-7.499999999999999,13.353525444664987,52.702829546121045,19.104526983884327,61.46576432685342,20.33316256758894,20.33316256758894,1.3353525444664989,5.270282954612105,1.9104526983884327,6.146576432685342,2.033316256758894,2.033316256758894,2301.9563840627948,2231.2285635589033,1886.7742715286754,1856.5833047719962,1166.6904065448973,1166.6904065448973,187.29297143670166,18.729297143670166,10609.923337012166
71.5,0.0,0.0,0.0,1.1157491449092507,-12.0,1.8595363026516099,-15.0,0.0,0.0,-12.0,5.773223852849563,-14.258505227088131,7.088114582317077,-15.573395956555654,-7.499999999999999,-7.499999999999999,13.732216246055739,53.299610657179045,18.681387635821096,60.83983484944938,20.33316256758894,20.33316256758894,1.373221624605574,5.329961065717905,1.8681387635821096,6.083983484944938,2.033316256758894,2.033316256758894,2303.3296056874005,2236.558524624621,1888.6424102922574,1862.667288256941,1168.723722801656,1168.723722801656,187.21937452368314,18.721937452368316,10628.645274464532
71.60000000000001,0.0,0.0,0.0,1.1162059478132949,-12.0,1.5562620321155787,-15.0,0.0,0.0,-12.0,5.880447499477279,-14.365728873715847,6.980890935689361,-15.466172309927938,-7.499999999999999,-7.499999999999999,14.116551058179036,53.90195738578183,18.259097904185257,60.21258943878416,20.33316256758894,20.33316256758894,1.4116551058179037,5.390195738578183,1.8259097904185257,6.021258943878416,2.033316256758894,2.033316256758894,2304.7412607932183,2241.9487203631993,1890.468320082676,1868.6885472008194,1170.7570390584149,1170.7570390584149,187.15652092210817,18.715652092210817,10647.360926556743
71.7,0.0,0.0,0.0,1.1165918642562502,-12.0,1.2515872307951779,-15.0,0.0,0.0,-12.0,5.988166308512438,-14.473447682751006,6.873172126654202,-15.358453500892779,-7.499999999999999,-7.499999999999999,14.506205248392083,54.509353511767905,17.838111250077997,59.58463298559064,20.33316256758894,20.33316256758894,1.4506205248392083,5.450935351176791,1.7838111250077997,5.958463298559064,2.033316256758894,2.033316256758894,2306.1918813180573,2247.399655714376,1892.2521312076838,1874.6470104993784,1172.7903553151737,1172.7903553151737,187.1046281310065,18.71046281310065,10666.071389369843
71.8,0.0,0.0,0.0,1.1169142067283795,-12.0,0.9426334651618798,-15.0,0.0,0.0,-12.0,6.097397959888651,-14.582679334127219,6.763940475277989,-15.249221849516566,-7.499999999999999,-7.499999999999999,14.904926869462548,55.12759252242189,17.414567916260275,58.9501021364666,20.33316256758894,20.33316256758894,1.490492686946255,5.51275925224219,1.7414567916260275,5.8950102136466604,2.033316256758894,2.033316256758894,2307.6823740050036,2252.912414966618,1893.9935879993097,1880.542020713025,1174.8236715719324,1174.8236715719324,187.0635145797892,18.706351457978922,10684.777740827822
71.9,0.0,0.0,0.0,1.1171800139927148,-12.0,0.6348729044835341,-15.0,0.0,0.0,-12.0,6.206207749607367,-14.691489123845935,6.655130685559273,-15.14041205979785,-7.499999999999999,-7.499999999999999,15.305675509512879,55.745750251669634,16.996046864300663,58.32027731495312,20.33316256758894,20.33316256758894,1.530567550951288,5.574575025166964,1.6996046864300665,5.832027731495312,2.033316256758894,2.033316256758894,2309.212941555955,2258.4869899917853,1895.6931926857399,1886.3740484445204,1176.8569878286912,1176.8569878286912,187.03407507561417,18.70340750756142,10703.481148335382
72.0,0.0,0.0,0.0,1.1173960228154762,-12.0,0.3285872668946581,-15.0,0.0,0.0,-12.0,6.314496075266938,-14.799777449505505,6.546842359899703,-15.03212373413828,-7.499999999999999,-7.499999999999999,15.708006934563107,56.36322244710428,16.582914573463786,57.69571380025966,20.33316256758894,20.33316256758894,1.5708006934563108,5.636322244710428,1.6582914573463787,5.769571380025966,2.033316256758894,2.033316256758894,2310.7837422494113,2264.1233122364956,1897.3514841430863,1892.1436198245465,1178.89030408545,1178.89030408545,187.0161828905687,18.70161828905687,10722.182766624439
72.10000000000001,0.0,0.0,0.0,1.1175686405572882,-12.0,0.02405510169721645,-15.0,0.0,0.0,-12.0,6.422164454817203,-14.90744582905577,6.439173980349437,-14.924455354588014,-7.499999999999999,-7.499999999999999,16.111470172528403,56.97940339842899,16.175520971294223,57.076952204554466,20.33316256758894,20.33316256758894,1.6111470172528404,5.6979403398429,1.6175520971294224,5.707695220455447,2.033316256758894,2.033316256758894,2312.394889266664,2269.8212525763383,1898.9690362402157,1897.851315045002,1180.9236203422088,1180.9236203422088,187.00967188198396,18.700967188198398,10740.883733812636
72.2,0.0,0.0,0.0,1.1177039187803715,-12.0,-0.2784484639359339,-15.0,0.0,0.0,-12.0,6.5291156161133586,-15.014396990351926,6.332222819053282,-14.817504193291859,-7.499999999999999,-7.499999999999999,16.51560838588092,57.59368674426161,15.774199187616066,56.464518111631875,20.33316256758894,20.33316256758894,1.6515608385880922,5.759368674426161,1.5774199187616067,5.646451811163188,2.033316256758894,2.033316256758894,2314.046450105252,2275.5806212507646,1900.5464561589772,1903.497766856165,1182.9569365989676,1182.9569365989676,187.01433756456834,18.701433756456836,10759.585167569096
72.3,0.0,0.0,0.0,1.1178075280272193,-12.0,-0.5786519735192233,-15.0,0.0,0.0,-12.0,6.6352535847945315,-15.1205349590331,6.226084850372109,-14.711366224610686,-7.499999999999999,-7.499999999999999,16.919959758110622,58.20546629154801,15.379265357124432,55.858921754704156,20.33316256758894,20.33316256758894,1.6919959758110623,5.820546629154801,1.5379265357124432,5.585892175470416,2.033316256758894,2.033316256758894,2315.738446081063,2281.4011678799193,1902.0843826946896,1909.0836590316355,1184.9902528557263,1184.9902528557263,187.02993829666508,18.70299382966651,10778.288161398761
72.4,0.0,0.0,0.0,1.117884733924892,-12.0,-0.876287884848048,-15.0,0.0,0.0,-12.0,6.740483770407156,-15.225765144645724,6.120854664759484,-14.606136038998061,-7.499999999999999,-7.499999999999999,17.32405839148445,58.814136845483425,14.991018470852563,55.26065773306495,20.33316256758894,20.33316256758894,1.732405839148445,5.881413684548343,1.4991018470852564,5.526065773306495,2.033316256758894,2.033316256758894,2317.4708519202118,2287.282581564468,1903.5834845417749,1914.609724804942,1187.0235691124851,1187.0235691124851,187.0561965760633,18.705619657606327,10796.993781056368
72.5,0.0,0.0,0.0,1.1179403747658776,-12.0,-1.1791139920292812,-15.0,0.0,0.0,-12.0,6.847548967361243,-15.332830341599811,6.013789467805397,-14.499070842043974,-7.499999999999999,-7.499999999999999,17.73845366004613,59.43558384000379,14.5994121141213,54.65416902442132,20.33316256758894,20.33316256758894,1.773845366004613,5.943558384000379,1.4599412114121302,5.465416902442133,2.033316256758894,2.033316256758894,2319.2446972862163,2293.2261399484682,1905.043425753187,1920.075141707384,1189.056885369244,1189.056885369244,187.09394377377043,18.709394377377045,10815.703175433744
72.60000000000001,0.0,0.0,0.0,1.1179788407114803,-12.0,-1.4829150632942691,-15.0,0.0,0.0,-12.0,6.9549588661728485,-15.440240240411416,5.906379568993792,-14.391660943232369,-7.499999999999999,-7.499999999999999,18.157451237333458,60.061215621755125,14.210032379970102,54.04797363681838,20.33316256758894,20.33316256758894,1.815745123733346,6.006121562175513,1.4210032379970103,5.404797363681838,2.033316256758894,2.033316256758894,2321.0604424099497,2299.2322615106436,1906.464428991184,1925.479939071066,1191.0902016260027,1191.0902016260027,187.14299801105494,18.714299801105494,10834.417475234848
72.7,0.0,0.0,0.0,1.1180040547568346,-12.0,-1.7874095651144857,-15.0,0.0,0.0,-12.0,7.062613929708396,-15.547895303946964,5.798724505458244,-14.284005879696823,-7.499999999999999,-7.499999999999999,18.580664338464995,60.69046278411038,13.823300593152894,53.44266026416387,20.33316256758894,20.33316256758894,1.8580664338464996,6.069046278411038,1.3823300593152894,5.3442660264163875,2.033316256758894,2.033316256758894,2322.918508843796,2305.3013077890546,1907.8467590504993,1930.8242050974823,1193.1235178827615,1193.1235178827615,187.20341311507002,18.720341311507003,10853.137816546354
72.8,0.0,0.0,0.0,1.1180194555879843,-12.0,-2.0923135148991214,-15.0,0.0,0.0,-12.0,7.170413754960034,-15.655695129198602,5.6909246802066065,-14.176206054445183,-7.499999999999999,-7.499999999999999,19.00769097417253,61.32274275463559,13.439629440147115,52.83881430947843,20.33316256758894,20.33316256758894,1.900769097417253,6.132274275463559,1.3439629440147116,5.283881430947844,2.033316256758894,2.033316256758894,2324.8192779412134,2311.4335820645183,1909.190721994514,1936.10808652843,1195.1568341395202,1195.1568341395202,187.27520261361155,18.727520261361153,10871.865336807716
72.9,0.0,0.0,0.0,1.1180279824510175,-12.0,-2.397340745521605,-15.0,0.0,0.0,-12.0,7.27825716656989,-15.763538540808458,5.58308126859675,-14.068362642835327,-7.499999999999999,-7.499999999999999,19.438114359668834,61.957460292148134,13.059422192466998,52.23701715878884,20.33316256758894,20.33316256758894,1.9438114359668834,6.195746029214813,1.3059422192466998,5.223701715878884,2.033316256758894,2.033316256758894,2326.76308937718,2317.629328093733,1910.4966642137606,1941.3317882443089,1197.190150396279,1197.190150396279,187.3583391382507,18.735833913825072,10890.601170721544
73.0,0.0,0.0,0.0,1.1180320621411552,-12.0,-2.702203173446752,-15.0,0.0,0.0,-12.0,7.386042311627323,-15.87132368586589,5.475296123539318,-13.960577497777894,-7.499999999999999,-7.499999999999999,19.871503368147607,62.5940080214122,12.68307195533592,51.63784547615615,20.33316256758894,20.33316256758894,1.9871503368147607,6.25940080214122,1.268307195533592,5.163784547615616,2.033316256758894,2.033316256758894,2328.750239713995,2323.888728895874,1911.7649714092943,1946.4955727919246,1199.2234666530378,1199.2234666530378,187.45275395622977,18.74527539562298,10909.346446117164
73.10000000000001,0.0,0.0,0.0,1.1180335982060472,-12.0,-3.0066110702073794,-15.0,0.0,0.0,-12.0,7.493666755650411,-15.978948129888979,5.36767167951623,-13.852953053754806,-7.499999999999999,-7.499999999999999,20.307413028051798,63.23176700505645,12.310960944309775,51.04187052164885,20.33316256758894,20.33316256758894,2.03074130280518,6.323176700505645,1.2310960944309777,5.104187052164885,2.033316256758894,2.033316256758894,2330.7809810168005,2330.2119055963794,1912.9960675037253,1951.5997598440895,1201.2567829097966,1201.2567829097966,187.55833663424474,18.755833663424475,10928.102279780589
73.2,0.0,0.0,0.0,1.1180339624425188,-12.0,-3.2992757511373947,-15.0,0.0,0.0,-12.0,7.597139345900116,-16.082420720138686,5.2641990892665245,-13.749480463505101,-7.499999999999999,-7.499999999999999,20.72946894076329,63.846951614487324,11.956704507075635,50.471065149229005,20.33316256758894,20.33316256758894,2.072946894076329,6.384695161448732,1.1956704507075635,5.047106514922901,2.033316256758894,2.033316256758894,2332.853927910877,2336.596600757828,1914.191737954433,1956.6468663590124,1203.2900991665554,1203.2900991665554,187.67051534673317,18.767051534673314,10946.869331315262
73.3,0.0,0.0,0.0,1.1180339887498463,-12.0,-3.5889713065858198,-15.0,0.0,0.0,-12.0,7.699562191768708,-16.184843566007274,5.161776243397933,-13.64705761763651,-7.499999999999999,-7.499999999999999,21.15008342413765,64.4578472587604,11.609454120439734,49.90816193492056,20.33316256758894,20.33316256758894,2.1150083424137653,6.44578472587604,1.1609454120439735,4.990816193492056,2.033316256758894,2.033316256758894,2334.9689362532904,2343.042385483704,1915.3526833664769,1961.6376825525044,1205.3234154233141,1205.3234154233141,187.7918718734362,18.779187187343624,10965.648518502603
73.4,0.0,0.0,0.0,1.1180339693855044,-12.0,-3.8754370301066468,-15.0,0.0,0.0,-12.0,7.800843119608253,-16.28612449384682,5.060495315558388,-13.545776689796964,-7.499999999999999,-7.499999999999999,21.56876873557912,65.0638358006439,11.269446304165273,49.353607787646595,20.33316256758894,20.33316256758894,2.1568768735579122,6.506383580064391,1.1269446304165274,4.93536077876466,2.033316256758894,2.033316256758894,2337.1258131268482,2349.5487690637683,1916.4796279968934,1966.573043331269,1207.356731680073,1207.356731680073,187.92198376321278,18.79219837632128,10984.440716878924
73.5,0.0,0.0,0.0,1.1180336536515323,-12.0,-4.158415121884531,-15.0,0.0,0.0,-12.0,7.900890983419938,-16.386172357658506,4.9604474517467025,-13.44572882598528,-7.499999999999999,-7.499999999999999,21.985034020621566,65.66429953479116,10.936901929002396,48.807836825611915,20.33316256758894,20.33316256758894,2.1985034020621566,6.5664299534791155,1.0936901929002396,4.880783682561192,2.033316256758894,2.033316256758894,2339.3243165289105,2356.1151990172475,1917.5733181897938,1971.4538270138303,1209.3900479368317,1209.3900479368317,188.0603974452049,18.806039744520493,11003.246756623445
73.60000000000001,0.0,0.0,0.0,1.1180322490214105,-12.0,-4.437650920737316,-15.0,0.0,0.0,-12.0,7.9996157468793605,-16.48489712111793,4.86172268828728,-13.347004062525857,-7.499999999999999,-7.499999999999999,22.398386156272593,66.25862201107607,10.61202617601207,48.27127019218707,20.33316256758894,20.33316256758894,2.2398386156272596,6.625862201107608,1.061202617601207,4.8271270192187075,2.033316256758894,2.033316256758894,2341.564155144538,2362.7410612183553,1918.634520807395,1976.280954033049,1211.4233641935905,1211.4233641935905,188.20662967072568,18.82066296707257,11022.067419590516
73.7,0.0,0.0,0.0,1.1180284246989618,-12.0,-4.712893133293859,-15.0,0.0,0.0,-12.0,8.096928564363122,-16.58220993860169,4.764409870803519,-13.249691245042095,-7.499999999999999,-7.499999999999999,22.80833060448001,66.84618886728926,10.295008545572843,47.74431590445278,20.33316256758894,20.33316256758894,2.280833060448001,6.684618886728926,1.0295008545572844,4.774431590445278,2.033316256758894,2.033316256758894,2343.844988204986,2369.425680105084,1919.6640216619521,1981.0553856234944,1213.4566804503493,1213.4566804503493,188.36016905697278,18.836016905697278,11040.903436496214
73.8,0.0,0.0,0.0,1.1180203175825172,-12.0,-4.9838940601411785,-15.0,0.0,0.0,-12.0,8.192741860903912,-16.67802323514248,4.668596574262729,-13.153877948501306,-7.499999999999999,-7.499999999999999,23.214372273802468,67.42638866945985,9.9860229168156,47.22736873398911,20.33316256758894,20.33316256758894,2.321437227380247,6.742638866945986,0.99860229168156,4.722736873398911,2.033316256758894,2.033316256758894,2346.166425432366,2376.16831897203,1920.6626239536338,1985.7781224968933,1215.489996707108,1215.489996707108,188.52047772924493,18.852047772924493,11059.75548426914
73.9,0.0,0.0,0.0,1.1180055405897433,-12.0,-5.250409818737193,-15.0,0.0,0.0,-12.0,8.28696941100207,-16.772250785240637,4.57436902416457,-13.059650398403146,-7.499999999999999,-7.499999999999999,23.616016387362016,67.99861375804498,9.685227658121287,46.72081011937245,20.33316256758894,20.33316256758894,2.3616016387362015,6.799861375804499,0.9685227658121287,4.672081011937245,2.033316256758894,2.033316256758894,2348.5280270711023,2382.9681803478347,1921.631146719446,1990.4502035088306,1217.5233129638668,1217.5233129638668,188.68699305807863,18.868699305807862,11078.624183574948
74.0,0.0,0.0,0.0,1.1179811932813357,-12.0,-5.51220056288831,-15.0,0.0,0.0,-12.0,8.379526416222634,-16.8648077904612,4.481812018944007,-12.967093393182584,-7.499999999999999,-7.499999999999999,24.012769355155967,68.5622610982131,9.392765789194145,46.225008109721315,20.33316256758894,20.33316256758894,2.4012769355155967,6.856226109821311,0.9392765789194146,4.622500810972132,2.033316256758894,2.033316256758894,2350.9293040066177,2389.824406457656,1922.5704232983653,1995.0727043198026,1219.5566292206256,1219.5566292206256,188.8591294874624,18.885912948746242,11097.510096523694
74.10000000000001,0.0,0.0,0.0,1.1179438747055355,-12.0,-5.769030698595237,-15.0,0.0,0.0,-12.0,8.470329581508349,-16.955610955746916,4.391008853658292,-12.876290227896869,-7.499999999999999,-7.499999999999999,24.404139648810045,69.11673313243567,9.108765195085876,45.74031733850713,20.33316256758894,20.33316256758894,2.440413964881005,6.9116733132435675,0.9108765195085877,4.574031733850713,2.033316256758894,2.033316256758894,2353.3697179714986,2396.7360797709,1923.4812998178738,1999.6467360536533,1221.5899454773844,1221.5899454773844,189.03628045001662,18.90362804500166,11116.413724568694
74.2,0.0,0.0,0.0,1.1178896983703157,-12.0,-6.020669096071316,-15.0,0.0,0.0,-12.0,8.559297190139475,-17.044578564378043,4.302041245027166,-12.787322619265742,-7.499999999999999,-7.499999999999999,24.78963867685694,69.66143863359045,8.83333889239756,45.267079026729846,20.33316256758894,20.33316256758894,2.478963867685694,6.966143863359045,0.883333889239756,4.526707902672984,2.033316256758894,2.033316256758894,2355.8486818391843,2403.7022236342586,1924.3646337071136,2004.1734439563263,1223.6232617341432,1223.6232617341432,189.2178203647527,18.921782036475268,11135.335506605168
74.3,0.0,0.0,0.0,1.1178143092363344,-12.0,-6.266889297743875,-15.0,0.0,0.0,-12.0,8.646349177273366,-17.131630551511932,4.214989257893274,-12.70027063213185,-7.499999999999999,-7.499999999999999,25.168781658637773,70.19579355678046,8.566585347714447,44.80562101443261,20.33316256758894,20.33316256758894,2.5168781658637776,7.019579355678046,0.8566585347714448,4.480562101443261,2.033316256758894,2.033316256758894,2358.3655600050483,2410.721802989937,1925.221292241885,2008.6540060577695,1225.656577990902,1225.656577990902,189.40310671274318,18.940310671274318,11154.275817276442
74.4,0.0,0.0,0.0,1.1177129026115316,-12.0,-6.50746972205083,-15.0,0.0,0.0,-12.0,8.73140720199746,-17.216688576236027,4.129931233169181,-12.615212607407758,-7.499999999999999,-7.499999999999999,25.541088494933376,70.71922188806975,8.308588848143001,44.35625781941608,20.33316256758894,20.33316256758894,2.5541088494933377,7.071922188806976,0.8308588848143001,4.435625781941608,2.033316256758894,2.033316256758894,2360.9196688545417,2417.793725178744,1926.0521511266993,2013.089631839711,1227.6898942476607,1227.6898942476607,189.5914821857401,18.959148218574008,11173.234965495018
74.5,0.0,0.0,0.0,1.1175802448176706,-12.0,-6.74219386284894,-15.0,0.0,0.0,-12.0,8.814394717830725,-17.29967609206929,4.046943717335916,-12.532225091574492,-7.499999999999999,-7.499999999999999,25.906084633448106,71.23115648834259,8.059419923609758,43.91929072189655,20.33316256758894,20.33316256758894,2.590608463344811,7.1231156488342595,0.8059419923609759,4.391929072189655,2.033316256758894,2.033316256758894,2363.5102773178864,2424.916840827578,1926.8580931190602,2017.4815609119007,1229.7232105044195,1229.7232105044195,189.78227690247488,18.97822769024749,11192.213193185264
74.60000000000001,0.0,0.0,0.0,1.1174106954903187,-12.0,-6.970850484254974,-15.0,0.0,0.0,-12.0,8.89523704161043,-17.380518415848996,3.96610139355621,-12.451382767794787,-7.499999999999999,-7.499999999999999,26.263301927289437,71.73103993050397,7.819135820347358,43.49500787373957,20.33316256758894,20.33316256758894,2.6263301927289437,7.173103993050397,0.7819135820347358,4.349500787373957,2.033316256758894,2.033316256758894,2366.1366075106152,2432.0899448206287,1927.640006701095,2021.8310616992746,1231.7565267611783,1231.7565267611783,189.9748106870582,18.99748106870582,11211.21067425397
74.7,0.0,0.0,0.0,1.1171982313667783,-12.0,-7.193233810743418,-15.0,0.0,0.0,-12.0,8.97386142070183,-17.459142794940398,3.8874770144648103,-12.372758388703387,-7.499999999999999,-7.499999999999999,26.612279484605164,72.21832532824789,7.587781024736372,43.08368443079591,20.33316256758894,20.33316256758894,2.6612279484605166,7.221832532824789,0.7587781024736372,4.308368443079591,2.033316256758894,2.033316256758894,2368.797835459076,2439.3117773534536,1928.3987848035686,2026.1394301423543,1233.789843017937,1233.789843017937,190.16839540356324,19.016839540356322,11230.227513794329
74.8,0.0,0.0,0.0,1.1169364714113224,-12.0,-7.409143712330908,-15.0,0.0,0.0,-12.0,9.050197098470747,-17.535478472709315,3.8111413366958935,-12.29642271093447,-7.499999999999999,-7.499999999999999,26.952564507569257,72.69247715464276,7.365387836382529,42.685582706761025,20.33316256758894,20.33316256758894,2.6952564507569257,7.269247715464276,0.7365387836382529,4.2685582706761025,2.033316256758894,2.033316256758894,2371.493091909833,2446.581025068918,1929.1353235872068,2030.4079884130304,1235.8231592746959,1235.8231592746959,190.36233734053343,19.036233734053344,11249.26374752838
74.9,0.0,0.0,0.0,1.1166187031237926,-12.0,-7.618385884679549,-15.0,0.0,0.0,-12.0,9.12417537795971,-17.609456752198277,3.7371630572069288,-12.222444431445506,-7.499999999999999,-7.499999999999999,27.283713118931317,73.15297204879835,7.1519769889957105,42.30095234688636,20.33316256758894,20.33316256758894,2.728371311893132,7.315297204879835,0.7151976988995711,4.230095234688636,2.033316256758894,2.033316256758894,2374.221463221726,2453.8963222737975,1929.8505212861064,2034.638083647719,1237.8564755314546,1237.8564755314546,190.55593963878962,19.055593963878962,11268.319341492259
75.0,0.0,0.0,0.0,1.1162379098760897,-12.0,-7.820772023957547,-15.0,0.0,0.0,-12.0,9.19572968371053,-17.6810110579491,3.6656087514561104,-12.150890125694687,-7.499999999999999,-7.499999999999999,27.605291174379044,73.59929960890746,6.947558317288939,41.93003051977852,20.33316256758894,20.33316256758894,2.7605291174379047,7.359929960890746,0.694755831728894,4.193003051977852,2.033316256758894,2.033316256758894,2376.9819923391638,2461.2562522346884,1930.5452771178352,2038.831086699697,1239.8897917882134,1239.8897917882134,190.74850475553185,19.074850475553184,11287.394191967811
75.10000000000001,0.0,0.0,0.0,1.1157867991212913,-12.0,-8.016119996300285,-15.0,0.0,0.0,-12.0,9.264795621677827,-17.750076995916395,3.5965428134888136,-12.08182418772739,-7.499999999999999,-7.499999999999999,27.916875058997388,74.03096316998412,6.752131467737908,41.573042125439386,20.33316256758894,20.33316256758894,2.791687505899739,7.403096316998412,0.6752131467737909,4.157304212543939,2.033316256758894,2.033316256758894,2379.7736798450633,2468.659348551687,1931.220490264609,2042.988390912241,1241.9231080449722,1241.9231080449722,190.9393369573367,19.093933695733668,11306.488125663544
75.2,0.0,0.0,0.0,1.1152578313219543,-12.0,-8.204254001718196,-15.0,0.0,0.0,-12.0,9.331311037179223,-17.81659241141779,3.5300273979874177,-12.015308772225994,-7.499999999999999,-7.499999999999999,28.2180524661433,74.44748056464937,6.5656866506344755,41.230200017629215,20.33316256758894,20.33316256758894,2.82180524661433,7.444748056464937,0.6565686650634476,4.123020001762922,2.033316256758894,2.033316256758894,2382.595485091678,2476.104096608152,1931.8770589296726,2047.1114109140037,1243.956424301731,1243.956424301731,191.12774483423425,19.112774483423426,11325.600900146967
75.3,0.0,0.0,0.0,1.1146432494474754,-12.0,-8.385004732305115,-15.0,0.0,0.0,-12.0,9.395216070830438,-17.880497445069004,3.4661223643362025,-11.95140373857478,-7.499999999999999,-7.499999999999999,28.50842315709901,74.84838486535558,6.388205430426051,40.90170523856504,20.33316256758894,20.33316256758894,2.850842315709901,7.484838486535558,0.6388205430426052,4.0901705238565045,2.033316256758894,2.033316256758894,2385.446327407388,2483.5889350946873,1932.5158794727151,2051.20158143786,1245.9897405584898,1245.9897405584898,191.31304382662358,19.131304382662357,11344.732204529628
75.4,0.0,0.0,0.0,1.1139351088950709,-12.0,-8.558209524603797,-15.0,0.0,0.0,-12.0,9.456453212414642,-17.94173458665321,3.4048852227519992,-11.890166596990575,-7.499999999999999,-7.499999999999999,28.787599699907506,75.23322510647635,6.21966155086805,40.58774726391524,20.33316256758894,20.33316256758894,2.878759969990751,7.523322510647636,0.6219661550868051,4.058774726391524,2.033316256758894,2.033316256758894,2388.3250873773786,2491.112257605335,1933.1378456278019,2055.260356164252,1248.0230568152485,1248.0230568152485,191.49455875634504,19.1494558756345,11363.881660405266
75.5,0.0,0.0,0.0,1.1131253076948193,-12.0,-8.723712505992129,-15.0,0.0,0.0,-12.0,9.51496735263778,-18.00024872687635,3.346371082528859,-11.831652456767436,-7.499999999999999,-7.499999999999999,29.055208185842357,75.60156698473419,6.06002179102359,40.28850425600319,20.33316256758894,20.33316256758894,2.905520818584236,7.56015669847342,0.606002179102359,4.02885042560032,2.033316256758894,2.033316256758894,2391.2306081959628,2498.672414303808,1933.7438478069043,2059.2892065898523,1250.0563730720073,1250.0563730720073,191.67162635278123,19.167162635278125,11383.048823040543
75.60000000000001,0.0,0.0,0.0,1.1122056168661612,-12.0,-8.881364734958037,-15.0,0.0,0.0,-12.0,9.570705832723265,-18.05598720696183,3.2906326024433747,-11.775913976681952,-7.499999999999999,-7.499999999999999,29.310888922012644,75.95299353648367,5.9092468476347575,40.00414332310095,20.33316256758894,20.33316256758894,2.931088892201265,7.595299353648368,0.5909246847634758,4.000414332310095,2.033316256758894,2.033316256758894,2394.161697088164,2506.2677136574566,1934.3347724916678,2063.289620922162,1252.089689328766,1252.089689328766,191.8435977644099,19.184359776440992,11402.233182816983
75.7,0.0,0.0,0.0,1.111167710801082,-12.0,-9.031024335136582,-15.0,0.0,0.0,-12.0,9.623618491801224,-18.108899866039792,3.2377199433654162,-11.723001317603993,-7.499999999999999,-7.499999999999999,29.554297098655184,76.28710579041508,5.767292238866775,39.73482078267181,20.33316256758894,20.33316256758894,2.9554297098655185,7.628710579041509,0.5767292238866775,3.9734820782671814,2.033316256758894,2.033316256758894,2397.11712679803,2513.896424236498,1934.9115017155546,2067.2631030004295,1254.1230055855249,1254.1230055855249,192.00984104578674,19.200984104578676,11421.434166921561
75.8,0.0,0.0,0.0,1.1100031975577505,-12.0,-9.172556622989356,-15.0,0.0,0.0,-12.0,9.673657712049996,-18.158939086288562,3.187680723116645,-11.67296209735522,-7.499999999999999,-7.499999999999999,29.785103429723314,76.60352339429967,5.634109223898606,39.48068242640998,20.33316256758894,20.33316256758894,2.9785103429723314,7.660352339429967,0.5634109223898606,3.948068242640998,2.033316256758894,2.033316256758894,2400.095637141002,2521.5567765759283,1935.4749126379445,2071.2111712430706,1256.1563218422837,1256.1563218422837,192.16974360950945,19.216974360950942,11440.651141282513
75.9,0.0,0.0,0.0,1.1087036489575217,-12.0,-9.305834229010454,-15.0,0.0,0.0,-12.0,9.720778461548909,-18.206059835787478,3.140559973617732,-11.625841347856309,-7.499999999999999,-7.499999999999999,30.00299476543604,76.90188521444925,5.509645732315314,39.24186378493132,20.33316256758894,20.33316256758894,3.000299476543604,7.6901885214449255,0.5509645732315315,3.924186378493132,2.033316256758894,2.033316256758894,2403.0959366175457,2529.246965097373,1936.025877211176,2075.135357621564,1258.1896380990424,1258.1896380990424,192.3227146323098,19.232271463230983,11459.883412745743
76.0,0.0,0.0,0.0,1.107260630387745,-12.0,-9.430737212350413,-15.0,0.0,0.0,-12.0,9.764938334803967,-18.250219709042533,3.0964001003626738,-11.58168147460125,-7.499999999999999,-7.499999999999999,30.207674675513513,77.18184990662252,5.393847296755992,39.018490389984365,20.33316256758894,20.33316256758894,3.0207674675513516,7.718184990662252,0.5393847296755993,3.901849038998437,2.033316256758894,2.033316256758894,2406.116704085097,2536.9651500880354,1936.5652619408518,2079.0372066605623,1260.2229543558012,1260.2229543558012,192.46818740405428,19.246818740405427,11479.130231486148
76.10000000000001,0.0,0.0,0.0,1.1056657302226254,-12.0,-9.547153168754921,-15.0,0.0,0.0,-12.0,9.806097590909939,-18.291378965148507,3.0552408442567014,-11.540522218495278,-7.499999999999999,-7.499999999999999,30.398864001886103,77.44309645717155,5.286657981805174,38.81067803208225,20.33316256758894,20.33316256758894,3.0398864001886103,7.744309645717156,0.5286657981805174,3.881067803208225,2.033316256758894,2.033316256758894,2409.1565904852855,2544.7094597337527,1937.0939277390323,2082.9182744637706,1262.25627061256,1262.25627061256,192.60562160812296,19.260562160812295,11498.390793646962
76.2,0.0,0.0,0.0,1.1039105887843437,-12.0,-9.654977331721039,-15.0,0.0,0.0,-12.0,9.844219189314492,-18.32950056355306,3.0171192458521485,-11.502400620090725,-7.499999999999999,-7.499999999999999,30.576301379729145,77.68532469328387,5.188021301698886,38.61853301150083,20.33316256758894,20.33316256758894,3.0576301379729145,7.768532469328388,0.5188021301698886,3.861853301150083,2.033316256758894,2.033316256758894,2412.2142206232584,2552.477992203081,1937.6127298692022,2086.7801277649205,1264.2895868693188,1264.2895868693188,192.73450552139062,19.27345055213906,11517.664244199103
76.3,0.0,0.0,0.0,1.101986926776614,-12.0,-9.75411266678003,-15.0,0.0,0.0,-12.0,9.879268823152199,-18.364550197390766,2.982069612014442,-11.467350986253019,-7.499999999999999,-7.499999999999999,30.739743725742095,77.90825576124223,5.097881119065946,38.44215238064658,20.33316256758894,20.33316256758894,3.0739743725742095,7.790825576124224,0.5097881119065946,3.8442152380646584,2.033316256758894,2.033316256758894,2415.288194995833,2560.268817779205,1938.1225179811088,2090.6243430029854,1266.3229031260776,1266.3229031260776,192.85435812187475,19.285435812187472,11536.949680011288
76.4,0.0,0.0,0.0,1.099886573132758,-12.0,-9.844469958821794,-15.0,0.0,0.0,-12.0,9.91121495011839,-18.39649632435696,2.95012348504825,-11.435404859286827,-7.499999999999999,-7.499999999999999,30.888966692659604,78.11163257169103,5.016182516658643,38.281624175870824,20.33316256758894,20.33316256758894,3.0888966692659605,7.811163257169103,0.5016182516658643,3.8281624175870825,2.033316256758894,2.033316256758894,2418.3770916650988,2568.079981036374,1938.6241362327746,2094.4525054205724,1268.3562193828363,1268.3562193828363,192.964731092058,19.2964731092058,11556.246153120494
76.5,0.0,0.0,0.0,1.0976014922300996,-12.0,-9.925967892382383,-15.0,0.0,0.0,-12.0,9.940028820855082,-18.42531019509365,2.921309614311558,-11.406590988550136,-7.499999999999999,-7.499999999999999,31.023765089052805,78.29522021096888,4.942872633861104,38.1370276368927,20.33316256758894,20.33316256758894,3.1023765089052806,7.8295220210968886,0.49428726338611045,3.8137027636892697,2.033316256758894,2.033316256758894,2421.479468174004,2575.9095030574713,1939.1184234961606,2098.266208184262,1270.3895356395951,1270.3895356395951,193.06521070595335,19.306521070595338,11575.552674191087
76.60000000000001,0.0,0.0,0.0,1.095123810431979,-12.0,-9.998533124822574,-15.0,0.0,0.0,-12.0,9.965684504823502,-18.450965879062068,2.8956539303431397,-11.380935304581715,-7.499999999999999,-7.499999999999999,31.143953263551904,78.4588063176392,4.8779014597147095,38.008433412092614,20.33316256758894,20.33316256758894,3.1143953263551905,7.8458806317639205,0.48779014597147097,3.8008433412092617,2.033316256758894,2.033316256758894,2424.5938635003595,2583.7553836892353,1939.6062136421322,2102.067051525471,1272.422851896354,1272.422851896354,193.1554195881763,19.315541958817633,11594.868216149905
76.7,0.0,0.0,0.0,1.0924458419278842,-12.0,-10.06210035233116,-15.0,0.0,0.0,-12.0,9.988158913639776,-18.473440287878343,2.8731795215268647,-11.358460895765441,-7.499999999999999,-7.499999999999999,31.249365452694153,78.60220142342251,4.821222574282975,37.89590374805198,20.33316256758894,20.33316256758894,3.1249365452694153,7.860220142342252,0.4821222574282975,3.789590374805198,2.033316256758894,2.033316256758894,2427.718800045629,2591.6156038315776,1940.0883358995604,2105.8566419002764,1274.4561681531127,1274.4561681531127,193.2350183336295,19.32350183336295,11614.191717983267
76.80000000000001,0.0,0.0,0.0,1.0895601138510482,-12.0,-10.116612368694048,-15.0,0.0,0.0,-12.0,10.00743182185295,-18.49271319609152,2.85390661331369,-11.339187987552267,-7.499999999999999,-7.499999999999999,31.339856091678662,78.72523925781164,4.772793830402616,37.799492661837654,20.33316256758894,20.33316256758894,3.1339856091678664,7.872523925781164,0.47727938304026163,3.7799492661837655,2.033316256758894,2.033316256758894,2430.8527856547967,2599.4881277573586,1940.5656152826007,2109.63659116646,1276.4894844098715,1276.4894844098715,193.30370697690844,19.330370697690846,11633.522088680958
76.9,0.0,0.0,0.0,1.086459390661342,-12.0,-10.162020116775953,-15.0,0.0,0.0,-12.0,10.023485885146513,-18.50876725938508,2.837852550020127,-11.323133924258704,-7.499999999999999,-7.499999999999999,31.41530008738484,78.8277770157263,4.732577968243279,37.719246094668264,20.33316256758894,20.33316256758894,3.141530008738484,7.88277770157263,0.47325779682432795,3.7719246094668266,2.033316256758894,2.033316256758894,2433.994315663535,2607.3709054589312,1941.038873079425,2113.408515775927,1278.5228006666302,1278.5228006666302,193.36122630120056,19.336122630120055,11652.858211311079
77.0,0.0,0.0,0.0,1.083136697789411,-12.0,-10.198282732668542,-15.0,0.0,0.0,-12.0,10.03630665594712,-18.52158803018569,2.825031779219521,-11.310313153458097,-7.499999999999999,-7.499999999999999,31.47559305309067,78.90969558764226,4.700543155626512,37.65520204574491,20.33316256758894,20.33316256758894,3.147559305309067,7.890969558764226,0.47005431556265126,3.765520204574491,2.033316256758894,2.033316256758894,2437.141874968844,2615.2618750176953,1941.5089273949877,2117.1740359805012,1280.556116923389,1280.556116923389,193.40735897728226,19.340735897728223,11672.198947208808
77.10000000000001,0.0,0.0,0.0,1.0795853445457044,-12.0,-10.22536758246517,-15.0,0.0,0.0,-12.0,10.045882596426427,-18.531163970664995,2.8154558387402133,-11.30073721297879,-7.499999999999999,-7.499999999999999,31.520651504405674,78.97089975170938,4.676663447734297,37.607390685186516,20.33316256758894,20.33316256758894,3.1520651504405675,7.897089975170939,0.4676663447734297,3.7607390685186517,2.033316256758894,2.033316256758894,2440.293940119285,2623.158964992866,1941.9765937397613,2120.9347750490197,1282.5894331801478,1282.5894331801478,193.44193052421377,19.344193052421375,11691.543140261228
77.2,0.0,0.0,0.0,1.0757989463053894,-12.0,-10.243250291629177,-15.0,0.0,0.0,-12.0,10.052205088884355,-18.537486463122924,2.8091333462822856,-11.294414720520862,-7.499999999999999,-7.499999999999999,31.550413016014005,79.01131832745315,4.660919160660254,37.57583444517489,20.33316256758894,20.33316256758894,3.1550413016014005,7.901131832745316,0.4660919160660254,3.7575834445174894,2.033316256758894,2.033316256758894,2443.4489814208864,2631.0600968256113,1942.4426856558273,2124.692358493537,1284.6227494369066,1284.6227494369066,193.46481008448018,19.34648100844802,11710.889621269676
77.30000000000001,0.0,0.0,0.0,1.0717714459870986,-12.0,-10.251914766929374,-15.0,0.0,0.0,-12.0,10.05526844350445,-18.54054981774302,2.8060699916621887,-11.291351365900766,-7.499999999999999,-7.499999999999999,31.564836338904023,79.03090429073545,4.653297154209583,37.56054808858682,20.33316256758894,20.33316256758894,3.1564836338904025,7.903090429073545,0.46532971542095836,3.756054808858682,2.033316256758894,2.033316256758894,2446.6054650547767,2638.9631872546847,1942.9080153712482,2128.4484133023957,1286.6560656936654,1286.6560656936654,193.47591100761375,19.347591100761377,11730.237212370435
77.4,0.0,0.0,0.0,1.0674971348501219,-12.0,-10.251353210922819,-15.0,0.0,0.0,-12.0,10.055069903474326,-18.540351277712894,2.8062685316923144,-11.291549905930891,-7.499999999999999,-7.499999999999999,31.563901477842183,79.02963484973178,4.653791020418273,37.56153875456934,20.33316256758894,20.33316256758894,3.1563901477842187,7.902963484973178,0.46537910204182736,3.7561538754569344,2.033316256758894,2.033316256758894,2449.761855202561,2646.8661507396578,1943.37339447329,2132.204567177853,1288.6893819504241,1288.6893819504241,193.47519123773947,19.347519123773946,11749.58473149421
77.5,0.0,0.0,0.0,1.062970672640945,-12.0,-10.241566128972021,-15.0,0.0,0.0,-12.0,10.051609647466607,-18.536891021705173,2.809728787700033,-11.29501016193861,-7.499999999999999,-7.499999999999999,31.54760972893148,79.00751148176514,4.662401175413598,37.578805980696394,20.33316256758894,20.33316256758894,3.1547609728931483,7.900751148176514,0.46624011754135986,3.7578805980696397,2.033316256758894,2.033316256758894,2452.9166161754542,2654.766901887834,1943.8396345908313,2135.9624477759226,1290.722698207183,1290.722698207183,193.46265350198448,19.34626535019845,11768.930996844407
77.60000000000001,0.0,0.0,0.0,1.058187107126123,-12.0,-10.22256232879012,-15.0,0.0,0.0,-12.0,10.044890789478139,-18.530172163716706,2.816447645688502,-11.301729019927079,-7.499999999999999,-7.499999999999999,31.515983677176823,78.96455993091827,4.679134853450229,37.612341701531435,20.33316256758894,20.33316256758894,3.1515983677176824,7.896455993091827,0.4679134853450229,3.7612341701531435,2.033316256758894,2.033316256758894,2456.068214543172,2662.663357880926,1944.3075480761763,2139.723681946076,1292.7560144639417,1292.7560144639417,193.43834529825466,19.34383452982546,11788.274831374232
77.7,0.0,0.0,0.0,1.0531418930543255,-12.0,-10.194358912514566,-15.0,0.0,0.0,-12.0,10.034919376027604,-18.52020075026617,2.8264190591390372,-11.311700433377613,-7.499999999999999,-7.499999999999999,31.469067154062383,78.9008301664296,4.704006003197623,37.66213022360697,20.33316256758894,20.33316256758894,3.1469067154062387,7.8900830166429605,0.47040060031976233,3.7662130223606973,2.033316256758894,2.033316256758894,2459.215121258578,2670.553440897569,1944.7779486764962,2143.4898949684366,1294.7893307207005,1294.7893307207005,193.40235868247447,19.340235868247447,11807.615067242481
77.80000000000001,0.0,0.0,0.0,1.0478309105960286,-12.0,-10.156981261316327,-15.0,0.0,0.0,-10.845218747715904,8.994592865899994,-17.479874240138564,1.8125225396385263,-10.297803913877104,-7.499999999999999,-7.499999999999999,26.704552393630223,72.34699441306071,2.415673092059183,32.71372245204983,20.33316256758894,20.33316256758894,2.6704552393630223,7.234699441306072,0.2415673092059183,3.271372245204983,2.033316256758894,2.033316256758894,2461.885576497941,2677.788140338875,1945.0195159857021,2146.7612672136415,1296.8226469774593,1296.8226469774593,174.84726748597782,17.484726748597783,11825.09979399108
77.9,0.0,0.0,0.0,1.042250483314936,-12.0,-10.110463012558576,-15.0,0.0,0.0,-9.32385694674489,7.624982349748885,-16.110263723987455,0.47580539263294774,-8.961086766871524,-7.499999999999999,-7.499999999999999,20.843531449862038,64.01282777306902,0.32490551087592107,26.55547423225754,20.33316256758894,20.33316256758894,2.084353144986204,6.4012827773069025,0.03249055108759211,2.6555474232257543,2.033316256758894,2.033316256758894,2463.9699296429276,2684.189423116182,1945.0520065367898,2149.4168146368675,1298.855963234218,1298.855963234218,152.4030641012424,15.24030641012424,11840.340100401205
78.0,0.0,0.0,0.0,1.036397395730635,-12.0,-10.054846029525308,-15.0,0.0,0.0,-7.808563236841274,6.257552163285586,-14.742833537524156,-0.8522976479783906,-7.632983726260186,-7.499999999999999,-7.499999999999999,15.496005281868849,56.03823920341639,0.7789327657293733,20.876348710293872,20.33316256758894,20.33316256758894,1.549600528186885,5.60382392034164,0.07789327657293733,2.0876348710293873,2.033316256758894,2.033316256758894,2465.5195301711146,2689.7932470365236,1945.1298998133627,2151.504449507897,1300.8892794909768,1300.8892794909768,133.85585109648636,13.385585109648638,11853.725685510852
78.10000000000001,0.0,0.0,0.0,1.0302689105375504,-12.0,-9.990180363747196,-15.0,0.0,0.0,-6.306002760033192,4.898248262933901,-13.383529637172469,-2.1658760175484315,-6.319405356690144,-7.499999999999999,-7.499999999999999,10.731840947958629,48.46955531815498,3.155465429434875,15.726329064852191,20.33316256758894,20.33316256758894,1.0731840947958629,4.846955531815499,0.31554654294348755,1.5726329064852191,2.033316256758894,2.033316256758894,2466.5927142659107,2694.640202568339,1945.4454463563063,2153.077082414382,1302.9225957477356,1302.9225957477356,118.74951589557857,11.874951589557856,11865.600637100408
78.2,0.0,0.0,0.0,1.0238627855507443,-11.837962550321539,-9.916524209958673,-15.0,0.0,0.0,-4.822568077168503,3.6100659286275603,-11.980769523392315,-3.4019755860347876,-4.968728008729972,-7.499999999999999,-7.499999999999999,6.790249586003887,41.05254712431582,6.211690758445654,10.964299081636792,20.33316256758894,20.33316256758894,0.6790249586003888,4.105254712431583,0.6211690758445654,1.0964299081636792,2.033316256758894,2.033316256758894,2467.271739224511,2698.7454572807706,1946.066615432151,2154.173512322546,1304.9559120044944,1304.9559120044944,105.68511168558004,10.568511168558004,11876.169148268966
78.30000000000001,0.0,0.0,0.0,1.017177290454759,-11.603553521103233,-9.833943853726483,-15.0,0.0,0.0,-3.364222385946478,2.3666308448677125,-10.571582225500848,-4.587017539910053,-3.617933840723086,-7.499999999999998,-7.499999999999998,3.6041994708279272,34.02695023740202,9.725426119876229,6.8124600607557575,20.333162567588932,20.333162567588932,0.36041994708279274,3.4026950237402023,0.9725426119876229,0.6812460060755758,2.0333162567588934,2.0333162567588934,2467.6321591715937,2702.148152304511,1947.0391580441385,2154.8547583286213,1306.9892282612532,1306.9892282612532,94.83536102403978,9.483536102403981,11885.65268437137
78.4,0.0,0.0,0.0,1.0102112234375564,-11.36653374129483,-9.742513611797246,-15.0,0.0,0.0,-1.9363695403792978,1.1481115263656338,-9.185464613420905,-5.740885914338442,-2.2964671727168326,-7.499999999999998,-7.499999999999998,1.2178369687314727,27.559080949303787,13.616999217672548,3.445112436890627,20.333162567588932,20.333162567588932,0.12178369687314727,2.755908094930379,1.361699921767255,0.3445112436890627,2.0333162567588934,2.0333162567588934,2467.7539428684668,2704.9040603994413,1948.4008579659057,2155.19926957231,1309.022544518012,1309.022544518012,86.50535470777629,8.65053547077763,11894.303219842146
78.5,0.0,0.0,0.0,1.0029639277975722,-11.126956539346812,-9.642315765217317,-15.0,0.0,0.0,-0.5419443884938799,-0.04287141204736322,-7.825075010892768,-6.86101827597448,-1.006928146965651,-7.499999999999998,-7.499999999999998,0.008787487492322697,21.66934588896608,17.790817395328087,1.0002550653116755,20.333162567588932,20.333162567588932,0.0008787487492322697,2.1669345888966083,1.779081739532809,0.10002550653116755,2.0333162567588934,2.0333162567588934,2467.754821617216,2707.070994988338,1950.1799397054385,2155.299295078841,1311.0558607747707,1311.0558607747707,81.13553097227603,8.113553097227603,11902.416772939374
78.60000000000001,0.0,0.0,0.0,0.995435308618259,-10.884875819118937,-9.533440485285485,-15.0,0.0,0.0,0.804189014019871,-1.1930844251603134,-6.503685078912163,-7.934244840344048,0.2374753362715727,-7.499999999999998,-7.499999999999998,1.2900893866138021,16.41921135853425,22.124396600265587,0.11456205749829003,20.333162567588932,20.333162567588932,0.12900893866138022,1.641921135853425,2.212439660026559,0.011456205749829003,2.0333162567588934,2.0333162567588934,2467.883830555877,2708.7129161241915,1952.392379365465,2155.310751284591,1313.0891770315295,1313.0891770315295,80.61458453808979,8.061458453808982,11910.478231393185
78.7,0.0,0.0,0.0,0.9876258496110588,-10.640346047752015,-9.415985752404836,-15.0,0.0,0.0,2.113307663591111,-2.312542368518689,-5.211318476018242,-8.970649745600063,1.446788901063134,-7.499999999999998,-7.499999999999998,3.481349179736476,11.776994167174404,26.59799427163533,1.7227441764807452,20.333162567588932,20.333162567588932,0.34813491797364765,1.1776994167174404,2.659799427163533,0.17227441764807452,2.0333162567588934,2.0333162567588934,2468.231965473851,2709.890615540909,1955.0521787926286,2155.483025702239,1315.1224932882883,1315.1224932882883,84.24540693020481,8.424540693020482,11918.902772086205
78.80000000000001,0.0,0.0,0.0,0.9795366302347288,-10.393422243412912,-9.290057267906967,-15.0,0.0,0.0,3.386066670190314,-3.4018100055624636,-3.9474493424899086,-9.970872497310848,2.6216131492584793,-7.499999999999998,-7.499999999999998,6.211237262168964,7.764042177425465,31.16827607178596,4.2020957861444295,20.333162567588932,20.333162567588932,0.6211237262168965,0.7764042177425465,3.116827607178596,0.42020957861444297,2.0333162567588934,2.0333162567588934,2468.8530892000676,2710.667019758652,1958.1690063998071,2155.9032352808536,1317.155809545047,1317.155809545047,90.01197643270268,9.00119764327027,11927.903969729474
78.9,0.0,0.0,0.0,0.9711693432062819,-10.144159962916024,-9.15576835892806,-15.0,0.0,0.0,4.604823753033665,-4.445175117212541,-2.727829182006458,-10.919281010783799,3.746276711564803,-7.499999999999997,-7.499999999999997,9.277828701578425,4.460040418890872,35.71939563348735,7.17815474766256,20.333162567588925,20.333162567588925,0.9277828701578426,0.44600404188908727,3.571939563348735,0.717815474766256,2.0333162567588925,2.0333162567588925,2469.7808720702255,2711.1130238005408,1961.7409459631558,2156.6210507556198,1319.1891258018059,1319.1891258018059,97.30174463679707,9.730174463679706,11937.634144193154
79.0,0.0,0.0,0.0,0.9625263125264628,-9.892615289222835,-9.013239876421949,-15.0,0.0,0.0,5.775468032652955,-5.447852838567453,-1.5472825161117352,-11.821175875646409,4.8260405209672275,-7.499999999999997,-7.499999999999997,12.587836380314439,1.9053179767887471,40.23500467071449,10.49541181510462,20.333162567588925,20.333162567588925,1.2587836380314439,0.19053179767887474,4.023500467071449,1.049541181510462,2.0333162567588925,2.0333162567588925,2471.0396557082568,2711.3035555982196,1965.7644464302273,2157.67059193713,1321.2224420585646,1321.2224420585646,105.88989597810016,10.588989597810015,11948.223133790963
79.10000000000001,0.0,0.0,0.0,0.9536105121508406,-9.638844818823696,-8.862600086402479,-15.0,0.0,0.0,6.897412056717631,-6.409295325559312,-0.40639720863574436,-12.676099945598986,5.860407411403935,-7.499999999999997,-7.499999999999997,16.063066704711687,0.2564715002854959,44.677773284045195,14.044450482413572,20.333162567588925,20.333162567588925,1.6063066704711688,0.025647150028549594,4.4677773284045195,1.4044450482413573,2.0333162567588925,2.0333162567588925,2472.6459623787277,2711.329202748248,1970.2322237586318,2159.0750369853718,1323.2557583153234,1323.2557583153234,115.7080871066338,11.57080871066338,11959.793942501627
79.2,0.0,0.0,0.0,0.9444255854459491,-9.382905649003892,-8.703984554512804,-15.0,0.0,0.0,7.970586060987536,-7.329412784154521,0.6946965725103036,-13.484059285993492,6.8493430743492825,-7.499999999999997,-7.499999999999997,19.643406764972315,0.5731994593418781,49.016694174908686,17.745425519970702,20.333162567588925,20.333162567588925,1.9643406764972315,0.057319945934187815,4.901669417490869,1.7745425519970703,2.0333162567588925,2.0333162567588925,2474.610303055225,2711.386522694182,1975.1338931761227,2160.8495795373688,1325.2890745720822,1325.2890745720822,127.64505105437144,12.764505105437143,11972.558447607062
79.30000000000001,0.0,0.0,0.0,0.9349758655786089,-9.1248553649969,-8.537536024025403,-15.0,0.0,0.0,8.995361367149606,-8.208505375726237,1.756258269790476,-14.245454992939033,7.793207887003279,-7.499999999999997,-7.499999999999997,23.28140405803556,2.304069692001539,53.226452930639375,21.537110183945174,20.333162567588925,20.333162567588925,2.328140405803556,0.2304069692001539,5.322645293063938,2.1537110183945174,2.0333162567588925,2.0333162567588925,2476.9384434610283,2711.616929663382,1980.4565384691866,2163.003290555763,1327.322390828841,1327.322390828841,141.0153619997995,14.10153619997995,11986.659983807043
79.4,0.0,0.0,0.0,0.9252663969953956,-8.864752027028011,-8.363404287382789,-15.0,0.0,0.0,9.972474886706392,-9.047196108441288,2.7788698365925857,-14.9610159938543,8.692689722005605,-7.499999999999997,-7.499999999999997,26.939159660539897,4.585802480986517,57.28681386644845,25.37139256292352,20.333162567588925,20.333162567588925,2.6939159660539898,0.4585802480986518,5.728681386644845,2.5371392562923525,2.0333162567588925,2.0333162567588925,2479.6323594270825,2712.075509911481,1986.1852198558315,2165.5404298120557,1329.3557070855998,1329.3557070855998,154.8494937060762,15.484949370607623,12002.144933177651
79.5,0.0,0.0,0.0,0.9153029581580056,-8.60265415725093,-8.181746051394388,-15.0,0.0,0.0,10.902957704036849,-9.846367359041281,3.7633722682464996,-15.63173547392851,9.548740383133739,-7.499999999999997,-7.499999999999997,30.586310299715876,7.227345364811773,61.18202308616,29.210040983139372,20.333162567588925,20.333162567588925,3.058631029971588,0.7227345364811774,6.1182023086160005,2.9210040983139374,2.0333162567588925,2.0333162567588925,2482.690990457054,2712.798244447962,1992.3034221644475,2168.4614339103696,1331.3890233423585,1331.3890233423585,168.87204486900487,16.887204486900487,12019.032137664552
79.60000000000001,0.0,0.0,0.0,0.9050920857088064,-8.338620726580583,-7.992724796210976,-15.0,0.0,0.0,11.788069713460512,-10.60710278147483,4.710807519967,-16.258812685033476,10.362517423525656,-7.499999999999997,-7.499999999999997,34.19859023450344,10.121760976980443,64.90023649022369,33.02257601187195,20.333162567588925,20.333162567588925,3.4198590234503445,1.0121760976980443,6.490023649022369,3.302257601187195,2.0333162567588925,2.0333162567588925,2486.1108494805044,2713.8104205456602,1998.7934458134698,2171.7636915115568,1333.4223395991173,1333.4223395991173,182.90948884875735,18.29094888487574,12037.323086549426
79.7,0.0,0.0,0.0,0.8946411002487705,-8.072711141425108,-7.79651062820376,-15.0,0.0,0.0,12.0,-10.770961532635617,5.062692741973724,-16.283927067431485,10.575658276769602,-7.499999999999997,-7.499999999999997,34.99409368214154,11.27678742362866,65.0506680115195,34.046631628367024,20.333162567588925,20.333162567588925,3.4994093682141543,1.127678742362866,6.505066801151951,3.4046631628367026,2.0333162567588925,2.0333162567588925,2489.6102588487183,2714.9380992880233,2005.2985126146218,2175.1683546743934,1335.455655855876,1335.455655855876,186.03450588083456,18.60345058808346,12055.92653713751
79.80000000000001,0.0,0.0,0.0,0.8839581339167883,-7.804985230319276,-7.593280126879819,-15.0,0.0,0.0,12.0,-10.748158961829526,5.229200978409915,-16.11741883099529,10.59846084757569,-7.499999999999997,-7.499999999999997,34.883026603123774,11.837664809273695,64.05547786483879,34.15680477846888,20.333162567588925,20.333162567588925,3.4883026603123777,1.1837664809273696,6.405547786483879,3.4156804778468883,2.0333162567588925,2.0333162567588925,2493.098561509031,2716.1218657689506,2011.7040604011056,2178.58403515224,1337.4889721126349,1337.4889721126349,185.59929919088296,18.559929919088304,12074.486467056597
79.9,0.0,0.0,0.0,0.8730521599645862,-7.535503230463655,-7.383216185972711,-15.0,0.0,0.0,12.0,-10.727151505625809,5.39874607171182,-15.947873737693389,10.619468303779408,-7.499999999999997,-7.499999999999997,34.78080740396882,12.418020985115124,63.0474057019069,34.25840958321407,20.333162567588925,20.333162567588925,3.4780807403968823,1.2418020985115126,6.30474057019069,3.425840958321407,2.0333162567588925,2.0333162567588925,2496.5766422494276,2717.363667867462,2018.0088009712963,2182.0098761105614,1339.5222883693937,1339.5222883693937,185.17096880938274,18.517096880938276,12093.003563937535
