time,x,y,z,roll,pitch,yaw,u,v,w,p,q,r,x_ref,y_ref,z_ref,yaw_ref,tracking_error_m,velocity_error,yaw_error,reward,T1,T2,T3,T4,T5,T6
0.0,0.0,0.0,0.0,0.0,0.0,0.0,0.0,0.0,0.0,0.0,0.0,0.0,0.0,0.0,-0.0,0.7853982,0.0,0.2179449498653412,-0.7853981852531433,0.9899036594158608,12.0,-12.0,12.0,-12.0,-1.0581559,0.295707
0.1,-4.73648e-06,3.6487578e-05,-0.0019731624,-0.00058152183,-3.348174e-05,0.011683656,-4.73648e-05,0.00036487577,-0.019731624,-0.005815218,-0.00033481742,0.11683656,0.014999437,0.0149977505,-0.005,0.7852294,0.021403886377811432,0.21399952471256256,-0.7735457420349121,0.9671751894374464,24.0,-24.0,24.0,-20.625364,-0.7158849,-0.30954477
0.2,0.0011454854,0.0010043589,-0.0054734526,-0.002111952,-6.984279e-05,0.04448593,0.011613342,0.009564021,-0.034997735,-0.015293319,-0.00055436284,0.32802248,0.029995501,0.029982002,-0.01,0.7847227,0.04114020988345146,0.1974937468767166,-0.740236759185791,0.9244827652528476,36.0,-35.839073,36.0,-20.545977,-0.13801032,-0.92417365
0.30000000000000004,0.007351061,0.006128673,-0.009995596,-0.0043248846,3.260946e-05,0.10053683,0.06427005,0.048528153,-0.045123532,-0.022090176,-0.00015924705,0.5605099,0.044984814,0.044939276,-0.015,0.78387684,0.05429186299443245,0.13236725330352783,-0.6833400130271912,0.866048932250748,39.999893,-36.65338,39.999863,-21.611412,0.37039632,-1.3528007
0.4,0.019800646,0.015776249,-0.015149155,-0.00635194,0.00019322836,0.16920635,0.13355193,0.083715335,-0.051169656,-0.020292945,-0.001363694,0.6866957,0.059964005,0.059856102,-0.02,0.78269005,0.059830259531736374,0.06719314306974411,-0.6134836673736572,0.8005872214946625,39.99945,-34.866512,39.99963,-22.980644,0.79619753,-1.5661993
0.5,0.03746599,0.029579896,-0.020659385,-0.0076943855,0.00016713128,0.24076338,0.1973866,0.1066643,-0.05438775,-0.013562727,-0.004806195,0.71555424,0.07492971,0.074719064,-0.025,0.7811596,0.058821044862270355,0.06355879455804825,-0.5403962135314941,0.7328749838496309,36.93742,-31.774042,38.390465,-23.048943,1.1425849,-1.6331929
0.6000000000000001,0.05877999,0.04658549,-0.026333753,-0.008393845,-0.0002597863,0.31091323,0.24755055,0.11476179,-0.055820946,-0.00711183,-0.009666595,0.7014447,0.08987855,0.089514785,-0.03,0.7792819,0.053136490285396576,0.10366106033325195,-0.46836867928504944,0.6670464265353745,30.925013,-27.218079,33.40065,-20.977482,1.4214753,-1.6141832
0.7000000000000001,0.0815444,0.06567076,-0.032042157,-0.008581306,-0.0012252448,0.37661386,0.275102,0.112535216,-0.056212872,-0.0017039309,-0.015168989,0.65690213,0.10480717,0.10422995,-0.035,0.7770529,0.04512999579310417,0.13062939047813416,-0.4004390239715576,0.6052336982737578,24.276258,-21.882713,27.339458,-17.481474,1.6338676,-1.5590917
0.8,0.104213856,0.0858277,-0.037704688,-0.008427068,-0.002707149,0.43633392,0.28486913,0.10455527,-0.05607925,0.0022740976,-0.01994319,0.5970512,0.119712204,0.11885131,-0.04,0.7744673,0.036551687866449356,0.14216792583465576,-0.3381333649158477,0.5482128843887397,17.952293,-16.442518,21.287497,-13.385282,1.7841812,-1.4988602
0.9,0.12596993,0.10628623,-0.043279722,-0.008069298,-0.004577253,0.48935452,0.28348663,0.0939446,-0.055728305,0.005013032,-0.023168387,0.53002745,0.13459031,0.13336572,-0.045,0.77151924,0.028470497578382492,0.1441534459590912,-0.28216472268104553,0.4961879196555985,12.376975,-11.382356,15.776092,-9.307069,1.8817114,-1.4482007
1.0,0.1465032,0.12652265,-0.048752017,-0.007599174,-0.006669989,0.535428,0.27610326,0.082545154,-0.055323053,0.0068101413,-0.024644408,0.46054626,0.14943813,0.14776011,-0.05,0.76820195,0.021475594490766525,0.1415952444076538,-0.23277395963668823,-0.5509303528924948,7.7309456,-6.9983153,11.061977,-5.641135,1.9385226,-1.4111415
1.1,0.16579549,0.14621413,-0.05412259,-0.0070671085,-0.008829578,0.57461864,0.26602706,0.07134522,-0.05494077,0.007934647,-0.024573332,0.39172244,0.16425233,0.16202152,-0.055,0.76450765,0.01590675301849842,0.1376316398382187,-0.18988901376724243,-0.5933968010424145,4.0615897,-3.432699,7.242416,-2.598597,1.966975,-1.3860855
1.2000000000000002,0.18396959,0.16518329,-0.05940126,-0.006497253,-0.010932181,0.6072114,0.25517744,0.06083558,-0.05461337,0.008576319,-0.023328764,0.32575786,0.17902957,0.17613712,-0.06,0.76042765,0.012031152844429016,0.1338927447795868,-0.15321624279022217,-0.6315738276831084,1.3283815,-0.70971745,4.3098755,-0.25287488,1.977957,-1.3693298
1.3,0.20119719,0.18335937,-0.06460175,-0.0059043244,-0.012890472,0.6336469,0.24460615,0.05132673,-0.05434987,0.008819203,-0.021299966,0.2642062,0.19376653,0.1900942,-0.065,0.75595236,0.010036496445536613,0.13097967207431793,-0.12230545282363892,-0.6658799451123534,-0.57550627,1.2350477,2.184941,1.419151,1.9788755,-1.3582253
1.4000000000000001,0.21764816,0.20074375,-0.0697387,-0.005303589,-0.014650222,0.654465,0.2348231,0.04301239,-0.054147925,0.008690834,-0.018826254,0.20805633,0.2084599,0.20388022,-0.07,0.75107116,0.009712359867990017,0.12887531518936157,-0.09660613536834717,-0.6967405224963948,-1.7998164,2.5247679,0.74153554,2.505094,1.9734212,-1.3521651
1.5,0.23347144,0.21737255,-0.07482601,-0.0047109434,-0.016184332,0.67025083,0.22599338,0.035893656,-0.054000016,0.008239029,-0.016177991,0.1577576,0.22310637,0.21748276,-0.075,0.7457723,0.010367115028202534,0.12733930349349976,-0.07552146911621094,-0.7245677687782461,-2.5047987,3.3051007,-0.16691133,3.1267483,1.9633663,-1.3512962
1.6,0.24879284,0.23329625,-0.079875946,-0.004141307,-0.017485186,0.68158823,0.21813792,0.029868864,-0.053896617,0.007531169,-0.013542444,0.11329663,0.23770262,0.23088959,-0.08,0.74004287,0.011349023319780827,0.12612900137901306,-0.05845463275909424,-0.7497441181493867,-2.8386505,3.7156897,-0.6836123,3.4100518,1.9498136,-1.3556141
1.7000000000000002,0.26371774,0.24856925,-0.08489882,-0.0036067553,-0.018558074,0.6890254,0.21121617,0.024798315,-0.0538277,0.0066458564,-0.0110367155,0.07431548,0.2522454,0.24408862,-0.085,0.73386896,0.012316694483160973,0.12505799531936646,-0.044843554496765144,-0.7726059160074845,-2.92815,3.8775704,-0.9349994,3.468224,1.9336581,-1.3647493
1.8,0.2783323,0.26324394,-0.089902945,-0.0031152137,-0.019416578,0.69305015,0.2051403,0.020545796,-0.053783555,0.0056622806,-0.008730123,0.04020901,0.26673144,0.257068,-0.09,0.72723526,0.013142730109393597,0.1239817887544632,-0.03418511152267456,-0.7934458366308645,-2.8711882,3.8851767,-1.0199746,3.3903139,1.915496,-1.3782413
1.9000000000000001,0.29270923,0.27737108,-0.094894715,-0.0026700192,-0.020078065,0.6940763,0.1998512,0.016995708,-0.053755336,0.004651183,-0.006646804,0.010239241,0.28115746,0.269816,-0.095,0.7201252,0.013803386129438877,0.12281414121389389,-0.026048898696899414,-0.8125047268998371,-2.7423794,3.8090622,-1.0149823,3.243228,1.8956436,-1.3956581
2.0,0.30690968,0.29099894,-0.099878825,-0.002269663,-0.020561209,0.6924357,0.19528502,0.01405624,-0.0537353,0.0036741863,-0.0047876365,-0.016415482,0.29552022,0.28232124,-0.1,0.71252084,0.014319109730422497,0.1214912086725235,-0.020085155963897705,-0.8299880426461402,-2.5949473,3.6985044,-0.97476465,3.07307,1.874207,-1.4166331
2.1,0.32098502,0.30417398,-0.10485855,-0.00191086,-0.020884153,0.6884046,0.19138351,0.011670571,-0.053717002,0.0027592415,-0.0031379557,-0.040309865,0.30981648,0.29457238,-0.105,0.7044028,0.014729117043316364,0.11995560675859451,-0.01599818468093872,-0.846113240873813,-2.464582,3.58518,-0.9346743,2.9071631,1.85121,-1.4408174
2.2,0.33497742,0.31693977,-0.10983602,-0.0015964108,-0.021063719,0.682296,0.18807907,0.00979311,-0.053695414,0.0018688556,-0.0016789575,-0.061075985,0.32404304,0.30655843,-0.11,0.6957503,0.01507845614105463,0.11816306412220001,-0.013454318046569824,-0.8610866430581794,-2.3729677,3.4873695,-0.9157624,2.759713,1.8268547,-1.4676754
2.3000000000000003,0.3489196,0.3293337,-0.11481264,-0.0013311789,-0.021115437,0.67442626,0.1852727,0.008362195,-0.0536671,0.0009947778,-0.0003915747,-0.07868078,0.33819667,0.3182686,-0.115,0.68654066,0.015409503132104874,0.11609415709972382,-0.012114405632019043,-0.8750848232202072,-2.3317633,3.4152803,-0.92968255,2.6379766,1.8015995,-1.4964768
2.4000000000000004,0.3628337,0.34138566,-0.11978935,-0.0011191008,-0.021053605,0.66508234,0.1828449,0.007318761,-0.053629853,0.00014792223,0.00074269256,-0.093417294,0.35227424,0.32969233,-0.12,0.67674977,0.01575692556798458,0.11373744159936905,-0.011667430400848387,-0.8882446493931618,-2.34586,3.3744752,-0.9812466,2.5449135,1.7759831,-1.526469
2.5,0.37673244,0.3531159,-0.1247668,-0.000961104,-0.020891488,0.65450317,0.18066621,0.006588569,-0.053582422,-0.00064716366,0.0017395214,-0.105766356,0.36627254,0.3408194,-0.125,0.6663517,0.016145208850502968,0.11110443621873856,-0.011848509311676025,-0.9006634441167438,-2.4149084,3.3671856,-1.0712068,2.4816957,1.7507057,-1.5567744
2.6,0.39062056,0.3645356,-0.1297455,-0.0008548439,-0.020641346,0.6428725,0.17862149,0.0061037433,-0.053524252,-0.0013670396,0.0026131896,-0.11627876,0.3801884,0.35163972,-0.13,0.65531856,0.016589103266596794,0.10821361094713211,-0.012446045875549316,-0.9123930307174221,-2.5357087,3.3937347,-1.1978121,2.4482453,1.7264811,-1.5865271
2.7,0.4044948,0.37564307,-0.13472594,-0.0007941316,-0.020315304,0.6303203,0.17656942,0.0057719476,-0.053455256,-0.001983639,0.003367684,-0.12549257,0.39401877,0.36214358,-0.135,0.6436206,0.0170897226780653,0.10510002076625824,-0.013300299644470217,-0.9234449835687528,-2.7015774,3.4533598,-1.3580947,2.4459298,1.7042215,-1.6146823
2.8000000000000003,0.41834357,0.38642296,-0.13970864,-0.00076965406,-0.0199259,0.61692876,0.17436442,0.0055012056,-0.05337577,-0.0024755646,0.0040003657,-0.13388437,0.40776044,0.37232155,-0.14,0.6312261,0.01763342134654522,0.10179805755615234,-0.01429736614227295,-0.9337963978355326,-2.9037979,3.5451872,-1.5483907,2.4775717,1.6849197,-1.6401258
2.9000000000000004,0.43214685,0.3968466,-0.14469421,-0.0007698667,-0.019486569,0.60274076,0.17186424,0.005205725,-0.053286504,-0.0028290271,0.0045024822,-0.14184846,0.4214104,0.38216448,-0.145,0.6181012,0.01819145493209362,0.09833844006061554,-0.015360414981842041,-0.9434005129352511,-3.1324825,3.6688395,-1.7647183,2.5475366,1.6695873,-1.6617148
3.0,0.4458782,0.40687454,-0.14968319,-0.0007817319,-0.019011563,0.58776814,0.16896097,0.004806276,-0.05318859,-0.0030361253,0.0048653055,-0.14969446,0.43496552,0.39166346,-0.15,0.6042098,0.018723351880908012,0.09476156532764435,-0.016441643238067627,-0.9521900815097535,-3.3777056,3.8239985,-2.0037298,2.6610892,1.6592667,-1.6782641
3.1,0.45950451,0.41645828,-0.15467618,-0.0007914643,-0.01851638,0.57199943,0.16555855,0.0042371294,-0.05308354,-0.0030950205,0.0050750743,-0.15765466,0.4484228,0.40080997,-0.155,0.5895137,0.01917756348848343,0.09110696613788605,-0.017514288425445557,-0.9600944073600314,-3.6296864,4.010991,-2.262392,2.824452,1.6550103,-1.6886008
3.2,0.4729905,0.42554674,-0.1596736,-0.00078544463,-0.018016724,0.5554066,0.16163702,0.003457693,-0.05297324,-0.0030120166,0.0051278616,-0.16589569,0.46177918,0.4095958,-0.16,0.57397264,0.01949957199394703,0.0874297246336937,-0.0185660719871521,-0.9670357902310375,-3.8807888,4.229913,-2.5389335,3.042854,1.6577406,-1.6916788
3.3000000000000003,0.48629743,0.4340881,-0.16467574,-0.0007509028,-0.017529069,0.5379502,0.15717778,0.002450589,-0.05285978,-0.0027994749,0.0050136526,-0.17453131,0.47503164,0.41801298,-0.165,0.557544,0.019632447510957718,0.08377839624881744,-0.019593775272369385,-0.9729409880975713,-4.124569,4.4817305,-2.8316817,3.3214087,1.668201,-1.6866406
3.4000000000000004,0.49938384,0.44203666,-0.16968279,-0.0006773189,-0.017070072,0.5195837,0.1522063,0.0012468674,-0.052745573,-0.0024834806,0.004727858,-0.18363374,0.48817724,0.426054,-0.17,0.54018295,0.01952264830470085,0.08018603920936584,-0.02059924602508545,-0.9777487680240229,-4.3574286,4.768458,-3.1387472,3.6633043,1.6866461,-1.6731396
3.5,0.51221,0.4493566,-0.17469476,-0.0005565857,-0.016655711,0.5002562,0.14680219,-0.00010986265,-0.05263322,-0.0020917298,0.0042744935,-0.1932442,0.501213,0.43371162,-0.175,0.5218428,0.019125692546367645,0.07670038193464279,-0.02158659696578979,-0.9814137154794027,-4.578346,5.0916977,-3.459234,4.0698094,1.7129914,-1.6511892
3.6,0.5247395,0.4560271,-0.1797115,-0.00038400711,-0.016300654,0.47991514,0.14108148,-0.001537738,-0.052525353,-0.0016620003,0.0036637608,-0.20338006,0.514136,0.4409789,-0.18,0.50247484,0.018410995602607727,0.07334129512310028,-0.022559702396392822,-0.9839571001837712,-4.789516,5.4534106,-3.792275,4.539431,1.7465664,-1.6214038
3.7,0.53696084,0.46206376,-0.1847324,-0.00016124109,-0.016012084,0.4585082,0.13544232,-0.0028585827,-0.052424766,-0.00126166,0.0029679097,-0.21404006,0.5269433,0.44784933,-0.185,0.482029,0.01739172451198101,0.07005345076322556,-0.02352079749107361,-0.9855145511550278,-5.0042863,5.8526893,-4.140092,5.0597987,1.7853429,-1.585807
3.8000000000000003,0.54887813,0.4675027,-0.18975665,0.000106220825,-0.015793333,0.4359842,0.13011603,-0.0039668707,-0.05233306,-0.0009317864,0.00222381,-0.22521064,0.539632,0.45431674,-0.19,0.46045357,0.016106514260172844,0.06675690412521362,-0.024469375610351562,-0.9862127563246819,-5.234506,6.2882395,-4.5050535,5.6198506,1.8271669,-1.5465728
3.9000000000000004,0.5605061,0.4723905,-0.19478339,0.0004106824,-0.01564535,0.41229448,0.12523413,-0.004805348,-0.052251175,-0.0006966234,0.001454674,-0.2368677,0.55219936,0.4603753,-0.195,0.43769634,0.014608687721192837,0.06336835026741028,-0.025401860475540165,-0.9859100850687457,-5.489311,6.758539,-4.889223,6.210746,1.87011,-1.505678
4.0,0.5718621,0.47677535,-0.1998119,0.0007435109,-0.015568458,0.38739374,0.1208131,-0.0053522,-0.052179553,-0.0005673636,0.00066667446,-0.24897718,0.5646425,0.46601954,-0.2,0.41370475,0.01295552309602499,0.0598202645778656,-0.026311010122299194,-0.9846199324619949,-5.7740593,7.262796,-5.293125,6.826646,1.9125743,-1.4647572
4.1000000000000005,0.58296216,0.48070225,-0.20484169,0.0010961536,-0.015562997,0.36124104,0.116812706,-0.0056130583,-0.05211846,-0.0005449801,-0.00013981879,-0.26149523,0.57695854,0.4712444,-0.205,0.38842687,0.011203549802303314,0.05607972294092178,-0.027185827493667603,-0.982355465381309,-6.0909157,7.8003144,-5.7160645,7.463816,1.9533504,-1.4250664
4.2,0.5938219,0.48421153,-0.20987232,0.001460814,-0.015628932,0.33380088,0.113194756,-0.005611351,-0.052068055,-0.0006237345,-0.0009601072,-0.27436745,0.58914477,0.47604516,-0.21,0.36181235,0.009411768056452274,0.05214419960975647,-0.028011471033096317,-0.9791229470887002,-6.4401016,8.36944,-6.156897,8.119081,1.9915868,-1.3874937
4.3,0.60445255,0.48733738,-0.21490358,0.0018305768,-0.015766557,0.30504438,0.10988024,-0.0053727017,-0.05202834,-0.0007965254,-0.0017962644,-0.28752774,0.60119843,0.48041752,-0.215,0.33381346,0.00764742074534297,0.04803385213017464,-0.028769075870513913,-0.9749505858309984,-6.8194113,8.9685955,-6.6127315,8.790044,2.0266526,-1.352699
4.4,0.6148749,0.49011162,-0.21993515,0.0021998384,-0.015973236,0.27495044,0.10693744,-0.004935652,-0.0519993,-0.0010519649,-0.0026176106,-0.3008977,0.61311686,0.48435754,-0.22,0.30438668,0.006017007399350405,0.043764080852270126,-0.029436230659484863,-0.9699110736871108,-7.227956,9.59214,-7.0828047,9.471078,2.0581942,-1.3210627
4.5,0.62514025,0.49256763,-0.22496633,0.0025645145,-0.016238943,0.24350716,0.10464903,-0.0043471954,-0.05198052,-0.0013755335,-0.003348669,-0.31438604,0.6248973,0.4878617,-0.225,0.27349412,0.004712323192507029,0.03927856311202049,-0.02998696267604828,-0.9640825202391093,-7.669289,10.227606,-7.5710797,10.150026,2.0861442,-1.29272
4.6000000000000005,0.63531905,0.49473625,-0.22999609,0.0029210187,-0.016548855,0.2107132,0.1031831,-0.0036288318,-0.05197067,-0.0017601197,-0.003940021,-0.32788754,0.6365372,0.49092677,-0.23,0.24110566,0.0039995042607188225,0.03448233753442764,-0.030392467975616455,-0.9575382272402728,-8.146239,10.862479,-8.079412,10.813319,2.1103244,-1.2679268
4.7,0.6454886,0.49664164,-0.23502319,0.0032655715,-0.016885636,0.17657897,0.10258583,-0.0027897882,-0.051967915,-0.0022030363,-0.0043647154,-0.34128407,0.64803386,0.49355006,-0.235,0.2072008,0.00400457251816988,0.0292961448431015,-0.03062182664871216,-0.9503391554825944,-8.658896,11.485801,-8.605926,11.447959,2.13034,-1.247164
4.800000000000001,0.6557225,0.49829656,-0.24004649,0.003594379,-0.017231483,0.14112794,0.102791555,-0.0018548777,-0.05197021,-0.0026977712,-0.0046159676,-0.35444653,0.65938467,0.49572918,-0.24,0.17177103,0.004472704604268074,0.023711128160357475,-0.03064309060573578,-0.9425286033785032,-9.203123,12.087904,-9.145366,12.043103,2.1457796,-1.230941
4.9,0.6660806,0.49970043,-0.24506496,0.003903626,-0.017569888,0.10439736,0.10364536,-0.00085732446,-0.05197552,-0.003236442,-0.004704076,-0.36723685,0.6705872,0.49746218,-0.245,0.13482226,0.0050322250463068485,0.017791807651519775,-0.030424907803535465,-0.9341361234554365,-9.770478,12.660606,-9.689144,12.59037,2.1562366,-1.2197421
5.0,0.6766056,0.5008397,-0.25007784,0.0041896417,-0.01788624,0.066438876,0.10496715,0.00015964005,-0.05198205,-0.003808764,-0.0046450044,-0.37951097,0.6816388,0.4987475,-0.25,0.0963771,0.00545128108933568,0.011664400808513165,-0.029938220977783203,-0.9251770188789511,-10.349359,13.196283,-10.226659,13.083087,2.1613908,-1.2139513
5.1000000000000005,0.6873202,0.5016883,-0.25508472,0.0044494187,-0.018168513,0.027318828,0.10656033,0.0011361012,-0.051988274,-0.004398962,-0.0044614305,-0.39112264,0.692537,0.49958396,-0.255,0.056477178,0.005625906400382519,0.005610950291156769,-0.02915835008025169,-0.9285383127051248,-10.9252205,13.687455,-10.746219,13.516593,2.1611695,-1.2136905
5.2,0.69822663,0.5022106,-0.26008558,0.00468077,-0.018407522,-0.012881993,0.10823989,0.0020108721,-0.05199301,-0.004989976,-0.004178467,-0.40192726,0.70327944,0.49997085,-0.26,0.015185092,0.005527631379663944,0.002587367780506611,-0.02806708589196205,-0.9596369588709439,-11.481901,14.1269,-11.235611,13.88758,2.1557133,-1.2188497
5.300000000000001,0.7093051,0.50236475,-0.26508078,0.0048824884,-0.018597594,-0.054068927,0.109817535,0.0027251372,-0.0519954,-0.005563884,-0.0038282336,-0.41178617,0.7138636,0.49990782,-0.265,-0.027414108,0.00517909275367856,0.0076290396973490715,-0.026654819026589394,-0.9910384922539686,-12.001947,14.508292,-11.682192,14.194507,2.1453686,-1.2290848
5.4,0.72051716,0.50210726,-0.27007103,0.005054216,-0.018736247,-0.09613448,0.11114853,0.0032340032,-0.051995013,-0.006105453,-0.0034400017,-0.42057097,0.72428715,0.49939486,-0.27,-0.071212135,0.0046448903158307076,0.013275622390210629,-0.02492234110832214,-1.022617737573925,-12.468441,14.826002,-12.073889,14.4365635,2.1306129,-1.2439027
5.5,0.7318095,0.5013973,-0.27505738,0.005196271,-0.018823955,-0.13895975,0.11212894,0.0035099539,-0.05199178,-0.0066028307,-0.0030411603,-0.42816767,0.7345478,0.49843252,-0.275,-0.11607752,0.0040362817235291,0.01864081621170044,-0.022882230579853058,-1.0542495305700579,-12.865941,15.075375,-12.39968,14.613493,2.1120024,-1.2627248
5.6000000000000005,0.74312043,0.50020105,-0.28004098,0.005309275,-0.01886334,-0.18241625,0.11271813,0.0035496019,-0.05198587,-0.007049708,-0.0026515566,-0.43448004,0.7446431,0.49702162,-0.28,-0.16185674,0.003525472478941083,0.023634424433112144,-0.020559504628181458,-1.085806962637111,-13.181958,15.252732,-12.650297,14.724823,2.090061,-1.2849855
5.7,0.75438166,0.498494,-0.28502303,0.005394049,-0.018859552,-0.22636792,0.11288045,0.003365183,-0.051977705,-0.0074425223,-0.0022951993,-0.43943256,0.7545709,0.4951634,-0.285,-0.20837636,0.0033360400702804327,0.028235437348484993,-0.017991557717323303,-1.1171762395043308,-13.406198,15.356319,-12.817836,14.771171,2.065294,-1.3101244
5.800000000000001,0.7655276,0.4962609,-0.29000476,0.0054517942,-0.018818622,-0.27067348,0.112668246,0.002974678,-0.051967915,-0.0077778785,-0.0019801375,-0.44297254,0.76432896,0.4928596,-0.29,-0.25544637,0.003606339916586876,0.032484885305166245,-0.01522710919380188,-1.1482509700248984,-13.532401,15.384626,-12.897841,14.752819,2.0382767,-1.3375231
5.9,0.7764969,0.49349642,-0.29498714,0.005483997,-0.01874769,-0.3151887,0.11213314,0.002408136,-0.0519572,-0.008054629,-0.0017171105,-0.44507068,0.773915,0.49011225,-0.295,-0.3028645,0.00425663823261857,0.0364343523979187,-0.012324213981628418,-1.1789422328716532,-13.557298,15.337907,-12.888024,14.670992,2.0095863,-1.3665476
6.0,0.78723913,0.49020258,-0.29997104,0.005492499,-0.018653613,-0.35976884,0.11138746,0.0016997549,-0.05194632,-0.008272235,-0.001503591,-0.44572136,0.7833269,0.4869238,-0.3,-0.3504212,0.005104558076709509,0.040165625512599945,-0.009347647428512573,-1.2091745043871265,-13.4817505,15.216981,-12.789485,14.526735,1.9798328,-1.3965542
6.1000000000000005,0.79771644,0.48638722,-0.30495697,0.005479378,-0.018542739,-0.4042708,0.11054796,0.00089001196,-0.05193594,-0.0084319515,-0.0013351099,-0.44494164,0.7925626,0.4832972,-0.305,-0.39790517,0.00600933562964201,0.043762337416410446,-0.00636562705039978,-1.2388881308445334,-13.309943,15.023983,-12.605836,14.321605,1.9495909,-1.4269294
6.2,0.8079056,0.4820615,-0.30994517,0.0054467632,-0.018420165,-0.4485554,0.10974915,2.4119208e-05,-0.051926672,-0.008537261,-0.0012003715,-0.4427701,0.80161995,0.47923565,-0.31,-0.44510922,0.006891885306686163,0.04731523618102074,-0.0034461915493011475,-1.2680413415385838,-13.049438,14.762074,-12.343165,14.057283,1.919356,-1.457152
6.300000000000001,0.8178012,0.47723556,-0.3149355,0.00539675,-0.018288635,-0.49248928,0.109156996,-0.0008546679,-0.051919,-0.008592366,-0.0010772627,-0.4392648,0.8104969,0.4747428,-0.315,-0.49183536,0.0077181654050946236,0.05092334374785423,-0.0006539225578308105,-1.2965980532771455,-12.711274,14.434684,-12.010356,13.735035,1.8895396,-1.4868033
6.4,0.82740927,0.4719191,-0.31992772,0.005330961,-0.018149547,-0.5359465,0.108868726,-0.0016973208,-0.051913198,-0.008605179,-0.00095402024,-0.43450078,0.8191916,0.46982273,-0.32,-0.53789985,0.008481178432703018,0.05466271936893463,0.0019533634185791016,-1.3245282117025239,-12.307708,14.047385,-11.616651,13.357415,1.8603566,-1.5156857
6.5,0.8367438,0.4661203,-0.3249213,0.005250638,-0.018003188,-0.57881016,0.1089443,-0.0024670125,-0.051909324,-0.008582362,-0.0008210844,-0.4285677,0.82770187,0.46447986,-0.325,-0.58313704,0.00918984692543745,0.05858778581023216,0.004326879978179932,-1.351806344360074,-11.851431,13.607021,-11.171871,12.928393,1.831907,-1.5437084
6.6000000000000005,0.845823,0.45984486,-0.3299158,0.005156715,-0.017848851,-0.62097347,0.10941491,-0.003138993,-0.051907282,-0.008529562,-0.0006701257,-0.42156702,0.83602595,0.458719,-0.33,-0.62740225,0.009861876256763935,0.06273563951253891,0.006428778171539306,-1.3784105450142,-11.355131,13.121228,-10.686258,12.453153,1.8042332,-1.5708593
6.7,0.854667,0.45309633,-0.33491066,0.005049831,-0.017685039,-0.66234064,0.11028473,-0.003697816,-0.051906835,-0.008452016,-0.00049474696,-0.41360897,0.844162,0.4525453,-0.335,-0.6705736,0.010519842617213726,0.06712786853313446,0.008232951164245605,-1.4043200431955605,-10.831107,12.598242,-10.170023,11.93784,1.7773159,-1.5971918
6.800000000000001,0.8632941,0.44587716,-0.3399054,0.0049303193,-0.017509913,-0.70282763,0.11152436,-0.0041352888,-0.051907606,-0.008354873,-0.00029295354,-0.40480992,0.852108,0.44596434,-0.34,-0.71255267,0.011186862364411354,0.07176688313484192,0.009725034236907959,-1.429515598489259,-10.290641,12.046868,-9.63276,11.389573,1.7510688,-1.6228179
6.9,0.8717192,0.43818983,-0.34489965,0.00479838,-0.01732161,-0.7423622,0.113081545,-0.0044542,-0.051909138,-0.008241508,-6.587054e-05,-0.39528966,0.8598623,0.43898204,-0.345,-0.75326437,0.011883714236319065,0.07663390040397644,0.010902166366577148,-1.4539769223888337,-9.743674,11.476052,-9.08338,10.816259,1.725403,-1.6478534
7.0,0.87994987,0.43003884,-0.34989318,0.004654351,-0.017118908,-0.7808844,0.11487115,-0.004669534,-0.05191089,-0.008112617,0.00017884362,-0.3851692,0.86742324,0.43160468,-0.35,-0.7926555,0.012624570168554783,0.08168046921491623,0.011771142482757568,-1.4776849598112927,-9.198045,10.89478,-8.52969,10.226855,1.7002972,-1.6723483
7.1000000000000005,0.88798696,0.42143282,-0.3548859,0.0044986443,-0.016901588,-0.8183461,0.116793126,-0.004795981,-0.05191238,-0.007969792,0.00042984146,-0.37456813,0.87478894,0.4238389,-0.355,-0.83069366,0.013416034169495106,0.08684564381837845,0.012347579002380371,-1.5006209963765966,-8.659876,10.312066,-7.978092,9.6306505,1.675731,-1.6963366
7.2,0.89582235,0.4123854,-0.35987794,0.0043323617,-0.016670844,-0.8547109,0.11873611,-0.004866752,-0.051913124,-0.007808763,0.0006717338,-0.36360306,0.8819578,0.41569173,-0.36,-0.8673646,0.014253825880587101,0.09204121679067612,0.012653708457946777,-1.522769422469357,-8.132924,9.736162,-7.434077,9.037631,1.6518759,-1.7196516
7.300000000000001,0.90344065,0.40291587,-0.36486956,0.004157361,-0.016429324,-0.8899537,0.12059697,-0.0049152477,-0.051912792,-0.007624997,0.00088854466,-0.3523857,0.88892823,0.40717044,-0.365,-0.90267,0.015123781748116016,0.09717853367328644,0.012716352939605711,-1.5441149422586147,-7.6192956,9.174511,-6.9020896,8.457576,1.6290361,-1.7419835
7.4,0.9108187,0.39305204,-0.36986116,0.003976294,-0.01618191,-0.9240596,0.12225012,-0.0049731303,-0.051911227,-0.007413809,0.0010563966,-0.34102136,0.89569867,0.39828274,-0.37,-0.93662566,0.01599983498454094,0.10215532034635544,0.012566030025482178,-1.5646488663058977,-7.1189346,8.634386,-6.3848333,7.9005165,1.6076211,-1.7629014
7.5,0.9179281,0.38282824,-0.37485328,0.0037928657,-0.01593518,-0.95702404,0.12360776,-0.0050766515,-0.051908527,-0.007168319,0.0011567005,-0.32960805,0.9022676,0.3890366,-0.375,-0.9692583,0.016846876591444016,0.10688382387161255,0.012234270572662354,-1.5843705457427502,-6.630625,8.121603,-5.88452,7.375697,1.5882127,-1.7817992
7.6000000000000005,0.92473924,0.3722828,-0.3798465,0.0036116866,-0.01569683,-0.98885095,0.12462445,-0.0052541485,-0.051905047,-0.0068832496,0.0011764942,-0.3182354,0.9086335,0.37944037,-0.38,-1.0006039,0.017625270411372185,0.11130662262439728,0.011752963066101074,-1.6032862232059832,-6.15291,7.6404867,-5.4030194,6.8907666,1.5714754,-1.7979826
7.7,0.9312234,0.36145738,-0.38484132,0.0034379335,-0.015475529,-1.0195526,0.1252759,-0.005520995,-0.05190134,-0.0065565137,0.0011042779,-0.30698428,0.914795,0.36950263,-0.385,-1.0307057,0.01829327829182148,0.11539022624492645,0.011153101921081543,-1.6214083373561585,-5.6841693,7.1943784,-4.9414544,6.4518094,1.5580484,-1.8107587
7.800000000000001,0.9373544,0.35039675,-0.38983825,0.0032769842,-0.015281,-1.0491482,0.12554488,-0.005879893,-0.05189822,-0.006189397,0.00092791964,-0.29592633,0.9207506,0.3592324,-0.39,-1.0596119,0.018809035420417786,0.11911707371473312,0.010463714599609375,-1.638762186419771,-5.2225475,6.786069,-4.499932,6.0635786,1.5484883,-1.8195274
7.9,0.943113,0.33914313,-0.39483762,0.0031340008,-0.015122592,-1.0776637,0.12548597,-0.0063205576,-0.051896766,-0.0057871016,0.0006497347,-0.28512424,0.92649907,0.34863886,-0.395,-1.087375,0.01913684979081154,0.12252213805913925,0.009711384773254395,-1.6553816133868386,-4.767625,6.416621,-4.078907,5.728011,1.5431896,-1.8238362
8.0,0.9484894,0.32773438,-0.39983967,0.0030132125,-0.01500895,-1.1051297,0.12517506,-0.006811818,-0.051898234,-0.0053613055,0.00027573959,-0.2746314,0.9320391,0.3377316,-0.4,-1.1140497,0.01925055682659149,0.12567076086997986,0.008919954299926758,-1.6713083251297989,-4.320308,6.086367,-3.6784394,5.4445906,1.5422521,-1.8235388
8.1,0.9534833,0.31620148,-0.4048445,0.0029177803,-0.014947566,-1.1315819,0.12470698,-0.007320363,-0.051903933,-0.0049243737,-0.0001831409,-0.2644931,0.9373694,0.32652038,-0.405,-1.139692,0.019135333597660065,0.1286413073539734,0.00811004638671875,-1.6865890474458534,-3.8824337,5.794577,-3.2986696,5.2108917,1.5455554,-1.8187146
8.200000000000001,0.95810336,0.30456835,-0.4098521,0.0028493847,-0.014944728,-1.1570596,0.124173075,-0.0078033684,-0.051915176,-0.004492095,-0.00071492087,-0.2547464,0.9424888,0.31501532,-0.41,-1.1643587,0.018787648528814316,0.13151815533638,0.007299184799194336,-1.7012792380859836,-3.456551,5.5401435,-2.939325,5.0229855,1.5527058,-1.8097335
8.3,0.9623692,0.2928473,-0.41486228,0.0028078994,-0.015004279,-1.1816046,0.1237085,-0.008211258,-0.05193324,-0.0040829144,-0.001294808,-0.24542099,0.94739616,0.30322677,-0.415,-1.1881064,0.018219338729977608,0.13441593945026398,0.00650179386138916,-1.715437941601036,-3.0470593,5.3207803,-2.6007574,4.8745365,1.5630085,-1.797276
8.4,0.96630937,0.28103766,-0.41987476,0.0027915156,-0.015127319,-1.2052617,0.123449355,-0.008501524,-0.05195914,-0.0037132825,-0.0018945808,-0.23653996,0.9520903,0.29116532,-0.42,-1.2109909,0.017457563430070877,0.13744425773620605,0.005729198455810547,-1.7291252591476287,-2.6592436,5.1332054,-2.2838602,4.7578716,1.5755893,-1.7822262
8.5,0.9699586,0.26912466,-0.42488903,0.002797127,-0.01531185,-1.228077,0.123530895,-0.008646688,-0.051993478,-0.0033950936,-0.002482123,-0.22812061,0.9565703,0.27884185,-0.425,-1.2330669,0.016543341800570488,0.14070098102092743,0.0049898624420166016,-1.7423988563491648,-2.2988412,4.9729924,-1.9903631,4.664557,1.5895256,-1.7655265
8.6,0.9733553,0.25708115,-0.4299045,0.0028204704,-0.01555291,-1.2500979,0.124062985,-0.00862609,-0.052036416,-0.0031382313,-0.003026472,-0.22017488,0.96083504,0.26626745,-0.43,-1.2543879,0.015529131516814232,0.14426623284816742,0.004289984703063965,-1.7553152220077612,-1.9716192,4.835333,-1.7222008,4.5859513,1.6038615,-1.7481825
8.700000000000001,0.9765392,0.24486649,-0.43492034,0.0028566006,-0.015842011,-1.2713723,0.12516038,-0.008435254,-0.052087568,-0.002947368,-0.0034909584,-0.21271029,0.9648836,0.25345343,-0.435,-1.2750056,0.014477369375526905,0.1482134759426117,0.003633260726928711,-1.7679253894536748,-1.6835831,4.714334,-1.482298,4.51308,1.6177181,-1.7311392
8.8,0.979549,0.2324292,-0.4399355,0.0029000735,-0.016167406,-1.2919489,0.12690663,-0.00807634,-0.052145947,-0.0028248867,-0.0038416572,-0.20573035,0.9687151,0.24041131,-0.44,-1.2949699,0.013457041233778,0.1525980532169342,0.0030210018157958984,-1.7802710825934827,-1.440446,4.6039133,-1.2737375,4.437232,1.6302761,-1.7152939
8.9,0.9824187,0.21971321,-0.44494894,0.0029453337,-0.01651513,-1.3118762,0.12931924,-0.0075636585,-0.052209977,-0.0027689717,-0.0040550544,-0.19923513,0.9723286,0.22715284,-0.445,-1.3143293,0.012536388821899891,0.1574322134256363,0.0024530887603759766,-1.7923889892903193,-1.2463827,4.4986606,-1.0989469,4.351248,1.6408565,-1.7014363
9.0,0.9851771,0.20665962,-0.44995934,0.002986717,-0.01686893,-1.331202,0.13240173,-0.0069114026,-0.0522776,-0.0027777203,-0.00410712,-0.19322155,0.9757234,0.21368994,-0.45,-1.33313,0.011781333014369011,0.16272392868995667,0.0019279718399047852,-1.8045073214112584,-1.1065664,4.3929505,-0.96098334,4.2473874,1.263276,-1.3100607
9.1,0.9878476,0.19320889,-0.4552225,0.003019716,-0.017208785,-1.3499745,0.13609524,-0.006141141,-0.054916974,-0.0028365613,-0.0039591314,-0.18768607,0.9788986,0.20003474,-0.455,-1.3514168,0.011257311329245567,0.16849461197853088,0.0014423131942749023,-1.8164837056550167,-1.0191537,4.285077,-0.8579979,4.1239386,1.3823953,-1.3978801
9.200000000000001,0.990446,0.17931189,-0.46064445,0.0030342815,-0.017517813,-1.3682398,0.14033273,-0.0052576265,-0.05662725,-0.0029974158,-0.003641738,-0.18261525,0.98185354,0.18619952,-0.46,-1.3692328,0.011031071655452251,0.17465971410274506,0.0009930133819580076,-1.8282809505901274,-0.9876627,4.1710925,-0.79169506,3.9751394,1.5434091,-1.5278864
9.3,0.99298173,0.1649313,-0.4661112,0.0030194856,-0.01777941,-1.3860433,0.14498717,-0.004264376,-0.057203192,-0.0032665913,-0.0031560892,-0.1779995,0.98458755,0.17219673,-0.465,-1.3866191,0.011157222092151642,0.18111521005630493,0.0005757808685302735,-1.839835550170106,-1.0119741,4.0503073,-0.7603966,3.7987423,1.7022026,-1.6651684
9.4,0.9954445,0.1500811,-0.47151798,0.0029680778,-0.017986322,-1.4034297,0.14951386,-0.0032434405,-0.05672547,-0.003605124,-0.002594,-0.17382988,0.9871001,0.15803899,-0.47,-1.4036156,0.011630155146121979,0.18744207918643951,0.00018584728240966797,-1.8511069773098183,-1.0787636,3.929357,-0.7548295,3.605434,1.8533894,-1.8073692
9.5,0.9978123,0.13480414,-0.47677106,0.0028767735,-0.018135535,-1.4204425,0.15360944,-0.0022665379,-0.05529591,-0.003972841,-0.0019969952,-0.17009453,0.98939055,0.143739,-0.475,-1.4202605,0.012405388057231903,0.19338631629943848,-0.0001819133758544922,-1.862033005419324,-1.1753107,3.8135183,-0.7673997,3.4056168,2.068679,-2.027473
9.600000000000001,1.0000584,0.11915836,-0.4817378,0.00274576,-0.018226434,-1.4371235,0.15713052,-0.001378078,-0.052521773,-0.004335167,-0.0013887902,-0.1667798,0.99145836,0.12930967,-0.48,-1.4365908,0.013417528010904789,0.19881822168827057,-0.0005327463150024414,-1.8725502564537126,-1.292146,3.70606,-0.79273975,3.206662,2.3457856,-2.3230634
9.700000000000001,1.002157,0.10320649,-0.4862513,0.0025777507,-0.018259363,-1.4535134,0.16004309,-0.0005937709,-0.048058398,-0.0046672276,-0.00077923667,-0.16387057,0.9933031,0.114763975,-0.485,-1.4526423,0.014612727798521519,0.20374546945095062,-0.0008710622787475586,-1.8826016409096806,-1.4230876,3.6091442,-0.8270615,3.0131252,2.6663384,-2.674117
9.8,1.0040846,0.08700946,-0.49012545,0.002377123,-0.018234834,-1.4696513,0.16237862,8.285437e-05,-0.04171363,-0.004952788,-0.0001706431,-0.16135205,0.99492437,0.100114994,-0.49,-1.4684496,0.015990009531378746,0.20828767120838165,-0.0012017488479614258,-1.8921396340891825,-1.5646338,3.5234172,-0.868319,2.8271084,3.0062835,-3.055229
9.9,1.005821,0.07062447,-0.49317193,0.0021493575,-0.018153505,-1.4855748,0.164183,0.0006524938,-0.0334657,-0.005181118,0.00043483783,-0.15920998,0.99632174,0.08537591,-0.495,-1.4840462,0.017640370875597,0.21262934803962708,-0.001528620719909668,-1.9012326923096001,-1.7141739,3.449456,-0.91486776,2.6501553,3.0851083,-3.1827965
10.0,1.0073504,0.05410032,-0.49538788,0.0019001353,-0.018014502,-1.5013202,0.16551407,0.0011194773,-0.025170434,-0.005350419,0.0010516501,-0.15743133,0.997495,0.07056,-0.5,-1.4994653,0.01973125897347927,0.21682779490947723,-0.0018548965454101562,-1.9099894920987128,-1.8698142,3.3877118,-0.96546125,2.4833634,2.9064207,-3.0565228
10.100000000000001,1.0086601,0.03747551,-0.49693897,0.0016344701,-0.017815731,-1.516923,0.16644968,0.0014887195,-0.018515142,-0.005467239,0.0016912748,-0.15600465,0.9984438,0.055680595,-0.5,-1.5147387,0.021098995581269264,0.2190903127193451,-0.002184271812438965,-1.9184447257278037,-2.0310588,3.337402,-1.0202286,2.3265758,2.6980147,-2.902985
10.200000000000001,1.0097252,0.020813994,-0.49799588,0.0013607325,-0.017562957,-1.5324172,0.16673216,0.001641149,-0.013544191,-0.005497645,0.0022745398,-0.1549219,0.9991679,0.040751077,-0.5,-1.529898,0.022648625075817108,0.22096239030361176,-0.0025191307067871094,-1.9266047623951006,-2.1861677,3.30042,-1.0765405,2.1907964,2.5168152,-2.775719
10.3,1.0105058,0.004214287,-0.4986984,0.0010920932,-0.017271452,-1.5478368,0.16602537,0.001418138,-0.009944716,-0.005394399,0.0027052735,-0.15417646,0.9996673,0.025784884,-0.5,-1.5449742,0.02417556755244732,0.22194735705852509,-0.00286257266998291,-1.9344785677009517,-2.3161812,3.2803035,-1.1300738,2.0941992,2.373491,-2.6796262
10.4,1.010955,-0.012206676,-0.49915323,0.0008451073,-0.01696234,-1.5632149,0.16416642,0.00071241765,-0.0073852283,-0.0051257513,0.0029231813,-0.15376158,0.9999417,0.010795488,-0.5,-1.5599982,0.025516832247376442,0.22176511585712433,-0.0032167434692382812,-1.9420769357309544,-2.404189,3.2795477,-1.1777699,2.0531313,2.267098,-2.6073117
10.5,1.011027,-0.028325275,-0.49943903,0.00063746574,-0.016660416,-1.578584,0.16111514,-0.00050691754,-0.005591252,-0.0046832385,0.002889377,-0.15367071,0.9999912,-0.0042036236,-0.5,-1.5750002,0.02653219923377037,0.22031687200069427,-0.003583788871765137,-1.9494140046739719,-2.4375877,3.3005607,-1.216939,2.0799143,2.194235,-2.5496602
10.600000000000001,1.0106847,-0.044019073,-0.4996129,0.00048591456,-0.016392855,-1.5939758,0.15690912,-0.002202376,-0.0043519144,-0.004079727,0.0025775058,-0.15389806,0.99981564,-0.019198952,-0.5,-1.5900106,0.027098435908555984,0.21763059496879578,-0.003965139389038086,-1.9565547036960411,-2.4082427,3.3464077,-1.2445443,2.1827111,2.151244,-2.4988306
10.700000000000001,1.0099168,-0.059212405,-0.49971494,0.0004004376,-0.016179658,-1.6094215,0.15203337,-0.004158505,-0.003510974,-0.0033866547,0.0020569274,-0.15443772,0.9994151,-0.034177,-0.5,-1.6050601,0.027150286361575127,0.21419626474380493,-0.004361391067504883,-1.963590733227644,-2.3252714,3.4167292,-1.2615969,2.3530564,2.133267,-2.450274
10.8,1.0087388,-0.073895,-0.49977246,0.00038230902,-0.016030189,-1.6249521,0.14714274,-0.0061029783,-0.0029537631,-0.0026939802,0.0014325129,-0.15528664,0.9987897,-0.049124297,-0.5,-1.620179,0.026694992557168007,0.21067339181900024,-0.0047730207443237305,-1.9705958565063635,-2.2101638,3.5076392,-1.2731279,2.5706048,2.134513,-2.4024613
10.9,1.0071825,-0.088097386,-0.49980372,0.00042680145,-0.015948173,-1.6405988,0.14263472,-0.007852425,-0.0025961427,-0.002063163,0.00076035236,-0.15644714,0.99793965,-0.064027384,-0.5,-1.6353985,0.025784363970160484,0.20747484266757965,-0.0052002668380737305,-1.9776233569463288,-2.0825186,3.6155624,-1.2839609,2.817006,2.1495607,-2.3552756
11.0,1.0052861,-0.10186666,-0.49982065,0.0005260016,-0.015935568,-1.6563934,0.13865975,-0.009315231,-0.002377097,-0.00152684,5.8645695e-05,-0.15792587,0.99686503,-0.078872845,-0.5,-1.6507496,0.024488000199198723,0.20477207005023956,-0.0056438446044921875,-1.9847164686278156,-1.9558475,3.7384136,-1.2973857,3.0799527,2.1739566,-2.3090212
11.100000000000001,1.0030892,-0.11525451,-0.499831,0.00067024445,-0.015993666,-1.6723686,0.13524769,-0.010444935,-0.0022532,-0.001103214,-0.0006649983,-0.15973206,0.9955661,-0.09364733,-0.5,-1.6662642,0.022880014032125473,0.2026190459728241,-0.006104469299316406,-1.9919112400234242,-1.8395249,3.8753548,-1.315434,3.351265,2.2041454,-2.2642102
11.200000000000001,1.0006294,-0.12830973,-0.49983943,0.000849458,-0.016123531,-1.6885585,0.13235514,-0.0112343775,-0.0021939497,-0.00079710194,-0.0014071602,-0.16187672,0.99404323,-0.108337544,-0.5,-1.6819749,0.021030735224485397,0.2009902447462082,-0.006583571434020996,-1.9992387901674766,-1.7395949,4.0262547,-1.3394138,3.6260743,2.2374158,-2.2213106
11.3,0.99794084,-0.14107415,-0.49984878,0.0010541509,-0.016326062,-1.704998,0.12990062,-0.0117042195,-0.0021783386,-0.0006035837,-0.0021649285,-0.16437183,0.99229664,-0.12293025,-0.5,-1.6979147,0.01900213211774826,0.1998135894536972,-0.007083296775817871,-2.006726576150645,-1.6595744,4.1913757,-1.3702555,3.9020572,2.271833,-2.1806474
11.4,0.99505347,-0.15358077,-0.4998606,0.0012757299,-0.016601985,-1.7217236,0.12778597,-0.011882835,-0.0021921454,-0.0005147036,-0.0029355278,-0.16722964,0.9903268,-0.13741234,-0.5,-1.7141182,0.016845734789967537,0.1989993304014206,-0.007605314254760741,-2.014400094875194,-1.6014197,4.3715477,-1.4084055,4.178534,2.3060148,-2.1424532
11.5,0.9919928,-0.16585419,-0.49987563,0.0015068604,-0.016951606,-1.7387725,0.12592097,-0.011808025,-0.002225947,-0.00051904685,-0.0037136674,-0.17046253,0.98813415,-0.15177076,-0.5,-1.7306204,0.014602995477616787,0.1984567791223526,-0.008152127265930176,-2.0222809771559898,-1.5660995,4.5676365,-1.4543915,4.4559283,2.3390505,-2.1068227
11.600000000000001,0.9887757,-0.17791101,-0.49989414,0.0017430466,-0.017374614,-1.7561841,0.12422895,-0.011564431,-0.0022736501,-0.00058953156,-0.004492415,-0.17408377,0.9857192,-0.16599259,-0.5,-1.7474577,0.01230455469340086,0.1980741024017334,-0.008726358413696289,-2.0303826425467433,-1.5526255,4.778956,-1.5103412,4.7366714,2.3708675,-2.0732718
11.700000000000001,0.9854097,-0.18975799,-0.49991617,0.0019831157,-0.017870564,-1.7739984,0.12262192,-0.0112502035,-0.0023313812,-0.00069430977,-0.005269947,-0.1781066,0.9830824,-0.18006505,-0.5,-1.7646679,0.009968762286007404,0.1977226585149765,-0.009330511093139648,-2.038719333831781,-1.5582341,5.0043497,-1.5789937,5.0251093,2.4021018,-2.0407784
11.8,0.9818961,-0.20139779,-0.49994162,0.0022280822,-0.01843784,-1.7922568,0.1210699,-0.0109272525,-0.0023968255,-0.0008130526,-0.0060347775,-0.18254387,0.9802245,-0.19397546,-0.5,-1.78229,0.007608459331095219,0.19734202325344086,-0.009966850280761719,-2.047348714975251,-1.5814952,5.242522,-1.6634296,5.3244557,2.4335628,-2.0082865
11.9,0.9782324,-0.21287605,-0.4999695,0.0024771204,-0.019063942,-1.8110021,0.12000133,-0.010535586,-0.0024684009,-0.0009656575,-0.006678604,-0.18740709,0.97714597,-0.20771131,-0.5,-1.8003647,0.005277858581393957,0.19730350375175476,-0.010637402534484863,-2.056343921022347,-1.6354752,5.4863296,-1.7730378,5.623892,2.465031,-1.9759009
12.0,0.97441196,-0.22429693,-0.49999756,0.0027250228,-0.01972276,-1.8302782,0.11999148,-0.009943347,-0.0025436142,-0.0011955192,-0.007065553,-0.19270812,0.9738476,-0.22126022,-0.5,-1.8189342,0.003088701283559203,0.19814735651016235,-0.011343955993652344,-2.0657403516113764,-1.7441396,5.7254295,-1.9208076,5.9020963,2.494986,-1.9451466
12.100000000000001,0.9704248,-0.23578255,-0.50002277,0.002963676,-0.020383092,-1.85013,0.121212944,-0.009074269,-0.00261862,-0.0015285427,-0.0071441494,-0.19846088,0.9703302,-0.23461002,-0.5,-1.8380424,0.0011765573872253299,0.2000788450241089,-0.012087583541870115,-2.075546937001553,-1.9258143,5.9540634,-2.1151316,6.143379,2.521581,-1.9179425
12.200000000000001,0.96625656,-0.24744509,-0.50004214,0.0031838925,-0.021013444,-1.8706042,0.12356767,-0.007918962,-0.0026891914,-0.0019708227,-0.00691016,-0.20468007,0.9665944,-0.24774869,-0.5,-1.857735,0.0004561598179861903,0.20305390655994415,-0.012869119644165039,-2.0857505319295595,-2.1906168,6.1707873,-2.3599708,6.34014,2.5432305,-1.8959818
12.3,0.96188754,-0.2593664,-0.5000529,0.0033776476,-0.021585371,-1.8917488,0.1267684,-0.0065421974,-0.0027513015,-0.0025053257,-0.006392312,-0.21137981,0.9626411,-0.2606644,-0.5,-1.8780595,0.0015018380945548415,0.20682911574840546,-0.013689279556274416,-2.0963156272189285,-2.5399609,6.377207,-2.6560159,6.4932604,2.5590754,-1.8802098
12.4,0.957293,-0.27158025,-0.50005335,0.0035403043,-0.022076767,-1.9136128,0.13036567,-0.005077717,-0.0028016148,-0.0030925127,-0.005652257,-0.21857211,0.9584713,-0.27334553,-0.5,-1.899065,0.002123089972883463,0.21097952127456665,-0.01454782485961914,-2.107178680605432,-2.9659824,6.577715,-3.000948,6.612678,2.5693285,-1.8704872
12.5,0.95245045,-0.28404903,-0.5000433,0.0036722228,-0.022477204,-1.9362465,0.13367966,-0.0037050385,-0.0028377976,-0.003677179,-0.0048054373,-0.22626543,0.95408577,-0.28578067,-0.5,-1.9208027,0.002382158301770687,0.21485060453414917,-0.015443801879882812,-2.118301064661785,-3.449385,6.781874,-3.386958,6.7194448,2.5753503,-1.8655025
12.600000000000001,0.9473409,-0.2966942,-0.50002366,0.0037769345,-0.022782112,-1.9596999,0.13633111,-0.002542016,-0.0028590902,-0.0042241155,-0.003910108,-0.23446228,0.9494856,-0.2979586,-0.5,-1.9433253,0.002489787060767412,0.21805648505687714,-0.016374588012695312,-2.129668330270919,-3.9734836,6.9978642,-3.807538,6.8319163,2.5786963,-1.8637111
12.700000000000001,0.9419507,-0.3094232,-0.49999595,0.003858605,-0.022988947,-1.9840231,0.13819362,-0.0016225454,-0.0028656984,-0.004724151,-0.0029867645,-0.24315919,0.9446718,-0.30986843,-0.5,-1.9666867,0.0027573152910917997,0.22046425938606262,-0.017336368560791016,-2.1412822087279513,-4.5280175,7.232009,-4.257902,6.961891,2.5803857,-1.8640611
12.8,0.93627244,-0.32214567,-0.49996188,0.0039203344,-0.02309556,-2.0092652,0.1392889,-0.0009247865,-0.0028583382,-0.005185061,-0.0020398383,-0.25234708,0.93964547,-0.32149938,-0.5,-1.9909426,0.0034345972817391157,0.22209607064723969,-0.01832258701324463,-2.1531507750559795,-5.1080976,7.489249,-4.734381,7.1155305,2.5807498,-1.8661957
12.9,0.93030345,-0.3347785,-0.49992317,0.0039640293,-0.02310023,-2.0354733,0.13969134,-0.00042156962,-0.0028378884,-0.0056154765,-0.0010738918,-0.2620114,0.9344077,-0.33284098,-0.5,-2.016149,0.004539247136563063,0.22302360832691193,-0.019324302673339847,-2.1652852368060698,-5.711134,7.7730823,-5.234286,7.2962313,2.5797353,-1.8701242
13.0,0.9240444,-0.34724772,-0.49988145,0.0039904653,-0.023002012,-2.0626936,0.13949233,-8.6506356e-05,-0.0028053357,-0.006023013,-9.654788e-05,-0.27213132,0.9289597,-0.34388307,-0.5,-2.0423632,0.005957824643701315,0.22333522140979767,-0.020330429077148438,-2.177672018817372,-6.3353586,8.085777,-5.755345,7.5057607,2.5770676,-1.8760686
13.100000000000001,0.9175057,-0.359462,-0.49983892,0.004001502,-0.022806935,-2.0909684,0.13851659,4.2270367e-05,-0.0027613528,-0.0063928296,0.00082276424,-0.28267866,0.9233027,-0.3546157,-0.5,-2.0696409,0.007557655218988657,0.22285617887973785,-0.021327495574951172,-2.1903036231236905,-6.970873,8.43214,-6.2917304,7.7529945,2.5729935,-1.8837285
13.200000000000001,0.91070646,-0.3713172,-0.49979797,0.0040006884,-0.022526976,-2.1203368,0.13663964,-8.6007145e-05,-0.0027071156,-0.00670557,0.0016246913,-0.29361564,0.917438,-0.3650292,-0.5,-2.0980382,0.00921375397592783,0.22144898772239685,-0.022298574447631832,-2.2031874817262773,-7.605378,8.815749,-6.8375216,8.04789,2.5682302,-1.8923097
13.3,0.90367013,-0.3827117,-0.49976093,0.003992864,-0.022177042,-2.1508327,0.13389285,-0.0005010713,-0.002644267,-0.0069474573,0.0022795715,-0.30489284,0.91136676,-0.37511417,-0.5,-2.1276083,0.01081747654825449,0.21912513673305511,-0.023224353790283203,-2.216341015963849,-8.228852,9.236932,-7.3886757,8.396751,2.5636632,-1.9008334
13.4,0.89642185,-0.39355695,-0.4997296,0.0039833784,-0.021772923,-2.182484,0.13041359,-0.0012000982,-0.0025745612,-0.0071135955,0.0027777008,-0.31644836,0.9050906,-0.38486156,-0.5,-2.1584015,0.012281274423003197,0.21600885689258575,-0.024082422256469727,-2.2297896820203595,-8.834343,9.693109,-7.942392,8.801154,2.5600688,-1.908413
13.5,0.8889863,-0.40378687,-0.49970514,0.00397691,-0.021329429,-2.2153108,0.12642437,-0.002138184,-0.002499766,-0.007211503,0.0031275956,-0.3282066,0.8986107,-0.39426264,-0.5,-2.1904635,0.013543534092605114,0.21232353150844574,-0.02484726905822754,-2.243564512308528,-9.418506,10.179376,-8.496336,9.257203,2.5578442,-1.9145164
13.600000000000001,0.88138324,-0.4133652,-0.49968785,0.0039765504,-0.02085848,-2.2493248,0.12222388,-0.003239986,-0.0024216212,-0.007258019,0.0033570637,-0.34007785,0.8919287,-0.40330887,-0.5,-2.2238338,0.014575084671378136,0.20837882161140442,-0.025490999221801758,-2.2576906929508826,-9.9818125,10.688084,-9.048897,9.755165,2.5569036,-1.9191234
13.700000000000001,0.8736269,-0.42228281,-0.49967742,0.003983491,-0.020369174,-2.2845266,0.11808278,-0.0044211266,-0.0023415491,-0.0072726333,0.0034935023,-0.35195863,0.88504595,-0.41199216,-0.5,-2.2585435,0.015375190414488316,0.2044668048620224,-0.025983095169067383,-2.2721868542369776,-10.525948,11.210178,-9.597753,10.28198,2.556769,-1.922635
13.8,0.8657237,-0.43055588,-0.49967298,0.003996697,-0.019867357,-2.3209057,0.11425375,-0.0055905366,-0.0022607767,-0.00727754,0.003569271,-0.363732,0.8779641,-0.42030472,-0.5,-2.2946131,0.015969330444931984,0.20086871087551117,-0.02629256248474121,-2.287060501681621,-11.0534115,11.735365,-10.139683,10.821634,2.556586,-1.9258611
13.9,0.85767066,-0.43822107,-0.4996732,0.004013217,-0.01935542,-2.3584383,0.11095726,-0.006671366,-0.0021802594,-0.007291041,0.003619573,-0.37526938,0.8706847,-0.428239,-0.5,-2.332051,0.01640467531979084,0.197832390666008,-0.02638721466064453,-2.302304870539661,-11.566503,12.252043,-10.670789,11.356326,2.5552993,-1.9298265
14.0,0.84945375,-0.44533056,-0.49967653,0.004028273,-0.018832322,-2.3970869,0.10837035,-0.0075958087,-0.0021007943,-0.00732959,0.0036801728,-0.38643238,0.86320937,-0.4357879,-0.5,-2.3708503,0.01674468070268631,0.19556261599063873,-0.026236534118652344,-2.317893664280275,-12.066951,12.747939,-11.1861515,11.867137,2.5516987,-1.9357531
14.100000000000001,0.84105223,-0.4519423,-0.49968147,0.0040356033,-0.018294958,-2.4367998,0.106568515,-0.008313613,-0.002022912,-0.0074051,0.003774135,-0.3970761,0.85553986,-0.44294462,-0.5,-2.4109871,0.017057284712791443,0.19416119158267975,-0.025812625885009766,-2.3337832469396425,-12.554084,13.211566,-11.678775,12.336253,2.5445158,-1.9449492
14.200000000000001,0.83244,-0.45811263,-0.49968657,0.0040281364,-0.017738855,-2.47751,0.10556048,-0.008802028,-0.0019469465,-0.0075221686,0.0039183698,-0.40705296,0.8476778,-0.4497027,-0.5,-2.452417,0.01740734837949276,0.19365398585796356,-0.02509307861328125,-2.34991482769251,-13.024714,13.632015,-12.140425,12.747722,2.5325842,-1.9586184
14.3,0.8235897,-0.46389073,-0.49969074,0.003998316,-0.017159067,-2.5191362,0.10529034,-0.009054001,-0.001873164,-0.0076818387,0.004121343,-0.41621712,0.8396251,-0.4560561,-0.5,-2.495075,0.017849721014499664,0.19399595260620117,-0.024061203002929688,-2.366216703531025,-13.473331,13.999725,-12.561532,13.087924,2.5148604,-1.977869
14.4,0.8144749,-0.46931374,-0.4996932,0.0039388896,-0.016550953,-2.5615833,0.10565473,-0.009090197,-0.0018016658,-0.00787743,0.0043841875,-0.42442918,0.83138347,-0.4619991,-0.5,-2.5388732,0.018425486981868744,0.1950841099023819,-0.022710084915161136,-2.3826064751401463,-13.892074,14.30629,-12.932132,13.346345,2.4905686,-2.0035305
14.5,0.8050761,-0.47440276,-0.49969372,0.003843407,-0.015911426,-2.604743,0.10649174,-0.008947708,-0.0017324553,-0.008097853,0.004695422,-0.43156052,0.8229548,-0.4675263,-0.5,-2.5836997,0.01915791817009449,0.19675122201442719,-0.02104330062866211,-2.398995327296062,-14.270815,14.545324,-13.241793,13.516298,2.4592786,-2.0360937
14.600000000000001,0.79538417,-0.4791595,-0.49969238,0.003707412,-0.015240005,-2.6484962,0.107599035,-0.008698183,-0.0016653475,-0.008321394,0.0050327783,-0.43749794,0.8143409,-0.47263277,-0.5,-2.6294198,0.02005119062960148,0.19878122210502625,-0.01907634735107422,-2.415295025760608,-14.596936,14.711999,-13.480801,13.595862,2.4211483,-2.0754337
14.700000000000001,0.78540283,-0.4835683,-0.49968973,0.0035287172,-0.014538998,-2.6927135,0.10877998,-0.008417241,-0.0016001742,-0.008525436,0.005370891,-0.44214654,0.8055438,-0.47731388,-0.5,-2.6758766,0.021091986447572708,0.20096388459205627,-0.016836881637573242,-2.431418457332796,-14.857256,14.803281,-13.640671,13.586695,2.3768158,-2.1209385
14.8,0.7751533,-0.48759446,-0.4996866,0.003308669,-0.013814785,-2.7372594,0.10980246,-0.008211359,-0.0015365351,-0.00867676,0.005670364,-0.4454333,0.7965655,-0.48156548,-0.5,-2.7228944,0.02224699594080448,0.20305153727531433,-0.014364957809448242,-2.44729009820069,-15.036733,14.817881,-13.7146,13.495747,2.327662,-2.1712232
14.9,0.7646712,-0.49119136,-0.49968407,0.003052004,-0.013076673,-2.7819922,0.110508844,-0.0081733465,-0.0014741372,-0.008746203,0.0059011565,-0.44730785,0.78740793,-0.48538366,-0.5,-2.7702804,0.023468872532248497,0.20487801730632782,-0.011711835861206055,-2.462843398749219,-15.122134,14.755608,-13.698595,13.332068,2.2755725,-2.224388
15.0,0.7540087,-0.49430305,-0.49968305,0.0027672944,-0.012337413,-2.8267684,0.110745564,-0.008398962,-0.0014125142,-0.0087021645,0.006026113,-0.4477442,0.7780732,-0.48876506,-0.5,-2.817831,0.02469552680850029,0.20628753304481506,-0.008937358856201174,-2.4780270246528495,-15.100947,14.617861,-13.591078,13.107991,2.2229881,-2.2779293
15.100000000000001,0.74323213,-0.49687126,-0.49968442,0.0024662581,-0.011612476,-2.871444,0.110413216,-0.008953511,-0.0013513672,-0.008522029,0.0060131387,-0.44673976,0.7685634,-0.49170658,-0.5,-2.8653362,0.02585432678461075,0.20718932151794434,-0.006107807159423828,-2.492806069842662,-14.963413,14.4077425,-13.392745,12.837074,2.1726065,-2.329082
15.200000000000001,0.73241746,-0.49884257,-0.49968877,0.0021628577,-0.010919073,-2.9158769,0.10947711,-0.00986691,-0.0012906131,-0.008193648,0.005838249,-0.44431472,0.75888073,-0.49420562,-0.5,-2.9125845,0.026868248358368874,0.2075670212507248,-0.0032923221588134766,-2.5071615789188963,-14.703647,14.129844,-13.106589,12.532786,2.1271276,-2.375066
15.3,0.7216448,-0.5001751,-0.49969634,0.0018720034,-0.010275054,-2.9599292,0.10796887,-0.011124628,-0.0012305094,-0.0077185556,0.0054874476,-0.44051024,0.74902725,-0.4962599,-0.5,-2.9593704,0.02766258828341961,0.20747794210910797,-0.0005588531494140625,-2.5210872059287057,-14.320457,13.790228,-12.737485,12.207255,2.0889585,-2.4133878
15.4,0.7109936,-0.50084376,-0.499707,0.0016081806,-0.009698228,-3.0034692,0.105961286,-0.012669069,-0.0011717363,-0.007111898,0.0049532177,-0.43538612,0.73900527,-0.49786758,-0.5,-3.0054975,0.028170865029096603,0.20702286064624786,0.002028226852416992,-2.534587287597213,-13.817225,13.396688,-12.291452,11.870916,2.0599797,-2.4420815
15.5,0.70053273,-0.5008434,-0.4997204,0.0013842245,-0.009204741,-3.0463722,0.10360546,-0.014408132,-0.0011155366,-0.006400339,0.004244948,-0.42901844,0.72881705,-0.49902722,-0.5,-3.0507846,0.028343940153717995,0.20637668669223785,0.004412412643432617,-2.547670153945628,-13.202703,12.957551,-11.776271,11.53112,2.041406,-2.459865
15.600000000000001,0.6903151,-0.50019157,-0.49973595,0.0012096396,-0.008808274,-3.0885231,0.10108779,-0.016205227,-0.0010636727,-0.0056256778,0.0033812223,-0.4214965,0.7184648,-0.49973777,-0.5,-3.0950692,0.028154559433460236,0.20573821663856506,0.0065460205078125,-2.560344919995309,-12.490672,12.482313,-11.200099,11.191743,2.033508,-2.4664369
15.700000000000001,0.6803584,-0.49893102,-0.49975297,0.0010884912,-0.0085164085,-3.1298163,0.09875254,-0.017870303,-0.0010185087,-0.004848659,0.0024191672,-0.41291958,0.7079509,-0.49999857,-0.5,-3.13821,0.027614230290055275,0.20544205605983734,0.00839376449584961,-2.5440372489373395,-11.7033415,11.979379,-10.57319,10.84923,2.0352554,-2.4628408
15.8,0.67064494,-0.49712104,-0.49977076,0.0010199228,-0.008331104,3.113028,0.09691016,-0.019243516,-0.0009821851,-0.004121231,0.0014139602,-0.40339527,0.6972777,-0.4998094,-0.5,3.1030967,0.026769109070301056,0.20576578378677368,0.009931325912475586,-2.5165372217005424,-10.865473,11.456254,-9.906936,10.497721,2.0448637,-2.4508998
15.9,0.6611362,-0.49482602,-0.49978873,0.0009995932,-0.008251807,3.073723,0.09569935,-0.020226058,-0.00095635536,-0.0034777932,0.00039210563,-0.3930363,0.6864477,-0.49917048,-0.5,3.062576,0.0256824754178524,0.20680253207683563,0.011147022247314451,-2.489647560996816,-9.998596,10.921306,-9.211665,10.1343775,2.0603535,-2.4326348
16.0,0.6517836,-0.4921069,-0.49980652,0.0010214146,-0.008276999,3.035526,0.095149755,-0.020786773,-0.0009423739,-0.0029337103,-0.0006337319,-0.3819588,0.6754632,-0.4980823,-0.5,3.0234852,0.024422671645879745,0.20853674411773682,0.012040853500366213,-2.4633845486094463,-9.1198845,10.382764,-8.497047,9.75993,2.079974,-2.4098337
16.1,0.64250046,-0.48902127,-0.49982372,0.0010759316,-0.008397331,2.9984968,0.09557186,-0.020856125,-0.0009416454,-0.002519705,-0.001581527,-0.3702783,0.6643267,-0.4965459,-0.5,2.985875,0.023087598383426666,0.21122081577777863,0.012621879577636719,-2.4377254842770997,-8.253678,9.84367,-7.7767053,9.366699,2.101443,-2.3848388
16.2,0.63316935,-0.48561504,-0.49983972,0.001151471,-0.008596608,2.9626844,0.09720988,-0.02040822,-0.0009545705,-0.0022518558,-0.0023780758,-0.358109,0.65304077,-0.49456263,-0.5,2.9497757,0.021793531253933907,0.21504583954811096,0.012908697128295897,-2.4126127869527974,-7.4238048,9.304915,-7.0648756,8.945989,2.1224139,-2.3600638
16.3,0.6236529,-0.4819166,-0.49985388,0.0012352234,-0.008853037,2.9281266,0.10022255,-0.019460084,-0.0009805335,-0.0021332349,-0.0029621872,-0.34556153,0.6416079,-0.4921343,-0.5,2.915201,0.020659256726503372,0.22013142704963684,0.01292562484741211,-2.387960347029365,-6.651369,8.765806,-6.3756013,8.490041,2.140748,-2.3377416
16.400000000000002,0.6138075,-0.47793466,-0.49986523,0.0013140519,-0.009141129,2.8948507,0.10465008,-0.018059595,-0.0010179112,-0.002157598,-0.003291936,-0.33274147,0.63003063,-0.48926306,-0.5,2.8821478,0.019787391647696495,0.2264968901872635,0.012702941894531248,-2.363663956647868,-5.953189,8.225469,-5.7211933,7.9934754,2.1545873,-2.319815
16.5,0.60349774,-0.47366038,-0.4998729,0.0013749031,-0.009433794,2.8628743,0.11040918,-0.016268736,-0.0010643402,-0.0023144614,-0.0033468187,-0.31974772,0.61831164,-0.48595154,-0.5,2.850601,0.019249428063631058,0.23405493795871735,0.012273311614990234,-2.339613210169183,-5.341176,7.6841083,-5.1109633,7.453898,2.1623435,-2.307992
16.6,0.59261173,-0.46907273,-0.49987587,0.0014051667,-0.009705008,2.8322053,0.11727551,-0.014157528,-0.0011168803,-0.0025905678,-0.0031337875,-0.30667192,0.60645354,-0.48220268,-0.5,2.8205342,0.01907895691692829,0.24259181320667267,0.011671066284179688,-2.3157004833452746,-4.8213124,7.1442056,-4.550003,6.8728986,2.1626675,-2.303724
16.7,0.5811246,-0.46414828,-0.49987406,0.0013974435,-0.009943268,2.8028436,0.12440489,-0.011932481,-0.0011722766,-0.0029267436,-0.0027951621,-0.29359955,0.59445894,-0.47801986,-0.5,2.7919128,0.01924164965748787,0.25132620334625244,0.010930776596069336,-2.291887225494098,-4.377662,6.6171975,-4.0327706,6.272308,2.1558807,-2.3067749
16.8,0.5690667,-0.45886618,-0.4998677,0.0013484476,-0.010144532,2.774781,0.13127358,-0.009751886,-0.001228377,-0.0032802413,-0.0024047724,-0.280608,0.58233064,-0.47340688,-0.5,2.7646956,0.019682012498378754,0.25978121161460876,0.010085344314575195,-2.268179968727021,-3.9937823,6.1127343,-3.553854,5.6728077,2.1429503,-2.316218
16.900000000000002,0.55649596,-0.45320922,-0.49985752,0.0012580518,-0.010307774,2.7480028,0.13762707,-0.0077242097,-0.001283825,-0.0036204502,-0.0019934906,-0.26776728,0.57007134,-0.46836787,-0.5,2.7388363,0.020349346101284027,0.2677322030067444,0.009166479110717773,-2.2446079957598553,-3.6571505,5.6367893,-3.1099782,5.089618,2.1250794,-2.3308926
17.0,0.54348016,-0.44716457,-0.49984422,0.0011282604,-0.010432808,2.7224872,0.14338136,-0.0059099337,-0.0013376834,-0.003927945,-0.0015713158,-0.25513944,0.5576837,-0.46290734,-0.5,2.7142859,0.021203776821494102,0.27511104941368103,0.008201360702514648,-2.221209887330205,-3.359087,5.1924663,-2.6992614,4.5326424,2.1034305,-2.3496563
17.1,0.5300865,-0.44072405,-0.49982867,0.0009622076,-0.010519433,2.6982079,0.14854755,-0.0043278513,-0.0013892667,-0.004193488,-0.0011401715,-0.24277805,0.54517066,-0.45703024,-0.5,2.6909924,0.02221379615366459,0.28193405270576477,0.0072154998779296875,-2.1980249599723507,-3.0939217,4.7811704,-2.3202846,4.0075345,2.0789657,-2.3715665
17.2,0.51637703,-0.43388534,-0.49981162,0.00076323614,-0.010567556,2.675134,0.15316969,-0.0029625099,-0.0014380029,-0.0044169393,-0.00070323684,-0.23072812,0.5325349,-0.45074183,-0.5,2.668904,0.023350661620497704,0.2882423996925354,0.006229877471923828,-2.175090023776147,-2.8578649,4.403724,-1.971146,3.5170062,2.0523336,-2.3959804
17.3,0.5024049,-0.42664945,-0.49979383,0.0005348083,-0.010576867,2.65323,0.15732905,-0.0017931001,-0.0014833873,-0.0045989426,-0.00026027692,-0.21902665,0.5197793,-0.44404778,-0.5,2.647968,0.024588899686932564,0.2941123843193054,0.005261898040771484,-2.1524365879971312,-2.6483955,4.0596175,-1.6503025,3.0615249,2.0240288,-2.4224043
17.400000000000002,0.48821485,-0.4190205,-0.49977595,0.00028038566,-0.010547266,2.6324584,0.16109909,-0.00079531944,-0.0015248917,-0.004741147,0.00018491759,-0.20770235,0.50690687,-0.43695414,-0.5,2.6281328,0.025904769077897072,0.29961147904396057,0.0043256282806396484,-2.1300914434845275,-2.4634995,3.7478595,-1.3560393,2.6403995,1.9944375,-2.4504435
17.5,0.47384134,-0.41100454,-0.49975857,2.968738e-06,-0.010478547,2.6127799,0.16456911,6.662419e-05,-0.0015620363,-0.004849696,0.0006320251,-0.19677624,0.4939203,-0.42946726,-0.5,2.6093469,0.027278099209070206,0.30481892824172974,0.003432989120483398,-2.1083518869533786,-2.3021896,3.4668884,-1.0867023,2.2514012,1.9637572,-2.4798932
17.6,0.45938033,-0.40261635,-0.49974275,-0.00028519524,-0.010384812,2.5941522,0.16716881,0.00053276226,-0.0015933841,-0.0048335134,0.000936793,-0.1862665,0.48082262,-0.42159387,-0.5,2.5915616,0.02863537147641182,0.309251993894577,0.002590656280517578,-2.086991628410863,-2.1398046,3.2188025,-0.83665466,1.9156525,1.9351501,-2.5075345
17.7,0.44497108,-0.39387885,-0.49972966,-0.0005642695,-0.010289999,2.5765326,0.16850623,0.0003950021,-0.0016190298,-0.0046204603,0.0009983858,-0.17618513,0.46761674,-0.41334108,-0.5,2.5747287,0.029860960319638252,0.312599241733551,0.0018038749694824219,-2.066086872249171,-1.9491318,3.005548,-0.60031813,1.656734,1.9129916,-2.5288577
17.8,0.4307688,-0.38482273,-0.4997204,-0.00081051636,-0.010223264,2.5598779,0.16843079,-0.00043466693,-0.0016406762,-0.00417622,0.0007613179,-0.16653903,0.45430568,-0.40471634,-0.5,2.5588028,0.030819140374660492,0.31476452946662903,0.0010750293731689453,-2.045732855427257,-1.7088898,2.8285842,-0.3725689,1.4922627,1.9014479,-2.539498
17.900000000000002,0.4169201,-0.37548754,-0.49971566,-0.0010008794,-0.010215547,2.544144,0.16699329,-0.0019034037,-0.0016615847,-0.0035121152,0.00020469048,-0.15733005,0.44089237,-0.39572734,-0.5,2.5437405,0.031375154852867126,0.31581705808639526,0.00040340423583984375,-2.026040204374219,-1.4067072,2.6898534,-0.14774467,1.4308904,1.9033968,-2.5363326
18.0,0.40348655,-0.36590612,-0.49971548,-0.0011234973,-0.010284764,2.529288,0.1649554,-0.0036464764,-0.0016869843,-0.0027437683,-0.0005434863,-0.14855242,0.42737988,-0.38638225,-0.5,2.5295002,0.031468141824007034,0.3164084255695343,-0.0002121925354003906,-2.007061795159389,-1.0582762,2.5864348,0.075025216,1.4531326,1.9178358,-2.5201724
18.1,0.39045385,-0.35609815,-0.4997193,-0.0011764115,-0.0104379365,2.5152678,0.16301256,-0.0053532324,-0.0017208956,-0.0019710616,-0.0013742172,-0.14019623,0.41377124,-0.37668943,-0.5,2.516043,0.031109178438782692,0.3171106278896332,-0.0007750988006591797,-1.9887940508697213,-0.6865438,2.512244,0.29356012,1.5321392,1.9419024,-2.4937549
18.2,0.37776595,-0.3460751,-0.49972647,-0.0011643453,-0.010677182,2.5020428,0.16153869,-0.0068307486,-0.001765892,-0.0012597472,-0.0022368825,-0.1322472,0.40006948,-0.3666576,-0.5,2.503332,0.03035065531730652,0.31820032000541687,-0.0012891292572021487,-1.9712028481235055,-0.30970007,2.4620166,0.5063643,1.6459512,1.9724272,-2.4602027
18.3,0.36535102,-0.3358451,-0.49973637,-0.001095902,-0.011003452,2.4895737,0.16065863,-0.007983088,-0.0018237791,-0.0006468849,-0.003117521,-0.12468711,0.3862777,-0.35629582,-0.5,2.4913318,0.029261361807584763,0.3197384178638458,-0.0017580986022949217,-1.954245961506134,0.060771268,2.4321783,0.7133955,1.7795529,2.006582,-2.4223223
18.400000000000002,0.35313445,-0.3254137,-0.49974853,-0.0009813911,-0.01141729,2.477824,0.16039059,-0.008783622,-0.0018961411,-0.00014774474,-0.004009623,-0.11749504,0.37239903,-0.3456134,-0.5,2.4800103,0.027914414182305336,0.3217073976993561,-0.002186298370361328,-1.9378806378023725,0.41799048,2.4196146,0.9147269,1.9228768,2.0421095,-2.3823812
18.5,0.3410477,-0.31478676,-0.49976262,-0.0008316552,-0.0119196605,2.4667587,0.16066383,-0.009238893,-0.0019844053,0.00023405538,-0.004915111,-0.11064824,0.35843658,-0.33461994,-0.5,2.4693365,0.02637772634625435,0.32402172684669495,-0.0025777816772460938,-1.9220719735875016,0.75857973,2.4223993,1.1112704,2.0697074,2.0772636,-2.342143
18.6,0.32903084,-0.30397066,-0.49977845,-0.0006573295,-0.01251155,2.4563463,0.16139098,-0.009373896,-0.0020899484,0.00050214404,-0.005832306,-0.10412315,0.34439346,-0.32332534,-0.5,2.4592822,0.02471158653497696,0.326592355966568,-0.0029358863830566406,-1.9067928235104952,1.0809313,2.4391055,1.3040215,2.216014,2.1107132,-2.3029583
18.7,0.3170344,-0.29297355,-0.49979597,-0.00046835694,-0.013194007,2.4465563,0.16246599,-0.0092240805,-0.0022140483,0.00066488085,-0.0067602186,-0.097896494,0.33027288,-0.31173977,-0.5,2.44982,0.022966723889112473,0.32932180166244507,-0.003263711929321289,-1.8920257503040694,1.3849232,2.468883,1.4942793,2.3595257,2.141483,-2.2658331
18.8,0.3050191,-0.2818048,-0.49981523,-0.00027364047,-0.013967837,2.4373612,0.16379039,-0.008830751,-0.0023578505,0.0007340124,-0.0076952465,-0.09194551,0.31607798,-0.29987365,-0.5,2.4409256,0.02118527889251709,0.3321259915828705,-0.0035643577575683594,-1.8777622742761615,1.6712457,2.5110943,1.6832454,2.499093,2.1688938,-2.2314718
18.900000000000002,0.29295498,-0.27047384,-0.49983636,-8.0613594e-05,-0.01483326,2.4287357,0.16528496,-0.008244553,-0.0025223463,0.0007255176,-0.008630622,-0.08624856,0.30181193,-0.2877377,-0.5,2.4325752,0.01940394751727581,0.3349454998970032,-0.0038394927978515625,-1.8641061553065401,1.9411415,2.5647862,1.8715403,2.6343858,2.1925974,-2.200255
19.0,0.28082547,-0.25898668,-0.4998596,0.000106737745,-0.01579026,2.4206564,0.16686335,-0.0075732507,-0.0027083198,0.00067511393,-0.009563476,-0.08078622,0.287478,-0.27534276,-0.5,2.4247477,0.01765778288245201,0.33773908019065857,-0.0040912628173828125,-1.851028844160433,2.1984987,2.6273887,2.0579855,2.7679002,2.2131042,-2.171703
19.1,0.2686231,-0.24734358,-0.49988523,0.0002876791,-0.016837656,2.4131012,0.1684922,-0.0069154487,-0.0029163905,0.00061649375,-0.0104820365,-0.075540446,0.2730794,-0.26270005,-0.5,2.4174228,0.015990393236279488,0.34051239490509033,-0.004321575164794922,-1.8384585368928454,2.4470687,2.6951141,2.2400734,2.9021077,2.2314293,-2.1448424
19.200000000000003,0.2563463,-0.23554222,-0.49991357,0.00046345143,-0.017973274,2.4060507,0.17014527,-0.0063279606,-0.0031469,0.00057060487,-0.011376459,-0.07049384,0.25861934,-0.24982095,-0.5,2.4105818,0.014458776451647282,0.34326231479644775,-0.004531145095825196,-1.8264076942518677,2.6895497,2.7649758,2.4158287,3.0386949,2.248598,-2.1187062
19.3,0.2439963,-0.22357914,-0.499945,0.00063628017,-0.019193923,2.3994858,0.17180865,-0.005836879,-0.0033999078,0.00054846774,-0.012236908,-0.06563026,0.2441011,-0.236717,-0.5,2.4042077,0.013138395734131336,0.3459852933883667,-0.004721879959106445,-1.8148921965813294,2.9276116,2.8346598,2.5839148,3.1783547,2.265457,-2.0925283
19.400000000000002,0.2315761,-0.21145193,-0.49997988,0.00080855086,-0.020495716,2.3933907,0.1734649,-0.005444428,-0.003675141,0.0005528377,-0.013056705,-0.06093421,0.22952795,-0.22340003,-0.5,2.3982847,0.012122387066483498,0.34866535663604736,-0.0048940181732177734,-1.803929576122678,3.1620963,2.9028792,2.7437816,3.3211923,2.2825766,-2.065811
19.5,0.21909107,-0.19916053,-0.5000186,0.0009826561,-0.021874608,2.3877492,0.17508073,-0.005150022,-0.003972083,0.0005848764,-0.013834528,-0.056391604,0.21490315,-0.209882,-0.5,2.3927982,0.011510390788316727,0.351270854473114,-0.005048990249633789,-1.793545740829643,3.394071,2.9689858,2.8955276,3.4675274,2.300381,-2.0382073
19.6,0.20653588,-0.18670121,-0.50006133,0.0011594192,-0.023323527,2.3825476,0.17676114,-0.0049071335,-0.004289849,0.0006299081,-0.014540271,-0.051988512,0.20022999,-0.19617511,-0.5,2.387735,0.011380811221897602,0.35387831926345825,-0.005187273025512695,-1.783768243695968,3.6202135,3.031163,3.0379934,3.6133811,2.3187366,-2.0099432
19.700000000000003,0.19387877,-0.17405707,-0.5001074,0.0013366685,-0.024828779,2.3777735,0.17878763,-0.0046279333,-0.0046264813,0.0006590929,-0.015107848,-0.04771105,0.18551178,-0.18229167,-0.5,2.3830826,0.011739962734282017,0.3567084074020386,-0.005309104919433593,-1.7746027802265623,3.830463,3.0846002,3.1670406,3.748021,2.3367357,-1.9820362
19.8,0.18108024,-0.1612116,-0.5001558,0.00151004,-0.026375217,2.3734155,0.18121324,-0.0042510564,-0.0049786447,0.0006518023,-0.015522609,-0.043545313,0.17075182,-0.16824418,-0.5,2.3788302,0.012496305629611015,0.359783411026001,-0.005414724349975587,-1.7660540250126773,4.0175886,3.1271207,3.2810864,3.8636212,2.353233,-1.9557618
19.900000000000002,0.16810046,-0.14815173,-0.50020516,0.0016739147,-0.027947396,2.369464,0.18401407,-0.003745057,-0.005342364,0.00059664686,-0.015781417,-0.039477643,0.15595347,-0.15404528,-0.5,2.3749676,0.013502799905836582,0.3630680739879608,-0.005503654479980469,-1.7581325574916433,4.1769676,3.1577804,3.3796585,3.9550877,2.3671377,-1.9323236
20.0,0.1549021,-0.13486739,-0.5002538,0.0018222518,-0.029529575,2.3659105,0.18714967,-0.003102346,-0.0057133487,0.0004903792,-0.01588122,-0.035494953,0.14112,-0.13970774,-0.5,2.3714855,0.014609577134251595,0.3665231168270111,-0.005574941635131836,-1.7508560804154345,4.3054643,3.1757934,3.4623399,4.0189166,2.3775573,-1.9127123
20.1,0.14145029,-0.12135192,-0.5003,0.0019486146,-0.031105615,2.3627477,0.19057736,-0.0023137236,-0.0060871206,0.00032982428,-0.015817989,-0.031584676,0.1262548,-0.1252445,-0.5,2.368376,0.015689009800553322,0.3701072931289673,-0.005628347396850586,-1.7442508661297054,4.4003234,3.1807837,3.5289934,4.052112,2.383669,-1.8978753
20.200000000000003,0.12771182,-0.107600525,-0.50034165,0.002046514,-0.032658596,2.3599699,0.1942709,-0.0013778104,-0.006458952,0.00011505315,-0.0155838765,-0.027735213,0.11136119,-0.110668525,-0.5,2.3656318,0.016639482229948044,0.37379851937294006,-0.005661964416503906,-1.7383521208421588,4.4589324,3.1720595,3.5790741,4.0519166,2.3847454,-1.8886434
20.3,0.11365179,-0.0936067,-0.5003764,0.002109545,-0.03416977,2.3575718,0.19825393,-0.00029476892,-0.006823888,-0.00015269796,-0.015160787,-0.023936054,0.09644252,-0.09599296,-0.5,2.363247,0.017377998679876328,0.3776220381259918,-0.005675077438354492,-1.7332009793604084,4.477768,3.1479044,3.6111205,4.0145507,2.3801334,-1.8857844
20.400000000000002,0.09923182,-0.07936161,-0.5004014,0.0021311853,-0.03561832,2.3555498,0.20256728,0.00094228156,-0.0071766092,-0.00047434884,-0.014528057,-0.020176735,0.081502154,-0.081231005,-0.5,2.3612154,0.01783246174454689,0.38161712884902954,-0.005665540695190429,-1.7288434965527641,4.4524636,3.1061256,3.6231542,3.9354334,2.3691516,-1.890086
20.5,0.084411025,-0.06485407,-0.50041354,0.002105092,-0.0369815,2.3539011,0.20724523,0.0023326972,-0.007511497,-0.0008480315,-0.0136669,-0.016447034,0.066543445,-0.06639595,-0.5,2.3595328,0.017938751727342606,0.38582149147987366,-0.005631685256958008,-1.725329562289502,4.3786926,3.0441437,3.6128032,3.810032,2.3512065,-1.9022745
20.6,0.069149815,-0.050071653,-0.5004096,0.002025785,-0.03823537,2.352624,0.21228842,0.0038562801,-0.007822702,-0.0012652958,-0.012565546,-0.012736983,0.051569767,-0.05150115,-0.5,2.3581953,0.017642825841903687,0.3902498483657837,-0.0055713653564453125,-1.7226820635773192,4.2533894,2.9592125,3.5775883,3.6350121,2.3259463,-1.9228199
20.700000000000003,0.05345444,-0.03502703,-0.50038815,0.001893057,-0.039365675,2.3517172,0.21719614,0.0053611742,-0.008104827,-0.0016738916,-0.011321377,-0.009037888,0.03658449,-0.036559995,-0.5,2.3572,0.016943903639912605,0.3944988548755646,-0.005482673645019531,-1.7209396308553868,4.0888543,2.8549168,3.5213554,3.4224145,2.294583,-1.9506047
20.8,0.037372425,-0.019755375,-0.5003499,0.0017116835,-0.040366266,2.3511808,0.2215194,0.0067068445,-0.008354781,-0.0020248475,-0.010016055,-0.0053411154,0.021590976,-0.021585943,-0.5,2.3565443,0.015891114249825478,0.398200124502182,-0.00536346435546875,-1.720161553918215,3.9019134,2.7368922,3.4501362,3.1886683,2.259181,-1.9836435
20.900000000000002,0.020968584,-0.0043000723,-0.50029665,0.0014892359,-0.041233893,2.3510156,0.2250797,0.007821899,-0.008571364,-0.0022911837,-0.008679076,-0.0016368396,0.0065926057,-0.006592463,-0.5,2.3562272,0.01456062588840723,0.4012065529823303,-0.005211591720581055,-1.7204055322970806,3.705109,2.6089592,3.3684065,2.9456606,2.2217681,-2.0199788
21.0,0.004313095,0.011293715,-0.5002309,0.0012347193,-0.041966673,2.3512235,0.2278282,0.008675213,-0.008754139,-0.0024595046,-0.0073246956,0.0020871933,-0.008407247,0.00840695,-0.5,2.3562474,0.013045837171375751,0.403476744890213,-0.005023956298828125,-1.7217210470958975,3.5074582,2.4734623,3.279424,2.7014956,2.1841261,-2.0578504
21.1,-0.012527622,0.02698482,-0.5001551,0.0009576197,-0.04256289,2.3518074,0.22982079,0.009261426,-0.008903031,-0.0025259918,-0.0059549524,0.005841993,-0.02340521,0.023398798,-0.5,2.3566055,0.011454497464001179,0.40505924820899963,-0.0047981739044189444,-1.724138764072294,3.3145764,2.3312228,3.1848946,2.4609036,2.1477082,-2.0957594
21.200000000000003,-0.029492807,0.042734887,-0.50007176,0.0006671985,-0.043021668,2.3527696,0.23111783,0.009598344,-0.009018162,-0.0024947568,-0.0045785904,0.009618587,-0.038397904,0.03836959,-0.5,2.3573022,0.009917750023305416,0.4060005247592926,-0.004532575607299805,-1.7276725049779382,3.1304433,2.1832585,3.0866385,2.2270627,2.1135798,-2.1325586
21.3,-0.04652997,0.058508918,-0.4999833,0.00037179393,-0.043342926,2.3541117,0.23180158,0.009720184,-0.009099936,-0.0023769021,-0.0032036044,0.013409045,-0.05338196,0.053305846,-0.5,2.3583388,0.008603603579103947,0.40636351704597473,-0.004227161407470703,-1.7323196859754044,2.957105,2.030249,2.986131,2.0012224,2.08243,-2.1675203
21.400000000000002,-0.063598506,0.07427324,-0.49989188,7.7295204e-05,-0.04352725,2.3558342,0.23196529,0.009702288,-0.00914874,-0.0021986135,-0.0018368604,0.017210096,-0.068354,0.068194136,-0.5,2.3597178,0.0077189370058476925,0.4062085449695587,-0.003883600234985352,-1.7382770516697201,2.79449,1.8739433,2.8858988,1.782534,2.0542338,-2.200558
21.5,-0.08067096,0.08999506,-0.4997992,-0.0002134302,-0.043575834,2.3579383,0.23170772,0.009633381,-0.009165127,-0.001991618,-0.00048423428,0.021022681,-0.08331067,0.08302105,-0.5,2.3614426,0.007459566462785006,0.4055977463722229,-0.0035042762756347656,-1.7453729837298528,2.6404455,1.7162112,2.7885308,1.5681252,2.0283513,-2.2322035
21.6,-0.09772874,0.10564185,-0.4997068,-0.0004997661,-0.043491002,2.360426,0.23109399,0.009575749,-0.009149781,-0.0017797772,0.00084302505,0.024851011,-0.09824859,0.097773254,-0.5,2.3635166,0.007891197688877583,0.40457117557525635,-0.0030906200408935547,-1.7534884721083734,2.4931557,1.5588772,2.6964862,1.355546,2.0039644,-2.26319
21.700000000000003,-0.11475881,0.12118164,-0.4996161,-0.0007826096,-0.043276425,2.3632987,0.2301679,0.00956793,-0.009103581,-0.0015794201,0.0021314283,0.028701894,-0.11316441,0.11243747,-0.5,2.3659446,0.00889662466943264,0.40315714478492737,-0.0026459693908691406,-1.7625762228013846,2.351326,1.4031769,2.6116972,1.1428053,1.9802489,-2.294275
21.8,-0.13175155,0.13658397,-0.49952817,-0.0010635715,-0.042937145,2.36656,0.22896534,0.00962529,-0.009027594,-0.0013987063,0.003367318,0.032584626,-0.12805477,0.1270005,-0.5,2.3687327,0.010282596573233604,0.40138497948646545,-0.0021727085113525395,-1.7725828751727195,2.214529,1.2500815,2.5356648,0.9289455,1.9564908,-2.325941
21.900000000000002,-0.14869854,0.1518194,-0.49944422,-0.0013445714,-0.042479616,2.3702137,0.22750343,0.009752723,-0.008923632,-0.00124161,0.004536466,0.03650993,-0.1429163,0.14144924,-0.5,2.3718867,0.01188625767827034,0.39926981925964355,-0.001672983169555664,-1.7834548422668481,2.0829318,1.10034,2.4697034,0.7135679,1.9321756,-2.3586078
22.0,-0.16559294,0.16686131,-0.49936518,-0.0016273891,-0.041910987,2.3742657,0.22581501,0.009943785,-0.008793784,-0.0011074789,0.0056318534,0.040489707,-0.15774569,0.15577067,-0.5,2.3754144,0.013600902631878853,0.3968457877635956,-0.0011487007141113281,-1.7951357415473759,1.9567336,0.95392376,2.4143124,0.49634463,1.9069998,-2.3925083
22.1,-0.18242782,0.18168557,-0.4992919,-0.0019133328,-0.04123912,2.3787222,0.22391813,0.010183819,-0.008640175,-0.0009922286,0.006646192,0.044536542,-0.17253959,0.16995195,-0.5,2.3793237,0.015360872261226177,0.39413586258888245,-0.0006015300750732422,-1.807575508164462,1.8365798,0.8105634,2.3697886,0.27735436,1.8808528,-2.4276915
22.200000000000003,-0.19919987,0.19627284,-0.49922496,-0.0022034724,-0.04047134,2.3835912,0.22187445,0.010466005,-0.008464995,-0.0008940089,0.0075846976,0.048663765,-0.18729466,0.18398026,-0.5,2.383624,0.017130153253674507,0.39120161533355713,-3.2901763916015625e-05,-1.8207198273947431,1.7220478,0.669072,2.3355384,0.055581253,1.8536588,-2.4641778
22.3,-0.21590489,0.21060525,-0.4991648,-0.0024984009,-0.03961546,2.3888822,0.21968934,0.010777036,-0.0082701845,-0.00080854236,0.0084422985,0.052885134,-0.20200759,0.197843,-0.5,2.3883255,0.01888670213520527,0.38805392384529114,0.0005567073822021484,-1.8345182887642046,1.6137353,0.52872014,2.3114364,-0.16898105,1.8254522,-2.5018713
22.400000000000002,-0.23253952,0.22466645,-0.49911177,-0.002798543,-0.03867919,2.3946059,0.21738136,0.011113672,-0.008057739,-0.00073456956,0.009219796,0.057214692,-0.21667509,0.2115277,-0.5,2.3934393,0.02061784826219082,0.3847127854824066,0.0011665821075439453,-1.8489226434138184,1.5119281,0.38877264,2.2974265,-0.39672595,1.7962533,-2.5407064
22.5,-0.24910063,0.23844142,-0.49906608,-0.0031040711,-0.03767008,2.4007742,0.21496353,0.011470739,-0.007829549,-0.0006699565,0.009918555,0.061666694,-0.23129381,0.22502203,-0.5,2.3989778,0.022316694259643555,0.38119378685951233,0.0017964839935302734,-1.8638568553522656,1.4167935,0.24865544,2.2936428,-0.62819386,1.7660917,-2.5805953
22.6,-0.2655635,0.2519105,-0.49902856,-0.0034115377,-0.036599796,2.407401,0.21224731,0.011739509,-0.0075871856,-0.0005789301,0.010497209,0.066254035,-0.2458605,0.23831387,-0.5,2.4049544,0.023958712816238403,0.37735459208488464,0.0024466514587402344,-1.8792131157450356,1.3362782,0.10870656,2.301173,-0.8561883,1.7361237,-2.6203673
22.700000000000003,-0.28186682,0.26504573,-0.49900088,-0.0037115882,-0.035486903,2.414501,0.20890601,0.011743017,-0.007332436,-0.0004025711,0.010886813,0.07098802,-0.26037186,0.25139123,-0.5,2.411384,0.025484833866357803,0.3729412257671356,0.003116846084594727,-1.8948924715561155,1.2864116,-0.029274438,2.3226578,-1.0655208,1.7089026,-2.657454
22.8,-0.2979312,0.2778185,-0.49898487,-0.003991351,-0.034352947,2.4220896,0.20479599,0.011379318,-0.0070680548,-0.00010522776,0.011058017,0.075879954,-0.27482468,0.26424238,-0.5,2.4182827,0.026818884536623955,0.36784809827804565,0.0038068294525146484,-1.9108170961567232,1.2807885,-0.16402015,2.3603113,-1.2435429,1.6871388,-2.6890824
22.900000000000002,-0.31367862,0.2902074,-0.4989816,-0.0042369757,-0.033218924,2.430184,0.19996864,0.010623777,-0.006797234,0.0003238917,0.0110172685,0.0809415,-0.28921562,0.2768557,-0.5,2.4256675,0.027888039126992226,0.36213114857673645,0.0045163631439208984,-1.9269193478606703,1.327094,-0.29596105,2.4147983,-1.3836653,1.6729937,-2.7129357
23.0,-0.32903865,0.30219668,-0.49899155,-0.004435424,-0.03210525,2.4388025,0.19451137,0.009501426,-0.0065231286,0.0008780098,0.010771689,0.08618529,-0.3035415,0.2892199,-0.5,2.4335573,0.02862722985446453,0.3558667004108429,0.005245208740234375,-1.9431454490041222,1.4294665,-0.42541388,2.4870539,-1.4830012,1.6679174,-2.7274067
23.1,-0.34395382,0.31377566,-0.49901447,-0.0045761326,-0.031031385,2.4479651,0.1885449,0.008079334,-0.0062489356,0.0015340848,0.010332316,0.09162551,-0.3177991,0.30132377,-0.5,2.4419723,0.0289843138307333,0.3491508960723877,0.005992889404296874,-1.9594572072830432,1.5888269,-0.55240846,2.578479,-1.5420609,1.6725041,-2.731726
23.200000000000003,-0.35838142,0.3249395,-0.49904957,-0.0046512755,-0.030015456,2.457693,0.18221356,0.006425284,-0.0059780087,0.0022667947,0.009714253,0.0972778,-0.33198518,0.31315652,-0.5,2.4509342,0.028922369703650475,0.34210240840911865,0.0067589282989501944,-1.9758374781705212,1.804158,-0.6777146,2.6899345,-1.5634913,1.686792,-2.7257102
23.3,-0.37229964,0.33568746,-0.49909556,-0.0046575433,-0.029073358,2.4680095,0.17569715,0.0046558203,-0.005713744,0.0030333768,0.008941252,0.10316042,-0.34609658,0.32470742,-0.5,2.4604664,0.028424987569451332,0.3348568379878998,0.007543087005615234,-1.9923275975651706,2.0707102,-0.8018277,2.8227026,-1.5538203,1.7098633,-2.7101543
23.400000000000002,-0.38573295,0.34602967,-0.49915016,-0.0045995503,-0.028213162,2.4789398,0.16941966,0.0029873848,-0.005459475,0.0037572691,0.0080929985,0.10929506,-0.3601301,0.3359661,-0.5,2.4705944,0.027522776275873184,0.32774513959884644,0.008345365524291992,-2.008971007953993,2.3731103,-0.9278595,2.9755917,-1.530341,1.7390664,-2.6875937
23.5,-0.39873093,0.3559809,-0.49921086,-0.0044865864,-0.027439047,2.4905114,0.16361022,0.0015370577,-0.0052173734,0.0043939254,0.0072090304,0.11570443,-0.3740826,0.3469225,-0.5,2.481345,0.02627200447022915,0.3209434151649475,0.009166479110717773,-2.025806912043861,2.6985612,-1.0593506,3.1471493,-1.5079389,1.7716187,-2.6607773
23.6,-0.41135237,0.36555496,-0.49927533,-0.004330489,-0.026753673,2.5027542,0.15834035,0.0003593946,-0.004988964,0.0049198815,0.006304591,0.12241226,-0.38795093,0.35756662,-0.5,2.4927468,0.024737944826483727,0.3144993484020233,0.010007381439208984,-2.042874072537065,3.0386355,-1.1989664,3.3369253,-1.4972564,1.8050644,-2.6321828
23.700000000000003,-0.4236577,0.37476283,-0.49934152,-0.0041442188,-0.026158558,2.5157008,0.15361638,-0.0005270754,-0.004775465,0.0053259404,0.0053906636,0.12944275,-0.40173197,0.367889,-0.5,2.504831,0.022987397387623787,0.30841320753097534,0.010869741439819336,-2.060204906366006,3.3877525,-1.3489395,3.544938,-1.5061256,1.8373647,-2.6039047
23.8,-0.4357018,0.3836118,-0.49940798,-0.0039403853,-0.025654746,2.5293853,0.14938082,-0.0011398395,-0.0045778346,0.0056176316,0.0044711526,0.13681938,-0.41542262,0.37788025,-0.5,2.5176308,0.02108188532292843,0.3026396334171295,0.011754512786865234,-2.077823156305321,3.7434266,-1.5111145,3.771749,-1.5394374,1.8670486,-2.5775158
23.900000000000002,-0.44752896,0.39210364,-0.49947357,-0.0037305348,-0.025243418,2.5438452,0.14552717,-0.0015106269,-0.0043967185,0.005807704,0.0035436628,0.1445647,-0.42901978,0.38753146,-0.5,2.5311806,0.019072799012064934,0.29709383845329285,0.0126645565032959,-2.0957490640675283,4.1056676,-1.6863601,4.0189023,-1.5995954,1.8931034,-2.5541136
24.0,-0.45917338,0.40023658,-0.49953777,-0.0035247237,-0.024925396,2.5591187,0.14196268,-0.0016786684,-0.004232651,0.0059133125,0.0026105936,0.15269941,-0.44252044,0.39683393,-0.5,2.5455182,0.017003297805786133,0.29170769453048706,0.013600587844848635,-2.1140065858063206,4.4756684,-1.8756028,4.2880583,-1.6879933,1.9149169,-2.5344248
24.1,-0.47066343,0.40800825,-0.49960008,-0.0033314787,-0.024700085,2.5752473,0.1386464,-0.0016815901,-0.0040858593,0.0059521385,0.0016847826,0.16124232,-0.45592153,0.40577927,-0.5,2.5606828,0.014914818108081818,0.2864619493484497,0.014564514160156248,-2.132613545498854,4.8542857,-2.0805938,4.580059,-1.8063675,1.932125,-2.5188932
24.200000000000003,-0.4820182,0.41541713,-0.49966037,-0.0031568767,-0.024566185,2.5922732,0.13551573,-0.0015837186,-0.003956245,0.005950972,0.00077196007,0.17020927,-0.46922004,0.41435945,-0.5,2.576716,0.012846281751990318,0.2813250720500946,0.015557289123535155,-2.1515831390955453,5.2441306,-2.3035715,4.89534,-1.9547814,1.9448647,-2.5074716
24.3,-0.4932458,0.4224661,-0.49971864,-0.0030033058,-0.024521932,2.6102397,0.1325068,-0.0014868712,-0.0038434502,0.0059489766,-0.00012448114,0.17961246,-0.48241296,0.4225667,-0.5,2.5936615,0.010836966335773468,0.2762736678123474,0.016578197479248047,-2.1709283847732115,5.6500754,-2.5479965,5.233187,-2.1311088,1.9540162,-2.4993508
24.400000000000002,-0.504347,0.4291612,-0.49977505,-0.0028705955,-0.02456493,2.6291919,0.12957706,-0.0014587543,-0.0037469754,0.0059740436,-0.0009989962,0.18946129,-0.49549738,0.4303937,-0.5,2.6115656,0.008937896229326725,0.27129143476486206,0.017626285552978516,-2.1906614874186072,6.076535,-2.8170226,5.593057,-2.3335452,1.9606601,-2.4935465
24.5,-0.51531816,0.4355103,-0.49982992,-0.0027569884,-0.024692105,2.6491745,0.12669747,-0.0015380426,-0.0036661169,0.006044291,-0.0018451904,0.1997613,-0.5084703,0.43783337,-0.5,2.6304755,0.007233167067170143,0.26636406779289246,0.018698930740356445,-2.2108012720694044,6.527181,-3.1130338,5.975014,-2.5608675,1.9657979,-2.4891033
24.6,-0.52615696,0.44152343,-0.49988347,-0.0026601125,-0.024898985,2.6702328,0.12388693,-0.0017362036,-0.0036001066,0.0061679943,-0.002649206,0.2105134,-0.5213288,0.444879,-0.5,2.6504414,0.005880855489522219,0.2615145742893219,0.019791364669799805,-2.2313624234087612,7.00374,-3.4384234,6.3787737,-2.813458,1.9702005,-2.4852939
24.700000000000003,-0.53685975,0.44721046,-0.49993604,-0.0025772876,-0.025180804,2.6924117,0.12113089,-0.0020579193,-0.0035480733,0.006350015,-0.003407964,0.22171263,-0.53407,0.4515243,-0.5,2.671514,0.005137686152011156,0.25673139095306396,0.020897626876831055,-2.252362045909833,7.507941,-3.794481,6.8047132,-3.0912542,1.9745039,-2.4815402
24.8,-0.5474244,0.45258042,-0.499988,-0.0025062147,-0.025532298,2.715755,0.11843373,-0.0024892522,-0.0035090274,0.0065880907,-0.004116372,0.23334725,-0.54669106,0.45776322,-0.5,2.6937454,0.005234437994658947,0.2520162761211395,0.022009611129760742,-2.273815650158819,8.040318,-4.181758,7.253298,-3.3947382,1.9790901,-2.4775114
24.900000000000002,-0.557849,0.45764184,-0.5000397,-0.002444798,-0.025948105,2.7403038,0.115793094,-0.0030229774,-0.0034819301,0.006881367,-0.0047730953,0.24539703,-0.5591891,0.4635902,-0.5,2.717188,0.006097578443586826,0.24736645817756653,0.023115873336791992,-2.29573902634741,8.60122,-4.600284,7.724735,-3.7237992,1.9842746,-2.4729362
25.0,-0.5681329,0.46240222,-0.50009155,-0.0023914145,-0.026422802,2.7660968,0.11321187,-0.0036442531,-0.0034656748,0.0072259195,-0.0053773304,0.25783247,-0.57156134,0.46899998,-0.5,2.7418942,0.007435934152454138,0.24278275668621063,0.024202585220336914,-2.318146840203408,9.190141,-5.0492673,8.218928,-4.078055,1.9902494,-2.4676516
25.1,-0.5782764,0.4668682,-0.5001438,-0.0023448456,-0.026951047,2.793169,0.11069388,-0.004339818,-0.0034591537,0.00761806,-0.0059296177,0.2706129,-0.58380497,0.4739877,-0.5,2.7679152,0.009015161544084549,0.2382676601409912,0.025253772735595703,-2.341051998571947,9.805869,-5.5271564,8.735214,-4.4565005,1.9971367,-2.461535
25.200000000000003,-0.58828115,0.4710455,-0.500197,-0.0023042168,-0.027527673,2.8215492,0.108243994,-0.005097107,-0.00346135,0.00805414,-0.006431472,0.28368533,-0.5959172,0.47854885,-0.5,2.7953,0.010707417502999306,0.2338254153728485,0.026249170303344723,-2.3644652309665144,10.446371,-6.0315776,9.272198,-4.857403,2.005034,-2.4545171
25.3,-0.5981494,0.4749395,-0.50025123,-0.0022687868,-0.028147757,2.8512604,0.10586768,-0.0059084054,-0.0034712541,0.008532043,-0.0068851663,0.2969833,-0.60789543,0.48267937,-0.5,2.824094,0.012448033317923546,0.22946226596832275,0.027166366577148438,-2.3884617746375962,11.108829,-6.559265,9.827502,-5.2779374,2.0140395,-2.4464746
25.400000000000002,-0.6079311,0.4785505,-0.50030553,-0.0022437628,-0.028797183,2.882317,0.1040035,-0.006588628,-0.003486882,0.008990847,-0.0071985805,0.3104284,-0.61973685,0.48637548,-0.5,2.8543382,0.014166864566504955,0.225577712059021,0.027978897094726562,-2.4131082146952476,11.774185,-7.110832,10.392812,-5.729457,2.0224082,-2.4390836
25.5,-0.6177057,0.48186484,-0.500358,-0.0022396147,-0.029456526,2.9147248,0.102918796,-0.0069675455,-0.0035049652,0.009372716,-0.007320273,0.32392776,-0.63143885,0.4896339,-0.5,2.8860662,0.015782447531819344,0.2224196195602417,0.028658628463745117,-2.438443613431176,12.4209795,-7.6845975,10.959847,-6.2234635,2.0274904,-2.434933
25.6,-0.62755865,0.48485506,-0.5004061,-0.0022688361,-0.03010477,2.9484782,0.10267142,-0.0069664777,-0.0035218524,0.009648947,-0.0072380393,0.33737284,-0.64299875,0.49245167,-0.5,2.9193027,0.017212504521012306,0.2200581580400467,0.029175519943237305,-2.4644750984076498,13.03222,-8.27617,11.520886,-6.764832,2.0269287,-2.4363105
25.700000000000003,-0.6375628,0.48748323,-0.50044733,-0.0023430143,-0.030721676,2.9835598,0.10316691,-0.0065854862,-0.0035342514,0.009817828,-0.006964617,0.35064113,-0.654414,0.49482626,-0.5,2.954062,0.018387023359537125,0.2184322625398636,0.029497861862182617,-2.491178656407321,13.5962925,-8.878687,12.068501,-7.3508916,2.0192256,-2.4446533
25.8,-0.64776844,0.4897065,-0.5004796,-0.0024704065,-0.03128905,3.0199382,0.10422413,-0.0058859102,-0.0035397005,0.009900376,-0.0065256585,0.3635981,-0.66568196,0.49675557,-0.5,2.990345,0.019256526604294777,0.21740278601646423,0.029593229293823242,-2.5185050531772273,14.106348,-9.483532,12.595154,-7.9723315,2.0040221,-2.4602933
25.900000000000002,-0.65820056,0.49148026,-0.50050133,-0.002655329,-0.031790964,3.057568,0.10564413,-0.004938029,-0.0035365138,0.009922894,-0.005948318,0.37610134,-0.6768002,0.49823782,-0.5,3.0281365,0.019795507192611694,0.21680715680122375,0.029431581497192383,-2.5463853959321825,14.557688,-10.080388,13.093347,-8.61604,1.981792,-2.4827693
26.0,-0.66886103,0.4927622,-0.50051165,-0.0028978013,-0.03221362,3.0963893,0.107247435,-0.0038180947,-0.0035237006,0.009914847,-0.0052568493,0.38800374,-0.68776613,0.49927166,-0.5,3.0674033,0.020000942051410675,0.21649393439292908,0.028985977172851562,-2.5747410921876006,14.946718,-10.658255,13.555174,-9.266703,1.9536778,-2.5109746
26.1,-0.67973554,0.49351585,-0.50051,-0.0031935216,-0.03254449,3.136327,0.108918086,-0.0026046478,-0.0035008497,0.009905934,-0.0044653793,0.399158,-0.69857734,0.49985623,-0.5,3.1080928,0.019886530935764313,0.2163655012845993,0.028234243392944336,-2.5677792495945266,15.269882,-11.20686,13.971466,-9.908435,1.9213135,-2.5432777
26.200000000000003,-0.69079417,0.49371007,-0.5004965,-0.0035349752,-0.032773037,-3.1058936,0.110541105,-0.0013488767,-0.0034679223,0.009914889,-0.0035929945,0.40942147,-0.7092314,0.49999094,-0.5,-3.133056,0.019484004005789757,0.21631571650505066,0.02716231346130371,-2.554898107227605,15.523839,-11.715184,14.334051,-10.525388,1.8864586,-2.5779545
26.3,-0.70198935,0.49332422,-0.5004719,-0.0039109187,-0.032892194,-3.0640044,0.11196615,-0.0001275673,-0.003425472,0.009966465,-0.0026715442,0.41866007,-0.71972585,0.4996757,-0.5,-3.08977,0.018845347687602043,0.21619638800621033,0.025765657424926758,-2.5413530917978404,15.708113,-12.172014,14.635938,-11.09983,1.8512532,-2.6128857
26.400000000000002,-0.7132546,0.4923521,-0.5004379,-0.004306556,-0.032899626,-3.0213056,0.113016866,0.0009733754,-0.0033747684,0.0100856405,-0.0017432881,0.42675272,-0.7300584,0.49891078,-0.5,-3.045356,0.018043721094727516,0.21582485735416412,0.024050474166870117,-2.5271558799242007,15.825413,-12.566028,14.87205,-11.612655,1.8182074,-2.6456635
26.5,-0.7245199,0.49079877,-0.50039643,-0.0047057294,-0.032795448,-2.9779227,0.11365515,0.0019172903,-0.003317145,0.010278549,-0.0008255296,0.43359604,-0.7402266,0.49769688,-0.5,-2.9999583,0.017159312963485718,0.2151525914669037,0.022035598754882812,-2.5123368926840217,15.876656,-12.888101,15.037614,-12.049048,1.789465,-2.674158
26.6,-0.7357205,0.4886771,-0.50034934,-0.0050925207,-0.03258138,-2.9339888,0.113920555,0.0026981744,-0.0032539715,0.010537799,7.432373e-05,0.43910724,-0.75022835,0.4960351,-0.5,-2.9537416,0.016270805150270462,0.21420906484127045,0.01975274085998535,-2.4969399611943732,15.86126,-13.131513,15.12846,-12.398702,1.7666175,-2.6967642
26.700000000000003,-0.74679905,0.48600462,-0.5002986,-0.0054525887,-0.03226089,-2.8896437,0.113870814,0.0033328645,-0.0031864895,0.010844989,0.0009477992,0.44322556,-0.76006126,0.4939269,-0.5,-2.9068892,0.015451153740286827,0.21304480731487274,0.01724553108215332,-2.4810231685602986,15.778423,-13.291346,15.142184,-12.655096,1.7506331,-2.7125173
26.8,-0.7577086,0.48280057,-0.5002457,-0.005774025,-0.03183871,-2.8450308,0.113597,0.003849021,-0.0031157325,0.011175676,0.0017904413,0.44591367,-0.7697231,0.4913742,-0.5,-2.8595984,0.0147619703784585,0.2117467075586319,0.01456761360168457,-2.4646519460444654,15.627372,-13.365184,15.077753,-12.815555,1.7418531,-2.7210178
26.900000000000002,-0.7684115,0.4790851,-0.500192,-0.0060476786,-0.031321194,-2.8002946,0.11317439,0.004273164,-0.0030427058,0.011504493,0.0025933417,0.44715786,-0.7792119,0.4883793,-0.5,-2.8120766,0.01425015926361084,0.21038790047168732,0.011781930923461916,-2.447898719814594,15.40861,-13.352577,14.936061,-12.880018,1.7401738,-2.722349
27.0,-0.77887875,0.4748737,-0.5001386,-0.006268555,-0.030715633,-2.7555788,0.11269248,0.00466787,-0.002968318,0.0117944935,0.00335256,0.4469679,-0.7885253,0.4849449,-0.5,-2.7645347,0.013946479186415672,0.2090640515089035,0.008955955505371094,-2.4308381233762364,15.122299,-13.254462,14.7204685,-12.852623,1.744728,-2.7173588
27.1,-0.7890883,0.4701756,-0.5000863,-0.006436117,-0.03002996,-2.7110236,0.11223416,0.005103626,-0.0028934095,0.012007618,0.0040649865,0.44537547,-0.79766124,0.4810741,-0.5,-2.7171826,0.013866506516933441,0.20787033438682556,0.006159067153930664,-2.413540288273564,14.768961,-13.073224,14.436445,-12.740701,1.7540259,-2.7075396
27.200000000000003,-0.79902077,0.4649975,-0.5000359,-0.006553058,-0.029273136,-2.6667645,0.111836575,0.0056161196,-0.0028187167,0.0121196015,0.0047208117,0.44243157,-0.80661774,0.4767703,-0.5,-2.670223,0.014011221937835217,0.2068537175655365,0.003458499908447266,-2.396077530631046,14.351764,-12.81284,14.091101,-12.552169,1.7664566,-2.694529
27.3,-0.8086618,0.4593446,-0.49998778,-0.0066242935,-0.028454138,-2.6229296,0.111555204,0.0062160008,-0.0027449254,0.012117643,0.0053185388,0.43820485,-0.8153928,0.4720375,-0.5,-2.623846,0.014367178082466125,0.20607392489910126,0.0009164810180664061,-2.3785214783516433,13.875364,-12.479874,13.691586,-12.296087,1.7804961,-2.6798835
27.400000000000002,-0.81800205,0.45322168,-0.49994245,-0.0066559818,-0.027581569,-2.579639,0.1114386,0.0068930523,-0.0026726169,0.011999419,0.0058589694,0.43277895,-0.8239843,0.46687987,-0.5,-2.578226,0.014910979196429253,0.20557671785354614,-0.0014128684997558594,-2.360936669666454,13.345946,-12.082916,13.245132,-11.982096,1.7948601,-2.6649551
27.5,-0.8270335,0.4466351,-0.49990016,-0.0066549564,-0.026664143,-2.537003,0.11149136,0.007630514,-0.0026020291,0.011768462,0.00633731,0.42625013,-0.8323905,0.4613021,-0.5,-2.5335174,0.01561499573290348,0.20536048710346222,-0.0034856796264648438,-2.3433859766752727,12.771361,-11.630942,12.760023,-11.619597,1.8084635,-2.6508787
27.6,-0.8357517,0.439593,-0.49986112,-0.0066279448,-0.025710026,-2.495121,0.111727335,0.008398558,-0.0025333685,0.011436231,0.0067547597,0.41872403,-0.84060943,0.45530918,-0.5,-2.4898517,0.016450395807623863,0.20542490482330322,-0.005269289016723634,-2.325927075762091,12.16023,-11.134047,12.244172,-11.217982,1.8205324,-2.6384842
27.700000000000003,-0.84415364,0.4321049,-0.49982548,-0.006581558,-0.024726909,-2.4540818,0.11214384,0.009176785,-0.0024665373,0.011013913,0.0071118064,0.41031325,-0.84863913,0.4489065,-0.5,-2.447338,0.017390936613082886,0.20575331151485443,-0.006743669509887695,-2.3086131900534257,11.521413,-10.602194,11.705895,-10.786671,1.8304378,-2.628442
27.8,-0.8522384,0.42418087,-0.49979332,-0.0065220995,-0.023721697,-2.413962,0.112742074,0.009947748,-0.0024013123,0.0105140135,0.007412211,0.40113488,-0.856478,0.44209987,-0.5,-2.4060614,0.01841486617922783,0.2063310444355011,-0.007900476455688477,-2.291491338648452,10.863453,-10.04528,11.1532,-10.335023,1.8376919,-2.621273
27.900000000000002,-0.8600066,0.41583222,-0.4997647,-0.0064553074,-0.022700641,-2.374826,0.1135103,0.010693243,-0.002337357,0.009950763,0.007658591,0.3913078,-0.86412406,0.43489534,-0.5,-2.3660848,0.019504139199852943,0.20712904632091522,-0.008741140365600588,-2.274601723950887,10.194791,-9.472716,10.593765,-9.871686,1.8419757,-2.6173227
28.0,-0.86745864,0.4070714,-0.4997397,-0.0063864416,-0.021669475,-2.336727,0.11442633,0.011403439,-0.002274206,0.009336636,0.007852685,0.38095063,-0.8715758,0.42729944,-0.5,-2.327449,0.020644409582018852,0.2081107646226883,-0.009277820587158203,-2.257980245155677,9.523351,-8.892874,10.035092,-9.404612,1.8430518,-2.6168427
28.1,-0.87459624,0.39791045,-0.49971828,-0.006320361,-0.02063306,-2.299706,0.11548238,0.0120753115,-0.0022113705,0.008682388,0.008000193,0.3701796,-0.8788314,0.41931903,-0.5,-2.2901766,0.021825294941663742,0.20925551652908325,-0.00952935218811035,-2.2416594573443374,8.855897,-8.313487,9.483841,-8.941427,1.8407223,-2.6200287
28.200000000000003,-0.8814235,0.3883605,-0.49970034,-0.0062611476,-0.019595087,-2.2637935,0.11668532,0.012697585,-0.0021484427,0.008001454,0.008110229,0.3591069,-0.88588923,0.41096124,-0.5,-2.2542722,0.023039666935801506,0.21055175364017487,-0.009521245956420898,-2.2256652101762224,8.198275,-7.742115,8.945146,-8.488983,1.8349564,-2.626908
28.3,-0.88794583,0.37843266,-0.49968582,-0.0062119896,-0.018558456,-2.2290087,0.11802631,0.013257951,-0.0020849481,0.007307257,0.008188619,0.3478393,-0.89274776,0.4022336,-0.5,-2.219726,0.02428254298865795,0.2119726836681366,-0.009282588958740234,-2.209992443289522,7.5557632,-7.185334,8.423283,-8.052851,1.8258785,-2.637356
28.400000000000002,-0.8941688,0.36818537,-0.4996752,-0.006165935,-0.01753373,-2.1953614,0.11911266,0.013466717,-0.002020922,0.006704616,0.008157247,0.33647287,-0.8994054,0.39314398,-0.5,-2.1865158,0.025504115968942642,0.2130204290151596,-0.00884556770324707,-2.1946580377364695,6.950615,-6.6483245,7.9224434,-7.6201506,1.8166398,-2.6482995
28.5,-0.9001037,0.3577073,-0.49966905,-0.0061093313,-0.0165362,-2.162852,0.11968662,0.013137773,-0.0019562526,0.006265852,0.0079709245,0.325099,-0.9058607,0.38370058,-0.5,-2.1546094,0.0266252513974905,0.21336305141448975,-0.008242607116699219,-2.1796986032592063,6.4041224,-6.134796,7.446505,-7.177177,1.8111384,-2.6557884
28.6,-0.9057697,0.3470967,-0.49966773,-0.006025874,-0.01558321,-2.1314726,0.11965039,0.012209479,-0.0018910393,0.006023289,0.007612939,0.31380326,-0.9121122,0.37391186,-0.5,-2.1239667,0.027557021006941795,0.21287022531032562,-0.007505893707275391,-2.1651630567290487,5.931056,-5.6470275,6.9989314,-6.7149014,1.8127264,-2.6563206
28.700000000000003,-0.9111942,0.33644545,-0.49967128,-0.005899765,-0.014692233,-2.1012075,0.11903522,0.010710177,-0.0018259318,0.005977198,0.007086097,0.30266386,-0.9181585,0.36378664,-0.5,-2.0945413,0.028216121718287468,0.21157073974609375,-0.0066661834716796875,-2.15109844724119,5.5392694,-5.1864443,6.5823154,-6.2294893,1.8237174,-2.6473677
28.8,-0.91640687,0.32583013,-0.4996794,-0.0057186503,-0.013880385,-2.0720334,0.11792377,0.008748078,-0.0017622546,0.006097304,0.006397336,0.29175138,-0.9239982,0.35333404,-0.5,-2.0662825,0.028534114360809326,0.20958226919174194,-0.005750894546508789,-2.137548895806625,5.230666,-4.7523375,6.19971,-5.72138,1.845075,-2.6277473
28.900000000000002,-0.92143476,0.3152996,-0.4996916,-0.0054767192,-0.013162493,-2.0439215,0.116498366,0.0065161656,-0.0017020141,0.006321226,0.005571347,0.28112814,-0.9296299,0.34256348,-0.5,-2.0391362,0.02847059816122055,0.20715609192848206,-0.004785299301147462,-2.12455665786585,4.999442,-4.342735,5.85395,-5.1972423,1.8759917,-2.5981195
29.0,-0.9262997,0.30485427,-0.49970713,-0.0051779593,-0.012546793,-2.0168374,0.11513475,0.004300411,-0.001647306,0.0065524494,0.0046737134,0.27084836,-0.9350526,0.33148462,-0.5,-2.0130472,0.028033440932631493,0.2047591358423233,-0.003790140151977539,-2.112133143198548,4.8287477,-3.956525,5.545588,-4.6733646,1.9135039,-2.5613244
29.1,-0.9310165,0.29446462,-0.4997252,-0.004832509,-0.012037615,-1.9907421,0.11406871,0.0022754718,-0.0016000397,0.006728539,0.0037406192,0.26095504,-0.9402648,0.32010743,-0.5,-1.9879587,0.027260974049568176,0.20268107950687408,-0.0027834177017211914,-2.1002672402933826,4.7030735,-3.5930552,5.2737117,-4.163693,1.9543295,-2.5206184
29.200000000000003,-0.9355942,0.28408808,-0.4997451,-0.0044531683,-0.011637332,-1.9655938,0.113402374,0.000514553,-0.0015618737,0.006820587,0.0027875872,0.25148076,-0.94526553,0.3084422,-0.5,-1.963814,0.026205405592918396,0.2010439783334732,-0.001779794692993164,-2.088933140081317,4.6113076,-3.2519245,5.036501,-3.6771173,1.9957353,-2.4787571
29.3,-0.9400353,0.2736795,-0.4997664,-0.0040535815,-0.011347323,-1.9413482,0.113150164,-0.0009541432,-0.0015341407,0.006817338,0.0018204453,0.24244955,-0.9500535,0.29649937,-0.5,-1.940557,0.024923207238316536,0.19987231492996216,-0.0007911920547485352,-2.0780971971032933,4.54553,-2.9321864,4.8322077,-3.2188642,2.0355918,-2.43793
29.400000000000002,-0.9443374,0.26319763,-0.4997888,-0.0036467107,-0.011168405,-1.9179595,0.11327397,-0.0021376645,-0.0015178842,0.00672265,0.0008411345,0.23387805,-0.95462775,0.28428972,-0.5,-1.9181323,0.02346937358379364,0.1991277039051056,0.00017285346984863284,-2.0677219657444077,4.50041,-2.6325715,4.6591086,-2.7912698,2.0723984,-2.3996856
29.5,-0.9484949,0.2526089,-0.49981207,-0.0032439227,-0.011101054,-1.8953805,0.11370574,-0.0030627095,-0.0015139547,0.0065495376,-0.00014982065,0.22577663,-0.95898724,0.2718242,-0.5,-1.8964859,0.021894121542572975,0.1987365484237671,0.0011054277420043945,-2.0577667052520576,4.472587,-2.351564,4.5155315,-2.3945086,2.1052325,-2.3649778
29.6,-0.9524987,0.24189083,-0.4998362,-0.002854685,-0.011145957,-1.8735638,0.11434275,-0.0037605946,-0.0015230613,0.006314207,-0.0011566975,0.21815051,-0.96313095,0.25911412,-0.5,-1.8755654,0.020241383463144302,0.19859600067138672,0.002001643180847168,-2.0481952749890904,4.460244,-2.086903,4.4004908,-2.0271497,2.1335876,-2.3343391
29.700000000000003,-0.9563388,0.23102878,-0.49986127,-0.0024865044,-0.011303033,-1.8524619,0.11512,-0.004263907,-0.0015458828,0.0060337665,-0.0021731078,0.21100053,-0.96705794,0.2461708,-0.5,-1.85532,0.018552619963884354,0.1986331343650818,0.0028580427169799805,-2.038974486677956,4.461844,-1.8367366,4.3126326,-1.6875256,2.1572592,-2.3079975
29.8,-0.9600061,0.22001362,-0.4998873,-0.0021449523,-0.011571104,-1.8320274,0.11599404,-0.004606507,-0.001582996,0.0057251835,-0.0031887733,0.20432416,-0.9707673,0.23300596,-0.5,-1.8357005,0.016870595514774323,0.1987912505865097,0.003673076629638672,-2.030075115126355,4.4760184,-1.599663,4.2501965,-1.3738413,2.176273,-2.2859378
29.900000000000002,-0.963494,0.2088409,-0.49991444,-0.0018333121,-0.011947923,-1.8122138,0.116933815,-0.004836384,-0.0016348122,0.0054090205,-0.0041931528,0.1981156,-0.9742583,0.21963143,-0.5,-1.8166599,0.015241815708577633,0.19901372492313385,0.004446148872375487,-2.0214745295457233,4.5019627,-1.375241,4.210636,-1.083915,2.19099,-2.267826
30.0,-0.96680313,0.19751024,-0.49994275,-0.0015514847,-0.0124301845,-1.7929748,0.11792018,-0.005038879,-0.001701595,0.0051168706,-0.00517529,0.1923663,-0.9775301,0.20605925,-0.5,-1.7981526,0.013717034831643105,0.19922752678394318,0.005177736282348633,-2.0131524552073587,4.5404043,-1.1648438,4.189789,-0.8142286,2.2023852,-2.2526922
30.1,-0.96993864,0.18602598,-0.49997246,-0.0012968853,-0.013014173,-1.7742658,0.11891622,-0.0052758055,-0.0017835627,0.004871497,-0.006130123,0.18706632,-0.98058194,0.19230162,-0.5,-1.7801348,0.012355740182101727,0.19935999810695648,0.005869030952453613,-2.0050917046535437,4.5925436,-0.96942705,4.1841307,-0.5610143,2.211636,-2.239396
30.200000000000003,-0.9729084,0.17439559,-0.5000038,-0.0010654867,-0.01369585,-1.7560428,0.11989129,-0.0055806087,-0.0018808336,0.004685483,-0.0070530768,0.1822049,-0.98341316,0.17837094,-0.5,-1.7625647,0.011231822893023491,0.1993616819381714,0.006521821022033691,-1.997278723368244,4.659147,-0.7893466,4.190948,-0.32114828,2.219826,-2.2268908
30.3,-0.97572094,0.16262557,-0.50003695,-0.00085271883,-0.014470291,-1.7382632,0.12085113,-0.0059635662,-0.0019934208,0.0045626676,-0.007933822,0.17777078,-0.9860231,0.16427973,-0.5,-1.7454016,0.010434205643832684,0.19922572374343872,0.007138371467590332,-1.9896980142483225,4.739699,-0.62502414,4.207641,-0.09296694,2.2278063,-2.2143552
30.400000000000002,-0.97838444,0.15072331,-0.5000723,-0.00065406447,-0.015332398,-1.7208855,0.12177925,-0.006421305,-0.0021212082,0.0045010736,-0.0087692365,0.17375238,-0.98841125,0.15004069,-0.5,-1.7286068,0.010050281882286072,0.19893844425678253,0.007721304893493652,-1.98233304301124,4.8336124,-0.47613215,4.2325845,0.124895304,2.2362058,-2.2012334
30.5,-0.9809058,0.13869782,-0.50011015,-0.00046529932,-0.016277172,-1.7038691,0.122652814,-0.0069470117,-0.002263887,0.0044965744,-0.009559015,0.17013794,-0.990577,0.13566662,-0.5,-1.7121427,0.010135709308087826,0.19848471879959106,0.008273601531982422,-1.975168579330009,4.9404507,-0.34192935,4.2647867,0.33373418,2.2454646,-2.1871347
30.6,-0.9832907,0.12655795,-0.5001509,-0.00028273038,-0.017299442,-1.6871748,0.12346667,-0.0075296345,-0.0024210257,0.0045429273,-0.010300371,0.16691597,-0.9925198,0.121170454,-0.5,-1.695973,0.010687589645385742,0.19786596298217773,0.00879824161529541,-1.9681897491637317,5.0594335,-0.22181067,4.3033338,0.53428864,2.255867,-2.1718383
30.700000000000003,-0.9855436,0.11431133,-0.50019497,-0.00010333567,-0.018393742,-1.6707644,0.124227606,-0.008155709,-0.0025919736,0.004632696,-0.010989394,0.16407534,-0.99423933,0.106565244,-0.5,-1.6800627,0.011647121049463749,0.19709433615207672,0.009298205375671388,-1.9614547749011555,5.1894336,-0.11539503,4.3473053,0.72673255,2.267551,-2.1552598
30.8,-0.98766685,0.10196489,-0.5002426,7.4967305e-05,-0.019554518,-1.6546011,0.124937095,-0.00880452,-0.0027758603,0.0047559217,-0.011624463,0.16160575,-0.99573517,0.09186414,-0.5,-1.6643775,0.012929883785545826,0.19618365168571472,0.00977635383605957,-1.9549720037136629,5.3291073,-0.022025594,4.3962502,0.9108309,2.2804646,-2.1374934
30.900000000000002,-0.989661,0.089528196,-0.50029427,0.0002535081,-0.020776855,-1.6386484,0.12556559,-0.009461231,-0.0029717085,0.004904687,-0.012211404,0.15949763,-0.99700695,0.07708036,-0.5,-1.6488844,0.01445678062736988,0.19512227177619934,0.010236024856567383,-1.9486306081265026,5.477915,0.059549227,4.4505043,1.0869592,2.2944913,-2.1187127
31.0,-0.9915188,0.07698813,-0.5003498,0.00043030683,-0.022051012,-1.6228709,0.1263329,-0.010033923,-0.00317793,0.005045804,-0.01270158,0.15774342,-0.99805444,0.062227212,-0.5,-1.6335509,0.016146881505846977,0.19412875175476074,0.010679960250854492,-1.9424240101284629,5.627521,0.1276438,4.507435,1.24773,2.3086355,-2.0999627
31.1,-0.99321437,0.06427809,-0.5004076,0.00059639453,-0.023355855,-1.6072339,0.1277669,-0.010318804,-0.0033912016,0.0051087104,-0.012981162,0.15633741,-0.99887735,0.047318064,-0.5,-1.6183453,0.017885129898786545,0.19371458888053894,0.011111378669738768,-1.9363019854606645,5.7562375,0.17593458,4.5595427,1.3726293,2.3202088,-2.0840154
31.200000000000003,-0.994706,0.05130634,-0.5004648,0.0007381906,-0.024664626,-1.5917033,0.13012587,-0.010182202,-0.003606333,0.005044956,-0.012995098,0.15527229,-0.99947554,0.03236633,-0.5,-1.6032363,0.019536856561899185,0.1941511183977127,0.011533021926879885,-1.9301876951380461,5.844886,0.19942212,4.60087,1.443438,2.3261468,-2.0740464
31.3,-0.9959412,0.03797725,-0.50051796,0.00084009004,-0.025948212,-1.5762455,0.1334663,-0.009566333,-0.0038171315,0.0048311995,-0.012721798,0.15453973,-0.99984884,0.017385475,-0.5,-1.5881932,0.020965659990906715,0.19551724195480347,0.0119476318359375,-1.9239935358412714,5.8799906,0.19477706,4.6274514,1.4473165,2.3237357,-2.0728784
31.400000000000002,-0.996865,0.024207147,-0.500563,0.00088720175,-0.02717744,-1.5608282,0.13769124,-0.008490379,-0.0040171817,0.004471181,-0.0121627925,0.15413134,-0.99999714,0.0023889714,-0.5,-1.5731853,0.022049041464924812,0.19773294031620026,0.012357115745544434,-1.9176338107536974,5.8547177,0.15981126,4.636883,1.377646,2.3111,-2.0824585
31.5,-0.99742514,0.009932923,-0.500596,0.0008674007,-0.028324205,-1.5454196,0.14261766,-0.0070282267,-0.0042005056,0.0039891577,-0.011331006,0.15403998,-0.9999205,-0.012609683,-0.5,-1.5581822,0.02268812619149685,0.20062093436717987,0.012762665748596191,-1.9110172353936192,5.76785,0.092963465,4.627763,1.2330511,2.2873945,-2.1036932
31.6,-0.9975878,-0.004854122,-0.50061417,0.0007757855,-0.029368779,-1.5299883,0.14771715,-0.0053817094,-0.004362522,0.0034540417,-0.010311923,0.15425958,-0.9996188,-0.027596988,-0.5,-1.5431538,0.02284163422882557,0.20367002487182617,0.013165473937988281,-1.90407411112575,5.632372,-0.0031711168,4.6034217,1.0257794,2.253753,-2.135516
31.700000000000003,-0.99734414,-0.020098647,-0.50061697,0.00061599,-0.030302163,-1.5145036,0.15235119,-0.003788042,-0.0045007933,0.0029490655,-0.009213776,0.15478764,-0.9990923,-0.04255946,-0.5,-1.528069,0.02253718674182892,0.20626209676265717,0.013565421104431152,-1.8967843875476056,5.4709635,-0.122451305,4.571198,0.77731425,2.2129834,-2.1751766
31.8,-0.9967035,-0.03571467,-0.5006051,0.00039719368,-0.031119889,-1.4989341,0.15620518,-0.0023927048,-0.004614691,0.002529177,-0.008081379,0.15562743,-0.99834096,-0.05748363,-0.5,-1.5128976,0.02183884009718895,0.20806963741779327,0.013963460922241211,-1.8891579967200343,5.302095,-0.26048285,4.536669,0.5049433,2.1681747,-2.219605
31.900000000000002,-0.9956853,-0.051609755,-0.5005801,0.00013128415,-0.03181855,-1.4832482,0.15920237,-0.0012585063,-0.004704526,0.0022215724,-0.00692435,0.1567865,-0.997365,-0.07235607,-0.5,-1.4976083,0.020822282880544662,0.20899248123168945,0.014360070228576658,-1.8813843085021886,5.1377397,-0.41501743,4.503186,0.21953629,2.121987,-2.266154
32.0,-0.9943132,-0.067696,-0.50054353,-0.00016907285,-0.032395016,-1.4674127,0.16137591,-0.00039785783,-0.004770915,0.0020341908,-0.0057438905,0.15827511,-0.9961646,-0.08716339,-0.5,-1.4821695,0.01956278458237648,0.2090454399585724,0.01475679874420166,-1.8734690474575733,4.9851637,-0.5849766,4.472821,-0.07263451,2.0764408,-2.3127851
32.1,-0.99261224,-0.083893776,-0.5004974,-0.0004916316,-0.032846645,-1.4513938,0.16279784,0.00020379442,-0.0048145764,0.0019628473,-0.004543328,0.16010472,-0.9947401,-0.10189227,-0.5,-1.466549,0.018130667507648468,0.2082912176847458,0.015155196189880371,-1.865287256757782,4.849094,-0.76962036,4.4473596,-0.36788574,2.0329933,-2.357998
32.2,-0.99060696,-0.10013265,-0.5004437,-0.00082509324,-0.033171684,-1.4351561,0.16355059,0.000568707,-0.0048363125,0.00199795,-0.0033301995,0.16228737,-0.9930918,-0.11652946,-0.5,-1.4507141,0.016589956358075142,0.20680613815784454,0.015558004379272461,-1.856842233895323,4.732811,-0.9685486,4.4282618,-0.6639996,1.9926804,-2.4007242
32.300000000000004,-0.9883195,-0.11635192,-0.5003842,-0.0011598357,-0.033369392,-1.4186634,0.16372563,0.00073553505,-0.004836888,0.0021225037,-0.0021130792,0.16483535,-0.99122006,-0.13106178,-0.5,-1.4346308,0.014998024329543114,0.20468491315841675,0.015967369079589844,-1.8481314366524413,4.6381474,-1.1814241,4.4170456,-0.96032226,1.9560591,-2.4403348
32.4,-0.9857674,-0.13249989,-0.50032055,-0.0014885905,-0.03344011,-1.4018778,0.1634126,0.000760297,-0.0048171584,0.0023126546,-0.00090174156,0.16776128,-0.98912525,-0.14547615,-0.5,-1.4182643,0.013407500460743904,0.2020333856344223,0.01638650894165039,-1.8391367768872107,4.5655217,-1.4076159,4.415598,-1.2576922,1.9231812,-2.4766948
32.5,-0.98296195,-0.14852351,-0.5002545,-0.0018073096,-0.033387285,-1.3847605,0.16260317,0.0007241688,-0.004778143,0.002535796,0.00027355936,0.17107818,-0.98680794,-0.1597596,-0.5,-1.4015788,0.011878807097673416,0.19890764355659485,0.016818284988403317,-1.8298156541659802,4.515737,-1.643613,4.4288564,-1.5567327,1.8934764,-2.5103009
32.6,-0.9799255,-0.16433927,-0.5001892,-0.0021114436,-0.033224057,-1.3672712,0.16097696,0.00059550145,-0.0047214595,0.0027967638,0.0013163941,0.17479774,-0.9842686,-0.17389928,-0.5,-1.3845372,0.01050199568271637,0.19506928324699402,0.017266035079956055,-1.820151542372937,4.4999976,-1.8814298,4.466633,-1.8480651,1.8671165,-2.5409303
32.7,-0.97668964,-0.17985599,-0.5001277,-0.002395808,-0.03296823,-1.3493686,0.15843798,0.0003376318,-0.0046499195,0.0031032444,0.002180458,0.17893262,-0.9815078,-0.18788245,-0.5,-1.3671011,0.009362421929836273,0.19043923914432526,0.01773250102996826,-1.8101478105688131,4.528409,-2.1160522,4.5359874,-2.123631,1.8446243,-2.5679605
32.800000000000004,-0.9732901,-0.19499443,-0.5000729,-0.0026550668,-0.032638434,-1.3310096,0.15508834,-7.061674e-05,-0.0045668487,0.0034589223,0.0028583293,0.18349667,-0.9785261,-0.20169656,-0.5,-1.3492304,0.008505281060934067,0.18509000539779663,0.01822078227996826,-1.799814634508603,4.606664,-2.3466427,4.639839,-2.3798184,1.8265882,-2.59074
32.9,-0.9697601,-0.20969667,-0.5000268,-0.0028848657,-0.032252133,-1.3121501,0.15113379,-0.00061581394,-0.0044752504,0.003856372,0.0033625392,0.18850444,-0.97532433,-0.21532914,-0.5,-1.3308836,0.00791744701564312,0.17918913066387177,0.018733501434326172,-1.7891640168561562,4.7358623,-2.5749128,4.7785826,-2.6176336,1.8132533,-2.6089222
33.0,-0.96612537,-0.22393264,-0.49999043,-0.0030826384,-0.031823877,-1.2927442,0.14685637,-0.0012607388,-0.004377663,0.004280029,0.003722984,0.19397035,-0.9719031,-0.22876795,-0.5,-1.3120178,0.007534075994044542,0.1729668378829956,0.01927363872528076,-1.7782006082814303,4.9127884,-2.8049185,4.9502435,-2.842374,1.8044287,-2.6225975
33.1,-0.96239865,-0.23769942,-0.49996364,-0.0032486012,-0.031364743,-1.2727445,0.14254594,-0.0019381688,-0.0042758887,0.004703947,0.003975136,0.19990797,-0.96826315,-0.24200088,-0.5,-1.2925878,0.00727298017591238,0.16667091846466064,0.019843220710754395,-1.766920873857548,5.130795,-3.0415719,5.1519775,-3.0627546,1.7993257,-2.6324463
33.2,-0.9585778,-0.25102055,-0.4999454,-0.0033856952,-0.0308815,-1.252103,0.13849571,-0.002581448,-0.0041711293,0.005102181,0.0041621784,0.20632897,-0.96440536,-0.25501603,-0.5,-1.2725469,0.007065912242978811,0.1605384796857834,0.02044391632080078,-1.7553070054513054,5.3809414,-3.291174,5.379577,-3.28981,1.7967755,-2.639548
33.300000000000004,-0.95464605,-0.26393878,-0.4999339,-0.0034994648,-0.030377079,-1.2307701,0.13493586,-0.003124366,-0.004063905,0.005449165,0.0043222657,0.21324283,-0.9603306,-0.26780167,-0.5,-1.2518469,0.006873167585581541,0.1547544002532959,0.02107679843902588,-1.743329444499629,5.653663,-3.5600047,5.6288543,-3.5351958,1.7953275,-2.6452742
33.4,-0.95057195,-0.2765114,-0.49992684,-0.0035975918,-0.029850366,-1.208696,0.1320566,-0.0035092982,-0.003954286,0.005723166,0.0044949665,0.22065623,-0.9560397,-0.2803463,-0.5,-1.2304374,0.0066789500415325165,0.1494632363319397,0.021741390228271484,-1.7309425047678237,5.93915,-3.854543,5.895398,-3.8107913,1.7934152,-2.6511467
33.5,-0.9463128,-0.28879988,-0.49992168,-0.00368938,-0.029297393,-1.1858304,0.12994757,-0.003686918,-0.0038418965,0.00590658,0.0047074608,0.2285728,-0.9515338,-0.29263866,-0.5,-1.2082664,0.006480839569121599,0.1447385847568512,0.022436022758483887,-1.7180889606604557,6.22898,-4.1799364,6.176066,-4.1270223,1.7894502,-2.658726
33.6,-0.94181615,-0.3008635,-0.499916,-0.0037853185,-0.02871166,-1.162123,0.12863967,-0.0036130254,-0.0037262035,0.0059852814,0.004983009,0.23699263,-0.94681376,-0.30466765,-0.5,-1.1852804,0.0062812985852360725,0.14061719179153442,0.023157477378845215,-1.7046996657636682,6.515859,-4.540088,6.4687953,-4.4930243,1.7818781,-2.669573
33.7,-0.9370249,-0.31275132,-0.49990758,-0.003896233,-0.028085317,-1.1375239,0.12807813,-0.0032611082,-0.003606678,0.0059526903,0.005332614,0.24591143,-0.9418807,-0.31642246,-0.5,-1.1614245,0.006088079884648323,0.1370772421360016,0.023900628089904785,-1.6906917690660173,6.794815,-4.9371223,6.7730165,-4.915324,1.7693475,-2.6850703
33.800000000000004,-0.93188864,-0.32448786,-0.49989516,-0.004031714,-0.027412422,-1.1119843,0.12803765,-0.0026448583,-0.003483035,0.0058171195,0.005734201,0.25531945,-0.93673575,-0.32789254,-0.5,-1.1366428,0.00592429656535387,0.13397380709648132,0.024658560752868656,-1.675976993757788,7.066434,-5.3696284,7.0913386,-5.3945336,1.7510684,-2.7060845
33.9,-0.9263817,-0.33606,-0.49987873,-0.0041971058,-0.026692998,-1.085457,0.12809867,-0.0018635513,-0.003355623,0.00561694,0.006125093,0.26519984,-0.93138,-0.33906752,-0.5,-1.1108786,0.005834605544805527,0.13098789751529694,0.025421619415283203,-1.6604942233611906,7.340323,-5.832416,7.429707,-5.9218006,1.7275047,-2.7322707
34.0,-0.9204979,-0.34743348,-0.4998591,-0.004393949,-0.025929622,-1.0578972,0.12800877,-0.0010011151,-0.0032253799,0.005387226,0.0064773946,0.2755293,-0.9258147,-0.34993735,-0.5,-1.0840752,0.005878565367311239,0.12791110575199127,0.02617800235748291,-1.64420112045491,7.625657,-6.3210125,7.7924833,-6.4878387,1.6997453,-2.7626326
34.1,-0.91424394,-0.35856396,-0.49983734,-0.0046209465,-0.02512583,-1.0292633,0.12763381,-0.00011230172,-0.0030933323,0.0051538832,0.0067801033,0.28627643,-0.9200411,-0.36049226,-0.5,-1.0561768,0.00611160509288311,0.12462779879570007,0.026913523674011227,-1.627069547163598,7.929065,-6.8315144,8.182268,-7.0847178,1.6690602,-2.7959504
34.2,-0.9076353,-0.3694045,-0.49981478,-0.004874716,-0.024285272,-0.99951744,0.12692477,0.00076729024,-0.002960466,0.004935391,0.0070313965,0.2973994,-0.9140605,-0.37072277,-0.5,-1.0271286,0.00656165974214673,0.12108782678842545,0.027611136436462402,-1.6090814621199179,8.25455,-7.360436,8.599786,-7.705672,1.6367475,-2.8309615
34.300000000000004,-0.9006904,-0.37991068,-0.49979252,-0.0051508066,-0.023411132,-0.9686278,0.12589909,0.0016270201,-0.0028275647,0.004739985,0.007235962,0.30884415,-0.90787417,-0.38061965,-0.5,-0.9968788,0.00722167082130909,0.11730023473501205,0.02825099229812622,-1.5902241935860701,8.603067,-7.904294,9.044065,-8.345293,1.6039102,-2.866554
34.4,-0.8934289,-0.3900418,-0.49977157,-0.0054443865,-0.022506386,-0.936569,0.12459317,0.002470463,-0.0026952436,0.004568852,0.0073965103,0.32054275,-0.90148365,-0.39017397,-0.5,-0.96537966,0.008059055544435978,0.11329726874828339,0.02881067991256714,-1.570490162400256,8.973319,-8.458859,9.512955,-8.998495,1.5714258,-2.901833
34.5,-0.8858706,-0.39976126,-0.4997528,-0.005750595,-0.021574,-0.90332395,0.12305364,0.0033055274,-0.0025639976,0.00441954,0.0075142006,0.33241215,-0.8948903,-0.3993772,-0.5,-0.9325887,0.009031289257109165,0.10912083834409714,0.029264748096466064,-1.5498755837470743,9.362206,-9.019095,10.003026,-9.659916,1.5399885,-2.9360852
34.6,-0.87804973,-0.4090337,-0.499737,-0.006061476,-0.020619735,-0.8688856,0.121211074,0.0040416257,-0.0024343028,0.0043203426,0.007562551,0.34435248,-0.88809556,-0.40822098,-0.5,-0.898471,0.010082078166306019,0.10466963797807693,0.02958542108535767,-1.5283927648100009,9.771051,-9.57933,10.5094595,-10.317739,1.5111774,-2.9677052
34.7,-0.87003785,-0.41782373,-0.4997253,-0.0063611805,-0.01965594,-0.83325845,0.118829556,0.0044380557,-0.0023068003,0.0043486543,0.007478735,0.35624748,-0.881101,-0.4166974,-0.5,-0.8630009,0.011123737320303917,0.09963453561067581,0.02974247932434082,-1.506093134578608,10.210607,-10.133437,11.025995,-10.948826,1.4886385,-2.9930317
34.800000000000004,-0.86193055,-0.4261063,-0.49971864,-0.0066283355,-0.018699102,-0.7964597,0.11579957,0.0043205116,-0.0021823365,0.004561131,0.0072277943,0.36797002,-0.8739083,-0.42479885,-0.5,-0.8261644,0.012052164413034916,0.09383708983659744,0.029704749584197998,-1.4830566146779096,10.689757,-10.674904,11.544705,-11.529852,1.4765705,-3.0077794
34.9,-0.85383207,-0.43387064,-0.49971756,-0.0068396535,-0.017768413,-0.75852,0.11211469,0.0036172778,-0.0020620334,0.0049807914,0.0067923735,0.37938413,-0.86651886,-0.43251798,-0.5,-0.7879615,0.01276182197034359,0.08724886924028397,0.0294414758682251,-1.4593818929130973,11.211902,-11.195593,12.057351,-12.041043,1.4785982,-3.0082014
35.0,-0.84583855,-0.4411217,-0.4997222,-0.006973928,-0.016884023,-0.7194842,0.10787949,0.0023643828,-0.0019474786,0.005592925,0.0061742268,0.39034745,-0.8589345,-0.4398479,-0.5,-0.74840844,0.013160712085664272,0.07999920099973679,0.028924226760864258,-1.4351750807422319,11.773093,-11.685775,12.555644,-12.468327,1.4969703,-2.9919193
35.1,-0.8380186,-0.44787893,-0.49973232,-0.007016671,-0.016064567,-0.6794118,0.10333116,0.000721951,-0.001840685,0.0063380837,0.005400161,0.4007143,-0.8511569,-0.44678193,-0.5,-0.7075402,0.01318672951310873,0.07239308953285217,0.028128385543823246,-1.4105367351232385,12.359857,-12.134568,13.031281,-12.805993,1.5317982,-2.9587305
35.2,-0.8303789,-0.4541755,-0.49974695,-0.0069665844,-0.015321124,-0.6383767,0.098981194,-0.0009683223,-0.0017434501,0.007092696,0.0045553423,0.4103403,-0.84318775,-0.45331395,-0.5,-0.6654124,0.01284029521048069,0.06498679518699646,0.02703571319580078,-1.3855292161976576,12.94282,-12.532221,13.474176,-13.063579,1.5798801,-2.9117737
35.300000000000004,-0.8228862,-0.46004888,-0.4997651,-0.0068310364,-0.014660681,-0.5964672,0.09515551,-0.0025075758,-0.0016571161,0.0077762334,0.0036849868,0.4190814,-0.8350289,-0.459438,-0.5,-0.62210304,0.01216028444468975,0.058087125420570374,0.025635838508605957,-1.36019031463298,13.494838,-12.870335,13.873334,-13.248831,1.6372834,-2.8550057
35.4,-0.8154871,-0.4655329,-0.49978587,-0.0066226684,-0.014088404,-0.5537855,0.09200733,-0.0037971025,-0.0015825527,0.008340883,0.0028073587,0.4268004,-0.82668215,-0.46514857,-0.5,-0.57771325,0.0112037044018507,0.05180985480546951,0.02392774820327759,-1.334546005620881,13.994408,-13.14121,14.218364,-13.365166,1.7002321,-2.7922843
35.5,-0.8081207,-0.47065347,-0.4998085,-0.0063567553,-0.013608683,-0.51044613,0.089571096,-0.0048021832,-0.001520218,0.008764755,0.0019271919,0.43337288,-0.81814945,-0.47044054,-0.5,-0.5323679,0.010032808408141136,0.04615307226777077,0.021921753883361816,-1.308620709608649,14.425609,-13.337612,14.500492,-13.412496,1.7654816,-2.7269056
35.6,-0.80072826,-0.4754274,-0.4998325,-0.00604924,-0.013225354,-0.4665745,0.08781403,-0.005527126,-0.0014703871,0.009045322,0.0010446715,0.43869153,-0.8094327,-0.47530916,-0.5,-0.48621413,0.008706837892532349,0.04105445370078087,0.019639641046524048,-1.2824415344601126,14.7772045,-13.453271,14.712792,-13.388858,1.8304509,-2.6615102
35.7,-0.7932576,-0.47986254,-0.49985757,-0.00571541,-0.012941799,-0.42230454,0.08666104,-0.005997515,-0.0014331408,0.009192986,0.0001577592,0.4426698,-0.8005337,-0.47975,-0.5,-0.43942007,0.00727838184684515,0.036430735141038895,0.017115533351898193,-1.2560430473123738,15.042014,-13.483071,14.850532,-13.291589,1.8931706,-2.5980844
35.800000000000004,-0.7856641,-0.48396033,-0.49988347,-0.0053691566,-0.012760207,-0.37777668,0.08604875,-0.006246644,-0.0014085171,0.009225079,-0.00072883343,0.44524434,-0.7914547,-0.48375914,-0.5,-0.3921714,0.005795257166028023,0.03220176324248314,0.01439473032951355,-1.2294639294805212,15.21565,-13.424054,14.910586,-13.11899,1.9521927,-2.5380754
35.9,-0.7779129,-0.48771614,-0.49991015,-0.005022502,-0.012681906,-0.33313525,0.08588947,-0.0063116495,-0.0013965031,0.00916273,-0.0016136591,0.44637585,-0.7821976,-0.4873329,-0.5,-0.3446675,0.004302722401916981,0.028303785249590874,0.011532247066497803,-1.202748944635476,15.296944,-13.274768,14.892318,-12.870141,2.0065188,-2.4824784
36.0,-0.7699792,-0.49112144,-0.4999375,-0.004685381,-0.012707181,-0.28852603,0.08610058,-0.0062300344,-0.0013970477,0.009028357,-0.0024930576,0.44604927,-0.7727645,-0.4904681,-0.5,-0.2971163,0.0028616038616746664,0.02470068819820881,0.008590281009674072,-1.1759514090587273,15.287404,-13.035661,14.7972145,-12.545469,2.0555148,-2.4318948
36.1,-0.76184994,-0.49417084,-0.49996564,-0.0043636635,-0.012835545,-0.24409415,0.086598545,-0.0060960944,-0.0014102702,0.008863064,-0.003365257,0.44427222,-0.76315755,-0.49316195,-0.5,-0.24972926,0.0016519356286153197,0.021347632631659508,0.005635112524032593,-1.1491350761550263,15.193159,-12.710675,14.627243,-12.144756,2.0994647,-2.3860166
36.2,-0.75348854,-0.49686182,-0.4999941,-0.0040626535,-0.013058937,-0.19998151,0.08762764,-0.0058983387,-0.0014354376,0.008672044,-0.004158657,0.44107604,-0.75337887,-0.49541193,-0.5,-0.20271526,0.0014540369156748056,0.01816440559923649,0.002733752131462097,-1.1223367100918547,15.012855,-12.310796,14.380852,-11.678791,2.1381907,-2.3449478
36.300000000000004,-0.744839,-0.4991859,-0.50002223,-0.003788182,-0.013363427,-0.15632492,0.08937707,-0.00558913,-0.0014713404,0.008445638,-0.0048183356,0.43651268,-0.7434307,-0.4972161,-0.5,-0.1562754,0.0024215620942413807,0.015045099891722202,-4.951655864715576e-05,-1.0955666132749096,14.7439,-11.848349,14.058236,-11.162682,2.1710606,-2.309299
36.4,-0.7358433,-0.501125,-0.5000492,-0.003545799,-0.013732796,-0.11325425,0.091867216,-0.0051435074,-0.0015166241,0.008179376,-0.005325109,0.4306512,-0.7333152,-0.4985728,-0.5,-0.11059789,0.0035926583223044872,0.011952030472457409,-0.0026563555002212524,-1.0688237003301724,14.387844,-11.334336,13.663494,-10.609983,2.1974833,-2.2796764
36.5,-0.7264555,-0.5026528,-0.5000741,-0.0033397807,-0.014151034,-0.07089099,0.09499083,-0.0045656064,-0.001569997,0.00787766,-0.005684323,0.4235751,-0.72303474,-0.49948084,-0.5,-0.065853894,0.004665684886276722,0.009061033837497234,-0.005037099123001099,-1.0421084097004807,13.951279,-10.778168,13.204311,-10.031198,2.217221,-2.2563648
36.6,-0.7166485,-0.5037398,-0.5000963,-0.0031721073,-0.014603562,-0.029347098,0.0985808,-0.0038906878,-0.0016304128,0.0075554303,-0.0059125884,0.41537997,-0.71259165,-0.49993935,-0.5,-0.022194363,0.0055597382597625256,0.0070269666612148285,-0.007152734324336052,-1.0267043881923508,13.445027,-10.188547,12.690435,-9.433951,2.2305899,-2.2391284
36.7,-0.7064207,-0.50435716,-0.50011545,-0.003042203,-0.015078959,0.011276053,0.10240113,-0.0031642376,-0.0016969759,0.0072312593,-0.0060424204,0.40617108,-0.70198816,-0.49994797,-0.5,0.020251995,0.006253151223063469,0.0071321274153888226,-0.008975941687822342,-1.039695074878245,12.8835745,-9.572331,12.134136,-8.822889,2.238348,-2.2272835
36.800000000000004,-0.6957937,-0.5044819,-0.5001314,-0.0029468248,-0.015568981,0.050888292,0.106234744,-0.0024406018,-0.0017691532,0.006926668,-0.0061051375,0.39606062,-0.6912268,-0.49950668,-0.5,0.061379723,0.006754763424396515,0.009521073661744595,-0.010491430759429933,-1.0516939072259694,12.283127,-8.935822,11.548301,-8.200992,2.2416384,-2.219767
36.9,-0.68480355,-0.50409937,-0.5001444,-0.0028806778,-0.016067611,0.089411125,0.10993869,-0.0017642176,-0.0018466215,0.0066588395,-0.0061213523,0.3851653,-0.68030983,-0.49861583,-0.5,0.10110655,0.007091086357831955,0.013049092143774033,-0.011695422232151031,-1.0626819528387283,11.659191,-8.28566,10.944964,-7.5714293,2.2417428,-2.2153668
37.0,-0.6735003,-0.5032056,-0.50015485,-0.0028365543,-0.016571997,0.12677793,0.11336276,-0.0011851826,-0.0019293282,0.0064449315,-0.006120113,0.37360373,-0.6692399,-0.4972763,-0.5,0.1393725,0.007302852813154459,0.01703779585659504,-0.012594565749168396,-1.0726625413409983,11.027793,-7.6275992,10.336054,-6.9358573,2.2400877,-2.212702
37.1,-0.66194147,-0.50180733,-0.50016344,-0.0028061634,-0.0170819,0.16293392,0.116411075,-0.0007390878,-0.002017478,0.0062954035,-0.006124444,0.36149424,-0.6580193,-0.49548924,-0.5,0.17613834,0.007438304368406534,0.021223772317171097,-0.013204425573348999,-1.081656053880077,10.403632,-6.9669595,9.732544,-6.2958684,2.238037,-2.2104437
37.2,-0.6501874,-0.49992096,-0.5001711,-0.002780939,-0.0175995,0.19783589,0.1190253,-0.0004467907,-0.0021114622,0.006213875,-0.006155259,0.34895298,-0.6466507,-0.49325627,-0.5,0.21138363,0.007546898443251848,0.02550821751356125,-0.013547733426094055,-1.0896963558060322,9.799674,-6.308383,9.144384,-5.653091,2.2367609,-2.2074409
37.300000000000004,-0.63829273,-0.49756894,-0.5001788,-0.002752908,-0.018128088,0.2314519,0.121229425,-0.00031105056,-0.0022117859,0.006196251,-0.006220537,0.33609194,-0.63513654,-0.4905794,-0.5,0.24510433,0.007671188097447157,0.029861612245440483,-0.013652428984642029,-1.0968224525048642,9.225707,-5.6567807,8.5793705,-5.010441,2.237102,-2.2028298
37.4,-0.62630194,-0.4947772,-0.50018746,-0.0027151464,-0.018671416,0.26376057,0.123092435,-0.0003265537,-0.0023190512,0.0062342426,-0.0063225413,0.3230175,-0.62347955,-0.48746103,-0.5,0.27731052,0.007843944244086742,0.03428519517183304,-0.013549953699111937,-1.1030735001575778,8.6887455,-5.0172386,8.043135,-4.371625,2.2396243,-2.1960292
37.5,-0.6142481,-0.49157217,-0.5001978,-0.002662215,-0.019233419,0.29475054,0.12470203,-0.00047730067,-0.0024338048,0.006315247,-0.0064612855,0.30982938,-0.61168224,-0.483904,-0.5,0.30802396,0.008088483475148678,0.038780830800533295,-0.013273417949676514,-1.108486090175175,8.193339,-4.3944597,7.5396724,-3.7407894,2.244581,-2.1867418
37.6,-0.6021507,-0.48797634,-0.5002106,-0.0025907517,-0.019817416,0.32441968,0.12617755,-0.0007288453,-0.002556485,0.006420666,-0.006629645,0.2966197,-0.5997473,-0.47991148,-0.5,0.33727586,0.00841799471527338,0.04333453252911568,-0.012856185436248778,-1.1130904774423065,7.740982,-3.792812,7.071322,-3.123149,2.251845,-2.1750531
37.7,-0.5900137,-0.4840048,-0.500226,-0.0024996933,-0.020425169,0.35277414,0.12766981,-0.0010369314,-0.0026873164,0.0065293377,-0.0068119694,0.28347227,-0.5876775,-0.47548708,-0.5,0.36510485,0.008835176937282085,0.04792022705078125,-0.012330710887908936,-1.1169069944550443,7.3301353,-3.2167456,6.6384726,-2.5250802,2.2609403,-2.161386
37.800000000000004,-0.5778285,-0.47966304,-0.50024414,-0.0023903716,-0.021056762,0.37982765,0.12931815,-0.0013492078,-0.0028262243,0.006618558,-0.00699202,0.27046216,-0.5754754,-0.47063476,-0.5,0.39155507,0.009333101101219654,0.05249667540192604,-0.011727422475814818,-1.1199461929799268,6.957088,-2.6700568,6.2404246,-1.9533911,2.2710853,-2.146474
37.9,-0.5655764,-0.474947,-0.50026464,-0.0022660769,-0.021710517,0.40560055,0.13124104,-0.0016200827,-0.0029728787,0.0066694818,-0.00715346,0.25765532,-0.5631438,-0.4653589,-0.5,0.4166746,0.009895403869450092,0.05702650174498558,-0.011074066162109375,-1.1222106932241211,6.616898,-2.1560256,5.8754406,-1.414566,2.2813675,-2.1311977
38.0,-0.5532293,-0.46984178,-0.5002869,-0.0021319345,-0.022382345,0.43011877,0.13356039,-0.0018005865,-0.003126585,0.0066640424,-0.007273733,0.24510877,-0.5506855,-0.45966426,-0.5,0.4405141,0.010494519025087357,0.061474721878767014,-0.010395318269729614,-1.1236945340754014,6.302941,-1.6776986,5.540676,-0.9154315,2.2907357,-2.1165953
38.1,-0.5407515,-0.4643205,-0.5003097,-0.0019947626,-0.023065237,0.4534132,0.13639593,-0.0018389663,-0.003286167,0.0065851207,-0.0073254076,0.23287079,-0.53810334,-0.45355594,-0.5,0.46312556,0.01108984649181366,0.06581408530473709,-0.009712368249893188,-1.1243827108239413,6.0070314,-1.2379293,5.232328,-0.46322387,2.2980034,-2.103849
38.2,-0.52810454,-0.45834753,-0.5003319,-0.00186241,-0.023749921,0.47551858,0.13981254,-0.0016968686,-0.0034500204,0.006421736,-0.0072876588,0.22098105,-0.5254001,-0.44703948,-0.5,0.48456153,0.011631681583821774,0.0700375959277153,-0.009042948484420776,-1.1242563421609997,5.721177,-0.83873576,4.9465013,-0.06405803,2.3020396,-2.0941424
38.300000000000004,-0.5152475,-0.4518794,-0.5003514,-0.0017432009,-0.024424389,0.4964729,0.14387134,-0.0013474751,-0.0036160466,0.0061682547,-0.007134813,0.20947105,-0.51257867,-0.4401207,-0.5,0.5048743,0.012062905356287956,0.07416482269763947,-0.00840139389038086,-1.1232926150856413,5.4370136,-0.4820142,4.6786747,0.27632648,2.3017914,-2.0885475
38.400000000000006,-0.502145,-0.44487193,-0.5003666,-0.0016449931,-0.025075603,0.5163164,0.14853683,-0.0007897385,-0.0037819168,0.0058282595,-0.006857936,0.19836459,-0.4996419,-0.4328058,-0.5,0.5241152,0.012328475713729858,0.07823498547077179,-0.00779879093170166,-1.1214731769647788,5.1485014,-0.16832581,4.425124,0.55505335,2.2965376,-2.08788
38.5,-0.48876962,-0.43728524,-0.50037557,-0.0015742755,-0.025690248,0.5350912,0.15372163,-4.79314e-05,-0.003945147,0.005414565,-0.0064552017,0.18767814,-0.48659268,-0.42510146,-0.5,0.5423344,0.01238243654370308,0.082300566136837,-0.007243156433105468,-1.118789020924219,4.851978,0.10266259,4.182645,0.77199745,2.2859669,-2.0925326
38.6,-0.4751011,-0.42908636,-0.50037664,-0.0015355889,-0.026254669,0.5528401,0.15933439,0.00083680236,-0.004103306,0.0049461126,-0.0059235184,0.17742175,-0.473434,-0.41701454,-0.5,0.55958015,0.01219220645725727,0.08641941845417023,-0.0067400336265563965,-1.1152392546642824,4.545295,0.331324,3.947875,0.9287449,2.2702177,-2.1024916
38.7,-0.46113452,-0.42025995,-0.5003686,-0.001530207,-0.026757771,0.56960666,0.16515398,0.001782977,-0.0042541465,0.0044553033,-0.0052883895,0.16759934,-0.46016878,-0.40855232,-0.5,0.5758991,0.01175317820161581,0.09062692523002625,-0.006292462348937989,-1.1108411865506453,4.231217,0.5199651,3.7192538,1.0319295,2.2501214,-2.1170325
38.800000000000004,-0.44688976,-0.41082117,-0.5003515,-0.0015548922,-0.027194573,0.5854339,0.17080398,0.0026696671,-0.0043962253,0.0039876695,-0.0046101157,0.15820926,-0.44680005,-0.39972246,-0.5,0.5913358,0.011104639619588852,0.09489736706018448,-0.0059018731117248535,-1.1056468769391268,3.919373,0.67412776,3.4984512,1.0950506,2.2274022,-2.1345778
38.900000000000006,-0.43239868,-0.40080366,-0.500326,-0.0016037286,-0.027562967,0.6003646,0.17607374,0.0034281774,-0.0045287493,0.0035714742,-0.0039160023,0.14924586,-0.43333077,-0.39053285,-0.5,0.60593235,0.010318162851035595,0.09917400777339935,-0.005567729473114013,-1.0997277512772123,3.6176035,0.7990824,3.2868657,1.1298213,2.2038217,-2.1534722
39.0,-0.41769716,-0.39024916,-0.5002931,-0.0016699444,-0.027862016,0.61444044,0.180874,0.0040404666,-0.0046512247,0.0032170683,-0.003216154,0.1406999,-0.419764,-0.3809918,-0.5,0.61972904,0.009489824995398521,0.10339119285345078,-0.005288600921630859,-1.0931639075380035,3.3304417,0.8995694,3.0854623,1.1445497,2.1807384,-2.1724243
39.1,-0.402824,-0.3791987,-0.5002541,-0.0017483896,-0.028091606,0.62770194,0.18517283,0.004556884,-0.004763257,0.0029099947,-0.0025172653,0.13255961,-0.4061028,-0.37110788,-0.5,0.63276374,0.008733640424907207,0.10745180398225784,-0.005061805248260498,-1.0860393443969532,3.0588002,0.9814386,2.896394,1.1438456,2.1586196,-2.1910172
39.2,-0.3878163,-0.3676895,-0.5002104,-0.0018356453,-0.028251765,0.64018816,0.18899898,0.005023764,-0.0048644864,0.002634563,-0.0018198007,0.12481002,-0.39235023,-0.36088997,-0.5,0.6450722,0.008175214752554893,0.11130029708147049,-0.004884064197540283,-1.0784364665749377,2.8017645,1.0495436,2.721072,1.1302367,2.1374326,-2.2093081
39.300000000000004,-0.37270617,-0.3557532,-0.50016314,-0.0019298495,-0.028342323,0.6519364,0.19241825,0.005476036,-0.004954502,0.002376604,-0.0011211552,0.11743376,-0.37850937,-0.3503473,-0.5,0.6566881,0.007932685315608978,0.11491836607456207,-0.004751682281494141,-1.0704324799536185,2.5574026,1.107336,2.5598116,1.1049274,2.116874,-2.2275848
39.400000000000006,-0.357522,-0.3434185,-0.5001134,-0.0020302746,-0.02836365,0.6629821,0.19547404,0.0059332154,-0.005032901,0.002125933,-0.00042635726,0.11041186,-0.36458334,-0.33948934,-0.5,0.66764283,0.00808168575167656,0.11829813569784164,-0.004660725593566895,-1.0621020169708846,2.3242075,1.1577344,2.4127083,1.0692343,2.0965765,-2.246195
39.5,-0.34228587,-0.33071014,-0.5000622,-0.0021367993,-0.028316105,0.6733587,0.19823606,0.0063989596,-0.0050993944,0.0018775227,0.00026487187,0.10372434,-0.3505753,-0.32832587,-0.5,0.677966,0.008625730872154236,0.12146220356225967,-0.0046073198318481445,-1.0535138831887212,2.10052,1.2022302,2.2787573,1.0239929,2.076241,-2.2654138
39.6,-0.3270171,-0.31765226,-0.50001055,-0.0022496171,-0.028201059,0.6830974,0.20072603,0.0068701585,-0.005153688,0.0016290955,0.0009424549,0.09735097,-0.33648837,-0.31686693,-0.5,0.68768525,0.009503775276243687,0.12441881000995636,-0.004587829113006592,-1.0447366374671583,1.8856349,1.2424695,2.1573865,0.9707181,2.055657,-2.2854402
39.7,-0.31172976,-0.30426568,-0.49995917,-0.0023692725,-0.028020011,0.69222784,0.20300141,0.007347454,-0.005195603,0.0013779799,0.0016051407,0.091271706,-0.3223257,-0.30512282,-0.5,0.6968262,0.010630638338625431,0.12719130516052246,-0.004598379135131836,-1.0358344502333217,1.6781299,1.2792337,2.0474036,0.9099604,2.0346065,-2.3064635
39.800000000000004,-0.29643428,-0.29057014,-0.49990872,-0.0024961906,-0.027775021,0.7007773,0.20509441,0.007820023,-0.0052249855,0.0011260684,0.0022474197,0.08546672,-0.30809057,-0.2931041,-0.5,0.7054129,0.011928885243833065,0.1298018842935562,-0.004635632038116455,-1.0268698483540355,1.4771786,1.3129559,1.9475183,0.8426162,2.0129952,-2.3285415
39.900000000000006,-0.28113806,-0.2765842,-0.49985978,-0.0026307555,-0.027468573,0.70877135,0.207032,0.008281775,-0.005241786,0.0008744085,0.0028649897,0.079916894,-0.29378608,-0.28082165,-0.5,0.7134677,0.013339711353182793,0.13226652145385742,-0.004696369171142578,-1.0178899149248393,1.2819852,1.3439804,1.8565437,0.76942205,1.9907674,-2.3517041
40.0,-0.2658676,-0.2623648,-0.49981403,-0.0027679172,-0.02711271,0.71623343,0.20841599,0.00856628,-0.0052459715,0.0006778472,0.0033624033,0.0746016,-0.2794155,-0.26828647,-0.5,0.7210113,0.014786689542233944,0.13453786075115204,-0.004777848720550537,-1.0089691740037423,1.1060724,1.376507,1.7774222,0.7051574,1.969599,-2.3742583
40.1,-0.2506568,-0.24799588,-0.49977347,-0.002897873,-0.02672513,0.723185,0.2090053,0.008530923,-0.0052389456,0.0005849789,0.0036834197,0.06950088,-0.26498204,-0.25550982,-0.5,0.72806275,0.01617785170674324,0.13663023710250854,-0.004877746105194092,-1.000195616243193,0.9641909,1.4138018,1.7123531,0.6656396,1.9519596,-2.393652
40.2,-0.2355412,-0.23357609,-0.4997403,-0.0030077607,-0.026326995,0.7296458,0.20868325,0.0080891345,-0.005223068,0.00062756566,0.0037941753,0.06459589,-0.250489,-0.24250326,-0.5,0.73464,0.017412597313523293,0.1385844498872757,-0.004994213581085205,-0.9916602295257504,0.8687027,1.4584913,1.6629994,0.6641947,1.9404001,-2.4072115
40.300000000000004,-0.22055343,-0.21920636,-0.49971634,-0.003083807,-0.025941132,0.7356336,0.20744409,0.0072199143,-0.005201388,0.0008157768,0.0036785977,0.059869066,-0.23593956,-0.22927845,-0.5,0.7407594,0.01839185692369938,0.1404545158147812,-0.005125761032104492,-0.9834486860293091,0.82801485,1.5128309,1.6307436,0.71010196,1.9370023,-2.412674
40.400000000000006,-0.20572166,-0.20498155,-0.4997031,-0.0031129965,-0.025590993,0.7411648,0.20535451,0.0059498246,-0.005177551,0.0011428006,0.0033308426,0.055303972,-0.22133705,-0.2158473,-0.5,0.74643594,0.01902611367404461,0.1422985941171646,-0.00527113676071167,-0.9756351185978591,0.8468863,1.5788131,1.6167994,0.8089,1.9432024,-2.408417
40.5,-0.19107182,-0.19098553,-0.4997017,-0.0030848354,-0.025300648,0.7462542,0.20249711,0.0043543065,-0.005155644,0.0015838834,0.0027450537,0.050885584,-0.20668474,-0.20222192,-0.5,0.75168365,0.019238201901316643,0.1441420018672943,-0.005429446697235107,-0.9683012974136906,0.9270657,1.6593821,1.6233652,0.9630825,1.9595598,-2.3936691
40.6,-0.17660685,-0.17725082,-0.499712,-0.002996482,-0.02508539,0.75091517,0.1993849,0.0026594894,-0.005140319,0.0020626725,0.0020088453,0.04660151,-0.19198592,-0.18841453,-0.5,0.75651515,0.019005978479981422,0.1460195779800415,-0.0055999755859375,-0.9614978871755875,1.0548137,1.7530972,1.6483067,1.1596041,1.9845085,-2.3698049
40.7,-0.16230837,-0.16376264,-0.49973276,-0.002851957,-0.024952658,0.75516015,0.19649495,0.0010629547,-0.0051348535,0.0025100082,0.0012001622,0.04244032,-0.1772439,-0.1744376,-0.5,0.76094204,0.018360182642936707,0.14791332185268402,-0.005781888961791991,-0.955241746012116,1.2117718,1.8560479,1.6871349,1.3806849,2.015428,-2.3393164
40.800000000000004,-0.14814986,-0.1504806,-0.49976245,-0.0026597248,-0.024906393,0.75900036,0.19406472,-0.00031371924,-0.0051411325,0.00288046,0.00035314416,0.038391337,-0.16246201,-0.16030367,-0.5,0.7649749,0.017360491678118706,0.14974717795848846,-0.005974531173706055,-0.949532628669489,1.3831866,1.9652429,1.7363925,1.6120368,2.0496168,-2.3048396
40.900000000000006,-0.13410598,-0.1373562,-0.49979943,-0.0024304066,-0.02494973,0.76244605,0.19214468,-0.0014151919,-0.0051604356,0.003151282,-0.0005249727,0.03444462,-0.14764357,-0.1460255,-0.5,0.7686232,0.01607678458094597,0.15143649280071259,-0.006177127361297607,-0.9443686391726344,1.5594603,2.0792582,1.7942466,1.8444719,2.0847683,-2.2686496
41.0,-0.12015369,-0.12433999,-0.49984232,-0.0021751784,-0.025084965,0.7655064,0.19072774,-0.002228122,-0.005193961,0.0033157554,-0.0014267155,0.03059077,-0.1327919,-0.13161589,-0.5,0.7718954,0.014583833515644073,0.15292638540267944,-0.006389021873474121,-0.9397472354666017,1.7341173,2.196845,1.8591,2.0718625,2.1191185,-2.2325277
41.1,-0.106275246,-0.11138859,-0.4998899,-0.0019045414,-0.02531418,0.76818985,0.18973686,-0.0027689678,-0.005242764,0.0033794402,-0.002350486,0.026820917,-0.11791037,-0.117087856,-0.5,0.7747992,0.012956462800502777,0.15418221056461334,-0.00660938024520874,-0.935670573672747,1.9037329,2.3174546,1.9300579,2.2911294,2.1514666,-2.1977096
41.2,-0.09245736,-0.09846547,-0.49994132,-0.0016278654,-0.025638722,0.7705039,0.1890947,-0.0030622014,-0.005307832,0.0033524712,-0.0032894684,0.023126539,-0.1030023,-0.10245444,-0.5,0.7773414,0.01127435453236103,0.15518832206726074,-0.0068375468254089355,-0.9321417974237345,2.066171,2.4406993,2.006401,2.5004692,2.1810231,-2.1650434
41.300000000000004,-0.07869138,-0.08554508,-0.4999959,-0.0013523829,-0.026059723,0.7724551,0.18869326,-0.003159334,-0.0053899474,0.0032550397,-0.0042417673,0.019499002,-0.088071056,-0.08772883,-0.5,0.77952766,0.009630531072616577,0.15595534443855286,-0.0070725679397583,-0.9291663836348033,2.2215817,2.5662472,2.0875046,2.7003243,2.2075415,-2.134831
41.400000000000006,-0.06496934,-0.07261514,-0.5000532,-0.0010817607,-0.026577866,0.7740492,0.18843572,-0.0031539234,-0.0054897987,0.0031216086,-0.0052029756,0.015929142,-0.07311999,-0.072924264,-0.5,0.7813631,0.008156686089932919,0.15654347836971283,-0.007313907146453857,-0.926753218773186,2.3724728,2.6923852,2.171465,2.893393,2.2315817,-2.1065693
41.5,-0.051281404,-0.05967183,-0.5001132,-0.00081667345,-0.027192459,0.7752912,0.18827645,-0.0031218326,-0.0056079724,0.0029809112,-0.0061593535,0.012408214,-0.058152482,-0.05805407,-0.5,0.7828518,0.007059863302856684,0.1570117026567459,-0.007560610771179199,-0.9249102693801484,2.521009,2.8166063,2.255617,3.0819983,2.254089,-2.0794032
41.6,-0.037616186,-0.04671622,-0.5001755,-0.00055576814,-0.027901275,0.77618486,0.18819223,-0.003110258,-0.0057446617,0.0028520445,-0.0070954585,0.008927995,-0.043171886,-0.043131635,-0.5,0.78399724,0.006614065263420343,0.15739819407463074,-0.007812380790710449,-0.9236593837947555,2.668501,2.9364893,2.3374805,3.2675095,2.276059,-2.0524037
41.7,-0.023952728,-0.033734344,-0.50023955,-0.00029861965,-0.028696546,0.77673376,0.18835615,-0.0030801555,-0.005899442,0.0027246026,-0.007955751,0.0054819845,-0.028181575,-0.028170383,-0.5,0.78480196,0.006992724724113941,0.1577061116695404,-0.008068203926086426,-0.9230572987735547,2.8089714,3.048459,2.4126313,3.444799,2.2977211,-2.0254738
41.800000000000004,-0.010237144,-0.02065729,-0.5003028,-4.987554e-05,-0.029555531,0.7769403,0.18938841,-0.0028716268,-0.0060699284,0.002546708,-0.008590479,0.002062175,-0.013184926,-0.013183779,-0.5,0.7852678,0.008039555512368679,0.15793387591838837,-0.008327484130859375,-0.9233156093479914,2.9204333,3.1423485,2.4698615,3.5929205,2.3176272,-2.00025
41.900000000000006,0.0035962677,-0.0073884055,-0.5003615,0.00018205837,-0.030448295,0.776806,0.19156803,-0.002370495,-0.00625057,0.0022796483,-0.008927559,-0.0013429743,0.0018146918,0.0018146888,-0.5,0.7853957,0.009380918927490711,0.15806154906749725,-0.008589684963226318,-0.924291886038974,2.983032,3.2105849,2.5003912,3.6932259,2.3337145,-1.9790368
42.0,0.017611733,0.006173122,-0.5004112,0.00038723575,-0.03134237,0.7763308,0.19491363,-0.0015354295,-0.0064341174,0.0019071198,-0.008941589,-0.004747716,0.0168139,0.016811524,-0.5,0.78518605,0.010676197707653046,0.15810701251029968,-0.008855223655700684,-0.925936394843481,2.9835165,3.2486026,2.4985235,3.7335956,2.3441234,-1.9639028
42.1,0.0318613,0.020111594,-0.5004479,0.00055627746,-0.0322066,0.77551496,0.19922192,-0.0003949897,-0.0066129067,0.0014347385,-0.008645477,-0.008151588,0.031809326,0.03179323,-0.5,0.7846384,0.011690335348248482,0.15811845660209656,-0.009123444557189941,-0.9282510313286492,2.9167924,3.254985,2.4619727,3.7098048,2.347712,-1.9562355
42.2,0.046381194,0.034484025,-0.50046796,0.00068206905,-0.033012737,0.7743585,0.20418747,0.0009726878,-0.006779608,0.0008855279,-0.008067812,-0.011553988,0.046797596,0.046746325,-0.5,0.7837514,0.01227828860282898,0.158157616853714,-0.009392917156219482,-0.9312115940718978,2.7843082,3.2302637,2.390562,3.6240096,2.344191,-1.9564925
42.300000000000004,0.0611738,0.049290843,-0.5004698,0.0007626834,-0.033742674,0.7728613,0.20917103,0.0024063205,-0.006928172,0.0003119612,-0.00730958,-0.01495902,0.061775334,0.061657347,-0.5,0.7825232,0.012390035204589367,0.1582101583480835,-0.00966191291809082,-0.9347922604803155,2.6003737,3.180937,2.2901428,3.491168,2.3346908,-1.9636998
42.400000000000006,0.0762105,0.06447978,-0.50045407,0.0008013397,-0.034387622,0.7710223,0.21358094,0.0037504039,-0.007054897,-0.00023383982,-0.006463495,-0.018374385,0.07673918,0.07651289,-0.5,0.78095096,0.01205326896160841,0.15818996727466583,-0.009928643703460693,-0.9389844897645104,2.3842402,3.1160269,2.1691084,3.3311589,2.3212085,-1.9759669
42.5,0.09145093,0.07997405,-0.5004225,0.00080442656,-0.03494199,0.76883954,0.2171613,0.0049131564,-0.007158147,-0.00071959116,-0.0055611464,-0.021810493,0.09168575,0.09129956,-0.5,0.77903104,0.01133582554757595,0.15802504122257233,-0.010191500186920164,-0.9437796939946512,2.150336,3.0419269,2.0332725,3.1589901,2.3057601,-1.991326
42.6,0.10685275,0.09568969,-0.50037724,0.00077980355,-0.035401046,0.7663096,0.21984828,0.005856221,-0.00723726,-0.0011300422,-0.0046109,-0.02527971,0.10661169,0.10600408,-0.5,0.77675915,0.010324100963771343,0.15766219794750214,-0.010449528694152832,-0.9491586419184017,1.9080113,2.962908,1.886386,2.984533,2.2900052,-2.0081277
42.7,0.12237241,0.11154665,-0.5003209,0.00073427754,-0.035760663,0.76342803,0.22166124,0.006613825,-0.0072919778,-0.0014751606,-0.0036186525,-0.028795041,0.12151365,0.12061321,-0.5,0.77413005,0.00911279022693634,0.15702852606773376,-0.010702013969421387,-0.9550919556121504,1.6620276,2.8835707,1.7324897,2.8131087,2.2747464,-2.0255485
42.800000000000004,0.13796897,0.12747397,-0.500256,0.0006731036,-0.036017016,0.7601887,0.2226831,0.0072297286,-0.0073222574,-0.0017698942,-0.0025872884,-0.03237059,0.13638827,0.13511379,-0.5,0.7711377,0.007805836386978626,0.15608716011047363,-0.010949015617370605,-0.9615340063286146,1.4144292,2.8075628,1.5747275,2.6472645,2.2602124,-2.0432918
42.900000000000006,0.15360352,0.14340675,-0.5001849,0.0006004243,-0.036167815,0.75658417,0.22297156,0.007729639,-0.007328213,-0.0020247677,-0.0015322195,-0.036021203,0.1512322,0.14949277,-0.5,0.76777524,0.006534296553581953,0.15481899678707123,-0.011191070079803465,-0.9683819977282109,1.1673275,2.7381024,1.4158704,2.4895594,2.2464423,-2.061212
43.0,0.16921848,0.1592539,-0.50011146,0.00052229775,-0.036220785,0.75260526,0.22221215,0.008046249,-0.0073102517,-0.0022200407,-0.000553595,-0.039762866,0.1660421,0.16373722,-0.5,0.76403475,0.0054956357926130295,0.1531148999929428,-0.011429488658905028,-0.9755303428764981,0.93346053,2.6829777,1.2632903,2.353148,2.2343154,-2.0783436
43.1,0.18474819,0.17490977,-0.50004005,0.00044657776,-0.036190093,0.74824125,0.22024891,0.008117875,-0.0072705587,-0.0023375342,0.0002841568,-0.043611664,0.18081465,0.17783432,-0.5,0.7599075,0.004901761654764414,0.15094628930091858,-0.01166623830795288,-0.982880403878452,0.7258829,2.6488574,1.1232543,2.251486,2.2250981,-2.093275
43.2,0.20013084,0.19026901,-0.49997488,0.00038228708,-0.036092818,0.7434798,0.21711539,0.007906582,-0.007212437,-0.0023656895,0.0009515063,-0.047583353,0.19554651,0.19177137,-0.5,0.7553837,0.0048242914490401745,0.14837677776813507,-0.011903882026672365,-0.9903387407619888,0.55390126,2.6392457,0.99886703,2.19428,2.2201333,-2.1044905
43.300000000000004,0.21531299,0.20523627,-0.49991968,0.00033847414,-0.035947446,0.73830724,0.21294606,0.0074130227,-0.00713955,-0.0023046564,0.0014339663,-0.05169274,0.21023439,0.20553586,-0.5,0.7504526,0.005088061559945345,0.1455061286687851,-0.01214534044265747,-0.9978243106049768,0.4227438,2.6559207,0.89145297,2.1872118,2.2205086,-2.110734
43.400000000000006,0.23025447,0.21973534,-0.4998771,0.00032312758,-0.035771914,0.73270833,0.20797355,0.006672316,-0.0070555047,-0.0021656987,0.001736352,-0.055953562,0.22487494,0.21911536,-0.5,0.7451023,0.005416529718786478,0.14246106147766113,-0.012393951416015625,-1.0052669891133488,0.33289367,2.6985269,0.8001554,2.2312653,2.2268674,-2.1111753
43.5,0.24492781,0.23371354,-0.49984875,0.00034188482,-0.035582907,0.7266667,0.20245513,0.005759082,-0.006963573,-0.0019731687,0.0018705789,-0.06037812,0.23946491,0.23249769,-0.5,0.7393199,0.005598609335720539,0.13933973014354706,-0.012653231620788576,-1.012615471747035,0.28105468,2.7660713,0.72338045,2.3237457,2.239207,-2.105623
43.6,0.25932062,0.24714607,-0.49983507,0.000397396,-0.035394285,0.7201649,0.19669458,0.004768218,-0.0068666697,-0.0017579347,0.0018640158,-0.06497763,0.254001,0.24567078,-0.5,0.7330912,0.005522869993001223,0.13622088730335236,-0.01292628049850464,-1.0198298363584957,0.259557,2.8565364,0.65830517,2.4577882,2.2568955,-2.0945077
43.7,0.27343312,0.26003292,-0.4998355,0.00048924895,-0.03521728,0.7131843,0.19095318,0.0037942487,-0.006767195,-0.0015516839,0.0017423138,-0.06976286,0.26847994,0.25862277,-0.5,0.72640073,0.00515262596309185,0.13313476741313934,-0.013216435909271242,-1.0268878040254346,0.2590826,2.9675322,0.60163856,2.6249762,2.2788606,-2.0787468
43.800000000000004,0.2872792,0.2723975,-0.49984854,0.00061430346,-0.03505953,0.7057053,0.18549049,0.0029205836,-0.0066670934,-0.0013828119,0.0015409148,-0.0747444,0.2828985,0.27134204,-0.5,0.71923184,0.004508599638938904,0.13008737564086914,-0.013526558876037598,-1.0337867462295047,0.26863295,3.0955544,0.548855,2.8153324,2.3037758,-2.0595713
43.900000000000006,0.30088842,0.2842851,-0.49987182,0.00076724833,-0.034924004,0.6977072,0.18056752,0.002213647,-0.0065676593,-0.001274083,0.0013061723,-0.07993295,0.29725337,0.2838171,-0.5,0.71156645,0.003667290788143873,0.12706869840621948,-0.013859272003173828,-1.0405369486701206,0.27570057,3.235565,0.49377632,3.0174892,2.3302155,-2.038348
44.0,0.31430444,0.29575709,-0.49990234,0.00094146916,-0.03480904,0.6891681,0.17639422,0.0017138986,-0.0064694113,-0.001239375,0.0010841412,-0.08533961,0.31154135,0.29603675,-0.5,0.7033849,0.0027789263986051083,0.12405436486005783,-0.014216780662536621,-1.0471525236781156,0.26782605,3.3817163,0.42928785,3.2202547,2.3568733,-2.0163937
44.1,0.32758054,0.30688158,-0.49993664,0.0011301836,-0.034709368,0.68006504,0.17308494,0.0014277152,-0.006372061,-0.0012809006,0.0009110893,-0.09097624,0.32575926,0.30798998,-0.5,0.6946662,0.002132989000529051,0.12101922929286957,-0.014601171016693115,-1.0536522660803254,0.23451218,3.5283208,0.34829345,3.4145396,2.3827636,-1.9947295
44.2,0.34077594,0.31772983,-0.4999712,0.001326385,-0.034616187,0.6703738,0.17070203,0.00136338,-0.0062748273,-0.0014010854,0.0008223317,-0.09685523,0.3399039,0.31966606,-0.5,0.68538755,0.00212373910471797,0.11793246865272522,-0.015013754367828367,-1.0600539689459092,0.1660615,3.670621,0.24442631,3.592256,2.4070191,-1.9743143
44.300000000000004,0.35395172,0.32837135,-0.50000256,0.0015231547,-0.034517787,0.6600687,0.16924527,0.0015192945,-0.006176404,-0.0015988108,0.0008474059,-0.102990106,0.35397202,0.33105445,-0.5,0.67552465,0.002683181082829833,0.11477652192115784,-0.015455961227416992,-1.066371442415885,0.054227598,3.8050332,0.11230758,3.7469532,2.428903,-1.9560033
44.400000000000006,0.36716774,0.33886942,-0.50002736,0.0017139445,-0.034400128,0.6491228,0.16866222,0.0018833749,-0.006075112,-0.0018696437,0.0010099915,-0.109395735,0.3679605,0.34214494,-0.5,0.6650512,0.003370196558535099,0.11155528575181961,-0.015928447246551514,-1.0726020653187747,-0.10752589,3.9292016,-0.052411288,3.8740869,2.4478223,-1.940512
44.5,0.3804752,0.34927377,-0.5000429,0.0018929304,-0.034248836,0.6375073,0.16879657,0.0024304204,-0.005969075,-0.0022050936,0.0013139453,-0.11608854,0.38186622,0.35292748,-0.5,0.6539393,0.003909775987267494,0.1082807257771492,-0.016431987285614014,-1.0787345639346744,-0.32242742,4.043208,-0.25181752,3.972598,2.463381,-1.9283715
44.6,0.3939168,0.3596187,-0.50004727,0.002055587,-0.0340493,0.62519175,0.16948584,0.0031152512,-0.005856534,-0.0025905333,0.001762356,-0.12308662,0.395686,0.3633924,-0.5,0.6421588,0.004168130457401276,0.10499464720487595,-0.016967058181762695,-1.0847450597854722,-0.5914918,4.147862,-0.48740613,4.0437765,2.4754884,-1.9198114
44.7,0.40752372,0.36992377,-0.50003916,0.0021979704,-0.033787437,0.6121438,0.17054635,0.00391209,-0.0057358425,-0.0030180416,0.002350556,-0.13040887,0.40941676,0.37353036,-0.5,0.6296778,0.004073404241353273,0.10171572118997574,-0.017533957958221436,-1.09056783313778,-0.9145703,4.245952,-0.7588995,4.0902815,2.4840162,-1.9150726
44.800000000000004,0.42130083,0.380182,-0.5000186,0.0023172717,-0.033454265,0.5983291,0.17160952,0.0047763926,-0.0056054955,-0.003473739,0.0030282573,-0.13807535,0.4230554,0.3833321,-0.5,0.61646205,0.003605838166549802,0.09840413928031921,-0.018132925033569336,-1.0961118207041145,-1.2855691,4.344855,-1.0615834,4.120869,2.4890108,-1.9141643
44.900000000000006,0.4352262,0.39035952,-0.49998719,0.0024123709,-0.03304657,0.58371115,0.17230256,0.0056453953,-0.0054649604,-0.003938432,0.003738377,-0.14610705,0.43659884,0.39278892,-0.5,0.6024754,0.0027903865557163954,0.09499282389879227,-0.01876425743103027,-1.1012916948927454,-1.694619,4.4538226,-1.3889512,4.1481547,2.490849,-1.9167683
45.0,0.4492655,0.400409,-0.499947,0.0024834496,-0.032563593,0.5682513,0.17245132,0.006468458,-0.0053147543,-0.0043972176,0.004457022,-0.15452482,0.45004407,0.40189222,-0.5,0.5876793,0.0016759609570726752,0.091440349817276,-0.019428014755249023,-1.1060263247012536,-2.1338894,4.580058,-1.7366028,4.1827717,2.4899926,-1.9224178
45.1,0.46337914,0.41027835,-0.49990058,0.0025313243,-0.032005895,0.55190915,0.17199276,0.0072165984,-0.0051559657,-0.0048419107,0.00517135,-0.1633484,0.46338803,0.41063383,-0.5,0.57203317,0.00036923005245625973,0.08771577477455139,-0.02012401819229126,-1.1102443619260434,-2.5979815,4.7293034,-2.1016395,4.232961,2.4868243,-1.9307238
45.2,0.4775296,0.41991758,-0.4998502,0.0025570202,-0.031374283,0.5346423,0.17096268,0.007874969,-0.004989898,-0.0052685137,0.005879241,-0.17259566,0.47662774,0.41900593,-0.5,0.5554941,0.0012910759542137384,0.08381793648004532,-0.020851850509643555,-1.1138842778275748,-3.0841174,4.9055223,-2.4829125,4.304318,2.4815848,-1.9414047
45.300000000000004,0.4916858,0.42928144,-0.49979806,0.002561802,-0.030669406,0.5164069,0.16945235,0.008428514,-0.0048178346,-0.005672466,0.0065826722,-0.1822816,0.48976022,0.42700094,-0.5,0.53801715,0.002991548739373684,0.07977905869483948,-0.021610260009765625,-1.1168881466545648,-3.5912528,5.110903,-2.8809586,4.400609,2.4744868,-1.954203
45.400000000000006,0.5058221,0.4383297,-0.49974588,0.0025468634,-0.029892448,0.49715805,0.1675431,0.008872304,-0.004640898,-0.0060519683,0.007276665,-0.19241726,0.50278246,0.43461168,-0.5,0.5195553,0.004809133242815733,0.07562661916017532,-0.022397220134735107,-1.119167741595207,-4.119029,5.347308,-3.2964828,4.524762,2.465635,-1.9689432
45.5,0.51990306,0.44701034,-0.49969587,0.002515713,-0.02904992,0.4768501,0.16510466,0.0091303615,-0.0044596675,-0.0063811485,0.0079082865,-0.20300971,0.51569164,0.44183132,-0.5,0.50005966,0.006682127248495817,0.0713469460606575,-0.023209571838378906,-1.1206227010145358,-4.6602936,5.6181045,-3.7283306,4.6861415,2.4558465,-1.9847457
45.6,0.5338812,0.45525864,-0.4996504,0.0024746906,-0.02815384,0.45543724,0.1619914,0.009113708,-0.004274993,-0.006629763,0.008422306,-0.21406001,0.52848476,0.4486533,-0.5,0.47947988,0.008536625653505325,0.06692545861005783,-0.024042636156082157,-1.1211546471215434,-5.204602,5.926788,-4.1747613,4.896948,2.446518,-2.0001202
45.7,0.54770166,0.46300313,-0.49961174,0.0024325785,-0.02722027,0.43287438,0.15813,0.008750768,-0.004088148,-0.006772594,0.008777527,-0.22556163,0.541159,0.45507157,-0.5,0.4577643,0.010289173573255539,0.06237824633717537,-0.02488991618156433,-1.1206717346155628,-5.7416134,6.275749,-4.634544,5.16868,2.4393406,-2.0132658
45.800000000000004,0.56130517,0.47017282,-0.49958187,0.0023994714,-0.02626808,0.40911794,0.15351433,0.008010176,-0.003900664,-0.0067968424,0.008944192,-0.23749888,0.5537114,0.46108028,-0.5,0.4348605,0.011853866279125214,0.05774709954857826,-0.025742560625076294,-1.119094419281897,-6.262674,6.6665883,-5.1064897,5.510405,2.435929,-2.0224454
45.900000000000006,0.57463276,0.47670266,-0.49956223,0.002386198,-0.025317628,0.3841269,0.14820708,0.006883306,-0.0037141638,-0.006696639,0.0089050615,-0.249846,0.5661393,0.46667403,-0.5,0.41071606,0.01314930897206068,0.05312725529074669,-0.026589155197143555,-1.1163579490055981,-6.761012,7.099318,-5.5900087,5.9283147,2.4377728,-2.026034
46.0,0.5876282,0.48254016,-0.49955362,0.0024027869,-0.024389826,0.3578641,0.14231592,0.0054121953,-0.0035303894,-0.0064825187,0.008651505,-0.2625653,0.5784398,0.47184783,-0.5,0.38527912,0.014105037786066532,0.04863413795828819,-0.02741500735282898,-1.1124054915036776,-7.232504,7.573378,-6.0839086,6.424783,2.445879,-2.0228899
46.1,0.6002346,0.48764807,-0.49955624,0.0024573016,-0.023506453,0.33029732,0.13592896,0.0036778394,-0.0033511396,-0.00617768,0.008171521,-0.27560642,0.5906101,0.476597,-0.5,0.3584996,0.014661330729722977,0.04438129812479019,-0.02820226550102234,-1.1072086033552169,-7.6742773,8.0887985,-6.5849776,6.9995,2.460624,-2.0124962
46.2,0.61240417,0.49201173,-0.49956983,0.0025545924,-0.022687742,0.30140072,0.1292304,0.001801463,-0.0031786812,-0.005819029,0.0074772034,-0.28890523,0.60264754,0.48091725,-0.5,0.33033016,0.014780537225306034,0.04050862044095993,-0.028929442167282104,-1.1008190067553598,-8.087247,8.644195,-7.0897717,7.6467204,2.4816196,-1.9951475
46.300000000000004,0.6241303,0.4956572,-0.49959287,0.0026933616,-0.02194429,0.27115646,0.12276049,-6.2435e-06,-0.0030160274,-0.0054734605,0.0066620954,-0.30238283,0.61454946,0.48480472,-0.5,0.3007279,0.0144822271540761,0.03709397837519646,-0.02957144379615784,-1.093296363248243,-8.484915,9.232371,-7.5989027,8.346361,2.507025,-1.9726428
46.400000000000006,0.6354334,0.4986337,-0.49962333,0.0028683767,-0.021281619,0.23955576,0.11683837,-0.0016050532,-0.0028647606,-0.005183842,0.005775761,-0.31594762,0.62631303,0.4882559,-0.5,0.26965582,0.013821064494550228,0.03404553234577179,-0.030100062489509583,-1.0846999788171199,-8.878522,9.845282,-8.111742,9.078503,2.5346956,-1.9471263
46.5,0.64634717,0.50099975,-0.49965918,0.0030723237,-0.020702941,0.20660031,0.111602776,-0.0029183938,-0.00272572,-0.004973452,0.0048416816,-0.32949507,0.6379357,0.49126768,-0.5,0.23708479,0.012867869809269905,0.031196149066090584,-0.030484482645988464,-1.0750839436450297,-9.273993,10.474911,-8.625397,9.826317,2.5626917,-1.9205704
46.6,0.65690815,0.50281453,-0.49969867,0.003296975,-0.02021096,0.17230353,0.10705537,-0.003910361,-0.0025994326,-0.0048534237,0.0038662949,-0.34290788,0.64941484,0.49383733,-0.5,0.20299563,0.011697470210492611,0.02839052677154541,-0.030692100524902344,-1.0645009407197703,-9.671868,11.113782,-9.134225,10.57614,2.5894027,-1.8946375
46.7,0.6671511,0.5041326,-0.4997403,0.0035343715,-0.019808196,0.13669161,0.10314292,-0.004584068,-0.0024863158,-0.004823055,0.0028537626,-0.35605767,0.6607479,0.4959626,-0.5,0.16738148,0.010383546352386475,0.025549499318003654,-0.030689865350723267,-1.053003111580987,-10.068502,11.753852,-9.63105,11.3164015,2.6136599,-1.8705375
46.800000000000004,0.67710644,0.5050027,-0.49978304,0.0037771533,-0.019497119,0.099804565,0.09978261,-0.004955084,-0.0023868228,-0.004878363,0.0018072892,-0.36880684,0.6719322,0.4976415,-0.5,0.13025011,0.00900036096572876,0.02267438732087612,-0.03044554591178894,-1.0406407189736262,-10.457399,12.386831,-10.107147,12.03658,2.6346152,-1.8491752
46.900000000000006,0.6867983,0.50546473,-0.4998262,0.0040194546,-0.019280443,0.061696652,0.09686944,-0.005068041,-0.002301333,-0.0050064595,0.00072761794,-0.38101217,0.6829654,0.49887258,-0.5,0.09162634,0.007627427577972412,0.019890278577804565,-0.029929686337709427,-1.0274663004659959,-10.829069,13.003712,-10.553097,12.727741,2.6518857,-1.8309823
47.0,0.6962458,0.5055466,-0.49986935,0.004258463,-0.019160643,0.022436634,0.0943204,-0.00501647,-0.0022302452,-0.005178951,-0.00037975292,-0.39252886,0.693845,0.49965468,-0.5,0.05155423,0.006363650318235159,0.017457645386457443,-0.029117595404386517,-1.0314309265359078,-11.171402,13.593309,-10.960814,13.382725,2.6658394,-1.8156487
47.1,0.7054662,0.505266,-0.49991232,0.0044940705,-0.01913921,-0.017892428,0.09209292,-0.0048833056,-0.002173821,-0.005370763,-0.0015027393,-0.40321383,0.7045683,0.49998716,-0.5,0.010099029,0.005355389788746834,0.015691448003053665,-0.02799145691096783,-1.058113345481771,-11.472435,14.143262,-11.323183,13.994011,2.6773534,-1.8023343
47.2,0.71447444,0.5046344,-0.4999551,0.0047275755,-0.019216381,-0.059193723,0.09015571,-0.004713153,-0.002132288,-0.005569208,-0.00262748,-0.41292968,0.71513325,0.49986967,-0.5,-0.032651428,0.004810246638953686,0.01490224339067936,-0.026542294770479202,-1.0850321630282536,-11.721336,14.642315,-11.632634,14.553615,2.6872718,-1.7902192
47.300000000000004,0.72328234,0.5036593,-0.49999776,0.004961034,-0.019391324,-0.1013578,0.08847721,-0.0045333034,-0.0021057914,-0.005767329,-0.0037423645,-0.42154998,0.7255372,0.49930233,-0.5,-0.07658602,0.004905874375253916,0.015280121937394142,-0.024771779775619507,-1.1121356002352043,-11.908307,15.080598,-11.88164,15.053933,2.6963353,-1.7786005
47.400000000000006,0.73190004,0.50234526,-0.50004053,0.005196898,-0.019662052,-0.14426409,0.087039426,-0.0043633757,-0.0020943403,-0.0059609353,-0.004835443,-0.4289634,0.735778,0.49828565,-0.5,-0.12157055,0.005614311899989843,0.016753345727920532,-0.022693537175655365,-1.1393648591428445,-12.024998,15.44941,-12.063664,15.48808,2.7052016,-1.7668515
47.5,0.74033546,0.50069505,-0.50008374,0.005437662,-0.020025656,-0.18778269,0.08582535,-0.0042147865,-0.0020978295,-0.006148462,-0.0058971536,-0.43507728,0.7458531,0.49682054,-0.5,-0.16744892,0.006742658093571663,0.019068317487835884,-0.02033376693725586,-1.1666525963832517,-12.064656,15.74176,-12.17329,15.850397,2.7144299,-1.754453
47.6,0.7485927,0.49871135,-0.50012773,0.0056853583,-0.020478945,-0.23177662,0.08479809,-0.0040852963,-0.0021160678,-0.00633252,-0.0069245636,-0.43981996,0.7557605,0.49490833,-0.5,-0.21404552,0.008115221746265888,0.02197645604610443,-0.017731100320816044,-1.1940602952849855,-12.022041,15.953284,-12.205831,16.137075,2.7243876,-1.7410516
47.7,0.756759,0.4963971,-0.5001712,0.005935041,-0.02100006,-0.27610365,0.08476856,-0.0037771845,-0.0021494157,-0.0065802447,-0.0077306647,-0.44314036,0.76549786,0.49255076,-0.5,-0.2611686,0.009549431502819061,0.02504892461001873,-0.014935046434402466,-1.2216501743576387,-11.920656,16.071114,-12.169318,16.319778,2.7333395,-1.728557
47.800000000000004,0.7649779,0.4937456,-0.50021136,0.0061753048,-0.021555118,-0.32061893,0.08627692,-0.0031183285,-0.002195882,-0.0069449046,-0.008191897,-0.44501385,0.7750629,0.4897499,-0.5,-0.30861473,0.01084980834275484,0.02848673239350319,-0.012004196643829346,-1.24945798317817,-11.788587,16.085272,-12.073017,16.369703,2.7384102,-1.7200534
47.900000000000006,0.7734143,0.4907316,-0.5002448,0.0063907364,-0.022104481,-0.3651777,0.089535885,-0.002030393,-0.002251765,-0.007449635,-0.008244514,-0.44544175,0.78445363,0.4865083,-0.5,-0.3561738,0.01182212308049202,0.032843783497810364,-0.009003877639770508,-1.2774788461395377,-11.649116,15.99057,-11.925322,16.266777,2.7366185,-1.7187372
48.0,0.78222334,0.48730814,-0.5002675,0.0065646325,-0.022607684,-0.4096376,0.094479226,-0.0005333651,-0.0023125117,-0.008087873,-0.007872536,-0.4444492,0.79366785,0.4828289,-0.5,-0.40363482,0.012292766943573952,0.038643673062324524,-0.00600278377532959,-1.3055728687372763,-11.517773,15.786486,-11.733559,16.002272,2.7255168,-1.7271926
48.1,0.7914668,0.4834197,-0.50027734,0.006686127,-0.023039987,-0.45386112,0.10024573,0.0011313731,-0.0023729063,-0.008782118,-0.007225277,-0.44208425,0.8027035,0.47871494,-0.5,-0.45079133,0.012185055762529373,0.045783936977386475,-0.0030697882175445557,-1.3335489428962999,-11.383193,15.483723,-11.49665,15.597181,2.705023,-1.7455151
48.2,0.80111307,0.47901624,-0.50027424,0.0067512603,-0.023391565,-0.49771717,0.105976,0.0027002862,-0.002429167,-0.009452201,-0.0064471727,-0.43841085,0.81155854,0.4741702,-0.5,-0.49744686,0.011518126353621483,0.053581856191158295,-0.0002703070640563965,-1.3612366931681588,-11.224235,15.097555,-11.211489,15.084811,2.6767194,-1.7720803
48.300000000000004,0.8110821,0.47405753,-0.5002592,0.006760588,-0.023658969,-0.5410824,0.111242846,0.0040070545,-0.0024794766,-0.010049607,-0.005600842,-0.4335059,0.82023096,0.46919873,-0.5,-0.54341966,0.010362251661717892,0.06141192093491554,0.0023372769355773926,-1.3884870604819692,-11.026925,14.641438,-10.879083,14.493596,2.6425421,-1.8049039
48.400000000000006,0.8212724,0.46851516,-0.500234,0.0067174803,-0.023841554,-0.58384246,0.11586626,0.0049626976,-0.0025232004,-0.010546715,-0.0047158245,-0.42745858,0.8287189,0.46380505,-0.5,-0.5885465,0.008814229629933834,0.06888716667890549,0.0047040581703186035,-1.4151712007073616,-10.784676,14.127348,-10.503663,13.846336,2.6043642,-1.8420995
48.5,0.83157605,0.46237278,-0.5002006,0.0066270255,-0.023940101,-0.6258929,0.11980132,0.0055311946,-0.0025602786,-0.0109290695,-0.0038093436,-0.42036855,0.8370203,0.45799392,-0.5,-0.6326854,0.006989581510424614,0.07581458240747452,0.006792545318603516,-1.4411873126968657,-10.496142,13.566444,-10.091466,13.161769,2.5638528,-1.8819889
48.6,0.8418927,0.45562232,-0.5001611,0.0064953417,-0.023955105,-0.66714007,0.12313046,0.0057119476,-0.0025909224,-0.0111905215,-0.002882691,-0.41234392,0.8451334,0.45177066,-0.5,-0.6757173,0.005036203656345606,0.0821545198559761,0.008577227592468262,-1.466448844364373,-10.1648,12.968202,-9.650985,12.454389,2.522462,-1.9231095
48.7,0.8521309,0.44826528,-0.50011736,0.0063289073,-0.023887705,-0.7075019,0.12592608,0.0055345665,-0.0026152714,-0.01133214,-0.001946898,-0.40349844,0.8530564,0.44514084,-0.5,-0.71754664,0.0032607438042759895,0.08792565762996674,0.010044753551483154,-1.4908942416124544,-9.796065,12.34233,-9.190459,11.736726,2.481405,-1.9642345
48.800000000000004,0.8622159,0.44031444,-0.500071,0.00613225,-0.02373917,-0.74690783,0.12829426,0.005103735,-0.0026335362,-0.011378853,-0.0010079235,-0.39394853,0.8607874,0.4381104,-0.5,-0.7581009,0.0026274246629327536,0.09324664622545242,0.01119309663772583,-1.514482961078194,-9.3990345,11.699824,-8.716386,11.017178,2.441039,-2.0049715
48.900000000000006,0.8720908,0.43179083,-0.5000233,0.0059079383,-0.02351091,-0.7852992,0.13034333,0.0045260726,-0.002645852,-0.01135605,-7.101694e-05,-0.38381207,0.86832476,0.4306857,-0.5,-0.7973298,0.003924928139895201,0.09824882447719574,0.012030601501464844,-1.5371896490898078,-8.9841585,11.051375,-8.234643,10.301862,2.4012055,-2.0454354
49.0,0.8817139,0.42272148,-0.49997547,0.0056572086,-0.023205033,-0.82262903,0.1321509,0.0038867972,-0.0026523115,-0.011283072,0.0008539345,-0.37320665,0.87566674,0.4228734,-0.5,-0.83520293,0.006049146875739098,0.10303422808647156,0.01257389783859253,-1.5590020575438175,-8.561261,10.406866,-7.7505703,9.596177,2.3615787,-2.0859315
49.1,0.8910552,0.4131361,-0.49992847,0.0053807935,-0.022824503,-0.8588619,0.13377807,0.0032417988,-0.002652888,-0.011171249,0.0017560199,-0.36224714,0.88281167,0.41468057,-0.5,-0.8717082,0.008387301117181778,0.10767457634210587,0.012846291065216063,-1.5799177910143059,-8.138937,9.774623,-7.269438,8.905127,2.3219082,-2.126704
49.2,0.9000937,0.403067,-0.49988303,0.0050791674,-0.022373542,-0.8939735,0.13525665,0.002634727,-0.00264755,-0.011029617,0.0026207606,-0.35104382,0.889758,0.40611455,-0.5,-0.9068493,0.010776253417134285,0.11221657693386078,0.012875795364379883,-1.5999457688236176,-7.724302,9.162151,-6.7955484,8.233399,2.28195,-2.1679564
49.300000000000004,0.90881634,0.3925465,-0.4998399,0.0047528795,-0.021857169,-0.92794997,0.13662146,0.002093885,-0.0026363907,-0.010863973,0.0034383873,-0.339701,0.89650416,0.39718303,-0.5,-0.94064325,0.013157228007912636,0.11669749021530151,0.012693285942077637,-1.6191044774496623,-7.323477,8.575413,-6.3328667,7.584804,2.24157,-2.2098286
49.400000000000006,0.917217,0.38160408,-0.49979958,0.0044029937,-0.02128063,-0.96078706,0.13791795,0.0016283268,-0.0026193839,-0.010675542,0.004205006,-0.32831603,0.9030486,0.3878941,-0.5,-0.9731181,0.015503200702369213,0.12114682048559189,0.012331068515777588,-1.6373995092065372,-6.9416304,8.018416,-5.88543,6.962218,2.2007754,-2.252281
49.5,0.92528236,0.37027484,-0.4997627,0.004032651,-0.020652404,-0.99248964,0.13903998,0.001193463,-0.0025960554,-0.010449436,0.00488665,-0.3169789,0.9093898,0.37825608,-0.5,-1.0043108,0.01778567209839821,0.12546025216579437,0.011821210384368896,-1.6547793509482465,-6.578038,7.4951825,-5.4553065,6.372452,2.160152,-2.2946868
49.6,0.932955,0.35863,-0.49973097,0.0036520737,-0.019993734,-1.023071,0.13942888,0.0005884293,-0.0025647592,-0.010121111,0.0053536803,-0.3057726,0.91552645,0.36827764,-0.5,-1.0342653,0.019922463223338127,0.12913182377815247,0.011194229125976564,-1.6712222233651246,-6.213853,7.0132937,-5.03882,5.838262,2.1221976,-2.3344455
49.7,0.94016135,0.34675744,-0.499706,0.00327611,-0.019330872,-1.0525515,0.13886133,-0.0003142579,-0.0025258665,-0.009653487,0.00555214,-0.29476792,0.9214571,0.3579678,-0.5,-1.0630305,0.021808411926031113,0.13191895186901093,0.010478973388671875,-1.6867380731876118,-5.832848,6.577168,-4.6338716,5.378193,2.089869,-2.3684473
49.800000000000004,0.9468343,0.33474487,-0.499689,0.002921187,-0.01868993,-1.0809573,0.13738461,-0.0015454141,-0.002481147,-0.009039981,0.005478942,-0.28402475,0.9271804,0.34733582,-0.5,-1.0906589,0.023343199864029884,0.13382619619369507,0.00970160961151123,-1.7013624822792328,-5.4264693,6.1879888,-4.24037,5.0018907,2.0656672,-2.394041
49.900000000000006,0.95292807,0.3226705,-0.49968052,0.0026022536,-0.018094398,-1.1083198,0.13519341,-0.0030434392,-0.0024331948,-0.008303063,0.0051561357,-0.27359307,0.9326951,0.33639124,-0.5,-1.1172056,0.024448607116937637,0.13502417504787445,0.008885860443115234,-1.7151506280579834,-4.993597,5.8455544,-3.8586483,4.7106066,2.0510483,-2.4096324
50.0,0.958423,0.31059593,-0.49968037,0.0023311155,-0.017563874,-1.1346742,0.13255635,-0.004701788,-0.0023849665,-0.007479805,0.0046195337,-0.26351458,0.93799996,0.32514393,-0.5,-1.1427269,0.025076836347579956,0.13576318323612213,0.008052706718444824,-1.7281705823154079,-4.538583,5.5483723,-3.4895573,4.4993477,2.0464494,-2.4146764
50.1,0.9633261,0.29856384,-0.49968788,0.0021154024,-0.01711386,-1.1600596,0.12974893,-0.00639132,-0.0023395082,-0.006615545,0.003908437,-0.25382373,0.9430938,0.313604,-0.5,-1.1672795,0.025212112814188004,0.13631170988082886,0.007219910621643066,-1.7404992047648102,-4.0692368,5.2943654,-3.1338797,4.3590093,2.0513604,-2.409607
50.2,0.9676679,0.28659666,-0.49970213,0.001958195,-0.016755648,-1.1845173,0.1270335,-0.007980994,-0.002299817,-0.0057575293,0.0030648138,-0.24454829,0.9479754,0.30178186,-0.5,-1.1909198,0.024869117885828018,0.13692735135555267,0.006402492523193359,-1.7522266459030995,-3.5955932,5.080898,-2.7924812,4.2777867,2.0645385,-2.3956602
50.300000000000004,0.97150236,0.27469012,-0.49972183,0.001857815,-0.016494684,-1.2080911,0.12471752,-0.009342334,-0.0022686638,-0.0049535693,0.0021480792,-0.23571023,0.95264375,0.28968814,-0.5,-1.2137035,0.02409699559211731,0.1378869265317917,0.005612373352050781,-1.7634310493448482,-3.1308897,4.903583,-2.4676335,4.240328,2.084075,-2.3747613
50.400000000000006,0.9748939,0.2628248,-0.49974576,0.0018091268,-0.016333403,-1.2308266,0.12294665,-0.010393945,-0.002248014,-0.0042368635,0.0011904917,-0.22732686,0.9570977,0.27733374,-0.5,-1.2356855,0.02296256087720394,0.1393328309059143,0.004858851432800293,-1.7741771748287694,-2.685719,4.7588115,-2.1604922,4.233586,2.107916,-2.3490248
50.5,0.9779067,0.2509765,-0.49977285,0.0018051708,-0.016273307,-1.2527707,0.12172722,-0.011109537,-0.002239202,-0.0036235955,0.00020400893,-0.21941106,0.9613364,0.26472974,-0.5,-1.2569185,0.02153552696108818,0.1412840336561203,0.004147887229919434,-1.7845352085842077,-2.2662306,4.644006,-1.870851,4.2486267,2.134241,-2.320322
50.6,0.98060524,0.23910928,-0.49980208,0.0018376516,-0.016312568,-1.2739706,0.12113873,-0.011479793,-0.0022433996,-0.0031249814,-0.0007752429,-0.21197091,0.96535873,0.2518875,-0.5,-1.2774546,0.019894175231456757,0.1437898725271225,0.0034840106964111332,-1.7945687943233504,-1.8791232,4.554856,-1.6001614,4.275895,2.1613824,-2.2903767
50.7,0.9830509,0.22717816,-0.49983257,0.0018975877,-0.016446292,-1.2944747,0.12122571,-0.011514442,-0.0022612105,-0.0027452323,-0.0017139928,-0.20501065,0.9691639,0.23881857,-0.5,-1.2973433,0.01812114007771015,0.14686746895313263,0.002868533134460449,-1.8043283332862874,-1.5302229,4.4865894,-1.3502543,4.3066216,2.1878867,-2.2607303
50.800000000000004,0.98529667,0.21513666,-0.49986336,0.0019762444,-0.016667768,-1.3143309,0.12195232,-0.011249958,-0.002292544,-0.002478903,-0.002591492,-0.19853106,0.97275096,0.22553474,-0.5,-1.3166325,0.016295192763209343,0.15046969056129456,0.0023015737533569336,-1.8138521512564556,-1.2226957,4.435043,-1.1223466,4.3346944,2.2126412,-2.2325604
50.900000000000006,0.9873828,0.20294161,-0.49989375,0.0020664362,-0.016969299,-1.3335873,0.123231545,-0.010759661,-0.002336887,-0.0023075321,-0.0033957984,-0.19253017,0.97611916,0.21204792,-0.5,-1.3353688,0.014484694227576256,0.15449249744415283,0.001781463623046875,-1.8231707862534716,-0.9565603,4.3960876,-0.9176009,4.3571286,2.235134,-2.206465
51.0,0.9893369,0.19055368,-0.49992308,0.0021628148,-0.01734206,-1.3522911,0.12497932,-0.010121614,-0.0023933253,-0.0022099658,-0.0041140635,-0.18700297,0.9792678,0.1983703,-0.5,-1.3535964,0.01274726539850235,0.15883108973503113,0.0013053417205810545,-1.8323062434750257,-0.73049927,4.365497,-0.7373862,4.3723845,2.2552907,-2.1825871
51.1,0.9911758,0.17794113,-0.49995074,0.0022613816,-0.01777672,-1.370489,0.12708889,-0.009394174,-0.002460658,-0.002170064,-0.0047401045,-0.18194175,0.98219603,0.18451414,-0.5,-1.3713583,0.011128456331789494,0.16338324546813965,0.0008692741394042969,-1.8412745903089458,-0.5423603,4.3402534,-0.58202064,4.3799143,2.2731946,-2.1609097
51.2,0.9929076,0.16508186,-0.4999763,0.0023591244,-0.01826389,-1.3882265,0.12944217,-0.008620334,-0.0025375178,-0.0021755712,-0.0052727275,-0.17733662,0.98490334,0.17049192,-0.5,-1.3886954,0.009661123156547546,0.1680503636598587,0.00046885013580322266,-1.8500877928928947,-0.38937804,4.318586,-0.45076635,4.379975,2.2889807,-2.1413746
51.300000000000004,0.9945329,0.1519643,-0.49999943,0.002453991,-0.01879447,-1.4055483,0.13192011,-0.007838949,-0.0026223932,-0.0022147936,-0.0057143737,-0.17317624,0.987389,0.15631628,-0.5,-1.4056473,0.008365066722035408,0.17273341119289398,9.894371032714844e-05,-1.8587540821440107,-0.2680931,4.299489,-0.34231186,4.3737082,2.3028593,-2.1238327
51.400000000000006,0.9960467,0.138589,-0.5000199,0.002544584,-0.019360276,-1.4224976,0.13439372,-0.007076536,-0.002713778,-0.0022794039,-0.0060738903,-0.1694481,0.9896525,0.14199997,-0.5,-1.4222522,0.007247142028063536,0.1773330271244049,-0.00024545192718505865,-1.8672789531632275,-0.17444366,4.283146,-0.25438476,4.3630877,2.3150392,-2.108126
51.5,0.9974394,0.12496952,-0.5000378,0.0026301665,-0.019954585,-1.4391162,0.13672857,-0.0063568684,-0.0028102743,-0.0023613756,-0.0063658757,-0.16613896,0.9916934,0.12755588,-0.5,-1.4385469,0.006301370449364185,0.18174423277378082,-0.0005693435668945314,-1.8756693578991372,-0.103562765,4.270672,-0.18400171,4.3511114,2.3257787,-2.0940473
51.6,0.9986978,0.111129224,-0.50005335,0.0027107997,-0.020571848,-1.4554447,0.13882625,-0.0057050018,-0.0029106294,-0.002451734,-0.006601993,-0.16323552,0.99351114,0.11299698,-0.5,-1.454567,0.005512982606887817,0.1858806312084198,-0.0008777379989624023,-1.8839329160821796,-0.050561238,4.2630873,-0.12850754,4.341034,2.3354385,-2.0812783
51.7,0.9998068,0.09709875,-0.50006676,0.0027872315,-0.021207597,-1.4715223,0.1406163,-0.005139837,-0.0030137305,-0.0025429162,-0.006793203,-0.16072455,0.9951053,0.09833639,-0.5,-1.4703469,0.004862125497311354,0.18967685103416443,-0.0011754035949707031,-1.8920782909008473,-0.010858131,4.261362,-0.08552468,4.336029,2.3444116,-2.0694165
51.800000000000004,1.0007508,0.08291402,-0.5000786,0.0028608004,-0.021858454,-1.4873871,0.14205,-0.004674641,-0.0031187404,-0.002628595,-0.0069506336,-0.1585933,0.99647564,0.08358731,-0.5,-1.4859204,0.004328551236540079,0.19308535754680634,-0.0014666318893432617,-1.9001177906783666,0.019717002,4.266479,-0.05290593,4.3391023,2.3531442,-2.0580442
51.900000000000006,1.0015141,0.0686109,-0.50008947,0.0029333876,-0.022521347,-1.5030758,0.14313322,-0.004319417,-0.0032249074,-0.0027031612,-0.0070776134,-0.1568299,0.9976217,0.06876301,-0.5,-1.5013201,0.003896360518410802,0.19609765708446503,-0.0017557144165039062,-1.9080590806375806,0.044146325,4.278558,-0.02960354,4.3523083,2.3621073,-2.046697
52.0,1.0020825,0.05422975,-0.50009984,0.00300699,-0.023194822,-1.5186241,0.14382772,-0.004069798,-0.003331587,-0.0027653722,-0.0071906936,-0.1554234,0.9985433,0.053876825,-0.5,-1.5165781,0.003558099502697587,0.19868673384189606,-0.0020459890365600586,-1.915915336238946,0.06568102,4.298976,-0.0135502,4.3782077,2.3716657,-2.0349853
52.1,1.0024441,0.039810304,-0.50011045,0.0030836577,-0.023878109,-1.5340668,0.14414561,-0.0039188,-0.0034384234,-0.002814914,-0.0072970707,-0.15436439,0.99924034,0.038942154,-0.5,-1.5317258,0.003321185940876603,0.2008618265390396,-0.0023410320281982426,-1.9236993110576417,0.08648903,4.3285856,-0.003383628,4.4184585,2.3821383,-2.022585
52.2,1.0025879,0.025390478,-0.50012195,0.0031658104,-0.02457108,-1.5494379,0.14410995,-0.003869026,-0.0035451152,-0.0028484517,-0.0074035297,-0.15364504,0.99971247,0.02397244,-0.5,-1.5467939,0.003208410693332553,0.2026335597038269,-0.0026439428329467778,-1.9314242347366162,0.10845628,4.3676047,0.0014158319,4.4746456,2.3939137,-2.0090818
52.300000000000004,1.0025054,0.011006789,-0.50013506,0.0032557307,-0.025274416,-1.5647708,0.14373985,-0.003907484,-0.003651528,-0.0028678584,-0.0075186035,-0.15325901,0.99995965,0.008981151,-0.5,-1.5618136,0.003256135620176792,0.20402191579341888,-0.0029572248458862305,-1.9391026631473356,0.13284844,4.416671,0.0016202456,4.5478992,2.40728,-1.9941761
52.400000000000006,1.0021904,-0.003304872,-0.50015056,0.0033557129,-0.025989812,-1.5800983,0.14304543,-0.0040257983,-0.003757611,-0.0028736952,-0.007652771,-0.15320168,0.9999819,-0.006018221,-0.5,-1.576815,0.0035017533227801323,0.20503777265548706,-0.0032832622528076176,-1.9467497352556364,0.16095302,4.476574,-0.0020283177,4.6395555,2.422513,-1.9775767
52.5,1.001638,-0.017511904,-0.500169,0.0034679943,-0.026719343,-1.595453,0.14206277,-0.004214163,-0.0038634234,-0.0028674053,-0.007810351,-0.15347023,0.9997791,-0.021012176,-0.5,-1.5918286,0.003966881427913904,0.20571167767047882,-0.003624439239501953,-1.9543807704156657,0.19331546,4.5476265,-0.009406581,4.7503486,2.4398432,-1.9590018
52.6,1.0008453,-0.031585157,-0.5001911,0.0035949482,-0.027465409,-1.6108675,0.140829,-0.004468902,-0.003969158,-0.0028486343,-0.007994997,-0.15406357,0.9993514,-0.03598722,-0.5,-1.6068848,0.004652581177651882,0.20607124269008636,-0.003982663154602051,-1.9620074770547602,0.23016337,4.6296835,-0.021007761,4.8808546,2.4595683,-1.9381498
52.7,0.9998103,-0.045494735,-0.5002175,0.003739015,-0.028231524,-1.6263745,0.13933894,-0.0047845463,-0.0040750136,-0.0028178396,-0.008218368,-0.1549823,0.99869883,-0.05092988,-0.5,-1.6220144,0.005551885813474655,0.20611582696437836,-0.004360079765319824,-1.9696448318503512,0.27246913,4.7235007,-0.03653639,5.0325065,2.4819646,-1.914701
52.800000000000004,0.99853134,-0.05921389,-0.5002489,0.003902986,-0.029021312,-1.6420066,0.13762645,-0.0051646405,-0.0041813795,-0.0027729024,-0.0084820725,-0.15622868,0.99782157,-0.06582671,-0.5,-1.637248,0.006655452772974968,0.2058664858341217,-0.004758596420288086,-1.9773068210517746,0.3206697,4.82895,-0.05674877,5.2063684,2.5074077,-1.8882557
52.900000000000006,0.9970084,-0.07271735,-0.500286,0.0040895664,-0.029838804,-1.6577972,0.13570802,-0.005599731,-0.004288712,-0.0027161876,-0.008790906,-0.15780638,0.9967198,-0.0806643,-0.5,-1.6526172,0.00795732531696558,0.20534144341945648,-0.005180001258850097,-1.9850115750745452,0.37488908,4.946369,-0.08206662,5.4033246,2.536194,-1.8584925
53.0,0.99524295,-0.085984774,-0.5003293,0.0043012737,-0.030687565,-1.67378,0.13363394,-0.00607748,-0.004397519,-0.0026512889,-0.009140868,-0.15972058,0.99539375,-0.095429294,-0.5,-1.6681538,0.009451462887227535,0.20458556711673737,-0.005626201629638672,-1.992791070348175,0.43412715,5.0755706,-0.11360318,5.6233006,2.5685546,-1.825166
53.1,0.99323994,-0.09901349,-0.500379,0.0045392294,-0.03156784,-1.6899893,0.13157888,-0.006550098,-0.004508179,-0.0025939068,-0.009499569,-0.1619775,0.9938438,-0.110108405,-0.5,-1.6838903,0.011117796413600445,0.203759104013443,-0.00609898567199707,-2.0006680782643427,0.4928083,5.214662,-0.15441255,5.861882,2.604311,-1.7884617
53.2,0.991007,-0.11180718,-0.50043494,0.004803418,-0.032479007,-1.7064604,0.12960212,-0.00697916,-0.0046205237,-0.0025567985,-0.009858824,-0.16458517,0.9920702,-0.12468843,-0.5,-1.6998603,0.01293237041682005,0.2029336392879486,-0.006600022315979004,-2.008665475597262,0.5463522,5.363137,-0.2063117,6.1158,2.6430993,-1.7487432
53.300000000000004,0.98855263,-0.12437436,-0.5004968,0.0050931848,-0.033419427,-1.7232292,0.12774904,-0.00734365,-0.0047341683,-0.0025477498,-0.010209164,-0.16755341,0.9900734,-0.13915624,-0.5,-1.7160981,0.014868201687932014,0.20215928554534912,-0.0071310997009277335,-2.016800616250893,0.59076947,5.520507,-0.27121657,6.382492,2.6845622,-1.706386
53.400000000000006,0.9858859,-0.13672149,-0.5005643,0.0054075816,-0.034387704,-1.7403333,0.12599592,-0.007634262,-0.004848542,-0.0025710366,-0.010553308,-0.17089334,0.9878538,-0.15349883,-0.5,-1.7326388,0.016901778057217598,0.20142784714698792,-0.0076944828033447266,-2.02509302249788,0.6237047,5.687273,-0.35011545,6.661092,2.7284179,-1.661679
53.5,0.983015,-0.14885518,-0.500637,0.005745689,-0.03538186,-1.757811,0.12434257,-0.00785207,-0.0049630636,-0.0026279085,-0.01088596,-0.17461696,0.98541194,-0.16770327,-0.5,-1.7495192,0.01901056617498398,0.20074132084846497,-0.00829172134399414,-2.0335594785183098,0.64289886,5.863493,-0.44460452,6.950995,2.7745097,-1.6147925
53.6,0.97994804,-0.16077854,-0.5007147,0.006106509,-0.036400024,-1.775702,0.12275243,-0.0079950765,-0.0050770994,-0.002720661,-0.0112087745,-0.17873687,0.9827484,-0.1817568,-0.5,-1.766777,0.021176403388381004,0.2000766545534134,-0.00892496109008789,-2.0422167774260553,0.64687985,6.050123,-0.5554781,7.252479,2.8226984,-1.5658885
53.7,0.97669244,-0.17249118,-0.5007973,0.0064894063,-0.03744033,-1.7940475,0.12119009,-0.008074588,-0.00518998,-0.0028473015,-0.011522392,-0.1832662,0.97986376,-0.19564675,-0.5,-1.7844517,0.023385323584079742,0.19940228760242462,-0.009595751762390137,-2.051083597799307,0.63493955,6.24806,-0.68374074,7.566738,2.8729804,-1.5149944
53.800000000000004,0.9732555,-0.183991,-0.5008844,0.0068937633,-0.03850058,-1.8128897,0.11963723,-0.008090458,-0.0053010257,-0.003009404,-0.011824164,-0.18821815,0.9767586,-0.20936063,-0.5,-1.802584,0.02562561072409153,0.19870665669441223,-0.010305643081665037,-2.060179882596392,0.6057985,6.4583673,-0.8303839,7.894547,2.9253218,-1.4621385
53.900000000000006,0.96964467,-0.19527501,-0.500976,0.007318919,-0.039578147,-1.8322725,0.11808304,-0.008040913,-0.0054095737,-0.0032091062,-0.012110626,-0.19360602,0.97343373,-0.2228861,-0.5,-1.8212163,0.027886951342225075,0.1979847401380539,-0.011056184768676758,-2.0695254198597177,0.55799896,6.682147,-0.9964762,8.236619,2.9796736,-1.4073905
54.0,0.9658673,-0.2063388,-0.5010718,0.007764366,-0.040670156,-1.852241,0.11651277,-0.007929908,-0.0055148657,-0.0034466118,-0.012380124,-0.1994429,0.9698898,-0.23621099,-0.5,-1.8403928,0.03016086108982563,0.19722452759742737,-0.011848211288452148,-2.079181904871626,0.49027637,6.920607,-1.1831049,8.593985,3.036005,-1.3507662
54.1,0.96193564,-0.21721779,-0.5011701,0.008224296,-0.04176517,-1.8728411,0.11529424,-0.0075979047,-0.0056161066,-0.0037764665,-0.01254791,-0.20573904,0.9661277,-0.24932331,-0.5,-1.8601593,0.03239918127655983,0.19681492447853088,-0.012681841850280762,-2.0892043894320125,0.38734427,7.172399,-1.3943015,8.9540415,3.092652,-1.2940066
54.2,0.95786256,-0.22797695,-0.50126743,0.008688898,-0.04284572,-1.8941197,0.11469638,-0.0069283866,-0.00571086,-0.0042384877,-0.012553624,-0.21250544,0.9621482,-0.26221126,-0.5,-1.8805635,0.03452479466795921,0.1970447450876236,-0.013556241989135742,-2.099638098873214,0.23240255,7.4356427,-1.6346676,9.302709,3.147317,-1.2394588
54.300000000000004,0.9536603,-0.23869756,-0.5013596,0.009145054,-0.043890756,-1.9161252,0.11485752,-0.0058341757,-0.005795751,-0.0048639025,-0.012360196,-0.21975237,0.9579522,-0.2748632,-0.5,-1.9016548,0.03644479811191559,0.19808444380760193,-0.014470338821411133,-2.110517310515866,0.010510062,7.7097373,-1.9073997,9.627642,3.1974146,-1.1897696
54.400000000000006,0.94933665,-0.24946576,-0.5014414,0.009578091,-0.044877276,-1.9389058,0.11581323,-0.004286965,-0.005866886,-0.0056650606,-0.011946057,-0.2274883,0.9535406,-0.28726783,-0.5,-1.9234847,0.03806241974234581,0.19998759031295776,-0.015421152114868164,-2.121870576924974,-0.2897225,7.9945707,-2.2150142,9.919857,3.240534,-1.1473453
54.5,0.94489306,-0.26036802,-0.50150764,0.009972478,-0.045780685,-1.9625112,0.117561154,-0.0022835236,-0.005920569,-0.0066459975,-0.011292335,-0.23571827,0.9489146,-0.29941392,-0.5,-1.9461058,0.039281394332647324,0.2027617245912552,-0.016405344009399418,-2.1337189896815527,-0.67757076,8.290249,-2.5595248,10.172197,3.27446,-1.1144314
54.6,0.9403193,-0.27148864,-0.5015526,0.010313624,-0.04657459,-1.9869903,0.12009784,0.00012272206,-0.0059532993,-0.007791337,-0.010377219,-0.24444322,0.944075,-0.31129056,-0.5,-1.9695725,0.04000886157155037,0.20638032257556915,-0.017417788505554203,-2.146063720881119,-1.1599973,8.595244,-2.9441707,10.37941,3.2975135,-1.0927132
54.7,0.93559575,-0.28289637,-0.5015712,0.010588568,-0.04723349,-2.0123918,0.123293184,0.0028547326,-0.005962235,-0.009076918,-0.009205568,-0.25365806,0.939023,-0.32288706,-0.5,-1.9939404,0.04016802832484245,0.2107001096010208,-0.018451452255249023,-2.1588655030808894,-1.7392774,8.909403,-3.370291,10.540408,3.308539,-1.0833676
54.800000000000004,0.9306965,-0.29461017,-0.5015607,0.0107902,-0.047739644,-2.0387633,0.12670307,0.0057072067,-0.005945264,-0.010435201,-0.00785044,-0.26335198,0.93375975,-0.334193,-0.5,-2.019266,0.039731837809085846,0.21524329483509064,-0.019497394561767578,-2.1720554912685457,-2.404115,9.235274,-3.8356564,10.666806,3.3079677,-1.0859647
54.900000000000006,0.925594,-0.30657777,-0.5015222,0.0109204,-0.048087247,-2.0661504,0.12969585,0.008380377,-0.0059017288,-0.011767574,-0.0064275446,-0.27350613,0.92828643,-0.34519815,-0.5,-2.0456054,0.038744036108255386,0.21931836009025574,-0.020545005798339844,-2.1855907332939655,-3.129902,9.577425,-4.33505,10.782563,3.2981887,-1.0981297
55.0,0.92026025,-0.31871167,-0.50145876,0.010986408,-0.04827556,-2.094596,0.13198537,0.010688564,-0.0058333348,-0.01301335,-0.004985738,-0.28408965,0.9226042,-0.35589266,-0.5,-2.0730157,0.03728334978222847,0.22258321940898895,-0.021580219268798828,-2.199445517689978,-3.8963916,9.938128,-4.86467,10.906397,3.2818646,-1.1172582
55.1,0.91466814,-0.33091325,-0.50137424,0.010997808,-0.04830553,-2.1241386,0.13351172,0.012543062,-0.005742834,-0.014142296,-0.0035415,-0.29506013,0.91671443,-0.3662669,-0.5,-2.101552,0.03543948754668236,0.22494104504585266,-0.022586584091186523,-2.213600703709629,-4.6894355,10.31766,-5.4216356,11.04985,3.2611618,-1.1411272
55.2,0.90879273,-0.34308398,-0.5012731,0.010964624,-0.048179016,-2.1548111,0.13431478,0.013913804,-0.005633579,-0.015142653,-0.0021042372,-0.3063639,0.91061836,-0.37631154,-0.5,-2.1312675,0.03330202028155327,0.22641411423683167,-0.023543596267700195,-2.2280408113896777,-5.4988403,10.7148905,-6.003148,11.219187,3.2377138,-1.168139
55.300000000000004,0.9026117,-0.355132,-0.50115937,0.010896189,-0.047898453,-2.1866405,0.13449082,0.0148049975,-0.005508778,-0.016013464,-0.00068038976,-0.3179356,0.90431744,-0.3860175,-0.5,-2.1622121,0.030954275280237198,0.22709417343139648,-0.024428367614746094,-2.2427488110583935,-6.3167553,11.127233,-6.606157,11.416624,3.2125926,-1.1972023
55.400000000000006,0.8961077,-0.36697248,-0.50103706,0.010800298,-0.047467567,-2.2196453,0.13412693,0.015247321,-0.0053714914,-0.016761659,0.00071653415,-0.32969695,0.897813,-0.39537606,-0.5,-2.1944304,0.028473621234297752,0.22708098590373993,-0.025214910507202152,-2.2577103101780907,-7.135956,11.5516615,-7.2261796,11.641875,3.1863806,-1.2277232
55.5,0.889266,-0.378532,-0.5009096,0.010682945,-0.04689058,-2.2538352,0.13335602,0.015282082,-0.0052245352,-0.017396566,0.0020811374,-0.34155655,0.8911066,-0.40437883,-0.5,-2.2279613,0.025928253307938576,0.22652225196361542,-0.025873899459838867,-2.27290540718262,-7.950356,11.983299,-7.858502,11.891435,3.1592824,-1.2594612
55.6,0.8820765,-0.38974518,-0.50078017,0.01054839,-0.04617343,-2.2892094,0.13226825,0.014952881,-0.005070327,-0.017926628,0.0033963206,-0.3534095,0.88419974,-0.4130177,-0.5,-2.2628345,0.023382188752293587,0.22553132474422455,-0.02637481689453125,-2.2883118628999934,-8.753012,12.416592,-8.496931,12.160501,3.1312678,-1.2924038
55.7,0.8745325,-0.40055472,-0.5006512,0.010399405,-0.045323465,-2.3257551,0.13095325,0.014301712,-0.0049110246,-0.01835831,0.0046483614,-0.36513782,0.87709385,-0.42128485,-0.5,-2.2990696,0.020897919312119484,0.2242223024368286,-0.026685476303100586,-2.3039028685088865,-9.536491,12.84477,-9.134374,12.442643,3.1021585,-1.3266519
55.800000000000004,0.8666321,-0.41090927,-0.50052506,0.010237553,-0.044349633,-2.363447,0.12947433,0.013368131,-0.004748577,-0.018695906,0.005822148,-0.3766121,0.8697907,-0.42917287,-0.5,-2.336673,0.018542157486081123,0.22268587350845337,-0.026773929595947266,-2.319648709222685,-10.292328,13.260319,-9.762554,12.730536,3.0717332,-1.3623861
55.900000000000006,0.858377,-0.42076376,-0.5004035,0.010063447,-0.04326198,-2.4022455,0.12789734,0.012191101,-0.004584689,-0.01894238,0.0069079394,-0.3876937,0.8622918,-0.43667468,-0.5,-2.3756356,0.01639043167233467,0.22101585566997528,-0.026609897613525387,-2.3355160355270748,-11.011658,13.65475,-10.372556,13.015638,3.0397525,-1.3997629
56.0,0.8497708,-0.43008012,-0.50028807,0.009877079,-0.042071003,-2.4420965,0.12629771,0.010806308,-0.004420903,-0.01909869,0.007902574,-0.39823806,0.8545989,-0.44378352,-0.5,-2.4159315,0.014531923457980156,0.21931441128253937,-0.026165008544921875,-2.3514660402482725,-11.685776,14.018603,-10.955328,13.288147,3.0060372,-1.4389107
56.1,0.8408196,-0.4388256,-0.5001798,0.009678138,-0.04078764,-2.4829319,0.12473284,0.009245692,-0.0042583956,-0.019164175,0.008803296,-0.4080989,0.8467137,-0.45049298,-0.5,-2.457514,0.013072894886136055,0.21766649186611176,-0.025417804718017578,-2.367455440925479,-12.305586,14.342131,-11.501505,13.538043,2.9704983,-1.47987
56.2,0.831535,-0.4469736,-0.50007945,0.009465279,-0.03942343,-2.5246685,0.12323256,0.0075688437,-0.0040981015,-0.019147256,0.009605591,-0.41713166,0.83863807,-0.456797,-0.5,-2.5003152,0.012122687883675098,0.2161397784948349,-0.024353265762329105,-2.3834437017654997,-12.862645,14.617084,-12.000398,13.754829,2.9328458,-1.5228493
56.300000000000004,0.82193625,-0.45450902,-0.49998745,0.009234309,-0.037990034,-2.5672097,0.121829785,0.0058948547,-0.0039409045,-0.01907655,0.010309849,-0.42519793,0.83037364,-0.46268997,-0.5,-2.544244,0.011752347461879253,0.2148181051015854,-0.022965669631958008,-2.399365773429164,-13.351264,14.83808,-12.439351,13.926162,2.892099,-1.5687646
56.400000000000006,0.81207615,-0.461399,-0.4999054,0.008981838,-0.03650779,-2.6104462,0.12015693,0.0042366367,-0.0037852067,-0.018946344,0.010832164,-0.4321721,0.8219225,-0.46816653,-0.5,-2.5891862,0.011948170140385628,0.2133598029613495,-0.02126002311706543,-2.4151825286424717,-13.754586,15.006048,-12.801055,14.052511,2.847923,-1.6178002
56.5,0.80202746,-0.46760374,-0.49983516,0.008706727,-0.035001446,-2.6542583,0.11801779,0.002568103,-0.0036307115,-0.018742299,0.011130371,-0.43794417,0.8132863,-0.47322178,-0.5,-2.6350043,0.012583758682012558,0.21156802773475647,-0.019253969192504883,-2.430874549984321,-14.055712,15.120589,-13.071852,14.136724,2.8007627,-1.6693548
56.6,0.7918672,-0.47308925,-0.49977812,0.008410497,-0.03349629,-2.6985161,0.115411095,0.0008608642,-0.003478176,-0.018450072,0.011199994,-0.44242296,0.8044672,-0.47785115,-0.5,-2.6815388,0.013471639715135098,0.20943425595760345,-0.016977310180664062,-2.4464296727171426,-14.242531,15.178801,-13.24369,14.179956,2.7516632,-1.7222494
56.7,0.7816697,-0.47783315,-0.4997351,0.008096788,-0.032016765,-2.7430842,0.11241715,-0.0008886306,-0.0033288922,-0.01806291,0.011048492,-0.4455385,0.7954671,-0.4820505,-0.5,-2.7286115,0.014429989270865917,0.20703913271427155,-0.014472723007202147,-2.461839077268963,-14.307717,15.177528,-13.31227,14.182078,2.7019567,-1.7750732
56.800000000000004,0.7714991,-0.48182955,-0.49970594,0.0077707088,-0.030584844,-2.7878213,0.10919763,-0.002659954,-0.003184374,-0.017581744,0.010698354,-0.4472437,0.78628796,-0.48581603,-0.5,-2.7760284,0.015319564379751682,0.20455104112625122,-0.011792898178100584,-2.4770910665254364,-14.249524,15.113834,-13.276952,14.141259,2.6529865,-1.826416
56.900000000000006,0.76140445,-0.48509032,-0.49968985,0.007437911,-0.029219232,-2.8325844,0.10594712,-0.0044070752,-0.0030462656,-0.017016584,0.010178951,-0.4475148,0.776932,-0.48914436,-0.5,-2.8235848,0.016051048412919044,0.2021760642528534,-0.00899958610534668,-2.49216737723383,-14.071308,14.9858465,-13.139982,14.054519,2.605915,-1.8750912
57.0,0.7514145,-0.4876435,-0.49968526,0.0071042217,-0.027934402,-2.8772304,0.10288962,-0.0060800514,-0.0029160473,-0.016380217,0.009528665,-0.44635147,0.76740116,-0.4920325,-0.5,-2.87107,0.016581201925873756,0.2001480907201767,-0.0061604976654052734,-2.507035807814047,-13.781016,14.792297,-12.906877,13.918158,2.561712,-1.9201189
57.1,0.7415435,-0.4895286,-0.4996903,0.006774823,-0.026741942,-2.9216177,0.100166224,-0.0076163225,-0.002795038,-0.015691744,0.008772171,-0.4437749,0.7576977,-0.49447784,-0.5,-2.9182734,0.016898225992918015,0.19861529767513275,-0.003344297409057617,-2.521656382110562,-13.388714,14.534975,-12.583789,13.73005,2.5210023,-1.9608955
57.2,0.73178995,-0.49079213,-0.4997029,0.0064543346,-0.02565024,-2.9656098,0.09790349,-0.008970372,-0.002684353,-0.014967818,0.007937475,-0.43982717,0.7478237,-0.49647817,-0.5,-2.9649897,0.01701473258435726,0.19770236313343048,-0.0006201267242431641,-2.535979881189384,-12.906386,14.216931,-12.178821,13.489366,2.484208,-1.9970251
57.300000000000004,0.72214013,-0.49148425,-0.49972117,0.006146293,-0.024664935,-3.0090754,0.09618302,-0.01009684,-0.002585151,-0.014228241,0.0070483773,-0.43456835,0.7377815,-0.49803174,-0.5,-3.0110242,0.01695878431200981,0.19748179614543915,0.001948833465576172,-2.5499503611381877,-12.347311,13.843227,-11.700814,13.196732,2.4514625,-2.0284476
57.400000000000006,0.71256936,-0.49165428,-0.49974322,0.0058535193,-0.023789037,-3.0518913,0.09505921,-0.010976378,-0.0024982425,-0.013487182,0.0061280285,-0.4280744,0.7275733,-0.49913707,-0.5,-3.0561984,0.01676829718053341,0.19799132645130157,0.0043070316314697266,-2.56350633606392,-11.725146,13.419779,-11.159931,12.854566,2.4227757,-2.055204
57.5,0.70304424,-0.49134845,-0.49976745,0.0055777654,-0.023023117,-3.0939429,0.09456185,-0.011592994,-0.0024244885,-0.012760259,0.0051982775,-0.42043447,0.71720135,-0.49979323,-0.5,-3.1003518,0.01648612879216671,0.19923953711986542,0.006408929824829101,-2.576582053829465,-11.053994,12.953581,-10.566788,12.466376,2.3979561,-2.0775642
57.6,0.6935295,-0.4906073,-0.49979258,0.005319944,-0.022366485,-3.1351256,0.09465547,-0.011948608,-0.002364421,-0.01205892,0.004269782,-0.4117483,0.7066681,-0.4999996,-0.5,3.1398396,0.016151821240782738,0.201167494058609,0.008220020924703666,-2.5553603409200356,-10.346586,12.452955,-9.931581,12.037951,2.376715,-2.095892
57.7,0.6839903,-0.4894642,-0.49981767,0.005080335,-0.021817416,3.1078396,0.095286675,-0.012059937,-0.0023184004,-0.011391159,0.0033514583,-0.4021235,0.69597584,-0.49975604,-0.5,3.0981207,0.01579900272190571,0.20369914174079895,0.009718894958496094,-2.5281120838294595,-9.614579,11.926567,-9.264464,11.576456,2.3587306,-2.1105766
57.800000000000004,0.67439353,-0.48794493,-0.49984205,0.004858872,-0.021373281,3.0686646,0.09639705,-0.011957283,-0.002286573,-0.0107609,0.0024515663,-0.39167324,0.68512696,-0.4990627,-0.5,3.0577695,0.015454315580427647,0.20675665140151978,0.010895013809204103,-2.501319959041846,-8.868419,11.382992,-8.575408,11.089984,2.3437083,-2.1219568
57.900000000000006,0.6647107,-0.48606816,-0.4998653,0.004655169,-0.021031048,3.0306058,0.09791102,-0.01167366,-0.0022690308,-0.010170831,0.0015734978,-0.3805134,0.67412394,-0.49792024,-0.5,3.0188556,0.015136023983359337,0.21024879813194275,0.011750221252441406,-2.4749947524909928,-8.117228,10.8308,-7.873666,10.587241,2.3313613,-2.1303568
58.0,0.6549204,-0.48384547,-0.49988732,0.0044690478,-0.020787854,2.9937224,0.09973602,-0.011257268,-0.0022657684,-0.0096176285,0.00071530003,-0.368761,0.66296923,-0.4963297,-0.5,2.9814267,0.014854366891086102,0.21407340466976166,0.012295722961425781,-2.4491448918036935,-7.368063,10.2780695,-7.167797,10.077806,2.3215497,-2.1359508
58.1,0.6450099,-0.48128274,-0.4999082,0.0043006567,-0.020641385,2.9580617,0.10177328,-0.010756613,-0.0022767182,-0.009096447,-0.00012866048,-0.3565317,0.6516654,-0.49429247,-0.5,2.9455118,0.014613599516451359,0.2181268185377121,0.012549877166748047,-2.4237790271675603,-6.62617,9.732455,-6.465255,9.571543,2.3142292,-2.1387908
58.2,0.63497704,-0.47838274,-0.49992827,0.0041503976,-0.020590493,2.9236605,0.103909254,-0.010212832,-0.0023019055,-0.008602977,-0.0009702558,-0.34393796,0.64021486,-0.49181044,-0.5,2.9111214,0.014413297176361084,0.22229400277137756,0.012539148330688477,-2.3989084899275976,-5.8950715,9.20153,-5.7719088,9.07837,2.3094249,-2.1388888
58.300000000000004,0.62482727,-0.47514632,-0.49994797,0.0040190113,-0.020634618,2.8905442,0.106068075,-0.009663368,-0.0023413922,-0.008132185,-0.0018153862,-0.33108786,0.6286204,-0.4888858,-0.5,2.8782518,0.014253540895879269,0.226500004529953,0.01229238510131836,-2.374545037306776,-5.1775413,8.691537,-5.0929885,8.606987,2.3072577,-2.1360943
58.400000000000006,0.6145752,-0.47157425,-0.499968,0.003907654,-0.020774545,2.8587284,0.10815356,-0.009142541,-0.0023954236,-0.0076781986,-0.002677677,-0.31808335,0.6168844,-0.4855212,-0.5,2.8468854,0.014136862009763718,0.2306523621082306,0.011842966079711912,-2.3507038330599794,-4.474519,8.208426,-4.4321146,8.166024,2.3079073,-2.1301978
58.5,0.6042405,-0.4676671,-0.49998903,0.0038180463,-0.021011716,2.8282187,0.11011734,-0.008683427,-0.0024645186,-0.0072338786,-0.0035636416,-0.30501974,0.6050096,-0.48171964,-0.5,2.8169956,0.014073577709496021,0.23470795154571533,0.011223077774047852,-2.3274004773415173,-3.7863917,7.7564783,-3.79257,7.7626586,2.311646,-2.120887
58.6,0.5938457,-0.46342608,-0.5000119,0.003752379,-0.021348163,2.7990122,0.111929365,-0.008310805,-0.0025494683,-0.0067929802,-0.0044793217,-0.29198426,0.59299874,-0.47748458,-0.5,2.7885463,0.014083996415138245,0.23864193260669708,0.010465860366821289,-2.3046497091892646,-3.113038,7.3388,-3.1769147,7.4026785,2.3187943,-2.107812
58.7,0.58341897,-0.45885462,-0.50003767,0.0037132532,-0.021787347,2.7710984,0.113533646,-0.008042765,-0.0026512826,-0.0063498835,-0.0054389974,-0.2790557,0.5808544,-0.47281983,-0.5,2.7614958,0.014198791235685349,0.24240437150001526,0.009602546691894531,-2.2824700641573283,-2.452915,6.958327,-2.5861259,7.091539,2.3297024,-2.0905926
58.800000000000004,0.57297546,-0.4539545,-0.500067,0.0037029989,-0.022330288,2.7444596,0.11505755,-0.007873336,-0.0027713208,-0.005905999,-0.006418297,-0.26630402,0.56857944,-0.46772957,-0.5,2.7357976,0.014459679834544659,0.24611859023571014,0.008661985397338867,-2.260866459842981,-1.8083042,6.614282,-2.0232136,6.829193,2.3445382,-2.0690296
58.900000000000006,0.56251085,-0.44872528,-0.5001003,0.0037224744,-0.022974448,2.7190716,0.116690785,-0.0077585885,-0.0029108238,-0.0054739476,-0.0073814294,-0.25378937,0.5561765,-0.46221837,-0.5,2.711402,0.01490629930049181,0.24995629489421844,0.007669687271118164,-2.2398242624655667,-1.1847627,6.3038597,-1.4916453,6.6107435,2.363025,-2.0434089
59.0,0.5520122,-0.4431659,-0.50013787,0.0037714199,-0.023716142,2.6949062,0.118510485,-0.007665328,-0.0030704048,-0.0050619543,-0.008316209,-0.24156226,0.5436484,-0.45629123,-0.5,2.6882572,0.015564259141683578,0.25397899746894836,0.006649017333984375,-2.219318897844042,-0.5864399,6.025036,-0.9929679,6.431565,2.3847055,-2.0141995
59.1,0.541465,-0.43727568,-0.5001799,0.0038487718,-0.024551678,2.67193,0.120524086,-0.0075735087,-0.003250361,-0.0046750396,-0.009221582,-0.22966436,0.53099805,-0.44995344,-0.5,2.666311,0.01644124835729599,0.2581823468208313,0.005619049072265625,-2.1993234812758655,-0.015208181,5.7762675,-0.52714604,6.288206,2.4090886,-1.9819043
59.2,0.5308543,-0.43105373,-0.50022644,0.003952946,-0.025477232,2.650107,0.1227293,-0.0074732676,-0.0034508298,-0.0043156645,-0.010095153,-0.21812837,0.51822823,-0.44321072,-0.5,2.645511,0.01752885989844799,0.2625550627708435,0.00459599494934082,-2.1798100131296128,0.5281525,5.555715,-0.09363932,6.177507,2.435701,-1.9469831
59.300000000000004,0.5201656,-0.42449835,-0.50027764,0.00408218,-0.026488772,2.629398,0.12511854,-0.0073652025,-0.003671871,-0.0039831167,-0.0109336525,-0.206979,0.50534177,-0.43606916,-0.5,2.6258051,0.01880711130797863,0.26708364486694336,0.003592967987060547,-2.1607498028003893,1.0436766,5.3610578,0.30823857,6.0964956,2.46417,-1.9098132
59.400000000000006,0.509388,-0.41760966,-0.5003337,0.004234315,-0.027582742,2.6097631,0.1276462,-0.0072426302,-0.0039134882,-0.0036790718,-0.011740852,-0.19623326,0.4923416,-0.42853513,-0.5,2.6071432,0.020249884575605392,0.2717166841030121,0.0026199817657470703,-2.14211791580437,1.5323491,5.190816,0.6804207,6.0427437,2.4940984,-1.870817
59.5,0.49851605,-0.41038918,-0.50039494,0.0044074208,-0.028756268,2.5911608,0.13025276,-0.007116615,-0.004175583,-0.0033993362,-0.012522538,-0.18590169,0.47923067,-0.4206155,-0.5,2.5894754,0.021832529455423355,0.27639585733413696,0.0016853809356689453,-2.1238945782755376,1.9965395,5.043433,1.025015,6.0149565,2.5252492,-1.8302327
59.6,0.48754656,-0.40283993,-0.5004615,0.0045994497,-0.03000656,2.573549,0.1329054,-0.006985629,-0.004458135,-0.0031435257,-0.01327869,-0.17598893,0.4660119,-0.4123173,-0.5,2.5727546,0.02353242225944996,0.28108495473861694,0.0007944107055664064,-2.1060631898352584,2.4381878,4.9173512,1.3442589,6.011279,2.557372,-1.7883108
59.7,0.47647712,-0.39496577,-0.50053376,0.0048082205,-0.031330585,2.5568857,0.13558951,-0.00684587,-0.0047610924,-0.0029115987,-0.014006197,-0.16649455,0.4526883,-0.40364805,-0.5,2.5569355,0.025329317897558212,0.28576499223709106,-4.982948303222656e-05,-2.088609420372408,2.8587184,4.8109,1.6403351,6.029282,2.5901997,-1.7453359
59.800000000000004,0.46530443,-0.38677028,-0.50061184,0.0050315084,-0.03272477,2.5411298,0.13830909,-0.0066961762,-0.0050842506,-0.0027027584,-0.014698896,-0.15741365,0.43926287,-0.39461556,-0.5,2.5419748,0.027204522863030434,0.29043540358543396,-0.0008449554443359375,-2.0715189406812056,3.2591488,4.7219663,1.9148774,6.066236,2.6234856,-1.70157
59.900000000000006,0.45402646,-0.37825823,-0.5006961,0.0052670427,-0.034185596,2.5262406,0.14104375,-0.0065349196,-0.005427265,-0.002516268,-0.015356809,-0.14873768,0.42573857,-0.38522792,-0.5,2.5278313,0.029142165556550026,0.2950727045536041,-0.001590728759765625,-2.054779917787458,3.6408556,4.6489205,2.169893,6.119881,2.6570063,-1.6572825
60.0,0.44264388,-0.36943585,-0.5007867,0.0055127027,-0.035709936,2.5121784,0.14375852,-0.0063659213,-0.005789631,-0.002349627,-0.015983397,-0.1404552,0.4121185,-0.37549362,-0.5,2.5144663,0.031130608171224594,0.2996421158313751,-0.0022878646850585938,-2.038387335188684,4.005828,4.590465,2.4075713,6.1887197,2.6905725,-1.6126565
60.1,0.43113416,-0.36030206,-0.50088304,0.0057639424,-0.037289325,2.4989061,0.14668131,-0.0061147185,-0.0061706966,-0.002226196,-0.016524877,-0.13255116,0.39840567,-0.36542138,-0.5,2.501843,0.0331382192671299,0.3043269217014313,-0.002936840057373047,-2.022316774713813,4.347754,4.5425544,2.6271017,6.2632046,2.7232473,-1.5686996
60.2,0.41944543,-0.35084727,-0.5009832,0.0060124006,-0.0389091,2.486387,0.15009248,-0.0056661367,-0.006568459,-0.0021825992,-0.016918568,-0.12500794,0.38460323,-0.3550203,-0.5,2.4899266,0.03510497510433197,0.30934208631515503,-0.003539562225341797,-2.006519810416468,4.654928,4.5000706,2.8265579,6.3284388,2.7532046,-1.5273563
60.300000000000004,0.40751168,-0.34105873,-0.501084,0.006247042,-0.040551703,2.4745874,0.15411307,-0.0049428456,-0.0069793165,-0.0022435368,-0.017134624,-0.1178056,0.37071425,-0.34429973,-0.5,2.4786851,0.03695578873157501,0.31476643681526184,-0.004097700119018555,-1.9909392360386033,4.9173565,4.4593053,3.0051165,6.371543,2.7783492,-1.4908103
60.400000000000006,0.39526454,-0.33092287,-0.50118214,0.0064556645,-0.04219841,2.4634755,0.15875682,-0.003916037,-0.007398786,-0.0024186217,-0.017160313,-0.110922925,0.35674188,-0.33326933,-0.5,2.468088,0.038612157106399536,0.3205983340740204,-0.004612445831298828,-1.975519567254842,5.128276,4.4174347,3.1626048,6.383104,2.7967935,-1.4610679
60.5,0.38264078,-0.32042688,-0.5012736,0.0066262283,-0.043830287,2.4530215,0.16396753,-0.0025964496,-0.007821859,-0.0027044099,-0.016992703,-0.104337886,0.34268922,-0.321939,-0.5,2.4581065,0.040000446140766144,0.32678839564323425,-0.005084991455078125,-1.9602149007197496,5.2839775,4.372231,3.2991433,6.357063,2.8070507,-1.4397091
60.6,0.36958197,-0.30955815,-0.50135416,0.006747066,-0.045427594,2.4431987,0.16969953,-0.000998009,-0.0082434025,-0.0030957032,-0.016622996,-0.098027974,0.32855946,-0.31031892,-0.5,2.4487143,0.04105190187692642,0.3333008587360382,-0.005515575408935547,-1.9449871392516493,5.381366,4.321595,3.4146657,6.288293,2.8078809,-1.4280869
60.7,0.35604143,-0.29830685,-0.50142,0.006808019,-0.046971194,2.4339814,0.17583664,0.0008349,-0.00865817,-0.0035762165,-0.016056892,-0.09197131,0.3143558,-0.2984196,-0.5,2.4398868,0.04170997068285942,0.34004658460617065,-0.0059053897857666016,-1.9298139338299427,5.4201846,4.2641706,3.5096092,6.1747437,2.7985375,-1.4270952
60.800000000000004,0.34198886,-0.2866655,-0.5014675,0.0068018567,-0.04844306,2.4253469,0.18223542,0.0028183,-0.009061031,-0.004115834,-0.015305525,-0.086147085,0.30008137,-0.2862517,-0.5,2.431601,0.04193521663546562,0.34692493081092834,-0.0062541961669921875,-1.9146911113806941,5.4032626,4.198419,3.5839326,6.017747,2.7790089,-1.4368544
60.900000000000006,0.32741022,-0.27463138,-0.5014939,0.006723941,-0.04982667,2.4172742,0.1887399,0.00488261,-0.009447419,-0.0046882564,-0.014384203,-0.08053557,0.28573945,-0.2738262,-0.5,2.4238353,0.041705310344696045,0.35381659865379333,-0.0065610408782958984,-1.8996344609863636,5.3348126,4.124008,3.6384885,5.82033,2.7496521,-1.4571264
61.0,0.31230447,-0.26220432,-0.5014969,0.0065723932,-0.051106367,2.4097443,0.19523542,0.006956026,-0.009813321,-0.005265883,-0.0133023625,-0.07511901,0.27133325,-0.2611543,-0.5,2.4165697,0.0410120002925396,0.36063939332962036,-0.006825447082519531,-1.8846753674263614,5.219292,4.040098,3.673469,5.585919,2.711238,-1.4873203
61.1,0.29668748,-0.24938792,-0.50147545,0.0063487813,-0.052268524,2.402739,0.20157339,0.008946864,-0.010154986,-0.005814618,-0.012081118,-0.06988175,0.25686598,-0.24824736,-0.5,2.409786,0.039865151047706604,0.36728349328041077,-0.007046937942504882,-1.8698641637075266,5.0636826,3.9463398,3.6893864,5.320634,2.6650412,-1.5262941
61.2,0.28059077,-0.23619023,-0.50142944,0.006057808,-0.05330181,2.3962426,0.20761243,0.01077299,-0.010469336,-0.0063038417,-0.010744554,-0.06480995,0.24234091,-0.235117,-0.5,2.4034674,0.03829161077737808,0.3736399710178375,-0.0072247982025146484,-1.8552637144798867,4.875753,3.8426611,3.6868274,5.0315847,2.612705,-1.5725479
61.300000000000004,0.26407516,-0.22263205,-0.5013607,0.0057084993,-0.054201104,2.3902392,0.2130542,0.012316374,-0.010753846,-0.0066914586,-0.009355911,-0.059892535,0.22776133,-0.22177507,-0.5,2.397598,0.03634941950440407,0.3794606924057007,-0.0073587894439697266,-1.8409679438144186,4.669047,3.731478,3.668782,4.731741,2.5565815,-1.6238555
61.400000000000006,0.24721134,-0.20873898,-0.5012722,0.0053118644,-0.05496346,2.3847146,0.21780072,0.013528806,-0.011007388,-0.006959243,-0.00793832,-0.0551198,0.21313049,-0.20823355,-0.5,2.3921635,0.03410832956433296,0.3846632242202759,-0.007448911666870117,-1.8270818433179186,4.4534354,3.6145117,3.637395,4.43055,2.4988515,-1.6781101
61.5,0.23007111,-0.1945379,-0.50116706,0.0048797633,-0.055587083,2.3796554,0.2218414,0.01439526,-0.011229351,-0.0071004443,-0.0065044966,-0.050483987,0.19845171,-0.19450463,-0.5,2.3871505,0.03164094686508179,0.38923799991607666,-0.00749516487121582,-1.8137124400191444,4.2359667,3.4926698,3.5940588,4.134576,2.4413996,-1.7334912
61.6,0.21272182,-0.18005593,-0.50104874,0.004423728,-0.056071013,2.375048,0.2252121,0.014933881,-0.0114193,-0.0071201306,-0.0050637354,-0.045978278,0.18372828,-0.18060069,-0.5,2.3825471,0.029017621651291847,0.393210768699646,-0.007499217987060547,-1.800963956653605,4.0213237,3.366797,3.5401523,3.8479664,2.3856556,-1.7885437
61.7,0.19522403,-0.16532043,-0.50092036,0.003954262,-0.056415234,2.3708801,0.22796482,0.015180896,-0.011577011,-0.0070303297,-0.0036262483,-0.04159627,0.1689635,-0.1665342,-0.5,2.3783424,0.026304665952920914,0.39661821722984314,-0.007462263107299804,-1.7889347501899282,3.8125315,3.2378678,3.47714,3.5732572,2.3326097,-1.8421972
61.800000000000004,0.17763183,-0.15035962,-0.50078505,0.0034805636,-0.056621112,2.3671403,0.23014262,0.015178228,-0.0117025245,-0.0068457914,-0.0022064087,-0.03733199,0.15416072,-0.15231785,-0.5,2.3745263,0.023565730080008507,0.3994878828525543,-0.0073859691619873056,-1.7777191990161163,3.611862,3.1070135,3.406768,3.3121052,2.2829485,-1.8937509
61.900000000000006,0.15998928,-0.13519844,-0.5006455,0.0030105405,-0.05669026,2.3638167,0.23184249,0.014965145,-0.011795887,-0.00658103,-0.0008069774,-0.03317915,0.13932325,-0.13796441,-0.5,2.3710897,0.020860301330685616,0.40189969539642334,-0.007272958755493163,-1.7674014551872768,3.4201293,2.9742546,3.3295994,3.0647829,2.237103,-1.9426636
62.0,0.14233299,-0.11985985,-0.500504,0.0025510262,-0.0566252,2.360899,0.2331324,0.014574139,-0.011857183,-0.006248275,0.0005629222,-0.029131368,0.124454424,-0.12348683,-0.5,2.3680248,0.018249711021780968,0.403908371925354,-0.0071258544921875,-1.7580548729234118,3.2379496,2.839601,3.2462418,2.831307,2.1953738,-1.988503
62.1,0.12469631,-0.1043684,-0.50036275,0.0021077786,-0.05643042,2.3583775,0.23402436,0.014036581,-0.011886766,-0.005859637,0.0018835327,-0.025181584,0.1095576,-0.10889811,-0.5,2.3653245,0.01580602116882801,0.4055159389972687,-0.006947040557861328,-1.749740757525449,3.0666308,2.703992,3.1581526,2.6124685,2.1579728,-2.0309503
62.2,0.10711709,-0.08875485,-0.5002243,0.0016861963,-0.05611431,2.3562424,0.2344426,0.013361983,-0.011885221,-0.0054199724,0.0031161762,-0.02132262,0.09463613,-0.09421139,-0.5,2.3629823,0.013623454608023167,0.4066486656665802,-0.00673985481262207,-1.7425202510532602,2.9100206,2.569746,3.0682094,2.4115558,2.1252291,-2.0695639
62.300000000000004,0.08962974,-0.07305073,-0.5000911,0.001290707,-0.05568676,2.3544858,0.23440503,0.012578124,-0.011854052,-0.0049401303,0.004245909,-0.017546445,0.07969336,-0.07943989,-0.5,2.3609934,0.011813607066869736,0.4073154926300049,-0.006507635116577149,-1.7364436987402607,2.7701604,2.4384704,2.9785373,2.230092,2.0972571,-2.1041193
62.400000000000006,0.0722636,-0.057287615,-0.49996513,0.00092455547,-0.0551587,2.3530998,0.23394646,0.01172016,-0.011795047,-0.0044328794,0.005262759,-0.013844318,0.06473266,-0.0645969,-0.5,2.3593526,0.010494847781956196,0.40753865242004395,-0.006252765655517578,-1.7315497963585298,2.647935,2.3115647,2.8910835,2.068415,2.073963,-2.1345806
62.5,0.055038534,-0.04149805,-0.49984816,0.0005885014,-0.054541364,2.3520782,0.23312566,0.010862127,-0.011710307,-0.0039237416,0.0061639035,-0.010205898,0.049757406,-0.049695775,-0.5,2.3580568,0.009752746671438217,0.4073491096496582,-0.005978584289550781,-1.7278652950572457,2.541887,2.1911697,2.808579,1.9244765,2.0546868,-2.161501
62.6,0.03796384,-0.025712278,-0.4997411,0.00028123654,-0.053845447,2.3514156,0.232032,0.010063594,-0.011601934,-0.0034338192,0.0069552874,-0.006619483,0.03477095,-0.034749925,-0.5,2.3571026,0.009588568471372128,0.4068102538585663,-0.00568699836730957,-1.7254045579136676,2.4494174,2.0783975,2.7329347,1.7948788,2.0384989,-2.1856785
62.7,0.021039356,-0.009956047,-0.49964446,4.080891e-08,-0.05308067,2.3511083,0.23076262,0.009361825,-0.011472034,-0.0029773556,0.00764691,-0.0030709063,0.019776672,-0.019772803,-0.5,2.356488,0.009904013946652412,0.40599942207336426,-0.005379676818847656,-1.7244283319914244,2.367574,1.9731196,2.664945,1.6757475,2.0244732,-2.2079432
62.800000000000004,0.004257734,0.0057497723,-0.499558,-0.00025865115,-0.052255772,2.351154,0.2294016,0.008775361,-0.011322525,-0.0025626319,0.008248961,0.0004571351,0.004777943,-0.004777888,-0.5,2.3562117,0.01054976787418127,0.4049876034259796,-0.005057573318481445,-1.7246543408501973,2.2937074,1.8742414,2.6046925,1.5632552,2.0117853,-2.2290127
62.900000000000006,-0.012395558,0.02139085,-0.49948108,-0.0004988931,-0.05137788,2.351553,0.22804521,0.00831123,-0.011155265,-0.0021940493,0.008777911,0.003986144,-0.010221861,0.010221327,-0.5,2.356273,0.011390894651412964,0.40386077761650085,-0.004719972610473633,-1.7260751540912302,2.2247672,1.7796377,2.5511012,1.4533029,1.9997466,-2.2494974
63.0,-0.028942257,0.036959704,-0.49941254,-0.00072493765,-0.050452072,2.352306,0.22679232,0.007973839,-0.010971884,-0.0018737669,0.009254317,0.0075241686,-0.025219366,0.025211344,-0.5,2.3566718,0.01233811117708683,0.4027085304260254,-0.0043659210205078125,-1.7286694493251393,2.1570933,1.6865118,2.5022469,1.3413571,1.987736,-2.2699602
63.1,-0.04540416,0.05244933,-0.49935114,-0.0009409107,-0.049483124,2.3534138,0.2256465,0.0077613266,-0.0107736,-0.0016009851,0.009681472,0.011072397,-0.040211193,0.04017867,-0.5,2.3574095,0.013340051285922527,0.40153369307518005,-0.003995656967163086,-1.7324125546972193,2.088568,1.5934521,2.4574287,1.2245907,1.9752163,-2.2908976
63.2,-0.061803315,0.06785315,-0.4992957,-0.0011508905,-0.04847501,2.3548784,0.22461273,0.0076732542,-0.010561692,-0.0013754667,0.010067367,0.014635481,-0.055193976,0.055109844,-0.5,2.3584874,0.014372589066624641,0.40034058690071106,-0.0036089420318603516,-1.7372753186909597,2.0172644,1.4993422,2.416086,1.10052,1.9616996,-2.3127737
63.300000000000004,-0.0781605,0.083164915,-0.49924526,-0.0013585831,-0.047430918,2.3567014,0.22368482,0.0076989057,-0.010337362,-0.0011935842,0.010419944,0.018220343,-0.07016434,0.06999142,-0.5,2.359908,0.015428847633302212,0.39912718534469604,-0.0032067298889160156,-1.7432226593929845,1.9418565,1.4030199,2.3775616,0.96731424,1.9468335,-2.3359513
63.400000000000006,-0.094492875,0.09837665,-0.49919885,-0.0015672297,-0.046353765,2.3588858,0.22282563,0.007824816,-0.010101646,-0.0010506926,0.010741889,0.021835752,-0.08511892,0.08481,-0.5,2.3616748,0.01650959439575672,0.39786407351493835,-0.002789020538330078,-1.7502143463668314,1.8619235,1.3039341,2.341704,0.824153,1.9303799,-2.3606634
63.5,-0.11081222,0.11347737,-0.49915603,-0.0017794966,-0.045246545,2.3614361,0.22197694,0.008034412,-0.009855601,-0.0009409984,0.011032261,0.025491482,-0.100054346,0.09955227,-0.5,2.3637912,0.01761682890355587,0.3965035676956177,-0.002355098724365234,-1.7582045297737636,1.7779717,1.2021798,2.3088915,0.6712596,1.9122291,-2.3870435
63.6,-0.12712355,0.12845336,-0.4991166,-0.0019970846,-0.04411252,2.3643568,0.2210726,0.008299691,-0.00960028,-0.0008548108,0.011288337,0.029197346,-0.11496726,0.11420494,-0.5,2.3662627,0.018750285729765892,0.39499473571777344,-0.0019059181213378906,-1.7671412508202895,1.691644,1.0979338,2.279655,0.5099225,1.892477,-2.4150193
63.7,-0.14342351,0.14328745,-0.4990808,-0.0022205145,-0.042955663,2.367654,0.22002989,0.0085866265,-0.009336737,-0.00078027573,0.011502715,0.03296335,-0.1298543,0.12875484,-0.5,2.3690946,0.019903894513845444,0.3932729661464691,-0.0014405250549316406,-1.7769680000398385,1.6057516,0.9917994,2.2548816,0.34266934,1.8714406,-2.4443052
63.800000000000004,-0.15970057,0.15796086,-0.49904904,-0.002448773,-0.04178056,2.3713348,0.21878004,0.0088510495,-0.009066084,-0.0007020045,0.011669361,0.036798988,-0.14471214,0.14318886,-0.5,2.3722935,0.021065836772322655,0.39128991961479187,-0.0009586811065673828,-1.7876165935934578,1.5239677,0.8840308,2.235185,0.17281348,1.8496974,-2.4743276
63.900000000000006,-0.1759317,0.17244959,-0.4990222,-0.0026794062,-0.0405937,2.3754067,0.21720542,0.009052134,-0.008789417,-0.00060551584,0.011768953,0.040713593,-0.1595374,0.15749404,-0.5,2.375867,0.0222125593572855,0.38894981145858765,-0.0004601478576660156,-1.7990179355400842,1.4515964,0.7761371,2.2224376,0.0052956156,1.8280085,-2.5043414
64.0,-0.1920858,0.18672866,-0.49900123,-0.002908381,-0.039402585,2.3798788,0.21524099,0.009144798,-0.008508093,-0.00047485292,0.011791355,0.044715974,-0.17432678,0.17165746,-0.5,2.379823,0.023313546553254128,0.3862069845199585,5.5789947509765625e-05,-1.8110977007819287,1.3940498,0.66894084,2.2178948,-0.15490432,1.8073299,-2.533381
64.10000000000001,-0.20812382,0.20077264,-0.49898723,-0.0031300478,-0.03821604,2.3847606,0.21282631,0.009082411,-0.008223506,-0.0002936028,0.01172353,0.048814595,-0.18907693,0.18566641,-0.5,2.3841712,0.024331212043762207,0.3830203711986542,0.0005893707275390625,-1.8237782904984,1.3572626,0.56309295,2.222703,-0.30234754,1.7888056,-2.5602734
64.2,-0.22400036,0.21455638,-0.4989811,-0.0033374494,-0.037044212,2.3900626,0.2099159,0.008826907,-0.007937159,-4.8290472e-05,0.011552381,0.05301782,-0.20378454,0.19950828,-0.5,2.388922,0.02522227354347706,0.37936004996299744,0.001140594482421875,-1.8369814614834097,1.347401,0.45903566,2.2379603,-0.43152368,1.7736584,-2.5837357
64.3,-0.23966552,0.228056,-0.49898368,-0.003522508,-0.035898495,2.3957963,0.20648368,0.008346237,-0.0076507474,0.00027288808,0.011265904,0.0573344,-0.2184463,0.2131706,-0.5,2.3940864,0.025939609855413437,0.37521252036094666,0.0017099380493164062,-1.8506330158226567,1.3701866,0.35731936,2.264876,-0.53736985,1.7631528,-2.602436
64.4,-0.25506946,0.24125014,-0.49899557,-0.0036769672,-0.034790922,2.4019737,0.20254427,0.007633308,-0.007366164,0.0006725556,0.0108582,0.061773643,-0.23305891,0.22664109,-0.5,2.3996773,0.02643667161464691,0.37059468030929565,0.00229644775390625,-1.8646626448448336,1.4300314,0.25825357,2.3045805,-0.6162954,1.7583399,-2.6152358
64.5,-0.2701645,0.25411952,-0.499017,-0.0037930803,-0.033734195,2.4086084,0.1981238,0.0066983593,-0.007085446,0.0011466983,0.010323392,0.06634591,-0.24761909,0.2399076,-0.5,2.405708,0.026669075712561607,0.3655291199684143,0.002900362014770508,-1.8790066500979667,1.5303068,0.16230066,2.3584485,-0.665841,1.7599837,-2.6212668
64.60000000000001,-0.28490746,0.2666471,-0.49904794,-0.0038642131,-0.03274141,2.415715,0.19326714,0.005566853,-0.0068108733,0.0016855756,0.009658393,0.0710628,-0.26212355,0.2529582,-0.5,2.4121935,0.02659696526825428,0.36005136370658875,0.0035214424133300786,-1.8936101873307962,1.6731621,0.069950424,2.427986,-0.6848732,1.7685183,-2.6199932
64.7,-0.2992623,0.2788177,-0.4990882,-0.0038856263,-0.03182575,2.4233093,0.18803582,0.0042854003,-0.006544947,0.0022719144,0.008863185,0.07593741,-0.27656904,0.2657812,-0.5,2.4191499,0.026187127456068993,0.354205459356308,0.004159450531005859,-1.9084306633090744,1.8591566,-0.018054448,2.5150554,-0.67395324,1.7839383,-2.6113424
64.8,-0.31320322,0.29061845,-0.49913725,-0.0038550822,-0.030999908,2.431409,0.18251823,0.0029165966,-0.006290306,0.0028827,0.007943828,0.080984466,-0.2909523,0.278365,-0.5,2.4265947,0.025416435673832893,0.3480549156665802,0.00481414794921875,-1.923482787380445,2.086977,-0.101089485,2.6215243,-0.63563675,1.8057455,-2.5957267
64.9,-0.32674405,0.30204988,-0.49919364,-0.0037763964,-0.030269431,2.4400322,0.17709944,0.0016283104,-0.0060496866,0.0034597258,0.0069724238,0.08622167,-0.30527008,0.29069826,-0.5,2.434547,0.024303104728460312,0.3419027328491211,0.0054852962493896484,-1.938788475920439,2.3444564,-0.18198098,2.7459955,-0.58352005,1.831965,-2.575028
65.0,-0.33992344,0.31312007,-0.49925542,-0.003657374,-0.029635878,2.449201,0.17201956,0.0005249305,-0.005824606,0.0039651147,0.0059893997,0.09166832,-0.3195192,0.30276993,-0.5,2.443027,0.0228913351893425,0.33593592047691345,0.0061740875244140625,-1.954367458708204,2.620017,-0.2641015,2.886586,-0.5306705,1.8603219,-2.5514717
65.10000000000001,-0.3527905,0.32383877,-0.49932066,-0.0035080384,-0.029099131,2.458938,0.16737369,-0.00034281902,-0.0056158723,0.00437854,0.0050114812,0.097344846,-0.33369642,0.31456915,-0.5,2.4520566,0.021236086264252663,0.33022454380989075,0.006881237030029297,-1.970236383628519,2.9055576,-0.35015887,3.0422466,-0.48684812,1.8887403,-2.5271335
65.2,-0.3653948,0.3342137,-0.49938777,-0.0033391314,-0.02865861,2.469268,0.16315916,-0.000965346,-0.005423983,0.004694629,0.004042954,0.10327262,-0.34779856,0.32608524,-0.5,2.4616597,0.019392643123865128,0.3247632682323456,0.0076084136962890625,-1.9864098187676662,3.1964047,-0.44204053,3.212772,-0.45840785,1.9155662,-2.503718
65.3,-0.37778163,0.3442498,-0.49945548,-0.003161141,-0.028313456,2.480219,0.15933205,-0.0013566302,-0.005249242,0.0049177995,0.003085999,0.10947316,-0.36182243,0.3373079,-0.5,2.4718614,0.01741214655339718,0.3195185363292694,0.008357524871826172,-2.002897327901014,3.4902525,-0.54129475,3.3984082,-0.44945064,1.9395741,-2.4825158
65.4,-0.38998812,0.3539481,-0.49952286,-0.002983624,-0.02806289,2.4918194,0.15581287,-0.0015453952,-0.005091791,0.0050592893,0.0021390847,0.11596783,-0.3757649,0.348227,-0.5,2.482689,0.015338138677179813,0.3144301772117615,0.009130477905273438,-2.0197069789131428,3.7868433,-0.6489354,3.6000495,-0.46214178,1.959937,-2.4644258
65.5,-0.40204248,0.36330733,-0.49958938,-0.0028145567,-0.027905956,2.5041018,0.15252452,-0.0015759623,-0.004951695,0.005136949,0.0012030232,0.122777365,-0.38962284,0.35883272,-0.5,2.4941719,0.013207506388425827,0.30944663286209106,0.009929895401000977,-2.0368427655628025,4.0873084,-0.76616603,3.8184636,-0.49732125,1.9762566,-2.4499319
65.60000000000001,-0.41396093,0.3723285,-0.4996548,-0.0026585755,-0.027841518,2.5170987,0.14939153,-0.0015433886,-0.004828808,0.0051862793,0.00027871403,0.12992074,-0.40339312,0.3691155,-0.5,2.506341,0.011050844565033913,0.304534912109375,0.010757684707641602,-2.0543164991556697,4.395413,-0.89579797,4.053071,-0.5534563,1.9889569,-2.4386897
65.7,-0.42575425,0.38101816,-0.49971893,-0.0025173808,-0.02786691,2.5308456,0.14640728,-0.0015290863,-0.0047228527,0.0052388497,-0.0006192453,0.13741633,-0.41707262,0.3790661,-0.5,2.5192294,0.00890281517058611,0.2997207045555115,0.011616230010986328,-2.0721351131797583,4.714322,-1.0421354,4.3019032,-0.62971723,1.9988817,-2.429935
65.8,-0.43742716,0.38938415,-0.49978176,-0.0023907549,-0.027978925,2.5453799,0.14353068,-0.0015823337,-0.0046332153,0.005315957,-0.0014858989,0.14528196,-0.43065828,0.3886756,-0.5,2.5328727,0.0068093640729784966,0.2949848473072052,0.012507200241088867,-2.0903049523627124,5.047276,-1.2083118,4.5642734,-0.72530985,2.0069149,-2.4228723
65.9,-0.4489804,0.3974339,-0.4998434,-0.0022774825,-0.028173765,2.5607398,0.14072728,-0.0017254548,-0.004559099,0.0054297154,-0.0023154684,0.15353438,-0.44414705,0.3979353,-0.5,2.547308,0.004861800465732813,0.2903044521808624,0.013431787490844725,-2.1088349726527635,5.397078,-1.3965381,4.840556,-0.84001696,2.0137775,-2.4168375
66.0,-0.46041325,0.40517455,-0.499904,-0.002175956,-0.028446902,2.5769658,0.1379819,-0.0019648594,-0.004499645,0.005586143,-0.0031007412,0.16218926,-0.4575359,0.40683687,-0.5,2.5625753,0.003324405523017049,0.2856691777706146,0.01439046859741211,-2.1277379429996186,5.7658114,-1.6087172,5.1314974,-0.97440374,2.0200095,-2.4113505
66.10000000000001,-0.47172564,0.41261363,-0.49996388,-0.0020844277,-0.028792905,2.5940998,0.13530082,-0.0023021528,-0.004453894,0.0057886513,-0.0038326967,0.17126043,-0.4708218,0.4153723,-0.5,2.5787165,0.002903199288994074,0.2810872197151184,0.015383243560791016,-2.147020431311752,6.1549497,-1.8470063,5.4376597,-1.1297172,2.0260315,-2.4060662
66.2,-0.48291484,0.41975573,-0.50002337,-0.002001462,-0.029206743,2.612184,0.13264279,-0.00272725,-0.004420658,0.0060359566,-0.0045151855,0.18075983,-0.48400176,0.42353398,-0.5,2.5957756,0.003931553103029728,0.2765180766582489,0.016408443450927734,-2.1667251165337658,6.5665274,-2.112134,5.761061,-1.3066682,2.0320773,-2.4008124
66.3,-0.4939975,0.42660892,-0.50008214,-0.0019279406,-0.029678985,2.631263,0.13019253,-0.00317122,-0.0043984153,0.0063067377,-0.0051041073,0.19069749,-0.49707282,0.43131447,-0.5,2.6137989,0.0056219580583274364,0.2721199691295624,0.017464160919189453,-2.1868912143283463,6.995952,-2.407568,6.1008306,-1.5124469,2.037639,-2.396102
66.4,-0.5050014,0.4331787,-0.50013983,-0.0018669689,-0.03019825,2.6513808,0.1280361,-0.0035679266,-0.0043850266,0.0065796296,-0.005580327,0.20108001,-0.51003206,0.43870682,-0.5,2.632834,0.007475757505744696,0.2679612934589386,0.01854681968688965,-2.207555956688908,7.4384727,-2.735648,6.45709,-1.7542652,2.0418282,-2.392872
66.5,-0.51595956,0.43946722,-0.5001956,-0.0018229358,-0.030752111,2.6725824,0.12620907,-0.0038791003,-0.0043780175,0.006841893,-0.005934245,0.21190935,-0.5228765,0.44570434,-0.5,2.652931,0.009315792471170425,0.2640731930732727,0.019651412963867188,-2.2287453309271004,7.890526,-3.0981896,6.830124,-2.0377877,2.0437353,-2.3920362
66.60000000000001,-0.5269016,0.44547132,-0.50024885,-0.0018005944,-0.031328607,2.6949122,0.12466797,-0.004091351,-0.004374942,0.007089213,-0.006171817,0.22318144,-0.53560334,0.4523008,-0.5,2.674141,0.011064533144235611,0.2604193389415741,0.020771265029907227,-2.2504811844774446,8.350836,-3.495656,7.2210937,-2.3659136,2.0426724,-2.3943095
66.7,-0.53785366,0.4511826,-0.5002988,-0.0018049101,-0.031916052,2.7184134,0.123369925,-0.0041914866,-0.004373441,0.0073182173,-0.006297381,0.23488507,-0.54820967,0.4584902,-0.5,2.696516,0.012678212486207485,0.25696510076522827,0.021897315979003906,-2.2727857465362398,8.818445,-3.9277472,7.6312604,-2.7405622,2.0380435,-2.4002907
66.8,-0.54884,0.45659044,-0.5003447,-0.0018403328,-0.03250234,2.743127,0.12230315,-0.0041835066,-0.0043713786,0.0075320723,-0.006308676,0.24700019,-0.5606926,0.46426696,-0.5,2.7201087,0.014125590212643147,0.2537108063697815,0.023018360137939453,-2.2956777783106066,9.292192,-4.3946233,8.060522,-3.1629522,2.029508,-2.4103205
66.9,-0.559883,0.4616818,-0.5003857,-0.0019107178,-0.03307502,2.7690916,0.121456236,-0.0040693036,-0.004366721,0.0077337245,-0.0062043904,0.25949663,-0.5730494,0.46962592,-0.5,2.7449713,0.015382210724055767,0.2506571114063263,0.024120330810546875,-2.3191692266830914,9.7705,-4.895987,8.508127,-3.6336124,2.0168781,-2.4245825
67.0,-0.57100165,0.46644053,-0.500421,-0.0020192177,-0.033621725,2.796341,0.12080232,-0.0038496612,-0.00435757,0.007926063,-0.005987417,0.27233282,-0.5852773,0.4745623,-0.5,2.7711546,0.01642969623208046,0.24778950214385986,0.02518630027770996,-2.343264900537156,10.251567,-5.4304442,8.973028,-4.1519036,2.0000927,-2.4431322
67.10000000000001,-0.58221054,0.47084704,-0.50044984,-0.0021682975,-0.034130316,2.8249035,0.12031032,-0.0035213267,-0.0043421923,0.00811065,-0.005662325,0.28545433,-0.59737355,0.47907156,-0.5,2.7987077,0.01725577376782894,0.24508875608444214,0.026195764541625973,-2.36796894777497,10.733073,-5.9953885,9.453782,-4.716095,1.9791716,-2.4659424
67.2,-0.5935239,0.4748794,-0.50047135,-0.0023597823,-0.034588154,2.8548012,0.119987935,-0.003076902,-0.004319005,0.008287375,-0.005226278,0.29879296,-0.6093353,0.48314968,-0.5,2.8276753,0.017849911004304886,0.24257326126098633,0.027125835418701175,-2.3932796711290507,11.211063,-6.587838,9.947423,-5.324196,1.9541593,-2.4929156
67.3,-0.6049546,0.47851363,-0.50048476,-0.002594645,-0.034982268,2.8860476,0.11984246,-0.0025129414,-0.004286663,0.00845673,-0.0046780123,0.31226572,-0.62116003,0.486793,-0.5,2.8580973,0.018204372376203537,0.24026265740394592,0.027950286865234375,-2.4191943812474297,11.680636,-7.204043,10.449693,-5.973097,1.9252247,-2.523854
67.4,-0.61651766,0.48172447,-0.500489,-0.0028729306,-0.035298664,2.9186459,0.119916745,-0.0018262224,-0.0042439536,0.0086184675,-0.0040092426,0.32577497,-0.6328449,0.48999828,-0.5,2.8900065,0.018310504034161568,0.2382124364376068,0.02863931655883789,-2.445701337619766,12.135184,-7.84018,10.954301,-6.659293,1.8926253,-2.5584395
67.5,-0.62822735,0.48448414,-0.50048316,-0.0031937668,-0.035523005,2.9525888,0.12022774,-0.0010111735,-0.0041898023,0.008770524,-0.0032179577,0.3392093,-0.6443875,0.49276257,-0.5,2.9234269,0.01816358044743538,0.23645292222499847,0.02916193008422852,-2.472773600545326,12.567245,-8.490997,11.454075,-7.3778234,1.8567073,-2.5962868
67.60000000000001,-0.64009213,0.4867633,-0.50046635,-0.0035546992,-0.035641626,2.987856,0.12074662,-8.079369e-05,-0.0041233916,0.008916018,-0.0023118295,0.35244408,-0.6557851,0.4950834,-0.5,2.9583707,0.01776823215186596,0.23497118055820465,0.029485225677490234,-2.500347933872483,12.970013,-9.149796,11.941249,-8.121029,1.8180817,-2.636735
67.7,-0.6520968,0.48853478,-0.5004387,-0.003949685,-0.03564524,3.0244138,0.12127642,0.00089156465,-0.0040446883,0.009077185,-0.0013348216,0.36534366,-0.6670351,0.49695867,-0.5,2.9948373,0.01715538091957569,0.2335888296365738,0.029576539993286133,-2.5283299078791255,13.342005,-9.806505,12.409499,-8.873995,1.7781972,-2.6783254
67.8,-0.6641948,0.48977932,-0.5004015,-0.0043680863,-0.035530813,3.0622141,0.12154128,0.0017992359,-0.003954774,0.009287137,-0.00034781333,0.3777643,-0.67813504,0.49838674,-0.5,3.0328093,0.016388362273573875,0.23204168677330017,0.029404878616333008,-2.5566280987708336,13.686228,-10.448225,12.853857,-9.615849,1.7393708,-2.7187815
67.9,-0.6763252,0.49048638,-0.50035655,-0.004796627,-0.035298698,3.1011941,0.12142188,0.0025874677,-0.003855316,0.00956156,0.0006195617,0.38955948,-0.6890824,0.49936628,-0.5,3.0722516,0.015547522343695164,0.2302100956439972,0.028942584991455078,-2.5851566934077774,14.002774,-11.062221,13.268146,-10.327585,1.7039001,-2.7558155
68.0,-0.688425,0.49065253,-0.500306,-0.005221194,-0.03495114,3.1412761,0.12090898,0.0032446205,-0.0037481359,0.009899856,0.0015541444,0.40058365,-0.6998747,0.49989644,-0.5,3.1131084,0.014718660153448582,0.22807972133159637,0.028167724609374997,-2.573054340407218,14.288086,-11.636483,13.645074,-10.993465,1.6736698,-2.7875547
68.10000000000001,-0.700433,0.4902802,-0.5002518,-0.005628043,-0.034492493,-3.1008162,0.12002445,0.003780273,-0.0036349213,0.0102910455,0.0024421853,0.41069686,-0.71050954,0.49997672,-0.5,-3.1278834,0.013986497186124325,0.22566743195056915,0.02706718444824219,-2.559795055622298,14.536789,-12.159251,13.977387,-11.599843,1.6500394,-2.8126006
68.2,-0.71229494,0.48937637,-0.5001959,-0.0060047004,-0.03392854,-3.058817,0.118837655,0.004215093,-0.0035173432,0.010717172,0.0032771034,0.41976866,-0.7209845,0.49960706,-0.5,-3.084454,0.013424389995634556,0.2230396568775177,0.025637149810791016,-2.545736034205012,14.742124,-12.62004,14.257666,-12.135576,1.6338605,-2.8300683
68.3,-0.7239654,0.48794943,-0.5001398,-0.006341188,-0.03326626,-3.0160272,0.11743627,0.00459187,-0.0033969781,0.01115025,0.0040547866,0.4276826,-0.7312973,0.4987878,-0.5,-3.0399132,0.013086116872727871,0.22028474509716034,0.02388596534729004,-2.5309312863744315,14.89627,-13.009335,14.479354,-12.592413,1.6253135,-2.8397272
68.4,-0.7354087,0.4860037,-0.50008476,-0.006631738,-0.032513384,-2.972573,0.11592303,0.004993922,-0.0032752976,0.0115474025,0.0047746412,0.43434003,-0.74144554,0.49751964,-0.5,-2.994407,0.013002589344978333,0.21751348674297333,0.02183389663696289,-2.515443633851864,14.989892,-13.318179,14.637872,-12.966151,1.6236459,-2.8423233
68.5,-0.74659705,0.48354146,-0.5000317,-0.0068739727,-0.031678364,-2.9285882,0.11438794,0.0054718093,-0.003153601,0.011876103,0.005434632,0.43966186,-0.75142694,0.49580374,-0.5,-2.9481034,0.013179241679608822,0.21482747793197632,0.019515275955200192,-2.4993422909596905,15.015129,-13.539824,14.729556,-13.254243,1.6277065,-2.838982
68.60000000000001,-0.75750846,0.4805648,-0.4999814,-0.0070681395,-0.030770348,-2.884212,0.11289967,0.0060484377,-0.003033093,0.012113615,0.006031079,0.4435907,-0.7612393,0.49364167,-0.5,-2.9011872,0.013598677702248096,0.21230736374855042,0.01697516441345215,-2.4827025223174974,14.966526,-13.669953,14.751917,-13.455338,1.636242,-2.8309765
68.7,-0.7681261,0.4770768,-0.4999344,-0.00721639,-0.029798819,-2.8395875,0.11151919,0.0067250566,-0.0029148236,0.012246471,0.0065624462,0.44609225,-0.77088034,0.49103534,-0.5,-2.8538573,0.014227833598852158,0.2100239098072052,0.014269828796386719,-2.4656027421612854,14.841025,-13.706963,14.703578,-13.5695095,1.6480308,-2.8195662
68.8,-0.77843714,0.47308233,-0.49989104,-0.0073221806,-0.028773457,-2.7948582,0.11028868,0.0074884812,-0.0027996246,0.012268892,0.0070269816,0.44715554,-0.78034794,0.48798713,-0.5,-2.8063219,0.015027176588773727,0.208025261759758,0.011463642120361328,-2.448126520269528,14.63809,-13.651627,14.584681,-13.59821,1.6619425,-2.805918
68.9,-0.788434,0.46858785,-0.4998515,-0.007389822,-0.02770344,-2.7501671,0.109259635,0.008317675,-0.00268818,0.012180976,0.0074289152,0.44679207,-0.78964,0.48449975,-0.5,-2.758792,0.015958232805132866,0.20636390149593353,0.008624792098999022,-2.430355391861405,14.359044,-13.507453,14.396434,-13.544836,1.6769686,-2.791088
69.0,-0.7981118,0.4636015,-0.49981585,-0.007424192,-0.026597755,-2.7056537,0.108449236,0.009190012,-0.0025808804,0.011986523,0.0077683614,0.44503495,-0.7987544,0.48057637,-0.5,-2.7114768,0.01698802225291729,0.2050538808107376,0.0058231353759765625,-2.412367672287542,14.007501,-13.279476,14.14205,-13.41402,1.6922073,-2.77603
69.10000000000001,-0.80746627,0.4581337,-0.4997842,-0.007430472,-0.025465224,-2.6614513,0.10785483,0.010082534,-0.002477902,0.011692587,0.008044532,0.44193682,-0.807689,0.4762205,-0.5,-2.6645777,0.018089449033141136,0.20408563315868378,0.003126382827758789,-2.394228698579027,13.589071,-12.973971,13.826568,-13.211462,1.7068709,-2.7615879
69.2,-0.8164884,0.4522088,-0.4997568,-0.007411315,-0.024316708,-2.617688,0.10735922,0.010894186,-0.0023796572,0.011334836,0.008234094,0.4375663,-0.81644195,0.47143605,-0.5,-2.6182835,0.01922886073589325,0.2033129781484604,0.0005955696105957032,-2.375987442873382,13.115926,-12.598227,13.456751,-12.939046,1.7211089,-2.7477045
69.3,-0.8251591,0.4458841,-0.4997345,-0.007362711,-0.023168301,-2.574482,0.10669086,0.011404566,-0.0022869925,0.010991291,0.008282603,0.43200573,-0.8250112,0.46622732,-0.5,-2.572766,0.02034548483788967,0.20239704847335815,-0.0017158985137939453,-2.3577086483048255,12.610469,-12.160195,13.040803,-12.590524,1.7369356,-2.7325113
69.4,-0.83346105,0.4392385,-0.499718,-0.0072764424,-0.022038814,-2.5319426,0.105699435,0.0114714615,-0.0022003164,0.010717454,0.008163385,0.42535126,-0.8333948,0.46059906,-0.5,-2.5281768,0.021362541243433952,0.20112739503383636,-0.00376582145690918,-2.339472372679035,12.094381,-11.668703,12.587467,-12.161784,1.7567611,-2.713631
69.5,-0.84138733,0.4323608,-0.49970806,-0.00714214,-0.02094809,-2.4901683,0.104340486,0.011018123,-0.0021199798,0.010548829,0.007868034,0.4177095,-0.84159094,0.45455626,-0.5,-2.4846454,0.022198311984539032,0.19941005110740662,-0.005522966384887695,-2.321368090175442,11.586223,-11.133459,12.105328,-11.652559,1.7828159,-2.6888003
69.60000000000001,-0.84894305,0.425338,-0.4997048,-0.006950006,-0.019915983,-2.4492462,0.102643415,0.0100496,-0.0020463064,0.01049312,0.007398743,0.4091948,-0.8495977,0.4481044,-0.5,-2.4422772,0.022777732461690903,0.19724833965301514,-0.006968975067138672,-2.303484416675335,11.100123,-10.5637665,11.603489,-11.067128,1.8165444,-2.6564507
69.7,-0.856142,0.41824788,-0.4997083,-0.006693027,-0.018962413,-2.4092512,0.10065234,0.00863631,-0.0019799056,0.010534643,0.006756409,0.39992648,-0.8574133,0.44124928,-0.5,-2.401155,0.023038355633616447,0.1946878880262375,-0.008096218109130858,-2.2859250693638336,10.646407,-9.967161,11.09237,-10.41312,1.8583819,-2.616012
69.8,-0.86301166,0.41113123,-0.499718,-0.006372078,-0.018102266,-2.3702464,0.09864703,0.007001671,-0.0019212251,0.010605315,0.00599116,0.39002743,-0.86503595,0.43399706,-0.5,-2.3613386,0.02295699343085289,0.19205829501152039,-0.008907794952392578,-2.268785772905659,10.223376,-9.351402,10.581092,-9.709115,1.9065864,-2.5690322
69.9,-0.8695914,0.40398702,-0.49973297,-0.005995745,-0.017344188,-2.3322823,0.09695887,0.0053665326,-0.0018707032,0.010635312,0.0051619224,0.37961906,-0.872464,0.4263543,-0.5,-2.3228672,0.022552555426955223,0.18974189460277557,-0.009415149688720703,-2.2521312929101276,9.823167,-8.725483,10.07613,-8.978443,1.9581084,-2.5183933
70.0,-0.8759211,0.39678952,-0.49975207,-0.0055770525,-0.016693555,-2.2953982,0.09575316,0.0038587814,-0.0018288401,0.010583859,0.0042950935,0.36881834,-0.8796958,0.4183278,-0.5,-2.2857604,0.021867960691452026,0.18793466687202454,-0.009637832641601564,-2.2360030832079882,9.440335,-8.097543,9.583287,-8.240492,2.0099044,-2.4670439
70.10000000000001,-0.88203603,0.38949984,-0.49977434,-0.005130984,-0.016153563,-2.2596219,0.09509763,0.00254223,-0.0017962012,0.01043273,0.003404865,0.3577369,-0.8867296,0.40992486,-0.5,-2.250021,0.02095857821404934,0.18671831488609314,-0.009600877761840819,-2.2204221226756253,9.072057,-7.474817,9.107529,-7.510286,2.0594263,-2.4174922
70.2,-0.8879634,0.38207585,-0.49979898,-0.004672657,-0.015726307,-2.224971,0.094972596,0.001439373,-0.0017732992,0.010180358,0.0024948167,0.34647998,-0.89356387,0.40115303,-0.5,-2.2156377,0.01988326758146286,0.18607886135578156,-0.009333372116088867,-2.2053938065591048,8.718026,-6.8630214,8.653584,-6.798576,2.1047719,-2.3716247
70.3,-0.89372164,0.37447983,-0.49982542,-0.0042156996,-0.015413435,-2.1914535,0.09530156,0.00053588266,-0.001760783,0.009840445,0.0015627115,0.33514577,-0.90019715,0.39202017,-0.5,-2.1825871,0.01869828999042511,0.1859355866909027,-0.008866310119628906,-2.1909142982425465,8.380062,-6.266603,8.225614,-6.112152,2.144766,-2.3306277
70.4,-0.8993215,0.36668083,-0.49985328,-0.0037716965,-0.015216132,-2.1590676,0.09599586,-0.00019069186,-0.001759273,0.009431597,0.00060790457,0.32382488,-0.9066279,0.38253453,-0.5,-2.150836,0.017456943169236183,0.18619407713413239,-0.008231639862060547,-2.1769780269341497,8.060504,-5.6889095,7.8270497,-5.455454,2.178767,-2.2951734
70.5,-0.90477175,0.3586563,-0.4998823,-0.0033486888,-0.015134659,-2.1278043,0.0969856,-0.00080396724,-0.0017693135,0.008986979,-0.00036430047,0.31259903,-0.9128546,0.37270463,-0.5,-2.1203432,0.016208095476031303,0.18675494194030762,-0.007461071014404297,-2.1635778292934003,7.762649,-5.1338925,7.459032,-4.830273,2.2069263,-2.2650993
70.60000000000001,-0.91008157,0.35039222,-0.49991235,-0.0029508283,-0.01516847,-2.0976465,0.09820304,-0.0013778077,-0.0017914708,0.008542723,-0.001347894,0.30154148,-0.918876,0.36253932,-0.5,-2.0910616,0.014996721409261227,0.18751364946365356,-0.006584882736206055,-2.1507063976393024,7.490304,-4.605364,7.1212397,-4.236298,2.230062,-2.239567
70.7,-0.9152605,0.34188,-0.49994332,-0.002579294,-0.015315818,-2.0685709,0.0996035,-0.0019605237,-0.001826418,0.008125498,-0.0023313356,0.29071695,-0.92469054,0.35204774,-0.5,-2.0629401,0.013867666013538837,0.18839748203754425,-0.0056307315826416016,-2.1383507319286554,7.2460713,-4.106401,6.812637,-3.672965,2.2492278,-2.2175236
70.8,-0.92031646,0.33311814,-0.49997526,-0.0022329825,-0.015574755,-2.0405486,0.101109736,-0.0025838814,-0.001874873,0.007754776,-0.0033120613,0.28018165,-0.93029714,0.34123936,-0.5,-2.035925,0.012867354787886143,0.18931573629379272,-0.0046236515045166016,-2.126497854871316,7.032426,-3.6382477,6.5327716,-3.1385922,2.2655396,-2.1978726
70.9,-0.92525584,0.3241086,-0.50000834,-0.0019095171,-0.015942724,-2.013546,0.10267744,-0.0032558863,-0.0019375375,0.0074400594,-0.004282565,0.26998344,-0.93569434,0.33012387,-0.5,-2.00996,0.012047650292515755,0.19021962583065033,-0.0035860538482666016,-2.1151333285166105,6.850375,-3.2012532,6.281011,-2.6318882,2.279958,-2.1796796
71.0,-0.93008333,0.3148544,-0.50004286,-0.001605994,-0.016416455,-1.9875256,0.10428236,-0.0039695217,-0.002015035,0.007183429,-0.0052340915,0.26016214,-0.9408811,0.3187113,-0.5,-1.9849887,0.011465978808701038,0.19108673930168152,-0.0025368928909301758,-2.1042388601343838,6.6995974,-2.7951095,6.0564785,-2.1519897,2.293228,-2.1622467
71.10000000000001,-0.9348019,0.3053609,-0.500079,-0.001319276,-0.016992498,-1.9624463,0.105889395,-0.004716378,-0.0021078533,0.006984128,-0.0061631575,0.25074977,-0.9458561,0.3070119,-0.5,-1.9609543,0.011177107691764832,0.1918879896402359,-0.001492023468017578,-2.0938001858213577,6.57951,-2.4186993,5.8583903,-1.6975785,2.3059235,-2.1450193
71.2,-0.93941283,0.29562625,-0.5001171,-0.0010472437,-0.017665464,-1.9382647,0.1075541,-0.00545681,-0.0022162483,0.0068291724,-0.007048634,0.24177139,-0.9506183,0.29503623,-0.5,-1.9378009,0.01122162863612175,0.19268696010112762,-0.00046384334564208984,-2.083821793558341,6.486108,-2.0716474,5.6846137,-1.2701527,2.3182,-2.1279168
71.3,-0.94391733,0.2856061,-0.50015664,-0.00079273246,-0.018420756,-1.9149357,0.109670766,-0.006037718,-0.0023391845,0.0066660927,-0.0077971746,0.23324658,-0.95516664,0.28279504,-0.5,-1.9154731,0.011596263386309147,0.1938854455947876,0.000537395477294922,-2.0742762382481224,6.40333,-1.7576716,5.528269,-0.8826098,2.328724,-2.11231
71.4,-0.94830996,0.27523562,-0.50019646,-0.0005618032,-0.019239493,-1.8924124,0.11241767,-0.006360113,-0.0024744757,0.0064580007,-0.008365878,0.22518717,-0.9595,0.27029935,-0.5,-1.8939173,0.01223204005509615,0.19567793607711792,0.0015048980712890625,-2.0651158887293883,6.3166904,-1.4790876,5.383593,-0.54598975,2.3358057,-2.099977
71.5,-0.9525779,0.2644477,-0.5002352,-0.00036168593,-0.020101415,-1.8706481,0.11581005,-0.0063886573,-0.0026192428,0.006188255,-0.008741484,0.21759783,-0.96361756,0.2575604,-0.5,-1.8730812,0.013014009222388268,0.19809149205684662,0.0024330615997314453,-2.0562801117341722,6.216392,-1.2366636,5.246422,-0.2666931,2.338046,-2.0924356
71.60000000000001,-0.9567016,0.2531872,-0.50027126,-0.00019917385,-0.02098718,-1.8495958,0.11972934,-0.006134775,-0.0027702672,0.005856662,-0.008933764,0.21047804,-0.96751827,0.24458967,-0.5,-1.8529141,0.013819988816976547,0.20102067291736603,0.003318309783935547,-2.047707041115496,6.097759,-1.0292498,5.1146274,-0.04611832,2.3345644,-2.0906625
71.7,-0.9606578,0.24141797,-0.5003033,-7.938272e-05,-0.021879181,-1.8292089,0.12400142,-0.0056444723,-0.0029244367,0.0054762526,-0.008960613,0.20382328,-0.9712013,0.23139882,-0.5,-1.8333671,0.01454789936542511,0.2042969912290573,0.0041582584381103516,-2.0393403196316617,5.9600854,-0.85477567,4.9872313,0.11807872,2.3251185,-2.0950263
71.8,-0.96442354,0.22912411,-0.5003301,-4.799167e-06,-0.022761745,-1.8094413,0.12844323,-0.0049905707,-0.0030788376,0.005070445,-0.008841335,0.19762641,-0.9746658,0.21799974,-0.5,-1.8143934,0.015124979428946972,0.20772972702980042,0.004952073097229004,-2.0311534954617794,5.805548,-0.7111492,4.8635025,0.23089686,2.3101032,-2.1052232
71.9,-0.96797734,0.21631251,-0.5003508,2.4747003e-05,-0.023621945,-1.7902485,0.13284682,-0.0042462572,-0.0032309066,0.004663713,-0.008602915,0.19187877,-0.97791106,0.20440447,-0.5,-1.7959476,0.01551138423383236,0.21110957860946655,0.005699038505554199,-2.0230418468864304,5.6386676,-0.59531575,4.7439466,0.2994055,2.2903557,-2.1205163
72.0,-0.9713008,0.20301045,-0.50036484,1.1856661e-05,-0.024449611,-1.7715862,0.13702364,-0.0034792474,-0.003378486,0.0042790812,-0.008272038,0.18657099,-0.9809362,0.19062525,-0.5,-1.7779862,0.015696123242378235,0.2142467498779297,0.006399989128112793,-2.0150156200151796,5.4651423,-0.5037603,4.62975,0.3316321,2.266963,-2.1398723
72.10000000000001,-0.9743803,0.18925782,-0.5003724,-3.884319e-05,-0.025236266,-1.7534115,0.14086136,-0.0027481096,-0.0035199232,0.0039362153,-0.007864406,0.18169332,-0.9837407,0.17667447,-0.5,-1.7604674,0.01568744331598282,0.21701720356941223,0.007055878639221191,-2.0070651902781274,5.290174,-0.4338265,4.521463,0.3348848,2.241173,-2.16213
72.2,-0.9772071,0.17510256,-0.50037354,-0.000121476165,-0.025974978,-1.7356821,0.14428622,-0.002091846,-0.0036537491,0.0036474068,-0.0073940055,0.17723618,-0.9863239,0.16256471,-0.5,-1.743351,0.015506538562476635,0.21933960914611816,0.007668852806091309,-1.999167542251825,5.1182055,-0.3830383,4.4195857,0.31558123,2.2141433,-2.186138
72.3,-0.97977674,0.16059427,-0.5003688,-0.00022958578,-0.026659632,-1.7183573,0.1472844,-0.0015332379,-0.0037788488,0.00341854,-0.006867568,0.17318985,-0.9886851,0.14830865,-0.5,-1.7265981,0.015179947949945927,0.22118954360485077,0.008240818977355957,-1.9913117310189896,4.952314,-0.34971395,4.3240557,0.27854422,2.1868935,-2.2109194
72.4,-0.98208773,0.14578539,-0.50035864,-0.00035657722,-0.027285768,-1.7013966,0.14982666,-0.0010851928,-0.0038942094,0.003251199,-0.0063002855,0.16954486,-0.99082386,0.1339191,-0.5,-1.7101716,0.014739654026925564,0.22253717482089996,0.008774995803833008,-1.9834933241381205,4.795523,-0.33168834,4.235423,0.22841138,2.1602592,-2.23563
72.5,-0.984141,0.13072526,-0.50034386,-0.00049639045,-0.027849654,-1.684761,0.15194003,-0.00074316084,-0.003999078,0.0031404512,-0.005698163,0.16629189,-0.99273974,0.11940906,-0.5,-1.694035,0.014216648414731026,0.22340722382068634,0.009274005889892578,-1.975711068163723,4.6493297,-0.32742098,4.1538153,0.16809297,2.134816,-2.259686
72.60000000000001,-0.9859384,0.115455136,-0.50032496,-0.00064396637,-0.028347475,-1.6684122,0.15370041,-0.0004903486,-0.0040927758,0.0030767347,-0.0050593414,0.16342205,-0.9944322,0.10479155,-0.5,-1.6781538,0.013636823743581772,0.2238694131374359,0.009741544723510742,-1.9679650807635147,4.513369,-0.33629954,4.0785418,0.098527946,2.1108508,-2.2827663
72.7,-0.9874821,0.100004934,-0.50030226,-0.00079550245,-0.028774766,-1.6523129,0.155215,-0.00030315874,-0.0041746297,0.0030478027,-0.004376532,0.1609266,-0.9959009,0.09007974,-0.5,-1.6624936,0.013018371537327766,0.2240207940340042,0.01018071174621582,-1.96025203232225,4.3856945,-0.3587195,4.0080686,0.018906547,2.0883944,-2.3048024
72.8,-0.9887732,0.08439436,-0.50027597,-0.00094857055,-0.029126558,-1.6364262,0.15658146,-0.00015389475,-0.0042438945,0.0030400145,-0.0036442468,0.15879719,-0.9971456,0.07528686,-0.5,-1.6470214,0.012374135665595531,0.2239530384540558,0.010595202445983887,-1.9525637601774988,4.263519,-0.3954055,3.940657,-0.07254381,2.067267,-2.325973
72.9,-0.98981154,0.06863638,-0.50024605,-0.0011017991,-0.029397894,-1.6207168,0.15786324,-2.262579e-05,-0.0042996877,0.0030427037,-0.0028623117,0.1570257,-0.99816597,0.06042622,-0.5,-1.6317052,0.011715958826243877,0.22372610867023468,0.010988354682922365,-1.9448940370353573,4.1444836,-0.4469855,3.8749034,-0.1774055,2.0472069,-2.346504
73.0,-0.99059606,0.05273372,-0.50021213,-0.0012546199,-0.029582689,-1.6051494,0.15916112,0.000105135296,-0.0043411865,0.0030476206,-0.0020193928,0.15560463,-0.9989617,0.04551121,-0.5,-1.6165129,0.011054114438593388,0.22342371940612793,0.011363506317138672,-1.9372303221107952,4.025334,-0.5153742,3.8082302,-0.29827088,2.0279365,-2.366634
73.10000000000001,-0.99112236,0.036682792,-0.50017387,-0.0014076309,-0.029674312,-1.5896897,0.16053636,0.00025821564,-0.0043675452,0.0030426008,-0.0011101068,0.15452747,-0.99953264,0.030555237,-0.5,-1.6014135,0.010407203808426857,0.22310905158519745,0.011723756790161135,-1.9295359887303392,3.9025674,-0.60187143,3.738848,-0.43815252,2.0090175,-2.3867972
73.2,-0.991382,0.02049842,-0.5001315,-0.0015625634,-0.029670577,-1.574304,0.16180523,0.00046799696,-0.0043780566,0.0030155957,-0.00017913699,0.15378885,-0.9998787,0.015571769,-0.5,-1.5863763,0.009822581894695759,0.22266624867916107,0.012072324752807617,-1.9217800720234064,3.7775347,-0.70233184,3.6706948,-0.5954925,1.9898757,-2.4075909
73.3,-0.9913655,0.0042090886,-0.50008565,-0.00172148,-0.029572219,-1.558959,0.16283363,0.0007430245,-0.0043726973,0.0029631413,0.0007439277,0.15338467,-0.9999998,0.00057428743,-0.5,-1.5713706,0.00936860404908657,0.22200317680835724,0.01241159439086914,-1.9139369189094433,3.6529093,-0.8125492,3.608015,-0.76765543,1.9700594,-2.4294937
73.4,-0.9910646,-0.012147796,-0.50003725,-0.001886371,-0.029381974,-1.5436213,0.16353579,0.0010803589,-0.0043518553,0.002886118,0.0016385291,0.1533127,-0.99989593,-0.014423711,-0.5,-1.5563661,0.009119946509599686,0.22105719149112701,0.012744784355163574,-1.9059882296758368,3.5315964,-0.9290626,3.5544233,-0.95189005,1.9492435,-2.452799
73.5,-0.9904726,-0.028533293,-0.49998748,-0.002059017,-0.02910333,-1.528258,0.16389918,0.0014736789,-0.004316338,0.0027869516,0.002496749,0.15357238,-0.9995671,-0.029408729,-0.5,-1.5413324,0.009136523120105267,0.21981827914714813,0.013074398040771486,-1.8979180503137603,3.41556,-1.0499272,3.5121627,-1.1465305,1.9272255,-2.4776988
73.60000000000001,-0.98958576,-0.04490909,-0.4999374,-0.0022405998,-0.028740292,-1.5128356,0.16393209,0.0019053128,-0.0042670714,0.0026719386,0.0033129381,0.15416469,-0.99901336,-0.044367284,-0.5,-1.5262388,0.009443370625376701,0.2182842195034027,0.013403177261352539,-1.8897125092317089,3.3066185,-1.1743299,3.4824562,-1.3501681,1.9039804,-2.5042012
73.7,-0.9884024,-0.061239738,-0.4998879,-0.0024318607,-0.028297035,-1.497321,0.16366434,0.0023626527,-0.004204999,0.0025457349,0.0040851,0.15509206,-0.9982348,-0.059285905,-0.5,-1.5110548,0.01002525631338358,0.2164718359708786,0.013733744621276857,-1.8813574015239056,3.206037,-1.3021626,3.4659572,-1.5620834,1.8795395,-2.5322487
73.8,-0.9869224,-0.07749326,-0.49984,-0.0026333008,-0.027777804,-1.48168,0.16313143,0.0028393096,-0.0041310354,0.0024109157,0.004812068,0.15635845,-0.99723166,-0.07415118,-0.5,-1.4957491,0.010838649235665798,0.21440596878528595,0.014069080352783201,-1.872835229365007,3.114601,-1.4335929,3.4631195,-1.782112,1.8539282,-2.5617967
73.9,-0.98514605,-0.09363856,-0.49979442,-0.0028453656,-0.027187472,-1.4658786,0.16234323,0.0033344235,-0.0040460033,0.0022680957,0.005487364,0.1579689,-0.99600416,-0.08894972,-0.5,-1.48029,0.011829042807221413,0.21209681034088135,0.014411449432373047,-1.8641284583143893,3.0333133,-1.5683439,3.4750092,-2.0100403,1.8271149,-2.5928423
74.0,-0.9830752,-0.10964615,-0.49975193,-0.0030682802,-0.02653128,-1.4498816,0.16131626,0.0038416055,-0.003950793,0.0021195163,0.006106895,0.15992957,-0.9945526,-0.10366821,-0.5,-1.4646454,0.012943269684910774,0.20955543220043182,0.014763832092285156,-1.8552226938405987,2.963273,-1.7064662,3.5024803,-2.245674,1.7991052,-2.6253428
74.10000000000001,-0.9807127,-0.12549196,-0.49971303,-0.0033019525,-0.025813948,-1.4336532,0.16010477,0.0043510557,-0.0038463457,0.0019683603,0.0066755204,0.16224761,-0.99287724,-0.118293405,-0.5,-1.4487822,0.014137801714241505,0.2068161964416504,0.0151289701461792,-1.8461000005895891,2.904925,-1.8491976,3.5453484,-2.4896214,1.7699666,-2.6591918
74.2,-0.97806203,-0.14115468,-0.49967813,-0.003546096,-0.025040207,-1.417157,0.1587364,0.0048569203,-0.00373348,0.0018164004,0.0071928576,0.16493125,-0.9909785,-0.13281214,-0.5,-1.4326664,0.015379727818071842,0.20389680564403534,0.015509366989135742,-1.8367422326624216,2.8588986,-1.9976072,3.6037316,-2.7424407,1.7397712,-2.694274
74.3,-0.9751282,-0.1566156,-0.49964753,-0.003799963,-0.024214692,-1.4003556,0.1572364,0.005345504,-0.0036130217,0.001667994,0.007659485,0.16798949,-0.98885673,-0.14721137,-0.5,-1.4162633,0.01664443127810955,0.20080682635307312,0.015907764434814453,-1.827128655854603,2.8261795,-2.1531591,3.6775377,-3.004518,1.708695,-2.7303753
74.4,-0.9719154,-0.17185739,-0.49962142,-0.004062973,-0.023342064,-1.3832105,0.1556193,0.0058225244,-0.003485738,0.001521127,0.008074924,0.17143266,-0.98651254,-0.1614781,-0.5,-1.3995368,0.017915042117238045,0.19756226241588593,0.016326308250427246,-1.8172250280184876,2.8074248,-2.3167567,3.7673876,-3.27672,1.6767837,-2.767411
74.5,-0.9684499,-0.18684043,-0.49960047,-0.0043289387,-0.022432841,-1.3656824,0.15362786,0.0061194766,-0.0033522407,0.0014314111,0.0083801765,0.17526945,-0.9839463,-0.17559953,-0.5,-1.3824496,0.019148286432027817,0.19386959075927734,0.016767263412475586,-1.8070146719958635,2.81503,-2.4886935,3.8749974,-3.5486615,1.6458585,-2.8035336
74.60000000000001,-0.96478015,-0.20150837,-0.49958557,-0.0045860093,-0.02150236,-1.3477306,0.15104459,0.0060666148,-0.003213543,0.0014560279,0.0085277995,0.17951031,-0.9811588,-0.18956292,-0.5,-1.364963,0.020276231691241264,0.18946458399295807,0.017232418060302734,-1.7965023368511346,2.8648298,-2.6696205,4.002035,-3.8068266,1.6188147,-2.8357809
74.7,-0.9609676,-0.21580243,-0.49957737,-0.0048192376,-0.020567935,-1.3293136,0.14780068,0.0055735433,-0.0030710762,0.0016275037,0.008499756,0.18416853,-0.9781505,-0.20335571,-0.5,-1.347037,0.021221473813056946,0.18424299359321594,0.01772332191467285,-1.7857033020727038,2.9692953,-2.8607702,4.1496634,-4.041139,1.5985178,-2.8611557
74.8,-0.9570765,-0.22967048,-0.49957618,-0.0050133686,-0.019647248,-1.3103878,0.1439317,0.004631821,-0.0029266016,0.0019510541,0.008294874,0.18925959,-0.97492206,-0.21696551,-0.5,-1.3286297,0.021910278126597404,0.1782315969467163,0.01824188232421875,-1.7746372521284666,3.1360674,-3.063231,4.3191643,-4.2463284,1.5871505,-2.877323
74.9,-0.95316625,-0.24307421,-0.4995818,-0.0051548593,-0.018757036,-1.2909083,0.13955814,0.0032872215,-0.0027822054,0.0024120356,0.007925631,0.19479981,-0.97147435,-0.23038004,-0.5,-1.309698,0.022282354533672333,0.1715523898601532,0.018789649009704593,-1.7633174925376962,3.3681483,-3.2783935,4.511489,-4.4217343,1.586023,-2.8828278
75.0,-0.94928634,-0.25598827,-0.49959376,-0.005233549,-0.017913215,-1.2708284,0.1348073,0.0016278019,-0.0026401414,0.0029792893,0.0074031805,0.20080532,-0.967808,-0.24358726,-0.5,-1.2901967,0.02229354903101921,0.16436365246772766,0.019368290901184082,-1.7517516499499521,3.6653526,-3.506776,4.728432,-4.569856,1.5954828,-2.877214
75.10000000000001,-0.94547355,-0.26840135,-0.49961135,-0.0052434723,-0.017130349,-1.2500998,0.1298304,-0.00024068604,-0.0025028735,0.0036137311,0.0067438916,0.20729099,-0.96392393,-0.25657526,-0.5,-1.2700787,0.021918579936027527,0.15685103833675385,0.01997888088226318,-1.7399397182763567,4.0247903,-3.748831,4.9718223,-4.6958632,1.6150477,-2.8609114
75.2,-0.9417453,-0.28031844,-0.4996336,-0.0051843426,-0.016420403,-1.2286731,0.12482564,-0.0021717416,-0.0023728344,0.004261589,0.005976015,0.21427006,-0.95982295,-0.26933235,-0.5,-1.2492956,0.02115728333592415,0.14925770461559296,0.02062249183654785,-1.7278758290271108,4.439372,-4.004868,5.2434955,-4.808992,1.6431565,-2.8354592
75.3,-0.9380902,-0.29176912,-0.4996595,-0.005063152,-0.01578973,-1.2064978,0.12011218,-0.0039718878,-0.0022521543,0.004853023,0.0051571624,0.22175321,-0.955506,-0.28184706,-0.5,-1.2277967,0.020046794787049294,0.1419258713722229,0.021298885345458984,-1.7155279767610223,4.8953395,-4.276703,5.543535,-4.9248986,1.6769855,-2.8037229
75.4,-0.93447983,-0.3027929,-0.499688,-0.004891303,-0.015242033,-1.1835228,0.11584816,-0.005531914,-0.0021421332,0.005346024,0.004313802,0.22974578,-0.95097417,-0.29410815,-0.5,-1.2055299,0.018643639981746674,0.1350277066230774,0.022007107734680176,-1.702847313171212,5.3817472,-4.565964,5.872137,-5.056355,1.7136667,-2.7686434
75.5,-0.9308792,-0.31342775,-0.4997182,-0.0046820617,-0.014780436,-1.1596972,0.112053275,-0.0068139094,-0.0020435455,0.00572377,0.003450674,0.23824757,-0.94622827,-0.30610454,-0.5,-1.1824417,0.017008919268846512,0.12859679758548737,0.02274453639984131,-1.68978405191507,5.8922663,-4.8734684,6.230193,-5.2113957,1.7508197,-2.7326698
75.60000000000001,-0.9272508,-0.3237099,-0.4997495,-0.004448946,-0.014406851,-1.1349707,0.10873775,-0.007819805,-0.0019569488,0.00598571,0.0025782296,0.24725294,-0.9412695,-0.31782547,-0.5,-1.1584768,0.015205713920295238,0.12262611836194992,0.02350616455078125,-1.6762845858125435,6.422533,-5.2007565,6.6175976,-5.3958216,1.7866337,-2.6977174
75.7,-0.9235602,-0.33366895,-0.49978143,-0.0042045093,-0.014122913,-1.109294,0.10584536,-0.008578522,-0.0018824788,0.0061434447,0.0016971395,0.2567503,-0.936099,-0.32926038,-0.5,-1.1335793,0.013293025083839893,0.11705237627029419,0.024285197257995605,-1.6622981106180228,6.9707904,-5.548566,7.0345902,-5.612366,1.8198653,-2.6650672
75.8,-0.91977626,-0.34332785,-0.49981368,-0.0039599827,-0.013929657,-1.0826198,0.10331926,-0.009122022,-0.0018201506,0.0062123155,0.00081113295,0.2667214,-0.9307178,-0.34039897,-0.5,-1.1076922,0.011328323744237423,0.11181162297725677,0.025072455406188965,-1.6477790425492096,7.536003,-5.917125,7.481235,-5.8623576,1.849695,-2.6355908
75.9,-0.9158707,-0.35270548,-0.499846,-0.0037251126,-0.01382693,-1.0549033,0.1011256,-0.009482332,-0.001769783,0.006209389,-7.019764e-05,0.27714005,-0.92512727,-0.35123122,-0.5,-1.0807594,0.009374471381306648,0.10685186088085175,0.0258561372756958,-1.6326826762810664,8.116902,-6.306577,7.956788,-6.146464,1.8755994,-2.6098294
76.0,-0.91182023,-0.36181408,-0.49987835,-0.0035079771,-0.013814138,-1.0261033,0.099199004,-0.009694243,-0.0017310735,0.0061533824,-0.0009448108,0.2879707,-0.9193285,-0.36174738,-0.5,-1.0527247,0.007509559392929077,0.10210711508989334,0.026621460914611816,-1.6169685125375588,8.712833,-6.715872,8.46055,-6.4635897,1.8973372,-2.5880404
76.10000000000001,-0.907608,-0.37065881,-0.49991062,-0.003314824,-0.013890571,-0.99618334,0.09746011,-0.009796494,-0.0017037377,0.0060645877,-0.0018138094,0.29916692,-0.913323,-0.371938,-0.5,-1.0235338,0.005857102572917938,0.0975060760974884,0.02735048532485962,-1.6006078068935945,9.323632,-7.142778,8.991629,-6.810775,1.914936,-2.5701978
76.2,-0.90322423,-0.3792436,-0.49994293,-0.0031491243,-0.014054616,-0.9651126,0.09587328,-0.0098567,-0.001687555,0.005972752,-0.0026702774,0.31066957,-0.9071119,-0.3817939,-0.5,-0.9931354,0.004649838898330927,0.09297072142362595,0.02802276611328125,-1.583584400507956,9.949168,-7.5858474,9.546708,-7.1833878,1.9289606,-2.5557477
76.3,-0.8986657,-0.3875761,-0.49997526,-0.0030110881,-0.014303282,-0.93286794,0.094441436,-0.009957333,-0.0016822446,0.0059120837,-0.0035019692,0.32240593,-0.90069675,-0.39130622,-0.5,-0.9614821,0.00424728961661458,0.08842254430055618,0.028614163398742676,-1.5658872204614689,10.58883,-8.044519,10.119789,-7.575478,1.9405141,-2.543581
76.4,-0.89393324,-0.39566517,-0.50000775,-0.0028986486,-0.014632918,-0.8994344,0.09315113,-0.0101504745,-0.0016875423,0.005906328,-0.0043029604,0.3342899,-0.89407897,-0.40046638,-0.5,-0.92853236,0.00480343122035265,0.08380426466464996,0.02909797430038452,-1.5475106867517108,11.240855,-8.51655,10.704473,-7.980167,1.9508224,-2.5324845
76.5,-0.88903075,-0.40351903,-0.5000404,-0.0028082072,-0.015039793,-0.8648072,0.09197519,-0.010465293,-0.0017032458,0.0059711975,-0.0050723464,0.34622133,-0.88725996,-0.40926614,-0.5,-0.8942522,0.006013868376612663,0.07907659560441971,0.029444992542266846,-1.5284563724004865,11.902313,-8.997594,11.294297,-8.389578,1.9610465,-2.521291
76.60000000000001,-0.883961,-0.41114578,-0.50007355,-0.0027357892,-0.015519752,-0.828993,0.09091391,-0.010897219,-0.0017292222,0.006110357,-0.00580519,0.35808647,-0.8802414,-0.4176976,-0.5,-0.85861725,0.007534423843026161,0.07424215227365494,0.029624223709106445,-1.5087317095440214,12.567774,-9.481632,11.882282,-8.796141,1.9720622,-2.5091588
76.7,-0.87872386,-0.41855422,-0.5001073,-0.002677262,-0.016068079,-0.792011,0.08998585,-0.011436781,-0.0017653197,0.006324554,-0.006494874,0.36975896,-0.8730247,-0.42575318,-0.5,-0.82161516,0.00918242521584034,0.06931343674659729,0.02960413694381714,-1.4883459624422706,13.230009,-9.961756,12.460268,-9.192014,1.9845443,-2.4954247
76.80000000000001,-0.8733169,-0.42575026,-0.50014186,-0.0026289928,-0.016680306,-0.75389415,0.08918165,-0.012056321,-0.0018113246,0.0066070845,-0.0071426095,0.38110211,-0.8656116,-0.43342558,-0.5,-0.78324765,0.010876665823161602,0.06431375443935394,0.029353499412536618,-1.4673154696799136,13.880665,-10.428979,13.02037,-9.568682,1.9988658,-2.47973
76.9,-0.86773527,-0.4327389,-0.50017756,-0.0025875268,-0.017351935,-0.7146896,0.08850928,-0.012739292,-0.0018671,0.006953787,-0.0077468017,0.3919714,-0.8580038,-0.44070792,-0.5,-0.74353325,0.01257928367704153,0.059261031448841095,0.02884364128112793,-1.4456620002908376,14.510614,-10.873994,13.553633,-9.91701,2.0153258,-2.4617984
77.0,-0.8619726,-0.43952343,-0.50021464,-0.0025495868,-0.018078685,-0.6744597,0.08797044,-0.013470276,-0.0019324728,0.0073597217,-0.008308265,0.40221867,-0.8502029,-0.4475937,-0.5,-0.7025092,0.014272346161305904,0.05417141690850258,0.028049528598785404,-1.4234113931906145,15.110408,-11.286991,14.05079,-10.227371,2.0341408,-2.441418
77.10000000000001,-0.8560211,-0.44610345,-0.50025344,-0.0025124615,-0.018856864,-0.6332812,0.08755267,-0.014222674,-0.0020072456,0.007815379,-0.008831495,0.41169655,-0.84221077,-0.45407662,-0.5,-0.66023386,0.015948697924613953,0.049071308225393295,0.026952683925628662,-1.400600182216476,15.670349,-11.657279,14.503241,-10.490168,2.0553358,-2.4185684
77.2,-0.84983844,-0.4524831,-0.5002936,-0.0024786182,-0.01967627,-0.59124506,0.087569006,-0.014831802,-0.0020902732,0.008264663,-0.0092499675,0.42026472,-0.8340291,-0.46015093,-0.5,-0.61678797,0.01757321134209633,0.044162165373563766,0.025542914867401123,-1.3772426873628527,16.169275,-11.977913,14.899011,-10.707644,2.0773559,-2.394793
77.30000000000001,-0.84334385,-0.45866558,-0.50033385,-0.002455914,-0.020519696,-0.54845536,0.08835688,-0.015124344,-0.0021792,0.008645911,-0.0094946325,0.42779177,-0.82565975,-0.46581113,-0.5,-0.5722755,0.019076107069849968,0.039626192301511765,0.02382016181945801,-1.3533247488438633,16.58162,-12.2445755,15.224723,-10.887673,2.0975924,-2.3726723
77.4,-0.8364355,-0.4646437,-0.50037235,-0.0024553933,-0.021365857,-0.5050281,0.090092614,-0.0149892485,-0.0022708504,0.008915717,-0.00952789,0.4341587,-0.81710464,-0.47105214,-0.5,-0.52682406,0.020368825644254684,0.03556632623076439,0.021795928478240967,-1.3288145608214375,16.885326,-12.453472,15.4686165,-11.036756,2.1133518,-2.3548996
77.5,-0.8290069,-0.4703931,-0.5004067,-0.002489247,-0.022191698,-0.46108964,0.09280084,-0.014368992,-0.0023615644,0.009048589,-0.009336998,0.43926322,-0.8083657,-0.47586924,-0.5,-0.48058352,0.021359143778681755,0.032072558999061584,0.01949387788772583,-1.3036760096617113,17.06403,-12.60065,15.621957,-11.15857,2.1222885,-2.3437765
77.60000000000001,-0.8209612,-0.47587126,-0.5004342,-0.002568808,-0.02297389,-0.4167743,0.0963988,-0.013257127,-0.002447785,0.009037904,-0.008924736,0.44302326,-0.7994449,-0.48025808,-0.5,-0.43372428,0.021963201463222504,0.029265012592077255,0.016949981451034546,-1.2778784727316481,17.107574,-12.682535,15.67907,-11.2540245,2.1227343,-2.34092
77.7,-0.8122239,-0.4810202,-0.50045246,-0.002702362,-0.023690445,-0.37222266,0.100706615,-0.011706018,-0.0025265254,0.0088988105,-0.0083096875,0.44537914,-0.7903442,-0.4842147,-0.5,-0.38643393,0.02211633138358593,0.027272332459688187,0.0142112672328949,-1.2514067218885243,17.012976,-12.696327,15.637387,-11.32073,2.1140072,-2.346978
77.80000000000001,-0.8027693,-0.48577493,-0.5004598,-0.0028907154,-0.024325266,-0.32757887,0.10533232,-0.009899141,-0.0025963534,0.008691788,-0.0075542876,0.4462938,-0.7810657,-0.48773557,-0.5,-0.33891308,0.021796829998493195,0.02602585032582283,0.011334210634231567,-1.2242799597912548,16.790245,-12.639246,15.498481,-11.347473,2.0974154,-2.3606648
77.9,-0.7926322,-0.49007168,-0.50045615,-0.0031260687,-0.024870861,-0.28298843,0.10977403,-0.008058532,-0.0026574642,0.008492137,-0.0067445086,0.44575477,-0.77161145,-0.49081755,-0.5,-0.29137054,0.021038943901658058,0.025216031819581985,0.00838211178779602,-1.1965665153249427,16.459555,-12.507469,15.26907,-11.316976,2.0759385,-2.3791006
78.0,-0.78187877,-0.49385673,-0.50044215,-0.0033955846,-0.025323521,-0.23859559,0.11379441,-0.0063102175,-0.0027107152,0.008344585,-0.005913902,0.44377482,-0.7619836,-0.49345776,-0.5,-0.2440176,0.019904106855392456,0.024581871926784515,0.005422011017799378,-1.1683615190561205,16.038698,-12.300412,14.9563875,-11.218093,2.052642,-2.3993008
78.10000000000001,-0.77058804,-0.49708894,-0.50041914,-0.0036841885,-0.025681406,-0.1945411,0.11731578,-0.004712797,-0.002757155,0.008268919,-0.005074262,0.44038904,-0.7521843,-0.49565396,-0.5,-0.19706258,0.018464386463165283,0.023968640714883804,0.0025214850902557373,-1.1397709705523607,15.542242,-12.020466,14.568063,-11.046279,2.0301125,-2.4187899
78.2,-0.7588422,-0.4997388,-0.5003886,-0.003976691,-0.025944231,-0.15096025,0.120333575,-0.0032820858,-0.0027976064,0.008265916,-0.004233292,0.4356521,-0.74221575,-0.49740407,-0.5,-0.15070525,0.01679404079914093,0.02332030050456524,-0.00025500357151031494,-1.1109049766285932,14.982803,-11.671862,14.112802,-10.801852,2.0102303,-2.4357376
78.30000000000001,-0.74671906,-0.50178796,-0.50035214,-0.004259094,-0.026112823,-0.10798125,0.12290243,-0.0020153625,-0.0028327876,0.008325293,-0.0033944605,0.42963526,-0.7320802,-0.49870655,-0.5,-0.10513195,0.014963782392442226,0.02267576940357685,-0.002849303185939789,-1.0818717422701785,14.371595,-11.260894,13.599632,-10.488924,1.9941967,-2.4489765
78.4,-0.7342835,-0.5032277,-0.50031126,-0.00451947,-0.026187986,-0.06572377,0.12515053,-0.00089945365,-0.0028632449,0.008429609,-0.002550806,0.42242372,-0.72177994,-0.4995602,-0.5,-0.060511548,0.013034055009484291,0.022188173606991768,-0.005212221294641495,-1.0527677537942257,13.718018,-10.796467,13.036793,-10.115235,1.9826694,-2.4578881
78.5,-0.72159034,-0.5040556,-0.5002671,-0.0047486112,-0.026171468,-0.02429778,0.12716976,8.8441906e-05,-0.0028891158,0.008555976,-0.0017064089,0.41411433,-0.7113173,-0.49996433,-0.5,-0.016992403,0.011060982942581177,0.022010689601302147,-0.00730537623167038,-1.0398754146009177,13.031203,-10.287726,12.433443,-9.6899605,1.9757426,-2.4623582
78.60000000000001,-0.70868653,-0.50426996,-0.5002209,-0.0049413037,-0.026066436,0.016197357,0.12901995,0.0010059361,-0.0029105502,0.00867004,-0.000871964,0.4048131,-0.7006946,-0.49991852,-0.5,0.02529957,0.009102440439164639,0.022257616743445396,-0.009102212265133858,-1.0503524535362403,12.319243,-9.742478,11.800606,-9.223836,1.9727994,-2.4630225
78.7,-0.695613,-0.5038689,-0.5001737,-0.005096193,-0.025877332,0.05567352,0.13075045,0.0019074002,-0.0029276635,0.008739972,-5.8961192e-05,0.39463207,-0.6899143,-0.4994228,-0.5,0.06626174,0.0072300429455935955,0.02297840639948845,-0.01058821752667427,-1.059893444248222,11.589618,-9.168091,11.149696,-8.728165,1.9727321,-2.460991
78.80000000000001,-0.6824033,-0.5028514,-0.5001265,-0.005214868,-0.025609119,0.094054155,0.13242657,0.002823275,-0.0029405977,0.008744025,0.00072680105,0.38368654,-0.6789787,-0.49847764,-0.5,0.10581458,0.005556457210332155,0.02418258972465992,-0.011760428547859192,-1.0684931901446544,10.849358,-8.572699,10.490855,-8.2141905,1.9743446,-2.457503
78.9,-0.6690823,-0.5012185,-0.5000798,-0.0053008967,-0.02526671,0.13127442,0.13412286,0.0037620184,-0.0029493691,0.00867045,0.0014836995,0.37209335,-0.66789037,-0.49708387,-0.5,0.14390074,0.004303737077862024,0.025852469727396965,-0.012626320123672485,-1.0761475948883128,10.104994,-7.9652505,9.832426,-7.6926785,1.9764936,-2.4536855
79.0,-0.6556698,-0.49897358,-0.50003433,-0.0053589297,-0.02485539,0.16728114,0.13587742,0.004715093,-0.0029540332,0.008516414,0.0022050973,0.35996893,-0.65665174,-0.49524277,-0.5,0.18048337,0.0038580119144171476,0.027926627546548843,-0.013202235102653503,-1.082855464953198,9.363342,-7.354234,9.181862,-7.17275,1.9782649,-2.450468
79.10000000000001,-0.6421851,-0.49612302,-0.49999058,-0.0053942464,-0.024381407,0.20203257,0.13767943,0.0056713815,-0.0029545599,0.00828355,0.0028780324,0.3474275,-0.6452654,-0.49295598,-0.5,0.21554412,0.004417973104864359,0.03031090274453163,-0.013511553406715393,-1.0886227702809308,8.631496,-6.746578,8.546536,-6.6616154,1.9789199,-2.448608
79.2,-0.6286514,-0.49268073,-0.49994916,-0.005411146,-0.023852838,0.23549803,0.13946086,0.0065814955,-0.0029511624,0.007989544,0.0034809404,0.33457875,-0.63373387,-0.49022555,-0.5,0.2490808,0.0056446571834385395,0.03291669115424156,-0.013582780957221985,-1.093467551760188,7.918409,-6.1480436,7.9331775,-6.1628094,1.9782634,-2.4483235
79.30000000000001,-0.6150958,-0.48867118,-0.49991086,-0.005412005,-0.023279661,0.26765725,0.14113835,0.0073761092,-0.00294426,0.0076615713,0.0039920206,0.32152694,-0.6220597,-0.48705396,-0.5,0.28110504,0.007149782031774521,0.035695962607860565,-0.01344779133796692,-1.0974210061303338,7.2340865,-5.563598,7.347379,-5.676888,1.9766893,-2.4492574
79.4,-0.6015427,-0.48412496,-0.49987638,-0.0053979997,-0.022672174,0.2984998,0.14269769,0.008015176,-0.0029341972,0.0073194415,0.0044060326,0.30837026,-0.61024565,-0.48344406,-0.5,0.31163985,0.008730404078960419,0.03865427523851395,-0.013140052556991577,-1.1005197200242192,6.586131,-4.997912,6.793029,-5.2048073,1.974713,-2.4508944
79.5,-0.58801013,-0.47907352,-0.49984616,-0.0053702574,-0.022040179,0.3280244,0.14416717,0.008499065,-0.002921126,0.0069707152,0.0047265515,0.29519984,-0.59829426,-0.4793991,-0.5,0.34071743,0.010290428064763546,0.041798822581768036,-0.012693047523498535,-1.1028006470086749,5.9788733,-4.454704,6.2729616,-4.74879,1.9726058,-2.4529207
79.60000000000001,-0.5745092,-0.47354776,-0.4998205,-0.0053298203,-0.021392819,0.356238,0.14558363,0.00883072,-0.0029052221,0.006622202,0.0049587255,0.28209847,-0.5862082,-0.47492272,-0.5,0.36837718,0.011780909262597561,0.04513512924313545,-0.012139171361923218,-1.104299920603267,5.4148855,-3.937073,5.788752,-4.3109374,1.9705604,-2.4550982
79.7,-0.5610445,-0.46757713,-0.4997995,-0.0052776244,-0.02073849,0.38315505,0.14698668,0.009014645,-0.0028866646,0.006279837,0.005108906,0.26913995,-0.57399035,-0.47001892,-0.5,0.39466378,0.01317562535405159,0.048664018511772156,-0.011508733034133911,-1.1050518001401604,4.8954625,-3.4475439,5.3408327,-3.892912,1.9687443,-2.4572058
79.80000000000001,-0.547616,-0.46118957,-0.499783,-0.005214474,-0.0200851,0.40879637,0.14839923,0.009056979,-0.00286564,0.005948742,0.005180849,0.25638896,-0.5616433,-0.46469215,-0.5,0.41962573,0.014459606260061264,0.05237318202853203,-0.010829359292984009,-1.1050899591529508,4.421197,-2.9876897,4.9290514,-3.4955425,1.9673247,-2.4590075
79.9,-0.5342197,-0.45441145,-0.49977094,-0.005140846,-0.01944005,0.43318838,0.14984003,0.008960112,-0.0028424682,0.005635108,0.005178763,0.24390109,-0.5491699,-0.45894718,-0.5,0.44331387,0.015624797903001308,0.05625119060277939,-0.01012548804283142,-1.104446824903857,3.992067,-2.5585775,4.5524206,-3.1189296,1.9665309,-2.4602225
80.0,-0.52085286,-0.44727072,-0.49976307,-0.0050564967,-0.0188114,0.4563621,0.15126906,0.008716682,-0.0028175237,0.005348197,0.005095323,0.23172271,-0.53657293,-0.4527892,-0.5,0.46578032,0.0166622381657362,0.060271959751844406,-0.009418219327926636,-1.1031590309293091,3.6089518,-2.1598506,4.210238,-2.7611353,1.9667305,-2.4604251
80.10000000000001,-0.5075134,-0.43979713,-0.49975923,-0.004960315,-0.018207612,0.47835234,0.15265203,0.008316487,-0.0027914357,0.0050982498,0.004926067,0.21989138,-0.5238552,-0.4462237,-0.5,0.48707765,0.01756170205771923,0.06442060321569443,-0.00872531533241272,-1.1012662837237617,3.2727523,-1.7906575,3.9013886,-2.419293,1.9684387,-2.4590526
80.2,-0.49420193,-0.4320235,-0.49975926,-0.004850302,-0.017638061,0.4991969,0.153931,0.0077496357,-0.002765,0.0048952075,0.0046616523,0.20843641,-0.51101965,-0.43925667,-0.5,0.50725806,0.01830880716443062,0.06867798417806625,-0.00806117057800293,-1.0988132329986415,2.9849238,-1.4492646,3.6249285,-2.0892684,1.9722701,-2.455422
80.30000000000001,-0.48092124,-0.4239852,-0.49976307,-0.0047236406,-0.017112896,0.51893556,0.155056,0.0070095025,-0.002739349,0.0047479575,0.0042943624,0.1973794,-0.4980691,-0.43189433,-0.5,0.52637273,0.01888543739914894,0.07303036004304886,-0.007437169551849365,-1.0958483419248968,2.7466445,-1.1332394,3.3800576,-1.7666516,1.978897,-2.448796
80.4,-0.46767774,-0.41572094,-0.4997706,-0.0045769084,-0.01664346,0.5376098,0.15596263,0.006093757,-0.0027159115,0.004662864,0.0038123236,0.18673491,-0.4850065,-0.4241433,-0.5,0.54447156,0.019268503412604332,0.07745978236198425,-0.006861746311187743,-1.0924248466342878,2.5594134,-0.8393685,3.166376,-1.4463304,1.9889938,-2.4384255
80.5,-0.454481,-0.40727144,-0.4997819,-0.0044064624,-0.01624221,0.5552617,0.15659642,0.0050096596,-0.0026965356,0.0046422156,0.0032046738,0.1765111,-0.47183478,-0.4160106,-0.5,0.56160283,0.019431253895163536,0.08194760978221893,-0.006341159343719482,-1.0886002778603139,2.424494,-0.5639144,2.9838052,-1.1232251,2.003143,-2.423651
80.60000000000001,-0.441342,-0.39867646,-0.499797,-0.004209165,-0.015922122,0.5719337,0.156937,0.0037843785,-0.002683487,0.0046807583,0.002466307,0.16671072,-0.4585569,-0.4075035,-0.5,0.57781273,0.01934709958732128,0.08647002279758453,-0.005879044532775879,-1.0844333453088297,2.341821,-0.30288577,2.8323908,-0.7934551,2.0216632,-2.4040802
80.7,-0.42827088,-0.38997167,-0.49981597,-0.0039828815,-0.015696049,0.58766806,0.15700182,0.00245741,-0.0026793955,0.0047679716,0.0015985145,0.15733162,-0.44517583,-0.39862967,-0.5,0.5931455,0.018993999809026718,0.09100177884101868,-0.005477428436279297,-1.0799825196604997,2.3098955,-0.052512217,2.7119625,-0.4545788,2.0445683,-2.3796127
80.80000000000001,-0.41526943,-0.38117483,-0.49983874,-0.0037288754,-0.015573713,0.60250634,0.15695146,0.0011382891,-0.0026869734,0.0048689903,0.0006324264,0.14836839,-0.4316946,-0.38939708,-0.5,0.6076432,0.018368925899267197,0.0954790860414505,-0.005136847496032715,-1.0752939001044128,2.3212688,0.18994479,2.6213658,-0.11015198,2.0709233,-2.3510947
80.9,-0.40232632,-0.37227967,-0.499865,-0.0034522929,-0.015560008,0.61648935,0.15702727,-5.106828e-05,-0.0027086013,0.0049434057,-0.0003842909,0.13981229,-0.41811624,-0.3798141,-0.5,0.62134576,0.01749592460691929,0.09982652217149734,-0.004856407642364502,-1.0703919770498087,2.3640447,0.4252429,2.5576167,0.23167096,2.0990493,-2.3201463
81.0,-0.3894243,-0.36326635,-0.49989438,-0.0031603384,-0.015657196,0.62965643,0.15735853,-0.0010456109,-0.0027461022,0.0049682674,-0.0014263848,0.13165125,-0.40444383,-0.3698893,-0.5,0.63429075,0.016415266320109367,0.10398588329553604,-0.0046343207359313965,-1.0652899990004787,2.4282181,0.6537731,2.517641,0.5643506,2.1272905,-2.2883992
81.10000000000001,-0.37654454,-0.3541091,-0.49992648,-0.002860804,-0.015865847,0.6420458,0.15799738,-0.0018244085,-0.002800949,0.0049350844,-0.0024780012,0.12387078,-0.3906804,-0.3596316,-0.5,0.6465137,0.015176496468484402,0.10792600363492966,-0.004467904567718506,-1.0599967649993083,2.5064454,0.8757309,2.4984417,0.8837348,2.154324,-2.2571638
81.2,-0.36366916,-0.34478095,-0.49996102,-0.0025612786,-0.016185295,0.6536937,0.15895014,-0.0023874315,-0.002874353,0.0048432164,-0.0035276525,0.11645486,-0.37682906,-0.34905028,-0.5,0.6580479,0.013835161924362183,0.11163261532783508,-0.004354238510131835,-1.0545197807185809,2.5933433,1.0913143,2.497314,1.1873438,2.1791832,-2.2274253
81.30000000000001,-0.35078615,-0.33525887,-0.49999782,-0.0022686413,-0.016614892,0.66463494,0.16014987,-0.0027465604,-0.0029672624,0.004697167,-0.0045761517,0.10938653,-0.36289296,-0.33815485,-0.5,0.66892475,0.012448351830244064,0.11509589850902557,-0.004289805889129639,-1.0488718153488161,2.6858919,1.3018333,2.512881,1.4748442,2.201202,-2.1998682
81.4,-0.33788565,-0.32552674,-0.5000368,-0.0019876698,-0.017153524,0.6749023,0.16154149,-0.0029538393,-0.0030805867,0.0045155566,-0.0056192074,0.10264751,-0.3488752,-0.32695508,-0.5,0.6791734,0.011082041077315807,0.11835229396820068,-0.004271090030670166,-1.0430697374820515,2.7830718,1.5073316,2.5428278,1.7475756,2.220313,-2.174575
81.5,-0.32495663,-0.3155769,-0.5000779,-0.0017200074,-0.017799329,0.6845269,0.16308337,-0.0030919171,-0.0032151348,0.0043275026,-0.006649298,0.096218936,-0.33477893,-0.31546107,-0.5,0.6888214,0.009823300875723362,0.12147311866283417,-0.004294455051422119,-1.0371325202240045,2.8855455,1.7062109,2.5834906,2.008266,2.2371588,-2.1509407
81.60000000000001,-0.31198883,-0.305409,-0.50012124,-0.0014649986,-0.018550051,0.69353795,0.1647222,-0.0032177062,-0.003371531,0.004153899,-0.0076621957,0.09008254,-0.32060733,-0.3036832,-0.5,0.69789404,0.008790436200797558,0.1245032474398613,-0.004356086254119873,-1.0310880046805193,2.994332,1.8973571,2.6318824,2.2598069,2.252597,-2.1281435
81.7,-0.2989617,-0.29501116,-0.50016665,-0.0012221665,-0.019398693,0.70196277,0.16660975,-0.003314086,-0.0035499413,0.003991041,-0.008609808,0.08422123,-0.30636364,-0.291632,-0.5,0.70641524,0.008138507604598999,0.12745298445224762,-0.00445246696472168,-1.024957578504869,3.1042252,2.0774536,2.6829908,2.498688,2.2669625,-2.1059399
81.80000000000001,-0.28583768,-0.28434756,-0.50021327,-0.0009929423,-0.02033095,0.7098273,0.16902763,-0.0033148213,-0.003749239,0.003817763,-0.009418661,0.0786191,-0.292051,-0.27931836,-0.5,0.7144071,0.007996470667421818,0.1303144246339798,-0.004579782485961914,-1.0187414409050572,3.2037294,2.2407317,2.729512,2.7149491,2.279828,-2.0848813
81.9,-0.27257577,-0.27336997,-0.5002597,-0.00078052643,-0.02132902,0.71715593,0.17208472,-0.0031621286,-0.003966786,0.003614033,-0.010053427,0.07326106,-0.27767262,-0.26675335,-0.5,0.72189015,0.00835613813251257,0.13306763768196106,-0.004734218120574951,-1.0124325638331078,3.2826164,2.3834538,2.766296,2.8997743,2.2903826,-2.0659225
82.0,-0.2591409,-0.26203024,-0.50030446,-0.0005889169,-0.022374457,0.7239715,0.17573567,-0.002831319,-0.0041990983,0.0033696855,-0.01050756,0.06813232,-0.26323178,-0.2539483,-0.5,0.7288833,0.00906343013048172,0.13570503890514374,-0.004911839962005616,-1.006030341844602,3.3345165,2.5043483,2.7907724,3.0480926,2.2978609,-2.0499952
82.10000000000001,-0.24550664,-0.2502874,-0.50034606,-0.00042188264,-0.023449114,0.73029554,0.17987147,-0.0023308997,-0.004442299,0.0030851904,-0.010783803,0.063218065,-0.24873173,-0.24091469,-0.5,0.7354044,0.009918112307786942,0.13824069499969482,-0.005108833312988281,-0.99954405438907,3.35639,2.6031933,2.8015482,3.1580353,2.3017938,-2.0377467
82.2,-0.23165773,-0.23811315,-0.5003829,-0.00028236856,-0.024536224,0.73614794,0.18432514,-0.00168737,-0.004692317,0.0027673563,-0.010895796,0.05850356,-0.23417571,-0.22766429,-0.5,0.7414694,0.010754789225757122,0.14068655669689178,-0.0053214430809021,-0.9929967937347893,3.3482246,2.6810732,2.7986608,3.2306368,2.302007,-2.0294807
82.30000000000001,-0.21759124,-0.22549637,-0.50041384,-0.00017177312,-0.025621321,0.7415473,0.18889062,-0.0009483918,-0.0049453448,0.0024306145,-0.010866201,0.053974036,-0.219567,-0.21420899,-0.5,0.7470934,0.011466462165117264,0.14305010437965393,-0.005546092987060547,-0.9864265127693889,3.3130157,2.7401128,2.7832806,3.2698479,2.2987437,-2.025093
82.4,-0.20331722,-0.21244544,-0.50043815,-8.9677866e-05,-0.02669298,0.74651057,0.19334018,-0.00016928933,-0.005197985,0.002092472,-0.01072512,0.049614694,-0.20490888,-0.20056093,-0.5,0.75229007,0.011998621746897697,0.14531944692134857,-0.0057795047760009766,-0.9798865337980444,3.2562306,2.783554,2.7577837,3.282001,2.29259,-2.0241058
82.5,-0.18885751,-0.1989878,-0.5004557,-3.385111e-05,-0.027743077,0.75105333,0.19745667,0.0005948021,-0.0054474855,0.0017707285,-0.0105050355,0.04541073,-0.19020467,-0.18673238,-0.5,0.75707203,0.01233765296638012,0.14746467769145966,-0.006018698215484619,-0.973443247617364,3.1848948,2.8153994,2.725386,3.2749083,2.28437,-2.0257647
82.60000000000001,-0.17424354,-0.1851679,-0.50046694,-3.9216278e-07,-0.028766802,0.7551897,0.20105165,0.001292582,-0.0056918683,0.001481995,-0.010238641,0.041347306,-0.17545766,-0.17273578,-0.5,0.7614507,0.012499981559813023,0.14944583177566528,-0.006260991096496582,-0.9671903437149382,3.1068754,2.8400204,2.6897461,3.2571497,2.2750754,-2.029134
82.7,-0.15951006,-0.1710399,-0.50047284,1.5842877e-05,-0.029761327,0.75893223,0.20403156,0.0018846046,-0.0059298463,0.0012388015,-0.009945273,0.037409585,-0.16067116,-0.15858373,-0.5,0.76543653,0.012519095093011856,0.15123799443244934,-0.0065042972564697266,-0.9611815826612409,3.0289233,2.8608024,2.6536589,3.2360668,2.2657232,-2.0332158
82.80000000000001,-0.1446924,-0.15666321,-0.5004746,2.0717858e-05,-0.030725509,0.762292,0.20635338,0.0023457278,-0.0061606267,0.0010485174,-0.009641297,0.03358308,-0.14584853,-0.14428896,-0.5,0.76903886,0.012437201105058193,0.15282340347766876,-0.006746828556060791,-0.9555010620759032,2.9566765,2.8805506,2.6194239,3.217803,2.2572508,-2.03706
82.9,-0.12982552,-0.14209846,-0.5004736,2.0049885e-05,-0.031659763,0.76527876,0.20800906,0.0026722793,-0.0063838363,0.00091087853,-0.009341932,0.029853873,-0.13099307,-0.12986434,-0.5,0.77226615,0.012298829853534698,0.15418356657028198,-0.006987392902374267,-0.9502302729591857,2.8944793,2.9019501,2.5892992,3.2071302,2.2503676,-2.0399349
83.0,-0.11493904,-0.12740214,-0.5004715,1.9450856e-05,-0.032564964,0.76790094,0.20906241,0.0028638123,-0.006599403,0.0008240345,-0.009051462,0.026208445,-0.11610814,-0.11532285,-0.5,0.7751259,0.012144890613853931,0.15533211827278137,-0.007224977016448975,-0.9454414739131969,2.8448904,2.9261951,2.564151,3.2069342,2.2456424,-2.0412354
83.10000000000001,-0.100056365,-0.11262325,-0.5004694,2.3767256e-05,-0.033442076,0.7701655,0.20960918,0.002935749,-0.006807312,0.0007804976,-0.008770694,0.022634096,-0.101197086,-0.10067759,-0.5,0.7776247,0.012009182944893837,0.15628717839717865,-0.007459223270416259,-0.9411975703852602,2.808668,2.9536765,2.5441356,3.2182088,2.24339,-2.0405853
83.2,-0.08519262,-0.09779914,-0.50046825,3.661273e-05,-0.034291346,0.77207845,0.20978773,0.0029172555,-0.007007535,0.000768069,-0.008492228,0.019119104,-0.08626327,-0.08594171,-0.5,0.7797683,0.011914870701730251,0.1570747196674347,-0.007689833641052247,-0.9375518449807779,2.7843683,2.9837663,2.5284405,3.2396939,2.2436333,-2.0378978
83.30000000000001,-0.07035293,-0.082951,-0.5004686,5.9771734e-05,-0.035111208,0.7736446,0.20978175,0.0028554646,-0.007199822,0.0007685478,-0.008198051,0.01565286,-0.071310036,-0.071128495,-0.5,0.78156155,0.011870439164340496,0.15772251784801483,-0.007916927337646484,-0.9345434275640836,2.7678037,3.0147078,2.5151782,3.2673333,2.2460353,-2.03349
83.4,-0.055534557,-0.0680861,-0.50047016,9.3274364e-05,-0.035898723,0.77486795,0.20974416,0.0027954674,-0.00738339,0.0007644464,-0.007874435,0.012225729,-0.056340765,-0.056251273,-0.5,0.7830086,0.011871571652591228,0.15824703872203827,-0.008140623569488525,-0.9322033108341113,2.7539043,3.0444627,2.5022058,3.296161,2.2499938,-2.0279012
83.5,-0.040726155,-0.053198226,-0.50047225,0.00013574399,-0.036649015,0.7757513,0.2098308,0.0027723962,-0.0075571826,0.0007417524,-0.0075020962,0.008828865,-0.041358814,-0.041323427,-0.5,0.7841127,0.011901012621819973,0.15867368876934052,-0.008361399173736572,-0.9305530467342642,2.7368362,3.0699594,2.486522,3.3202736,2.2548542,-2.0217807
83.60000000000001,-0.025910713,-0.03827137,-0.5004737,0.00018462438,-0.037355747,0.7762971,0.21015067,0.0028154994,-0.0077196676,0.00068877643,-0.007066584,0.005454941,-0.026367558,-0.02635839,-0.5,0.7848763,0.011931143701076508,0.15901538729667664,-0.008579194545745851,-0.9296091902300141,2.7105293,3.0885847,2.4648511,3.3342628,2.2599065,-2.0158472
83.7,-0.011066784,-0.023281176,-0.5004727,0.00023630778,-0.038010914,0.77650654,0.21079415,0.0029527051,-0.007868963,0.00059506344,-0.0065512653,0.0020944076,-0.011370369,-0.011369634,-0.5,0.7853012,0.011924782767891884,0.15928129851818085,-0.008794665336608887,-0.9293792164150462,2.6686187,3.097851,2.4338057,3.332664,2.2643783,-2.0108795
83.80000000000001,0.0038261232,-0.008202828,-0.50046766,0.00028683268,-0.038606327,0.7763797,0.2117576,0.0031936832,-0.008002966,0.00045705668,-0.00595444,-0.0012658376,0.0036293776,0.0036293538,-0.5,0.7853883,0.011843053624033928,0.15946505963802338,-0.009008586406707764,-0.9298655899570878,2.606683,3.0965295,2.3910847,3.3121278,2.267595,-2.0075808
83.9,0.018785018,0.0069836625,-0.50045687,0.00033258728,-0.03913429,0.7759151,0.21298224,0.003529291,-0.008119659,0.0002782063,-0.0052809464,-0.00464152,0.018628309,0.018625075,-0.5,0.7851378,0.011651428416371346,0.1595592349767685,-0.009222686290740965,-0.9310697591444025,2.5224392,3.0842686,2.3352845,3.2714233,2.2691216,-2.0064282
84.0,0.033823863,0.02229175,-0.500439,0.00037068405,-0.03958743,0.77511096,0.21440023,0.0039359094,-0.008217262,6.635232e-05,-0.004534093,-0.008033766,0.033623047,0.033604037,-0.5,0.7845492,0.011322582140564919,0.15956692397594452,-0.00943821668624878,-0.9329844998095734,2.4151711,3.0607426,2.2653034,3.2106106,2.2688107,-2.0076156
84.10000000000001,0.048948865,0.037722416,-0.5004133,0.00039929675,-0.03996026,0.77396566,0.21586844,0.004380824,-0.008294254,-0.00016713739,-0.0037325476,-0.011442345,0.04861022,0.048552755,-0.5,0.7836211,0.010843511670827866,0.15946733951568604,-0.009655416011810303,-0.9355966105875908,2.2868166,3.0271418,2.1816614,3.1322973,2.2667983,-2.011068
84.2,0.06415809,0.053262502,-0.50037956,0.0004180436,-0.04024946,0.7724773,0.21722943,0.0048217936,-0.008349609,-0.00040711847,-0.0028979236,-0.014870375,0.06358646,0.06345778,-0.5,0.7823514,0.010218341834843159,0.15923695266246796,-0.009874045848846436,-0.9388818798853743,2.141255,2.98542,2.0857139,3.040961,2.263501,-2.016398
84.30000000000001,0.07943911,0.06888247,-0.50033855,0.00042805253,-0.04045481,0.7706434,0.21829337,0.005216157,-0.008382931,-0.0006378621,-0.0020611254,-0.018323684,0.07854839,0.0783057,-0.5,0.7807372,0.009471283294260502,0.15883193910121918,-0.0100938081741333,-0.9428072740383222,1.9845201,2.9390125,1.9803357,2.9431968,2.2595549,-2.0229926
84.4,0.094770126,0.08453896,-0.50029176,0.00043167177,-0.040579002,0.7684605,0.2188966,0.0055304724,-0.008394554,-0.00084664294,-0.0012513075,-0.02181031,0.09349265,0.09308314,-0.5,0.778775,0.008644082583487034,0.15820498764514923,-0.010314464569091797,-0.9473210274008108,1.8231789,2.8919156,1.8689928,2.8461018,2.255685,-2.030144
84.5,0.11011567,0.10017319,-0.50024164,0.00043192456,-0.040629126,0.7659244,0.21883422,0.0057476168,-0.008385409,-0.0010263147,-0.00051214325,-0.02533993,0.108415864,0.10777682,-0.5,0.7764602,0.007795057725161314,0.1572730839252472,-0.010535776615142822,-0.9523636668505348,1.6652834,2.8503532,1.757349,2.7582877,2.25254,-2.0371914
84.60000000000001,0.12543298,0.11571651,-0.50019103,0.0004327134,-0.040615343,0.76302963,0.21798557,0.005843454,-0.008357258,-0.0011679181,0.00012532796,-0.028924119,0.12331469,0.122373514,-0.5,0.7737875,0.0069885156117379665,0.15599842369556427,-0.010757863521575928,-0.9578636394905876,1.5186381,2.8197203,1.6502949,2.6880636,2.2508307,-2.0433638
84.7,0.14067394,0.13109352,-0.5001432,0.00043857563,-0.040550854,0.7597694,0.21626697,0.0058005825,-0.00831247,-0.001265162,0.00063080137,-0.032575566,0.13818578,0.13686007,-0.5,0.77075076,0.0062820822931826115,0.15436117351055145,-0.010981380939483643,-0.9637433169987717,1.3907119,2.8050785,1.5524412,2.6433494,2.2512722,-2.0478733
84.80000000000001,0.15578964,0.14622737,-0.50010145,0.00045453658,-0.040451,0.7561357,0.21366428,0.0056060203,-0.008253884,-0.0013134845,0.0009826071,-0.0363076,0.15302578,0.15122347,-0.5,0.767343,0.005710532423108816,0.15237963199615479,-0.011207282543182373,-0.9699190349472069,1.2878194,2.8103888,1.4672977,2.6309106,2.2545655,-2.0499039
84.9,0.17073248,0.16104367,-0.50006896,0.00048572893,-0.040332843,0.75211906,0.21020609,0.005258728,-0.008184642,-0.0013123923,0.0011633403,-0.04013377,0.16783133,0.16545077,-0.5,0.7635562,0.005276732612401247,0.15009243786334991,-0.01143711805343628,-0.9763082942942332,1.2149459,2.838925,1.3977004,2.6561704,2.261297,-2.0487025
85.0,0.18545948,0.17547648,-0.5000483,0.00053674576,-0.040214013,0.7477088,0.20598665,0.0047774822,-0.008108212,-0.0012681355,0.0011668669,-0.044067383,0.18259913,0.17952918,-0.5,0.7593815,0.004960676655173302,0.1475580781698227,-0.011672675609588623,-0.9828364323696093,1.1746398,2.8928702,1.3453681,2.7221417,2.271818,-2.0437484
85.10000000000001,0.19993658,0.18947439,-0.5000414,0.0006111372,-0.040111274,0.74289286,0.20117345,0.0041965684,-0.008028133,-0.0011922595,0.0010015891,-0.048121326,0.19732586,0.19344603,-0.5,0.75480896,0.004753052722662687,0.14485330879688263,-0.011916100978851317,-0.9894393588707631,1.1663858,2.9727483,1.3103402,2.828794,2.2862055,-2.0348256
85.2,0.2141435,0.20300196,-0.5000495,0.0007121137,-0.04003946,0.73765785,0.19597842,0.0035291396,-0.007947619,-0.0010894986,0.0006861474,-0.05230836,0.21200816,0.20718879,-0.5,0.7498278,0.0047001708298921585,0.1420837938785553,-0.012169957160949707,-0.9960757710305733,1.1878707,3.076442,1.2900379,2.974275,2.304577,-2.021674
85.30000000000001,0.22807947,0.21604726,-0.5000722,0.0008418989,-0.040009137,0.7319893,0.19070747,0.0028083716,-0.007869457,-0.00097119634,0.00026291874,-0.056640215,0.22664279,0.22074507,-0.5,0.744426,0.0049131172709167,0.13934999704360962,-0.01243668794631958,-1.0027252484023308,1.2326139,3.1990423,1.2790254,3.1526308,2.3268383,-2.0042484
85.4,0.24176443,0.22862478,-0.50010824,0.0010010968,-0.04002545,0.7258716,0.18569382,0.0020872357,-0.0077956105,-0.0008549945,-0.00021461022,-0.06112758,0.24122642,0.23410273,-0.5,0.73859036,0.005505370441824198,0.13670901954174042,-0.012718737125396727,-1.0093626120671937,1.2904902,3.3338492,1.2699993,3.35434,2.3525815,-1.9828929
85.5,0.2552273,0.2407615,-0.5001555,0.0011892993,-0.040091287,0.71928823,0.18108971,0.0014005828,-0.0077268737,-0.0007523061,-0.0007242203,-0.06578055,0.25575575,0.2472497,-0.5,0.73230666,0.00651153177022934,0.13414990901947021,-0.013018429279327393,-1.0159750384397825,1.3532691,3.475937,1.2572621,3.5719438,2.381344,-1.9580058
85.60000000000001,0.26850522,0.25249648,-0.5002116,0.0014048747,-0.040206295,0.7122215,0.17703742,0.0007887944,-0.0076637194,-0.0006766244,-0.0012340567,-0.07060896,0.27022758,0.26017416,-0.5,0.72555923,0.007871340960264206,0.13163986802101135,-0.01333773136138916,-1.0225784289252542,1.4120727,3.6207464,1.2353135,3.7975054,2.4125443,-1.930193
85.7,0.2816493,0.2638912,-0.500273,0.0016433857,-0.040363565,0.70465297,0.17379013,0.00033835607,-0.007605977,-0.00065711513,-0.0016789321,-0.075622335,0.28463858,0.27286446,-0.5,0.7183313,0.009462028741836548,0.12911872565746307,-0.013678312301635742,-1.029198139421652,1.4530653,3.762522,1.1972604,4.0183268,2.4449704,-1.9007233
85.80000000000001,0.29472026,0.2750259,-0.50033534,0.0018971713,-0.040550236,0.69656295,0.17154178,0.00014609798,-0.007552206,-0.00072665705,-0.0019995526,-0.0808306,0.29898554,0.28530923,-0.5,0.7106045,0.011137851513922215,0.12649774551391602,-0.014041543006896973,-1.035862969883984,1.4607787,3.8962922,1.1368066,4.2202644,2.4768577,-1.8714576
85.9,0.30778423,0.28599212,-0.50039387,0.0021559868,-0.040748537,0.687931,0.170401,0.00028590826,-0.007499847,-0.00091117015,-0.002146645,-0.086244866,0.31326523,0.29749724,-0.5,0.70235914,0.012750077992677689,0.12370628118515015,-0.014428138732910155,-1.0425994731023336,1.4206011,4.0180964,1.0484838,4.3902135,2.5062394,-1.8445089
86.0,0.32090822,0.29688418,-0.5004435,0.0024078663,-0.040936973,0.67873514,0.17038698,0.00080239784,-0.007445454,-0.0012273436,-0.0020824582,-0.09187788,0.32747445,0.30941752,-0.5,0.6935739,0.014156149700284004,0.12071346491575241,-0.014838755130767822,-1.0494266187317134,1.3200934,4.1252117,0.92793506,4.51737,2.5311675,-1.8219736
86.10000000000001,0.33415654,0.30778942,-0.5004794,0.0026406904,-0.041091774,0.6689521,0.17142642,0.001690623,-0.007385102,-0.001675516,-0.0017833665,-0.09774435,0.34160995,0.32105932,-0.5,0.6842259,0.015227391384541988,0.11755287647247314,-0.015273809432983398,-1.0563531911262878,1.1505313,4.215871,0.77163035,4.594772,2.5500953,-1.805551
86.2,0.34758803,0.31878066,-0.5004973,0.0028434456,-0.0411881,0.65855694,0.1733761,0.0029068757,-0.007314814,-0.002242803,-0.0012375192,-0.10386093,0.35566863,0.3324122,-0.5,0.6742906,0.015854420140385628,0.1143105998635292,-0.015733659267425537,-1.0633516678473336,0.9070121,4.2892613,0.57688224,4.619391,2.5620322,-1.796403
86.30000000000001,0.36124387,0.3298981,-0.5004943,0.003008661,-0.041204493,0.64752287,0.17588884,0.0043340656,-0.0072307778,-0.0028912975,-0.0004774115,-0.110246554,0.3696473,0.34346595,-0.5,0.66374147,0.01596711575984955,0.11109533905982971,-0.016218602657318115,-1.0703083501979798,0.5930804,4.347382,0.34371933,4.596743,2.5670269,-1.794618
86.4,0.37511814,0.34111598,-0.50047094,0.0031356497,-0.041132566,0.6358208,0.17818438,0.005758796,-0.0071300077,-0.0035505088,0.00036749055,-0.11692256,0.38354275,0.35421062,-0.5,0.6525503,0.015577716752886772,0.10791376233100891,-0.01672947406768799,-1.0771227265180994,0.22876234,4.400004,0.0798583,4.5489078,2.5667655,-1.798598
86.5,0.38918212,0.35237327,-0.5004297,0.003228382,-0.040969025,0.6234197,0.17987159,0.0070352256,-0.0070121624,-0.004172135,0.0012468656,-0.123910725,0.39735192,0.36463648,-0.5,0.64068675,0.014741660095751286,0.10474184900522232,-0.017267048358917236,-1.0837034100602325,-0.16900897,4.4549074,-0.2091529,4.4950514,2.5633447,-1.8063262
86.60000000000001,0.4033976,0.3635938,-0.50037384,0.0032934095,-0.04071258,0.6102862,0.18079154,0.008083623,-0.0068780235,-0.0047289124,0.0021408186,-0.13123305,0.41107172,0.37473422,-0.5,0.6281187,0.013532971031963825,0.1015348732471466,-0.017832517623901367,-1.0899684373891496,-0.588623,4.5178523,-0.51994836,4.4491773,2.5586495,-1.8159473
86.7,0.41772535,0.3746987,-0.50030684,0.0033383842,-0.04036242,0.5963846,0.18093334,0.008868319,-0.0067288275,-0.0052083847,0.00304408,-0.13891143,0.424699,0.3844947,-0.5,0.6148117,0.01202861126512289,0.09825943410396576,-0.018427133560180664,-1.0958429421655234,-1.0230082,4.59288,-0.8509995,4.4208713,2.5541756,-1.8259475
86.80000000000001,0.43212712,0.38561627,-0.500232,0.0033698168,-0.03991796,0.5816773,0.18035842,0.009418646,-0.0065659275,-0.0056202547,0.0039540185,-0.14696653,0.43823072,0.3939092,-0.5,0.6007292,0.01029952522367239,0.09486629068851471,-0.01905190944671631,-1.101260450109884,-1.4694219,4.6842494,-1.2007352,4.4155626,2.5506299,-1.8355575
86.9,0.44656774,0.3962871,-0.5001522,0.0033918752,-0.03937861,0.5661249,0.17917483,0.009797411,-0.0063907,-0.0059859883,0.0048697973,-0.15541787,0.45166385,0.40296915,-0.5,0.5858325,0.008404945023357868,0.09131567925214767,-0.019707560539245602,-1.1061588141910894,-1.9284489,4.7962584,-1.5676705,4.43548,2.5479574,-1.8447424
87.0,0.46101585,0.4066632,-0.50007,0.00340664,-0.03874433,0.54968584,0.17748871,0.010057121,-0.0062044924,-0.0063241543,0.0057856096,-0.16428374,0.46499538,0.4116665,-0.5,0.57008064,0.006393326912075281,0.0875919759273529,-0.02039480209350586,-1.1104809745902673,-2.4016867,4.9327283,-1.9508079,4.4818497,2.5457351,-1.8538315
87.10000000000001,0.47544494,0.41670612,-0.4999875,0.0034146097,-0.038015872,0.53231716,0.17540133,0.010233991,-0.006008657,-0.006648,0.006693276,-0.17358033,0.47822225,0.41999337,-0.5,0.55343056,0.004303446039557457,0.08370248228311539,-0.02111339569091797,-1.1141753920426893,-2.8910143,5.0967298,-2.3498843,4.5556,2.5434115,-1.8632734
87.2,0.48983374,0.42638555,-0.49990645,0.0034150854,-0.037194815,0.5139745,0.17301075,0.010353688,-0.0058046314,-0.0069666817,0.0075846845,-0.1833209,0.49134156,0.42794228,-0.5,0.535837,0.002169253071770072,0.07966967672109604,-0.021862506866455078,-1.1171747466576845,-3.3985336,5.2906246,-2.7652514,4.657343,2.5403972,-1.8735512
87.30000000000001,0.5041569,0.435669,-0.4998287,0.003407544,-0.03628636,0.49461257,0.17027788,0.010402603,-0.005593635,-0.007275382,0.008423682,-0.19351514,0.5043503,0.43550605,-0.5,0.5172527,0.00030546815833076835,0.07548042386770248,-0.022640109062194824,-1.1193622319515082,-3.9225035,5.5178638,-3.1959856,4.791346,2.5364518,-1.884832
87.4,0.5183642,0.44450027,-0.49975705,0.0033949816,-0.03530518,0.47418547,0.16688311,0.010269656,-0.0053763604,-0.0075362576,0.00911618,-0.20416903,0.51724553,0.44267792,-0.5,0.4976286,0.002152067143470049,0.07105009257793427,-0.023443132638931274,-1.1206332402780663,-4.450477,5.7847133,-3.6379435,4.97218,2.5325108,-1.8960828
87.5,0.53239524,0.4528136,-0.49969453,0.0033830686,-0.034270532,0.45264724,0.16271019,0.009875411,-0.0051547945,-0.0077216565,0.009615649,-0.21528186,0.53002447,0.4494514,-0.5,0.47691417,0.00412532826885581,0.06638222932815552,-0.024266928434371948,-1.12090788934155,-4.9712586,6.095303,-4.0886784,5.2127233,2.5299454,-1.9058357
87.60000000000001,0.5461931,0.46054825,-0.49964345,0.0033785927,-0.033202462,0.42995292,0.15783533,0.009195972,-0.0049314676,-0.007820702,0.00991334,-0.2268448,0.5426841,0.45582038,-0.5,0.45505762,0.005898583214730024,0.06156010553240776,-0.02510470151901245,-1.1201280465548535,-5.478775,6.4509172,-4.54804,5.520182,2.5299737,-1.9127568
87.7,0.5597105,0.46765593,-0.4996053,0.0033883043,-0.03212012,0.40605927,0.15242606,0.008247698,-0.0047088,-0.007834709,0.010016503,-0.2388401,0.5552216,0.46177918,-0.5,0.43200654,0.0074055432341992855,0.05670512467622757,-0.025947272777557373,-1.1182614031490643,-5.9710827,6.8507805,-5.01718,5.8968787,2.533473,-1.9158574
87.80000000000001,0.5729148,0.47410718,-0.49958038,0.0034173902,-0.031040264,0.38092586,0.14672033,0.00709541,-0.004489039,-0.0077806306,0.009947363,-0.25123954,0.5676342,0.46732238,-0.5,0.40770844,0.00860777497291565,0.05194251239299774,-0.026782572269439697,-1.1152986274595762,-6.450572,7.2926784,-5.4977446,6.339852,2.5406883,-1.914767
87.9,0.58579063,0.47989222,-0.49956807,0.003468967,-0.029976605,0.35451624,0.1409724,0.005819413,-0.0042740973,-0.0076805293,0.0097344415,-0.26400375,0.5799191,0.47244504,-0.5,0.3821117,0.009493261575698853,0.04737662523984909,-0.027595460414886478,-1.1112465060313832,-6.9222407,7.7729588,-5.991607,6.842326,2.5513532,-1.909653
88.0,0.5983374,0.4850189,-0.49956706,0.0035436836,-0.028940054,0.3267991,0.13540149,0.00451024,-0.0040655457,-0.0075602476,0.00940439,-0.27708116,0.5920735,0.47714254,-0.5,0.35516647,0.010072793811559677,0.043050993233919144,-0.02836737036705017,-1.1061298864483424,-7.3920674,8.287457,-6.4996986,7.395089,2.5647316,-1.9011897
88.10000000000001,0.61057013,0.48950994,-0.4995754,0.0036398647,-0.027938275,0.29774958,0.13021287,0.003251321,-0.0038646953,-0.0074439594,0.008988733,-0.29040712,0.6040947,0.48141065,-0.5,0.3268259,0.01037835143506527,0.03896065056324005,-0.029076308012008667,-1.0999823901403247,-7.8664637,8.8307705,-7.0224743,7.9867816,2.5797644,-1.8903944
88.2,0.62251514,0.49339738,-0.49959105,0.0037540095,-0.02697638,0.26735067,0.12554573,0.002107432,-0.0036725388,-0.0073503763,0.008512834,-0.30390343,0.61597997,0.4852455,-0.5,0.29704764,0.010456051677465439,0.035046715289354324,-0.02969697117805481,-1.09284505534018,-8.350405,9.396854,-7.559087,8.605537,2.5952744,-1.8784574
88.30000000000001,0.63420755,0.49671763,-0.4996118,0.0038813865,-0.026057187,0.23559456,0.12149145,0.0011213062,-0.003489787,-0.0072918446,0.008000179,-0.31747797,0.6277267,0.48864368,-0.5,0.2657956,0.01036055851727724,0.031224170699715614,-0.030201032757759094,-1.0847620820527435,-8.846899,9.978758,-8.107476,9.239335,2.6100972,-1.8665686
88.4,0.645687,0.49950698,-0.49963558,0.0040166033,-0.02518171,0.20248398,0.11808814,0.000314502,-0.0033169333,-0.007274539,0.00746998,-0.33102486,0.6393321,0.4916021,-0.5,0.23304167,0.010149108245968819,0.02740253508090973,-0.03055769205093384,-1.0757755460289444,-9.35643,10.568848,-8.664052,9.876471,2.6231797,-1.8558297
88.5,0.65699255,0.5017975,-0.49966067,0.0041541504,-0.024350064,0.16803357,0.11530906,-0.000311573,-0.003154249,-0.0072988165,0.0069331117,-0.34442544,0.65079373,0.49411812,-0.5,0.19876812,0.00987488403916359,0.023507775738835335,-0.030734553933143616,-1.0659246891222782,-9.876262,11.159251,-9.223268,10.506258,2.6336532,-1.847179
88.60000000000001,0.6681586,0.50361454,-0.49968576,0.004288842,-0.023561966,0.13227096,0.11308699,-0.0007721534,-0.0030018464,-0.007360442,0.0063957246,-0.3575498,0.6621089,0.49618948,-0.5,0.1629697,0.009582754224538803,0.01949998550117016,-0.030698731541633606,-1.0552433989717513,-10.400628,11.741784,-9.777835,11.118993,2.640872,-1.8413447
88.7,0.6792108,0.50497544,-0.49970984,0.004416271,-0.022817466,0.095237605,0.11131493,-0.0010983493,-0.0028596467,-0.0074506872,0.005857061,-0.37025928,0.6732751,0.49781427,-0.5,0.12565608,0.009305843152105808,0.015382140874862671,-0.030418477952480316,-1.0437586027667964,-10.920653,12.3081255,-10.31883,11.706304,2.6444519,-1.838767
88.80000000000001,0.6901623,0.5058885,-0.49973246,0.004533308,-0.022117687,0.05698937,0.10985314,-0.0013372464,-0.0027274697,-0.0075561525,0.0053090197,-0.38240993,0.6842899,0.49899107,-0.5,0.08685435,0.009062659926712513,0.011208613403141499,-0.02986498177051544,-1.0314892457516927,-11.424404,12.849917,-10.836017,12.261532,2.6443598,-1.8395405
88.9,0.7010101,0.50635463,-0.4997536,0.0046381564,-0.021465559,0.017596709,0.108536445,-0.0015366182,-0.002605097,-0.0076635513,0.004735879,-0.3938558,0.6951506,0.49971884,-0.5,0.046611007,0.008855960331857204,0.007099474780261517,-0.02901429869234562,-1.0413049187325798,-11.897514,13.35941,-11.317791,12.77969,2.6408286,-1.8434744
89.0,0.7117342,0.50637007,-0.49977347,0.004730472,-0.02086618,-0.022855619,0.10719805,-0.0017445415,-0.0024923512,-0.0077594966,0.004117928,-0.40445355,0.70585495,0.49999687,-0.5,0.0049939817,0.008673765696585178,0.003504351945593953,-0.027849599719047546,-1.0689245194352313,-12.324055,13.829435,-11.751885,13.257268,2.6343377,-1.8500894
89.10000000000001,0.72230107,0.5059296,-0.49979272,0.0048112227,-0.020326313,-0.06426922,0.1057147,-0.0020001067,-0.0023892887,-0.007833303,0.0034399887,-0.4140668,0.7164005,0.49982494,-0.5,-0.037906103,0.008492721244692802,0.0032728039659559727,-0.02636311948299408,-1.0966527873047307,-12.6883335,14.2530155,-12.126513,13.691197,2.6255605,-1.858716
89.2,0.7326615,0.5050306,-0.49981213,0.004882435,-0.01985536,-0.10653322,0.10394239,-0.0023284908,-0.0022960377,-0.007877998,0.0026764781,-0.4225704,0.7267848,0.4992032,-0.5,-0.08197531,0.008278203196823597,0.00661511579528451,-0.024557910859584812,-1.1243892657479126,-12.974381,14.624985,-12.42954,14.080146,2.6152627,-1.8685534
89.30000000000001,0.7427571,0.5036772,-0.49983263,0.0049467003,-0.019464487,-0.14952575,0.10179869,-0.0027328983,-0.0022131158,-0.007893105,0.0018100274,-0.42985448,0.7370057,0.49813223,-0.5,-0.12707669,0.00799079891294241,0.01046544499695301,-0.022449061274528507,-1.1520274625496398,-13.168357,14.941287,-12.649948,14.42288,2.6041684,-1.8788345
89.4,0.7525208,0.5018838,-0.49985522,0.00500685,-0.01916726,-0.19311583,0.09919584,-0.003199369,-0.0021412333,-0.007882552,0.0008163814,-0.4358277,0.7470607,0.49661297,-0.5,-0.17305164,0.0075904689729213715,0.014400028623640537,-0.020064190030097958,-1.1795130284380568,-13.257881,15.200161,-12.777306,14.719588,2.5929062,-1.8888571
89.5,0.7619135,0.4996737,-0.49988046,0.005064873,-0.01897231,-0.23716548,0.09640005,-0.0036747118,-0.0020821497,-0.007862369,-0.00025561414,-0.44041988,0.75694764,0.49464676,-0.5,-0.21972242,0.007067104335874319,0.018406348302960396,-0.017443060874938965,-1.2068158294658533,-13.24181,15.395856,-12.808647,14.962697,2.5818155,-1.8982619
89.60000000000001,0.7709297,0.49706885,-0.49990842,0.005123306,-0.018882511,-0.28153208,0.09373615,-0.004146247,-0.0020372656,-0.007832528,-0.001348714,-0.44358492,0.7666642,0.49223542,-0.5,-0.2668956,0.0064470781944692135,0.022427169606089592,-0.014636486768722536,-1.233903981386206,-13.124382,15.520015,-12.747433,15.143067,2.571477,-1.9064684
89.7,0.77958477,0.49408767,-0.4999389,0.005185127,-0.018897308,-0.32607073,0.09140368,-0.00460236,-0.0020072502,-0.0077913087,-0.002429404,-0.44530037,0.77620834,0.4893811,-0.5,-0.3143666,0.0057927281595766544,0.0264150220900774,-0.011704117059707642,-1.2607396899499292,-12.911139,15.5667305,-12.598655,15.25425,2.5625381,-1.9128469
89.80000000000001,0.78790385,0.4907453,-0.4999716,0.0052533057,-0.01901443,-0.3706366,0.08949137,-0.005025061,-0.001992384,-0.0077394606,-0.003481571,-0.4455672,0.78557783,0.4860864,-0.5,-0.361925,0.0052073560655117035,0.030362915247678757,-0.008711606264114382,-1.287280545961934,-12.608122,15.533934,-12.367425,15.293241,2.5555482,-1.9168663
89.9,0.7959151,0.48705384,-0.5000063,0.005330673,-0.019230729,-0.41508728,0.0880212,-0.005401026,-0.0019927558,-0.007677864,-0.0044976706,-0.444409,0.79477054,0.48235422,-0.5,-0.40936,0.004836995620280504,0.03428805246949196,-0.005727291107177734,-1.3134804837489513,-12.221821,15.422771,-12.059374,15.260327,2.550961,-1.9181077
90.0,0.8036457,0.48302278,-0.5000429,0.0054198303,-0.019542662,-0.45928478,0.086973615,-0.0057232403,-0.0020083296,-0.007607402,-0.0054748706,-0.44187036,0.80378443,0.47818798,-0.5,-0.4564661,0.004836982116103172,0.03821762278676033,-0.002818673849105835,-1.3392902567330276,-11.759217,15.237,-11.6808815,15.158668,2.5491388,-1.9162363
90.10000000000001,0.8111185,0.47866097,-0.50008136,0.005522802,-0.019946741,-0.5030974,0.086296536,-0.0059815925,-0.0020390935,-0.0075318995,-0.006414829,-0.4380145,0.8126175,0.47359136,-0.5,-0.50304836,0.0052872104570269585,0.042186837643384933,-4.9054622650146484e-05,-1.3646607467405167,-11.22784,14.982966,-11.238626,14.993754,2.5502753,-1.9110847
90.2,0.8183519,0.47397605,-0.50012183,0.0056413207,-0.020439517,-0.54640156,0.08593441,-0.0061803972,-0.002084984,-0.0074519943,-0.0073188017,-0.43292108,0.82126766,0.46856856,-0.5,-0.5489271,0.0061446926556527615,0.046212196350097656,0.0025255680084228516,-1.3895486010549174,-10.635554,14.668249,-10.740323,14.773021,2.5545485,-1.9025099
90.30000000000001,0.82536286,0.46897444,-0.50016445,0.005776446,-0.021016935,-0.5890827,0.08586378,-0.0063160015,-0.0021459523,-0.007371969,-0.008181354,-0.42668313,0.82973313,0.4631241,-0.5,-0.59394157,0.007304304279386997,0.05031246319413185,0.004858851432800293,-1.4139121111269735,-9.991741,14.301163,-10.194658,14.504082,2.5619757,-1.8905171
90.4,0.83216536,0.46366152,-0.50020945,0.0059287488,-0.021674732,-0.63103694,0.08604975,-0.006392367,-0.0022218444,-0.0072938115,-0.009000775,-0.41940466,0.83801186,0.45726284,-0.5,-0.6379524,0.008669978007674217,0.05449449643492699,0.006915450096130371,-1.4377129322645017,-9.305879,13.890638,-9.610714,14.195476,2.5725243,-1.8751657
90.5,0.83877116,0.45804328,-0.5002571,0.0060979705,-0.022408692,-0.6721714,0.08645198,-0.006403598,-0.0023124975,-0.007222873,-0.009777648,-0.4111974,0.84610206,0.45099008,-0.5,-0.6808434,0.010176231153309345,0.05876924842596054,0.008671998977661133,-1.460916607204791,-8.587647,13.446452,-8.997145,13.85595,2.5859883,-1.8566811
90.60000000000001,0.8451888,0.4521252,-0.5003076,0.00628358,-0.023214709,-0.712405,0.087034486,-0.006360245,-0.0024176338,-0.0071589835,-0.010512822,-0.4021787,0.8540019,0.44431147,-0.5,-0.72252184,0.01178216002881527,0.0631263256072998,0.0101168155670166,-1.4834965033046017,-7.846124,12.977974,-8.3628435,13.494694,2.6022053,-1.8352371
90.7,0.8514263,0.44591027,-0.5003614,0.0064850166,-0.024088264,-0.75166875,0.087792754,-0.0062785577,-0.0025369166,-0.007099775,-0.011201859,-0.39246878,0.8617096,0.437233,-0.5,-0.76291806,0.013460006564855576,0.06755072623491287,0.011249303817749023,-1.5054290970844262,-7.0904126,12.493429,-7.717169,13.120185,2.6210804,-1.8109444
90.80000000000001,0.85749,0.43940085,-0.50041866,0.006701455,-0.025024878,-0.78990555,0.08870912,-0.006165325,-0.00266997,-0.0070453016,-0.011844864,-0.3821881,0.86922336,0.42976105,-0.5,-0.80198413,0.015191201120615005,0.07203398644924164,0.012078583240509035,-1.5267319980278313,-6.329089,12.000929,-7.0685067,12.740346,2.6424603,-1.7839745
90.9,0.86341006,0.4325859,-0.5004789,0.0069290088,-0.026014306,-0.8270701,0.09003449,-0.005940878,-0.0028164743,-0.0070238714,-0.012383826,-0.3714544,0.8765416,0.42190233,-0.5,-0.8396921,0.01693534106016159,0.07671205699443817,0.012621998786926271,-1.5475110751539902,-5.579175,11.505323,-6.4273033,12.353451,2.6652899,-1.7554461
91.0,0.86929077,0.42540994,-0.5005392,0.0071540806,-0.027028529,-0.86312824,0.09257885,-0.005325403,-0.0029754385,-0.0071284985,-0.012639589,-0.36038047,0.88366264,0.41366395,-0.5,-0.8760319,0.01856905221939087,0.08209244906902313,0.01290363073348999,-1.5678477013124053,-4.880109,11.004802,-5.809604,11.934296,2.6859102,-1.7292409
91.10000000000001,0.87526864,0.4177869,-0.5005949,0.0073568174,-0.028031036,-0.8980569,0.0967356,-0.004152819,-0.0031429047,-0.0074122013,-0.012522718,-0.34907892,0.8905848,0.4050533,-0.5,-0.9110089,0.019926974549889565,0.08856388926506042,0.012951970100402832,-1.5877956609097648,-4.266397,10.498537,-5.2286897,11.460829,2.7000585,-1.7098695
91.2,0.881481,0.40961233,-0.5006403,0.007514528,-0.028982133,-0.931844,0.102592535,-0.0023747513,-0.0033131456,-0.0078925155,-0.011995348,-0.33765867,0.8973066,0.3960781,-0.5,-0.94464153,0.020833520218729973,0.09636600315570831,0.012797534465789795,-1.6073652170394526,-3.7625086,9.986749,-4.6946774,10.918916,2.7038434,-1.7013819
91.30000000000001,0.88803375,0.40078133,-0.50066966,0.007606371,-0.029844692,-0.9644874,0.10991145,-8.947581e-05,-0.0034797678,-0.008540994,-0.01107729,-0.32622272,0.90382653,0.3867465,-0.5,-0.97695917,0.021138524636626244,0.10547260195016861,0.012471795082092283,-1.6264308125175428,-3.3785772,9.470988,-4.2140694,10.3064785,2.6947734,-1.7063899
91.4,0.89492166,0.39125594,-0.50068086,0.007623779,-0.030604701,-0.9959949,0.11746976,0.0022948838,-0.0036361571,-0.009227851,-0.009995378,-0.3148682,0.91014314,0.37706682,-0.5,-1.0079997,0.02082037925720215,0.1150452196598053,0.012004733085632322,-1.644895923092421,-3.0864134,8.962703,-3.7805753,9.656863,2.6742313,-1.7234453
91.5,0.9020758,0.38104334,-0.500674,0.0075669484,-0.0312592,-1.0263827,0.124552846,0.00449325,-0.0037790595,-0.00986694,-0.008860379,-0.30367666,0.9162549,0.36704782,-0.5,-1.0378075,0.019934257492423058,0.12441937625408173,0.011424779891967773,-1.6626976026679765,-2.8583214,8.471001,-3.3883095,9.000987,2.6448913,-1.749806
91.60000000000001,0.9094004,0.37017602,-0.5006508,0.007441603,-0.03180932,-1.0556736,0.13084106,0.0063437806,-0.0039074565,-0.01040808,-0.007716372,-0.29271635,0.92216057,0.35669848,-0.5,-1.0664322,0.018571194261312485,0.13319480419158936,0.010758638381958008,-1.6798018403776784,-2.6745324,8.001454,-3.0334954,8.360415,2.6095114,-1.7827156
91.7,0.91679543,0.35869625,-0.5006136,0.007256687,-0.0322566,-1.0838965,0.13627478,0.0077701127,-0.004021425,-0.010825144,-0.006571814,-0.28204468,0.9278587,0.34602815,-0.5,-1.0939269,0.01683013327419758,0.14119739830493927,0.010030388832092285,-1.6961928641411403,-2.5226727,7.556269,-2.714534,7.7481294,2.5705397,-1.8197439
91.80000000000001,0.9241676,0.34664905,-0.5005647,0.007022588,-0.03260209,-1.1110848,0.14090735,0.008756804,-0.004121479,-0.011109495,-0.0054267393,-0.27170947,0.93334806,0.33504644,-0.5,-1.1203465,0.014806105755269527,0.14839239418506622,0.009261727333068848,-1.7118671039305793,-2.3952289,7.1359124,-2.4306045,7.171287,2.5299907,-1.858902
91.9,0.9314343,0.33408004,-0.50050664,0.0067499476,-0.03284664,-1.1372762,0.14482467,0.00932622,-0.0042082015,-0.011263807,-0.004283753,-0.26175025,0.9386275,0.3237632,-0.5,-1.1457477,0.012587147764861584,0.1548144817352295,0.008471488952636717,-1.726833050812286,-2.2873082,6.7402687,-2.180636,6.6335955,2.4894295,-1.8986448
92.0,0.9385259,0.3210308,-0.5004417,0.006449258,-0.03299055,-1.1625112,0.14815216,0.009511913,-0.0042819832,-0.011294278,-0.0031414928,-0.25219914,0.94369566,0.31218857,-0.5,-1.1701868,0.010252141393721104,0.16054406762123108,0.007675528526306152,-1.7411050877658456,-2.1960282,6.36802,-1.964127,6.1361184,2.450116,-1.9377196
92.10000000000001,0.94538516,0.30754003,-0.50037163,0.006130267,-0.03303429,-1.1868334,0.15099303,0.009362851,-0.004343023,-0.011212465,-0.0020051615,-0.24308135,0.94855154,0.300333,-0.5,-1.1937206,0.007880699820816517,0.1656695008277893,0.006887197494506835,-1.7547024376341498,-2.1194906,6.0178213,-1.7800733,5.678404,2.4129767,-1.9751804
92.2,0.9519658,0.29364505,-0.5002983,0.005801528,-0.032979026,-1.2102878,0.15342388,0.008938108,-0.0043914844,-0.011033995,-0.0008843891,-0.23441564,0.953194,0.28820717,-0.5,-1.2164044,0.005582835059612989,0.1702754944562912,0.006116628646850586,-1.7676482000902825,-2.0561402,5.6887403,-1.6267109,5.2593107,2.378626,-2.0103786
92.30000000000001,0.9582313,0.27938303,-0.50022334,0.005470443,-0.032827012,-1.2329211,0.155494,0.00829243,-0.004427471,-0.010773754,0.00020776308,-0.2262153,0.957622,0.27582195,-0.5,-1.2382929,0.0036197220906615257,0.17442858219146729,0.0053718090057373056,-1.7799739940499841,-2.0043747,5.380119,-1.5017252,4.8774695,2.3474844,-2.042881
92.4,0.96415544,0.2647875,-0.5001479,0.0051429425,-0.032580756,-1.2547808,0.15728065,0.00748639,-0.004450951,-0.010449565,0.0012673871,-0.21848834,0.9618345,0.2631885,-0.5,-1.2594391,0.0028223050758242607,0.17821921408176422,0.004658341407775879,-1.7917178250513803,-1.9638304,5.090999,-1.4030017,4.5301704,2.3196733,-2.0724754
92.5,0.9697263,0.2498921,-0.500073,0.004821565,-0.03224359,-1.2759142,0.1588314,0.0066349986,-0.0044619516,-0.010098013,0.0022852782,-0.21123743,0.9658306,0.25031823,-0.5,-1.2798941,0.003919616807252169,0.1817607432603836,0.003979921340942383,-1.8029230300968044,-1.9362271,4.8228006,-1.3260865,4.2126603,2.2945096,-2.0997825
92.60000000000001,0.9749429,0.23472984,-0.49999964,0.00450616,-0.031819765,-1.2963693,0.16017917,0.005827215,-0.004460625,-0.009748341,0.003252501,-0.20446198,0.96960944,0.23722269,-0.5,-1.2997078,0.00588730163872242,0.18513628840446472,0.003338456153869629,-1.8136351377434374,-1.9231341,4.576974,-1.2664748,3.920315,2.270994,-2.1257558
92.7,0.97981125,0.21933247,-0.4999285,0.004194979,-0.031314317,-1.3161931,0.16134591,0.0051153866,-0.0044472157,-0.009418633,0.004161582,-0.19815847,0.9731701,0.22391365,-0.5,-1.3189278,0.008068284951150417,0.1883939951658249,0.002734661102294922,-1.8239011545470034,-1.9254037,4.354399,-1.2203294,3.6493251,2.24816,-2.151325
92.80000000000001,0.9843409,0.20372853,-0.49986026,0.0038857174,-0.03073269,-1.3354323,0.16235957,0.004517608,-0.004422057,-0.009116277,0.005009539,-0.192321,0.9765118,0.21040311,-0.5,-1.3376001,0.010289068333804607,0.19156081974506378,0.0021678209304809575,-1.8337655527294616,-1.9432162,4.1547875,-1.1850781,3.3966496,2.2252815,-2.177192
92.9,0.9885427,0.1879447,-0.49979547,0.003576042,-0.030080907,-1.3541329,0.16322781,0.004034755,-0.004385552,-0.008843045,0.005791461,-0.18694153,0.97963375,0.19670323,-0.5,-1.3557692,0.012494905851781368,0.194638192653656,0.0016362667083740234,-1.8432151139221926,-1.9759208,3.9775321,-1.1586071,3.1602187,2.2018611,-2.2038348
93.0,0.99240226,0.17205037,-0.49973604,0.0032688281,-0.029376104,-1.37234,0.16346803,0.0035095876,-0.0043367683,-0.008548156,0.00639718,-0.18201214,0.98253536,0.18282631,-0.5,-1.3734775,0.014613216742873192,0.19717605412006378,0.0011374950408935547,-1.8522292027757117,-2.0064816,3.8270254,-1.1335819,2.9541261,2.1791162,-2.2299764
93.10000000000001,0.99588126,0.156155,-0.49968487,0.00297323,-0.02864516,-1.3900976,0.16263768,0.0027542415,-0.004276095,-0.008171725,0.0067291944,-0.17752244,0.98521584,0.16878487,-0.5,-1.3907659,0.01653372123837471,0.1987266093492508,0.0006682872772216797,-1.8608105961819517,-2.0117385,3.70811,-1.1022339,2.798606,2.159628,-2.2529235
93.2,0.9989339,0.14038037,-0.4996448,0.0027020536,-0.027918275,-1.4074484,0.16060959,0.0016672289,-0.004205897,-0.0076812734,0.006753144,-0.17345849,0.98767465,0.15459153,-0.5,-1.4076738,0.018134338781237602,0.19912384450435638,0.00022542476654052734,-1.8689788045419107,-1.9744278,3.6230478,-1.0597584,2.708379,2.146119,-2.2698033
93.30000000000001,1.0015199,0.124844015,-0.49961802,0.0024688959,-0.027225846,-1.4244337,0.15744707,0.00023955609,-0.004129587,-0.0070729502,0.0064654998,-0.1698044,0.9899113,0.14025907,-0.5,-1.4242393,0.019301023334264755,0.19840440154075623,-0.00019443035125732422,-1.876769594447642,-1.8846439,3.5727985,-1.003096,2.6912513,2.1407168,-2.278319
93.4,1.003614,0.1096462,-0.49960586,0.002285545,-0.026596166,-1.4410927,0.15335357,-0.0014581085,-0.0040512113,-0.0063685114,0.0058856434,-0.16654362,0.9919252,0.12580039,-0.5,-1.4404988,0.01994342915713787,0.19676224887371063,-0.0005939006805419922,-1.884272613792752,-1.7400023,3.5575314,-0.93049085,2.7480204,2.144534,-2.2771757
93.5,1.0052241,0.094826534,-0.4996079,0.0021570825,-0.026045976,-1.4574633,0.14898123,-0.0032105115,-0.0039759553,-0.005638037,0.005127857,-0.1636593,0.9937159,0.111228496,-0.5,-1.4564881,0.020040392875671387,0.19480301439762115,-0.0009751319885253906,-1.8915768952017626,-1.5559763,3.5720973,-0.8462479,2.8623693,2.1566353,-2.2672086
93.60000000000001,1.0063844,0.08037013,-0.49962217,0.0020825341,-0.025582518,-1.4735816,0.14489587,-0.0048290584,-0.0039073345,-0.004943188,0.0042870007,-0.1611383,0.995283,0.0965565,-0.5,-1.4722414,0.019631139934062958,0.19304804503917694,-0.0013401508331298826,-1.8987451505175033,-1.3528289,3.609453,-0.75697553,3.0136,2.1750357,-2.250341
93.7,1.0071403,0.06623753,-0.4996465,0.002057102,-0.025209561,-1.4894832,0.14133985,-0.006202601,-0.0038471404,-0.004321915,0.0033985095,-0.15897173,0.9966262,0.081797615,-0.5,-1.4877921,0.01878262497484684,0.19173884391784668,-0.0016911029815673828,-1.9058254146358808,-1.14554,3.664988,-0.66691333,3.1863618,2.1976564,-2.2286582
93.80000000000001,1.0075402,0.052380733,-0.4996787,0.00207381,-0.024929589,-1.505203,0.13838288,-0.00727643,-0.0037964594,-0.003795398,0.0024764535,-0.15715368,0.99774516,0.06696511,-0.5,-1.503173,0.017571303993463516,0.19095903635025024,-0.002030014991760254,-1.9128572993240844,-0.9441225,3.7359297,-0.57849884,3.3703067,2.2226353,-2.2040367
93.9,1.0076307,0.038752094,-0.49971685,0.0021248201,-0.024744565,-1.5207756,0.13600086,-0.00803781,-0.0037561373,-0.0033716622,0.0015273946,-0.15568034,0.99863964,0.05207235,-0.5,-1.5184159,0.01607322506606579,0.1906997561454773,-0.0023596286773681636,-1.919874611126391,-0.7548233,3.8205464,-0.49312606,3.5588496,2.2484825,-2.1780064
94.0,1.0074521,0.025307668,-0.49975938,0.002202772,-0.024655828,-1.5362351,0.13413517,-0.008514219,-0.0037269103,-0.003045482,0.00055897865,-0.15454939,0.99930936,0.03713272,-0.5,-1.5335523,0.014359473250806332,0.1909007877111435,-0.002682805061340332,-1.92690201909894,-0.5811129,3.9170024,-0.4123231,3.748213,2.2742267,-2.1515856
94.10000000000001,1.0070333,0.012010322,-0.49980497,0.0023026434,-0.024664246,-1.5516158,0.13269778,-0.008787804,-0.0037093887,-0.0027931451,-0.00042287834,-0.15375982,0.9997543,0.02215968,-0.5,-1.5486131,0.012491273693740368,0.19144299626350403,-0.0030027627944946293,-1.9339571941200284,-0.42313847,4.022474,-0.3386154,3.937951,2.2997284,-2.1249537
94.2,1.0063937,-0.0011679804,-0.49985284,0.0024215272,-0.024770314,-1.5669519,0.13158427,-0.008931107,-0.0037041102,-0.002593295,-0.0014137129,-0.15331087,0.9999743,0.007166696,-0.5,-1.5636288,0.01052124798297882,0.19220425188541412,-0.003323078155517578,-1.9410531936265891,-0.2796006,4.1347513,-0.2739924,4.129143,2.325281,-2.097915
94.30000000000001,1.0055449,-0.014245726,-0.49990234,0.0025581745,-0.024973977,-1.5822773,0.13069148,-0.008999669,-0.003711387,-0.0024292946,-0.0024076104,-0.15320188,0.9999693,-0.007832739,-0.5,-1.5786301,0.008498424664139748,0.1930762231349945,-0.0036472082138061523,-1.9482023568342177,-0.14874367,4.2524285,-0.21977042,4.3234553,2.3513217,-2.0700498
94.4,1.0044937,-0.027234495,-0.49995318,0.0027124267,-0.025274115,-1.5976261,0.12994657,-0.009030351,-0.0037315735,-0.0022903,-0.0033938943,-0.15343249,0.99973935,-0.022825124,-0.5,-1.5936472,0.006484498735517263,0.1939850151538849,-0.003978848457336426,-1.9554144022611655,-0.02927256,4.374542,-0.1769721,4.522242,2.3783147,-2.0409417
94.5,1.0032432,-0.040138733,-0.5000053,0.0028848462,-0.025668878,-1.6130325,0.1292769,-0.009048598,-0.0037648713,-0.002169204,-0.0043653813,-0.15400288,0.9992844,-0.037796967,-0.5,-1.6087108,0.004599582403898239,0.19486483931541443,-0.004321694374084473,-1.9627004081051922,0.08012034,4.500738,-0.14613335,4.7269917,2.4067008,-2.0102255
94.60000000000001,1.001795,-0.05295868,-0.50005877,0.0030762858,-0.026155354,-1.6285304,0.12864049,-0.009066785,-0.0038112607,-0.002063319,-0.0053116824,-0.1549138,0.99860466,-0.052734796,-0.5,-1.6238512,0.0031987838447093964,0.19568009674549103,-0.0046792030334472665,-1.970070380732351,0.18001261,4.630854,-0.12778579,4.9386525,2.436814,-1.9776372
94.7,1.0001497,-0.06569051,-0.5001137,0.0032876774,-0.02672989,-1.6441543,0.1279974,-0.009090936,-0.0038704502,-0.0019721,-0.0062257815,-0.15616699,0.9977002,-0.06762517,-0.5,-1.6390996,0.0031234538182616234,0.19640077650547028,-0.0050547122955322266,-1.9775354358455877,0.27083156,4.7651005,-0.12222741,5.1581593,2.468898,-1.9429939
94.80000000000001,0.9983081,-0.07832781,-0.50017047,0.003519733,-0.0273881,-1.6599387,0.12732226,-0.009117669,-0.003941936,-0.0018980938,-0.007100827,-0.15776509,0.9965713,-0.08245468,-0.5,-1.6544873,0.004480697680264711,0.19701331853866577,-0.0054514408111572266,-1.9851091954516928,0.35248917,4.903989,-0.12963565,5.3861136,2.5030768,-1.9062377
94.9,0.9962713,-0.0908645,-0.5002293,0.003772866,-0.028124554,-1.6759186,0.12661871,-0.0091407765,-0.004024944,-0.0018447117,-0.007926738,-0.15971208,0.99521816,-0.09720999,-0.5,-1.6700463,0.006436375435441732,0.19752635061740875,-0.005872249603271484,-1.9928505378360142,0.42411005,5.0477333,-0.15064736,5.6224904,2.5393872,-1.867395
95.0,0.9940489,-0.103338495,-0.50028914,0.004043024,-0.028923694,-1.6921293,0.12631643,-0.009027973,-0.0041182605,-0.0018570016,-0.008602716,-0.16201153,0.9936411,-0.11187782,-0.5,-1.6858094,0.008553947322070599,0.19834329187870026,-0.006319880485534667,-2.0008033548971778,0.47061,5.1916986,-0.19125007,5.853558,2.5765045,-1.8278737
95.10000000000001,0.99165505,-0.11581263,-0.5003481,0.0043227556,-0.02976453,-1.7086067,0.12665167,-0.008681402,-0.00421893,-0.001967904,-0.009074183,-0.16467007,0.9918405,-0.12644497,-0.5,-1.7018099,0.010639648884534836,0.1997113972902298,-0.006796836853027344,-2.0089992737339486,0.47706756,5.3322287,-0.2566005,6.065896,2.6126204,-1.7895947
95.2,0.98910564,-0.12835905,-0.5004036,0.0046020905,-0.03062354,-1.7253877,0.12770383,-0.008035487,-0.0043229302,-0.002200688,-0.009315108,-0.16769661,0.98981667,-0.14089832,-0.5,-1.7180823,0.012565892189741135,0.20174561440944672,-0.007305383682250976,-2.017454254460805,0.43157104,5.4677396,-0.3498506,6.24916,2.6457725,-1.7546147
95.30000000000001,0.9864147,-0.14104128,-0.5004531,0.004870328,-0.03147792,-1.74251,0.1293775,-0.007081715,-0.004425807,-0.0025602768,-0.009331342,-0.17110212,0.9875702,-0.15522487,-0.5,-1.7346622,0.014237802475690842,0.2043934464454651,-0.007847785949707031,-2.0261789130498515,0.3278674,5.59899,-0.47178566,6.3986416,2.6743486,-1.7246459
95.4,0.9835902,-0.15391013,-0.500494,0.0051177065,-0.03230585,-1.7600127,0.13154413,-0.005862657,-0.0045231692,-0.003034818,-0.009131222,-0.17489867,0.9851015,-0.16941173,-0.5,-1.7515862,0.015582935884594917,0.20754030346870422,-0.008426547050476074,-2.0351769394450523,0.16352409,5.7268267,-0.62309563,6.513445,2.6973133,-1.7007524
95.5,0.98063433,-0.16699927,-0.5005242,0.0053359377,-0.033087317,-1.7779362,0.13403499,-0.0044353725,-0.0046111457,-0.0036069907,-0.008731323,-0.17909837,0.98241115,-0.18344614,-0.5,-1.7688924,0.016550876200199127,0.21102803945541382,-0.00904381275177002,-2.0444476509323604,-0.060969,5.8530893,-0.80355656,6.595675,2.714111,-1.6835518
95.60000000000001,0.97754157,-0.180325,-0.500542,0.005519245,-0.033804126,-1.7963217,0.1366887,-0.0028857226,-0.004686361,-0.0042490824,-0.008148494,-0.18371335,0.9794998,-0.19731545,-0.5,-1.7866203,0.017111515626311302,0.21468177437782288,-0.00970149040222168,-2.0539844677068952,-0.34278625,5.9792166,-1.0134493,6.6498775,2.72478,-1.6730287
95.7,0.97430044,-0.19388478,-0.5005461,0.005664276,-0.034440584,-1.8152118,0.13933067,-0.0012943198,-0.004746176,-0.0049341195,-0.007406486,-0.18875536,0.97636807,-0.2110072,-0.5,-1.8048108,0.017255447804927826,0.21831704676151276,-0.010401010513305664,-2.063779380708075,-0.67749995,6.1073966,-1.252419,6.6823134,2.729748,-1.6687663
95.80000000000001,0.9708934,-0.20765993,-0.5005362,0.0057704574,-0.03498316,-1.8346503,0.14182149,0.00024912212,-0.004788696,-0.0056315907,-0.0065260814,-0.19423583,0.9730166,-0.22450905,-0.5,-1.8235065,0.01699083112180233,0.22176912426948547,-0.011143803596496582,-2.073817988653296,-1.0596128,6.239495,-1.5205405,6.7004204,2.729851,-1.6699657
95.9,0.96729994,-0.2216131,-0.50051254,0.0058394717,-0.03542167,-1.854682,0.14399464,0.0016716687,-0.004812682,-0.006316135,-0.005540184,-0.20016536,0.96944624,-0.23780885,-0.5,-1.8427519,0.016345394775271416,0.22486090660095215,-0.011930108070373535,-2.084088189558821,-1.4823407,6.378666,-1.8167514,6.7130737,2.7260947,-1.6756101
96.0,0.9634977,-0.2356932,-0.50047624,0.0058750096,-0.03574863,-1.8753526,0.14573641,0.0029082447,-0.0048176926,-0.006964972,-0.0044758385,-0.20655394,0.9656578,-0.25089464,-0.5,-1.8625929,0.015361521393060684,0.2274608463048935,-0.012759685516357422,-2.0945784996298427,-1.9390198,6.527883,-2.140268,6.7291284,2.719635,-1.684573
96.10000000000001,0.9594631,-0.24983875,-0.5004287,0.0058825314,-0.035959154,-1.896709,0.14696734,0.0039009242,-0.004803706,-0.0075577456,-0.0033591092,-0.21341065,0.96165204,-0.26375467,-0.5,-1.8830776,0.014093535020947456,0.2294694185256958,-0.013631343841552734,-2.1052792928634387,-2.4231448,6.689871,-2.490638,6.7573614,2.7116857,-1.6955725
96.2,0.95517397,-0.26398087,-0.50037205,0.0058684046,-0.036050927,-1.9187984,0.14763416,0.0046177814,-0.004771388,-0.00808276,-0.0022162562,-0.22074313,0.9574299,-0.2763773,-0.5,-1.9042555,0.012605512514710426,0.2308240830898285,-0.014542937278747559,-2.116183963833409,-2.9289675,6.8676777,-2.8671336,6.805841,2.7033794,-1.7074561
96.30000000000001,0.95061076,-0.27804646,-0.5003085,0.0058394014,-0.03602401,-1.9416692,0.14771268,0.0050423206,-0.0047217146,-0.008533393,-0.0010721314,-0.22855735,0.9529924,-0.28875124,-0.5,-1.9261782,0.010970858857035637,0.23149555921554565,-0.01549100875854492,-2.1272892782886634,-3.451586,7.064246,-3.2690482,6.8817053,2.6956894,-1.719205
96.4,0.9457578,-0.29196075,-0.5002406,0.0058022393,-0.035880767,-1.9653698,0.1472001,0.0051723826,-0.0046558985,-0.00890768,4.9334038e-05,-0.23685654,0.9483404,-0.3008653,-0.5,-1.9488988,0.009274628013372421,0.23148101568222046,-0.016471028327941895,-2.1385942442766357,-3.9867697,7.282538,-3.69551,6.9912753,2.68941,-1.7299519
96.5,0.94060546,-0.3056477,-0.5001709,0.0057630287,-0.035626195,-1.9899486,0.14608993,0.0050235023,-0.0045753946,-0.009209272,0.0011205116,-0.24564037,0.9434751,-0.31270862,-0.5,-1.9724715,0.007623693905770779,0.23078446090221405,-0.01747715473175049,-2.150107865055456,-4.5307083,7.525967,-4.144904,7.1401596,2.6850846,-1.7390708
96.60000000000001,0.9351488,-0.31903782,-0.5001016,0.005726798,-0.035266545,-2.0154536,0.14445107,0.004626961,-0.004481946,-0.009446812,0.0021274984,-0.2549037,0.93839747,-0.32427052,-0.5,-1.9969522,0.006159982644021511,0.22948235273361206,-0.0185014009475708,-2.1618422668770183,-5.081705,7.7968125,-4.6163106,7.3314147,2.682965,-1.7462342
96.7,0.9293882,-0.33206877,-0.50003487,0.005697227,-0.034809526,-2.0419314,0.14235164,0.004023657,-0.0043772655,-0.009631578,0.0030547339,-0.26463524,0.93310875,-0.33554056,-0.5,-2.0223973,0.005088893696665764,0.22765648365020752,-0.019534111022949222,-2.173816394016473,-5.6388474,8.096981,-5.108592,7.566722,2.6830316,-1.7513838
96.80000000000001,0.92333055,-0.3446889,-0.4999722,0.0056758486,-0.03426356,-2.069427,0.13988498,0.0032807551,-0.004263057,-0.009782941,0.0038940858,-0.27481598,0.9276101,-0.34650868,-0.5,-2.0488634,0.004650482442229986,0.22542403638362885,-0.02056360244750977,-2.186053703615057,-6.2028604,8.428178,-5.619951,7.845265,2.684799,-1.754916
96.9,0.9169855,-0.3568595,-0.49991474,0.005662441,-0.03363701,-2.0979824,0.1371693,0.0024547975,-0.004140955,-0.009916277,0.0046455692,-0.28541785,0.92190266,-0.35716495,-0.5,-2.0764072,0.004927360452711582,0.2229188084602356,-0.021575212478637695,-2.198575980913895,-6.775284,8.790649,-6.1490254,8.164388,2.6875772,-1.7574426
97.0,0.9103657,-0.36855137,-0.49986324,0.0056554778,-0.032938637,-2.127636,0.13429022,0.0015894622,-0.004012478,-0.010042311,0.0053054746,-0.29640234,0.91598785,-0.3674998,-0.5,-2.1050835,0.005721281748265028,0.22024059295654297,-0.022552490234375003,-2.211403193178584,-7.356834,9.183839,-6.6938996,8.520901,2.690604,-1.7596622
97.10000000000001,0.9034843,-0.37974322,-0.49981803,0.0056527858,-0.03217739,-2.1584208,0.1313233,0.000709161,-0.003878995,-0.010165165,0.0058722813,-0.30771872,0.9098669,-0.37750393,-0.5,-2.134945,0.006766510661691427,0.21747194230556488,-0.02347588539123535,-2.2245522293842446,-7.947129,9.605791,-7.2524886,8.911147,2.693196,-1.7621855
97.2,0.89635396,-0.39042023,-0.49977922,0.0056519127,-0.03136223,-2.1903634,0.12833558,-0.00017193658,-0.003741829,-0.01028529,0.006346724,-0.3193028,0.9035413,-0.38716832,-0.5,-2.1660411,0.007891887798905373,0.21468429267406464,-0.0243222713470459,-2.2380355966096523,-8.544726,10.053212,-7.8222947,9.330777,2.694782,-1.7655306
97.30000000000001,0.8889881,-0.400572,-0.49974674,0.005650125,-0.03050232,-2.2234828,0.12536968,-0.001038506,-0.0036022717,-0.010403204,0.006728033,-0.33107597,0.8970124,-0.39648432,-0.5,-2.1984165,0.00900906603783369,0.2119288444519043,-0.02506637573242188,-2.2518612052425144,-9.146949,10.522048,-8.399554,9.77465,2.6948125,-1.7702067
97.4,0.8813986,-0.41019163,-0.49972028,0.005645003,-0.02960667,-2.257789,0.12246718,-0.0018924618,-0.003461428,-0.010513706,0.007018938,-0.3429451,0.8902817,-0.40544346,-0.5,-2.2321084,0.010076311416924,0.20924925804138184,-0.0256805419921875,-2.2660271286339526,-9.749552,11.006692,-8.979905,10.237041,2.6929078,-1.7765412
97.5,0.87359947,-0.4192704,-0.49969962,0.005634577,-0.02868522,-2.2932801,0.1196101,-0.0027394716,-0.003320274,-0.010610473,0.00721177,-0.35480225,0.8833506,-0.41403776,-0.5,-2.2671456,0.011070474982261658,0.2066344916820526,-0.026134490966796875,-2.2805286331736205,-10.345729,11.501305,-9.557096,10.712668,2.6888452,-1.7847234
97.60000000000001,0.86560524,-0.42779967,-0.49968448,0.0056174677,-0.027748091,-2.3299432,0.11680191,-0.0035882688,-0.0031798019,-0.010686516,0.007306182,-0.36652628,0.8762208,-0.42225945,-0.5,-2.303546,0.011978493072092533,0.20409226417541504,-0.026397228240966797,-2.2953531187149516,-10.927547,11.998671,-10.124156,11.195275,2.682544,-1.7947931
97.7,0.8574338,-0.43576834,-0.49967465,0.0055928994,-0.02680628,-2.3677514,0.11400974,-0.0044462164,-0.0030409226,-0.010735427,0.0072949165,-0.37798467,0.86889386,-0.43010113,-0.5,-2.3413148,0.012788910418748856,0.2015976756811142,-0.026436567306518555,-2.3104833171065073,-11.485132,12.491326,-10.672445,11.678636,2.674047,-1.8066754
97.80000000000001,0.84910625,-0.4431625,-0.4996699,0.005561108,-0.025871577,-2.4066644,0.111199155,-0.0053309393,-0.002904441,-0.010747793,0.0071713147,-0.38903624,0.8613714,-0.43755573,-0.5,-2.3804405,0.01348994579166174,0.19912070035934448,-0.02622389793395996,-2.325895614185713,-12.006959,12.9709215,-11.192623,12.156582,2.663627,-1.8200496
97.9,0.8406518,-0.44996402,-0.49967027,0.005522989,-0.024957497,-2.4466267,0.108292274,-0.006246611,-0.0027712227,-0.010718917,0.0069190734,-0.39953429,0.85365516,-0.4446166,-0.5,-2.4208949,0.014063812792301178,0.1965949833393097,-0.025731801986694336,-2.3415668454835377,-12.479805,13.42999,-11.673429,12.62361,2.6516438,-1.8345249
98.0,0.83210605,-0.45615333,-0.49967575,0.005480305,-0.024078706,-2.4875684,0.10523751,-0.007199647,-0.0026421847,-0.0106437905,0.0065272776,-0.40933114,0.8457468,-0.45127732,-0.5,-2.4626288,0.014489687979221344,0.19397705793380737,-0.024939537048339844,-2.357474402301083,-12.890015,13.860682,-12.103499,13.074163,2.638614,-1.8495407
98.10000000000001,0.8235093,-0.46171254,-0.4996864,0.0054357774,-0.023250418,-2.5294049,0.102016814,-0.008195361,-0.0025182904,-0.010517982,0.0059906677,-0.41828254,0.8376482,-0.4575319,-0.5,-2.5055716,0.014747394248843193,0.19125565886497498,-0.023833274841308594,-2.3735941891143213,-13.224469,14.254717,-12.472176,13.50242,2.6252224,-1.864359
98.2,0.81490856,-0.46662694,-0.49970216,0.005392557,-0.022488816,-2.572038,0.098598436,-0.009218782,-0.0024006262,-0.010343708,0.0052991104,-0.4262519,0.82936114,-0.46337476,-0.5,-2.5496297,0.014816961251199245,0.18841183185577393,-0.022408246994018555,-2.389906916929962,-13.470686,14.60518,-12.768471,13.902962,2.6121345,-1.8782519
98.30000000000001,0.8063554,-0.47089073,-0.49972308,0.0053534736,-0.021810187,-2.6153574,0.094993606,-0.010228727,-0.0022906722,-0.010132038,0.0044507626,-0.4331148,0.82088745,-0.4688006,-0.5,-2.5946858,0.014684181660413742,0.18547292053699493,-0.020671606063842773,-2.4063957681748964,-13.618717,14.906283,-12.981992,14.269555,2.599822,-1.8907121
98.4,0.79790235,-0.47451007,-0.499749,0.005320746,-0.021230347,-2.6592417,0.09124568,-0.011173349,-0.0021900558,-0.009897749,0.0034495513,-0.43876266,0.8122291,-0.47380456,-0.5,-2.6405993,0.014346307143568993,0.18249665200710297,-0.018642425537109375,-2.4230601421575635,-13.661457,15.153347,-13.103772,14.595659,2.588556,-1.9014174
98.5,0.7895728,-0.477523,-0.4997792,0.0052945307,-0.020757155,-2.7035604,0.08774211,-0.011957513,-0.002101426,-0.009670455,0.002374318,-0.44310594,0.80338794,-0.47838214,-0.5,-2.6872087,0.013843614608049393,0.17988321185112,-0.016351699829101562,-2.4398703576529446,-13.60386,15.337526,-13.132131,14.865794,2.5780447,-1.9106756
98.60000000000001,0.78136766,-0.47998473,-0.49981257,0.005273872,-0.020393899,-2.7481763,0.08472076,-0.012520575,-0.0020264897,-0.009466942,0.0012708307,-0.4460773,0.79436606,-0.4825292,-0.5,-2.7343338,0.013246429152786732,0.1778765171766281,-0.013842582702636719,-2.4567714389746893,-13.452277,15.451586,-13.067278,15.066585,2.567908,-1.9188963
98.7,0.77327436,-0.48195094,-0.49984822,0.005258785,-0.020142062,-2.7929482,0.08226312,-0.012875913,-0.0019663821,-0.009280972,0.00015761305,-0.44763282,0.7851655,-0.486242,-0.5,-2.7817786,0.012642591260373592,0.17655187845230103,-0.011169672012329102,-2.4736939520389454,-13.2103815,15.490337,-12.911174,15.191129,2.558303,-1.925971
98.80000000000001,0.7652718,-0.4834716,-0.49988532,0.0052505643,-0.020002091,-2.8377323,0.08038221,-0.013057093,-0.0019219038,-0.009102042,-0.0009549298,-0.44775155,0.7757882,-0.48951724,-0.5,-2.8293376,0.01213085651397705,0.17591409385204315,-0.008394718170166016,-2.490560770253018,-12.881183,15.451028,-12.667309,15.237152,2.5497432,-1.9314208
98.9,0.7573337,-0.48458916,-0.4999234,0.0052515017,-0.01997335,-2.8823853,0.07906501,-0.01309777,-0.001893733,-0.008921554,-0.0020566399,-0.44643548,0.76623636,-0.49235192,-0.5,-2.8767998,0.011812020093202591,0.1759427785873413,-0.005585432052612305,-2.507289610758267,-12.468472,15.333407,-12.340535,15.20547,2.542842,-1.9346948
99.0,0.7494325,-0.48533824,-0.49996212,0.0052642953,-0.020054357,-2.9267662,0.07826882,-0.013021357,-0.0018824198,-0.00873579,-0.003140242,-0.44370824,0.75651217,-0.49474356,-0.5,-2.923955,0.011772126890718937,0.17658886313438416,-0.0028111934661865234,-2.5237971062028333,-11.977127,15.140057,-11.936497,15.099425,2.538171,-1.9352329
99.10000000000001,0.74154305,-0.48574597,-0.50000143,0.005291597,-0.020243257,-2.970738,0.07792677,-0.012845229,-0.0018885563,-0.008544658,-0.004203303,-0.4396138,0.74661773,-0.49668992,-0.5,-2.9705987,0.012063266709446907,0.1777789145708084,-0.0001392364501953125,-2.5400113876084607,-11.412981,14.876137,-11.461515,14.92467,2.5362167,-1.9325967
99.2,0.73361516,-0.48584312,-0.5000409,0.0053339847,-0.020531433,-3.0141702,0.07826551,-0.012532234,-0.0019130156,-0.008367658,-0.0051795053,-0.4342137,0.7365553,-0.4981893,-0.5,-3.0165386,0.0126914968714118,0.17973242700099945,0.002368450164794922,-2.5558486265226645,-10.791654,14.544266,-10.92714,14.679752,2.5367687,-1.9270936
99.30000000000001,0.7255552,-0.48566893,-0.5000792,0.0053875926,-0.02089968,-3.0569403,0.07970039,-0.011980845,-0.0019561336,-0.008244605,-0.0059632557,-0.42758453,0.7263272,-0.49924037,-0.5,-3.0615973,0.013593611307442188,0.18285098671913147,0.00465703010559082,-2.571188378631519,-10.139259,14.145105,-10.348941,14.354787,2.5384746,-1.9202478
99.4,0.717239,-0.48526078,-0.50011444,0.0054443986,-0.02132154,-3.098934,0.08249381,-0.011109395,-0.0020166417,-0.008207832,-0.0064804973,-0.41981572,0.7159356,-0.49984214,-0.5,-3.1056173,0.014639941044151783,0.18737344443798065,0.006683349609375,-2.585883416432887,-9.482735,13.680963,-9.742331,13.940559,2.5393176,-1.9142613
99.5,0.708528,-0.4846452,-0.500144,0.0054931594,-0.02176637,-3.140047,0.086742625,-0.009876555,-0.0020919626,-0.008277667,-0.0066860653,-0.41100678,0.70538294,-0.49999407,-0.5,3.1347225,0.015668446198105812,0.193369060754776,0.008415524159566945,-2.561178248198929,-8.845931,13.156307,-9.121305,13.431682,2.5370224,-1.9115646
99.60000000000001,0.6992842,-0.4838312,-0.5001653,0.005520953,-0.0222019,3.1029994,0.092398375,-0.008294951,-0.0021786382,-0.00845817,-0.006559592,-0.40126455,0.69467163,-0.49969605,-0.5,3.0931647,0.01652260683476925,0.20076532661914825,0.009834766387939453,-2.535011193623189,-8.247787,12.577269,-8.49843,12.827912,2.5295,-1.9144021
99.7,0.689385,-0.48280513,-0.5001756,0.005515443,-0.022596555,3.063917,0.09928753,-0.0064462773,-0.0022725433,-0.008731445,-0.006103679,-0.39070114,0.683804,-0.49894834,-0.5,3.0529842,0.017081616446375847,0.20937509834766388,0.010932683944702148,-2.5088304825002323,-7.700777,11.950588,-7.8852563,12.135069,2.5153167,-1.924305
99.80000000000001,0.67879486,-0.48152488,-0.5001742,0.005469979,-0.02293435,3.0259614,0.10654841,-0.00455918,-0.002368683,-0.009030518,-0.005470756,-0.37943223,0.6727825,-0.49775162,-0.5,3.0142477,0.017305666580796242,0.2183454930782318,0.011713743209838869,-2.4826033134668877,-7.193649,11.292609,-7.2830524,11.382014,2.4949355,-1.9408164
99.9,0.6675443,-0.47993532,-0.5001616,0.005382874,-0.02320935,2.9891925,0.113561295,-0.0028229165,-0.002463626,-0.009303056,-0.0047606854,-0.36757362,0.6616096,-0.49610695,-0.5,2.977001,0.01722697541117668,0.2270725816488266,0.012191534042358398,-2.4563490295315527,-6.7123117,10.61953,-6.6922216,10.599441,2.4697073,-1.9625189
