trajectory,controller,time,x,y,z,roll,pitch,yaw,u,v,w,p,q,r,x_ref,y_ref,z_ref,roll_ref,pitch_ref,yaw_ref,u_ref,v_ref,w_ref,p_ref,q_ref,r_ref,tracking_error_m,velocity_error,yaw_error,reward,T1,T2,T3,T4,T5,T6,control_effort,control_effort_normalized
figure_eight_depth,nmpc,0.0,0.0,0.0,0.0,0.0,0.0,0.0,0.0,0.0,0.0,0.0,0.0,0.0,0.0,0.0,-0.6,0.0,0.0,0.7853981606558915,0.052359877464131496,0.05235987717703634,0.006544984691991829,0.0,0.0,0.0,0.6,0.0743367360776057,-0.7853981606558915,0.9746201696714157,12.0,-12.0,12.0,-12.0,-12.0,12.0,864.0,0.09
figure_eight_depth,nmpc,0.1,-4.2618707e-05,3.6866022e-05,-0.0095750885,-0.0007390413,2.8692444e-05,0.01169091,-0.00042618706,0.00036866023,-0.09575088,-0.0073904134,0.00028692445,0.1169091,0.010471784116245794,0.01047120994167848,-0.5986910090421451,0.0,0.0,0.7853159064358647,0.10471401307765756,0.1046967875814337,0.01308978994990495,0.0,0.0,0.0,0.5893021262697536,0.1838072685698974,-0.7736249964615877,0.9135247783834813,24.0,-24.0,24.0,-24.0,-24.0,24.0,3456.0,0.36
figure_eight_depth,nmpc,0.2,-0.00012567748,0.00012581548,-0.035978686,-0.0026944545,0.00013858586,0.045351397,-0.00081255636,0.0010942772,-0.26403525,-0.01956379,0.000850169,0.33660558,0.02094241988335696,0.020937826864599815,-0.5973820539709386,0.0,0.0,0.7850690535490393,0.10469678815549534,0.10462789733749721,0.013089251652664835,0.0,0.0,0.0,0.562183907668366,0.31408505901987754,-0.7397176563029171,0.8114269040227786,36.0,-36.0,36.0,-26.142221,-36.0,36.0,7163.416,0.7461891
figure_eight_depth,nmpc,0.30000000000000004,0.0030395004,0.0028595752,-0.08476915,-0.00557674,0.0005541603,0.103332885,0.032926224,0.027189057,-0.48782858,-0.028903207,0.0025934463,0.579824,0.03141075907812829,0.03139525976465669,-0.5960731706720448,0.0,0.0,0.7846573311162532,0.1046680820506879,0.10451311383980269,0.013088354506918254,0.0,0.0,0.0,0.5128849900441473,0.511902023530074,-0.6813244465065539,0.6907548397260492,39.999874,-37.823505,39.999847,-27.008791,-35.79158,35.942482,7932.9688,0.826351
figure_eight_depth,nmpc,0.4,0.010699745,0.008788048,-0.15037523,-0.008396032,0.0012320481,0.17420498,0.08267256,0.054724637,-0.65572006,-0.028585667,0.0028264425,0.7087476,0.04187565372919963,0.04183892166615775,-0.5947643950291608,0.0,0.0,0.7840802870087799,0.10462789791118587,0.10435248743619757,0.01308709853742318,0.0,0.0,0.0,0.4467057483711144,0.6710051931074195,-0.6098753116421874,-0.4231088529435378,39.999493,-36.235657,39.999672,-27.752108,-25.475756,25.371826,6575.8794,0.68498737
figure_eight_depth,nmpc,0.5,0.022408865,0.017793132,-0.22004823,-0.010454281,0.0019106156,0.24760786,0.13178536,0.074238956,-0.69596946,-0.021486852,0.00062258245,0.73405933,0.05233595624294383,0.05226423163382673,-0.5934557629230317,0.0,0.0,0.7833372868513121,0.10457624014362232,0.10414608858271349,0.013085483778374485,0.0,0.0,0.0,0.3761875466216967,0.7102067935733506,-0.5357294298624052,-0.5232760678756705,36.804096,-33.128155,38.044643,-27.106367,-15.058169,14.727594,5077.8164,0.52893925
figure_eight_depth,nmpc,0.6000000000000001,0.037063334,0.02925421,-0.28512368,-0.011651653,0.002335745,0.31918582,0.17140777,0.08199487,-0.64960647,-0.013341289,-0.003231749,0.7157836,0.06279051952931337,0.06266661678215212,-0.592147310230468,0.0,0.0,0.7824275126232177,0.10451311441286859,0.10389400781271596,0.013083510274236598,0.0,0.0,0.0,0.3099060970415407,0.666417641442207,-0.4632416894210845,-0.6094488463115968,30.892937,-28.566116,33.01793,-24.471832,-7.091242,6.6715574,3554.246,0.37023398
figure_eight_depth,nmpc,0.7000000000000001,0.05295969,0.042340122,-0.34201857,-0.012052222,0.0023238675,0.3861602,0.19332565,0.08098659,-0.5675938,-0.0055700475,-0.007922192,0.66969514,0.07323819712763169,0.07304151428120581,-0.5908390728233609,0.0,0.0,0.7813499608548116,0.10443852764135259,0.10359635569717057,0.013081178079077382,0.0,0.0,0.0,0.251526208687527,0.587873768689588,-0.39518976598100175,-0.6829150560370063,24.406645,-23.279753,27.0257,-20.572727,-1.6634274,1.2747031,2295.6487,0.23913006
figure_eight_depth,nmpc,0.8,0.06887146,0.056265973,-0.39003292,-0.011812312,0.0018368613,0.44716555,0.20096537,0.07485065,-0.4788103,0.0009814224,-0.01222201,0.6099488,0.0836778433323155,0.08338437335805114,-0.5895310865677,0.0,0.0,0.780103440413824,0.10435248800837182,0.10325326279610886,0.013078487256790172,0.0,0.0,0.0,0.20187658650985715,0.5020909754136991,-0.33293789161240184,-0.7450965935199034,18.251421,-17.928556,21.075912,-16.191866,1.7779013,-2.0657938,1368.3464,0.14253609
figure_eight_depth,nmpc,0.9,0.084136285,0.070421,-0.42970037,-0.011100234,0.0009437429,0.5015792,0.19957557,0.06630269,-0.3955532,0.006121272,-0.015357917,0.5439927,0.09410831331851431,0.0936906572928623,-0.5882233873225893,0.0,0.0,0.7786865698791186,0.10425500494912893,0.10286487960144142,0.013075437881204799,0.0,0.0,0.0,0.1605318153283199,0.4211889950328864,-0.2771073448157946,-0.7976033969299807,12.825506,-12.967335,15.672217,-11.907908,3.814539,-3.9784715,750.44104,0.07817093
figure_eight_depth,nmpc,1.0,0.09849988,0.08439108,-0.4619839,-0.010069199,-0.00023449604,0.54921687,0.19341774,0.05700941,-0.32203972,0.009860776,-0.017069442,0.47621608,0.10452846326765346,0.10395584540887964,-0.586916010939264,0.0,0.0,0.7770977744934099,0.10414608915375323,0.10243137647086842,0.013072030035865545,0.0,0.0,0.0,0.12659841580354603,0.34976059021788636,-0.2278809080001848,-0.8426088429461442,8.290597,-8.664548,11.057327,-8.086109,4.903205,-4.9532347,380.034,0.039586876
figure_eight_depth,nmpc,1.1,0.1119479,0.097930774,-0.48793226,-0.008847317,-0.0015670977,0.5901857,0.18532166,0.047894195,-0.25905812,0.0123148905,-0.017450502,0.40953305,0.11493715049286661,0.11417543505532787,-0.5856089932601082,0.0,0.0,0.7753352826909853,0.1040257525660726,0.1019529435531824,0.013068263814197678,0.0,0.0,0.0,0.09906345391099775,0.2891092186532459,-0.18514958084390887,-0.8802868205755171,4.6788898,-5.1442156,7.318591,-4.9191546,5.3703346,-5.3365083,183.43364,0.01910767
figure_eight_depth,nmpc,1.2000000000000002,0.124577515,0.11093041,-0.5085435,-0.0075394474,-0.0029376382,0.6247984,0.17695335,0.039544642,-0.20604797,0.01362111,-0.01676712,0.3459918,0.12533323356430426,0.12434494358242741,-0.5843023701176716,0.0,0.0,0.773397122191584,0.10389400838235752,0.10142979070485586,0.01306413931950745,0.0,0.0,0.0,0.07694107129117897,0.23911828359297382,-0.14859870510021433,-0.9116851303109977,1.9394702,-2.4209402,4.4405956,-2.4687173,5.441558,-5.3638463,93.81735,0.009772641
figure_eight_depth,nmpc,1.3,0.13652703,0.12337089,-0.5247152,-0.006227485,-0.0042536263,0.6535094,0.16921304,0.032227766,-0.16197659,0.0139630465,-0.015324127,0.28700146,0.13571557243430438,0.13445991030763285,-0.5829961773336879,0.0,0.0,0.7712811156541809,0.10375087104985692,0.10086214739807309,0.013059656664815567,0.0,0.0,0.0,0.059332106084306606,0.19908204849512448,-0.11777173722095335,-0.9377653898496854,-0.033158634,-0.4318145,2.339022,-0.7029766,5.2708373,-5.192278,60.89424,0.00634315
figure_eight_depth,nmpc,1.4000000000000001,0.14793858,0.13528574,-0.53723186,-0.0049720965,-0.0054483796,0.6768604,0.16250806,0.026002204,-0.1256993,0.01354715,-0.013401459,0.23342912,0.14608302856241162,0.1445158984722358,-0.581690450718092,0.0,0.0,0.7689848758804891,0.10359635626518149,0.1002502626199081,0.013054815973079226,0.0,0.0,0.0,0.0454445271323114,0.16803590768328722,-0.09212448378683069,-0.9593850418951082,-1.3728507,0.93078476,0.89101356,0.46620792,4.9623046,-4.9244905,52.637405,0.0054830634
figure_eight_depth,nmpc,1.5,0.15893881,0.14673236,-0.5467669,-0.0038152956,-0.0064792316,0.6954346,0.15692551,0.020809684,-0.096104465,0.012579993,-0.011231903,0.18568534,0.15643446504023087,0.15450849718747373,-0.5803852260680388,0.0,0.0,0.7665058005618615,0.10343048097261054,0.09959440476324521,0.013049617376914568,0.0,0.0,0.0,0.03459672578124621,0.14485635858038298,-0.07107123024936146,-0.9772925602867147,-2.2211323,1.7935591,-0.04058089,1.1538962,4.5853724,-4.6258116,51.90718,0.005406998
figure_eight_depth,nmpc,1.6,0.16963337,0.15777579,-0.5538911,-0.002783359,-0.007322977,0.70981836,0.15240279,0.01654205,-0.07216912,0.011251316,-0.008986161,0.14380148,0.16676874671610228,0.16443332336929165,-0.5790805391669211,0.0,0.0,0.7638410665588227,0.10325326336224627,0.0988948615090468,0.013044061018929742,0.0,0.0,0.0,0.026211363271303766,0.12829242898341092,-0.0540227033691254,-0.9921295123231453,-2.709459,2.2803514,-0.58694154,1.4774325,4.185354,-4.336058,51.38707,0.00535282
figure_eight_depth,nmpc,1.7000000000000002,0.18010692,0.16847883,-0.55908334,-0.0018894874,-0.007971122,0.72057354,0.14880696,0.013072289,-0.052976843,0.009726312,-0.0067807725,0.10753078,0.1770847403195833,0.1742860236609076,-0.5777764257833896,0.0,0.0,0.7609876237044549,0.10306472286801538,0.09815193970008629,0.013038147051391835,0.0,0.0,0.0,0.019806272436068424,0.11699947923691881,-0.04041407920219664,-1.0044380208913135,-2.9496343,2.4996681,-0.8614486,1.5415711,3.7907777,-4.0776014,49.06405,0.005110838
figure_eight_depth,nmpc,1.8,0.19042346,0.17889558,-0.56274086,-0.001136484,-0.008426148,0.7282192,0.14595635,0.010275485,-0.037720565,0.0081394715,-0.004694714,0.07644522,0.1873813145857246,0.18406227634233896,-0.5764729216703715,0.0,0.0,0.7579421881239599,0.10286488016544859,0.09736596520640295,0.01303187563650443,0.0,0.0,0.0,0.01498395368715456,0.10962407091687483,-0.02972297702242788,-1.0146783244898385,-3.03012,2.5393965,-0.9549399,1.4320109,3.4186308,-3.8611324,45.188107,0.0047070943
figure_eight_depth,nmpc,1.9000000000000001,0.20063025,0.18907037,-0.5651905,-0.000519347,-0.008697519,0.7332214,0.1436854,0.008039418,-0.025698593,0.0065928563,-0.0027705587,0.050017003,0.19765734037912616,0.1937577932260515,-0.5751700625640902,0.0,0.0,0.7547012350591811,0.10265375716961289,0.09653728278240237,0.013025246946130054,0.0,0.0,0.0,0.01141936364001265,0.10495238755212963,-0.021479823354163985,-1.0232380363202525,-3.0171597,2.4670095,-0.9362051,1.2148626,3.078027,-3.689786,40.63053,0.004232347
figure_eight_depth,nmpc,2.0,0.2107606,0.19903678,-0.56669813,-2.7411816e-05,-0.008799103,0.73598915,0.14183606,0.0062621073,-0.016307812,0.0051600775,-0.0010302062,0.027676264,0.20791169081775931,0.2033683215379001,-0.5738678841830867,0.0,0.0,0.7512609911929495,0.10243137703248861,0.09566625591558853,0.013018261162067724,0.0,0.0,0.0,0.008847815684640147,0.10200906613226135,-0.01527183780778718,-1.0307974083249962,-2.957083,2.3313498,-0.8539459,0.93799376,2.7727396,-3.5619664,36.164276,0.0037671123
figure_eight_depth,nmpc,2.1,0.2208366,0.20882024,-0.5674783,0.00035313496,-0.008746855,0.736875,0.1402843,0.0048696706,-0.00903598,0.0038834107,0.0005222368,0.008857835,0.21814324139654254,0.21288964578253633,-0.5725664222272386,0.0,0.0,0.7476174264628714,0.10219776414061021,0.09475326666716355,0.013010918475775402,0.0,0.0,0.0,0.007050051240206575,0.10007852312040821,-0.010742428847057228,-1.037210115439002,-2.8823512,2.1670477,-0.7428469,0.63539165,2.503105,-3.473514,32.29042,0.0033635858
figure_eight_depth,nmpc,2.2,0.23087417,0.21844135,-0.5677019,0.00063779874,-0.008556656,0.7361766,0.13896222,0.0037999917,-0.0034529495,0.0027855502,0.0018995253,-0.006984463,0.22835087011065575,0.22231758959246375,-0.5712657123767834,0.0,0.0,0.7437662453610214,0.10195294411219358,0.09379871550431462,0.013003219088592033,0.0,0.0,0.0,0.005838935357369909,0.0986927686307484,-0.0075896353680404705,-1.0426914141421135,-2.8145137,1.9977051,-0.62644964,0.3301949,2.2673118,-3.4190571,29.244434,0.0030462954
figure_eight_depth,nmpc,2.3000000000000003,0.24088475,0.22791514,-0.567504,0.0008427104,-0.008244151,0.73414546,0.13780712,0.002988151,0.00079834624,0.0018753224,0.0031120894,-0.020312443,0.23853345757858088,0.23164801755993086,-0.5699657902913382,0.0,0.0,0.7397028777141106,0.10169694379456862,0.09280302112479877,0.012995163211571015,0.0,0.0,0.0,0.005052072620572985,0.09756750361980406,-0.005557415201140614,-1.047452783380108,-2.767279,1.838731,-0.5200683,0.03731663,2.062459,-3.3929107,27.076208,0.0028204385
figure_eight_depth,nmpc,2.4000000000000004,0.2508751,0.23725212,-0.56698996,0.0009811879,-0.007824492,0.73102045,0.13675976,0.0023907253,0.0040109195,0.0011271477,0.0041702576,-0.03125255,0.2486898871648548,0.24087683705085763,-0.5686666916089239,0.0,0.0,0.7354224689417319,0.10142979126102902,0.09176662027300664,0.012986751065591218,0.0,0.0,0.0,0.004552485917065971,0.096523689855754,-0.004402018349690896,-1.051674244016563,-2.7475755,1.6985925,-0.43212867,-0.23507985,1.8852367,-3.3895772,25.719736,0.0026791394
figure_eight_depth,nmpc,2.5,0.26084852,0.24645832,-0.5662419,0.0010648089,-0.0073118536,0.72701854,0.13576931,0.001960287,0.0064158714,0.00052308076,0.0050871167,-0.040023282,0.25881904510252074,0.24999999999999997,-0.5673684519449871,0.0,0.0,0.7309198697956227,0.10115151580789017,0.09068996754869885,0.012977982881301475,0.0,0.0,0.0,0.004234540810106544,0.09546941399215987,-0.00390133465844622,-1.0555049474167117,-2.7580419,1.5814201,-0.366394,-0.48328066,1.7320814,-3.403969,25.062601,0.0026106879
figure_eight_depth,nmpc,2.6,0.2708059,0.25553894,-0.56532323,0.0011034957,-0.0067186593,0.7223245,0.13481496,0.0016743449,0.008199781,4.365098e-05,0.0058819596,-0.046945356,0.2689198206152657,0.25901350468656514,-0.5660711068914239,0.0,0.0,0.7261896255810268,0.10086214795115844,0.0895735352073046,0.012968858899009561,0.0,0.0,0.0,0.004023579134620427,0.09434937940957128,-0.003865135033846667,-1.0590609317770363,-2.7984385,1.4883258,-0.32368508,-0.70643425,1.5994958,-3.4316337,24.98469,0.0026025719
figure_eight_depth,nmpc,2.7,0.28074706,0.26449662,-0.5642818,0.0011066581,-0.00605579,0.7170874,0.13387452,0.0014935026,0.009513518,-0.0003202367,0.006570896,-0.05237705,0.2789911060392293,0.26791339748949833,-0.5647746920156043,0.0,0.0,0.7212259648723643,0.10056171942324221,0.08841781295285123,0.012959379368959745,0.0,0.0,0.0,0.0038730633547340238,0.093152844352935,-0.0041385768337290916,-1.0624284856252537,-2.8669646,1.4184674,-0.30300236,-0.9057117,1.4841913,-3.4688635,25.379498,0.0026436977
figure_eight_depth,nmpc,2.8000000000000003,0.29067084,0.27333197,-0.5631535,0.001083001,-0.0053326837,0.71142125,0.132929,0.0013870546,0.010476433,-0.00057969743,0.007168355,-0.056668226,0.2890317969444716,0.27669577462167205,-0.5634792428593971,0.0,0.0,0.7160227877374715,0.10025026316962116,0.08722330772345521,0.012949544550888703,0.0,0.0,0.0,0.0037560291671667736,0.09187969471556871,-0.004601536440474452,-1.06566761723621,-2.9608252,1.3698902,-0.3022558,-1.083332,1.3832123,-3.5126927,26.16034,0.0027250352
figure_eight_depth,nmpc,2.9000000000000004,0.30057478,0.28204376,-0.5619649,0.0010401659,-0.0045575835,0.7054087,0.1319574,0.0013345021,0.01118119,-0.000748981,0.007685885,-0.060133185,0.2990407922560867,0.28535678384221586,-0.5621847949381952,0.0,0.0,0.7105736534893188,0.09992781334486334,0.08599054346850044,0.01293935471452512,0.0,0.0,0.0,0.00365754256710913,0.0905297227437197,-0.005164961129394463,-1.0688186109598665,-3.0763822,1.3400464,-0.31886595,-1.2416128,1.2940586,-3.5607805,27.256874,0.002839258
figure_eight_depth,nmpc,3.0,0.3104561,0.29063034,-0.5607352,0.0009845764,-0.0037373833,0.6991057,0.13095646,0.0013206385,0.011698601,-0.0008431589,0.008136435,-0.06303793,0.3090169943749474,0.2938926261462365,-0.5608913837399423,0.0,0.0,0.7048717679970388,0.09959440530935004,0.08472006091922446,0.012928810139256619,0.0,0.0,0.0,0.003569020763350683,0.08910979356333219,-0.005766088008177683,-1.0719030425897413,-3.2102046,1.3260373,-0.35031286,-1.3832527,1.2145445,-3.6113818,28.617092,0.0029809468
figure_eight_depth,nmpc,3.1,0.32031104,0.29908854,-0.5594784,0.0009214249,-0.0028781893,0.6925468,0.12990895,0.0013326354,0.012081894,-0.0008766466,0.008527356,-0.065597154,0.31895930929807,0.3022995574311874,-0.5595990447241597,0.0,0.0,0.6989099705948144,0.09925007562491817,0.08341241735113081,0.012917911114185276,0.0,0.0,0.0,0.0034860260232438636,0.08762280555374606,-0.006363185717037312,-1.0749341886266346,-3.3592412,1.3250947,-0.39420044,-1.5109726,1.1427802,-3.6633303,30.204744,0.0031463273
figure_eight_depth,nmpc,3.2,0.33013746,0.30741665,-0.5582041,0.00085453014,-0.0019845527,0.6857498,0.12883744,0.0013650133,0.012370566,-0.00086457527,0.008873736,-0.06797719,0.32886664673858323,0.31057389013915515,-0.5583078133209745,0.0,0.0,0.6926807206399102,0.09889486205130749,0.0820681863400452,0.012906657937961086,0.0,0.0,0.0,0.0034049821460838646,0.08608046987327962,-0.006930891824449948,-1.0779129177519509,-3.5207376,1.334911,-0.44822568,-1.6271499,1.0771044,-3.7158706,31.993954,0.0033327036
figure_eight_depth,nmpc,3.3000000000000003,0.33993334,0.31561184,-0.5569193,0.00078679854,-0.0010604559,0.67872036,0.12773627,0.0014040555,0.012593484,-0.0008168195,0.009180895,-0.070302345,0.33873792024529137,0.3187119948743448,-0.5570177249301476,0.0,0.0,0.6861760837823649,0.098528803541581,0.08068795751001168,0.012895050919281559,0.0,0.0,0.0,0.003324105138845611,0.08449321973404456,-0.007455728748490431,-1.0808328612475864,-3.6923335,1.3533283,-0.51062375,-1.7337924,1.0161521,-3.768551,33.96614,0.0035381392
figure_eight_depth,nmpc,3.4000000000000004,0.3496954,0.3236722,-0.5556286,0.00071947434,-0.00010935364,0.67145497,0.12660213,0.0014641334,0.012771487,-0.0007502884,0.009453855,-0.07266144,0.3485720473218152,0.3267103019950527,-0.5557288149201042,0.0,0.0,0.6793877180299676,0.09815194023823914,0.07927233627508246,0.01288309037611457,0.0,0.0,0.0,0.003240683406197518,0.08284649711696712,-0.007932751961699736,-1.084551451537886,-3.872079,1.3786887,-0.5798793,-1.8325063,0.9587682,-3.8211493,36.108536,0.0037613057
figure_eight_depth,nmpc,3.5,0.3594222,0.33159587,-0.5543352,0.00065343565,0.00086610625,0.66394407,0.12544934,0.0015319354,0.0129193,-0.00066860014,0.009700557,-0.075116046,0.3583679495453002,0.33456530317942906,-0.5544411186269631,0.0,0.0,0.6723068597058418,0.09776431346858461,0.07782194357347505,0.012870776636697556,0.0,0.0,0.0,0.0031528127455611905,0.08115804731321578,-0.00836279413501051,-1.0883219158563389,-4.0584764,1.4097276,-0.6547866,-1.9245911,0.9039982,-3.87358,38.413193,0.0040013744
figure_eight_depth,nmpc,3.6,0.369113,0.33938092,-0.55304116,0.0005890035,0.0018637119,0.6561741,0.12428395,0.0016036973,0.013047217,-0.0005770254,0.009925282,-0.07770608,0.3681245526846779,0.3422735529643443,-0.5531546713535689,0.0,0.0,0.6649243094231979,0.09736596574025369,0.07633741559537333,0.012858110038316273,0.0,0.0,0.0,0.003058959837153345,0.07943388526404205,-0.008750186135996985,-1.0920119996389828,-4.2504654,1.4454478,-0.73451316,-2.011096,0.851105,-3.9258313,40.876324,0.0042579505
figure_eight_depth,nmpc,3.7,0.37876546,0.3470218,-0.55174774,0.0005266247,0.0028807155,0.6481291,0.12307128,0.0016601066,0.013162373,-0.00047385282,0.010122649,-0.08045577,0.3778407868184671,0.3498316702566827,-0.5518695083685231,0.0,0.0,0.6572304182230806,0.09695694073658112,0.07481940350381744,0.012845090928359504,0.0,0.0,0.0,0.0029606235081393348,0.07768102902376554,-0.009101312655148462,-1.095597280070963,-4.447576,1.484998,-0.8186406,-2.0930607,0.7995043,-3.977915,43.500244,0.0045312755
figure_eight_depth,nmpc,3.8000000000000003,0.38837665,0.35450944,-0.5504558,0.00046700911,0.0039142994,0.63979185,0.121786736,0.0016773817,0.013269459,-0.0003559823,0.010291931,-0.083377965,0.387515586452103,0.3572363398164017,-0.5505856649052184,0.0,0.0,0.6492150740558397,0.09653728331174283,0.07326857314912671,0.012831719663763952,0.0,0.0,0.0,0.002862562591140764,0.07591459127763399,-0.00942322778051008,-1.0990652750937184,-4.6496983,1.5279917,-0.9068058,-2.171331,0.74872243,-4.029927,46.29232,0.0048221163
figure_eight_depth,nmpc,3.9000000000000004,0.3979466,0.36184037,-0.5491657,0.00040941176,0.0049634976,0.6311445,0.120488234,0.0016811587,0.013371503,-0.00023749338,0.010451598,-0.08647717,0.3971478906347806,0.3644843137107058,-0.5493031761608719,0.0,0.0,0.6408676888165151,0.09610703948592647,0.0716856047766612,0.01281799661112526,0.0,0.0,0.0,0.0027653707982451953,0.07413077285140937,-0.009723165195909655,-1.1024002020009225,-4.8565135,1.5742142,-0.9988296,-2.2461572,0.6984428,-4.0818915,49.256416,0.005130877
figure_eight_depth,nmpc,4.0,0.40747523,0.36901328,-0.5478778,0.00035220347,0.0060277386,0.6221695,0.11918956,0.0016905887,0.013470378,-0.00012661009,0.010605664,-0.089753434,0.40673664307580015,0.37157241273869707,-0.5480220772955602,0.0,0.0,0.6321771861940786,0.09566625644019666,0.07007119272872675,0.012803922146586988,0.0,0.0,0.0,0.002667488793906655,0.07231664404479105,-0.010007691565172339,-1.1055832403245236,-5.0675316,1.6235231,-1.0947584,-2.3172965,0.6485258,-4.13376,52.39262,0.005457564
figure_eight_depth,nmpc,4.1000000000000005,0.41696158,0.37602642,-0.5465921,0.00029371135,0.0071061784,0.61284924,0.11788046,0.0017083578,0.013567167,-2.3124576e-05,0.010751572,-0.09320453,0.4162807922604012,0.37849752782587825,-0.5467424034312558,0.0,0.0,0.6231319906266831,0.09521498251136018,0.06842604513976336,0.012789496656118171,0.0,0.0,0.0,0.0025675715990029968,0.07046686175029737,-0.01028275509201515,-1.1085998536209054,-5.282395,1.6760025,-1.1946527,-2.3843756,0.5988961,-4.18547,55.701958,0.0058022873
figure_eight_depth,nmpc,4.2,0.42640617,0.3828784,-0.5453087,0.00023259151,0.008198299,0.60316664,0.11657656,0.0017287491,0.013662378,7.6862096e-05,0.010892772,-0.096827246,0.42577929156507266,0.3852566213878946,-0.5454641896508643,0.0,0.0,0.6137200177226044,0.09475326718672017,0.06675088362587123,0.012774720535069228,0.0,0.0,0.0,0.0024643716189386737,0.06859243407474999,-0.01055337791776434,-1.1114307612599732,-5.5008273,1.7317941,-1.2986919,-2.4469075,0.5495515,-4.236917,59.18564,0.006165171
figure_eight_depth,nmpc,4.3,0.43580744,0.38956746,-0.54402757,0.00016732718,0.009303014,0.5931047,0.11525858,0.0017614749,0.013756235,0.00017224964,0.0110237375,-0.10061788,0.43523109937232746,0.39184672866291986,-0.5441874709972622,0.0,0.0,0.6039286665577726,0.09428116109858053,0.06504644296834172,0.012759594188671564,0.0,0.0,0.0,0.0023564334812539336,0.06667857725073649,-0.010823946442110932,-1.1140596205033861,-5.722847,1.7910109,-1.4071946,-2.5045736,0.5004748,-4.288053,62.849655,0.0065468387
figure_eight_depth,nmpc,4.4,0.4451645,0.396091,-0.54274875,9.69884e-05,0.010419277,0.58264714,0.11392817,0.0017961975,0.013848661,0.00026947176,0.011145137,-0.104573525,0.4446351791849275,0.3982649590120982,-0.542912282472336,0.0,0.0,0.5937448143284533,0.09379871601866707,0.06331347079108207,0.012744118031537965,0.0,0.0,0.0,0.002243426325999635,0.06473630980909234,-0.011097669533989163,-1.1164684882488958,-5.948584,1.8537991,-1.5205548,-2.5570452,0.45164454,-4.338867,66.702545,0.006948182
figure_eight_depth,nmpc,4.5,0.45447612,0.4024452,-0.54147214,2.1142727e-05,0.0115458695,0.57177746,0.11257674,0.0018234432,0.013939566,0.00037406464,0.01125538,-0.10869197,0.4539904997395468,0.4045084971874737,-0.5416386590360236,0.0,0.0,0.5831548139235037,0.09330598485252084,0.06155272723304406,0.012728292487940163,0.0,0.0,0.0,0.0021262083636869513,0.06277273674882941,-0.011377350964214106,-1.1187020950692688,-6.1783056,1.920349,-1.6391597,-2.6040804,0.40306008,-4.389315,70.75582,0.007370398
figure_eight_depth,nmpc,4.6000000000000005,0.46374115,0.40862653,-0.54019773,-6.063303e-05,0.012681736,0.5604796,0.11120789,0.0018456886,0.01402876,0.00048665286,0.011356275,-0.1129716,0.4632960351198617,0.410574604566852,-0.5403666356053548,0.0,0.0,0.5721444950508262,0.09280302163366949,0.059764984614463224,0.012712117991753313,0.0,0.0,0.0,0.0020054094900428293,0.06078747806529275,-0.011664913694777623,-1.1207137727196286,-6.412274,1.9909934,-1.7633122,-2.6453662,0.35471562,-4.4393854,75.022514,0.007814845
figure_eight_depth,nmpc,4.7,0.47295865,0.41463327,-0.5389255,-0.00014913033,0.013826127,0.5487374,0.10983333,0.0018768515,0.01411602,0.0006040979,0.01145104,-0.117411554,0.47255076486905395,0.4164606203550497,-0.5390962470534943,0.0,0.0,0.5606991696651462,0.09228988151768758,0.05795102709840738,0.012695594986511516,0.0,0.0,0.0,0.0018800832184745473,0.05877162030171335,-0.011961762934494358,-1.1224689141109474,-6.650825,2.0659678,-1.8934014,-2.6806645,0.3066176,-4.4890656,79.51836,0.008283162
figure_eight_depth,nmpc,4.800000000000001,0.48212922,0.42046234,-0.53765553,-0.00024426772,0.014978454,0.53653485,0.108460866,0.0018958432,0.014201102,0.00073571474,0.011541468,-0.122012295,0.4817536741017153,0.4221639627510076,-0.5378275282087863,0.0,0.0,0.5488036425295769,0.09176662077625686,0.05611165034657972,0.01267872392501923,0.0,0.0,0.0,0.001751037985148029,0.05674829689874363,-0.012268796700566909,-1.1239511884996243,-6.894256,2.1457424,-2.029605,-2.7096686,0.25875756,-4.5383525,84.26018,0.008777101
figure_eight_depth,nmpc,4.9,0.49125272,0.4261095,-0.53638774,-0.00034582874,0.01613781,0.5238557,0.10707937,0.0018973984,0.014283895,0.00088345946,0.011624529,-0.12677442,0.4909037536151409,0.4276821300802533,-0.5365605138537985,0.0,0.0,0.5364422278746165,0.09123329679061598,0.054247661170320205,0.012661505269961904,0.0,0.0,0.0,0.00162012843063188,0.054720016945289204,-0.012586541686872343,-1.1251459531807102,-7.1429696,2.2305424,-2.17232,-2.7321954,0.21114282,-4.5872393,89.26854,0.009298806
figure_eight_depth,nmpc,5.0,0.50032794,0.43157193,-0.5351221,-0.00045421865,0.017303327,0.5106837,0.10568835,0.001897557,0.014364307,0.0010416751,0.01170071,-0.13169844,0.49999999999999994,0.4330127018922193,-0.5352952387243698,0.0,0.0,0.5235987732239428,0.09068996804600937,0.052359877177055036,0.012643939493350853,0.0,0.0,0.0,0.0014877324223655209,0.052672163704257514,-0.012915057880467429,-1.126039165642979,-7.397289,2.3207238,-2.3218188,-2.7479715,0.16376327,-4.635726,94.564606,0.009850479
figure_eight_depth,nmpc,5.1000000000000005,0.509354,0.43684658,-0.53385866,-0.0005697214,0.018474247,0.49700257,0.10429105,0.001893233,0.014442149,0.0012121452,0.011771325,-0.13678549,0.5090414157503713,0.4381533400219318,-0.5340317375086567,0.0,0.0,0.5102566915945831,0.0901366941242765,0.050449126411056255,0.012626027076745316,0.0,0.0,0.0,0.0013547228423906638,0.05060947455361703,-0.013254119773370321,-1.126614797767782,-7.6608124,2.4165556,-2.4784884,-2.7599685,0.11605062,-4.684431,100.245476,0.010442237
figure_eight_depth,nmpc,5.2,0.5183294,0.44192922,-0.5325973,-0.0006926994,0.019650042,0.48279586,0.10287801,0.001875095,0.014517437,0.0013946575,0.011838884,-0.14203636,0.5180270093731302,0.44310178961560737,-0.5327700448461835,0.0,0.0,0.49639900340862586,0.08957353569849502,0.048516246991009426,0.012607768511196937,0.0,0.0,0.0,0.0012231866498052997,0.04853919014068078,-0.013603139064982672,-1.126850032327995,-7.9358816,2.518463,-2.6424444,-2.770009,0.06785452,-4.733526,106.387215,0.011082
figure_eight_depth,nmpc,5.300000000000001,0.5272504,0.44681096,-0.531338,-0.00082319404,0.020829953,0.46804705,0.10141038,0.0018107529,0.014590259,0.001593013,0.011901247,-0.14745136,0.5269557954966776,0.4478558801197065,-0.5315101953268919,0.0,0.0,0.4820083895846335,0.08900055452493172,0.04656208674144735,0.012589164297305278,0.0,0.0,0.0,0.0010992329045578515,0.046483223474816635,-0.01396133696279206,-1.126721743884449,-8.222607,2.626756,-2.8137665,-2.7778342,0.01998259,-4.782235,113.01492,0.0117723895
figure_eight_depth,nmpc,5.4,0.5361118,0.4514803,-0.5300803,-0.0009618314,0.022013362,0.45273983,0.09986513,0.0016820938,0.014660801,0.0018018822,0.011960065,-0.15302916,0.5358267949789967,0.4524135262330098,-0.5302522234901926,0.0,0.0,0.4670672574147901,0.08841781343771338,0.04458750282176904,0.012570214945162306,0.0,0.0,0.0,0.000990795594660671,0.044455435561667735,-0.014327422629328679,-1.1262084134109274,-8.5188675,2.741096,-2.9930658,-2.7810683,-0.025637973,-4.8286204,120.093735,0.012509763
figure_eight_depth,nmpc,5.5,0.5449068,0.45592552,-0.52882415,-0.0011105334,0.023199847,0.43685812,0.09823408,0.0014872807,0.014729112,0.0020087946,0.012017563,-0.15876706,0.544639035015027,0.4567727288213004,-0.5289961638240194,0.0,0.0,0.4515578209483146,0.0878253763408332,0.04259336134970759,0.012550920974185864,0.0,0.0,0.0,0.0009050080643393843,0.04245933926493663,-0.014699703367900774,-1.1252980379113102,-8.820421,2.8610508,-3.18103,-2.7752278,-0.06607434,-4.8697534,127.52515,0.013283868
figure_eight_depth,nmpc,5.6000000000000005,0.5536314,0.46013802,-0.5275692,-0.0012729777,0.02438969,0.42038622,0.096557796,0.0012390024,0.01479505,0.002196673,0.012081288,-0.16466148,0.5533915492433441,0.46093157579425026,-0.527742050763882,0.0,0.0,0.4354621977069694,0.08722330820176705,0.040580537021661645,0.012531282913397224,0.0,0.0,0.0,0.0008468486520820831,0.04049708195061861,-0.015075972721846742,-1.1239881396577136,-9.116527,2.9866092,-3.3779488,-2.7493055,-0.09693736,-4.901146,135.03075,0.0140657015
figure_eight_depth,nmpc,5.7,0.5622833,0.46411845,-0.5263154,-0.0014558664,0.025582697,0.40330875,0.09489625,0.0010104798,0.014858024,0.0023358418,0.012147398,-0.17070863,0.5620833778521306,0.4648882429441257,-0.526489918691924,0.0,0.0,0.4187625236371848,0.08661167504397937,0.0385499127288913,0.012511301301088018,0.0,0.0,0.0,0.0008142478669204116,0.03851428708713523,-0.015453774438271228,-1.1223069751889672,-9.394522,3.118077,-3.583926,-2.6902409,-0.11367753,-4.9181285,142.26228,0.014818986
figure_eight_depth,nmpc,5.800000000000001,0.5708712,0.46788618,-0.52506334,-0.001669325,0.026779173,0.3856106,0.0934249,0.00092818553,0.014916705,0.002392581,0.012222325,-0.17690586,0.5707135676844317,0.4686409947459458,-0.5252398019359783,0.0,0.0,0.40144108823195734,0.08599054394003991,0.036502379170272325,0.012490976685208821,0.0,0.0,0.0,0.0007910283782640396,0.03642357864254039,-0.01583047798529902,-1.120305955757932,-9.640928,3.2564585,-3.7984638,-2.5840578,-0.11245051,-4.916688,148.84416,0.015504601
figure_eight_depth,nmpc,5.9,0.5794157,0.471484,-0.5238144,-0.001926791,0.027978227,0.3672768,0.09233531,0.0011730762,0.014969066,0.002334396,0.012296463,-0.1832521,0.5792811723426788,0.4721881851187405,-0.5239917347686274,0.0,0.0,0.3834804917418303,0.08535998300396308,0.034438834461691936,0.012470309622925058,0.0,0.0,0.0,0.0007385226422728305,0.03408092853943279,-0.016203703983956763,-1.11807834373344,-9.840673,3.4040928,-4.0194516,-2.4154637,-0.09045991,-4.893819,154.37479,0.016080707
figure_eight_depth,nmpc,6.0,0.5879595,0.47498375,-0.52257127,-0.0022435684,0.02917812,0.34829235,0.0919233,0.0019559155,0.015012245,0.0021430454,0.012364556,-0.18974668,0.5877852522924731,0.4755282581475768,-0.5227457514062631,0.0,0.0,0.36486382628565533,0.08472006138382504,0.03236018374219718,0.012449300680728026,0.0,0.0,0.0,0.0005977495003516215,0.031350834220218636,-0.016571475516612363,-1.115610070378746,-9.980086,3.563937,-4.2435436,-2.171183,-0.04626112,-4.8478703,158.52945,0.016513485
figure_eight_depth,nmpc,6.1000000000000005,0.5965272,0.478421,-0.52133626,-0.0026195438,0.030360721,0.328642,0.09186423,0.0030339002,0.015043402,0.0019730332,0.012266653,-0.1963928,0.5962248749656158,0.4786597487660337,-0.5215018860081487,0.0,0.0,0.3455748824793469,0.08407084925421415,0.030267338776590602,0.012427950434712454,0.0,0.0,0.0,0.0004193379798801829,0.0284471004141699,-0.016932871790565185,-1.1128460766193387,-10.051843,3.7379572,-4.4677367,-1.8449327,0.019999271,-4.7788463,161.21408,0.016793134
figure_eight_depth,nmpc,6.2,0.60512537,0.4817957,-0.5201107,-0.0030408658,0.031495582,0.30831122,0.09185738,0.0041500586,0.015061649,0.0019584075,0.0118809,-0.20318381,0.6045991148623748,0.48158128339882905,-0.5202601726754825,0.0,0.0,0.3255983828999017,0.08341241780851494,0.028161217555749962,0.012406259470132408,0.0,0.0,0.0,0.0005875797684698633,0.025591097110420524,-0.017287158916137028,-1.109705567900162,-10.056801,3.9270606,-4.6896453,-1.4390559,0.10651629,-4.6885266,162.61833,0.01693941
figure_eight_depth,nmpc,6.300000000000001,0.6137473,0.4850771,-0.518895,-0.0034831204,0.03254561,0.28728727,0.091682896,0.0050579174,0.015067693,0.0021979704,0.011139256,-0.21010216,0.6129070536529765,0.4842915805643156,-0.5190206454504627,0.0,0.0,0.3049202432235818,0.08274483925135856,0.02604274389425565,0.012384228381734363,0.0,0.0,0.0,0.0011570942284536642,0.022966340185574734,-0.017632978161249646,-1.106065128053757,-10.003483,4.130813,-4.9078727,-0.9639096,0.21015833,-4.5801616,163.17166,0.016997049
figure_eight_depth,nmpc,6.4,0.6223631,0.48820588,-0.5176876,-0.0039154007,0.033469185,0.26556045,0.09105066,0.0055400324,0.015063413,0.0027470768,0.009992027,-0.21711975,0.6211477802783104,0.48678945143658015,-0.5177833383153542,0.0,0.0,0.2835278612462018,0.0820681867900741,0.02391284702457641,0.012361857773368623,0.0,0.0,0.0,0.0018687993144948867,0.02062870773061181,-0.01796741307649352,-1.1017559599192108,-9.907858,4.3466578,-5.1231155,-0.4373266,0.3268944,-4.458027,163.47751,0.017028907
figure_eight_depth,nmpc,6.5,0.6309116,0.4910918,-0.51648533,-0.0043025753,0.03422314,0.24312457,0.08960947,0.005353017,0.015050858,0.0036359564,0.008417463,-0.22420186,0.6293203910498374,0.4890738003669028,-0.5165482851915573,0.0,0.0,0.26141043318529034,0.0813825346273056,0.021772461189811798,0.012339148258488919,0.0,0.0,0.0,0.002570631464525632,0.018564318835290024,-0.018285858762454033,-1.0967387921889418,-9.78822,4.571465,-5.3368587,0.12075008,0.45234516,-4.326786,164.12988,0.017096862
figure_eight_depth,nmpc,6.6000000000000005,0.6393559,0.49368238,-0.5152853,-0.0046247495,0.034782648,0.21997806,0.087734066,0.0047510415,0.0150314495,0.0046981755,0.0065903342,-0.23130332,0.6374239897486896,0.4911436253643443,-0.5153155199386772,0.0,0.0,0.2385592956090069,0.08068795795246331,0.01962252523396435,0.012316100459597301,0.0,0.0,0.0,0.0031903729363092275,0.01667878250401144,-0.018581231310377144,-1.0910168059579186,-9.65925,4.803019,-5.5496635,0.693985,0.5824693,-4.1907296,165.55196,0.017244997
figure_eight_depth,nmpc,6.7,0.64768136,0.49595773,-0.51408577,-0.0048748553,0.035137624,0.1961234,0.08574386,0.003968915,0.015005018,0.0057945508,0.004652282,-0.23838343,0.6454576877239505,0.4929980185352525,-0.514085076353596,0.0,0.0,0.21496829007322044,0.07998453293389662,0.017463982190102367,0.012292715008577204,0.0,0.0,0.0,0.0037019729516617134,0.014921235412344544,-0.018844883782212437,-1.0846049725734654,-9.530736,5.040057,-5.760907,1.2706995,0.7138601,-4.053466,167.98001,0.017497918
figure_eight_depth,nmpc,6.800000000000001,0.6558847,0.49791637,-0.5128856,-0.005053678,0.035286978,0.17156658,0.08380371,0.0031522936,0.014970587,0.006838681,0.002689874,-0.24540639,0.6534206039901055,0.49463616648149417,-0.5128569881695462,0.0,0.0,0.19063414607197735,0.07927233670979028,0.015297778866413259,0.012268992546582425,0.0,0.0,0.0,0.004102711570057246,0.013241782225935275,-0.019067570306367604,-1.077526758067595,-9.408471,5.281721,-5.9692044,1.8428569,0.84381586,-3.917823,171.50478,0.017865082
figure_eight_depth,nmpc,6.9,0.6639693,0.49956647,-0.51168436,-0.0051661734,0.035235386,0.1463169,0.0820012,0.0023807143,0.014926865,0.0077830446,0.0007593401,-0.252339,0.6613118653236518,0.49605735065723894,-0.5116312890551857,0.0,0.0,0.1655568762190927,0.07855144738072584,0.013124865431257682,0.01224493372398161,0.0,0.0,0.0,0.004402107226879364,0.011598721634435571,-0.01923997536975036,-1.0698083093112367,-9.295476,5.5271096,-6.1728034,2.4047801,0.9703641,-3.785979,176.11653,0.018345473
figure_eight_depth,nmpc,7.0,0.6719416,0.5009195,-0.510482,-0.0052188938,0.034991056,0.120386854,0.0803704,0.0016857232,0.014873022,0.008607459,-0.0011045281,-0.2591487,0.6691306063588581,0.4972609476841367,-0.510408012613675,0.0,0.0,0.13974017572724604,0.07782194400018927,0.010946194996364067,0.012220539200302749,0.0,0.0,0.0,0.004614346918749706,0.009964266836944458,-0.019353321913120974,-1.0614786223063957,-9.19298,5.774764,-6.370077,2.952155,1.0921628,-3.6594472,181.73627,0.01893086
figure_eight_depth,nmpc,7.1000000000000005,0.67980886,0.5019895,-0.5092787,-0.005219358,0.034564555,0.093792304,0.07891832,0.00109701,0.014808945,0.009299175,-0.0028778734,-0.26580134,0.6768759696826607,0.4982464296247522,-0.5091871923817554,0.0,0.0,0.11319181631123623,0.07708390656663289,0.008762723198663114,0.012195809644455213,0.0,0.0,0.0,0.004756116877525277,0.00830401834793874,-0.0193995119146069,-1.0525670051224787,-9.100835,6.023014,-6.559245,3.4816747,1.2083315,-3.5391858,188.23355,0.019607661
figure_eight_depth,nmpc,7.2,0.68757826,0.5027888,-0.5080747,-0.0051742783,0.03396843,0.06655259,0.0776386,0.0006041251,0.014734833,0.009864209,-0.0045402683,-0.27226192,0.6845471059286886,0.4990133642141358,-0.5079688618288305,0.0,0.0,0.08592402272885366,0.07633741601403843,0.006575407780901044,0.01217074573423016,0.0,0.0,0.0,0.004842817641442617,0.006627505444326139,-0.01937143587534948,-1.0431050123978123,-9.0178175,6.270071,-6.7383304,3.9907978,1.3183346,-3.4257114,195.4399,0.020358322
figure_eight_depth,nmpc,7.300000000000001,0.6952574,0.5033282,-0.50687045,-0.005089653,0.03321661,0.038690694,0.076526836,0.0001998223,0.014651161,0.010308678,-0.0060772803,-0.27849334,0.6921431738704068,0.49956141504942914,-0.5067530543560478,0.0,0.0,0.05795381838884101,0.07558255420342386,0.00438520817189203,0.01214534815685564,0.0,0.0,0.0,0.004888869356976469,0.004968724041758091,-0.019263124712369302,-1.0331197739527946,-8.942003,6.5138283,-6.905399,4.477406,1.4219275,-3.3192449,203.16034,0.021162534
figure_eight_depth,nmpc,7.4,0.70285064,0.5036174,-0.50566626,-0.0049707973,0.032323044,0.0102334935,0.07554538,-0.00012157658,0.01455862,0.010639335,-0.007488001,-0.28445682,0.6996633405133654,0.49989034173742275,-0.5055398032953832,0.0,0.0,0.02930332496829312,0.07481940391412811,0.002193085065743672,0.012119617608663535,0.0,0.0,0.0,0.0049056981514151,0.0034399751071391626,-0.01906983144648354,-1.0414269375568728,-8.871331,6.75171,-7.058796,4.9393306,1.519029,-3.2198062,211.1843,0.021998363
figure_eight_depth,nmpc,7.5,0.7103602,0.5036638,-0.50446236,-0.004821992,0.031301733,-0.018788237,0.07466872,-0.00037678168,0.014457905,0.010867128,-0.008771112,-0.2901129,0.7071067811865475,0.5,-0.5043291419087276,0.0,0.0,0.0,0.07404804883398564,0.0,0.012093554795034045,0.0,0.0,0.0,0.004901626429978296,0.0024733273574244954,-0.018788237124681473,-1.0600312317439542,-8.803348,6.9813414,-7.196569,5.3746967,1.6096525,-3.1273086,219.28706,0.022842402
figure_eight_depth,nmpc,7.6000000000000005,0.71778804,0.5034731,-0.50325906,-0.00464673,0.030166803,-0.048339747,0.073887594,-0.00057959085,0.014349776,0.011001242,-0.009924911,-0.29542163,0.7144726796328034,0.49989034173742275,-0.5031211033869742,0.0,0.0,-0.02992320389244821,0.07326857355088867,-0.0021930850657714274,0.012067160430506707,0.0,0.0,0.0,0.004883321613651128,0.002863020302412373,-0.01841654300000403,-1.0786905152337023,-8.735349,7.2004037,-7.3167076,5.7818766,1.6939001,-3.0415852,227.23697,0.023670517
figure_eight_depth,nmpc,7.7,0.7251349,0.50305027,-0.50205666,-0.0044479826,0.028932083,-0.07838235,0.073190995,-0.00073953206,0.014235053,0.011048997,-0.0109517025,-0.30034348,0.7217602280983622,0.49956141504942914,-0.5019157208491096,0.0,0.0,-0.060427773898527715,0.07248106354301731,-0.00438520817189203,0.012040435238669378,0.0,0.0,0.0,0.004855968324505888,0.004314082107426146,-0.017954576605870628,-1.0973903687945117,-8.664318,7.407022,-7.416859,6.159661,1.7719179,-2.962431,234.8013,0.024458468
figure_eight_depth,nmpc,7.800000000000001,0.7323996,0.502399,-0.5008553,-0.004228273,0.027610516,-0.10887358,0.07255572,-0.000866989,0.01411454,0.011017612,-0.01185986,-0.30484045,0.7289686274214116,0.4990133642141358,-0.5007130273413049,0.0,0.0,-0.09146968025820588,0.07168560516973566,-0.0065754077808455325,0.012013379952213743,0.0,0.0,0.0,0.004822283607192504,0.006144755469245919,-0.01740390311820174,-1.1161192327808926,-8.587181,7.599462,-7.494741,6.507105,1.8438922,-2.88959,241.75473,0.025182784
figure_eight_depth,nmpc,7.9,0.73958266,0.501522,-0.4996553,-0.0039897687,0.02621487,-0.13976741,0.07199969,-0.0009727049,0.013989033,0.010913905,-0.012650567,-0.30887678,0.7360970871197342,0.4982464296247521,-0.49951305583600997,0.0,0.0,-0.12299953932126959,0.0708822856619884,-0.008762723198635358,0.011985995312852049,0.0,0.0,0.0,0.004785272167544993,0.008120661387223024,-0.016767869049702094,-1.1348655707242528,-8.501027,7.776095,-7.548279,6.823418,1.9100174,-2.8227944,247.887,0.025821561
figure_eight_depth,nmpc,8.0,0.74668694,0.50042135,-0.49845695,-0.003734693,0.024757449,-0.17101453,0.071544334,-0.0010570494,0.0138593335,0.010741214,-0.013327845,-0.3124196,0.7431448254773942,0.4972609476841367,-0.49831583923104994,0.0,0.0,-0.1549629041484695,0.07007119311291943,-0.010946194996391823,0.011958282071400372,0.0,0.0,0.0,0.00474916510557871,0.01017739369675399,-0.016051628298391768,-1.153617573799353,-8.402965,7.935623,-7.575482,7.108202,1.9705178,-2.7617633,253.00865,0.026355067
figure_eight_depth,nmpc,8.1,0.7537176,0.49909765,-0.49726066,-0.0034649717,0.023249883,-0.20256282,0.071216024,-0.0011301779,0.013726125,0.010506963,-0.01389768,-0.31544024,0.7501110696304596,0.496057350657239,-0.4971214103487228,0.0,0.0,-0.18730068553347146,0.06925241646776881,-0.013124865431257682,0.011930240987584328,0.0,0.0,0.0,0.00471909446132162,0.012286312860769939,-0.015262138358168253,-1.1723583006136653,-8.29124,8.076373,-7.5752583,7.3604436,2.0256062,-2.7062242,256.95987,0.026766652
figure_eight_depth,nmpc,8.200000000000001,0.7606798,0.49755016,-0.49606672,-0.0031824184,0.021702489,-0.23435767,0.07101438,-0.001199137,0.013590011,0.010217131,-0.014372463,-0.31791422,0.7569950556517564,0.4946361664814941,-0.49592980193489966,0.0,0.0,-0.21994970072221262,0.06842604551487996,-0.015297778866357747,0.011901872830205606,0.0,0.0,0.0,0.004699713492362201,0.014433329453326234,-0.014407969227318934,-1.1910626351178846,-8.164188,8.197649,-7.5461555,7.5796614,2.0755088,-2.6558833,259.61258,0.02704298
figure_eight_depth,nmpc,8.3,0.7675746,0.49577823,-0.49487534,-0.002889015,0.020123508,-0.26634255,0.0709033,-0.0012665923,0.0134515595,0.009875005,-0.01477208,-0.31982213,0.7637960286346421,0.4929980185352524,-0.49474104665812724,0.0,0.0,-0.2528433410502577,0.06759217087498604,-0.017463982190046856,0.011873178376975435,0.0,0.0,0.0,0.004693111021383195,0.016607537760125857,-0.013499209465870852,-1.209702042416216,-8.01941,8.299184,-7.486897,7.76671,2.120707,-2.6102142,260.8734,0.027174314
figure_eight_depth,nmpc,8.4,0.77440006,0.49378163,-0.49368668,-0.0025868872,0.018519273,-0.29845953,0.07084894,-0.0013359544,0.0133112045,0.0094839055,-0.015114615,-0.3211498,0.7705132427757893,0.49114362536434436,-0.4935551771087318,0.0,0.0,-0.2859123435833277,0.06675088399182849,-0.019622525233936594,0.011844158414570094,0.0,0.0,0.0,0.0046993247328723205,0.01879747255722777,-0.012547186293381307,-1.228247044661712,-7.854928,8.3806505,-7.396957,7.9227123,2.1618898,-2.568495,260.6905,0.027155258
figure_eight_depth,nmpc,8.5,0.78115195,0.49156,-0.49250078,-0.0022782094,0.01689476,-0.33064982,0.070835255,-0.0014138765,0.013169243,0.009047847,-0.01541249,-0.32188877,0.7771459614569708,0.4890738003669028,-0.4923722257979262,0.0,0.0,-0.3190856461894937,0.0659022771220541,-0.021772461189811798,0.011814813738575403,0.0,0.0,0.0,0.004716537138486949,0.020991443951400426,-0.01156417676086946,-1.246671226525202,-7.6673822,8.443001,-7.2752113,8.050858,2.2001085,-2.5296874,259.05783,0.02698519
figure_eight_depth,nmpc,8.6,0.7878273,0.48911396,-0.49131775,-0.001965661,0.015253777,-0.36285436,0.07086851,-0.001493363,0.013026074,0.008566104,-0.015676208,-0.32203597,0.7836934573258397,0.48678945143658015,-0.4911922251569181,0.0,0.0,-0.3522913006911922,0.06504644332494536,-0.023912847024493145,0.011785145153458965,0.0,0.0,0.0,0.004744243164557059,0.023196327200632735,-0.010563060842926464,-1.2649544911645536,-7.4543095,8.486456,-7.1220083,8.154179,2.2364974,-2.4926586,256.01556,0.026668288
figure_eight_depth,nmpc,8.700000000000001,0.794427,0.48644412,-0.49013767,-0.0016524652,0.013599553,-0.39501435,0.07098805,-0.001559967,0.012882105,0.008037379,-0.015910126,-0.32159415,0.7901550123756904,0.4842915805643156,-0.4900152075360212,0.0,0.0,-0.38545741536195416,0.06418347645231748,-0.02604274389425565,0.01175515347268119,0.0,0.0,0.0,0.004785194939339423,0.025435774610621388,-0.009556930283950382,-1.2830816999724652,-7.214779,8.510374,-6.9393134,8.23493,2.2719965,-2.4564354,251.64369,0.02621288
figure_eight_depth,nmpc,8.8,0.80095696,0.48355243,-0.48896062,-0.0013425977,0.011934733,-0.42707178,0.07123204,-0.0015824676,0.012737701,0.00745821,-0.016118484,-0.3205719,0.7965299180241963,0.48158128339882905,-0.4888412052037681,0.0,0.0,-0.4185130962157353,0.0633134711381933,-0.028161217555722207,0.011724839518389985,0.0,0.0,0.0,0.00484751531918461,0.02775174988571023,-0.008558683750619078,-1.3010352127856681,-6.9497604,8.513552,-6.7303824,8.294192,2.3071082,-2.4204586,246.05276,0.025630496
figure_eight_depth,nmpc,8.9,0.80742383,0.48044315,-0.48778665,-0.0010402763,0.010260745,-0.45897022,0.071593955,-0.0015308226,0.012592941,0.0068301167,-0.016311629,-0.3189838,0.8028174751911146,0.4786597487660337,-0.48767025034602585,0.0,0.0,-0.45138935669452496,0.06243652278847822,-0.030267338776562847,0.01169420412172606,0.0,0.0,0.0,0.004940908137371077,0.030173724610520217,-0.007580862202340887,-1.3187938418803749,-6.6623464,8.494625,-6.499293,8.331587,2.3417723,-2.3847222,239.37247,0.024934629
figure_eight_depth,nmpc,9.0,0.8138321,0.47711882,-0.48661575,-0.0007479601,0.008578353,-0.4906552,0.07205465,-0.0014256429,0.012447744,0.0061742202,-0.016494323,-0.31685054,0.8090169943749475,0.4755282581475768,-0.4865023750651133,0.0,0.0,-0.48401996715975715,0.06155272757046859,-0.032360183742169424,0.011663248122545378,0.0,0.0,0.0,0.005072279840825387,0.03267799813451235,-0.006635246434679499,-1.3363234349233997,-6.359032,8.451159,-6.251822,8.343963,2.3752866,-2.349848,231.73015,0.024138555
figure_eight_depth,nmpc,9.1,0.8201777,0.4735815,-0.48544773,-0.00046587692,0.0068876045,-0.5220749,0.072534375,-0.0013086962,0.012301751,0.005516088,-0.016672477,-0.31419754,0.8151277957285541,0.47218818511874056,-0.4853376113789213,0.0,0.0,-0.5163422192244066,0.060662182402249076,-0.03443883446166418,0.011631972369530175,0.0,0.0,0.0,0.005239723964021398,0.035199483204634716,-0.005732658991383199,-1.3535725536356285,-6.049066,8.38015,-5.994839,8.325934,2.4064965,-2.316906,223.23668,0.023253819
figure_eight_depth,nmpc,9.200000000000001,0.826441,0.46983674,-0.48428246,-0.00019227774,0.0051880097,-0.5531802,0.07288201,-0.0012308897,0.012154351,0.0048783887,-0.016851038,-0.31105405,0.821149209133704,0.4686409947459458,-0.4841759912200345,0.0,0.0,-0.5482975847254014,0.05976498494214555,-0.0365023791701613,0.011600377720105692,0.0,0.0,0.0,0.005426241017863691,0.037635637931511895,-0.004882633017518567,-1.37055104460053,-5.742783,8.277819,-5.7363434,8.271389,2.4341054,-2.2871544,213.97931,0.022289509
figure_eight_depth,nmpc,9.3,0.8325838,0.46589687,-0.4831198,7.6278564e-05,0.0034795704,-0.5839256,0.07290498,-0.0012507122,0.012004856,0.004280628,-0.017025277,-0.30745274,0.8270805742745618,0.4648882429441257,-0.4830175464348566,0.0,0.0,-0.5798322549293082,0.05886123357790041,-0.03854991272883579,0.011568465040467935,0.0,0.0,0.0,0.005595812698111809,0.0398578431134318,-0.004093349890943233,-1.387284455616387,-5.452796,8.140172,-5.484823,8.172208,2.456741,-2.2619426,204.01561,0.021251626
figure_eight_depth,nmpc,9.4,0.83854103,0.4617869,-0.48195973,0.00034470044,0.0017627566,-0.6142688,0.07231952,-0.001446481,0.011852452,0.0037400303,-0.017191282,-0.30342904,0.8329212407100994,0.46093157579425026,-0.4818623087827365,0.0,0.0,-0.6108975516494539,0.057951027416069945,-0.04058053702163389,0.011536235205528156,0.0,0.0,0.0,0.005685341256522533,0.04168966282086822,-0.0033712281051847537,-1.4035861922417339,-5.1903114,7.964146,-5.2478848,8.021727,2.4732718,-2.2424219,193.4009,0.020145925
figure_eight_depth,nmpc,9.5,0.84428155,0.45752198,-0.4808026,0.00061397394,5.3997974e-05,-0.64417124,0.07147168,-0.0017625544,0.011698028,0.003219842,-0.01719066,-0.29901817,0.8386705679454239,0.4567727288213004,-0.4807103099350979,0.0,0.0,-0.6414502080363884,0.05703446627114417,-0.04259336134967984,0.011503689098829595,0.0,0.0,0.0,0.00566154162227922,0.04330849582289405,-0.0027210299091682266,-1.4211072610554851,-4.9620566,7.749859,-5.0298786,7.8176875,2.4829721,-2.2293887,182.23355,0.018982662
figure_eight_depth,nmpc,9.600000000000001,0.8498084,0.45310736,-0.47964877,0.00088025775,-0.001618247,-0.673598,0.070703514,-0.0021014155,0.011543425,0.0026787284,-0.01690312,-0.29425707,0.8443279255020151,0.4524135262330097,-0.4795615814745712,0.0,0.0,-0.6714525223251679,0.05611165065422252,-0.04458750282171353,0.011470827612741763,0.0,0.0,0.0,0.005524902509134894,0.04492210321016799,-0.0021454691413542726,-1.4382537281244467,-4.769307,7.500705,-4.83175,7.5631533,2.485693,-2.2231238,170.6749,0.017778635
figure_eight_depth,nmpc,9.700000000000001,0.8551491,0.44854063,-0.47849852,0.0011359502,-0.0032199835,-0.70251787,0.07024752,-0.0023673715,0.011390979,0.002088929,-0.016271928,-0.28918427,0.849892692986864,0.4478558801197064,-0.47841615489412737,0.0,0.0,-0.7008723925820739,0.055182681762411256,-0.04656208674139184,0.011437651648099623,0.0,0.0,0.0,0.005301450364486918,0.046691803276804125,-0.0016454745062439713,-1.4549843018591024,-4.6086106,7.2228904,-4.6514707,7.265755,2.4817178,-2.2235203,158.93979,0.016556228
figure_eight_depth,nmpc,9.8,0.8603486,0.44381094,-0.47735184,0.0013715798,-0.0047162375,-0.7309037,0.07028071,-0.0024887696,0.011243177,0.0014422806,-0.015284978,-0.2838393,0.8553642601605067,0.44310178961560737,-0.47727406159621477,0.0,0.0,-0.7296832442132781,0.0542476614677212,-0.048516246990953915,0.011404162114453387,0.0,0.0,0.0,0.005035117772973484,0.04874026246535146,-0.0012204408796478994,-1.4713182365597237,-4.473029,6.9245224,-4.48494,6.9364376,2.47169,-2.2301197,147.26854,0.0153404735
figure_eight_depth,nmpc,9.9,0.8654642,0.43889678,-0.4762085,0.0015777992,-0.006074529,-0.7587321,0.07094698,-0.0024254113,0.011102301,0.00074974564,-0.013964586,-0.2782619,0.8607420270039435,0.43815334002193185,-0.47613533289189813,0.0,0.0,-0.7578638645917659,0.053306692305687964,-0.05044912641108401,0.011370359929957496,0.0,0.0,0.0,0.004780906566515719,0.051161789465754254,-0.0008682158678288143,-1.4872398580322532,-4.3546796,6.61421,-4.327403,6.586937,2.4564369,-2.242265,135.88701,0.014154893
figure_eight_depth,nmpc,10.0,0.87053424,0.4337809,-0.47506812,0.001748978,-0.0072740363,-0.78598374,0.072058514,-0.002227094,0.010969719,5.638651e-05,-0.012425026,-0.27249256,0.8660254037844386,0.4330127018922194,-0.475,0.0,0.0,-0.7853981606558101,0.0523598774641032,-0.052359877176999525,0.011336246021287355,0.0,0.0,0.0,0.004574319291952248,0.05386526302433904,-0.0005855806276066078,-1.5027211613251963,-4.247537,6.2991724,-4.175296,6.2269344,2.4367106,-2.259308,124.97099,0.013017811
figure_eight_depth,nmpc,10.100000000000001,0.87557155,0.4284555,-0.47393054,0.0018839351,-0.008305889,-0.81264335,0.0733576,-0.0019753966,0.010846076,-0.0005896408,-0.010784761,-0.2665704,0.8712138111201895,0.42768213008025324,-0.4738680940462452,0.0,0.0,-0.8122748558202384,0.051407320771912346,-0.054247661170320205,0.011301821323722594,0.0,0.0,0.0,0.004426271784943102,0.05669578439929091,-0.0003684933504464194,-1.517743312577084,-4.147504,5.9852915,-4.026098,5.863888,2.413165,-2.2806606,114.64493,0.011942179
figure_eight_depth,nmpc,10.200000000000001,0.8805744,0.42291665,-0.47279567,0.0019848212,-0.009168578,-0.83869916,0.07470859,-0.0017377163,0.010731745,-0.0011552812,-0.009117738,-0.2605325,0.8763066800438636,0.4221639627510076,-0.47273964606240715,0.0,0.0,-0.8384871421873734,0.05044912668766832,-0.05611165034641319,0.011267086780952784,0.0,0.0,0.0,0.004333953779106104,0.05954269714311077,-0.00021201981900476063,-1.5322923235757637,-4.052504,5.6768513,-3.878561,5.50291,2.3862576,-2.3058753,104.98598,0.010936038
figure_eight_depth,nmpc,10.3,0.8855321,0.41716284,-0.47166362,0.0020560424,-0.009865465,-0.8641431,0.076034404,-0.0015653473,0.010626895,-0.0016205986,-0.0074738506,-0.25441396,0.8813034520649922,0.41646062035504977,-0.4716146869854575,0.0,0.0,-0.8640323030143757,0.04948540028820725,-0.057951027098379626,0.011232043345410503,0.0,0.0,0.0,0.004286817564231177,0.062326244114193324,-0.00011077054443164869,-1.546362586499462,-3.9618564,5.377266,-3.7319412,5.147353,2.356295,-2.3346343,96.03657,0.010003809
figure_eight_depth,nmpc,10.4,0.8904328,0.41119516,-0.47053456,0.002101843,-0.010402667,-0.88897014,0.07731401,-0.001453983,0.010531608,-0.0019912606,-0.0058824406,-0.24824722,0.8862035792312146,0.410574604566852,-0.4704932476567174,0.0,0.0,-0.8889113188598796,0.048516247256935596,-0.05976498461440771,0.011196691977660711,0.0,0.0,0.0,0.0042746803086066085,0.06503788499103251,-5.881778257643688e-05,-1.559954392610483,-3.8755918,5.0890813,-3.5859776,4.7994685,2.3235292,-2.3666568,87.81295,0.009147183
figure_eight_depth,nmpc,10.5,0.8952664,0.4050173,-0.4694086,0.0021256474,-0.010788199,-0.9131786,0.07854143,-0.0013825883,0.010445878,-0.002280237,-0.0043641003,-0.24206284,0.8910065241883679,0.4045084971874738,-0.4693753588210128,0.0,0.0,-0.9131284690911183,0.0475417738724504,-0.06155272723298855,0.011161033646955865,0.0,0.0,0.0,0.004290294889188879,0.06768999641470143,-5.0153631507399155e-05,-1.5730701128196667,-3.7942507,4.813922,-3.440935,4.4606075,2.2881632,-2.4016902,80.311035,0.008365734
figure_eight_depth,nmpc,10.600000000000001,0.90002334,0.39863577,-0.468286,0.0021302833,-0.011031734,-0.9367695,0.07969895,-0.0013350587,0.01036959,-0.002498625,-0.0029367777,-0.23588961,0.8957117602394128,0.39826495901209813,-0.4682610511258306,0.0,0.0,-0.9366909384335769,0.04656208699671538,-0.06331347079102656,0.011125069330875093,0.0,0.0,0.0,0.004327569457755748,0.07028474946157763,-7.854704005594293e-05,-1.5857186979911748,-3.7184856,4.5528603,-3.297275,4.131651,2.2504063,-2.4394913,73.51369,0.0076576746
figure_eight_depth,nmpc,10.700000000000001,0.9046964,0.3920572,-0.46716696,0.0021181847,-0.011143366,-0.9597466,0.08080155,-0.0013005789,0.010302597,-0.0026557085,-0.0016057682,-0.2297543,0.9003187714021935,0.3918467286629199,-0.46715035512047925,0.0,0.0,-0.9596084363728085,0.045577294063403606,-0.06504644296831397,0.011088800015379707,0.0,0.0,0.0,0.004382722161915546,0.07283475311707263,-0.00013816282457923545,-1.5979087917241532,-3.6493766,4.306208,-3.1558573,3.81269,2.210437,-2.479838,67.39304,0.007020109
figure_eight_depth,nmpc,10.8,0.90927863,0.3852889,-0.46605164,0.0020917507,-0.011133689,-0.98211616,0.08184443,-0.0012794649,0.01024474,-0.0027570105,-0.00037703593,-0.22368132,0.9048270524660196,0.3852566213878946,-0.46604330125525084,0.0,0.0,-0.9818928353389534,0.04458750306624015,-0.06675088362581572,0.011052226694868716,0.0,0.0,0.0,0.004451703533825491,0.07533416926921767,-0.00022332743799358123,-1.6096517196263598,-3.5884147,4.07391,-3.0176091,3.5031056,2.1683643,-2.5225651,61.91632,0.006449616
figure_eight_depth,nmpc,10.9,0.9137642,0.37833792,-0.46494016,0.00205313,-0.011013066,-1.0038866,0.08283455,-0.0012698818,0.01019575,-0.0028100044,0.0007508763,-0.21769254,0.9092361090470685,0.3784975278258782,-0.46493991988058625,0.0,0.0,-1.003557831972051,0.043592822546845156,-0.06842604513970785,0.011015350371929022,0.0,0.0,0.0,0.004530881820215528,0.0777851857866463,-0.00032874849517305904,-1.620956449396472,-3.5365121,3.8557048,-2.8833587,3.2025518,2.1244462,-2.56735,57.04803,0.005942503
figure_eight_depth,nmpc,11.0,0.91814584,0.3712128,-0.46383274,0.0020045016,-0.010792029,-1.0250682,0.08375241,-0.0012808269,0.0101552745,-0.0028189828,0.0017755062,-0.2118074,0.9135454576426008,0.37157241273869723,-0.46384024124624323,0.0,0.0,-1.0246186342481562,0.042593361583243006,-0.07007119272864348,0.010978172057640734,0.0,0.0,0.0,0.004614417164238928,0.08016769142973319,-0.0004495296236088908,-1.6318342456964468,-3.4939733,3.651241,-2.753755,2.9110234,2.0791366,-2.6137002,52.75087,0.005494883
figure_eight_depth,nmpc,11.100000000000001,0.92241687,0.363923,-0.46272948,0.0019475577,-0.010480853,-1.045673,0.08459221,-0.0013101938,0.010122887,-0.0027930816,0.002698756,-0.20604269,0.9177546256839811,0.3644843137107057,-0.46274429550046703,0.0,0.0,-1.0450916760647193,0.04158922977748336,-0.07168560477663344,0.010940692771188587,0.0,0.0,0.0,0.004695930235382338,0.08247801789738338,-0.0005813366687401621,-1.6422979098024368,-3.4604008,3.4601068,-2.6292672,2.6289737,2.0330713,-2.6609366,48.98522,0.0051026274
figure_eight_depth,nmpc,11.200000000000001,0.92657155,0.35647836,-0.46163052,0.0018833823,-0.010089287,-1.0657147,0.08535463,-0.0013525367,0.010098093,-0.0027422516,0.0035253577,-0.2004128,0.9218631515885005,0.3572363398164016,-0.46165211268916395,0.0,0.0,-1.0649943597936213,0.04058053724415034,-0.0732685731490712,0.010902913540139503,0.0,0.0,0.0,0.00476906606891153,0.08471885113639892,-0.0007203571176945811,-1.6523633902923918,-3.4343822,3.281997,-2.5100462,2.357661,1.9870827,-2.708184,45.70814,0.0047612647
figure_eight_depth,nmpc,11.3,0.9306064,0.34888732,-0.46053597,0.0018125218,-0.009626176,-1.0852079,0.08606164,-0.0014023617,0.01008034,-0.0026752918,0.0042639854,-0.19493,0.9258705848099947,0.34983167025668266,-0.4605637227550774,0.0,0.0,-1.084344826571984,0.03956739459748393,-0.07481940350378968,0.010864835400192785,0.0,0.0,0.0,0.004829155179361564,0.08690450199154157,-0.0008631125759652748,-1.662051070843192,-3.4140437,3.1164124,-2.3962855,2.0986545,1.9421145,-2.754461,42.87312,0.00446595
figure_eight_depth,nmpc,11.4,0.93452233,0.34115496,-0.45944586,0.0017345789,-0.009099104,-1.1041683,0.08676267,-0.0014382007,0.01006904,-0.0026045628,0.0049270615,-0.18960445,0.9297764858882513,0.3422735529643444,-0.45947915553696733,0.0,0.0,-1.1031617534039384,0.03854991294022225,-0.07633741559534557,0.0108264593953189,0.0,0.0,0.0,0.004876002039530848,0.08907825605016177,-0.001006542456352122,-1.6713855513840936,-3.39662,2.963107,-2.2878036,1.854291,1.8991619,-2.798722,40.42913,0.0042113685
figure_eight_depth,nmpc,11.5,0.93832576,0.333282,-0.45836017,0.0016483436,-0.0085146455,-1.1226125,0.087518804,-0.0014332553,0.010063551,-0.00254059,0.005524665,-0.18444464,0.9335804264972017,0.33456530317942923,-0.45839844076879177,0.0,0.0,-1.1214641757863704,0.03752820385050093,-0.0778219435734473,0.01078778657759294,0.0,0.0,0.0,0.004915949953068985,0.09129521509155243,-0.0011483005625065879,-1.6803960843793777,-3.378563,2.8221734,-2.1839511,1.6275616,1.859198,-2.8399372,38.31981,0.0039916467
figure_eight_depth,nmpc,11.600000000000001,0.9420291,0.3252629,-0.45727885,0.0015520157,-0.0078786155,-1.1405579,0.088407345,-0.0013562321,0.010063175,-0.0024912467,0.0060644955,-0.17945753,0.9372819894918916,0.32671030199505263,-0.45732160807889205,0.0,0.0,-1.1392713341830838,0.03650237937036227,-0.0792723362750547,0.010748818007250138,0.0,0.0,0.0,0.004963065897417649,0.09362432838542856,-0.0012865509868991154,-1.6891089738215548,-3.3560266,2.6937895,-2.0838842,1.4216468,1.8230941,-2.8771815,36.484917,0.003800512
figure_eight_depth,nmpc,11.700000000000001,0.945647,0.31709042,-0.45620185,0.0014440593,-0.0071979244,-1.1580223,0.08944892,-0.0011893346,0.010067263,-0.0024554995,0.0065358654,-0.17464869,0.9408807689542255,0.31871199487434493,-0.4562486869891803,0.0,0.0,-1.1566025425551902,0.03547255199298771,-0.08068795750998392,0.010709554752602601,0.0,0.0,0.0,0.005034745563788994,0.09609314254387767,-0.0014197419525612265,-1.6975362638549933,-3.3258612,2.577928,-1.9869095,1.2389764,1.7915031,-2.9097414,34.866016,0.0036318768
figure_eight_depth,nmpc,11.8,0.94918483,0.30876377,-0.45512933,0.0013256024,-0.006483283,-1.175024,0.09053992,-0.000981086,0.0100752665,-0.0024083306,0.006900898,-0.17002305,0.944376370237481,0.3105738901391552,-0.4551797069143303,0.0,0.0,-1.1734770770156033,0.03443883465054087,-0.0820681863400452,0.010669997890122573,0.0,0.0,0.0,0.005138131764902942,0.09860427485109972,-0.001546955577170106,-1.7056926957799758,-3.2863483,2.4741533,-1.8927034,1.0805084,1.7647585,-2.9372456,33.413128,0.0034805343
figure_eight_depth,nmpc,11.9,0.95264274,0.3002864,-0.45406142,0.0011994038,-0.0057472456,-1.1915817,0.091618784,-0.0007623925,0.01008651,-0.0023354618,0.0071408832,-0.16558324,0.9477684100095857,0.30229955743118747,-0.45411469716097064,0.0,0.0,-1.1899140826839723,0.03340134070178857,-0.08341241735113081,0.010630148504220394,0.0,0.0,0.0,0.005273961840472896,0.10109694768883885,-0.0016676433902464982,-1.7135938294257105,-3.2372313,2.3816495,-1.8013114,0.94572955,1.7428396,-2.9596865,32.08828,0.0033425298
figure_eight_depth,nmpc,12.0,0.9560171,0.29166374,-0.45299822,0.0010694561,-0.0050028097,-1.2077141,0.092651814,-0.00056240684,0.010100249,-0.002226641,0.0072508655,-0.16133025,0.9510565162951535,0.29389262614623657,-0.4530536869268817,0.0,0.0,-1.2059324968536598,0.03236018391961082,-0.0847200609191967,0.01059000768746654,0.0,0.0,0.0,0.005438583408784263,0.10352695923021871,-0.0017815839568871008,-1.7212528794386261,-3.1795914,2.2993188,-1.7130665,0.8327937,1.7253739,-2.9774156,30.86673,0.003215284
figure_eight_depth,nmpc,12.100000000000001,0.9593006,0.2829034,-0.45193988,0.0009405491,-0.0042627794,-1.2234399,0.09360561,-0.0004075582,0.010115721,-0.0020757979,0.0072321207,-0.15726367,0.9542403285162768,0.28535678384221586,-0.4519967053001951,0.0,0.0,-1.2215509866480927,0.03131547847862182,-0.08599054346847268,0.010549576540314076,0.0,0.0,0.0,0.005623915678618498,0.10585223570086501,-0.00188894522141414,-1.728684016902305,-3.1154683,2.2258866,-1.628486,0.7389042,1.7116961,-2.9911075,29.735285,0.003097426
figure_eight_depth,nmpc,12.200000000000001,0.96248573,0.2740142,-0.45088643,0.00081719976,-0.0035386619,-1.2387775,0.09446984,-0.00030117953,0.010132157,-0.0018873002,0.0070969146,-0.15338154,0.9573194975320672,0.27669577462167205,-0.450943781258596,0.0,0.0,-1.2367878994694375,0.030267338942513433,-0.0872233077233997,0.010508856171181913,0.0,0.0,0.0,0.005821002576144163,0.10806275554625214,-0.0019896188029624455,-1.7359003071322572,-3.0478184,2.1599922,-1.5482414,0.6604151,1.7008508,-3.0017333,28.691257,0.002988673
figure_eight_depth,nmpc,12.3,0.9655649,0.26500607,-0.44983786,0.0007034571,-0.0028402512,-1.2537452,0.095234826,-0.0002439558,0.010148805,-0.0016670801,0.0068617896,-0.14968133,0.9602936856769431,0.26791339748949833,-0.449894943668529,0.0,0.0,-1.251661224643952,0.029215880251565185,-0.08841781295279572,0.010467847696427057,0.0,0.0,0.0,0.0060201003481905255,0.11015095141925162,-0.002083973605864875,-1.7429154529178403,-2.9801092,2.1003368,-1.4729629,0.5931903,1.6916593,-3.0104988,27.738773,0.0028894555
figure_eight_depth,nmpc,12.4,0.96853125,0.25588778,-0.44879416,0.0006027965,-0.002174775,-1.2683607,0.09591537,-0.00023573119,0.010164933,-0.001421725,0.006551945,-0.14615992,0.9631625667976582,0.25901350468656514,-0.44885022128440627,0.0,0.0,-1.2661885648162783,0.02816121771015423,-0.08957353520722133,0.010426552240344611,0.0,0.0,0.0,0.006212575056808953,0.11212464841240925,-0.0021721691696225953,-1.7497413932635864,-2.9164279,2.0457382,-1.4032285,0.5325387,1.6827407,-3.0188255,26.888166,0.002800851
figure_eight_depth,nmpc,12.5,0.97137856,0.246667,-0.4477552,0.0005180502,-0.0015467997,-1.2826418,0.096525766,-0.00027688686,0.010179949,-0.001158043,0.006193667,-0.14281385,0.9659258262890682,0.25000000000000017,-0.44780964274781987,0.0,0.0,-1.2803871157744535,0.027103466973876778,-0.09068996754865721,0.010384970935084503,0.0,0.0,0.0,0.006390948874536947,0.1139913276957961,-0.0022546526810518497,-1.7563856240051672,-2.8614004,1.9950695,-1.339588,0.47325683,1.6725825,-3.0282655,26.154308,0.002724407
figure_eight_depth,nmpc,12.600000000000001,0.9741004,0.23735258,-0.44672087,0.00045131278,-0.00095869234,-1.2966055,0.097054705,-0.0003684801,0.010193415,-0.00088336394,0.0058087334,-0.13963924,0.9685831611286311,0.24087683705085758,-0.44677323658675583,0.0,0.0,-1.2942736535134138,0.026042744037058085,-0.091766620272965,0.01034310492059598,0.0,0.0,0.0,0.006546997543785046,0.11574256363337433,-0.0023318142829118482,-1.7628550378376222,-2.819014,1.9474106,-1.2824118,0.4108081,1.6598514,-3.0402045,25.55054,0.002661515
figure_eight_depth,nmpc,12.700000000000001,0.97669095,0.22795361,-0.44569102,0.00040370622,-0.0004102796,-1.3102684,0.09750298,-0.00050668267,0.010205033,-0.00060705125,0.0054224646,-0.1366319,0.9711342799096361,0.2316480175599308,-0.4457410312148128,0.0,0.0,-1.3078645274861447,0.024979165219818356,-0.09280302112474326,0.01030095534465536,0.0,0.0,0.0,0.006672907017297439,0.11738111653202142,-0.0024038746134646964,-1.7692574652861164,-2.7926738,1.901989,-1.2319688,0.34128386,1.6434528,-3.0557811,25.089546,0.0026134944
figure_eight_depth,nmpc,12.8,0.97914505,0.21847795,-0.44466558,0.00037549998,0.00010129737,-1.323647,0.09788469,-0.0006916384,0.010214647,-0.00033695184,0.005061759,-0.13378765,0.9735789028731603,0.2223175895924637,-0.44471305493042235,0.0,0.0,-1.3211756590958728,0.023912847155582728,-0.09379871550428687,0.010258523362810523,0.0,0.0,0.0,0.0067621804320367645,0.118914942717385,-0.0024713631514416967,-1.7758745464678003,-2.7848952,1.8581872,-1.1883802,0.26167208,1.6226108,-3.0758367,24.782858,0.0025815477
figure_eight_depth,nmpc,12.9,0.98145825,0.20893253,-0.44364437,0.0003659715,0.00058117084,-1.336757,0.098211594,-0.0009192555,0.010222369,-8.200467e-05,0.0047495062,-0.13110213,0.9759167619387473,0.21288964578253647,-0.44368933591607373,0.0,0.0,-1.334222544613836,0.022843906778313716,-0.09475326666712192,0.01021581013838091,0.0,0.0,0.0,0.006809464716988466,0.12035410239496754,-0.0025344000425360225,-1.782307068977145,-2.7972672,1.8156637,-1.1515565,0.16995281,1.5968333,-3.1009073,24.641808,0.002566855
figure_eight_depth,nmpc,13.0,0.9836276,0.1993234,-0.44262728,0.0003732349,0.0010363364,-1.3496139,0.098496825,-0.0011780992,0.010228479,0.00014735488,0.0045046033,-0.12857114,0.9781476007338056,0.20336832153790022,-0.44266990223754066,0.0,0.0,-1.347020261803805,0.021772461309133018,-0.09566625591556077,0.010172816842374255,0.0,0.0,0.0,0.006811298122877463,0.12171541712891971,-0.002593643149197966,-1.7885719899280346,-2.8300312,1.7742962,-1.1211774,0.06544218,1.5659864,-3.1311743,24.67509,0.002570322
figure_eight_depth,nmpc,13.100000000000001,0.9856546,0.18965302,-0.44161424,0.00039374395,0.0014757636,-1.3622328,0.09878412,-0.0014356524,0.010233401,0.0003358643,0.004347173,-0.12619032,0.9802711746217219,0.19375779322605138,-0.44165478184311247,0.0,0.0,-1.3595834796082267,0.020698628244275596,-0.09653728278236073,0.010129544653403322,0.0,0.0,0.0,0.00676993069202848,0.1230515125539142,-0.002649324690174204,-1.7946890524170647,-2.882185,1.734153,-1.096773,-0.0512591,1.530252,-3.1665046,24.888239,0.0025925247
figure_eight_depth,nmpc,13.200000000000001,0.9875449,0.1799205,-0.44060516,0.00042255037,0.0019095445,-1.3746283,0.09911519,-0.0016542982,0.010237709,0.00047099116,0.004289002,-0.12395579,0.9822872507286886,0.18406227634233907,-0.44064400256282754,0.0,0.0,-1.3719264703831184,0.01962252534154496,-0.09736596520636132,0.01008599475788019,0.0,0.0,0.0,0.006693181597306696,0.12441796662735034,-0.0027018350520622296,-1.8006847865520073,-2.9514477,1.6956722,-1.0775113,-0.17826451,1.4900392,-3.2065122,25.281094,0.002633447
figure_eight_depth,nmpc,13.3,0.9893101,0.17011864,-0.43960005,0.00045350034,0.0023486982,-1.3868145,0.099559866,-0.0017870772,0.010241977,0.0005422015,0.004340044,-0.12186404,0.9841956079692419,0.17428602366090767,-0.43963759210771053,0.0,0.0,-1.3840631241915622,0.018544270607823155,-0.09815193970003078,0.010042168349710945,0.0,0.0,0.0,0.006597449422058397,0.12589580347719634,-0.002751350867947089,-1.8065817984287647,-3.0345702,1.6594744,-1.0623868,-0.31270942,1.4459623,-3.2505963,25.846107,0.002692303
figure_eight_depth,nmpc,13.4,0.99096334,0.16023852,-0.438599,0.00048081105,0.0028030712,-1.3988056,0.10013446,-0.0018173234,0.010246793,0.0005547408,0.0044893506,-0.11991244,0.9859960370705049,0.16443332336929167,-0.4386355780690123,0.0,0.0,-1.3960069647775177,0.017463982285803592,-0.09889486150900517,0.009998066630434455,0.0,0.0,0.0,0.006501677953002042,0.12750889580283312,-0.0027986535086150788,-1.812386280655602,-3.1283567,1.6261135,-1.0504344,-0.4518089,1.3986915,-3.2980843,26.572102,0.0027679272
figure_eight_depth,nmpc,13.5,0.9925113,0.15027933,-0.43760204,0.0005012754,0.0032785407,-1.4106153,0.10074342,-0.0017884888,0.010252713,0.00053567794,0.0046979114,-0.118099034,0.9876883405951378,0.15450849718747378,-0.43763798791745406,0.0,0.0,-1.4077711668688584,0.016381778841334516,-0.09959440476320358,0.009953690809111349,0.0,0.0,0.0,0.0064146577157181105,0.12916258427923247,-0.0028441581052016662,-1.8181087838503678,-3.2302246,1.5957929,-1.0410973,-0.5933346,1.3488878,-3.3482916,27.447392,0.0028591033
figure_eight_depth,nmpc,13.600000000000001,0.99395794,0.14024262,-0.43660933,0.0005131889,0.0037790313,-1.4222572,0.10135644,-0.0017220296,0.010260133,0.00050081965,0.004946548,-0.11642118,0.9892723329629883,0.14451589847223584,-0.4366448490024736,0.0,0.0,-1.419368574538162,0.015297778950207341,-0.10025026261986647,0.009909042102296262,0.0,0.0,0.0,0.006341690823640236,0.13082059844797048,-0.002888610444137907,-1.8237568327279778,-3.338318,1.5686377,-1.0339296,-0.7357512,1.2971097,-3.4006333,28.462132,0.0029648056
figure_eight_depth,nmpc,13.700000000000001,0.9953042,0.13013265,-0.43562102,0.00051620405,0.0043066596,-1.4337447,0.101940885,-0.0016419793,0.010269372,0.000464264,0.0052173287,-0.114876054,0.9907478404714436,0.13445991030763288,-0.43565618855147603,0.0,0.0,-1.430811720374366,0.014212101485278072,-0.10086214739804533,0.0098641217341211,0.0,0.0,0.0,0.006283877427000767,0.13244298950782105,-0.0029329485862052973,-1.8293378950936428,-3.451108,1.5445458,-1.0287268,-0.8778357,1.2438872,-3.454562,29.605896,0.0030839473
figure_eight_depth,nmpc,13.8,0.99655014,0.119955234,-0.43463716,0.00051058165,0.0048623118,-1.4450905,0.10247868,-0.0015568436,0.010280709,0.00043240207,0.0054979543,-0.11346042,0.9921147013144779,0.12434494358242741,-0.434672033669087,0.0,0.0,-1.4421128452754657,0.013124865503255645,-0.1014297907048281,0.009818930936045245,0.0,0.0,0.0,0.0062405052118361636,0.1340109081208944,-0.002977687027390763,-1.834859396035966,-3.567739,1.5234135,-1.0253597,-1.0189661,1.1896026,-3.5096529,30.872023,0.0032158357
figure_eight_depth,nmpc,13.9,0.997694,0.10971617,-0.4336579,0.0004973137,0.005446217,-1.4563074,0.102967985,-0.0014835522,0.010294269,0.00041272206,0.005781781,-0.11217134,0.9933727656003964,0.11417543505532787,-0.4336924113364098,0.0,0.0,-1.4532839186947766,0.012036190231712318,-0.10195294355314077,0.009773470947022078,0.0,0.0,0.0,0.006209624765604631,0.13551000381116557,-0.0030234924990710788,-1.840330375384867,-3.687262,1.5052056,-1.0236515,-1.1584054,1.1346312,-3.565516,32.251602,0.003359542
figure_eight_depth,nmpc,14.0,0.9987343,0.099419415,-0.4326833,0.00047741435,0.006058449,-1.467408,0.10342724,-0.0014229834,0.010310177,0.0004055573,0.0060671144,-0.11100574,0.9945218953682733,0.10395584540887987,-0.4327173484102854,0.0,0.0,-1.464336659208055,0.010946195056427133,-0.10243137647081985,0.009727743013332457,0.0,0.0,0.0,0.006190692584856861,0.1369517365810189,-0.0030712826101824135,-1.845756378684679,-3.8090668,1.4898397,-1.0234715,-1.2957562,1.0792431,-3.6218414,33.737587,0.003514332
figure_eight_depth,nmpc,14.100000000000001,0.99966973,0.08906999,-0.43171346,0.0004517324,0.006698276,-1.4784038,0.10384635,-0.0013718229,0.010328468,0.00040936083,0.006345777,-0.10996057,0.99556196460308,0.09369065729286227,-0.43174687162255665,0.0,0.0,-1.4752825553130022,0.0098549995073971,-0.10286487960139978,0.009681748388695732,0.0,0.0,0.0,0.006182669581771469,0.13833160358486757,-0.0031212513733991365,-1.8511404563395686,-3.9345393,1.4771494,-1.0248582,-1.4325324,1.0233513,-3.678716,35.345253,0.0036817968
figure_eight_depth,nmpc,14.200000000000001,1.0004973,0.0786747,-0.43074843,0.00042134465,0.007364388,-1.4893072,0.104206175,-0.0013448952,0.010349154,0.00042644795,0.006611868,-0.109033234,0.9964928592495044,0.08338437335805109,-0.4307810075793348,0.0,0.0,-1.4861328863472594,0.00876272324668026,-0.10325326279606029,0.009635488334047704,0.0,0.0,0.0,0.006182070335515765,0.13962548874734407,-0.0031742787986146497,-1.8564834290518706,-4.064647,1.4669236,-1.0278416,-1.5698828,0.9670796,-3.736009,37.087215,0.0038632518
figure_eight_depth,nmpc,14.3,1.0012136,0.068243034,-0.42978823,0.00038698415,0.008055054,-1.5001292,0.10447992,-0.001349012,0.010372226,0.00045336765,0.006861056,-0.10822075,0.9973144772244581,0.07304151428120575,-0.42981978276027055,0.0,0.0,-1.496898743495662,0.0076694860545734045,-0.10359635569701098,0.009588964117568377,0.0,0.0,0.0,0.006182974982874395,0.14080977313812137,-0.0032304793742110594,-1.8617861583890047,-4.199385,1.4588786,-1.0325664,-1.707941,0.911069,-3.7930956,38.96404,0.004058754
figure_eight_depth,nmpc,14.4,1.0018132,0.05778533,-0.42883286,0.0003490931,0.008768695,-1.5108813,0.10465907,-0.0013982187,0.01039766,0.00048716893,0.0070948135,-0.107520424,0.9980267284282716,0.06266661678215227,-0.4288632235178278,0.0,0.0,-1.5075910508125054,0.006575407816955536,-0.10389400781266045,0.00954217701482074,0.0,0.0,0.0,0.006177787811967918,0.14186798097896705,-0.003290253928400322,-1.8670491544944083,-4.337693,1.4525322,-1.0393755,-1.8457867,0.85651577,-3.8488019,40.959557,0.00426662
figure_eight_depth,nmpc,14.5,1.0022919,0.047313057,-0.42788222,0.0003070463,0.00950378,-1.5215744,0.10473408,-0.0014883497,0.010425481,0.0005171661,0.0073135127,-0.1069295,0.9986295347545738,0.05226423163382687,-0.4279113560765615,0.0,0.0,-1.5182205862445766,0.005480608511687635,-0.10414608858266491,0.00949512830847321,0.0,0.0,0.0,0.0061585736675612394,0.14279610678788693,-0.0033537917690342756,-1.8722730426990737,-4.4773617,1.4474655,-1.0486009,-1.9812962,0.80513525,-3.9014187,43.03633,0.0044829515
figure_eight_depth,nmpc,14.600000000000001,1.0026449,0.036837325,-0.42693627,0.00025951676,0.010258902,-1.5322193,0.10470947,-0.0016259811,0.010455615,0.00053635275,0.007518537,-0.106446065,0.9991228300988584,0.041838921666157644,-0.4269642065323983,0.0,0.0,-1.5287980026174566,0.004385208195956114,-0.104352487436149,0.009447819288382897,0.0,0.0,0.0,0.006117328380381497,0.14359215864811467,-0.0034212881158808273,-1.877465274743108,-4.6145186,1.44323,-1.0606437,-2.1106462,0.7591674,-3.94871,45.125137,0.0047005345
figure_eight_depth,nmpc,14.700000000000001,1.0028718,0.0263648,-0.42599493,0.00020295444,0.011033279,-1.5428264,0.10463274,-0.0017694078,0.01048793,0.00052253914,0.0077162427,-0.10606834,0.9995065603657316,0.03139525976465679,-0.42602180085192143,0.0,0.0,-1.5393338485876435,0.0032893269927836144,-0.10451311383975412,0.009400251251540093,0.0,0.0,0.0,0.0060523354806281794,0.14431888334481816,-0.0034925655206328177,-1.8826354626810833,-4.743349,1.439636,-1.0757041,-2.22801,0.7212508,-3.98801,47.117508,0.0049080737
figure_eight_depth,nmpc,14.8,1.0029761,0.015898025,-0.42505816,0.00013238343,0.011825754,-1.5534066,0.10454625,-0.0018825115,0.010522064,0.00046159877,0.007903289,-0.10579623,0.9997806834748455,0.020937826864599905,-0.4250841648716586,0.0,0.0,-1.5498385895474731,0.002193085077761836,-0.10462789733744864,0.009352425502096029,0.0,0.0,0.0,0.005967471261917217,0.14503155692277608,-0.0035680066363037444,-1.8878119173887933,-4.8550205,1.4369655,-1.093486,-2.3245704,0.69442844,-4.0161953,48.84749,0.00508828
figure_eight_depth,nmpc,14.9,1.0029721,0.00542509,-0.42412624,3.9868028e-05,0.012636009,-1.5639702,0.10459532,-0.0018587012,0.010557267,0.0003240469,0.008088554,-0.10563008,0.9999451693655121,0.010471209941678555,-0.424151324297374,0.0,0.0,-1.5603226284817082,0.0010966026662839745,-0.10469678758138252,0.009304343351168587,0.0,0.0,0.0,0.0058844220291385555,0.1459082793665414,-0.003647579686321567,-1.8931226507497578,-4.9374337,1.4361346,-1.1130108,-2.3882897,0.6819433,-4.0299125,50.08869,0.0052175727
figure_eight_depth,nmpc,15.0,1.0028872,-0.005084109,-0.4231997,-8.470857e-05,0.01346339,-1.5745282,0.10495828,-0.0015662978,0.010592352,8.830563e-05,0.008269608,-0.10557169,1.0,6.123233995736766e-17,-0.4232233047033631,0.0,0.0,-1.5707963267948966,0.0,-0.10471975435402178,0.00925600611695332,0.0,0.0,0.0,0.005846787827732953,0.14716882191565323,-0.00373189052077727,-1.8985643775595795,-4.9797454,1.4384079,-1.1328409,-2.408498,0.68628275,-4.0264835,50.63463,0.005274441
figure_eight_depth,nmpc,15.100000000000001,1.0027401,-0.015647726,-0.42227924,-0.0002454131,0.014298743,-1.5850918,0.10550744,-0.0010777536,0.010625849,-0.00018485863,0.008362471,-0.105626546,0.9999451693655121,-0.010471209941678434,-0.42230013153175183,0.0,0.0,-1.5812700251080851,-0.0010966026662839745,-0.10469678758138166,0.009207415124640184,0.0,0.0,0.0,0.005882911156915136,0.14867191480624029,-0.0038218041918416375,-1.904093609779767,-4.974366,1.4448147,-1.1517596,-2.3777936,0.70875335,-4.0044017,50.349827,0.005244773
figure_eight_depth,nmpc,15.200000000000001,1.0025406,-0.026272407,-0.42136544,-0.00044028545,0.015125888,-1.5956731,0.10612293,-0.0004784051,0.010656351,-0.0004358003,0.008297428,-0.105798885,0.9997806834748455,-0.02093782686459978,-0.42138183009179914,0.0,0.0,-1.5917540640423202,-0.002193085077761836,-0.10462789733744864,0.009158571706413543,0.0,0.0,0.0,0.0060062539758289225,0.15027215284454568,-0.003919020216712976,-1.909699056224605,-4.9175644,1.4561547,-1.1687467,-2.2926648,0.7494449,-3.9634085,49.19538,0.005124519
figure_eight_depth,nmpc,15.3,1.0022913,-0.03695685,-0.42045873,-0.0006625784,0.01592406,-1.6062837,0.10672402,0.00016077701,0.010682583,-0.0006180362,0.008028439,-0.10609077,0.9995065603657316,-0.03139525976465667,-0.4204684255592028,0.0,0.0,-1.6022588050021498,-0.0032893269927836144,-0.10451311383975412,0.009109477201313387,0.0,0.0,0.0,0.006219829639962123,0.15186189056024832,-0.004024859701219352,-1.9153573613818409,-4.8095884,1.4730176,-1.1830591,-2.1535134,0.8073236,-3.904412,47.23538,0.0049203513
figure_eight_depth,nmpc,15.4,1.0019875,-0.04769052,-0.41955933,-0.00090150145,0.016669221,-1.6169358,0.10722006,0.0007647163,0.01070337,-0.00069305627,0.0075221616,-0.1065025,0.9991228300988584,-0.04183892166615774,-0.41955994297540944,0.0,0.0,-1.612794650972338,-0.004385208195956114,-0.10435248743614553,0.00906013295526309,0.0,0.0,0.0,0.006515157038483524,0.1533233931567114,-0.0041411982174202056,-1.9210361009331363,-4.6546397,1.4957063,-1.194267,-1.9646677,0.8803767,-3.8293672,44.628113,0.004648762
figure_eight_depth,nmpc,15.5,1.0016155,-0.058455776,-0.4186671,-0.0011427436,0.01733638,-1.6276412,0.10754589,0.0012402846,0.010717554,-0.0006280018,0.0067680874,-0.10703279,0.9986295347545738,-0.05226423163382652,-0.4186564072469281,0.0,0.0,-1.6233720673452168,-0.005480608511687635,-0.10414608858266491,0.009010540321152671,0.0,0.0,0.0,0.006873970824702505,0.15454510961143428,-0.004269133674070336,-1.9266892791753725,-4.460607,1.5242039,-1.2023973,-1.7340075,0.9658558,-3.7410486,41.601074,0.004333446
figure_eight_depth,nmpc,15.600000000000001,1.0011543,-0.0692238,-0.41778153,-0.0013700563,0.017900445,-1.6384113,0.107598685,0.0015001073,0.010724095,-0.0004060678,0.0057636965,-0.10767869,0.9980267284282716,-0.06266661678215214,-0.4177578431446471,0.0,0.0,-1.634001602777288,-0.006575407816955536,-0.10389400781266045,0.008960700658477982,0.0,0.0,0.0,0.007264910423716261,0.15539225359560663,-0.004409680715754094,-1.9322577567383876,-4.238373,1.5579678,-1.2081368,-1.4722699,1.0605292,-3.64278,38.41281,0.0040013343
figure_eight_depth,nmpc,15.700000000000001,1.0005741,-0.0799512,-0.4169017,-0.0015662117,0.018337432,-1.6492573,0.107246146,0.0014446869,0.010721852,-2.0176012e-05,0.0045184484,-0.10843654,0.9973144772244581,-0.07304151428120585,-0.4168642753031553,0.0,0.0,-1.6446939100940523,-0.0076694860545734045,-0.103596355697122,0.008910615333701521,0.0,0.0,0.0,0.007640048014608769,0.15570004370241367,-0.004563392190188419,-1.937701307968065,-4.0001884,1.596059,-1.2127652,-1.1913652,1.1610796,-3.5380523,35.304985,0.0036776026
figure_eight_depth,nmpc,15.8,0.999847,-0.09059472,-0.41602638,-0.0017176745,0.018629357,-1.6601897,0.10649919,0.0010768351,0.010709499,0.00048998825,0.0030904387,-0.10930134,0.9964928592495044,-0.08338437335805098,-0.41597572822006645,0.0,0.0,-1.6554597672426188,-0.00876272324668026,-0.1032532627959562,0.008860285719891614,0.0,0.0,0.0,0.00795247371134282,0.15547828471557998,-0.004729980567744984,-1.9430283765907879,-3.7570393,1.6377964,-1.2174696,-0.9017746,1.2643704,-3.4301705,32.457855,0.0033810262
figure_eight_depth,nmpc,15.9,0.99896204,-0.101134606,-0.4151548,-0.0018205992,0.018769179,-1.6712186,0.105587415,0.0005768876,0.010685479,0.0010252501,0.0015876128,-0.11026741,0.99556196460308,-0.09369065729286216,-0.4150922262553476,0.0,0.0,-1.6663100982767909,-0.0098549995073971,-0.10286487960139978,0.00880971319686119,0.0,0.0,0.0,0.008183937320321544,0.15501828558302397,-0.004908535374942513,-1.9482512867448556,-3.517041,1.6831115,-1.2228482,-0.6110825,1.3677336,-3.3219762,29.977444,0.00312265
figure_eight_depth,nmpc,16.0,0.9979168,-0.11156399,-0.41428655,-0.0018763624,0.018756721,-1.682354,0.1046348,3.6826583e-05,0.010648383,0.0015322545,7.811574e-05,-0.11133368,0.9945218953682734,-0.10395584540887953,-0.4142137936306514,0.0,0.0,-1.6772559943810879,-0.010946195056371621,-0.10243137647093087,0.008758899151140032,0.0,0.0,0.0,0.008331544010270638,0.15447416932061547,-0.00509797900758402,-1.953386739365915,-3.285862,1.7321434,-1.2292362,-0.3244834,1.46907,-3.2157667,27.912842,0.002907588
figure_eight_depth,nmpc,16.1,0.9967143,-0.12188359,-0.41342142,-0.0018895719,0.018596414,-1.6936059,0.10371278,-0.0004818493,0.010597416,0.0019782623,-0.001391963,-0.1125017,0.9933727656003964,-0.11417543505532797,-0.41334045442865214,0.0,0.0,-1.6883087348959795,-0.01203619023182334,-0.10195294355323792,0.00870784497569721,0.0,0.0,0.0,0.008401670913947602,0.1539408265582544,-0.00529716491481147,-1.9584521538344077,-3.0673742,1.7849154,-1.2370307,-0.045429025,1.5668126,-3.1132672,26.274351,0.0027369119
figure_eight_depth,nmpc,16.2,0.9953604,-0.13209698,-0.41255942,-0.0018663658,0.018295659,-1.7049848,0.102844946,-0.0009452977,0.0105324015,0.002348008,-0.0027925733,-0.11377486,0.9921147013144779,-0.1243449435824273,-0.4124722325923851,0.0,0.0,-1.6994798083141884,-0.013124865503255645,-0.10142979070493913,0.008656552070385182,0.0,0.0,0.0,0.008404522769295304,0.1534589500278685,-0.005504975812093305,-1.9634669937877816,-2.8637216,1.8417486,-1.2462978,0.22432394,1.6598321,-3.0156941,25.04597,0.0026089556
figure_eight_depth,nmpc,16.3,0.99386233,-0.14220907,-0.41170067,-0.0018132984,0.017864088,-1.7165017,0.10204192,-0.0013369555,0.0104535995,0.0026376515,-0.0041007996,-0.11515772,0.9907478404714436,-0.13445991030763277,-0.4116091519245905,0.0,0.0,-1.7107809332157007,-0.014212101485333584,-0.10086214739823962,0.008605021841245897,0.0,0.0,0.0,0.008352117668785033,0.1530479636051509,-0.005720779583371582,-1.9684502933768153,-2.675731,1.903327,-1.2566916,0.48428696,1.7473719,-2.9238436,24.198168,0.0025206422
figure_eight_depth,nmpc,16.400000000000002,0.99222714,-0.15222506,-0.41084534,-0.0017365265,0.017312568,-1.7281681,0.101303704,-0.0016549308,0.010361603,0.0028517097,-0.005303678,-0.11665549,0.9892723329629883,-0.14451589847223595,-0.4107512360870609,0.0,0.0,-1.7222240790518628,-0.015297778950262853,-0.10025026262007464,0.008553255701093665,0.0,0.0,0.0,0.008256568839738224,0.1527095787151896,-0.005944050869096661,-1.9734206845752689,-2.5031555,1.9707438,-1.2674292,0.735017,1.8289789,-2.838179,23.69667,0.0024684032
figure_eight_depth,nmpc,16.5,0.990461,-0.1621501,-0.40999365,-0.0016413671,0.016652463,-1.7399961,0.10062939,-0.0019063936,0.010257236,0.0029992212,-0.0063956766,-0.11827351,0.9876883405951378,-0.15450849718747367,-0.4098985085999922,0.0,0.0,-1.7338214867212989,-0.016381778841390027,-0.0995944047633146,0.008501255069126579,0.0,0.0,0.0,0.008129621039830524,0.15243898604748232,-0.0061745889088891115,-1.9783960986487708,-2.3449168,2.045481,-1.2773215,0.97788507,1.9044472,-2.7589011,23.50889,0.0024488429
figure_eight_depth,nmpc,16.6,0.98856825,-0.17199002,-0.40914586,-0.0015321028,0.01589512,-1.7519982,0.100026324,-0.0021041606,0.010141481,0.0030912024,-0.007376428,-0.120017014,0.985996037070505,-0.1644333233692916,-0.40905099284133944,0.0,0.0,-1.7455856888124595,-0.017463982285859103,-0.09889486150921334,0.008449021370982024,0.0,0.0,0.0,0.007983041772120825,0.15223428116736473,-0.006412497298990738,-1.983394517159346,-2.199382,2.1288762,-1.285346,1.2148398,1.9738562,-2.6859362,23.607708,0.002459136
figure_eight_depth,nmpc,16.7,0.9865524,-0.18175209,-0.40830225,-0.0014123286,0.0150514245,-1.7641876,0.09950848,-0.0022513669,0.010015529,0.0031351747,-0.008250232,-0.12189099,0.984195607969242,-0.17428602366090737,-0.4082087120461751,0.0,0.0,-1.7575295293978184,-0.018544270607823155,-0.09815193970025282,0.008396556038625658,0.0,0.0,0.0,0.007829775294564559,0.1521052027085884,-0.006658044988778311,-1.988428432721941,-2.0643668,2.2227128,-1.2900616,1.4484073,2.0374012,-2.6190841,23.97481,0.002497376
figure_eight_depth,nmpc,16.8,0.984417,-0.19144085,-0.40746304,-0.0012850048,0.014130266,-1.7765777,0.099047884,-0.0023491476,0.009880659,0.0031380616,-0.009036598,-0.123900354,0.9822872507286887,-0.18406227634233896,-0.40737168930605266,0.0,0.0,-1.7696661832068086,-0.019622525341600472,-0.09736596520656948,0.00834386051040692,0.0,0.0,0.0,0.007680340148095823,0.15203033749390124,-0.006911527898538106,-1.9935110943865688,-1.938538,2.328179,-1.2906159,1.6802566,2.0952382,-2.5581613,24.601511,0.0025626575
figure_eight_depth,nmpc,16.900000000000002,0.98216456,-0.20106037,-0.4066284,-0.0011522427,0.013139113,-1.7891828,0.098640345,-0.002406075,0.00973804,0.0031086823,-0.009749565,-0.12605003,0.9802711746217219,-0.19375779322605147,-0.4065399475683734,0.0,0.0,-1.78200917398191,-0.020698628244331108,-0.09653728278245788,0.008290936231114543,0.0,0.0,0.0,0.007544558337959226,0.15200187153892847,-0.007173608191246794,-1.9986546636095874,-1.8215833,2.4454808,-1.2871028,1.9110001,2.1474972,-2.502982,25.48376,0.0026545583
figure_eight_depth,nmpc,17.0,0.9797962,-0.2106149,-0.4057985,-0.0010153708,0.012084346,-1.8020171,0.09828961,-0.0024317077,0.009588667,0.0030549888,-0.010399798,-0.12834448,0.9781476007338057,-0.2033683215378999,-0.40571350963575725,0.0,0.0,-1.79457239178632,-0.02177246130918853,-0.09566625591565792,0.008237784651532465,0.0,0.0,0.0,0.00743222547009406,0.15201778377144073,-0.007444700918452839,-2.0038689994610506,-1.7145178,2.5735931,-1.2808542,2.1399295,2.1942523,-2.4534113,26.61681,0.0027725846
figure_eight_depth,nmpc,17.1,0.9773124,-0.22010767,-0.4049734,-0.0008751433,0.010971408,-1.8150957,0.097986445,-0.002432247,0.009433355,0.0029826995,-0.010996584,-0.13078764,0.9759167619387474,-0.21288964578253636,-0.40489239816541756,0.0,0.0,-1.8073701089754566,-0.022843906778313716,-0.09475326666733008,0.008184407229022694,0.0,0.0,0.0,0.007352160629307985,0.1520680914169759,-0.007725554095222131,-2.009156049578835,-1.6218021,2.7092147,-1.2753941,2.3628063,2.2352955,-2.4095407,27.982002,0.002914792
figure_eight_depth,nmpc,17.2,0.9747145,-0.22953445,-0.4041531,-0.00073192455,0.009804519,-1.8284338,0.097656466,-0.0024145963,0.009272515,0.0028955268,-0.011552174,-0.13338237,0.9735789028731603,-0.22231758959246356,-0.40407663566854,0.0,0.0,-1.820416994494536,-0.02391284715569375,-0.09379871550448116,0.008130805426775911,0.0,0.0,0.0,0.0073060593023920595,0.1520902977398287,-0.008016757565400434,-2.014510952827038,-1.549084,2.8477073,-1.2757179,2.5743413,2.2704275,-2.3715034,29.542656,0.0030773599
figure_eight_depth,nmpc,17.3,0.97200507,-0.23887901,-0.40333763,-0.00058545114,0.008587244,-1.8420466,0.09718034,-0.0023970623,0.00910628,0.0027993934,-0.012073113,-0.13613145,0.9711342799096361,-0.2316480175599307,-0.40326624450966564,0.0,0.0,-1.8337281261033482,-0.024979165219818356,-0.09280302112485428,0.008076980714394333,0.0,0.0,0.0,0.007283585825816804,0.15197776406137858,-0.008318492358260654,-2.0199200277375082,-1.5025958,2.9840972,-1.2873069,2.7688081,2.2994251,-2.339507,31.246737,0.0032548688
figure_eight_depth,nmpc,17.400000000000002,0.96918964,-0.24810666,-0.40252683,-0.00043478506,0.007322599,-1.8559502,0.09637309,-0.0024061461,0.008934664,0.0027005812,-0.012565046,-0.13903815,0.9685831611286311,-0.2408768370508577,-0.4024612469060774,0.0,0.0,-1.8473190000757838,-0.026042744037058085,-0.09176662027317317,0.008022934567558648,0.0,0.0,0.0,0.007255510972118189,0.1515643813062154,-0.008631236244711848,-2.0253632310786616,-1.4896575,3.1122456,-1.3168453,2.9394333,2.3220682,-2.3137846,33.0251,0.0034401147
figure_eight_depth,nmpc,17.5,0.9662785,-0.2571605,-0.40172052,-0.0002784985,0.006013983,-1.8701606,0.09500985,-0.002470579,0.008757683,0.0026034284,-0.013024378,-0.14210606,0.9659258262890683,-0.2499999999999999,-0.4016616649271912,0.0,0.0,-1.8612055378159178,-0.0271034669739878,-0.09068996754883762,0.007968668467861484,0.0,0.0,0.0,0.007169435661439105,0.15064841476404925,-0.008955041865478686,-2.0308580980826676,-1.5181152,3.225515,-1.3715253,3.078925,2.3382719,-2.2944398,34.801453,0.003625151
figure_eight_depth,nmpc,17.6,0.9632828,-0.26599258,-0.4009189,-0.000116318035,0.0046736994,-1.8846943,0.09317754,-0.00257983,0.0085761305,0.0024958567,-0.013362361,-0.1453386,0.9631625667976581,-0.2590135046865652,-0.4008675204939509,0.0,0.0,-1.8754040887737242,-0.02816121771020974,-0.08957353520733236,0.00791418390314047,0.0,0.0,0.0,0.006980302258249702,0.14930317333652948,-0.009290249071124414,-2.036501746663637,-1.5933728,3.3196487,-1.4561071,3.182383,2.3480372,-2.281545,36.52544,0.0038047333
figure_eight_depth,nmpc,17.7,0.96020776,-0.27458456,-0.40012228,5.0739334e-05,0.003326283,-1.8995683,0.091177955,-0.0027193916,0.008392098,0.0023657344,-0.0134568615,-0.14873932,0.9602936856769432,-0.26791339748949805,-0.40007883537822736,0.0,0.0,-1.8899314289461266,-0.029215880251620696,-0.08841781295287898,0.007859482367034154,0.0,0.0,0.0,0.006671858918778916,0.14778084697691832,-0.009636890374552065,-2.0424135811897277,-1.7162538,3.3941267,-1.5715914,3.249464,2.3515246,-2.2750344,38.199986,0.0039791656
figure_eight_depth,nmpc,17.8,0.9570526,-0.28294602,-0.39933115,0.00022018322,0.0020045855,-1.9147996,0.08929667,-0.0028641147,0.008208652,0.0022010745,-0.013224705,-0.15231155,0.9573194975320672,-0.27669577462167194,-0.39929563120222133,0.0,0.0,-1.9048047541202338,-0.030267338942568944,-0.08722330772359399,0.007804565359259552,0.0,0.0,0.0,0.006256043003250476,0.14632904247682801,-0.009994816917058724,-2.0485338164132463,-1.882421,3.4523518,-1.7150036,3.2849343,2.3490858,-2.274686,39.886673,0.0041548614
figure_eight_depth,nmpc,17.900000000000002,0.95380837,-0.2911179,-0.39854586,0.0003881399,0.000746811,-1.9304057,0.08785684,-0.0029794693,0.008029538,0.0019924047,-0.012612106,-0.15605824,0.9542403285162768,-0.28535678384221597,-0.398517929437871,0.0,0.0,-1.9200416669409741,-0.03131547847862182,-0.08599054346866697,0.007749434385417864,0.0,0.0,0.0,0.005777361491973239,0.14523414745120947,-0.010364069028569345,-2.0553257218254783,-2.0836182,3.501149,-1.8799155,3.2974463,2.3412127,-2.2801328,41.687023,0.0043423986
figure_eight_depth,nmpc,18.0,0.9504596,-0.29916888,-0.39776662,0.0005491535,-0.00040840282,-1.9464043,0.087138586,-0.0030104006,0.007858538,0.0017296153,-0.011614234,-0.15998158,0.9510565162951536,-0.2938926261462365,-0.3977457514062631,0.0,0.0,-1.9356601567356966,-0.03236018391961082,-0.08472006091930773,0.007694090956883448,0.0,0.0,0.0,0.0053099576325228584,0.14476343318933704,-0.010744181147299026,-2.0629860922342633,-2.3111105,3.5476842,-2.0595772,3.2961507,2.3284612,-2.290918,43.7038,0.004552479
figure_eight_depth,nmpc,18.1,0.94699806,-0.3071324,-0.39699346,0.0006995492,-0.0014386852,-1.9628134,0.086784735,-0.0029847699,0.007697862,0.0014369424,-0.010392933,-0.16408437,0.9477684100095857,-0.3022995574311874,-0.39697911827704846,0.0,0.0,-1.951678570905132,-0.03340134070178857,-0.08341241735129734,0.007638536590942602,0.0,0.0,0.0,0.004893868201143307,0.14461432456037837,-0.011134806475239012,-2.0707478282832428,-2.5579698,3.5975995,-2.2487257,3.2883554,2.3113449,-2.3065784,46.0186,0.0047936044
figure_eight_depth,nmpc,18.2,0.94342023,-0.31502044,-0.39622635,0.0008369268,-0.002332398,-1.9796509,0.08657681,-0.0029223845,0.007548793,0.0011315381,-0.00905491,-0.16836806,0.9443763702374811,-0.310573890139155,-0.39621805106786145,0.0,0.0,-1.9681155765741618,-0.034438834650596384,-0.08206818634018398,0.007582772810654781,0.0,0.0,0.0,0.00454819677805361,0.14459891363692304,-0.011535278490230283,-2.0786020472137405,-2.8190236,3.654915,-2.44371,3.2796016,2.290354,-2.3266242,48.691704,0.0050720526
figure_eight_depth,nmpc,18.3,0.9397259,-0.32283148,-0.39546522,0.00095984625,-0.0030852947,-1.9969348,0.08637705,-0.0028385657,0.007411964,0.00082606374,-0.00767362,-0.172833,0.9408807689542255,-0.3187119948743448,-0.3954625706437441,0.0,0.0,-1.9849901110342925,-0.03547255199304322,-0.08068795751017821,0.007526801144908113,0.0,0.0,0.0,0.004278312375728822,0.14459552469801523,-0.011944660503488302,-2.0865494424816315,-3.0911856,3.7217016,-2.6428006,3.2733164,2.2659335,-2.350574,51.765137,0.0053922017
figure_eight_depth,nmpc,18.400000000000002,0.93591565,-0.3305579,-0.39471018,0.0010677525,-0.0036975055,-2.0146832,0.0861273,-0.0027502014,0.0072875465,0.000531468,-0.0062924614,-0.17747855,0.9372819894918916,-0.3267103019950527,-0.39471269771657397,0.0,0.0,-2.0023213194068883,-0.03650237937041778,-0.07927233627513797,0.007470623128003062,0.0,0.0,0.0,0.004083013606428806,0.14454656611723005,-0.012361927205660537,-2.0945937098066967,-3.372413,3.7991729,-2.8450713,3.2718308,2.2384675,-2.3780057,55.27184,0.0057574827
figure_eight_depth,nmpc,18.5,0.9319907,-0.33818838,-0.3939612,0.0011606589,-0.0041722734,-2.0329142,0.08579272,-0.0026687887,0.007175432,0.00025497688,-0.0049423384,-0.18230282,0.9335804264972019,-0.33456530317942895,-0.3939684528444961,0.0,0.0,-2.020128477803743,-0.03752820385061195,-0.07782194357361383,0.0074142403002352975,0.0,0.0,0.0,0.003956516464971413,0.1444164258701975,-0.012785683878385967,-2.1027418525454733,-3.6617448,3.8877163,-3.0503523,3.2763233,2.208266,-2.4085467,59.239193,0.0061707497
figure_eight_depth,nmpc,18.6,0.9279525,-0.3457105,-0.39321837,0.0012388648,-0.0045146775,-2.051645,0.08536528,-0.0026008412,0.0070752595,5.603183e-07,-0.0036414366,-0.18730251,0.9297764858882513,-0.3422735529643443,-0.39322985643135955,0.0,0.0,-2.0384309001855563,-0.038549912940277764,-0.0763374155955121,0.00735765420734058,0.0,0.0,0.0,0.003890946445403496,0.1441947894841554,-0.013214140326528678,-2.111001063120784,-3.958713,3.9872832,-3.258838,3.2874074,2.1755848,-2.441896,63.692936,0.0066346806
figure_eight_depth,nmpc,18.7,0.9238034,-0.3531109,-0.39248174,0.0013027434,-0.004731166,-2.0708928,0.084835835,-0.002548328,0.006986539,-0.00023018618,-0.002403336,-0.19247301,0.9258705848099948,-0.3498316702566826,-0.39249692872615816,0.0,0.0,-2.057247827018049,-0.03956739459759495,-0.07481940350395622,0.007300866400661299,0.0,0.0,0.0,0.00387645953804526,0.14387275855857729,-0.013644983803484223,-2.1193795619938,-4.2629814,4.0977473,-3.470719,3.3054845,2.14065,-2.4777677,68.65838,0.0071519143
figure_eight_depth,nmpc,18.8,0.9195465,-0.36037588,-0.39175138,0.0013526279,-0.0048290724,-2.0906742,0.08419885,-0.0025106731,0.0069086333,-0.0004370325,-0.0012367585,-0.19780818,0.9218631515885006,-0.35723633981640157,-0.3917696898224751,0.0,0.0,-2.0765982937955294,-0.04058053724415034,-0.07326857314918223,0.007243878436952178,0.0,0.0,0.0,0.003901794419203495,0.14344576549816612,-0.014075868115481338,-2.127886574600131,-4.5743093,4.2187324,-3.6862907,3.3307126,2.103653,-2.5159159,74.159584,0.007724957
figure_eight_depth,nmpc,18.900000000000002,0.91518575,-0.36749247,-0.39102733,0.0013886844,-0.0048160288,-2.1110044,0.083460204,-0.0024832992,0.0068408037,-0.0006211949,-0.00014455002,-0.20330028,0.9177546256839811,-0.36448431371070583,-0.3910481596579324,0.0,0.0,-2.09650097752614,-0.041589229777649894,-0.07168560477674446,0.007186691878713347,0.0,0.0,0.0,0.003955824277351363,0.14292109604577555,-0.014503375043440236,-2.136533131312505,-4.8928614,4.3494506,-3.9061646,3.3627522,2.0647416,-2.556139,80.22104,0.008356359
figure_eight_depth,nmpc,19.0,0.91072524,-0.37444997,-0.39030966,0.0014109046,-0.004699313,-2.1318984,0.08264238,-0.0024605677,0.0067822374,-0.0007840592,0.00087700435,-0.20893995,0.913545457642601,-0.371572412738697,-0.39033235801364397,0.0,0.0,-2.1169740193409847,-0.04259336158329852,-0.07007119272883777,0.007129308293690739,0.0,0.0,0.0,0.004029204860818587,0.14232114088447212,-0.014924383826739884,-2.1453293078113833,-5.21889,4.4890027,-4.130852,3.400963,2.0240152,-2.5982947,86.86623,0.009048565
figure_eight_depth,nmpc,19.1,0.90616685,-0.38124013,-0.38959837,0.001419676,-0.0044855457,-2.15337,0.08177891,-0.002453576,0.0067321314,-0.00092129887,0.001834732,-0.21471608,0.9092361090470686,-0.37849752782587814,-0.3896223045136734,0.0,0.0,-2.1380348216174,-0.04359282254690067,-0.06842604513984663,0.007071729255042625,0.0,0.0,0.0,0.00411616064156866,0.14167057701494884,-0.01533508194705302,-2.1542830939862307,-5.552424,4.63651,-4.360651,3.444735,1.9815639,-2.6422527,94.11621,0.009803772
figure_eight_depth,nmpc,19.200000000000003,0.90151155,-0.3878566,-0.38889346,0.0014153157,-0.0041809734,-2.1754313,0.08089389,-0.0024623729,0.006689728,-0.0010331691,0.0027325256,-0.22061495,0.9048270524660195,-0.3852566213878946,-0.3889180186244962,0.0,0.0,-2.1596998182502625,-0.044587503066295664,-0.06675088362598225,0.007013956341395122,0.0,0.0,0.0,0.004213438376845501,0.14099183490599196,-0.015731433275616435,-2.1634012706665025,-5.8932314,4.791166,-4.5955377,3.49347,1.9374547,-2.6879144,101.98736,0.010623683
figure_eight_depth,nmpc,19.3,0.89675975,-0.39429504,-0.38819495,0.0013979571,-0.0037914135,-2.198093,0.080010116,-0.0024836904,0.006654306,-0.0011210636,0.003574862,-0.22662035,0.9003187714021935,-0.3918467286629198,-0.38821951965446566,0.0,0.0,-2.1819842172165544,-0.04557729406345912,-0.06504644296845274,0.006955991136592399,0.0,0.0,0.0,0.004319891289675018,0.14030818442201776,-0.016108720252927977,-2.172689637225278,-6.240732,4.952275,-4.8351374,3.5466776,1.8917503,-2.7351954,110.48926,0.0115092965
figure_eight_depth,nmpc,19.400000000000002,0.89191204,-0.40055293,-0.38750276,0.0013673579,-0.0033223706,-2.2213638,0.07914489,-0.0025076596,0.0066251997,-0.0011882845,0.0043651103,-0.23271333,0.8957117602394128,-0.39826495901209824,-0.387526826753284,0.0,0.0,-2.2049017151563084,-0.0465620869968264,-0.06331347079116534,0.0068978352297521806,0.0,0.0,0.0,0.004435451920826666,0.13964119905247488,-0.016462067726382035,-2.1821511230149966,-6.5939827,5.1190524,-5.078859,3.6039252,1.8445308,-2.7839794,119.621216,0.012460545
figure_eight_depth,nmpc,19.5,0.8869687,-0.40662757,-0.38681695,0.0013234034,-0.0027793965,-2.2452505,0.07829947,-0.0025367928,0.00660174,-0.001233146,0.0051031224,-0.2388724,0.8910065241883679,-0.40450849718747367,-0.38683995891147693,0.0,0.0,-2.228464184498932,-0.04754177387256142,-0.06155272723309957,0.006839490215293509,0.0,0.0,0.0,0.004560178568163103,0.13899264644748138,-0.016786278986785863,-2.1917869577429494,-6.9518566,5.290524,-5.3259783,3.664642,1.7958887,-2.8341622,129.37129,0.013476177
figure_eight_depth,nmpc,19.6,0.88193107,-0.41251543,-0.38613743,0.0012659694,-0.0021682477,-2.269757,0.07746399,-0.0025695367,0.006583338,-0.0012554757,0.0057871626,-0.24507293,0.8862035792312146,-0.41057460456685213,-0.3861589349598733,0.0,0.0,-2.2526813347306844,-0.04851624725710213,-0.059764984614518735,0.0067809576927702064,0.0,0.0,0.0,0.00469272173734511,0.13835598644892694,-0.017075697663724743,-2.2015999101848602,-7.313081,5.4656296,-5.575538,3.728083,1.7458777,-2.885657,139.71458,0.014553604
figure_eight_depth,nmpc,19.700000000000003,0.876799,-0.41821492,-0.3854642,0.0011950142,-0.0014939494,-2.2948852,0.07666556,-0.0026065633,0.0065693567,-0.0012543873,0.0064248643,-0.2512874,0.8813034520649923,-0.4164606203550497,-0.3854837735690888,0.0,0.0,-2.2775603505758157,-0.04948540028831827,-0.05795102709846289,0.0067222392668708775,0.0,0.0,0.0,0.004834060698931945,0.1377573856700768,-0.01732480796300262,-2.2115881582674963,-7.6762624,5.6431727,-5.8263397,3.793245,1.6945117,-2.9384348,150.61111,0.015688658
figure_eight_depth,nmpc,19.8,0.8715734,-0.42372397,-0.38479725,0.0011103802,-0.00076170726,-2.3206327,0.07589563,-0.0026422592,0.006559262,-0.0012309978,0.0070147286,-0.25748503,0.8763066800438637,-0.42216396275100737,-0.38481449324901407,0.0,0.0,-2.3031055114015464,-0.050449126687779344,-0.05611165034663523,0.0066633365473633965,0.0,0.0,0.0,0.004983769194149539,0.13719323640477685,-0.017527184750186997,-2.2217670127178497,-8.0462265,5.8202686,-6.078393,3.8524292,1.6406714,-2.9936655,162.0592,0.016881166
figure_eight_depth,nmpc,19.900000000000002,0.8662576,-0.42903474,-0.38413656,0.0010123167,2.3153028e-05,-2.346995,0.07509745,-0.002700043,0.0065527568,-0.0011814386,0.007555877,-0.26363108,0.8712138111201895,-0.42768213008025335,-0.38415111234830707,0.0,0.0,-2.3293177977696113,-0.05140732077202337,-0.05424766117043123,0.006604251149122664,0.0,0.0,0.0,0.0051374813583864734,0.13660386673266242,-0.017677317510540025,-2.2329096784274487,-8.424176,5.994813,-6.33054,3.90117,1.5840418,-3.0517364,174.02168,0.018127257
figure_eight_depth,nmpc,20.0,0.86085695,-0.43413144,-0.383482,0.0009017654,0.00085551204,-2.3739629,0.07420458,-0.002825343,0.0065498194,-0.001099268,0.008050585,-0.2696874,0.8660254037844387,-0.4330127018922192,-0.38349364905389033,0.0,0.0,-2.356194492933718,-0.05235987746421422,-0.0523598771771383,0.006544984691991829,0.0,0.0,0.0,0.005288159402759398,0.13591258857646432,-0.017768386247190016,-2.2442398643536867,-8.8038645,6.1658177,-6.5804076,3.9423532,1.5263784,-3.1109097,186.37683,0.019414254
figure_eight_depth,nmpc,20.1,0.85537905,-0.4389962,-0.3828335,0.00077904825,0.0017307575,-2.4015236,0.07319337,-0.0030295327,0.006550514,-0.0009913872,0.0085039195,-0.27561426,0.8607420270039436,-0.4381533400219318,-0.38284212139045215,0.0,0.0,-2.383728788997694,-0.053306692305798986,-0.05044912641122279,0.006485538800810042,0.0,0.0,0.0,0.005428817170218887,0.1350958481148593,-0.01779480109019671,-2.2557478834735996,-9.174823,6.332528,-6.825093,3.9827895,1.4708824,-3.1679506,198.92221,0.020721061
figure_eight_depth,nmpc,20.200000000000003,0.8498317,-0.44361565,-0.38219076,0.0006430364,0.002644857,-2.42966,0.07210259,-0.0032918677,0.006554768,-0.00087314507,0.0089217955,-0.281371,0.8553642601605065,-0.4431017896156074,-0.3821965472199526,0.0,0.0,-2.411909409377188,-0.05424766146788773,-0.04851624699103718,0.0064259151053014385,0.0,0.0,0.0,0.0055563746553422355,0.13420002789244834,-0.017750672486215535,-2.267429985535796,-9.526703,6.493628,-7.0619884,4.0289044,1.4209783,-3.2193506,211.4124,0.022022128
figure_eight_depth,nmpc,20.3,0.84421927,-0.4479881,-0.38155356,0.0004904627,0.0035946183,-2.4583511,0.071039535,-0.0035579419,0.0065621748,-0.00076689845,0.009313117,-0.28691646,0.8498926929868639,-0.44785588011970645,-0.3815569442411337,0.0,0.0,-2.440720261007536,-0.05518268176252228,-0.04656208674150286,0.0063661152401028875,0.0,0.0,0.0,0.005674966953033039,0.13334707700556886,-0.017630874246370443,-2.279288923035196,-9.84775,6.64856,-7.2875547,4.088356,1.3799679,-3.2617126,223.54771,0.023286218
figure_eight_depth,nmpc,20.400000000000002,0.83853984,-0.45213106,-0.38092178,0.00031502114,0.004577529,-2.4875717,0.07017748,-0.0037212851,0.006571974,-0.00070404797,0.009685794,-0.2922091,0.8443279255020152,-0.4524135262330097,-0.3809233299890341,0.0,0.0,-2.4701401312641433,-0.05611165065416701,-0.04458750282171353,0.006306140844597463,0.0,0.0,0.0,0.005794975047064569,0.1327368188633579,-0.01743158504445041,-2.291333793991468,-10.123612,6.7982607,-7.496628,4.171266,1.3507274,-3.2920191,234.96461,0.024475483
figure_eight_depth,nmpc,20.5,0.8327796,-0.45608875,-0.38029554,0.000107450185,0.0055912933,-2.5172925,0.069764376,-0.003632308,0.006582884,-0.00071523624,0.010044015,-0.297208,0.8386705679454243,-0.4567727288213003,-0.38029572183450866,0.0,0.0,-2.5001424455537173,-0.05703446627114417,-0.04259336134965208,0.0062459935631087315,0.0,0.0,0.0,0.005930555581141043,0.13265000375593186,-0.017150053988518987,-2.3037215588084363,-10.337941,6.94503,-7.6826653,4.289745,1.3355557,-3.3077674,245.25677,0.025547579
figure_eight_depth,nmpc,20.6,0.8269058,-0.45993727,-0.3796755,-0.00014357374,0.006632962,-2.5474803,0.070118286,-0.0031076046,0.006592992,-0.0008223625,0.01038425,-0.30187386,0.8329212407100995,-0.4609315757942502,-0.37967413698375196,0.0,0.0,-2.5306951019405965,-0.05795102741618097,-0.0405805370216894,0.006185675044539929,0.0,0.0,0.0,0.006097074747354645,0.13343963256771205,-0.01678524283174232,-2.3164843332300977,-10.473693,7.0920496,-7.8380666,4.456413,1.3359418,-3.3072329,254.01285,0.026459672
figure_eight_depth,nmpc,20.700000000000003,0.8208595,-0.46378663,-0.379063,-0.00044967554,0.0076976977,-2.578098,0.07160771,-0.0019489196,0.006599871,-0.0010301751,0.010691317,-0.30616835,0.8270805742745617,-0.46488824294412573,-0.3790585924778266,0.0,0.0,-2.5617603986606894,-0.05886123357801143,-0.0385499127288913,0.006125186942540495,0.0,0.0,0.0,0.006317866208021675,0.13550646841172997,-0.016337660039872137,-2.3293484815527963,-10.521163,7.2401776,-7.9573226,4.676327,1.3521266,-3.2899709,260.95422,0.02718273
figure_eight_depth,nmpc,20.8,0.81463313,-0.4676267,-0.37845898,-0.00079348235,0.008745099,-2.6091058,0.07310025,-0.00079721084,0.0066028447,-0.0010512031,0.010613441,-0.31006432,0.8211492091337041,-0.4686409947459457,-0.3784491051921963,0.0,0.0,-2.5932950688627754,-0.05976498494220106,-0.03650237917032784,0.006064530915450561,0.0,0.0,0.0,0.006594557126990028,0.137580225869343,-0.015810756561418948,-2.3421369488483315,-10.485376,7.385349,-8.040073,4.940036,1.3828318,-3.2572117,266.0549,0.02771405
figure_eight_depth,nmpc,20.900000000000002,0.80827254,-0.4713497,-0.37786308,-0.0011376628,0.0097147655,-2.6404603,0.073645495,-0.00022138664,0.0066029276,-0.0006998689,0.009945447,-0.31352383,0.8151277957285542,-0.4721881851187406,-0.37784569183626276,0.0,0.0,-2.6252504343644425,-0.0606621824023601,-0.03443883446180296,0.00600370862618993,0.0,0.0,0.0,0.006906367044290061,0.13859922429569813,-0.015209818397398323,-2.3547759293838544,-10.381518,7.5205717,-8.089512,5.228555,1.4255825,-3.2115583,269.45932,0.028068678
figure_eight_depth,nmpc,21.0,0.8018306,-0.4748507,-0.37727422,-0.0014489262,0.010556938,-2.6721125,0.073257565,-0.00025026134,0.0066002547,-3.7729656e-05,0.0087817935,-0.31649888,0.8090169943749475,-0.4755282581475767,-0.37724836895290803,0.0,0.0,-2.657572686430797,-0.061552727570635124,-0.03236018374219718,0.005942721742230317,0.0,0.0,0.0,0.007218320091902661,0.1385831684725716,-0.014539778473988019,-2.367262502804751,-10.225794,7.6396737,-8.108792,5.522664,1.4773712,-3.156245,271.3283,0.028263368
figure_eight_depth,nmpc,21.1,0.795334,-0.47807702,-0.37669134,-0.0017084087,0.0112448055,-2.70401,0.072467424,-0.00062921265,0.0065933284,0.0007725,0.007340811,-0.3189459,0.8028174751911145,-0.4786597487660337,-0.3766571529180406,0.0,0.0,-2.6902032968952683,-0.06243652278847822,-0.030267338776562847,0.005881571935512087,0.0,0.0,0.0,0.007506225040788423,0.13812313336350665,-0.01380671287035673,-2.3795826564465443,-10.030873,7.7385116,-8.099616,5.807247,1.5352958,-3.0944228,271.76346,0.028308691
figure_eight_depth,nmpc,21.200000000000003,0.7887959,-0.4810061,-0.37611362,-0.0019072294,0.011765651,-2.7360964,0.07156322,-0.00118559,0.006580424,0.001619766,0.005756582,-0.32083395,0.7965299180241963,-0.48158128339882905,-0.3760720599401468,0.0,0.0,-2.723079557373245,-0.06331347113830432,-0.02816121755583323,0.005820260882583028,0.0,0.0,0.0,0.007755500858852641,0.1375499347441419,-0.01301682476786814,-2.3917193457078283,-9.805648,7.8147697,-8.062556,6.0716696,1.5968133,-3.0288475,270.81506,0.028209902
figure_eight_depth,nmpc,21.3,0.7822219,-0.48363408,-0.3755405,-0.0020436107,0.012115862,-2.7683134,0.070703216,-0.0017966708,0.0065599927,0.002426654,0.004116521,-0.32214162,0.7901550123756905,-0.4842915805643155,-0.3754931060598461,0.0,0.0,-2.7561352382276993,-0.0641834764524285,-0.02604274389431116,0.005758790264237534,0.0,0.0,0.0,0.00796044013692019,0.13705084369256365,-0.012178169670249872,-2.4036535715871863,-9.556226,7.8671765,-7.9977627,6.3087068,1.6598163,-2.9617877,268.5051,0.027969278
figure_eight_depth,nmpc,21.400000000000002,0.77561307,-0.4859668,-0.37497175,-0.002120006,0.012297816,-2.8006017,0.069969974,-0.0023929796,0.0065307776,0.0031479658,0.002479329,-0.32285553,0.7836934573258398,-0.4867894514365801,-0.37492030714945157,0.0,0.0,-2.789301352898026,-0.06504644332505638,-0.02391284702457641,0.005697161765766401,0.0,0.0,0.0,0.008122318981861837,0.13672319730572138,-0.01130036791191058,-2.415365790930049,-9.2864275,7.895602,-7.904917,6.514086,1.7226121,-2.8950615,264.84808,0.02758834
figure_eight_depth,nmpc,21.5,0.7689667,-0.48801517,-0.37440735,-0.0021412945,0.012317985,-2.8329012,0.06941273,-0.0029362452,0.0064919405,0.0037591395,0.00088638667,-0.32296902,0.777145961456971,-0.4890738003669028,-0.37435367891253485,0.0,0.0,-2.8225070074018115,-0.06590227712222063,-0.021772461189756287,0.005635377076679271,0.0,0.0,0.0,0.00824768444999987,0.13662242882747858,-0.010394231993330116,-2.4268345162963607,-8.999461,7.899633,-7.7846646,6.6848316,1.7838386,-2.830128,259.87418,0.027070224
figure_eight_depth,nmpc,21.6,0.7622791,-0.4897919,-0.3738474,-0.0021136382,0.012185257,-2.8651516,0.0690387,-0.0034043395,0.0064431205,0.0042490577,-0.0006367513,-0.32248116,0.7705132427757893,-0.49114362536434436,-0.3737932368834951,0.0,0.0,-2.855680310006758,-0.06675088399199502,-0.01962252523396435,0.00557343789092668,0.0,0.0,0.0,0.008344537911515446,0.1367574352233564,-0.00947133374629372,-2.438038457807663,-8.696906,7.8805346,-7.636707,6.8203306,1.8424777,-2.7680602,253.63208,0.026420007
figure_eight_depth,nmpc,21.700000000000003,0.7555459,-0.49130982,-0.3732921,-0.002043704,0.011909991,-2.897293,0.068845384,-0.003787524,0.0063843355,0.004615773,-0.0020733597,-0.3213966,0.763796028634642,-0.4929980185352525,-0.37323899642713376,0.0,0.0,-2.8887493125395483,-0.06759217087509706,-0.01746398219007461,0.005511345906539233,0.0,0.0,0.0,0.008421236029837733,0.13712408231061082,-0.008543778280764247,-2.448956563062601,-8.380304,7.8395348,-7.461489,6.920716,1.8978246,-2.7095728,246.20146,0.025645986
figure_eight_depth,nmpc,21.8,0.7487621,-0.49258053,-0.3727417,-0.0019379243,0.011503702,-2.9292672,0.06882727,-0.004091769,0.006315841,0.004865815,-0.00340946,-0.31972554,0.7569950556517564,-0.49463616648149417,-0.3726909727382328,0.0,0.0,-2.9216429528671535,-0.06842604551499099,-0.015297778866413259,0.00544910282584965,0.0,0.0,0.0,0.008485884524554631,0.1377127405624211,-0.00762421517789047,-2.4595674452510248,-8.05018,7.7788067,-7.2591286,6.987751,1.9495062,-2.655012,237.6885,0.02475922
figure_eight_depth,nmpc,21.900000000000002,0.7419215,-0.49361408,-0.37219644,-0.0018024206,0.010978381,-2.9610167,0.068980664,-0.004324187,0.006238056,0.0050073173,-0.004637962,-0.3174829,0.7501110696304597,-0.4960573506572389,-0.3721491808411387,0.0,0.0,-2.954291968056855,-0.06925241646782432,-0.013124865431229926,0.005386710355215207,0.0,0.0,0.0,0.008546409861807732,0.13851556327264053,-0.006724686911406596,-2.4698488730917454,-7.7067537,7.7009277,-7.0299535,7.0241246,1.9974444,-2.604405,228.22961,0.023773918
figure_eight_depth,nmpc,22.0,0.7350172,-0.4944184,-0.37165663,-0.0016427943,0.010345731,-2.9924862,0.06930102,-0.004498262,0.0061514536,0.005051049,-0.005759312,-0.31468827,0.7431448254773945,-0.4972609476841366,-0.3716136355893498,0.0,0.0,-2.9866297494415894,-0.07007119311286392,-0.010946194996364067,0.005324170205212031,0.0,0.0,0.0,0.00861048596758148,0.13952373664191584,-0.005856489038024826,-2.479775507031337,-7.35056,7.608026,-6.7752647,7.0327287,2.0418055,-2.5575411,217.98628,0.022706902
figure_eight_depth,nmpc,22.1,0.7280476,-0.4949983,-0.37112236,-0.0014640877,0.009615448,-3.0236232,0.06972483,-0.0046289763,0.00605655,0.0050083655,-0.0067913234,-0.31136557,0.7360970871197344,-0.49824642962475213,-0.3710843516651097,0.0,0.0,-3.0185931142687146,-0.07088228566209942,-0.008762723198635358,0.005261484090413049,0.0,0.0,0.0,0.00868019839627703,0.14067011198745177,-0.005030113804405546,-2.4893280538767537,-6.982291,7.502075,-6.4969435,7.0167255,2.0829225,-2.5140162,207.13708,0.021576779
figure_eight_depth,nmpc,22.200000000000003,0.7210115,-0.49535754,-0.37059385,-0.001271103,0.0087964805,-3.0543778,0.07024111,-0.0047225524,0.0059538023,0.004886985,-0.0077394177,-0.30754244,0.7289686274214114,-0.4990133642141358,-0.3705613435790047,0.0,0.0,-3.0501229733308897,-0.07168560516979117,-0.006575407780901044,0.005198653729304725,0.0,0.0,0.0,0.008756805982717388,0.14194081649051693,-0.004254820934857406,-2.4984872513243923,-6.602889,7.3849363,-6.197313,6.9793587,2.1212199,-2.4733562,195.87064,0.020403191
figure_eight_depth,nmpc,22.3,0.7139099,-0.495499,-0.3700712,-0.0010683875,0.007896459,-3.0847027,0.07082026,-0.004783887,0.005843608,0.0046946565,-0.008614769,-0.30324978,0.7217602280983623,-0.49956141504942914,-0.3700446256695656,0.0,0.0,-3.081164879690595,-0.07248106354312833,-0.004385208171947541,0.005135680844536861,0.0,0.0,0.0,0.008839178447915194,0.14330362380161463,-0.003537850488238181,-2.507238561639923,-6.213396,7.258148,-5.8793006,6.924052,2.1572907,-2.434917,184.37839,0.019206084
figure_eight_depth,nmpc,22.400000000000002,0.70674425,-0.49542627,-0.36955452,-0.0008605202,0.006922296,-3.114555,0.0714564,-0.0048067253,0.0057263337,0.0044359043,-0.009422695,-0.2985215,0.7144726796328033,-0.49989034173742275,-0.36953421210287485,0.0,0.0,-3.111669449697769,-0.0732685735509997,-0.002193085065743672,0.005072567162478503,0.0,0.0,0.0,0.008925073703532727,0.14475005088293857,-0.002885432351791728,-2.5132680865140355,-5.814891,7.1230497,-5.5461397,6.854297,2.1917531,-2.398027,172.84618,0.018004807
figure_eight_depth,nmpc,22.5,0.6995155,-0.4951442,-0.36904383,-0.00065211783,0.0058802506,3.1392913,0.07214778,-0.0047787037,0.005602257,0.0041149524,-0.010167982,-0.2933937,0.7071067811865476,-0.5,-0.3690301168721783,0.0,0.0,3.141592653589793,-0.07404804883409666,0.0,0.005009314413439991,0.0,0.0,0.0,0.009011454791150517,0.14627510968853874,-0.0023013671212872566,-2.492378595936536,-5.4084606,6.9808035,-5.20132,6.773662,2.2253237,-2.3619137,161.45001,0.016817708
figure_eight_depth,nmpc,22.6,0.6922239,-0.49465966,-0.36853924,-0.00044782777,0.004775998,3.110501,0.07289602,-0.0046812026,0.0054715453,0.0037358284,-0.01085478,-0.2879044,0.6996633405133653,-0.49989034173742275,-0.36853235379750127,0.0,0.0,3.112289328621827,-0.07481940391401709,0.002193085065715916,0.004945924331450913,0.0,0.0,0.0,0.009094241782275641,0.14787622582323853,-0.001788277672730487,-2.471631396075377,-4.995264,6.832596,-4.848247,6.685578,2.2587404,-2.3258042,150.35075,0.015661536
figure_eight_depth,nmpc,22.700000000000003,0.68486834,-0.49397978,-0.3680408,-0.00025163093,0.0036147246,3.0822918,0.07370691,-0.004511132,0.0053343694,0.0033092294,-0.011486408,-0.28209302,0.6921431738704068,-0.49956141504942914,-0.36804093652527,0.0,0.0,3.0836388352003476,-0.07558255420359039,0.004385208171947541,0.004882398654509901,0.0,0.0,0.0,0.009169400147793461,0.1495549841052306,-0.001346993693389642,-2.4510435763123586,-4.5764394,6.6795692,-4.4902606,6.5933895,2.2926817,-2.288983,139.6915,0.014551197
figure_eight_depth,nmpc,22.8,0.6774495,-0.4931084,-0.36754858,-6.5552966e-05,0.0024004646,3.054692,0.07455599,-0.004303026,0.005190803,0.0028584371,-0.012073151,-0.27600002,0.6845471059286888,-0.4990133642141358,-0.36755587852793714,0.0,0.0,3.0556686308613625,-0.07633741601409394,0.006575407780873288,0.0048187391241405475,0.0,0.0,0.0,0.00923279028131544,0.15128549058507976,-0.000976600908359604,-2.430740353686804,-4.1534038,6.522952,-4.1304545,6.5000024,2.3276992,-2.2508786,129.59499,0.013499479
figure_eight_depth,nmpc,22.900000000000002,0.66996574,-0.49204677,-0.36706257,0.00010968463,0.0011373415,3.0277255,0.07546449,-0.004081228,0.005040947,0.0023996977,-0.012613554,-0.26966548,0.6768759696826607,-0.4982464296247522,-0.36707719310361275,0.0,0.0,3.0284008372789932,-0.0770839065666884,0.008762723198635358,0.004754947485585692,0.0,0.0,0.0,0.009283704513313722,0.15308840999972215,-0.000675379133851628,-2.4108479183053353,-3.727756,6.3639607,-3.7716455,6.4078493,2.3641906,-2.21106,120.16018,0.012516686
figure_eight_depth,nmpc,23.0,0.6624169,-0.4907948,-0.3665828,0.00027414292,-0.00017129406,3.0014124,0.0764171,-0.003860856,0.0048847953,0.0019438517,-0.013115217,-0.26312855,0.6691306063588585,-0.4972609476841367,-0.36660489337569957,0.0,0.0,3.001852477862744,-0.07782194400030029,0.010946194996364067,0.00469102548775191,0.0,0.0,0.0,0.009321246600085748,0.15494828185608686,-0.00044008620014635014,-2.3923181747785676,-3.301208,6.2038565,-3.4163215,6.3189692,2.4024236,-2.1692505,111.46372,0.011610803
figure_eight_depth,nmpc,23.1,0.6548035,-0.4893523,-0.36610937,0.0004281159,-0.0015225612,2.9757693,0.07740331,-0.0036450352,0.0047223084,0.0014958045,-0.013582969,-0.25642738,0.6613118653236519,-0.496057350657239,-0.36613899229253316,0.0,0.0,2.9760357773704715,-0.07855144738078135,0.013124865431285437,0.004626974883098489,0.0,0.0,0.0,0.009344378096756199,0.1568538302294904,-0.00026649598314243406,-2.3740197418142106,-2.8716834,6.045416,-3.0650926,6.2388244,2.443065,-2.1248364,103.59483,0.010791128
figure_eight_depth,nmpc,23.200000000000003,0.64712155,-0.48771855,-0.3656422,0.0005721142,-0.0029133493,2.9508088,0.07846938,-0.003431174,0.00455362,0.0010599438,-0.01401474,-0.24959919,0.6534206039901053,-0.4946361664814941,-0.3656795026270271,0.0,0.0,2.950958507518959,-0.07927233670984579,0.015297778866329992,0.004562797427554166,0.0,0.0,0.0,0.009355900578588853,0.1588496873826164,-0.00014974401493050848,-2.355954283901265,-2.436513,5.891249,-2.7181895,6.172925,2.4865992,-2.0773458,96.63551,0.010066199
figure_eight_depth,nmpc,23.3,0.6393597,-0.4858939,-0.3651813,0.0007064345,-0.004340634,2.92654,0.079683065,-0.0031942818,0.0043789153,0.0006361687,-0.014411691,-0.24267876,0.6454576877239505,-0.4929980185352525,-0.36522643697632273,0.0,0.0,2.9266243635175666,-0.07998453293389662,0.0174639821900191,0.004498494880655901,0.0,0.0,0.0,0.00936246575555193,0.16099850972594915,-8.446559886543525e-05,-2.3381169397478017,-1.997408,5.7422137,-2.3771417,6.1219463,2.5323603,-2.0273986,90.61488,0.009439051
figure_eight_depth,nmpc,23.400000000000002,0.63150126,-0.4838794,-0.36472648,0.00083142106,-0.0058018216,2.902969,0.08109255,-0.0029082955,0.0041982215,0.00022673473,-0.014778382,-0.23569816,0.6374239897486899,-0.4911436253643444,-0.3647798077614436,0.0,0.0,2.903033357981278,-0.0806879579524078,0.01962252523390884,0.004434069005215813,0.0,0.0,0.0,0.009372873369299725,0.16334205428090842,-6.447446687385394e-05,-2.3204959553061104,-1.5637337,5.5966372,-2.0458946,6.078797,2.5779493,-1.9772407,85.460365,0.008902122
figure_eight_depth,nmpc,23.5,0.6235336,-0.4816749,-0.36427763,0.0009486073,-0.007295276,2.8800986,0.08265418,-0.0025838178,0.004011024,-0.00015503117,-0.015124688,-0.22868787,0.6293203910498377,-0.4890738003669029,-0.3643396272269554,0.0,0.0,2.880182220404651,-0.08138253462725009,0.021772461189784043,0.004369521567515466,0.0,0.0,0.0,0.009393311626805848,0.16583546057395307,-8.363909056408048e-05,-2.3030803148829357,-1.144809,5.453696,-1.7277111,6.036597,2.620582,-1.9296131,81.06973,0.008444763
figure_eight_depth,nmpc,23.6,0.61545604,-0.47927907,-0.36383474,0.0010612819,-0.008820335,2.8579285,0.08425365,-0.0022578987,0.003816575,-0.0004905955,-0.015460889,-0.22167864,0.6211477802783105,-0.4867894514365802,-0.36390590744062973,0.0,0.0,2.8580647923440847,-0.08206818679012962,0.023912847024548656,0.004304854337222608,0.0,0.0,0.0,0.009423732386195306,0.16836893583545187,-0.00013627786349390547,-2.2858660592242175,-0.7499701,5.312845,-1.4256343,5.9885077,2.657598,-1.8872094,77.30782,0.008052898
figure_eight_depth,nmpc,23.700000000000003,0.60728174,-0.47668868,-0.3633979,0.0011745715,-0.010376125,2.8364558,0.085761175,-0.001986907,0.0036141428,-0.0007610486,-0.015785763,-0.21470255,0.6129070536529765,-0.4842915805643156,-0.36347866029311365,0.0,0.0,2.8366724103659853,-0.08274483925146958,0.02604274389431116,0.004240069087141363,0.0,0.0,0.0,0.009458048265162741,0.17082250966696336,-0.00021658837501847827,-2.2688556818878802,-0.39019576,5.1722503,-1.1437674,5.9258204,2.6865847,-1.8524777,73.97738,0.0077059777
figure_eight_depth,nmpc,23.8,0.59904605,-0.47389874,-0.3629676,0.0012957973,-0.011961584,2.8156736,0.086973995,-0.001864845,0.0034029856,-0.00094409374,-0.016098669,-0.20779234,0.6045991148623749,-0.48158128339882905,-0.36305789749760353,0.0,0.0,2.8159942706896004,-0.08341241780868147,0.02816121755583323,0.0041751675934897925,0.0,0.0,0.0,0.009479776299413966,0.17301355542344446,-0.0003206809831794999,-2.252064246540913,-0.07872032,5.027571,-0.88802814,5.8368773,2.7055533,-1.8274429,70.799965,0.007374996
figure_eight_depth,nmpc,23.900000000000002,0.5908178,-0.47090486,-0.3625449,0.0014340609,-0.013575673,2.7955723,0.08758066,-0.002013452,0.003182251,-0.0010217527,-0.016401336,-0.20097856,0.5962248749656157,-0.47865974876603357,-0.362643630589524,0.0,0.0,2.796017771110949,-0.08407084925426966,0.030267338776562847,0.00411015163542805,0.0,0.0,0.0,0.009454335388212162,0.17466296275422802,-0.00044549022715978376,-2.2355288483295697,0.16955814,4.8716354,-0.66608346,5.7072754,2.713051,-1.8135881,67.42799,0.0070237494
figure_eight_depth,nmpc,24.0,0.5827082,-0.46770597,-0.36213183,0.0015996555,-0.015216386,2.7761395,0.087187335,-0.0025841894,0.0029509594,-0.0009820982,-0.016685758,-0.19428582,0.5877852522924732,-0.4755282581475768,-0.36223587092621157,0.0,0.0,2.7767288273040704,-0.08472006138388055,0.032360183742224935,0.0040450229955024675,0.0,0.0,0.0,0.009326079383479673,0.17542650622297348,-0.0005893295471124382,-2.219323064737771,0.34384134,4.6974783,-0.48413962,5.5254574,2.7085207,-1.8115796,63.567505,0.0066216155
figure_eight_depth,nmpc,24.1,0.57476074,-0.46430358,-0.36172992,0.0017907921,-0.016856048,2.7573621,0.08643648,-0.0033706848,0.002709695,-0.00094574544,-0.01669694,-0.18772449,0.5792811723426787,-0.4721881851187405,-0.3618346296866034,0.0,0.0,2.7581121618477913,-0.08535998300385206,0.03443883446166418,0.003979783459229225,0.0,0.0,0.0,0.009089129200982315,0.17591247161639662,-0.0007500345437141398,-2.203459054201029,0.4451622,4.5036087,-0.34212092,5.29089,2.6925685,-1.8210101,59.157227,0.0061622118
figure_eight_depth,nmpc,24.200000000000003,0.5669009,-0.46069923,-0.3613387,0.0019887618,-0.018438676,2.739227,0.08643163,-0.0039488976,0.0024628867,-0.0010770124,-0.016150974,-0.18129613,0.5707135676844317,-0.4686409947459458,-0.36143991787093077,0.0,0.0,2.7401515653583,-0.08599054394015093,0.036502379170272325,0.00391443481520537,0.0,0.0,0.0,0.008810120949176452,0.1771096237765351,-0.0009245088550042802,-2.187844787886117,0.48765624,4.2959657,-0.23258927,5.0162096,2.6669095,-1.8404269,54.409164,0.0056676213
figure_eight_depth,nmpc,24.3,0.55898476,-0.4568905,-0.36095586,0.0021674447,-0.019901497,2.721721,0.08781006,-0.0040419796,0.0022177296,-0.0014409081,-0.014976266,-0.17500328,0.5620833778521308,-0.46488824294412584,-0.3610517463004175,0.0,0.0,2.7228301299527877,-0.08661167504414591,0.03854991272894681,0.003848978854970042,0.0,0.0,0.0,0.008577566200280143,0.17955409371938102,-0.0011091960386031552,-2.172330117113492,0.48943844,4.0828276,-0.1462342,4.7184987,2.6338446,-1.8677504,49.620277,0.0051687784
figure_eight_depth,nmpc,24.400000000000002,0.5509416,-0.45287898,-0.3605799,0.0023118805,-0.021210853,2.7048292,0.08985537,-0.0038389813,0.0019801897,-0.0019171175,-0.013459574,-0.16885455,0.5533915492433441,-0.46093157579425026,-0.3606701256169832,0.0,0.0,2.7061304558822643,-0.08722330820187807,0.04058053702177267,0.003783417373004472,0.0,0.0,0.0,0.00841752494992974,0.18257383311425016,-0.0013012398788463386,-2.1568395712207775,0.4641819,3.8691332,-0.077342175,4.410656,2.5957475,-1.9007593,44.99631,0.0046871165
figure_eight_depth,nmpc,24.5,0.5427452,-0.44866875,-0.36020997,0.0024151648,-0.022350753,2.6885374,0.09213731,-0.003474242,0.0017536904,-0.0024225242,-0.011775527,-0.1628545,0.5446390350150273,-0.4567727288213006,-0.3602950662829517,0.0,0.0,2.690034832641463,-0.08782537634094423,0.042593361349763104,0.0037177521667597357,0.0,0.0,0.0,0.008322767411662131,0.18577580303013774,-0.0014974734037922488,-2.1413431111061425,0.42321798,3.6596556,-0.020563215,4.1034355,2.5547805,-1.9373739,40.691116,0.004238658
figure_eight_depth,nmpc,24.6,0.53438973,-0.4442631,-0.35984558,0.0024757646,-0.023314955,2.6728306,0.094466664,-0.0030352282,0.0015402607,-0.0029043148,-0.010021257,-0.1570058,0.5358267949789967,-0.4524135262330098,-0.3599265785807642,0.0,0.0,2.674525396174757,-0.0884178134378244,0.04458750282185231,0.0036519850364624684,0.0,0.0,0.0,0.008276541673829515,0.18899501565584453,-0.001694814509717979,-2.1258315655213096,0.37363648,3.4564443,0.026666021,3.8034136,2.512789,-1.9757681,36.771046,0.0038303172
figure_eight_depth,nmpc,24.700000000000003,0.5258821,-0.43966472,-0.35948664,0.0024958393,-0.024103833,2.6576934,0.096730836,-0.0025844378,0.0013410929,-0.00332816,-0.008263409,-0.15131062,0.5269557954966774,-0.44785588011970634,-0.35956467261269714,0.0,0.0,2.6595842640054275,-0.08900055452504274,0.046562086741475106,0.003586117785170373,0.0,0.0,0.0,0.0082615941215551,0.1921368531633625,-0.0018908779275466083,-2.1103089319137123,0.32031256,3.2600534,0.0654847,3.5148802,2.4712224,-2.0144641,33.254227,0.003463982
figure_eight_depth,nmpc,24.8,0.5172331,-0.43487576,-0.35913318,0.0024794885,-0.024721468,2.6431105,0.09889693,-0.0021497326,0.0011567691,-0.0036781933,-0.0065401914,-0.14577028,0.5180270093731302,-0.4431017896156073,-0.3592093583005854,0.0,0.0,2.6451936501811875,-0.08957353569855053,0.04851624699103718,0.0035201522186056877,0.0,0.0,0.0,0.008264608711209313,0.195176183995315,-0.0020831364940536723,-2.0947840611954063,0.26649332,3.0702314,0.09626762,3.240456,2.4308991,-2.0526104,30.129644,0.0031385042
figure_eight_depth,nmpc,24.900000000000002,0.50845486,-0.4298982,-0.35878533,0.0024321922,-0.025174512,2.6290665,0.10095215,-0.0017481896,0.0009875823,-0.003944501,-0.0048785326,-0.14038579,0.5090414157503714,-0.43815334002193185,-0.35886064538555046,0.0,0.0,2.6313359619949757,-0.0901366941242765,0.05044912641108401,0.0034540901452939643,0.0,0.0,0.0,0.008276292501962735,0.19810499541316207,-0.0022694947098194085,-2.079268509430501,0.21327241,2.887406,0.11997556,2.980702,2.3920298,-2.0899591,27.371313,0.0028511782
figure_eight_depth,nmpc,25.0,0.49955958,-0.4247335,-0.35844332,0.002360114,-0.025471136,2.6155457,0.10290354,-0.0013880808,0.0008336254,-0.0041242316,-0.0032949909,-0.135158,0.5000000000000003,-0.4330127018922195,-0.3585185434277329,0.0,0.0,2.6179938803656824,-0.0906899680459261,0.05235987717702728,0.003387933376397534,0.0,0.0,0.0,0.008291259307818946,0.20093235887627917,-0.0024481307013757285,-2.0637736949549,0.16075973,2.7118955,0.13752611,2.7351284,2.3545425,-2.126559,24.946184,0.0025985609
figure_eight_depth,nmpc,25.1,0.4905586,-0.41938233,-0.3581073,0.0022698108,-0.025620496,2.6025324,0.104761235,-0.0010795299,0.0006949598,-0.0042173164,-0.0018006266,-0.13008727,0.490903753615141,-0.4276821300802534,-0.35818306180603077,0.0,0.0,2.6051504257150797,-0.09123329679078251,0.05424766117043123,0.0033216837255767295,0.0,0.0,0.0,0.008307315687557132,0.2036709463875901,-0.0026180389352945532,-2.0483108118062683,0.10814422,2.544053,0.14993608,2.5022604,2.3181324,-2.1626663,22.818554,0.0023769327
figure_eight_depth,nmpc,25.200000000000003,0.48146343,-0.41384414,-0.35777742,0.0021680212,-0.025632337,2.590011,0.10653251,-0.00083881425,0.0005715695,-0.0042256135,-0.0004025211,-0.12517323,0.4817536741017152,-0.4221639627510075,-0.3578542097178422,0.0,0.0,2.5927890110601797,-0.09176662077634012,0.05611165034663523,0.0032553430091009083,0.0,0.0,0.0,0.008325239633982729,0.2063325034828259,-0.0027781296362294756,-2.0328905370687913,0.05476463,2.385107,0.1590508,2.2808201,2.2823308,-2.1986353,20.962204,0.0021835628
figure_eight_depth,nmpc,25.3,0.472286,-0.40811613,-0.35745388,0.002061499,-0.0255167,2.5779655,0.10822805,-0.0006911936,0.00046317375,-0.004152357,0.00089530397,-0.12041494,0.4725507648690541,-0.4164606203550498,-0.35753199617881326,0.0,0.0,2.5808934839248927,-0.09228988151782636,0.05795102709846289,0.0031889130457374293,0.0,0.0,0.0,0.008349053548285638,0.208934871754254,-0.0029279859543116515,-2.0175227693468996,-6.0116436e-05,2.2359517,0.16642074,2.0694702,2.2466066,-2.2348819,19.35182,0.0020158147
figure_eight_depth,nmpc,25.400000000000002,0.46303535,-0.40219614,-0.3571368,0.0019552775,-0.025283545,2.5663812,0.10987109,-0.0006201278,0.0003692455,-0.004017832,0.0020928052,-0.11581007,0.4632960351198616,-0.4105746045668519,-0.35721643002259096,0.0,0.0,2.5694481585388775,-0.09280302163378051,0.05976498461454649,0.0031223956567794087,0.0,0.0,0.0,0.008382898430553405,0.21149642299744728,-0.0030669424896831994,-2.0022147922584725,-0.056922346,2.0970712,0.1731827,1.8669654,2.210456,-2.2718253,17.963804,0.0018712296
figure_eight_depth,nmpc,25.5,0.45372003,-0.3960855,-0.35682625,0.0018523741,-0.02494363,2.5552428,0.11144806,-0.0005958659,0.00028914533,-0.0038449396,0.0031814454,-0.11135577,0.45399049973954686,-0.4045084971874737,-0.35690751990058084,0.0,0.0,2.558437839666215,-0.09330598485263186,0.061552727233127325,0.0030557926657126533,0.0,0.0,0.0,0.008427729657900965,0.21399607383698493,-0.0031950627954873134,-1.9869754877262462,-0.1160278,1.968857,0.18044233,1.6723862,2.1734471,-2.3098361,16.778511,0.0017477615
figure_eight_depth,nmpc,25.6,0.44434598,-0.38978693,-0.35652238,0.0017543217,-0.024507476,2.5445354,0.11297485,-0.0005958562,0.0002220927,-0.0036510678,0.0041632513,-0.10704888,0.44463517918492734,-0.398264959012098,-0.3566052742817099,0.0,0.0,2.547847839261335,-0.0937987160185838,0.06331347079102656,0.0029891058985487273,0.0,0.0,0.0,0.008483366172605394,0.21644252587382098,-0.0033124407780587006,-1.9718120557175483,-0.17796199,1.8509004,0.18850088,1.4844369,2.1352465,-2.3492072,15.774639,0.0016431917
figure_eight_depth,nmpc,25.700000000000003,0.43491706,-0.3833038,-0.35622528,0.001661646,-0.023985185,2.5342445,0.11446404,-0.0006042134,0.00016730881,-0.0034485147,0.0050424254,-0.10288583,0.43523109937232757,-0.39184672866292,-0.35630970145219454,0.0,0.0,2.537663987031973,-0.09428116109869156,0.06504644296842499,0.0029223371835473966,0.0,0.0,0.0,0.008549124215162112,0.2188427669381131,-0.0034194496784571986,-1.9567306482684392,-0.24293849,1.7428173,0.19766958,1.3022085,2.095629,-2.3901298,14.935633,0.0015557952
figure_eight_depth,nmpc,25.8,0.4254368,-0.37664005,-0.35593498,0.0015744609,-0.023386577,2.5243564,0.11591423,-0.0006170764,0.00012405605,-0.0032433097,0.005821793,-0.09886271,0.4257792915650729,-0.38525662138789474,-0.3560208095153131,0.0,0.0,2.5278726358668995,-0.09475326718685895,0.06675088362601,0.0028554883512166285,0.0,0.0,0.0,0.008623801136674766,0.22119380282676643,-0.0035162706630420537,-1.941737479340119,-0.3115843,1.6440709,0.20809962,1.1243862,2.0544028,-2.4327707,14.246548,0.0014840154
figure_eight_depth,nmpc,25.900000000000002,0.41590875,-0.36980033,-0.35565156,0.0014924582,-0.022721015,2.5148573,0.11732087,-0.00062979205,9.157599e-05,-0.0030413284,0.006506109,-0.09497492,0.4162807922604012,-0.37849752782587825,-0.35573860639118404,0.0,0.0,2.518460662963278,-0.0952149825114712,0.06842604513981887,0.0027885612342015698,0.0,0.0,0.0,0.008705587508822311,0.2234893111325786,-0.0036033707879852277,-1.9268390574234548,-0.38526666,1.553907,0.21971321,0.9489265,2.0114262,-2.4772873,13.69458,0.0014265189
figure_eight_depth,nmpc,26.0,0.40633774,-0.36279002,-0.35537514,0.00141507,-0.021997321,2.5057344,0.1186678,-0.00064540515,6.92409e-05,-0.0028465425,0.0071008047,-0.0912172,0.40673664307580043,-0.3715724127386973,-0.35546309981654856,0.0,0.0,2.50941546739589,-0.09566625644030768,0.07007119272878226,0.002721557667395569,0.0,0.0,0.0,0.008791889087337464,0.2257143356936935,-0.0036810237313393834,-1.9120432390398017,-0.46380088,1.472281,0.23295812,0.7755214,1.9669309,-2.523452,13.275053,0.001382818
figure_eight_depth,nmpc,26.1,0.39672884,-0.3556132,-0.35510573,0.0013417469,-0.021223318,2.496975,0.11996068,-0.0006777278,5.6484576e-05,-0.0026599301,0.007616103,-0.08758464,0.3971478906347806,-0.3644843137107058,-0.35519429734455854,0.0,0.0,2.500724964773228,-0.09610703948606525,0.07168560477677222,0.00265447948766262,0.0,0.0,0.0,0.008881445299893424,0.2278781717158107,-0.0037500197048685457,-1.897357293022777,-0.54626524,1.3984853,0.24763817,0.6045813,1.9216304,-2.5705233,12.981263,0.0013522148
figure_eight_depth,nmpc,26.200000000000003,0.3870874,-0.34827483,-0.35484338,0.001271297,-0.020406278,2.4885669,0.12119118,-0.0007228915,5.2726715e-05,-0.0024888257,0.008057607,-0.08407212,0.38751558645210277,-0.3572363398164015,-0.3549322063445695,0.0,0.0,2.4923775795340983,-0.0965372833118816,0.07326857314920998,0.0025873285340871632,0.0,0.0,0.0,0.00897217598734989,0.22997140109376557,-0.003810704076334659,-1.8827891996383972,-0.6304659,1.3318099,0.2636255,0.43771777,1.8767049,-2.6172857,12.804505,0.0013338029
figure_eight_depth,nmpc,26.3,0.37741876,-0.3407806,-0.35458806,0.0012019858,-0.019553067,2.4804988,0.12235406,-0.0007767933,5.732602e-05,-0.0023393843,0.00842954,-0.08067435,0.3778407868184671,-0.3498316702566827,-0.3546768340019387,0.0,0.0,2.484362235366646,-0.09695694073674765,0.07481940350395622,0.002520106647585507,0.0,0.0,0.0,0.00906135289520042,0.231987425266624,-0.0038634446256793353,-1.8683478872163404,-0.7130882,1.2715783,0.2809165,0.27757296,1.8336606,-2.6621623,12.730786,0.0013261236
figure_eight_depth,nmpc,26.400000000000002,0.3677254,-0.33313662,-0.35433984,0.0011311756,-0.018669931,2.47276,0.12346898,-0.00082002865,6.941777e-05,-0.0022212071,0.00873836,-0.077385254,0.36812455268467814,-0.3422735529643445,-0.3544281873178278,0.0,0.0,2.4766683441664568,-0.09736596574022593,0.07633741559537333,0.0024528156710723614,0.0,0.0,0.0,0.009146075923883803,0.23393807970060038,-0.003908382084547579,-1.8540408688567935,-0.78958374,1.2174292,0.29984334,0.12800144,1.7941856,-2.7034009,12.739346,0.0013270151
figure_eight_depth,nmpc,26.5,0.3580033,-0.32534844,-0.35409853,0.0010551629,-0.017762322,2.46534,0.12459005,-0.00081790064,8.797864e-05,-0.0021453686,0.00899217,-0.074198045,0.35836794954530066,-0.3345653031794294,-0.35418627310901135,0.0,0.0,2.4692857938840507,-0.0977643134687789,0.07782194357361383,0.002385457449405326,0.0,0.0,0.0,0.009224494675901147,0.23586217372564308,-0.003945894820940321,-1.8398721800553166,-0.85476005,1.1688925,0.32057738,-0.006445609,1.7599502,-2.7392316,12.80055,0.0013333907
figure_eight_depth,nmpc,26.6,0.34823895,-0.31742018,-0.35386398,0.00096927636,-0.016835056,2.458229,0.12579735,-0.0007215989,0.00011177702,-0.0021218273,0.009197627,-0.07110567,0.34857204732181535,-0.3267103019950528,-0.35395109800768954,0.0,0.0,2.4622049355599374,-0.09815194023843343,0.07927233627522123,0.0023180338291628466,0.0,0.0,0.0,0.009296495411051953,0.23781753540963838,-0.003975870618531108,-1.825840942729181,-0.90163314,1.1271162,0.34474626,-0.11926387,1.7324047,-2.7681005,12.880013,0.0013416681
figure_eight_depth,nmpc,26.700000000000003,0.338405,-0.30935425,-0.35363597,0.00086771545,-0.015892657,2.4514189,0.12720661,-0.00045527637,0.00013941276,-0.002162054,0.009358002,-0.06810136,0.3387379202452913,-0.31871199487434476,-0.3537226684613065,0.0,0.0,2.4554165698074137,-0.09852880354174753,0.08068795751015045,0.002250546658894015,0.0,0.0,0.0,0.009364070411307664,0.23988571781125925,-0.0039976931594645215,-1.811938668607847,-0.92395437,1.0929751,0.37346476,-0.20444465,1.7126118,-2.788844,12.94025,0.0013479427
figure_eight_depth,nmpc,26.8,0.32847208,-0.30115208,-0.35341424,0.00074668427,-0.014942396,2.4449008,0.12883595,-9.696249e-06,0.00016965742,-0.0022461698,0.009446038,-0.065181136,0.3288666467385834,-0.3105738901391553,-0.35350099073237373,0.0,0.0,2.4489119329497133,-0.09889486205147402,0.08206818634021174,0.0021829977887022345,0.0,0.0,0.0,0.009430467190278262,0.24207881657024446,-0.00401118183582172,-1.7981586854628655,-0.9185822,1.0662916,0.40665716,-0.2589484,1.7010103,-2.800923,12.951801,0.0013491459
figure_eight_depth,nmpc,26.900000000000002,0.31843582,-0.29281762,-0.3531991,0.00060934044,-0.0139988735,2.4386663,0.13047373,0.0004784313,0.00020161786,-0.002304977,0.009388683,-0.06234439,0.31895930929806987,-0.30229955743118736,-0.35328607089829817,0.0,0.0,2.4426826829949335,-0.09925007562514021,0.0834124173513251,0.0021153890705782885,0.0,0.0,0.0,0.00949677311345501,0.2442431919000228,-0.004016339305968675,-1.7845165956691447,-0.8860848,1.0461313,0.44338787,-0.28334203,1.6972692,-2.804629,12.90308,0.0013440709
figure_eight_depth,nmpc,27.0,0.3083064,-0.2843552,-0.35299087,0.00046297917,-0.0130794905,2.4327073,0.13200468,0.00091772556,0.00023396077,-0.002297784,0.009157521,-0.059590142,0.3090169943749475,-0.2938926261462366,-0.35307791485121554,0.0,0.0,2.4367208855927713,-0.09959440530951658,0.08472006091936324,0.002047722358011761,0.0,0.0,0.0,0.009564264291081988,0.24630115031955443,-0.0040135758698709445,-1.7710398033338408,-0.8293611,1.0318092,0.4829454,-0.28049797,1.7003263,-2.8010085,12.801144,0.0013334524
figure_eight_depth,nmpc,27.1,0.29810092,-0.27576822,-0.35278985,0.00031678175,-0.012201426,2.4270155,0.13338351,0.0012538965,0.0002651145,-0.0022064103,0.008754298,-0.056917112,0.29904079225608654,-0.28535678384221574,-0.3528765282978291,0.0,0.0,2.431019000100497,-0.09992781334483558,0.08599054346847268,0.0019799995060187925,0.0,0.0,0.0,0.00963490655503201,0.24822855382591386,-0.004003457116488196,-1.757759090244486,-0.7534676,1.0224085,0.52439106,-0.2554509,1.7085007,-2.7917619,12.666183,0.001319394
figure_eight_depth,nmpc,27.200000000000003,0.28784043,-0.26706097,-0.35259625,0.00018003392,-0.011380393,2.421583,0.13457683,0.0014649696,0.00029345317,-0.0020303065,0.008193113,-0.05432374,0.2890317969444717,-0.2766957746216721,-0.35268191675925287,0.0,0.0,2.425569865852219,-0.10025026316975993,0.08722330772359399,0.0019122223713918807,0.0,0.0,0.0,0.009708565997537855,0.2500017507639285,-0.003986928611618534,-1.744706982864948,-0.66628,1.016435,0.566332,-0.21617764,1.7194835,-2.7792606,12.525448,0.001304734
figure_eight_depth,nmpc,27.3,0.27754644,-0.25823814,-0.3524102,6.0963725e-05,-0.010628978,2.416402,0.13557968,0.0015476847,0.0003173159,-0.0017803031,0.0075048273,-0.051807623,0.27899110603922955,-0.26791339748949855,-0.3524940855708606,0.0,0.0,2.420366688717472,-0.10056171942340875,0.08841781295299,0.001844392812228035,0.0,0.0,0.0,0.009782881986670065,0.2516177845854472,-0.003964587200748326,-1.731947500712442,-0.5769519,1.0123324,0.6072234,-0.1718435,1.7306621,-2.7662158,12.403082,0.0012919877
figure_eight_depth,nmpc,27.400000000000002,0.26724008,-0.2493045,-0.3522317,-3.3756267e-05,-0.009955727,2.4114652,0.13639586,0.0015029642,0.00033522907,-0.0014719275,0.0067294994,-0.049366195,0.26891982061526576,-0.25901350468656514,-0.3523130398821391,0.0,0.0,2.415403028008834,-0.10086214795129722,0.08957353520741562,0.0017765126880953108,0.0,0.0,0.0,0.009853571024287983,0.25308074515610735,-0.0039378600095663074,-1.7195061647370053,-0.49431193,1.0084695,0.64541626,-0.13125938,1.7395315,-2.7552474,12.312504,0.0012825524
figure_eight_depth,nmpc,27.5,0.25694224,-0.24026701,-0.3520607,-9.9645265e-05,-0.00936508,2.4067652,0.13701536,0.0013456075,0.0003460665,-0.0011267948,0.0059080543,-0.04699681,0.258819045102521,-0.2500000000000002,-0.35213878465654735,0.0,0.0,2.410672783794092,-0.10115151580802895,0.09068996754883762,0.001708583860005053,0.0,0.0,0.0,0.009912598423865564,0.25437714270370526,-0.0039075612446533015,-1.7073444929644643,-0.4262088,1.0032645,0.6793485,-0.102293484,1.7439388,-2.7486145,12.256376,0.0012767059
figure_eight_depth,nmpc,27.6,0.24667239,-0.2311324,-0.3518971,-0.00013408478,-0.008856731,2.4022954,0.1374498,0.0010811562,0.0003490461,-0.00076300435,0.005087953,-0.044697132,0.24868988716485482,-0.24087683705085766,-0.3519713246713805,0.0,0.0,2.4061701846479755,-0.10142979126119556,0.09176662027317317,0.0016406081901620961,0.0,0.0,0.0,0.00995137138903336,0.2555170857522532,-0.0038748336195331134,-1.6954835079892,-0.37910178,0.99524325,0.70775235,-0.09161156,1.7422403,-2.7480705,12.230825,0.0012740443
figure_eight_depth,nmpc,27.700000000000003,0.23644643,-0.22190738,-0.35174072,-0.000136871,-0.00842551,2.3980486,0.13772777,0.00073172036,0.00034390693,-0.00040396777,0.0043178946,-0.04246382,0.2385334575785807,-0.23164801755993067,-0.3518106645176386,0.0,0.0,2.4018897758757536,-0.10169694379473515,0.09280302112493755,0.0015725875422423208,0.0,0.0,0.0,0.009961961150683117,0.25652061579944907,-0.003841136578268234,-1.6839429075247172,-0.35734898,0.9834857,0.73011476,-0.103978686,1.7333361,-2.7548096,12.232251,0.0012741928
figure_eight_depth,nmpc,27.8,0.22627328,-0.2125965,-0.35159144,-0.00011027749,-0.008061268,2.3940194,0.137915,0.00032706524,0.00033094332,-7.3558185e-05,0.0036479281,-0.04029205,0.22835087011065575,-0.22231758959246375,-0.3516568085999009,0.0,0.0,2.397826408228769,-0.10195294411237399,0.09379871550448116,0.0015045237810040746,0.0,0.0,0.0,0.009940830374899307,0.2574392306169196,-0.003807042918099856,-1.6727379580125659,-0.36346704,0.96709466,0.74594957,-0.14232261,1.7167192,-2.7694309,12.260949,0.0012771821
figure_eight_depth,nmpc,27.900000000000002,0.2161528,-0.2032017,-0.351449,-5.9091675e-05,-0.0077494835,2.3902016,0.13809624,-9.075596e-05,0.00031110144,0.00020410346,0.0031220606,-0.038175788,0.21814324139654276,-0.2128896457825365,-0.351509761136205,0.0,0.0,2.393975227126943,-0.1021977641405547,0.09475326666710804,0.0014364187725657285,0.0,0.0,0.0,0.009890495667483526,0.2583367277477172,-0.003773658523427592,-1.6618899464581742,-0.3966683,0.94644105,0.75606674,-0.20629464,1.6924503,-2.791938,12.326597,0.0012840206
figure_eight_depth,nmpc,28.0,0.20607105,-0.19372205,-0.35131317,8.910459e-06,-0.0074720047,2.3865907,0.13839108,-0.0004477913,0.00028584833,0.00040019807,0.0027769234,-0.036107745,0.20791169081775973,-0.20336832153790046,-0.35136952615793166,0.0,0.0,2.390331662396849,-0.1024313770326829,0.09566625591576894,0.0013682743839338318,0.0,0.0,0.0,0.009820468848685333,0.25929623278189134,-0.003740943173826672,-1.6514639602106045,-0.45313153,0.9229476,0.7621706,-0.29235518,1.6610819,-2.821822,12.445408,0.0012963966
figure_eight_depth,nmpc,28.1,0.19599298,-0.18415263,-0.35118362,8.2511506e-05,-0.007207609,2.3831825,0.13897984,-0.00062723353,0.0002570009,0.00048135634,0.0026436555,-0.034080483,0.19765734037912633,-0.19375779322605163,-0.3512361075096934,0.0,0.0,2.3868914185306283,-0.1026537571697933,0.0965372827825689,0.001300092483363935,0.0,0.0,0.0,0.009748434021728505,0.26043967678904134,-0.0037088928958626255,-1.6413854726686368,-0.5274583,0.89827013,0.7661005,-0.39528936,1.6235305,-2.858199,12.633417,0.001315981
figure_eight_depth,nmpc,28.200000000000003,0.18588829,-0.17449094,-0.3510602,0.0001525949,-0.0069391816,2.3799734,0.13980822,-0.00064037467,0.00022664729,0.00046954228,0.002681623,-0.032089606,0.18738131458572457,-0.18406227634233893,-0.35110950884923,0.0,0.0,2.3836504654658515,-0.10286488016564288,0.09736596520658336,0.0012318749401107887,0.0,0.0,0.0,0.00968720614097643,0.2617183370894205,-0.003677053905792871,-1.6316463929186988,-0.61464965,0.8738505,0.7693879,-0.5101876,1.5808281,-2.9000468,12.902947,0.0013440569
figure_eight_depth,nmpc,28.3,0.17574318,-0.16474013,-0.3509429,0.00021414457,-0.006656052,2.3769603,0.1407166,-0.0005575914,0.00019653258,0.0004064039,0.0028267,-0.030132145,0.17708474031958343,-0.17428602366090773,-0.35098973364730757,0.0,0.0,2.380605029885298,-0.10306472286818191,0.09815193970025282,0.0011636236244005893,0.0,0.0,0.0,0.0096398165515306,0.2630091993100511,-0.0036447523279248273,-1.6222558633608999,-0.71030545,0.85103893,0.7733964,-0.6326635,1.5339837,-2.9463377,13.261218,0.0013813769
figure_eight_depth,nmpc,28.400000000000002,0.16555335,-0.15490663,-0.3508319,0.00026475507,-0.0063517424,2.3741398,0.14161246,-0.00042084407,0.00016784931,0.00031837157,0.003037055,-0.028205158,0.16676874671610217,-0.16443332336929153,-0.3508767851876239,0.0,0.0,2.3777515870309993,-0.10325326336244056,0.09889486150922722,0.001095340407375467,0.0,0.0,0.0,0.009604014263955095,0.26424172600980517,-0.0036118012643977515,-1.613233834149262,-0.811248,0.83055127,0.7788792,-0.75957656,1.4839206,-2.9961376,13.710409,0.0014281677
figure_eight_depth,nmpc,28.5,0.15531911,-0.14499776,-0.35072726,0.000303695,-0.006022335,2.371509,0.14245541,-0.00025552092,0.0001414706,0.00022231498,0.0032871072,-0.026305795,0.15643446504023098,-0.1545084971874738,-0.35077066656671796,0.0,0.0,2.3750868530278955,-0.10343048097280483,0.0995944047634395,0.0010270271609547077,0.0,0.0,0.0,0.009576012290529358,0.26538776382025575,-0.0035777778631005397,-1.6046063915776978,-0.9155989,0.81237656,0.7858407,-0.8890636,1.4314163,-3.0486355,14.249388,0.0014843112
figure_eight_depth,nmpc,28.6,0.14504239,-0.13502039,-0.3506292,0.00033127906,-0.0056654066,2.369066,0.143237,-7.664654e-05,0.00011802322,0.00012871095,0.0035618683,-0.024431465,0.1460830285624115,-0.1445158984722357,-0.3506713806938855,0.0,0.0,2.37260777770938,-0.10359635626513986,0.10025026261985259,0.0009586857581400654,0.0,0.0,0.0,0.009552454446611618,0.2664449259880772,-0.003541777724638706,-1.5964014705576943,-1.0222979,0.79617447,0.7939135,-1.0200374,1.3771214,-3.1031618,14.875838,0.0015495665
figure_eight_depth,nmpc,28.700000000000003,0.13472706,-0.12498053,-0.35053784,0.00034884716,-0.005279763,2.3668082,0.14394884,9.503579e-05,9.802658e-05,4.7760346e-05,0.0038489532,-0.022580234,0.1357155724343045,-0.13445991030763296,-0.35057893029109866,0.0,0.0,2.3703115379355855,-0.10375087105005121,0.10086214739826738,0.0008903180724328941,0.0,0.0,0.0,0.009530869006327491,0.2674131343582333,-0.0035033618949360523,-1.5886485432566815,-1.1306472,0.78162885,0.80278444,-1.1518033,1.3215454,-3.1591725,15.587274,0.0016236743
figure_eight_depth,nmpc,28.8,0.12437794,-0.114883915,-0.35045332,0.0003581034,-0.0048651034,2.3647332,0.14458649,0.0002510137,8.186864e-05,-1.6987307e-05,0.0041393596,-0.020750243,0.12533323356430454,-0.12434494358242767,-0.3504933178929321,0.0,0.0,2.3681955313982206,-0.1038940083825518,0.10142979070504321,0.0008219259782504817,0.0,0.0,0.0,0.009509219138232753,0.2682913527946875,-0.0034623122514920723,-1.5813780154088786,-1.2402195,0.76846504,0.8122128,-1.2839677,1.2650797,-3.216256,16.381676,0.0017064245
figure_eight_depth,nmpc,28.900000000000002,0.11399965,-0.10473607,-0.35037568,0.0003607251,-0.004421653,2.3628395,0.1451524,0.00039016284,6.984187e-05,-6.591928e-05,0.0044277175,-0.01893965,0.11493715049286667,-0.11417543505532793,-0.3504145458464929,0.0,0.0,2.366257370898858,-0.10402575256625995,0.10195294355335588,0.0007535113505374724,0.0,0.0,0.0,0.009485888486189177,0.26908218073898854,-0.003417910525933099,-1.574620056104736,-1.3506709,0.75640696,0.82192415,-1.4161886,1.2080328,-3.2740657,17.256462,0.0017975481
figure_eight_depth,nmpc,29.0,0.10359653,-0.0945421,-0.35030505,0.00035832543,-0.003949975,2.361125,0.1456517,0.00051113206,6.20898e-05,-9.980746e-05,0.0047105956,-0.01714694,0.10452846326765373,-0.10395584540887992,-0.35034261631135655,0.0,0.0,2.3644948790964033,-0.1041460891539267,0.10243137647103495,0.0006850760648768883,0.0,0.0,0.0,0.009459835755350157,0.26979076866160173,-0.003369886725797855,-1.5684041948645722,-1.4617159,0.74528444,0.83176905,-1.548201,1.1506284,-3.3323593,18.209393,0.0018968116
figure_eight_depth,nmpc,29.1,0.09317115,-0.08430691,-0.35024145,0.00035202384,-0.0034506847,2.359588,0.1460985,0.00062453694,5.8684007e-05,-0.00012372255,0.0049873977,-0.015370592,0.09410831331851435,-0.09369065729286234,-0.35027753125950745,0.0,0.0,2.362906083710697,-0.1042550049493024,0.10286487960160795,0.0006166219975733966,0.0,0.0,0.0,0.009430497286690324,0.27042609649019356,-0.0033181759195595184,-1.5627586491884773,-1.5731769,0.7350156,0.84174955,-1.6799113,1.092996,-3.3909824,19.239178,0.0020040812
figure_eight_depth,nmpc,29.200000000000003,0.0827264,-0.074034356,-0.35018492,0.0003431729,-0.0029246376,2.3582273,0.14649783,0.00072052184,5.961048e-05,-0.00013546445,0.00525568,-0.013609268,0.08367784333231529,-0.08338437335805093,-0.3502192924752854,0.0,0.0,2.361489213175994,-0.1043524880085453,0.10325326279627539,0.0005481510252369759,0.0,0.0,0.0,0.009398365013288444,0.27099646503207214,-0.0032619602157888394,-1.5577098916786507,-1.6849227,0.72566146,0.8519086,-1.8111702,1.0352159,-3.4498332,20.344654,0.002119235
figure_eight_depth,nmpc,29.3,0.07226409,-0.063728206,-0.35013548,0.0003327174,-0.0023728057,2.3570414,0.14685799,0.0008057257,6.4812935e-05,-0.00013924047,0.005514249,-0.011861614,0.07323819712763169,-0.07304151428120581,-0.35016790155533595,0.0,0.0,2.3602426927349835,-0.10443852764130401,0.103596355697122,0.0004796650250882273,0.0,0.0,0.0,0.009364168385671185,0.27150695462474983,-0.0032013337872296432,-1.5532823642961366,-1.7969469,0.71731997,0.86241156,-1.9420388,0.9773159,-3.5088708,21.526157,0.0022423079
figure_eight_depth,nmpc,29.400000000000002,0.061785534,-0.053391863,-0.3500931,0.00032140332,-0.001796293,2.3560288,0.14718492,0.0008809761,7.4185045e-05,-0.00013716392,0.0057617594,-0.010126225,0.06279051952931358,-0.06266661678215232,-0.3501233599085671,0.0,0.0,2.359165140966571,-0.10451311441303512,0.1038940078128825,0.0004111658746808189,0.0,0.0,0.0,0.009329092975955468,0.27196268208110835,-0.003136345724261247,-1.5494961982809796,-1.9135349,0.7101729,0.873594,-2.0769563,0.91877,-3.5686717,22.82243,0.0023773366
figure_eight_depth,nmpc,29.5,0.051296175,-0.04302874,-0.3500578,0.0003101298,-0.0011965291,2.3551888,0.14744958,0.0009170692,8.7798566e-05,-0.00012782183,0.005994938,-0.00840073,0.05233595624294425,-0.05226423163382715,-0.3500856687561107,0.0,0.0,2.3582553667384945,-0.1045762401437958,0.10414608858288349,0.00034265545195699687,0.0,0.0,0.0,0.009293882843030244,0.27234777552164885,-0.003066520150359686,-1.546366037609818,-2.0370104,0.704692,0.8857524,-2.2180712,0.8598327,-3.629075,24.259897,0.0025270728
figure_eight_depth,nmpc,29.6,0.04080837,-0.03264449,-0.3500295,0.0002994515,-0.0005757098,2.3545208,0.14758714,0.0008806936,0.00010601051,-0.00011477772,0.0062061213,-0.0066832635,0.04187565372919981,-0.04183892166615793,-0.3500548291312886,0.0,0.0,2.357512366581011,-0.10462789791135588,0.10435248743636757,0.00027413563510880756,0.0,0.0,0.0,0.009256202402741227,0.27261486281806097,-0.0029915688515189665,-1.5439688494016877,-2.166936,0.7004819,0.89840895,-2.3648632,0.80210847,-3.6885436,25.834734,0.002691118
figure_eight_depth,nmpc,29.700000000000003,0.0303387,-0.022245543,-0.35000807,0.0002888833,6.4089356e-05,2.3540237,0.14756244,0.000747084,0.0001291959,-0.000108543194,0.0063965027,-0.0049723634,0.031410759078128236,-0.03139525976465663,-0.35003084187958483,0.0,0.0,2.356935322473539,-0.10466808205086137,0.10451311383997616,0.00020560830271687536,0.0,0.0,0.0,0.00921233644697356,0.27274096349864196,-0.0029116274814735554,-1.5428445842851461,-2.2973356,0.6962631,0.9105126,-2.5115855,0.7490068,-3.7436712,27.475712,0.0028620537
figure_eight_depth,nmpc,29.8,0.019902574,-0.0118379835,-0.34999326,0.000276056,0.00072132796,2.3536973,0.14738633,0.0005219916,0.00015754993,-0.00012806403,0.006571443,-0.0032660945,0.02094241988335711,-0.020937826864599964,-0.35001370765862194,0.0,0.0,2.3565236000407532,-0.10469678815566881,0.10462789733767068,0.00013707533347284695,0.0,0.0,0.0,0.009159085490389124,0.2727341877629226,-0.0028263000834778396,-1.542425172927787,-2.4188404,0.6900747,0.9208051,-2.6495712,0.7049488,-3.789935,29.055664,0.0030266314
figure_eight_depth,nmpc,29.900000000000002,0.00950475,-0.0014289718,-0.34998477,0.00025478995,0.0013951873,2.3535416,0.14712617,0.0002883298,0.00019075378,-0.00021153683,0.006738164,-0.0015597008,0.010471784116245709,-0.010471209941678395,-0.3500034269381433,0.0,0.0,2.3562767471539283,-0.10471401307782756,0.10469678758160371,6.853860626265806e-05,0.0,0.0,0.0,0.009093820636236967,0.27262541665724965,-0.002735134528806249,-1.542717970484623,-2.5212133,0.68020266,0.92858154,-2.7695923,0.6741658,-3.822946,30.421513,0.0031689077
figure_eight_depth,nmpc,30.0,-0.0008671595,0.0089745745,-0.3499825,0.00021509702,0.002085524,2.353557,0.14690456,0.00016608379,0.00022772435,-0.0003971476,0.0069034053,0.00015475006,1.2246467991473532e-16,-1.2246467991473532e-16,-0.35,0.0,0.0,2.3561944929339016,-0.10471975492843412,0.10471975435424383,0.0,0.0,0.0,0.0,0.009016388381033974,0.2724817731802715,-0.002637383101137924,-1.5437317860045745,-2.5929432,0.66615283,0.9341496,-2.8609402,0.66020674,-3.8389745,31.398327,0.003270659
figure_eight_depth,nmpc,30.1,-0.011247446,0.0193669,-0.34998646,0.00014394186,0.0027921705,2.353746,0.14688401,0.00030231525,0.00026667974,-0.0007154899,0.0070668706,0.0018868443,-0.010471784116245463,0.010471209941678149,-0.3500034269381433,0.0,0.0,2.3562767471539288,-0.10471401307760637,0.10469678758138252,-6.853860626265806e-05,0.0,0.0,0.0,0.00892945864277888,0.27239655478587044,-0.002530809806516654,-1.5454832552610713,-2.6214037,0.648766,0.93857694,-2.9112148,0.66558933,-3.8352587,31.800972,0.0033126015
figure_eight_depth,nmpc,30.200000000000003,-0.021699669,0.029745098,-0.34999704,2.6020138e-05,0.0035146507,2.3541102,0.14729133,0.00088409946,0.00030508623,-0.0011893865,0.0072253277,0.0036410275,-0.020942419883356867,0.02093782686459972,-0.35001370765862194,0.0,0.0,2.3565236000407532,-0.10469678815566881,0.10462789733767068,-0.00013707533347284695,0.0,0.0,0.0,0.0088397812251117,0.27250868618983876,-0.0024133591044739333,-1.5481537394904747,-2.5936756,0.629774,0.94346017,-2.907362,0.69163173,-3.8102043,31.462652,0.0032773593
figure_eight_depth,nmpc,30.3,-0.032318436,0.040111966,-0.35001522,-0.000153526,0.004251141,2.3546517,0.14838652,0.0020904685,0.00033986254,-0.001814495,0.007365044,0.005415295,-0.031410759078127994,0.03139525976465639,-0.35003084187958483,0.0,0.0,2.356935322473539,-0.10466808205086137,0.10451311383997616,-0.00020560830271687536,0.0,0.0,0.0,0.008763851650012595,0.2729969395639679,-0.00228363294412004,-1.5516147694308389,-2.5019464,0.6108629,0.95024645,-2.84133,0.73819053,-3.7637172,30.319508,0.0031582818
figure_eight_depth,nmpc,30.400000000000002,-0.043125715,0.050464403,-0.350042,-0.00038597002,0.0049797855,2.3553712,0.14961645,0.0034469825,0.00036904064,-0.0023550245,0.0072853384,0.0071954164,-0.04187565372919957,0.041838921666157686,-0.3500548291312886,0.0,0.0,2.357512366581011,-0.10462789791135588,0.10435248743636757,-0.00027413563510880756,0.0,0.0,0.0,0.008715603516092286,0.27353705980795273,-0.002141129779863693,-1.5557571899816107,-2.3483737,0.59276515,0.95936984,-2.7149782,0.8034161,-3.697492,28.47465,0.0029661097
figure_eight_depth,nmpc,30.5,-0.05407994,0.060795754,-0.35007793,-0.0006454681,0.005666302,2.356268,0.15050799,0.0045281462,0.00039171777,-0.0026396385,0.0068617067,0.008970243,-0.052335956242943564,0.052264231633826465,-0.3500856687561107,0.0,0.0,2.3582553667384776,-0.1045762401437958,0.10414608858288696,-0.0003426554519292413,0.0,0.0,0.0,0.008707951072023452,0.2738471041419551,-0.001987437661329139,-1.5604748192108233,-2.1445215,0.57522225,0.9703806,-2.5396798,0.8840273,-3.6148086,26.169811,0.0027260222
figure_eight_depth,nmpc,30.6,-0.06508421,0.07109591,-0.35012287,-0.0008960243,0.006270586,2.357341,0.15064557,0.004967491,0.00040747144,-0.0025663578,0.00603591,0.010733248,-0.06279051952931335,0.06266661678215209,-0.3501233599085671,0.0,0.0,2.359165140966571,-0.10451311441303512,0.1038940078128825,-0.0004111658746808189,0.0,0.0,0.0,0.008735792401951673,0.27366600002879243,-0.0018240898648862467,-1.5657092280039167,-1.9069521,0.5575504,0.98239934,-2.3318012,0.97591585,-3.5199225,23.692001,0.0024679166
figure_eight_depth,nmpc,30.700000000000003,-0.07605183,0.081357345,-0.35017595,-0.0011097831,0.0067621185,2.3585894,0.15011808,0.0048209946,0.00041477112,-0.0022158662,0.0049041375,0.01248773,-0.0732381971276319,0.07304151428120602,-0.35016790155533595,0.0,0.0,2.3602426927350084,-0.10443852764152606,0.1035963556973371,-0.0004796650250882273,0.0,0.0,0.0,0.008778931710150402,0.27305025156997254,-0.001653281953148067,-1.571445502105958,-1.6504147,0.53990763,0.9955352,-2.1060424,1.0748847,-3.417219,21.274635,0.002216108
figure_eight_depth,nmpc,30.8,-0.08694138,0.09157736,-0.35023627,-0.0012747743,0.0071254973,2.360013,0.14927869,0.0043763886,0.00041102862,-0.001746191,0.0036179845,0.014241652,-0.08367784333231548,0.08338437335805113,-0.3502192924752854,0.0,0.0,2.3614892131759717,-0.10435248800832325,0.10325326279606029,-0.0005481510252369759,0.0,0.0,0.0,0.00881906695753681,0.27222477554851665,-0.0014762050582959316,-1.577662575477027,-1.3869687,0.5218475,1.009351,-1.8744724,1.1771688,-3.310676,19.074745,0.0019869527
figure_eight_depth,nmpc,30.900000000000002,-0.09773673,0.10175359,-0.35030305,-0.0013888881,0.007354426,2.361613,0.14830817,0.0038110681,0.00039394994,-0.0012551326,0.0022688932,0.016000824,-0.0941083133185141,0.09369065729286209,-0.35027753125950745,0.0,0.0,2.362906083710663,-0.10425500494930934,0.10286487960162183,-0.0006166219975733966,0.0,0.0,0.0,0.008841775360829137,0.2712947430153733,-0.0012930485086366514,-1.584339425800527,-1.1245676,0.5036941,1.0241584,-1.6450319,1.2796811,-3.2035675,17.17382,0.0017889395
figure_eight_depth,nmpc,31.0,-0.10843685,0.11188365,-0.35037565,-0.0014558468,0.007448712,2.3633897,0.14731263,0.003232344,0.0003617604,-0.00080026407,0.0009181783,0.01776949,-0.10452846326765305,0.10395584540887925,-0.35034261631135655,0.0,0.0,2.364494879096403,-0.10414608915393364,0.10243137647104189,-0.0006850760648768883,0.0,0.0,0.0,0.0088389280504753,0.27032023499552577,-0.0011051486429116686,-1.591459102326351,-0.8682887,0.48577416,1.0404141,-1.4229287,1.3800237,-3.0984309,15.60183,0.0016251905
figure_eight_depth,nmpc,31.1,-0.119049974,0.12196579,-0.35045373,-0.0014824418,0.0074124807,2.365345,0.14636256,0.0027011316,0.0003132879,-0.00041158986,-0.00039077326,0.01955142,-0.11493715049286643,0.11417543505532769,-0.3504145458464929,0.0,0.0,2.366257370898824,-0.10402575256625302,0.10195294355335588,-0.0007535113505374724,0.0,0.0,0.0,0.008809452589902851,0.26934432665854274,-0.0009123696781210278,-1.5990072027418543,-0.6188579,0.46999624,1.0601567,-1.2090183,1.4764348,-2.997149,14.352302,0.0014950313
figure_eight_depth,nmpc,31.200000000000003,-0.12958977,0.13199942,-0.35053712,-0.0014765178,0.007252346,2.3674803,0.1455049,0.0022474653,0.00024804377,-9.9037425e-05,-0.0016330017,0.021350017,-0.12533323356430429,0.12434494358242744,-0.3504933178929321,0.0,0.0,2.3681955313982224,-0.10389400838253793,0.10142979070502933,-0.0008219259782504817,0.0,0.0,0.0,0.008758479896967932,0.2683991382015115,-0.0007152533830856456,-1.6069692837376661,-0.3770488,0.45823294,1.0853386,-1.0041544,1.5676283,-2.901087,13.412194,0.0013971035
figure_eight_depth,nmpc,31.3,-0.14007142,0.14198408,-0.35062578,-0.0014458733,0.0069759917,2.3697977,0.14475173,0.0018804994,0.00016609886,0.00013838634,-0.0027977542,0.02316854,-0.13571557243430424,0.1344599103076327,-0.35057893029109866,0.0,0.0,2.370311537935656,-0.10375087105003733,0.10086214739823962,-0.0008903180724328941,0.0,0.0,0.0,0.008694174968315026,0.26749210115447997,-0.0005138313316521702,-1.6153231248000581,-0.14340408,0.45217165,1.1176245,-0.80885696,1.6527561,-2.8111389,12.762463,0.0013294233
figure_eight_depth,nmpc,31.400000000000002,-0.15050562,0.1519166,-0.3507197,-0.0013974516,0.006590312,2.3722992,0.14405239,0.0015879342,6.790034e-05,0.0003097074,-0.0038929633,0.025009725,-0.1460830285624117,0.1445158984722359,-0.3506713806938855,0.0,0.0,2.372607777709342,-0.10359635626537578,0.10025026262008851,-0.0009586857581400654,0.0,0.0,0.0,0.008621595487255685,0.2665805855882114,-0.00030858337340466946,-1.624048024584111,0.08241097,0.45198476,1.1573352,-0.62293947,1.7313815,-2.727759,12.376911,0.0012892615
figure_eight_depth,nmpc,31.5,-0.16090006,0.16179205,-0.35081896,-0.0013373073,0.0061018,2.3749876,0.14337379,0.0013612376,-4.5979406e-05,0.00042427034,-0.0049226806,0.026876668,-0.15643446504023073,0.1545084971874736,-0.35077066656671796,0.0,0.0,2.375086853027898,-0.10343048097279095,0.09959440476342563,-0.0010270271609547077,0.0,0.0,0.0,0.008543655504657013,0.26563709167401844,-9.925079401140735e-05,-1.6331213944766485,0.2998405,0.45718452,1.2040304,-0.44700542,1.8033745,-2.6511009,12.22892,0.0012738458
figure_eight_depth,nmpc,31.6,-0.17125909,0.17160358,-0.3509237,-0.0012705668,0.0055165724,2.3778658,0.14267872,0.001190701,-0.00017480133,0.0004917903,-0.0058907573,0.028772311,-0.16676874671610195,0.1644333233692913,-0.3508767851876239,0.0,0.0,2.3777515870309767,-0.10325326336221852,0.09889486150901905,-0.0010953404073477113,0.0,0.0,0.0,0.008460372260827007,0.2646308601696577,0.0001142042898241158,-1.6425247780837444,0.5120644,0.4699022,1.2597127,-0.27774614,1.8689376,-2.581,12.301527,0.001281409
figure_eight_depth,nmpc,31.700000000000003,-0.18158668,0.18134458,-0.3510339,-0.0012015239,0.0048404858,2.3809366,0.14196686,0.0010721667,-0.0003176371,0.00052102975,-0.006799877,0.030698484,-0.17708474031958318,0.1742860236609075,-0.35098973364730757,0.0,0.0,2.380605029885298,-0.10306472286818191,0.09815193970025282,-0.0011636236244005893,0.0,0.0,0.0,0.008372138630136793,0.2635634208437067,0.00033159273433103214,-1.652245814157907,0.7226686,0.491301,1.3255352,-0.11156558,1.9284531,-2.5170815,12.587748,0.0013112238
figure_eight_depth,nmpc,31.8,-0.19188885,0.19101107,-0.35114974,-0.0011333793,0.0040792334,2.3842032,0.1412717,0.0010009456,-0.00047345378,0.00052332843,-0.007651769,0.032656226,-0.18738131458572432,0.18406227634233868,-0.35110950884923,0.0,0.0,2.383650465465855,-0.102864880165629,0.09736596520656948,-0.0012318749401107887,0.0,0.0,0.0,0.008282830383069201,0.26246801669310615,0.0005527301060443968,-1.6622791551116718,0.9329992,0.5212393,1.4015977,0.052640706,1.9817932,-2.4594438,13.085793,0.0013631034
figure_eight_depth,nmpc,31.900000000000002,-0.20217606,0.20060255,-0.35127133,-0.0010684348,0.003238639,2.3876688,0.14064997,0.0009820118,-0.0006411865,0.0005080709,-0.008445215,0.03464743,-0.19765734037912608,0.1937577932260514,-0.35123610750969336,0.0,0.0,2.3868914185305568,-0.1026537571697933,0.09653728278258278,-0.001300092483363935,0.0,0.0,0.0,0.008201874863440843,0.2613961547960433,0.0007774295071629744,-1.6726144376447596,1.1382067,0.5562138,1.4849181,0.20950241,2.0281682,-2.4087636,13.76937,0.0014343094
figure_eight_depth,nmpc,32.0,-0.21245815,0.21011844,-0.35139883,-0.001007973,0.0023242394,2.3913374,0.14009738,0.0010104168,-0.00082002167,0.0004858043,-0.009183191,0.036676344,-0.20791169081775907,0.20336832153789985,-0.3513695261579316,0.0,0.0,2.390331662396853,-0.10243137703246086,0.09566625591556077,-0.0013682743839615874,0.0,0.0,0.0,0.008138505606878278,0.2603463583368649,0.0010057323175023392,-1.6832319279974104,1.3331751,0.5929844,1.5722779,0.35388148,2.0668595,-2.36571,14.594769,0.0015202883
figure_eight_depth,nmpc,32.1,-0.22273904,0.21955492,-0.35153228,-0.00095213146,0.001340995,2.3952131,0.13954929,0.0010694849,-0.0010093041,0.00046833494,-0.009871503,0.038746912,-0.2181432413965425,0.2128896457825363,-0.351509761136205,0.0,0.0,2.393975227126955,-0.10219776414033266,0.09475326666689987,-0.0014364187725657285,0.0,0.0,0.0,0.008096153848885953,0.2592652488329112,0.0012379000092752612,-1.6941007549367615,1.5137317,0.62929004,1.6609885,0.48203337,2.097434,-2.3307312,15.510166,0.0016156422
figure_eight_depth,nmpc,32.2,-0.23301265,0.22890332,-0.35167187,-0.00089967455,0.00029326885,2.3993,0.13889991,0.0011259367,-0.0012084298,0.000469762,-0.010516171,0.040860474,-0.22835087011065594,0.22231758959246392,-0.3516568085999009,0.0,0.0,2.39782640822881,-0.1019529441119299,0.09379871550406482,-0.0015045237810040746,0.0,0.0,0.0,0.008068722044849385,0.2580667117422763,0.001473690190379351,-1.7059899100170655,1.6746,0.6604534,1.7460294,0.5890241,2.1196053,-2.304176,16.438005,0.0017122923
figure_eight_depth,nmpc,32.300000000000004,-0.24325992,0.23814668,-0.3518177,-0.0008484686,-0.00081482815,2.4036028,0.13799791,0.0011545065,-0.0014167296,0.00049944065,-0.011119675,0.043016583,-0.23853345757858088,0.23164801755993086,-0.3518106645176386,0.0,0.0,2.401889775875732,-0.10169694379430494,0.09280302112454897,-0.0015725875422145652,0.0,0.0,0.0,0.008035676372008168,0.2566185839903958,0.0017130626405035265,-1.718364942020132,1.8081905,0.67980355,1.8206161,0.66737795,2.1330688,-2.286395,17.269306,0.0017988862
figure_eight_depth,nmpc,32.4,-0.25344297,0.24725616,-0.35197002,-0.00079536065,-0.001979124,2.4081252,0.13662402,0.0011191968,-0.0016335892,0.00056792947,-0.011681326,0.04521404,-0.24868988716485457,0.24087683705085744,-0.3519713246713805,0.0,0.0,2.4061701846480075,-0.10142979126098739,0.09176662027297888,-0.0016406081901620961,0.0,0.0,0.0,0.00795534940870873,0.2547284320090579,0.0019549774766263184,-1.7308271219135134,1.9042182,0.6799698,1.8776568,0.70653135,2.1376588,-2.2776225,17.870338,0.0018614937
figure_eight_depth,nmpc,32.5,-0.26349714,0.25618672,-0.3521293,-0.0007364337,-0.003195178,2.4128716,0.13447034,0.00096784416,-0.0018584315,0.0006832051,-0.012198285,0.047453362,-0.25881904510252035,0.24999999999999964,-0.35213878465654735,0.0,0.0,2.4106727837940234,-0.10115151580761261,0.0906899675484768,-0.0017085838599772973,0.0,0.0,0.0,0.007756303833550647,0.2521264415053617,0.002198815403364307,-1.7433341515606933,1.9543705,0.65330034,1.9101628,0.69750816,2.1335213,-2.2778003,18.121893,0.0018876971
figure_eight_depth,nmpc,32.6,-0.27337572,0.26490864,-0.35229626,-0.000669804,-0.004444504,2.4178464,0.13177143,0.0007165002,-0.0020898208,0.00082525215,-0.012529896,0.04973895,-0.26891982061526554,0.259013504686565,-0.3523130398821391,0.0,0.0,2.4154030280089387,-0.10086214795088089,0.08957353520702704,-0.0017765126880675552,0.0,0.0,0.0,0.0073897197399951835,0.2490262086468789,0.002443413259982208,-1.7559535270503068,1.956878,0.5968598,1.9160542,0.63768363,2.121162,-2.2865574,17.991188,0.0018740824
figure_eight_depth,nmpc,32.7,-0.28310072,0.2734385,-0.35247114,-0.00059873523,-0.005685212,2.4230552,0.12934795,0.00048345534,-0.0023236258,0.0009421942,-0.012441967,0.052079637,-0.2789911060392293,0.26791339748949833,-0.3524940855708606,0.0,0.0,2.4203666887174613,-0.10056171942296466,0.08841781295260143,-0.001844392812228035,0.0,0.0,0.0,0.006885956174866657,0.24615267032555038,0.0026884832490914334,-1.7688022700873283,1.9188662,0.515354,1.9006503,0.53357,2.101372,-2.3032374,17.565472,0.0018297367
figure_eight_depth,nmpc,32.800000000000004,-0.29275972,0.28183374,-0.35265374,-0.0005304484,-0.0068618082,2.4285047,0.12796196,0.00038836666,-0.0025530723,0.0009926723,-0.011798585,0.054485343,-0.28903179694447184,0.2766957746216722,-0.35268191675925287,0.0,0.0,2.425569865852369,-0.1002502631693436,0.08722330772320541,-0.0019122223713918807,0.0,0.0,0.0,0.00634797973426529,0.24417521995455407,0.00293483957670837,-1.7818651065087516,1.8524593,0.41766852,1.8731049,0.39702305,2.0751493,-2.326982,16.99329,0.0017701345
figure_eight_depth,nmpc,32.9,-0.30240902,0.29012722,-0.35284364,-0.0004697748,-0.00793777,2.4342017,0.12721966,0.0003973938,-0.0027719685,0.0009976538,-0.010789837,0.056963474,-0.2990407922560863,0.2853567838422155,-0.3528765282978291,0.0,0.0,2.4310190001003558,-0.09992781334461354,0.08599054346830615,-0.0019799995060187925,0.0,0.0,0.0,0.005839785955525,0.2427401698778993,0.0031827172763532197,-1.7951133551067786,1.7681553,0.3110824,1.8408762,0.23836154,2.043508,-2.356824,16.39933,0.0017082636
figure_eight_depth,nmpc,33.0,-0.31207538,0.29833087,-0.3530407,-0.00041895427,-0.008892434,2.4401543,0.12676214,0.00046560736,-0.0029764473,0.00098071,-0.009574595,0.059520364,-0.3090169943749473,0.29389262614623646,-0.35307791485121554,0.0,0.0,2.43672088559281,-0.09959440530910024,0.08472006091900242,-0.0020477223579840054,0.0,0.0,0.0,0.005390094985577732,0.2415304528175544,0.0034334284483277244,-1.808523281234256,1.6737132,0.20076582,1.8092341,0.06524493,2.0073786,-2.3918457,15.869701,0.0016530942
figure_eight_depth,nmpc,33.1,-0.32176822,0.30644453,-0.35324475,-0.00037870213,-0.009715325,2.446371,0.12638076,0.00056954223,-0.0031642069,0.0009553335,-0.008254958,0.06216148,-0.31895930929806965,0.30229955743118714,-0.3532860708982981,0.0,0.0,2.442682682995005,-0.09925007562489041,0.08341241735110305,-0.0021153890705782885,0.0,0.0,0.0,0.005007242008188179,0.24036080042582683,0.0036883954962059207,-1.822077813141064,1.5744227,0.08992514,1.781475,-0.117127046,1.9675552,-2.431204,15.456291,0.0016100304
figure_eight_depth,nmpc,33.2,-0.3314882,0.31446296,-0.35345575,-0.0003485374,-0.010402222,2.4528608,0.12597665,0.0006886395,-0.0033340575,0.00093213114,-0.006893549,0.06489117,-0.3288666467385831,0.3105738901391551,-0.35350099073237373,0.0,0.0,2.4489119329498052,-0.09889486205105769,0.08206818633985091,-0.0021829977887022345,0.0,0.0,0.0,0.0046903527672162385,0.2391467193327809,0.003948899264550221,-1.8357610397930393,1.4736722,-0.019692156,1.7594789,-0.30549884,1.9246988,-2.4741707,15.18718,0.0015819977
figure_eight_depth,nmpc,33.300000000000004,-0.34123018,0.32237786,-0.3536738,-0.00032727607,-0.010953374,2.4596326,0.12548779,0.0008100541,-0.0034855637,0.0009170253,-0.005535115,0.06771309,-0.3387379202452915,0.31871199487434493,-0.3537226684613065,0.0,0.0,2.4554165698075345,-0.0985288035413312,0.08068795750978963,-0.0022505466588662593,0.0,0.0,0.0,0.004433095808834671,0.23783489795996543,0.004216065309042616,-1.8495626030653036,1.3739421,-0.12702335,1.7444944,-0.4975756,1.8793712,-2.5201178,15.077724,0.0015705962
figure_eight_depth,nmpc,33.4,-0.35098737,0.330181,-0.35389888,-0.0003132918,-0.011371676,2.4666963,0.12490121,0.0009236441,-0.0036188064,0.0009135305,-0.004206136,0.070630446,-0.34857204732181474,0.32671030199505235,-0.3539510980076895,0.0,0.0,2.462204935559918,-0.0981519402380171,0.07927233627488817,-0.0023180338291628466,0.0,0.0,0.0,0.004228746382799929,0.23641683237813815,0.004491326799701323,-1.8634720945279488,1.2770905,-0.23141865,1.7373909,-0.6917189,1.8320264,-2.56852,15.135134,0.0015765764
figure_eight_depth,nmpc,33.5,-0.36075145,0.33786362,-0.35413107,-0.000304833,-0.011662277,2.4740615,0.12420302,0.0010248255,-0.003734227,0.00092211494,-0.0029290926,0.07364618,-0.3583679495453,0.3345653031794289,-0.3541862731090113,0.0,0.0,2.4692857938838872,-0.09776431346836256,0.07782194357330852,-0.0023854574493775704,0.0,0.0,0.0,0.004069771819016393,0.23488106168426195,0.0047756952213373624,-1.877483505296336,1.1842867,-0.3327636,1.7385695,-0.88704634,1.783009,-2.6189563,15.360796,0.0016000828
figure_eight_depth,nmpc,33.6,-0.37051502,0.34541756,-0.35437042,-0.00030037249,-0.011831535,2.4817383,0.12340459,0.0011172991,-0.0038325638,0.0009398868,-0.0017159692,0.0767633,-0.3681245526846779,0.3422735529643443,-0.35442818731782777,0.0,0.0,2.4766683441665474,-0.09736596574003165,0.07633741559520679,-0.0024528156710723614,0.0,0.0,0.0,0.003949992439236445,0.23323723742186278,0.005069984767168467,-1.891591399246231,1.0959077,-0.43156233,1.7478627,-1.0835173,1.7325765,-2.671103,15.752906,0.0016409276
figure_eight_depth,nmpc,33.7,-0.38027057,0.35283545,-0.35461697,-0.0002983139,-0.011886739,2.4897373,0.12251095,0.0011957099,-0.0039147427,0.0009669745,-0.00057606766,0.07998478,-0.3778407868184673,0.3498316702566828,-0.3546768340019387,0.0,0.0,2.4843622353667225,-0.09695694073633132,0.07481940350362315,-0.002520106647585507,0.0,0.0,0.0,0.0038639493833358242,0.23149200232453426,0.005375036895850727,-1.9057893650885471,1.0120697,-0.5283844,1.7650441,-1.2813587,1.6808988,-2.7247145,16.310226,0.001698982
figure_eight_depth,nmpc,33.800000000000004,-0.3900098,0.3601098,-0.3548707,-0.00029714618,-0.011836002,2.4980693,0.121514715,0.0012572046,-0.0039818645,0.0010020512,0.00048252253,0.08331376,-0.38751558645210293,0.3572363398164016,-0.3549322063445695,0.0,0.0,2.4923775795339846,-0.09653728331149303,0.07326857314893243,-0.0025873285340871632,0.0,0.0,0.0,0.0038054756703331666,0.2296394043152389,0.005691706812450903,-1.9200743446004318,0.93241394,-0.6241779,1.7895218,-1.4812858,1.628084,-2.7795985,17.032413,0.0017742099
figure_eight_depth,nmpc,33.9,-0.39972588,0.36723295,-0.35513172,-0.00029601864,-0.011687356,2.5067453,0.1204285,0.0013152509,-0.004035221,0.0010381353,0.0014606722,0.0867537,-0.3971478906347804,0.3644843137107056,-0.35519429734455854,0.0,0.0,2.500724964773234,-0.0961070394858432,0.07168560477660568,-0.00265447948766262,0.0,0.0,0.0,0.0037689468999274117,0.22768736048354643,0.006020373666707268,-1.934442518657634,0.856683,-0.7198826,1.8207637,-1.6839633,1.5742347,-2.8356037,17.921913,0.0018668659
figure_eight_depth,nmpc,34.0,-0.409412,0.37419748,-0.35539997,-0.00029415925,-0.011448938,2.5157766,0.11925273,0.0013692472,-0.004076155,0.0010740953,0.0023574412,0.09030798,-0.4067366430757998,0.37157241273869684,-0.35546309981654856,0.0,0.0,2.5094154673956535,-0.0956662564399191,0.07007119272853246,-0.0027215576673678132,0.0,0.0,0.0,0.003748665969416005,0.22563679099730619,0.006361166820655129,-1.9488891710122005,0.78547263,-0.81574154,1.8589864,-1.8892552,1.5194541,-2.892578,18.983265,0.0019774234
figure_eight_depth,nmpc,34.1,-0.4190603,0.38099566,-0.35567552,-0.00029086325,-0.011129061,2.525175,0.117979795,0.0014188035,-0.004106049,0.0011089706,0.003171137,0.09398028,-0.416280792260401,0.3784975278258781,-0.35573860639118404,0.0,0.0,2.5184606629632666,-0.09521498251108262,0.06842604513954131,-0.002788561234173814,0.0,0.0,0.0,0.0037376806233657012,0.22348091475021478,0.006714431641225538,-1.963411670106301,0.71920437,-0.91198486,1.9044496,-2.09723,1.4638201,-2.9504166,20.222,0.0021064582
figure_eight_depth,nmpc,34.2,-0.4286629,0.38762084,-0.35595837,-0.00028528657,-0.0107357465,2.534953,0.11661532,0.0014569525,-0.004126258,0.0011439383,0.0039046989,0.09777458,-0.42577929156507266,0.38525662138789457,-0.3560208095153131,0.0,0.0,2.52787263586718,-0.09475326718644261,0.06675088362567694,-0.0028554883511611173,0.0,0.0,0.0,0.0037294217938876693,0.22122746438003094,0.007080481503425329,-1.9780142954147464,0.65768015,-1.0094604,1.9567984,-2.3085785,1.4074035,-3.0090244,21.64516,0.0022547042
figure_eight_depth,nmpc,34.300000000000004,-0.43821523,0.39406893,-0.35624853,-0.00027675298,-0.01027571,2.545123,0.11520238,0.001484365,-0.004138062,0.0011771377,0.004571354,0.101695195,-0.43523109937232773,0.39184672866292003,-0.35630970145219454,0.0,0.0,2.5376639870318414,-0.09428116109830298,0.06504644296817519,-0.002922337183519641,0.0,0.0,0.0,0.0037211445971079243,0.21891772578182506,0.007459113248920346,-1.9927016734095018,0.6005955,-1.1090662,2.0156727,-2.5241435,1.3502548,-3.0683393,23.262873,0.002423216
figure_eight_depth,nmpc,34.4,-0.4477148,0.40033692,-0.35654593,-0.0002648961,-0.009754847,2.5556982,0.11376462,0.0015062069,-0.004142552,0.0012052158,0.005179367,0.10574681,-0.4446351791849271,0.3982649590120979,-0.3566052742817099,0.0,0.0,2.5478478392611876,-0.09379871601838952,0.06331347079091554,-0.0029891058985209717,0.0,0.0,0.0,0.003712229595018329,0.21657333009940066,0.007850317095623893,-2.007472591739596,0.54309356,-1.2113382,2.0811763,-2.749421,1.2918758,-3.1289046,25.111889,0.0026158218
figure_eight_depth,nmpc,34.5,-0.4571561,0.40642226,-0.35685045,-0.00024949788,-0.009178662,2.566692,0.11228005,0.0015020446,-0.0041405205,0.0012264032,0.0057327277,0.109935276,-0.4539904997395467,0.4045084971874736,-0.3569075199005808,0.0,0.0,2.558437839666166,-0.09330598485224328,0.061552727232877524,-0.0030557926657126533,0.0,0.0,0.0,0.003699555332828452,0.21417954663775018,0.00825427421017677,-2.0223206760350525,0.47997236,-1.3163114,2.1537297,-2.9900687,1.2323056,-3.1907797,27.241764,0.0028376838
figure_eight_depth,nmpc,34.6,-0.46652696,0.41232443,-0.35716212,-0.0002305347,-0.008552096,2.578119,0.110704325,0.0014215872,-0.0041323905,0.0012384602,0.006237154,0.11426646,-0.4632960351198614,0.4105746045668518,-0.35721643002259096,0.0,0.0,2.5694481585389815,-0.09280302163358622,0.05976498461440771,-0.003122395656751653,0.0,0.0,0.0,0.0036747352883374318,0.21170784657854672,0.008670880996541008,-2.037242665104922,0.41537106,-1.4247876,2.2327728,-3.2421892,1.1740794,-3.251499,29.650326,0.0030885758
figure_eight_depth,nmpc,34.7,-0.47581285,0.41804463,-0.3574807,-0.00020908233,-0.007879291,2.5899937,0.10902528,0.001240516,-0.0041183783,0.0012300474,0.0067006773,0.11874424,-0.4725507648690539,0.41646062035504966,-0.35753199617881326,0.0,0.0,2.580893483924938,-0.09228988151743778,0.05795102709821309,-0.0031889130457374293,0.0,0.0,0.0,0.0036266957268230237,0.20915243031569467,0.00910023136131688,-2.0522426960114135,0.35798746,-1.5387826,2.3169081,-3.4977028,1.1212434,-3.30696,32.29117,0.0033636633
figure_eight_depth,nmpc,34.800000000000004,-0.4850027,0.42358434,-0.3578061,-0.00018824478,-0.007163683,2.6023312,0.10727073,0.0009788689,-0.0040989383,0.0011804663,0.0071302834,0.123371825,-0.4817536741017154,0.4221639627510076,-0.3578542097178422,0.0,0.0,2.5927890110602765,-0.09176662077595155,0.05611165034638543,-0.0032553430091009083,0.0,0.0,0.0,0.0035462571389722726,0.2065337823424147,0.009542150438746955,-2.0673328311643795,0.31658667,-1.6603055,2.4052384,-3.7489567,1.0778869,-3.3530006,35.101143,0.003656369
figure_eight_depth,nmpc,34.9,-0.49409357,0.42894214,-0.358138,-0.00017421052,-0.006408415,2.6151469,0.10549366,0.00070809433,-0.0040748096,0.0010584049,0.0075285574,0.12815431,-0.4909037536151404,0.4276821300802531,-0.35818306180603077,0.0,0.0,2.6051504257150064,-0.09123329679039394,0.05424766117020918,-0.003321683725548974,0.0,0.0,0.0,0.0034299527932598367,0.20388366015425255,0.00999644966646329,-2.0825429195068947,0.30050102,-1.7904669,2.4978607,-3.9878259,1.0475296,-3.38599,38.00038,0.003958373
figure_eight_depth,nmpc,35.0,-0.5030996,0.43411195,-0.3584762,-0.00017700755,-0.0056158057,2.6284568,0.10381855,0.000554584,-0.004047233,0.0008249825,0.007902901,0.13309844,-0.4999999999999998,0.43301270189221924,-0.3585185434277329,0.0,0.0,2.6179938803658054,-0.09068996804575957,0.05235987717691626,-0.003387933376397534,0.0,0.0,0.0,0.003289041265768726,0.20129030513593174,0.010462950612588173,-2.0979200786003798,0.320875,-1.929125,2.5958872,-4.2041364,1.0329285,-3.4030378,40.885483,0.0042589046
figure_eight_depth,nmpc,35.1,-0.51205623,0.43908226,-0.3588205,-0.00020951989,-0.0047880565,2.6422777,0.10240979,0.00066809246,-0.0040179393,0.00045103737,0.008253029,0.13821004,-0.5090414157503712,0.43815334002193174,-0.35886064538555046,0.0,0.0,2.6313359619948917,-0.09013669412410996,0.050449126411000744,-0.0034540901452939643,0.0,0.0,0.0,0.003154936962818483,0.19887839712777894,0.010941755595440306,-2.113539097278462,0.39009765,-2.074857,2.7013273,-4.386086,1.0359486,-3.4021118,43.639683,0.0045458004
figure_eight_depth,nmpc,35.2,-0.5210294,0.44383493,-0.35917082,-0.000286921,-0.003927121,2.656627,0.101515554,0.0012423405,-0.003989154,-8.696468e-05,0.008579294,0.14349239,-0.5180270093731304,0.4431017896156074,-0.3592093583005854,0.0,0.0,2.6451936501812874,-0.08957353569816195,0.04851624699081514,-0.0035201522186056877,0.0,0.0,0.0,0.0030908585659265,0.19685040602914716,0.011433289592272189,-2.1295051746065323,0.5206754,-2.2251232,2.8169549,-4.521402,1.0573611,-3.3822286,46.158066,0.004808132
figure_eight_depth,nmpc,35.300000000000004,-0.5301216,0.44834578,-0.3595274,-0.00042474808,-0.0030351302,2.6715214,0.101451784,0.0024801048,-0.0039635166,-0.0007933567,0.008877172,0.1489441,-0.5269557954966776,0.4478558801197065,-0.35956467261269714,0.0,0.0,2.659584264005348,-0.08900055452465416,0.04656208674128082,-0.0035861177851426174,0.0,0.0,0.0,0.003203726566938816,0.19548774118387685,0.011937161241844407,-2.1457890920681906,0.71974564,-2.3776777,2.9451666,-4.603098,1.0965886,-3.343768,48.417194,0.0050434573
figure_eight_depth,nmpc,35.4,-0.5393614,0.4526013,-0.35989097,-0.0006152715,-0.002135132,2.6869762,0.101640165,0.0039137388,-0.003942471,-0.0014361627,0.008934338,0.15455082,-0.5358267949789961,0.4524135262330095,-0.35992657858076416,0.0,0.0,2.6745253961747486,-0.08841781343760236,0.04458750282174129,-0.003651985036434713,0.0,0.0,0.0,0.0035397863127273133,0.19436171067429042,0.012450798206965263,-2.1622316939645456,0.9819976,-2.532321,3.0863247,-4.636647,1.1514598,-3.2887998,50.542927,0.005264888
figure_eight_depth,nmpc,35.5,-0.5486454,0.45661363,-0.36026222,-0.00082106324,-0.0012751226,2.7030053,0.101020314,0.0047220583,-0.003925391,-0.0017156727,0.008501468,0.16029692,-0.5446390350150268,0.4567727288213003,-0.3602950662829517,0.0,0.0,2.690034832641517,-0.08782537634055565,0.042593361349568815,-0.00371775216673198,0.0,0.0,0.0,0.004009634520786697,0.19260574600055544,0.012970481231774134,-2.178779379392957,1.2924992,-2.6905355,3.2389755,-4.637011,1.218541,-3.220805,52.76079,0.0054959157
figure_eight_depth,nmpc,35.6,-0.55786794,0.46040174,-0.36064118,-0.0010093654,-0.0004956614,2.719623,0.09957856,0.0048720054,-0.0039125746,-0.001671125,0.007658167,0.1661843,-0.5533915492433439,0.4609315757942502,-0.3606701256169832,0.0,0.0,2.7061304558823918,-0.08722330820148949,0.04058053702157838,-0.003783417373004472,0.0,0.0,0.0,0.004507734690009443,0.19018426235815722,0.013492632954278161,-2.1956317023423573,1.6354843,-2.8537478,3.4016593,-4.619922,1.2939767,-3.1437833,55.2914,0.0057595205
figure_eight_depth,nmpc,35.7,-0.566973,0.4639795,-0.3610274,-0.001163882,0.00017991911,2.7368443,0.097715,0.0046548387,-0.0039057666,-0.0014598068,0.006581977,0.17221849,-0.5620833778521306,0.4648882429441257,-0.3610517463004175,0.0,0.0,2.7228301299530226,-0.08661167504370182,0.03854991272872477,-0.0038489788549422865,0.0,0.0,0.0,0.004973379648829991,0.18741718597817367,0.014014171270732234,-2.2130135970887004,1.9987421,-3.022604,3.5736914,-4.5975523,1.3741549,-3.0615098,58.30101,0.006073022
figure_eight_depth,nmpc,35.800000000000004,-0.57593656,0.4673567,-0.36142027,-0.0012791188,0.00073981035,2.7546835,0.095693,0.0042588846,-0.003906769,-0.0011844645,0.00539128,0.17839943,-0.5707135676844319,0.4686409947459459,-0.36143991787093077,0.0,0.0,2.7401515653580013,-0.08599054393981787,0.0365023791701613,-0.003914434815177614,0.0,0.0,0.0,0.005378603399563131,0.1845225000299803,0.014531929209869789,-2.230446856702259,2.373565,-3.197298,3.754836,-4.5785685,1.4560161,-2.9772048,61.902344,0.0064481595
figure_eight_depth,nmpc,35.9,-0.5847526,0.47053888,-0.3618194,-0.0013562822,0.0011792422,2.7731555,0.09365378,0.0038008543,-0.0039169486,-0.0009082889,0.0041580386,0.18472312,-0.5792811723426785,0.4721881851187404,-0.3618346296866034,0.0,0.0,2.7581121618476736,-0.08535998300368552,0.03443883446160867,-0.003979783459229225,0.0,0.0,0.0,0.005714644052962814,0.18161667948347782,0.015043288973249247,-2.2479488664335565,2.7533348,-3.3783045,3.9444127,-4.5693817,1.5371463,-2.8934312,66.1662,0.0068923123
figure_eight_depth,nmpc,36.0,-0.5934242,0.47352752,-0.36222437,-0.0014006321,0.0014979683,2.792273,0.09166496,0.0033561569,-0.003937147,-0.0006689447,0.0029279685,0.19118209,-0.587785252292473,0.4755282581475767,-0.36223587092621157,0.0,0.0,2.776728827303971,-0.08472006138349197,0.03236018374208616,-0.004045022995474712,0.0,0.0,0.0,0.0059833790183459286,0.17875380234263472,0.01554421728221067,-2.265535407850749,3.1343834,-3.5651019,4.1426873,-4.5734057,1.6156982,-2.81214,71.13082,0.0074094604
figure_eight_depth,nmpc,36.1,-0.60195726,0.4763219,-0.362635,-0.0014189874,0.0016984703,2.8120494,0.08974736,0.0029544788,-0.0039677625,-0.00047979612,0.0017280241,0.19776589,-0.5962248749656155,0.47865974876603345,-0.362643630589524,0.0,0.0,2.7960177711102707,-0.0840708492539366,0.030267338776507335,-0.00411015163542805,0.0,0.0,0.0,0.006190786727544534,0.17595108155394903,0.016031617775227325,-2.2832262587868595,3.5146103,-3.7567878,4.350031,-4.592208,1.6903322,-2.7347445,76.81313,0.008001368
figure_eight_depth,nmpc,36.2,-0.6103613,0.47892058,-0.36305118,-0.0014187391,0.0017856671,2.8324955,0.08793434,0.0026134138,-0.004008838,-0.00034478732,0.0005818413,0.20446129,-0.6045991148623747,0.481581283398829,-0.36305789749760353,0.0,0.0,2.8159942706893837,-0.0834124178082929,0.028161217555722207,-0.004175167593434281,0.0,0.0,0.0,0.006346803761664388,0.1732409550710255,0.01650118028412706,-2.301041855095973,3.8928564,-3.95229,4.5667925,-4.626226,1.7601367,-2.662215,83.21796,0.008668537
figure_eight_depth,nmpc,36.300000000000004,-0.61864775,0.48132175,-0.36347294,-0.0014070765,0.0017660557,2.853621,0.086249776,0.0023394637,-0.0040600444,-0.00026060175,-0.000495827,0.21125242,-0.6129070536529766,0.4842915805643156,-0.36347866029311365,0.0,0.0,2.8366724103667766,-0.082744839251081,0.02604274389411687,-0.004240069087141363,0.0,0.0,0.0,0.006463401325828612,0.1706489318688614,0.016948595645186245,-2.318996419946699,4.2689915,-4.1495876,4.7939563,-4.6745524,1.8245535,-2.5951443,90.34059,0.009410478
figure_eight_depth,nmpc,36.4,-0.62682676,0.4835233,-0.36390024,-0.0013903704,0.0016462506,2.8754332,0.08468172,0.002125869,-0.0041207834,-0.00021815648,-0.0015049648,0.21812043,-0.62114778027831,0.48678945143658003,-0.3639059074406297,0.0,0.0,2.858064792344242,-0.08206818678979655,0.023912847024437633,-0.004304854337222608,0.0,0.0,0.0,0.006551226104487862,0.1681672903787647,0.017368414213985606,-2.3370995377089625,4.6431255,-4.34693,5.0320077,-4.7358127,1.883356,-2.5337634,98.17042,0.010226087
figure_eight_depth,nmpc,36.5,-0.63490516,0.485523,-0.36433327,-0.0013740045,0.001432553,2.8979378,0.08320606,0.0019616904,-0.004190374,-0.00020682465,-0.0024498724,0.22504376,-0.6293203910498373,0.48907380036690284,-0.36433962722695534,0.0,0.0,2.8801822204047767,-0.08138253462708356,0.02177246118972853,-0.004369521567543222,0.0,0.0,0.0,0.006618003116411198,0.16577666726190435,0.017755554253426453,-2.355360779136913,5.014998,-4.543056,5.280594,-4.808652,1.936646,-2.4779954,106.688416,0.011113376
figure_eight_depth,nmpc,36.6,-0.64288855,0.4873198,-0.36477205,-0.0013621835,0.0011312532,2.921138,0.08181706,0.0018282954,-0.00426802,-0.00021414456,-0.0033317667,0.2319978,-0.6374239897486896,0.4911436253643443,-0.3647798077614436,0.0,0.0,2.903033357980804,-0.08068795795224126,0.01962252523390884,-0.004434069005188057,0.0,0.0,0.0,0.006669564926658791,0.16347643034198606,0.018104690191193207,-2.3737833539940247,5.3842793,-4.737074,5.5386477,-4.8914423,1.9848301,-2.4274254,115.865105,0.012069281
figure_eight_depth,nmpc,36.7,-0.6507795,0.48891264,-0.36521667,-0.0013584462,0.00074801006,2.9450343,0.080487795,0.0017184871,-0.0043529333,-0.00023295317,-0.004157936,0.23895516,-0.6454576877239507,0.4929980185352525,-0.36522643697632273,0.0,0.0,2.9266243635169458,-0.0799845329337856,0.017463982190046856,-0.0044984948806281455,0.0,0.0,0.0,0.0067090931196983495,0.16124301501585653,0.018409902001242706,-2.3923675194999623,5.7506332,-4.9284196,5.804478,-4.9822645,2.0285912,-2.3813667,125.66012,0.013089594
figure_eight_depth,nmpc,36.800000000000004,-0.6585783,0.49030018,-0.36566725,-0.0013658179,0.0002880881,2.9696233,0.07919938,0.0016284701,-0.004444377,-0.00025764623,-0.0049332464,0.24588554,-0.6534206039901054,0.4946361664814941,-0.3656795026270271,0.0,0.0,2.95095850751797,-0.07927233670956824,0.015297778866357747,-0.004562797427554166,0.0,0.0,0.0,0.006738139852624434,0.1590602068178932,0.018664819737279185,-2.4113604052235633,6.1137934,-5.116732,6.0758886,-5.078827,2.0688188,-2.3389294,136.02094,0.014168845
figure_eight_depth,nmpc,36.9,-0.6662871,0.49148035,-0.36612388,-0.0013873193,-0.00024275502,2.9948997,0.07797227,0.0015700856,-0.0045416243,-0.00028783173,-0.0056536556,0.25275627,-0.6613118653236514,0.4960573506572389,-0.3661389922925331,0.0,0.0,2.976035777370242,-0.07855144738067033,0.013124865431285437,-0.004626974883070734,0.0,0.0,0.0,0.006760352001332325,0.156949655924859,0.018863972385617434,-2.430870505275367,6.4734282,-5.301644,6.3502727,-5.178488,2.1064873,-2.2991316,146.87871,0.015299864
figure_eight_depth,nmpc,37.0,-0.67390716,0.4924498,-0.36658663,-0.0014257893,-0.0008391217,3.0208538,0.076797485,0.0015541862,-0.0046439683,-0.00032169666,-0.006323726,0.2595317,-0.6691306063588579,0.49726094768413664,-0.3666048933756995,0.0,0.0,3.0018524778619025,-0.07782194400002274,0.010946194996391823,-0.004691025487724154,0.0,0.0,0.0,0.006779604826863803,0.1549044220678875,0.019001279996373906,-2.4505995132969156,6.8292055,-5.4827714,6.624728,-5.278294,2.1425726,-2.2609873,158.14893,0.016473847
figure_eight_depth,nmpc,37.1,-0.6814389,0.49320272,-0.36705557,-0.0014841356,-0.0014958137,3.0474722,0.07567245,0.0016041318,-0.0047507626,-0.00036010204,-0.0069464357,0.2661738,-0.6768759696826606,0.49824642962475213,-0.36707719310361275,0.0,0.0,3.0284008372792193,-0.07708390656635533,0.008762723198579847,-0.004754947485585692,0.0,0.0,0.0,0.0068014745215400066,0.15292399815528404,0.019071401261430143,-2.4705325793655577,7.1805854,-5.6595297,6.896202,-5.3751464,2.1779816,-2.2235868,169.72882,0.017680084
figure_eight_depth,nmpc,37.2,-0.6888809,0.49373448,-0.36753082,-0.0015639041,-0.0022081,3.0747375,0.07458336,0.001707239,-0.0048613967,-0.00038984718,-0.007527506,0.27264175,-0.6845471059286887,0.49901336421413583,-0.36755587852793714,0.0,0.0,3.0556686308613505,-0.07633741601376087,0.0065754077808455325,-0.0048187391241405475,0.0,0.0,0.0,0.006830022355616147,0.15099927561750282,0.019068917966774457,-2.4906559693511285,7.526564,-5.831028,7.1616864,-5.4661503,2.213495,-2.1861548,181.49744,0.018905982
figure_eight_depth,nmpc,37.300000000000004,-0.6962317,0.4940437,-0.3680124,-0.001664824,-0.0029711425,3.102628,0.07353932,0.0018331126,-0.0049752803,-0.0003933467,-0.008066599,0.2788931,-0.692143173870407,0.49956141504942914,-0.36804093652527003,0.0,0.0,3.0836388352004165,-0.07558255420320181,0.0043852081719197855,-0.004882398654482145,0.0,0.0,0.0,0.0068674696791629665,0.1491437366670561,0.0189891574295884,-2.5109556055311,7.865902,-5.995875,7.418435,-5.5484076,2.2497349,-2.1480608,193.3164,0.020137126
figure_eight_depth,nmpc,37.4,-0.70349056,0.49413145,-0.36850035,-0.0017853725,-0.0037800483,3.131118,0.07255283,0.0019594699,-0.005091901,-0.000359007,-0.008563354,0.28488514,-0.6996633405133652,0.4998903417374228,-0.36853235379750127,0.0,0.0,3.1122893286214133,-0.07481940391390607,0.002193085065743672,-0.004945924331450913,0.0,0.0,0.0,0.0069147290968279455,0.1473724913556152,0.01882873053691192,-2.5128297299621782,8.196905,-6.152338,7.6638365,-5.6192684,2.2871647,-2.1088414,205.02942,0.02135723
figure_eight_depth,nmpc,37.5,-0.71065664,0.49400043,-0.3689947,-0.0019232298,-0.0046302537,-3.123008,0.071623646,0.0020700411,-0.005210821,-0.00028012085,-0.009020854,0.29057488,-0.7071067811865475,0.5000000000000001,-0.3690301168721783,0.0,0.0,-3.1415926535886687,-0.07404804883370808,-8.326672684688674e-14,-0.005009314413412236,0.0,0.0,0.0,0.006971194547007922,0.14568654114307458,0.018584640817062237,-2.503834860869734,8.517624,-6.298465,7.8954635,-5.676304,2.3260984,-2.0681815,216.46747,0.022548696
figure_eight_depth,nmpc,37.6,-0.7177291,0.49365395,-0.36949554,-0.0020758663,-0.0055175,-3.0934138,0.07075264,0.0021601042,-0.0053316937,-0.00015609042,-0.009441602,0.29592013,-0.7144726796328031,0.49989034173742275,-0.36953421210287485,0.0,0.0,-3.1116694496972546,-0.07326857355066663,-0.0021930850657714274,-0.005072567162450747,0.0,0.0,0.0,0.0070354998541301,0.14408722439664812,0.018255619893787767,-2.494465878627534,8.826128,-6.432066,8.111117,-5.7170544,2.366748,-2.0258749,227.4526,0.02369298
figure_eight_depth,nmpc,37.7,-0.72470844,0.49309528,-0.3700028,-0.002240804,-0.0064376052,-3.0633235,0.069952756,0.0022301541,-0.0054542115,1.0854238e-05,-0.009825657,0.30087984,-0.721760228098362,0.49956141504942914,-0.37004462566956553,0.0,0.0,-3.081164879691127,-0.07248106354285078,-0.00438520817189203,-0.005135680844536861,0.0,0.0,0.0,0.00710665946787413,0.1425877185348743,0.01784138191891005,-2.4847439384243484,9.120687,-6.550886,8.308817,-5.7390156,2.40924,-1.9817884,237.8057,0.024771428
figure_eight_depth,nmpc,37.800000000000004,-0.73159546,0.49232706,-0.37051657,-0.0024158042,-0.0073868437,-3.0327792,0.06922558,0.0022861327,-0.005578142,0.00021630859,-0.010176785,0.30541497,-0.7289686274214117,0.49901336421413583,-0.3705613435790047,0.0,0.0,-3.0501229733304673,-0.0716856051694581,-0.006575407780901044,-0.00519865372927697,0.0,0.0,0.0,0.007183929510741634,0.14119005940715923,0.017343756564109913,-2.4746901727997397,9.399454,-6.6526914,8.486743,-5.739979,2.4535992,-1.9359019,247.34805,0.02576542
figure_eight_depth,nmpc,37.9,-0.7383896,0.49135244,-0.3710368,-0.0025985306,-0.008362283,-3.001827,0.068557695,0.0023242352,-0.005703305,0.00045910364,-0.010502086,0.3094888,-0.736097087119734,0.49824642962475224,-0.37108435166510967,0.0,0.0,-3.0185931142682376,-0.07088228566182186,-0.008762723198635358,-0.005261484090385293,0.0,0.0,0.0,0.0072653310991206985,0.13988074897550143,0.016766112696582347,-2.4643285839290696,9.660504,-6.7354836,8.6431675,-5.718145,2.4997656,-1.888263,255.90799,0.02665708
figure_eight_depth,nmpc,38.0,-0.74509,0.49017486,-0.37156352,-0.0027866508,-0.009361446,-2.9705164,0.06794487,0.0023417685,-0.005829627,0.00073704857,-0.01080518,0.3130681,-0.743144825477394,0.4972609476841367,-0.37161363558934973,0.0,0.0,-2.9866297494408407,-0.07007119311269738,-0.010946194996391823,-0.005324170205184275,0.0,0.0,0.0,0.00734839352554171,0.13865518010918348,0.016113306188277218,-2.4536871555037134,9.902054,-6.7974625,8.776608,-5.672015,2.547628,-1.8389771,263.329,0.027430108
figure_eight_depth,nmpc,38.1,-0.75169724,0.48879728,-0.37209678,-0.0029781105,-0.010381874,-2.9388995,0.06740006,0.0023430043,-0.0059570763,0.0010451437,-0.011085255,0.31612378,-0.7501110696304595,0.49605735065723894,-0.3721491808411387,0.0,0.0,-2.9542919680564155,-0.06925241646765778,-0.013124865431229926,-0.005386710355187452,0.0,0.0,0.0,0.007431511031098929,0.1375262876674998,0.015392450997089302,-2.442793884562832,10.122499,-6.837091,8.885802,-5.6003914,2.5970478,-1.7881783,269.4749,0.028070303
figure_eight_depth,nmpc,38.2,-0.75821155,0.48722258,-0.37263653,-0.0031710044,-0.011421537,-2.9070315,0.066919826,0.0023288804,-0.0060856445,0.0013795048,-0.011345595,0.31863123,-0.7569950556517563,0.49463616648149417,-0.3726909727382328,0.0,0.0,-2.921642952867449,-0.06842604551471343,-0.015297778866329992,-0.005449102825821894,0.0,0.0,0.0,0.00751292644353246,0.13649032650396475,0.014611416765153873,-2.4316823642336605,10.320727,-6.853013,8.969968,-5.5022507,2.6478627,-1.736015,274.24118,0.028566794
figure_eight_depth,nmpc,38.300000000000004,-0.7646362,0.48545226,-0.37318274,-0.0033637749,-0.012478048,-2.8749688,0.06653491,0.0023062343,-0.0062153456,0.0017342711,-0.011581703,0.32057127,-0.7637960286346421,0.4929980185352525,-0.37323899642713376,0.0,0.0,-2.888749312538939,-0.0675921708748195,-0.017463982190046856,-0.005511345906511478,0.0,0.0,0.0,0.0075925942006418124,0.13557813243812505,0.013780545372801267,-2.420382713130602,10.49607,-6.844097,9.028699,-5.376722,2.699908,-1.682643,277.5565,0.028912134
figure_eight_depth,nmpc,38.400000000000006,-0.7709734,0.48348755,-0.37373543,-0.0035550017,-0.013549776,-2.8427696,0.06623534,0.0022772623,-0.0063462164,0.0021054696,-0.011800237,0.3219299,-0.7705132427757894,0.4911436253643443,-0.3737932368834951,0.0,0.0,-2.855680310006781,-0.06675088399171747,-0.019622525233881083,-0.005573437890898925,0.0,0.0,0.0,0.007670111903702492,0.1347795754267527,0.012910687204046757,-2.408922416205789,10.647966,-6.809743,9.061801,-5.2235727,2.7529998,-1.6282401,279.38388,0.029102491
figure_eight_depth,nmpc,38.5,-0.7772229,0.4813307,-0.37429458,-0.0037431866,-0.014636091,-2.8104925,0.06599283,0.0022376475,-0.0064783646,0.0024914676,-0.012010421,0.32269886,-0.7771459614569706,0.4890738003669029,-0.3743536789125348,0.0,0.0,-2.822507007400937,-0.06590227712194308,-0.02177246118972853,-0.0056353770766515154,0.0,0.0,0.0,0.007743715082617655,0.1340653415610435,0.01201449183697223,-2.3973308112244878,10.776012,-6.7497683,9.069339,-5.0430894,2.8069203,-1.5730096,279.72064,0.029137567
figure_eight_depth,nmpc,38.6,-0.78338325,0.47898453,-0.37486023,-0.003926884,-0.015736753,-2.7781973,0.065795034,0.0021854534,-0.006611975,0.0028896364,-0.012215295,0.32287553,-0.7836934573258396,0.48678945143658015,-0.37492030714945157,0.0,0.0,-2.7893013528984243,-0.06504644332483434,-0.02391284702446539,-0.00569716176571089,0.0,0.0,0.0,0.007811309921083183,0.13342207614433343,0.011104064385240696,-2.3856394980718383,10.880045,-6.664551,9.051633,-4.8361325,2.8614535,-1.5171511,278.60156,0.029020987
figure_eight_depth,nmpc,38.7,-0.78945434,0.47645053,-0.37543237,-0.004105175,-0.01685121,-2.7459424,0.0656548,0.002132043,-0.0067472286,0.0032927678,-0.01241092,0.32246357,-0.7901550123756904,0.4842915805643156,-0.3754931060598461,0.0,0.0,-2.7561352382280493,-0.06418347645215094,-0.026042743894172382,-0.005758790264209779,0.0,0.0,0.0,0.00787252571216455,0.13286374030778872,0.010192884025778781,-2.373881402279512,10.960576,-6.5546823,9.009442,-4.603542,2.9164188,-1.4608322,276.10025,0.028760448
figure_eight_depth,nmpc,38.800000000000004,-0.7954377,0.4737297,-0.37601104,-0.0042770836,-0.017978553,-2.7137856,0.06559113,0.0020743841,-0.006884279,0.0036994405,-0.01259324,0.3214718,-0.7965299180241965,0.481581283398829,-0.3760720599401468,0.0,0.0,-2.7230795573741386,-0.06331347113808228,-0.028161217555666695,-0.005820260882527517,0.0,0.0,0.0,0.007927423376841332,0.1324073981431345,0.009293909028191383,-2.3620885475183595,11.018476,-6.42092,8.944044,-4.34648,2.9716296,-1.4042335,272.3253,0.028367214
figure_eight_depth,nmpc,38.900000000000006,-0.801336,0.47082254,-0.37659615,-0.0044416725,-0.019117901,-2.681784,0.06561271,0.0020109026,-0.007023252,0.0041072583,-0.012761901,0.3199145,-0.8028174751911148,0.47865974876603345,-0.3766571529180406,0.0,0.0,-2.69020329689565,-0.0624365227883672,-0.03026733877647958,-0.005881571935484331,0.0,0.0,0.0,0.007976234312801075,0.1320598143961053,0.008419382329610148,-2.35029150971073,11.055044,-6.264296,8.857082,-4.066325,3.0269184,-1.347503,267.41632,0.027855866
figure_eight_depth,nmpc,39.0,-0.80715215,0.46772942,-0.37718767,-0.0045980574,-0.020268587,-2.6499915,0.065722026,0.00193958,-0.007164307,0.0045138076,-0.012918589,0.31781104,-0.8090169943749473,0.4755282581475768,-0.37724836895290803,0.0,0.0,-2.6575726864299996,-0.06155272757035757,-0.03236018374211391,-0.005942721742174806,0.0,0.0,0.0,0.008018927984853284,0.1318212006441882,0.007581174131415569,-2.3385167382051035,11.071759,-6.0862474,8.750314,-3.764793,3.0821552,-1.2907606,261.5337,0.027243093
figure_eight_depth,nmpc,39.1,-0.81288713,0.46445137,-0.37778556,-0.004745524,-0.021430671,-2.618461,0.06589687,0.0018611255,-0.0073076272,0.0049157217,-0.013070215,0.3151854,-0.8151277957285543,0.4721881851187405,-0.3778456918362628,0.0,0.0,-2.625250434365293,-0.060662182402138054,-0.03443883446160867,-0.006003708626162174,0.0,0.0,0.0,0.008054964692682378,0.13166844994777321,0.006789540734311483,-2.3267901681903096,11.070313,-5.8884993,8.6257105,-3.4438858,3.1372194,-1.2341132,254.85468,0.026547363
figure_eight_depth,nmpc,39.2,-0.81854117,0.46098968,-0.37838987,-0.0048834975,-0.022604458,-2.5872412,0.0661287,0.0017752396,-0.007453429,0.0053103375,-0.013218933,0.31206566,-0.8211492091337043,0.4686409947459456,-0.3784491051921963,0.0,0.0,-2.5932950688631524,-0.059764984941979016,-0.0365023791701613,-0.0060645309154228055,0.0,0.0,0.0,0.008083807272908096,0.13159150918354745,0.006053896072625076,-2.315139392408806,11.0546665,-5.6731906,8.485269,-3.1037824,3.1922362,-1.1774764,247.60081,0.02579175
figure_eight_depth,nmpc,39.300000000000004,-0.8241158,0.4573426,-0.37900048,-0.0050118733,-0.023789974,-2.5563788,0.066440545,0.0017016926,-0.007601717,0.0056919265,-0.013361796,0.30848375,-0.8270805742745616,0.46488824294412584,-0.3790585924778266,0.0,0.0,-2.5617603986612703,-0.058861233577789385,-0.03854991272869701,-0.006125186942512739,0.0,0.0,0.0,0.008107403542058054,0.13161651716934394,0.00538155726112377,-2.3035865044923365,11.029139,-5.4429135,8.330933,-2.744696,3.2471,-1.1209948,240.0053,0.025000552
figure_eight_depth,nmpc,39.400000000000006,-0.8296113,0.45350558,-0.37961733,-0.005130708,-0.024987621,-2.5259163,0.06683969,0.0016680696,-0.0077523086,0.006057991,-0.013502627,0.304475,-0.8329212407100994,0.46093157579425026,-0.3796741369837519,0.0,0.0,-2.530695101941046,-0.05795102741595892,-0.04058053702149511,-0.006185675044456662,0.0,0.0,0.0,0.008130461412239871,0.13175781434274558,0.0047787639741270205,-2.292154644083969,10.996481,-5.200137,8.164879,-2.3685226,3.3009644,-1.0655358,232.27089,0.024194887
figure_eight_depth,nmpc,39.5,-0.8350301,0.4494702,-0.3802401,-0.005239394,-0.026197419,-2.4958925,0.06736587,0.0016909232,-0.007904946,0.0064145657,-0.0136377495,0.30007708,-0.8386705679454236,0.45677272882130077,-0.38029572183450855,0.0,0.0,-2.5001424455529424,-0.057034466270977635,-0.04259336134959657,-0.006245993563080976,0.0,0.0,0.0,0.008159858709820942,0.13205791766667568,0.004249920833704124,-2.280857183669957,10.957444,-4.947163,7.989377,-1.9790823,3.3521287,-1.0127903,224.54942,0.023390563
figure_eight_depth,nmpc,39.6,-0.8403717,0.4452286,-0.38086858,-0.005336059,-0.027420258,-2.4663427,0.06799865,0.0017750672,-0.0080594765,0.0067737675,-0.013775926,0.29532903,-0.8443279255020147,0.45241352623301,-0.38092332998903405,0.0,0.0,-2.4701401312640896,-0.05611165065405599,-0.044587502821630265,-0.006306140844597463,0.0,0.0,0.0,0.008202290434015115,0.1324987857996664,0.0037974436572780768,-2.2697070416654714,10.911133,-4.685821,7.806957,-1.581631,3.3981078,-0.96523476,216.93867,0.02259778
figure_eight_depth,nmpc,39.7,-0.8456358,0.4407725,-0.38150242,-0.005417382,-0.02865678,-2.4372978,0.068743594,0.0019206991,-0.008215865,0.007149976,-0.013914313,0.29027036,-0.8498926929868638,0.44785588011970656,-0.3815569442411336,0.0,0.0,-2.440720261007903,-0.055182681762300234,-0.04656208674128082,-0.006366115240075132,0.0,0.0,0.0,0.008264295132977365,0.13308540086594678,0.003422439962981194,-2.2587110404618116,10.853018,-4.417492,7.6200895,-1.1845496,3.4355884,-0.92610955,209.4321,0.021815844
figure_eight_depth,nmpc,39.800000000000004,-0.85082096,0.43610063,-0.38214135,-0.0054772077,-0.029907892,-2.4087849,0.06955309,0.0020746414,-0.008374496,0.007571466,-0.014054934,0.2849387,-0.8553642601605066,0.4431017896156074,-0.3821965472199526,0.0,0.0,-2.411909409377428,-0.054247661467665687,-0.04851624699081514,-0.0064259151053014385,0.0,0.0,0.0,0.008346307214058438,0.13375298705946118,0.003124543044420225,-2.247871683926303,10.773684,-4.14364,7.4305243,-0.80046535,3.4607532,-0.8990689,201.88057,0.021029228
figure_eight_depth,nmpc,39.900000000000006,-0.8559242,0.43122604,-0.3827855,-0.00550643,-0.031174708,-2.3808281,0.07031729,0.0021405553,-0.008536539,0.008067808,-0.014198532,0.279369,-0.8607420270039438,0.4381533400219317,-0.38284212139045215,0.0,0.0,-2.383728788998361,-0.05330669230557694,-0.05044912641094523,-0.006485538800782287,0.0,0.0,0.0,0.008438138778303104,0.13436059840651504,0.0029006468322232415,-2.2371866230487183,10.662654,-3.866366,7.2389836,-0.44268042,3.4703097,-0.88725406,194.07008,0.020215632
figure_eight_depth,nmpc,40.0,-0.86093897,0.42618504,-0.38343573,-0.0054933466,-0.032458782,-2.353448,0.07084136,0.0019851138,-0.008703909,0.008665134,-0.014347467,0.27359372,-0.8660254037844384,0.4330127018922196,-0.3834936490538903,0.0,0.0,-2.356194492933718,-0.05235987746399218,-0.05235987717691626,-0.006544984691991829,0.0,0.0,0.0,0.008514231954215343,0.13467213224262636,0.0027465788101830313,-2.2266574178426723,10.508319,-3.5892963,7.044478,-0.12544057,3.46187,-0.8928968,185.73003,0.019346876
figure_eight_depth,nmpc,40.1,-0.8658576,0.4210436,-0.3840939,-0.005423922,-0.033760954,-2.326662,0.0708886,0.0014288905,-0.008879241,0.009387121,-0.0144922,0.2676431,-0.8712138111201894,0.42768213008025346,-0.384151112348307,0.0,0.0,-2.3293177977696113,-0.05140732077202337,-0.05424766117043123,-0.006604251149122664,0.0,0.0,0.0,0.0085300807452403,0.13439250918634535,0.00265573417097853,-2.21632117955234,10.299565,-3.31757,6.844797,0.13721365,3.4341645,-0.91710657,176.59196,0.018394995
figure_eight_depth,nmpc,40.2,-0.8706823,0.4158537,-0.3847618,-0.0052918606,-0.035071313,-2.3004844,0.070593506,0.00053914974,-0.009064308,0.010156758,-0.014522441,0.26155227,-0.8763066800438636,0.42216396275100754,-0.38481449324901407,0.0,0.0,-2.303105511402119,-0.05044912668761281,-0.05611165034638543,-0.006663336547307885,0.0,0.0,0.0,0.008453149631965187,0.13366524143436667,0.0026210925331002777,-2.206219292768988,10.029574,-3.0565827,6.6377916,0.33521524,3.387291,-0.959675,166.50241,0.017344002
figure_eight_depth,nmpc,40.300000000000004,-0.8754234,0.41063368,-0.38544056,-0.0051020607,-0.036367524,-2.2749257,0.07023384,-0.00049151445,-0.009258469,0.010859962,-0.014313595,0.25535852,-0.8813034520649924,0.4164606203550496,-0.38548377356908886,0.0,0.0,-2.277560350575492,-0.049485400288096226,-0.05795102709824085,-0.006722239266815366,0.0,0.0,0.0,0.008278309497836207,0.13281838643296223,0.0026346418047400455,-2.1963756080776897,9.69806,-2.8109543,6.4223723,0.46474767,3.3227773,-1.0190855,155.49606,0.016197508
figure_eight_depth,nmpc,40.400000000000006,-0.88009393,0.4053725,-0.38613036,-0.004867782,-0.037618935,-2.2499926,0.07003753,-0.0014899728,-0.009458647,0.011408343,-0.013785229,0.24909912,-0.886203579231215,0.41057460456685174,-0.38615893495987336,0.0,0.0,-2.252681334730263,-0.048516247256880085,-0.05976498461429669,-0.0067809576927702064,0.0,0.0,0.0,0.00802436859603173,0.13212927327314347,0.002688725706215145,-2.1867955618532946,9.311445,-2.5839534,6.1988215,0.5286835,3.243387,-1.0927031,143.79828,0.014978989
figure_eight_depth,nmpc,40.5,-0.8847038,0.40003198,-0.38683054,-0.004608634,-0.03879039,-2.2256882,0.0701981,-0.00227423,-0.009659927,0.011732385,-0.012896655,0.24281222,-0.8910065241883678,0.40450849718747384,-0.38683995891147693,0.0,0.0,-2.2284641844984177,-0.04754177387233938,-0.061552727232877524,-0.006839490215293509,0.0,0.0,0.0,0.007730679381913661,0.1318505674968891,0.0027759654279830848,-2.177477421201269,8.882458,-2.376691,5.9693465,0.53643316,3.152791,-1.1771096,131.79324,0.013728463
figure_eight_depth,nmpc,40.6,-0.88926166,0.3945388,-0.38753885,-0.0043486482,-0.039843336,-2.2020116,0.07099957,-0.002646172,-0.009856055,0.011781758,-0.0116196545,0.23653577,-0.8957117602394129,0.3982649590120981,-0.387526826753284,0.0,0.0,-2.2049017151559154,-0.04656208699660436,-0.06331347079091554,-0.006897835229724425,0.0,0.0,0.0,0.007449042561192967,0.13232541498329314,0.002890129920319673,-2.16839317517827,8.428333,-2.1875694,5.738127,0.50264853,3.0550804,-1.2685233,119.943695,0.012494133
figure_eight_depth,nmpc,40.7,-0.89377177,0.3888116,-0.3882522,-0.004108533,-0.040744327,-2.178959,0.07250981,-0.0025691567,-0.010041196,0.01158368,-0.010011523,0.23030242,-0.9003187714021936,0.3918467286629197,-0.3882195196544657,0.0,0.0,-2.181984217217816,-0.045577294063348095,-0.06504644296811968,-0.006955991136536888,0.0,0.0,0.0,0.0072163982423386975,0.13363193484958383,0.0030253243955504776,-2.1594797576993865,7.965492,-2.0141766,5.5092945,0.44203174,2.9541757,-1.3633034,108.639435,0.011316608
figure_eight_depth,nmpc,40.800000000000004,-0.8982272,0.38281512,-0.38896894,-0.0038967282,-0.04147699,-2.1565235,0.07431565,-0.0022624624,-0.010212284,0.011256747,-0.008247579,0.22413775,-0.9048270524660194,0.38525662138789485,-0.38891801862449615,0.0,0.0,-2.15969981825065,-0.04458750306612913,-0.06675088362567694,-0.007013956341367367,0.0,0.0,0.0,0.007037141948471734,0.13530316372589343,0.0031763521404206685,-2.1506980211620785,7.5061593,-1.8547713,5.285619,0.36577898,2.8534362,-1.4582901,98.12287,0.010221132
figure_eight_depth,nmpc,40.900000000000006,-0.9026165,0.37654257,-0.3896883,-0.0037143514,-0.042035718,-2.1346955,0.07616978,-0.0018608329,-0.010368212,0.010874661,-0.0064370497,0.21806626,-0.9092361090470685,0.3784975278258783,-0.3896223045136734,0.0,0.0,-2.138034821617691,-0.043592822546734133,-0.06842604513954131,-0.007071729255014869,0.0,0.0,0.0,0.006902567410517563,0.1370579278231721,0.003339291679946843,-2.142029884565065,7.058325,-1.7083426,5.068582,0.28140882,2.7554662,-1.551047,88.50644,0.009219421
figure_eight_depth,nmpc,41.0,-0.9069293,0.36999968,-0.39041,-0.0035586099,-0.042420644,-2.1134644,0.07797785,-0.0014410409,-0.010508725,0.010479505,-0.0046371557,0.21210939,-0.9135454576426005,0.3715724127386976,-0.3903323580136439,0.0,0.0,-2.116974019341359,-0.04259336158313198,-0.0700711927285047,-0.007129308293635228,0.0,0.0,0.0,0.006800947139468231,0.13877656687314055,0.0035096638726090923,-2.1334657992222725,6.6265197,-1.5742735,4.8589725,0.19328186,2.6621275,-1.6398362,79.81206,0.008313756
figure_eight_depth,nmpc,41.1,-0.9111581,0.36319995,-0.3911341,-0.0034245502,-0.042635884,-2.0928164,0.079687804,-0.0010594848,-0.010633907,0.010096985,-0.0028865074,0.2062853,-0.9177546256839809,0.36448431371070616,-0.3910481596579324,0.0,0.0,-2.096500977525503,-0.04158922977742785,-0.0716856047764669,-0.0071866918786855916,0.0,0.0,0.0,0.006720962039683411,0.14038536617840497,0.003684624681264736,-2.125003191548216,6.214075,-1.4534967,4.6558175,0.10476779,2.5747325,-1.7234492,72.01452,0.0075015128
figure_eight_depth,nmpc,41.2,-0.9152975,0.35615847,-0.39186078,-0.003306764,-0.042687755,-2.072737,0.081293106,-0.00073323166,-0.010743801,0.009736332,-0.0012057137,0.20060934,-0.9218631515885004,0.3572363398164019,-0.39176968982247506,0.0,0.0,-2.076598293795815,-0.040580537244039316,-0.07326857314893243,-0.007243878436952178,0.0,0.0,0.0,0.006654155421326876,0.141868989411279,0.0038613152649311644,-2.1166389737991285,5.8220234,-1.345802,4.459012,0.017215744,2.4939623,-1.8011987,65.05439,0.0067764986
figure_eight_depth,nmpc,41.300000000000004,-0.91934246,0.34889233,-0.39259025,-0.0032002681,-0.04258463,-2.05321,0.08277297,-0.00046458867,-0.010838549,0.009398039,0.00038610803,0.19509389,-0.9258705848099947,0.34983167025668277,-0.3924969287261581,0.0,0.0,-2.057247827017996,-0.03956739459742842,-0.0748194035036509,-0.007300866400578032,0.0,0.0,0.0,0.00659602184074025,0.14320725730206427,0.004037806952688516,-2.1083708601947064,5.4509726,-1.2509873,4.2682586,-0.06826785,2.4200523,-1.8727139,58.86447,0.006131716
figure_eight_depth,nmpc,41.400000000000006,-0.92328715,0.34141934,-0.39332297,-0.0031010406,-0.042336304,-2.0342185,0.0841132,-0.00024154292,-0.010918746,0.009077235,0.0018760328,0.18974848,-0.9297764858882515,0.3422735529643442,-0.39322985643135955,0.0,0.0,-2.0384309001854275,-0.03854991294011123,-0.07633741559520679,-0.007357654207312825,0.0,0.0,0.0,0.006545975123773078,0.14439357056652083,0.004212350457033942,-2.100201345804556,5.100971,-1.1686128,4.0833707,-0.15100724,2.352998,-1.9378808,53.374264,0.0055598193
figure_eight_depth,nmpc,41.5,-0.9271279,0.3337552,-0.39405933,-0.003005597,-0.041953042,-2.0157452,0.08533803,-6.291393e-05,-0.010985413,0.00877307,0.0032602611,0.1845798,-0.9335804264972015,0.33456530317942945,-0.393968452844496,0.0,0.0,-2.020128477802963,-0.03752820385038991,-0.07782194357330852,-0.0074142403002352975,0.0,0.0,0.0,0.0065038189629322025,0.1454487211023043,0.004383314839095931,-2.0921342661415703,4.7716236,-1.0980825,3.9042978,-0.23075289,2.2925487,-1.9969074,48.514385,0.0050535817
figure_eight_depth,nmpc,41.6,-0.930863,0.32591212,-0.3947996,-0.0029111356,-0.041445162,-1.9977715,0.08648367,7.644608e-05,-0.01103955,0.008482897,0.0045390185,0.17959285,-0.9372819894918915,0.3267103019950529,-0.3947126977165739,0.0,0.0,-2.002321319407067,-0.03650237937047329,-0.07927233627522123,-0.007470623128003062,0.0,0.0,0.0,0.006468986117003644,0.14640538036197415,0.004549817865929118,-2.084168827111138,4.462218,-1.0387214,3.7310047,-0.30750456,2.2383833,-2.0500817,44.21848,0.004606092
figure_eight_depth,nmpc,41.7,-0.9344896,0.3179018,-0.39554417,-0.0028159441,-0.040823705,-1.9802791,0.087546185,0.0001943903,-0.01108197,0.008199601,0.00570577,0.17479132,-0.9408807689542255,0.3187119948743448,-0.3954625706437441,0.0,0.0,-1.9849901110349135,-0.0354725519929322,-0.08068795750978963,-0.007526801144852602,0.0,0.0,0.0,0.006442827883760486,0.1472691514984412,0.004711023014588811,-2.0763057556753273,4.1715937,-0.98993796,3.5633278,-0.38166925,2.1899722,-2.0979178,40.422386,0.0042106654
figure_eight_depth,nmpc,41.800000000000004,-0.93800515,0.309734,-0.3962933,-0.0027189718,-0.040099487,-1.9632491,0.08854211,0.00030100186,-0.011113451,0.007920047,0.006763001,0.1701773,-0.9443763702374811,0.310573890139155,-0.39621805106786145,0.0,0.0,-1.9681155765737637,-0.03443883465042985,-0.08206818633987867,-0.0075827728106825365,0.0,0.0,0.0,0.006426784358830139,0.14805898114651167,0.0048664892400844826,-2.0685444215614064,3.8983946,-0.9510071,3.401193,-0.45380273,2.146652,-2.1410418,37.06812,0.0038612625
figure_eight_depth,nmpc,41.900000000000006,-0.9414074,0.30141813,-0.3970473,-0.0026194837,-0.039283186,-1.9466628,0.08947399,0.00039901148,-0.011134739,0.0076441285,0.0077123647,0.16575152,-0.9477684100095859,0.302299557431187,-0.39697911827704846,0.0,0.0,-1.9516785709054778,-0.03340134070167755,-0.08341241735093652,-0.007638536590914846,0.0,0.0,0.0,0.006422168123384917,0.14877811184616682,0.005015787282736106,-2.060886527918463,3.642006,-0.9204881,3.245214,-0.5236941,2.1077662,-2.180064,34.112534,0.0035533886
figure_eight_depth,nmpc,42.0,-0.9446958,0.29296142,-0.39780632,-0.0025167698,-0.038384795,-1.9305012,0.09036616,0.0004839113,-0.01114664,0.007374268,0.008560867,0.16151352,-0.9510565162951535,0.2938926261462367,-0.3977457514062631,0.0,0.0,-1.935660156736326,-0.03236018391955531,-0.08472006091900242,-0.0076940909568556926,0.0,0.0,0.0,0.006428833455306398,0.14944361161430678,0.0051589341258524435,-2.053333020529603,3.4010491,-0.89708054,3.0958264,-0.59185606,2.0725036,-2.2157488,31.511135,0.00328241
figure_eight_depth,nmpc,42.1,-0.94787127,0.284371,-0.39857057,-0.002409942,-0.03741402,-1.9147459,0.09122352,0.0005435272,-0.011149924,0.0071144663,0.009311443,0.15746173,-0.9542403285162769,0.2853567838422158,-0.398517929437871,0.0,0.0,-1.9200416669410796,-0.031315478478510794,-0.0859905434683339,-0.007749434385362353,0.0,0.0,0.0,0.006445114231800626,0.15005170976773932,0.0052957400840849544,-2.0458864593594583,3.1740005,-0.87954915,2.9534204,-0.65896744,2.039987,-2.2489479,29.224129,0.0030441799
figure_eight_depth,nmpc,42.2,-0.95093685,0.275653,-0.3993401,-0.0022979754,-0.03637999,-1.8993782,0.09205874,0.0005644498,-0.011145264,0.0068679964,0.009970206,0.15359385,-0.9573194975320674,0.2766957746216718,-0.39929563120222133,0.0,0.0,-1.904804754119811,-0.03026733894240241,-0.08722330772323317,-0.007804565359259552,0.0,0.0,0.0,0.006467417259016034,0.1506038524277722,0.0054265736159657685,-2.0385498149773507,2.9593594,-0.8666287,2.8184106,-0.7256786,2.009277,-2.280551,27.217007,0.002835105
figure_eight_depth,nmpc,42.300000000000004,-0.95389754,0.26681426,-0.400115,-0.0021794958,-0.035291508,-1.88438,0.09286934,0.000525405,-0.011133316,0.0066399123,0.010540366,0.14990671,-0.960293685676943,0.2679133974894986,-0.4000788353782273,0.0,0.0,-1.889931428946496,-0.029215880251565185,-0.08841781295260143,-0.007859482367034154,0.0,0.0,0.0,0.006490003205278983,0.15108413332883427,0.005551445998192683,-2.031326824260226,2.7556393,-0.85713613,2.6911979,-0.7926938,1.979458,-2.3114433,25.460163,0.0026521005
figure_eight_depth,nmpc,42.400000000000006,-0.95675975,0.25786266,-0.40089545,-0.0020530638,-0.03415712,-1.8697337,0.09364595,0.00041076232,-0.011114703,0.0064321696,0.011024844,0.14639686,-0.9631625667976581,0.2590135046865652,-0.4008675204939509,0.0,0.0,-1.8754040887741354,-0.02816121771015423,-0.08957353520702704,-0.007914183903112715,0.0,0.0,0.0,0.006505480896906488,0.1514741029717585,0.00567039755862031,-2.0242201596098948,2.5612895,-0.8498032,2.5723383,-0.8608511,1.9496987,-2.3424292,23.92866,0.0024925685
figure_eight_depth,nmpc,42.5,-0.959527,0.24880373,-0.40168148,-0.0019189833,-0.032984573,-1.8554215,0.094397545,0.000256143,-0.011090022,0.0062284633,0.011431774,0.1430615,-0.9659258262890681,0.25000000000000067,-0.40166166492719113,0.0,0.0,-1.8612055378154075,-0.027103466973821266,-0.09068996754844905,-0.007968668467833728,0.0,0.0,0.0,0.006509702017709245,0.1518006381525794,0.00578399469406965,-2.017230252107021,2.3751557,-0.8433912,2.4623883,-0.93062335,1.9193327,-2.374155,22.60254,0.0023544312
figure_eight_depth,nmpc,42.6,-0.96220016,0.23964097,-0.40247315,-0.0017788766,-0.03178088,-1.8414265,0.09513443,9.4285315e-05,-0.011059809,0.0060164407,0.01176849,0.1398973,-0.968583161128631,0.24087683705085808,-0.4024612469060773,0.0,0.0,-1.8473190000757365,-0.026042744036947063,-0.09176662027279847,-0.008022934567530893,0.0,0.0,0.0,0.006501550663604391,0.1520906177176025,0.005892508338370739,-2.0103541796933433,2.1959448,-0.83733165,2.361299,-1.0026854,1.8878558,-2.4071116,21.462595,0.002235687
figure_eight_depth,nmpc,42.7,-0.9647781,0.23037787,-0.40327048,-0.0016348764,-0.03055268,-1.8277317,0.09584931,-5.7707777e-05,-0.011024576,0.005791595,0.012038498,0.1369004,-0.971134279909636,0.2316480175599311,-0.40326624450966564,0.0,0.0,-1.8337281261036162,-0.024979165219762844,-0.09280302112454897,-0.008076980714366577,0.0,0.0,0.0,0.006481820726497176,0.1523479654432105,0.005996397549844268,-2.0035886824815057,2.022587,-0.83124256,2.2688785,-1.0775337,1.8549011,-2.441651,20.49303,0.0021346905
figure_eight_depth,nmpc,42.800000000000004,-0.96725917,0.22101815,-0.4040735,-0.0014891196,-0.02930604,-1.8143208,0.09653904,-0.00019360124,-0.01098485,0.00555432,0.012247226,0.13406664,-0.9735789028731603,0.2223175895924638,-0.40407663566854,0.0,0.0,-1.8204169944944162,-0.023912847155582728,-0.09379871550409258,-0.008130805426775911,0.0,0.0,0.0,0.006451944888799836,0.15257365697525516,0.006096191805817552,-1.9969312915633208,1.8547046,-0.82442623,2.185292,-1.1550136,1.8202175,-2.4780056,19.682869,0.002050299
figure_eight_depth,nmpc,42.900000000000006,-0.9696416,0.21156457,-0.40488225,-0.0013435772,-0.02804629,-1.8011779,0.09721231,-0.00031062003,-0.010941154,0.0053065564,0.012401865,0.13139185,-0.9759167619387474,0.21288964578253616,-0.40489239816541756,0.0,0.0,-1.8073701089758707,-0.022843906778258205,-0.09475326666692763,-0.008184407228967183,0.0,0.0,0.0,0.006413521618209243,0.15277600486380594,0.006192249669535244,-1.990378060399758,1.6915734,-0.81683385,2.1101077,-1.2353681,1.7836652,-2.5163062,19.020584,0.0019813108
figure_eight_depth,nmpc,43.0,-0.97192365,0.20202003,-0.40569672,-0.001199976,-0.026778257,-1.7882873,0.097867586,-0.0004077595,-0.010893924,0.0050508673,0.012507193,0.128872,-0.9781476007338056,0.20336832153790052,-0.40571350963575725,0.0,0.0,-1.7945723917864904,-0.021772461309133018,-0.09566625591533873,-0.008237784651532465,0.0,0.0,0.0,0.006368338242438374,0.15295416655899544,0.006285109796439148,-1.983923501765489,1.5325949,-0.80855066,2.0427768,-1.3187326,1.7451953,-2.5565896,18.49645,0.0019267136
figure_eight_depth,nmpc,43.1,-0.9741029,0.19238883,-0.4065169,-0.0010597871,-0.025506517,-1.7756339,0.09849056,-0.00048411277,-0.0108435415,0.004789823,0.012565595,0.12650308,-0.9802711746217218,0.1937577932260517,-0.4065399475683734,0.0,0.0,-1.7820091739816744,-0.020698628244331108,-0.0965372827825689,-0.008290936231114543,0.0,0.0,0.0,0.006318387374435302,0.1530973204070962,0.00637524282170121,-1.9775632969198078,1.3768529,-0.8000458,1.98241,-1.405603,1.7048081,-2.5988476,18.101847,0.0018856091
figure_eight_depth,nmpc,43.2,-0.9761775,0.18267563,-0.40734285,-0.0009241013,-0.024234964,-1.7632031,0.09907826,-0.00054300285,-0.010790424,0.0045271814,0.0125838285,0.12428105,-0.9822872507286887,0.184062276342339,-0.40737168930605266,0.0,0.0,-1.7696661832065135,-0.01962252534148945,-0.09736596520616703,-0.00834386051040692,0.0,0.0,0.0,0.006265182192935643,0.1532010060027713,0.006463039133027149,-1.9712913059419117,1.223632,-0.79179287,1.9281503,-1.4963114,1.6625607,-2.6430168,17.83057,0.0018573509
figure_eight_depth,nmpc,43.300000000000004,-0.97814536,0.17288707,-0.4081746,-0.000793662,-0.022967126,-1.7509805,0.09961145,-0.0005878555,-0.010734917,0.0042662537,0.012565446,0.122202106,-0.984195607969242,0.1742860236609074,-0.4082087120461751,0.0,0.0,-1.757529529398072,-0.018544270607767643,-0.09815193969982261,-0.008396556038570147,0.0,0.0,0.0,0.00620996926099989,0.1532481440051606,0.006549032991516769,-1.9651035997792174,1.0728401,-0.7835574,1.8798617,-1.5905794,1.6185007,-2.689038,17.679241,0.0018415875
figure_eight_depth,nmpc,43.400000000000006,-0.9800056,0.16303034,-0.40901217,-0.0006687073,-0.021705896,-1.738952,0.100086495,-0.00062848686,-0.010677403,0.0040118843,0.012516878,0.12026236,-0.985996037070505,0.16443332336929117,-0.4090509928413395,0.0,0.0,-1.7455856888120678,-0.01746398228574808,-0.09889486150881088,-0.008449021370926513,0.0,0.0,0.0,0.006152636824153337,0.15322976488603066,0.0066336481397655245,-1.9589960679418912,0.92483866,-0.7748174,1.83774,-1.6877192,1.5727186,-2.7368011,17.644876,0.001838008
figure_eight_depth,nmpc,43.5,-0.98175734,0.15311283,-0.40985554,-0.00054939,-0.020453718,-1.7271043,0.10050132,-0.00066487724,-0.010618203,0.0037646398,0.012442562,0.11845833,-0.9876883405951377,0.15450849718747386,-0.4098985085999922,0.0,0.0,-1.7338214867207045,-0.016381778841279004,-0.09959440476300929,-0.008501255069126579,0.0,0.0,0.0,0.006093149514847155,0.15314435012198596,0.006717180499696163,-1.95296736371226,0.77933484,-0.765928,1.801158,-1.7877516,1.5253812,-2.7861319,17.723553,0.0018462035
figure_eight_depth,nmpc,43.6,-0.98340005,0.14313842,-0.4107047,-0.00043591126,-0.019211803,-1.7154238,0.10089046,-0.00069329195,-0.010557633,0.0035237044,0.012354992,0.116786756,-0.9892723329629883,0.14451589847223575,-0.4107512360870609,0.0,0.0,-1.722224079051941,-0.015297778950207341,-0.1002502626196583,-0.008553255701093665,0.0,0.0,0.0,0.006031860991280397,0.15302063343414704,0.00680025664898687,-1.9470125642040705,0.6358462,-0.7573894,1.7693399,-1.8908837,1.4766377,-2.8368819,17.912302,0.0018658647
figure_eight_depth,nmpc,43.7,-0.9849331,0.133111,-0.41155955,-0.00032837197,-0.017981065,-1.7038978,0.10125382,-0.00071385264,-0.010495852,0.0032896162,0.012257126,0.11524445,-0.9907478404714436,0.13445991030763257,-0.4116091519245905,0.0,0.0,-1.7107809332151918,-0.014212101485222561,-0.10086214739782329,-0.008605021841218141,0.0,0.0,0.0,0.005969378380404081,0.15285822113830724,0.006883099391034042,-1.9411266263971674,0.49394178,-0.74963224,1.7416201,-1.997311,1.426616,-2.888915,18.20948,0.001896821
figure_eight_depth,nmpc,43.800000000000004,-0.9863563,0.123034805,-0.41242,-0.00022664054,-0.016762156,-1.6925136,0.10158831,-0.0007311747,-0.01043303,0.003064218,0.012151715,0.113828324,-0.9921147013144778,0.12434494358242773,-0.4124722325923851,0.0,0.0,-1.6994798083135036,-0.013124865503144623,-0.10142979070462688,-0.008656552070301915,0.0,0.0,0.0,0.005905774220474547,0.15265149687413665,0.006966223222866441,-1.935305901039137,0.35326844,-0.74301624,1.7174067,-2.107155,1.3754419,-2.9420986,18.614246,0.0019389838
figure_eight_depth,nmpc,43.900000000000006,-0.98767,0.11291288,-0.41328597,-0.00013047385,-0.015555095,-1.6812587,0.10190596,-0.0007476432,-0.0103693595,0.0028481344,0.012045118,0.11253544,-0.9933727656003964,0.114175435055328,-0.41334045442865214,0.0,0.0,-1.688308734895815,-0.01203619023176783,-0.10195294355291179,-0.00870784497569721,0.0,0.0,0.0,0.005841104645222056,0.15240763215584327,0.007050056459535714,-1.9295462863551323,0.2137463,-0.73777,1.6962686,-2.2202928,1.3232559,-2.9962902,19.12578,0.0019922687
figure_eight_depth,nmpc,44.0,-0.9888741,0.10274699,-0.41415733,-3.9733695e-05,-0.014359404,-1.6701212,0.10221873,-0.0007593265,-0.010304973,0.0026397803,0.011942377,0.111363076,-0.9945218953682733,0.10395584540888042,-0.41421379363065136,0.0,0.0,-1.6772559943814243,-0.010946195056371621,-0.10243137647060474,-0.00875889915108452,0.0,0.0,0.0,0.005776015474536254,0.15213775619405048,0.007134801449295347,-1.9238878122346215,0.07539127,-0.7339729,1.6779684,-2.3365507,1.2701929,-3.051349,19.743568,0.0020566217
figure_eight_depth,nmpc,44.1,-0.9899688,0.09253983,-0.41503403,4.592415e-05,-0.013174711,-1.6590892,0.10251757,-0.0007710478,-0.010239971,0.0024406468,0.011842547,0.11030863,-0.99556196460308,0.09369065729286284,-0.4150922262553475,0.0,0.0,-1.6663100982769894,-0.0098549995073971,-0.10286487960118468,-0.00880971319686119,0.0,0.0,0.0,0.005710651191537079,0.15183145249113708,0.007220890627758436,-1.918313672267338,-0.061748564,-0.7317603,1.6622291,-2.4557385,1.2163959,-3.1071355,20.466854,0.0021319638
figure_eight_depth,nmpc,44.2,-0.9909538,0.08229452,-0.41591597,0.0001266931,-0.012000622,-1.6481513,0.10279747,-0.0007779321,-0.010174427,0.0022486968,0.011745911,0.1093699,-0.9964928592495043,0.08338437335805142,-0.41597572822006634,0.0,0.0,-1.6554597672421756,-0.008762723246624748,-0.10325326279584518,-0.008860285719891614,0.0,0.0,0.0,0.005645572354039591,0.1514879444146551,0.00730848874638701,-1.9127795709677862,-0.1975316,-0.7311929,1.6488886,-2.5776136,1.1619871,-3.1635234,21.294682,0.002218196
figure_eight_depth,nmpc,44.300000000000004,-0.9918295,0.07201434,-0.41680306,0.00020308296,-0.0108366655,-1.6372958,0.10305722,-0.00078795105,-0.010108458,0.0020665827,0.011653317,0.1085447,-0.9973144772244581,0.07304151428120588,-0.4168642753031553,0.0,0.0,-1.6446939100942102,-0.0076694860545734045,-0.10359635569689996,-0.008910615333701521,0.0,0.0,0.0,0.005580649749892771,0.1511006500783203,0.007398067923494845,-1.907282480287343,-0.33184993,-0.732083,1.6380179,-2.7019515,1.1070213,-3.2204466,22.226486,0.0023152593
figure_eight_depth,nmpc,44.400000000000006,-0.99259675,0.061701637,-0.41769528,0.00027568798,-0.009682126,-1.6265118,0.103306204,-0.00080467405,-0.010042192,0.0018946517,0.011567288,0.10783118,-0.9980267284282716,0.06266661678215195,-0.41775784314464715,0.0,0.0,-1.6340016027768862,-0.006575407816900025,-0.10389400781244534,-0.008960700658477982,0.0,0.0,0.0,0.005515416103933338,0.1506736506233548,0.007489790566803212,-1.9018148618959578,-0.46463898,-0.73438734,1.6295817,-2.8286088,1.051559,-3.2778487,23.261845,0.0024231088
figure_eight_depth,nmpc,44.5,-0.993255,0.05136122,-0.4185926,0.00034467792,-0.008536913,-1.6157882,0.10351852,-0.00081708486,-0.009975644,0.0017281577,0.011481698,0.107228,-0.9986295347545738,0.05226423163382721,-0.41865640724692804,0.0,0.0,-1.6233720673453285,-0.005480608511687635,-0.10414608858244287,-0.009010540321124916,0.0,0.0,0.0,0.005450221592510257,0.1501952900911829,0.0075838459860755325,-1.8963716198364298,-0.59588426,-0.73810995,1.6235124,-2.9575071,0.99564874,-3.3356812,24.400612,0.0025417302
figure_eight_depth,nmpc,44.6,-0.9938039,0.040997937,-0.419495,0.00041026287,-0.0074008275,-1.6051141,0.103694014,-0.00082561193,-0.009908949,0.0015670819,0.011397647,0.10673375,-0.9991228300988584,0.04183892166615799,-0.41955994297540944,0.0,0.0,-1.6127946509722488,-0.004385208195956114,-0.10435248743636757,-0.009060132955290845,0.0,0.0,0.0,0.005385377988128327,0.14966513543597018,0.0076805486086624075,-1.8909492542678308,-0.72545093,-0.7432786,1.6197342,-3.0884645,0.93937373,-3.3938603,25.641605,0.0026710005
figure_eight_depth,nmpc,44.7,-0.99424356,0.030615333,-0.42040235,0.00047285928,-0.0062733227,-1.5944786,0.10384578,-0.0008357335,-0.009842248,0.0014130694,0.011318678,0.106347136,-0.9995065603657316,0.031395259764656694,-0.4204684255592028,0.0,0.0,-1.6022588050022166,-0.0032893269927836144,-0.10451311383953207,-0.009109477201285632,0.0,0.0,0.0,0.005320883454172962,0.14908879183849907,0.007780197824482248,-1.885543045866554,-0.85723853,-0.7492532,1.6187559,-3.2252483,0.8821599,-3.452973,27.020063,0.00281459
figure_eight_depth,nmpc,44.800000000000004,-0.994577,0.020220067,-0.42131472,0.00053320325,-0.005154153,-1.5838711,0.10394317,-0.0008760419,-0.009775561,0.0012688753,0.011241852,0.106067166,-0.9997806834748455,0.020937826864599583,-0.4213818300917992,0.0,0.0,-1.591754064042365,-0.002193085077761836,-0.10462789733722486,-0.009158571706413543,0.0,0.0,0.0,0.005253389616577534,0.14842416461011432,0.007882937867438322,-1.8801504123341033,-0.99406356,-0.75558394,1.6209744,-3.3706224,0.82414246,-3.5129435,28.567707,0.0029758026
figure_eight_depth,nmpc,44.900000000000006,-0.99481034,0.009822183,-0.42223206,0.00059175596,-0.004043073,-1.573281,0.103951804,-0.0009792383,-0.009708738,0.0011313542,0.011167265,0.10589352,-0.9999451693655121,0.010471209941678012,-0.4223001315317519,0.0,0.0,-1.5812700251081073,-0.0010966026662839745,-0.10469678758115962,-0.009207415124612428,0.0,0.0,0.0,0.00517612916015489,0.14762367414044092,0.00798897537971377,-1.8747723743906806,-1.1357995,-0.7623129,1.6264039,-3.5245168,0.76686066,-3.5722868,30.28788,0.0031549875
figure_eight_depth,nmpc,45.0,-0.99495375,-0.000565819,-0.4231543,0.0006482868,-0.0029396738,-1.5626976,0.10384513,-0.0011817667,-0.009641541,0.0009932012,0.011096618,0.10582653,-1.0,1.8369701987210297e-16,-0.4232233047033631,0.0,0.0,-1.5707963267948966,0.0,-0.10471975435379975,-0.009256006116897808,0.0,0.0,0.0,0.005078339965116605,0.14664267422154162,0.008098677792821363,-1.8694083365492298,-1.2786975,-0.77045697,1.6341789,-3.6833339,0.71338856,-3.6279597,32.137177,0.003347623
figure_eight_depth,nmpc,45.1,-0.9950172,-0.01092917,-0.4240813,0.00070033316,-0.0018437506,-1.5521102,0.103597276,-0.0014798535,-0.009573721,0.0008317012,0.011027867,0.10586736,-0.9999451693655121,-0.010471209941678532,-0.424151324297374,0.0,0.0,-1.560322628481686,0.0010966026662839745,-0.10469678758116048,-0.009304343351113076,0.0,0.0,0.0,0.0049497272946031675,0.14546544626157826,0.008212433321773904,-1.8640557477835258,-1.4130931,-0.7822547,1.6423501,-3.8376982,0.66836005,-3.6753094,33.9886,0.0035404793
figure_eight_depth,nmpc,45.2,-0.9950041,-0.021257397,-0.42501292,0.0007419231,-0.00075470755,-1.5415076,0.103249334,-0.0018056289,-0.009505384,0.0006113839,0.010964681,0.106017604,-0.9997806834748455,-0.020937826864600103,-0.4250841648716587,0.0,0.0,-1.5498385895474283,0.002193085077761836,-0.10462789733722486,-0.009352425502040518,0.0,0.0,0.0,0.004787774421295221,0.1441693715458206,0.008330987809452184,-1.8590363509728016,-1.5290385,-0.7994892,1.6492964,-3.9778244,0.636065,-3.7099793,35.688934,0.0037175969
figure_eight_depth,nmpc,45.300000000000004,-0.9949078,-0.031551003,-0.42594904,0.00076379057,0.00032886007,-1.530879,0.10291302,-0.0020585489,-0.009437164,0.00029888895,0.010914529,0.10627775,-0.9995065603657316,-0.031395259764656326,-0.4260218008519214,0.0,0.0,-1.5393338485875767,0.0032893269927836144,-0.10451311383953207,-0.009400251251540093,0.0,0.0,0.0,0.0046019757533484395,0.14290493296005113,0.008454827896658745,-1.8547528802306132,-1.6157645,-0.82275504,1.6544899,-4.0930095,0.61991495,-3.728442,37.063255,0.003860756
figure_eight_depth,nmpc,45.400000000000006,-0.99470586,-0.04182443,-0.4268896,0.0007533746,0.0014084461,-1.5202135,0.10273613,-0.0020892604,-0.009370208,-0.00013923408,0.01087732,0.106647104,-0.9991228300988584,-0.04183892166615762,-0.4269642065323983,0.0,0.0,-1.528798002617366,0.004385208195956114,-0.10435248743592349,-0.009447819288355142,0.0,0.0,0.0,0.004417628088306326,0.14188261881413597,0.00858451785326686,-1.8504228166233847,-1.6611888,-0.851353,1.6586787,-4.1712203,0.6223713,-3.7280514,37.920357,0.0039500375
figure_eight_depth,nmpc,45.5,-0.9943565,-0.052112125,-0.42783484,0.00069591484,0.0024854892,-1.5095004,0.10293521,-0.0017195962,-0.009306349,-0.0007254868,0.010851139,0.10712334,-0.9986295347545739,-0.052264231633825965,-0.4279113560765614,0.0,0.0,-1.5182205862444647,0.005480608511687635,-0.10414608858244287,-0.009495128308445455,0.0,0.0,0.0,0.004276412761375952,0.14138112074327924,0.008720201913715142,-1.8460057269410324,-1.651984,-0.88306904,1.6642916,-4.1993446,0.6448192,-3.7071722,38.07214,0.0039658477
figure_eight_depth,nmpc,45.6,-0.99379265,-0.062475044,-0.4287855,0.00057521305,0.0035610816,-1.4987292,0.10380327,-0.0007264932,-0.00924806,-0.0014747335,0.010830878,0.10770376,-0.9980267284282716,-0.06266661678215157,-0.4288632235178278,0.0,0.0,-1.5075910508129071,0.006575407816900025,-0.10389400781244534,-0.009542177014792985,0.0,0.0,0.0,0.00423911954760728,0.1417634638326228,0.008861821839518447,-1.8414270838020577,-1.5782008,-0.9153602,1.6743362,-4.167897,0.68739,-3.6654034,37.411057,0.0038969852
figure_eight_depth,nmpc,45.7,-0.9929806,-0.072935745,-0.42974254,0.00039371767,0.004619523,-1.4878907,0.10495363,0.000561666,-0.009197065,-0.002200922,0.010646757,0.10837844,-0.9973144772244581,-0.0730415142812055,-0.4298197827602705,0.0,0.0,-1.4968987434955832,0.0076694860545734045,-0.10359635569689996,-0.009588964117568377,0.0,0.0,0.0,0.0043358562905338165,0.14252456654714774,0.009008023128151521,-1.8366405548516471,-1.4386489,-0.94656754,1.6910157,-4.076232,0.7486103,-3.603993,35.990086,0.0037489673
figure_eight_depth,nmpc,45.800000000000004,-0.9919311,-0.08347024,-0.43070677,0.00017171707,0.0056304047,-1.4769759,0.10589562,0.001731847,-0.009153732,-0.0027242126,0.01015179,0.10914217,-0.9964928592495044,-0.08338437335805107,-0.4307810075793348,0.0,0.0,-1.4861328863470782,0.00876272324668026,-0.10325326279583824,-0.009635488333992193,0.0,0.0,0.0,0.004563190431042224,0.14302763957021447,0.009156968530916076,-1.831703136897218,-1.2416096,-0.9765165,1.7149264,-3.933052,0.8255598,-3.5257893,34.017788,0.0035435196
figure_eight_depth,nmpc,45.900000000000006,-0.9906953,-0.094020166,-0.4316783,-5.9044272e-05,0.0065563656,-1.465976,0.10624603,0.0024188245,-0.009117602,-0.0029269531,0.009278497,0.10999641,-0.99556196460308,-0.09369065729286248,-0.43174687162255665,0.0,0.0,-1.4752825553126596,0.009854999507452611,-0.10286487960160795,-0.009681748388723488,0.0,0.0,0.0,0.004878291193133918,0.14274525461295812,0.009306555480506294,-1.8267337784149436,-1.0024855,-1.0062824,1.7451504,-3.753918,0.91430783,-3.4348161,31.788952,0.0033113488
figure_eight_depth,nmpc,46.0,-0.98934853,-0.10450795,-0.43265647,-0.00026515097,0.0073608663,-1.4548808,0.10577317,0.002420929,-0.009088339,-0.0027884974,0.008038457,0.11094911,-0.9945218953682734,-0.10395584540887919,-0.43271734841028536,0.0,0.0,-1.4643366592083618,0.010946195056371621,-0.1024313764705978,-0.009727743013332457,0.0,0.0,0.0,0.005203098167203933,0.1413738681760697,0.009455825582568298,-1.821609100749716,-0.7376774,-1.0371681,1.7802497,-3.555095,1.010674,-3.3354614,29.574638,0.0030806914
figure_eight_depth,nmpc,46.1,-0.9879318,-0.11489412,-0.43364042,-0.0004311805,0.008024447,-1.4436791,0.1048728,0.0020621961,-0.009067464,-0.0024848352,0.0066060973,0.112016484,-0.9933727656003964,-0.11417543505532762,-0.43369241133640973,0.0,0.0,-1.4532839186944932,0.01203619023176783,-0.10195294355336282,-0.009773470947049834,0.0,0.0,0.0,0.005488483525793944,0.1394212463078395,0.009604824379918053,-1.816353896732854,-0.45998165,-1.0698218,1.8193978,-3.349201,1.1108326,-3.2317863,27.56185,0.002871026
figure_eight_depth,nmpc,46.2,-0.9864635,-0.1251625,-0.43462944,-0.0005531574,0.008538827,-1.432358,0.1037928,0.001550691,-0.009056793,-0.0021282115,0.005094995,0.11320913,-0.9921147013144779,-0.12434494358242738,-0.434672033669087,0.0,0.0,-1.442112845275734,0.013124865503200134,-0.101429790704613,-0.009818930935989734,0.0,0.0,0.0,0.005710203989651538,0.1372087281424875,0.00975481877121731,-1.8109770894541704,-0.17856227,-1.1047022,1.8619813,-3.1452456,1.211619,-3.12718,25.859072,0.002693653
figure_eight_depth,nmpc,46.300000000000004,-0.98495,-0.13530886,-0.4356229,-0.00063321384,0.0089026475,-1.4209045,0.10266259,0.0009939384,-0.009057732,-0.0017785492,0.0035748472,0.11453309,-0.9907478404714436,-0.13445991030763307,-0.43565618855147603,0.0,0.0,-1.4308117203746205,0.014212101485222561,-0.10086214739783717,-0.009864121734093345,0.0,0.0,0.0,0.005859753498651729,0.1349029353024369,0.009907203200853365,-1.8054788127168038,0.100255795,-1.1420745,1.9076852,-2.9495037,1.3105513,-3.0242882,24.517082,0.0025538628
figure_eight_depth,nmpc,46.400000000000006,-0.9833903,-0.14533474,-0.4366204,-0.0006769149,0.009119103,-1.409305,0.10154847,0.0004561372,-0.009071193,-0.0014696622,0.0020911105,0.11599208,-0.9892723329629882,-0.14451589847223623,-0.4366448490024737,0.0,0.0,-1.4193685745378524,0.015297778950207341,-0.1002502626196583,-0.009909042102296262,0.0,0.0,0.0,0.005938832905938768,0.13259586252867564,0.010063598074534497,-1.7998561739581593,0.37340754,-1.1810665,1.9573984,-2.765057,1.4057654,-2.9250958,23.543663,0.002452465
figure_eight_depth,nmpc,46.5,-0.98177934,-0.15524529,-0.43762177,-0.0006913368,0.009194489,-1.3975457,0.10049327,-2.9524605e-05,-0.009097594,-0.0012165438,0.0006742629,0.11758817,-0.9876883405951378,-0.15450849718747353,-0.437637987917454,0.0,0.0,-1.407771166869111,0.016381778841279004,-0.09959440476302317,-0.009953690809083593,0.0,0.0,0.0,0.0059547837700909025,0.13034048002561419,0.010225471564240474,-1.7941018274604228,0.639186,-1.2210389,2.0118613,-2.593714,1.4959588,-2.8310034,22.926907,0.0023882193
figure_eight_depth,nmpc,46.6,-0.9801095,-0.16504598,-0.4386269,-0.00068413484,0.009136734,-1.3856128,0.09950646,-0.0004404,-0.00913685,-0.0010251267,-0.0006600496,0.11932278,-0.9859960370705049,-0.16443332336929165,-0.4386355780690123,0.0,0.0,-1.3960069647771571,0.017463982285803592,-0.098894861508797,-0.009998066630378943,0.0,0.0,0.0,0.005918326411090127,0.12816002050023712,0.010394119356319731,-1.788209591771055,0.89698696,-1.2614452,2.0718012,-2.4362593,1.5802952,-2.7429168,22.644474,0.0023587996
figure_eight_depth,nmpc,46.7,-0.978373,-0.17474347,-0.43963572,-0.00066222524,0.008955053,-1.3734926,0.09860246,-0.00078110927,-0.009188484,-0.0008882885,-0.0018997161,0.121196695,-0.9841956079692419,-0.17428602366090787,-0.43963759210771053,0.0,0.0,-1.3840631241917214,0.018544270607767643,-0.09815193969982261,-0.010042168349710945,0.0,0.0,0.0,0.005840559155857894,0.12605998928257117,0.010570525658091023,-1.7821729901285306,1.1471835,-1.3015493,2.1382113,-2.2925768,1.6582866,-2.6613522,22.670628,0.0023615237
figure_eight_depth,nmpc,46.800000000000004,-0.97656155,-0.18434522,-0.44064835,-0.00063180603,0.008659539,-1.3611708,0.09779229,-0.0010522755,-0.009251735,-0.0007992175,-0.0030367414,0.12321112,-0.9822872507286887,-0.18406227634233863,-0.44064400256282754,0.0,0.0,-1.3719264703827043,0.01962252534154496,-0.09736596520615315,-0.01008599475788019,0.0,0.0,0.0,0.005732692594781769,0.12404650312654089,0.010755701644911353,-1.7759853815855564,1.3905855,-1.3406963,2.2120454,-2.162156,1.7297132,-2.586532,22.981316,0.0023938871
figure_eight_depth,nmpc,46.900000000000006,-0.9746679,-0.19385874,-0.44166487,-0.00059779425,0.008260393,-1.3486333,0.097077586,-0.0012692716,-0.00932568,-0.00074555486,-0.004070666,0.12536737,-0.9802711746217219,-0.19375779322605136,-0.4416547818431124,0.0,0.0,-1.359583479608364,0.020698628244220085,-0.09653728278216644,-0.01012954465334781,0.0,0.0,0.0,0.005604186237002569,0.1221080886087945,0.010950190271205695,-1.7696345626996512,1.6281842,-1.3784035,2.2941532,-2.0443726,1.7945563,-2.5184746,23.556725,0.0024538254
figure_eight_depth,nmpc,47.0,-0.97268635,-0.20328665,-0.4426853,-0.0005641857,0.0077664107,-1.3358659,0.09640905,-0.0014396226,-0.009409293,-0.00071854726,-0.005016139,0.12766755,-0.9781476007338058,-0.20336832153789938,-0.44266990223754055,0.0,0.0,-1.3470202618038858,0.021772461309077507,-0.0956662559153526,-0.010172816842318744,0.0,0.0,0.0,0.005461882796315543,0.12020757944348005,0.011154406586905807,-1.7631102586090694,1.8610828,-1.4143442,2.3852694,-1.9385309,1.8529338,-2.4570405,24.381823,0.0025397732
figure_eight_depth,nmpc,47.1,-0.9706133,-0.21262847,-0.44370973,-0.00053385453,0.007185371,-1.3228537,0.09575421,-0.0015790921,-0.009501618,-0.0007072538,-0.0058838064,0.13011411,-0.9759167619387475,-0.21288964578253583,-0.4436893359160736,0.0,0.0,-1.3342225446138891,0.022843906778258205,-0.09475326666691375,-0.010215810138325399,0.0,0.0,0.0,0.005309927437304698,0.11831250871472011,0.011368860188535113,-1.756402169638616,2.0903718,-1.4483988,2.4859319,-1.8439589,1.9050713,-2.4020019,25.446466,0.0026506735
figure_eight_depth,nmpc,47.2,-0.9684453,-0.22188127,-0.44473812,-0.0005093084,0.0065242224,-1.309582,0.095090404,-0.0016850126,-0.00960172,-0.0007081526,-0.006682335,0.13271023,-0.9735789028731603,-0.22231758959246345,-0.44471305493042235,0.0,0.0,-1.321175659095306,0.023912847155582728,-0.09379871550406482,-0.010258523362782768,0.0,0.0,0.0,0.005152171415820518,0.11641138378322523,0.011593664084930122,-1.7495003600086165,2.3168025,-1.4805948,2.5965612,-1.7603536,1.9512806,-2.353027,26.744942,0.0027859316
figure_eight_depth,nmpc,47.300000000000004,-0.96617967,-0.23104069,-0.44577047,-0.0004925409,0.005789272,-1.2960354,0.094403476,-0.0017618133,-0.009708744,-0.00071612856,-0.007418498,0.13545927,-0.9711342799096361,-0.23164801755993078,-0.4457410312148128,0.0,0.0,-1.307864527486177,0.024979165219762844,-0.09280302112454897,-0.010300955344627605,0.0,0.0,0.0,0.004991782064147895,0.11449273819011188,0.011829118512483252,-1.742397658056485,2.5405433,-1.5105441,2.717964,-1.6879646,1.9922633,-2.3094,28.275097,0.0029453228
figure_eight_depth,nmpc,47.400000000000006,-0.96381533,-0.24010293,-0.4468068,-0.0004851158,0.004986552,-1.2821983,0.09369663,-0.0018258097,-0.009821888,-0.000726812,-0.00809535,0.13836472,-0.9685831611286311,-0.24087683705085777,-0.44677323658675583,0.0,0.0,-1.2942736535140096,0.026042744037058085,-0.09176662027317317,-0.010343104920623736,0.0,0.0,0.0,0.004830347268494465,0.11254629962440582,0.012075343615633116,-1.7350874984689597,2.7628667,-1.5393625,2.8495677,-1.6260635,2.0289748,-2.2701557,30.037533,0.0031289097
figure_eight_depth,nmpc,47.5,-0.96135193,-0.249065,-0.4478471,-0.00048847223,0.0041218363,-1.2680546,0.09297594,-0.0018871494,-0.009940381,-0.0007388411,-0.008715767,0.14143042,-0.9659258262890684,-0.24999999999999958,-0.44780964274781976,0.0,0.0,-1.2803871157744275,0.027103466973821266,-0.09068996754846292,-0.010384970935056748,0.0,0.0,0.0,0.004668634817737644,0.11056817107242503,0.01233251124409307,-1.7275605455213232,2.9853027,-1.5687029,2.9902587,-1.5736591,2.0624,-2.2343063,32.03653,0.0033371386
figure_eight_depth,nmpc,47.6,-0.95878935,-0.25792214,-0.44889134,-0.0005043157,0.0032001515,-1.2535881,0.09222567,-0.0019410633,-0.010063494,-0.0007547239,-0.009287512,0.1446604,-0.9631625667976582,-0.2590135046865649,-0.4488502212844062,0.0,0.0,-1.266188564815771,0.02816121771026525,-0.08957353520741562,-0.010426552240372366,0.0,0.0,0.0,0.004507526945148852,0.10855337899550355,0.012600484409581947,-1.7198069004468164,3.2095125,-1.6002882,3.1388736,-1.5296493,2.093486,-2.2008934,34.280865,0.0035709233
figure_eight_depth,nmpc,47.7,-0.9561259,-0.26666892,-0.44993958,-0.0005347425,0.0022262281,-1.2387816,0.09144492,-0.0019719002,-0.010190573,-0.0007780943,-0.009813903,0.1480585,-0.9602936856769431,-0.2679133974894983,-0.449894943668529,0.0,0.0,-1.251661224643957,0.029215880251509674,-0.08841781295262918,-0.010467847696371546,0.0,0.0,0.0,0.004349832076120953,0.10651490846551044,0.012879653255712276,-1.711813914489052,3.4372213,-1.636243,3.2938125,-1.4928341,2.1231816,-2.1689734,36.781883,0.0038314462
figure_eight_depth,nmpc,47.800000000000004,-0.9533576,-0.27529848,-0.45099172,-0.0005822969,0.0012044767,-1.2236183,0.090629056,-0.0019510236,-0.010320965,-0.00081311597,-0.0102985995,0.15162809,-0.9573194975320672,-0.2766957746216722,-0.450943781258596,0.0,0.0,-1.2367878994693158,0.030267338942457922,-0.08722330772320541,-0.010508856171154157,0.0,0.0,0.0,0.004201375094013333,0.1044745645722042,0.013169630502640974,-1.7035705447131688,3.6698384,-1.6783135,3.453902,-1.4623772,2.1523304,-2.1376846,39.554657,0.004120277
figure_eight_depth,nmpc,47.900000000000006,-0.95048106,-0.28380495,-0.45204785,-0.00064843724,0.00013939869,-1.2080804,0.08978961,-0.0018875818,-0.010454072,-0.0008485524,-0.010741254,0.15537149,-0.9542403285162767,-0.2853567838422162,-0.45199670530019515,0.0,0.0,-1.2215509866487138,0.031315478478510794,-0.0859905434683339,-0.01054957654028632,0.0,0.0,0.0,0.004067298365263125,0.10243310475442413,0.013470575691377329,-1.6960303266214911,3.9084275,-1.7278364,3.6183217,-1.4377306,2.181657,-2.1063135,42.616734,0.0044392426
figure_eight_depth,nmpc,48.0,-0.9474959,-0.29218256,-0.4531079,-0.00073307334,-0.0009649016,-1.1921507,0.08891862,-0.0018086069,-0.010589275,-0.00086856674,-0.011146295,0.15929054,-0.9510565162951536,-0.2938926261462364,-0.45305368692688164,0.0,0.0,-1.205932496854039,0.032360183919499796,-0.08472006091900242,-0.01059000768746654,0.0,0.0,0.0,0.003950366473950802,0.10036516213433089,0.013781784840794396,-1.6883945781977112,4.153779,-1.7858672,3.7865481,-1.4186366,2.2117162,-2.0742908,45.98805,0.004790422
figure_eight_depth,nmpc,48.1,-0.9444025,-0.30042768,-0.45417187,-0.0008352803,-0.0021040482,-1.175811,0.08803537,-0.0017287999,-0.010726037,-0.00086440874,-0.011511243,0.16338718,-0.9477684100095857,-0.3022995574311874,-0.45411469716097064,0.0,0.0,-1.1899140826844303,0.03340134070167755,-0.08341241735096427,-0.010630148504220394,0.0,0.0,0.0,0.003851811839071108,0.0982705420369859,0.014103030362042636,-1.6805113751646323,4.4064703,-1.8530623,3.958384,-1.4049757,2.242912,-2.0412166,49.6908,0.0051761256
figure_eight_depth,nmpc,48.2,-0.9412027,-0.30853757,-0.45523977,-0.00095350714,-0.0032738438,-1.1590438,0.08714482,-0.0016630347,-0.010863844,-0.00082947663,-0.011838007,0.16766287,-0.944376370237481,-0.31057389013915543,-0.4551797069143303,0.0,0.0,-1.1734770770160294,0.03443883465042985,-0.08206818633987867,-0.010669997890067062,0.0,0.0,0.0,0.0037712569309750837,0.09614024694325188,0.014433288106117326,-1.6723691541880676,4.6669626,-1.9299062,4.133806,-1.3967495,2.275521,-2.0068185,53.74966,0.0055989227
figure_eight_depth,nmpc,48.300000000000004,-0.93789774,-0.3165113,-0.4563116,-0.001086167,-0.004470023,-1.1418307,0.08626421,-0.0016140903,-0.011002218,-0.0007630684,-0.012125912,0.17211865,-0.9408807689542256,-0.31871199487434454,-0.4562486869891803,0.0,0.0,-1.1566025425548798,0.0354725519929322,-0.08068795750978963,-0.010709554752574846,0.0,0.0,0.0,0.0037074862998716265,0.09398167079369756,0.014771859800363218,-1.6639543971157948,4.9356775,-2.0166461,4.3129582,-1.3939267,2.3097084,-1.9709367,58.191753,0.0060616415
figure_eight_depth,nmpc,48.400000000000006,-0.93448883,-0.32434723,-0.45738733,-0.0012318644,-0.0056888307,-1.1241537,0.08538946,-0.00157967,-0.011140729,-0.0006668131,-0.012380072,0.17675473,-0.9372819894918916,-0.3267103019950526,-0.45732160807889205,0.0,0.0,-1.1392713341828635,0.03650237937030676,-0.07927233627488817,-0.010748818007222383,0.0,0.0,0.0,0.0036592570539885406,0.09179460991250847,0.01511760092938452,-1.6552523910351247,5.2128754,-2.113404,4.4960585,-1.396587,2.3455305,-1.9335111,63.04552,0.006567242
figure_eight_depth,nmpc,48.5,-0.9309782,-0.33204162,-0.45846695,-0.0013893659,-0.0069273976,-1.1059948,0.08449693,-0.0015586737,-0.011279053,-0.0005419939,-0.012609349,0.18157013,-0.9335804264972021,-0.33456530317942856,-0.45839844076879166,0.0,0.0,-1.121464175786112,0.03752820385044542,-0.07782194357328076,-0.010787786577565184,0.0,0.0,0.0,0.0036256524871830387,0.08956778961037601,0.015469355191324308,-1.646252721906785,5.4986305,-2.2202463,4.683288,-1.4049035,2.382971,-1.8945667,68.33931,0.007118678
figure_eight_depth,nmpc,48.6,-0.92736703,-0.33959246,-0.45955047,-0.0015576094,-0.008182572,-1.0873364,0.08360748,-0.0015498326,-0.011416875,-0.00038990044,-0.012810958,0.18656246,-0.9297764858882516,-0.3422735529643439,-0.4594791555369673,0.0,0.0,-1.1031617534042195,0.03854991294011123,-0.07633741559517904,-0.0108264593953189,0.0,0.0,0.0,0.0036053893559596546,0.0873138906349214,0.015825332391341096,-1.6369426027449785,5.79279,-2.3372571,4.87474,-1.4192066,2.4219577,-1.8541785,74.10029,0.0077187796
figure_eight_depth,nmpc,48.7,-0.92365795,-0.3469968,-0.4606379,-0.001735405,-0.00945178,-1.068161,0.08270724,-0.001560997,-0.011553919,-0.00020892949,-0.012990725,0.1917278,-0.9258705848099948,-0.3498316702566825,-0.4605637227550774,0.0,0.0,-1.0843448265717972,0.03956739459742842,-0.0748194035036509,-0.010864835400192785,0.0,0.0,0.0,0.003596894220959004,0.08501949967347837,0.016183815829609705,-1.6273111836643026,6.095026,-2.4644108,5.070485,-1.4398692,2.4623783,-1.8124593,80.35403,0.00837021
figure_eight_depth,nmpc,48.800000000000004,-0.9198533,-0.3542518,-0.46172926,-0.0019218726,-0.01073252,-1.0484518,0.08179823,-0.0015889471,-0.011689969,-1.8341705e-06,-0.013149411,0.19706072,-0.9218631515885005,-0.35723633981640157,-0.46165211268916395,0.0,0.0,-1.0649943597939782,0.040580537244039316,-0.07326857314893243,-0.010902913540139503,0.0,0.0,0.0,0.003599000112000529,0.08268909657661655,0.016542578521089975,-1.617348967818784,6.4051046,-2.601475,5.2706842,-1.4670535,2.5041063,-1.7695383,87.127205,0.009075751
figure_eight_depth,nmpc,48.900000000000006,-0.91595435,-0.36135593,-0.46282452,-0.002116422,-0.01202204,-1.0281926,0.08089844,-0.0016300636,-0.011824803,0.00022877514,-0.013284504,0.20255391,-0.9177546256839811,-0.3644843137107059,-0.46274429550046703,0.0,0.0,-1.0450916760636535,0.041589229777649894,-0.07168560477674446,-0.010940692771216343,0.0,0.0,0.0,0.003610291543047863,0.08033538829652408,0.016899036712762383,-1.6070454102696312,6.7228365,-2.7481663,5.4754033,-1.5007313,2.5470355,-1.725518,94.445984,0.009838124
figure_eight_depth,nmpc,49.0,-0.91196156,-0.36830774,-0.46392372,-0.0023187725,-0.01331774,-1.0073686,0.08001258,-0.001678545,-0.011958217,0.00047991524,-0.013397661,0.20819813,-0.9135454576426011,-0.3715724127386968,-0.4638402412462431,0.0,0.0,-1.0246186342484342,0.04259336158313198,-0.0700711927285047,-0.010978172057640734,0.0,0.0,0.0,0.0036295738811038137,0.0779661004720558,0.017250069642721355,-1.596391105634739,7.0480037,-2.9040155,5.6847286,-1.5407385,2.5910585,-1.6805108,102.33538,0.010659936
figure_eight_depth,nmpc,49.1,-0.9078752,-0.37510675,-0.4650268,-0.002528601,-0.014617075,-0.98596543,0.079151355,-0.0017376392,-0.012090006,0.0007520447,-0.013489561,0.21398178,-0.9092361090470686,-0.37849752782587803,-0.4649399198805862,0.0,0.0,-1.0035578319716323,0.04359282254695618,-0.06842604513981887,-0.011015350371984534,0.0,0.0,0.0,0.0036547278823998693,0.07558377857365234,0.017592401235090538,-1.585375142421556,7.3802004,-3.0684862,5.8985868,-1.5868698,2.6360643,-1.6346198,110.81527,0.011543256
figure_eight_depth,nmpc,49.2,-0.90369606,-0.38175067,-0.46613377,-0.002745844,-0.015918182,-0.9639706,0.07829861,-0.0018017789,-0.012220042,0.0010424558,-0.013567129,0.21989104,-0.9048270524660196,-0.38525662138789457,-0.46604330125525084,0.0,0.0,-0.9818928353399103,0.04458750306607362,-0.0667508836257047,-0.011052226694840961,0.0,0.0,0.0,0.0036849698036285606,0.07318598880420739,0.01792223378122504,-1.5739879657626807,7.7189007,-3.241064,6.116656,-1.6388162,2.68197,-1.5879289,119.899605,0.01248954
figure_eight_depth,nmpc,49.300000000000004,-0.89942473,-0.38823614,-0.46724465,-0.0029707006,-0.01721953,-0.94137317,0.077446714,-0.0018629645,-0.012348237,0.0013483878,-0.013633851,0.2259095,-0.9003187714021934,-0.39184672866292003,-0.4671503551204793,0.0,0.0,-0.9596084363727498,0.045577294063292584,-0.06504644296814743,-0.011088800015351952,0.0,0.0,0.0,0.003720831118751398,0.07077710128874558,0.018235266950600182,-1.5622232199974373,8.063529,-3.4211173,6.33848,-1.6960644,2.7287114,-1.5404974,129.5965,0.013499636
figure_eight_depth,nmpc,49.400000000000006,-0.89506084,-0.39456123,-0.4683594,-0.00320329,-0.018519245,-0.91816396,0.07661608,-0.0019206939,-0.012474508,0.0016704212,-0.013686462,0.23201782,-0.8957117602394127,-0.3982649590120984,-0.4682610511258306,0.0,0.0,-0.936690938433878,0.04656208699660436,-0.06331347079091554,-0.011125069330847337,0.0,0.0,0.0,0.0037617782376979983,0.06836765646838905,0.018526983222238558,-1.5500751636481827,8.413466,-3.6078591,6.5634546,-1.7578423,2.7762575,-1.4923526,139.90674,0.014573619
figure_eight_depth,nmpc,49.5,-0.89060277,-0.40072554,-0.469478,-0.003443567,-0.019815238,-0.8943362,0.07582743,-0.001975903,-0.012598772,0.0020096947,-0.013723001,0.2381938,-0.8910065241883679,-0.4045084971874736,-0.4693753588210128,0.0,0.0,-0.9131284690911574,0.04754177387233938,-0.06155272723284977,-0.011161033646928109,0.0,0.0,0.0,0.0038058239049700176,0.06596622813402778,0.01879224548886249,-1.5375364872687334,8.7678795,-3.800265,6.7909064,-1.823287,2.8245704,-1.4435337,150.8205,0.015710467
figure_eight_depth,nmpc,49.6,-0.8860498,-0.40672728,-0.47060043,-0.0036914651,-0.021106068,-0.8698856,0.07506741,-0.0020253502,-0.012720979,0.002365655,-0.013750035,0.24441242,-0.8862035792312147,-0.4105746045668521,-0.4704932476567174,0.0,0.0,-0.8889113188600903,0.048516247256824574,-0.05976498461429669,-0.011196691977632955,0.0,0.0,0.0,0.0038518835879751204,0.06357006360206308,0.01902569540504273,-1.524601945463335,9.125792,-3.9971292,7.0200047,-1.891336,2.8736112,-1.394077,162.31583,0.016907899
figure_eight_depth,nmpc,49.7,-0.88140225,-0.41256368,-0.47172663,-0.0039466172,-0.022390801,-0.84481055,0.07432344,-0.0020731646,-0.012841154,0.0027404423,-0.013772678,0.25064555,-0.881303452064992,-0.4164606203550499,-0.4716146869854575,0.0,0.0,-0.8640323030143011,0.049485400288096226,-0.05795102709824085,-0.011232043345354992,0.0,0.0,0.0,0.0038997979258707364,0.06117068645129958,0.019221757569812592,-1.5112703976326076,9.485969,-4.197217,7.249599,-1.9608396,2.9233615,-1.3439945,174.35417,0.018161893
figure_eight_depth,nmpc,49.800000000000004,-0.87666035,-0.41823304,-0.47285658,-0.004208357,-0.023668377,-0.81911266,0.073606305,-0.002124205,-0.012959378,0.0031360865,-0.013789585,0.25686207,-0.8763066800438638,-0.42216396275100737,-0.47273964606240715,0.0,0.0,-0.8384871421874288,0.05044912668761281,-0.05611165034635768,-0.011267086780952784,0.0,0.0,0.0,0.003948535353002907,0.05876872470487521,0.019374483686757427,-1.4975407223326886,9.846874,-4.3992147,7.4782805,-2.0306118,2.9738011,-1.2933003,186.87819,0.01946648
figure_eight_depth,nmpc,49.900000000000006,-0.8718239,-0.42373276,-0.47399032,-0.0044762376,-0.024937872,-0.79279685,0.072915666,-0.0021686023,-0.01307575,0.0035491302,-0.013801982,0.26302838,-0.8712138111201895,-0.42768213008025324,-0.47386809404624514,0.0,0.0,-0.8122748558200394,0.051407320771801324,-0.05424766117018143,-0.011301821323667083,0.0,0.0,0.0,0.003998086987997446,0.05637361175159422,0.019478005615571666,-1.4834140035820256,10.206812,-4.601647,7.7044435,-2.0992684,3.0249221,-1.2420045,199.81226,0.020813776
figure_eight_depth,nmpc,50.0,-0.8668921,-0.42906067,-0.47512776,-0.004749656,-0.026198277,-0.76587176,0.07225954,-0.0022052045,-0.0131903505,0.003979659,-0.013808789,0.2691079,-0.866025403784439,-0.43301270189221897,-0.47499999999999987,0.0,0.0,-0.7853981606558101,0.05235987746399218,-0.0523598771768885,-0.011336246021231844,0.0,0.0,0.0,0.004047969471198903,0.053990048935847905,0.019526397426440023,-1.468892913998919,10.5640135,-4.8026075,7.9265833,-2.165166,3.0766723,-1.1901425,213.06444,0.022194214
figure_eight_depth,nmpc,50.1,-0.8618649,-0.43421447,-0.4762689,-0.0050276984,-0.02744879,-0.7383499,0.07163568,-0.0022377537,-0.01330333,0.004429011,-0.013811722,0.27506176,-0.860742027003944,-0.4381533400219316,-0.476135332891898,0.0,0.0,-0.7578638645914324,0.05330669230557694,-0.05044912641094523,-0.011370359929929741,0.0,0.0,0.0,0.004097976414388704,0.051614189553921705,0.01951395004065115,-1.4539826721591265,10.916565,-5.0000753,8.143007,-2.226505,3.129011,-1.1377503,226.52322,0.023596166
figure_eight_depth,nmpc,50.2,-0.8567425,-0.43919206,-0.47741374,-0.0053092353,-0.028688695,-0.7102478,0.071046,-0.0022682576,-0.013414872,0.0048973435,-0.013811247,0.28084907,-0.8553642601605068,-0.44310178961560726,-0.4772740615962147,0.0,0.0,-0.7296832442134422,0.054247661467610175,-0.04851624699087065,-0.011404162114425631,0.0,0.0,0.0,0.004147899642135436,0.04924534224337592,0.019435429558138262,-1.4386916598595825,11.264758,-5.192151,8.351823,-2.279201,3.182139,-1.0846707,240.10344,0.025010774
figure_eight_depth,nmpc,50.300000000000004,-0.85152197,-0.44399267,-0.47856215,-0.005592952,-0.029916951,-0.6815863,0.07052445,-0.0022875688,-0.013524998,0.0053843227,-0.013803462,0.28642812,-0.849892692986864,-0.4478558801197064,-0.47841615489412737,0.0,0.0,-0.7008723925818904,0.055182681762300234,-0.04656208674128082,-0.011437651648071867,0.0,0.0,0.0,0.004195260677385506,0.046903728079840404,0.01928606741328076,-1.4230256191206274,11.610714,-5.377133,8.550968,-2.31737,3.236091,-1.0309469,253.74666,0.02643194
figure_eight_depth,nmpc,50.400000000000006,-0.8461954,-0.4486139,-0.47971392,-0.005877697,-0.031132828,-0.65239024,0.07010372,-0.0022523627,-0.013633435,0.005885831,-0.013790758,0.29175773,-0.844327925502015,-0.45241352623300984,-0.4795615814745712,0.0,0.0,-0.6714525223251138,0.056111650654333545,-0.0445875028217968,-0.011470827612769519,0.0,0.0,0.0,0.004236476777095873,0.04463988083399157,0.019062280702188964,-1.4069875589245968,11.953028,-5.553128,8.738239,-2.3383207,3.2896516,-0.9778696,267.31473,0.02784528
figure_eight_depth,nmpc,50.5,-0.84075207,-0.45305115,-0.48086867,-0.0061613107,-0.032336317,-0.62268865,0.06979925,-0.002133171,-0.013739707,0.006409308,-0.013779613,0.296796,-0.8386705679454243,-0.4567727288213002,-0.48071030993509783,0.0,0.0,-0.641450208036851,0.057034466270977635,-0.04259336134959657,-0.011503689098829595,0.0,0.0,0.0,0.004267066661772014,0.04248489759838017,0.01876155695195114,-1.3905817025399203,12.286853,-5.7174363,8.911895,-2.3424575,3.3401816,-0.9281121,280.583,0.029227396
figure_eight_depth,nmpc,50.6,-0.8351784,-0.45730028,-0.4820259,-0.006439581,-0.033527296,-0.59251493,0.06964661,-0.0019240242,-0.013843353,0.006972662,-0.013767659,0.30150023,-0.8329212407100997,-0.4609315757942502,-0.48186230878273645,0.0,0.0,-0.6108975516487465,0.05795102741623648,-0.0405805370216894,-0.011536235205528156,0.0,0.0,0.0,0.004278756476458911,0.04045287962812192,0.018382619493137353,-1.3738105948658186,12.603994,-5.8663006,9.070913,-2.333196,3.3838377,-0.8855149,293.23395,0.030545203
figure_eight_depth,nmpc,50.7,-0.829463,-0.46135643,-0.483185,-0.006705822,-0.03470608,-0.5619068,0.06963513,-0.0016401873,-0.013944086,0.007597753,-0.013757511,0.30582714,-0.8270805742745618,-0.4648882429441257,-0.4830175464348566,0.0,0.0,-0.5798322549299451,0.058861233577733874,-0.03854991272878028,-0.011568465040440179,0.0,0.0,0.0,0.004263532430933247,0.03852334688999741,0.017925440354749744,-1.3566796895852882,12.891237,-5.995313,9.21452,-2.3185713,3.4159648,-0.854621,304.81012,0.031751055
figure_eight_depth,nmpc,50.800000000000004,-0.8236076,-0.465215,-0.48434573,-0.006949858,-0.03587427,-0.5309064,0.06966423,-0.0013609744,-0.014042314,0.008316513,-0.013759194,0.30973223,-0.8211492091337039,-0.4686409947459458,-0.4841759912200346,0.0,0.0,-0.5482975847263026,0.059764984941979016,-0.03650237917013355,-0.011600377720077937,0.0,0.0,0.0,0.004220197999058559,0.03659066116136134,0.01739120550343276,-1.3392063773403335,13.134756,-6.1008315,9.341198,-2.307247,3.4325035,-0.83935297,314.8099,0.0327927
figure_eight_depth,nmpc,50.900000000000006,-0.8176353,-0.46887344,-0.48550835,-0.0071580973,-0.037034716,-0.49956027,0.06956329,-0.0012114923,-0.014139314,0.00916037,-0.013781288,0.313171,-0.815127795728554,-0.47218818511874067,-0.4853376113789213,0.0,0.0,-0.5163422192248464,0.060662182402138054,-0.034438834461636425,-0.011631972369502419,0.0,0.0,0.0,0.004159837276812746,0.034490183800653405,0.0167819524916768,-1.3214308175279124,13.31981,-6.18078,9.448143,-2.3090854,3.4303806,-0.84255993,322.69608,0.033614174
figure_eight_depth,nmpc,51.0,-0.8115944,-0.4723387,-0.4866741,-0.007313489,-0.038189966,-0.46791944,0.069146864,-0.0013778933,-0.0142374905,0.010161501,-0.013815499,0.3161006,-0.8090169943749476,-0.4755282581475767,-0.4865023750651133,0.0,0.0,-0.48401996716051826,0.06155272757030206,-0.03236018374214167,-0.011663248122517622,0.0,0.0,0.0,0.00410437423043278,0.03200312417512471,0.01610052808314094,-1.3034164493777198,13.430083,-6.235702,9.530563,-2.3361528,3.4076931,-0.8658737,327.90247,0.034156505
figure_eight_depth,nmpc,51.1,-0.80556554,-0.47562903,-0.4878453,-0.0073971986,-0.039341945,-0.4360386,0.06815143,-0.0020695615,-0.014340267,0.011335219,-0.0138493525,0.31848297,-0.8028174751911146,-0.4786597487660337,-0.48767025034602585,0.0,0.0,-0.45138935669342317,0.0624365227883672,-0.03026733877642407,-0.011694204121698304,0.0,0.0,0.0,0.0040948415684263755,0.028892498087688713,0.015350743374026199,-1.285255825486516,13.450068,-6.268752,9.582281,-2.4009352,3.3638132,-0.90957326,329.9288,0.034367576
figure_eight_depth,nmpc,51.2,-0.79961437,-0.4787692,-0.48902452,-0.007399897,-0.0404815,-0.40397528,0.06669005,-0.0032220385,-0.014450443,0.012584107,-0.013765193,0.32029235,-0.7965299180241961,-0.48158128339882916,-0.48884120520376817,0.0,0.0,-0.41851309621638644,0.06331347113808228,-0.028161217555722207,-0.011724839518389985,0.0,0.0,0.0,0.0041779405950619535,0.025313886530028563,0.014537818077272058,-1.2670282400897912,13.371652,-6.2833414,9.598443,-2.5101037,3.2996957,-0.97245747,328.54587,0.034223523
figure_eight_depth,nmpc,51.300000000000004,-0.7937322,-0.48177755,-0.4902121,-0.00733194,-0.041579038,-0.3717883,0.06537745,-0.0044325823,-0.014566949,0.013705785,-0.013354888,0.32151613,-0.7901550123756906,-0.4842915805643155,-0.4900152075360211,0.0,0.0,-0.38545741536248684,0.06418347645215094,-0.026042743894227893,-0.011755153472625679,0.0,0.0,0.0,0.004376709260903722,0.021825005216428457,0.013669122239241605,-1.2487450955700585,13.197708,-6.281441,9.576994,-2.6606977,3.2180173,-1.0517541,323.89597,0.03373916
figure_eight_depth,nmpc,51.400000000000006,-0.7878624,-0.4846555,-0.4914069,-0.0072159553,-0.04259573,-0.33953744,0.064589895,-0.005381923,-0.014685106,0.014565574,-0.012529187,0.32214648,-0.7836934573258398,-0.4867894514365801,-0.49119222515691807,0.0,0.0,-0.3522913006909932,0.06504644332483434,-0.023912847024437633,-0.011785145153431209,0.0,0.0,0.0,0.0046882919646600565,0.018762018831477403,0.012753858960493913,-1.2303741441907092,12.9404335,-6.2632937,9.518671,-2.8415034,3.1228168,-1.1435286,316.42252,0.03296068
figure_eight_depth,nmpc,51.5,-0.78191745,-0.48738515,-0.4926062,-0.0070801084,-0.04349073,-0.30728272,0.064577006,-0.0058315503,-0.0147986105,0.015093448,-0.01127514,0.3221817,-0.7771459614569713,-0.4890738003669026,-0.4923722257979261,0.0,0.0,-0.31908564618847657,0.06590227712194308,-0.021772461189700776,-0.011814813738519891,0.0,0.0,0.0,0.005066892307074734,0.016271816914290894,0.011802930152633673,-1.2118580451949157,12.618445,-6.227016,9.426883,-3.0354257,3.0188591,-1.2432859,306.74008,0.03195209
figure_eight_depth,nmpc,51.6,-0.7758008,-0.4899352,-0.4938064,-0.006949838,-0.0442282,-0.27508384,0.06542998,-0.0056997184,-0.014901624,0.015301815,-0.0096520735,0.32162395,-0.7705132427757896,-0.49114362536434425,-0.49355517710873176,0.0,0.0,-0.28591234358339496,0.06675088399171747,-0.01962252523390884,-0.011844158414542338,0.0,0.0,0.0,0.00542972772089147,0.014315636191530595,0.01082850369005389,-1.1931369541008194,12.250429,-6.1701174,9.305815,-3.2254772,2.9108508,-1.3466177,295.4317,0.030774137
figure_eight_depth,nmpc,51.7,-0.7694728,-0.49227938,-0.49500567,-0.0068349047,-0.044791445,-0.24300025,0.066672385,-0.005268017,-0.014992053,0.015334703,-0.007859848,0.32047537,-0.7637960286346424,-0.4929980185352524,-0.4947410466581272,0.0,0.0,-0.2528433410500845,0.0675921708748195,-0.017463982189991345,-0.011873178376975435,0.0,0.0,0.0,0.005728171275009948,0.012622002795563149,0.009843087015088459,-1.1741992196224775,11.850591,-6.091568,9.158491,-3.399445,2.8028634,-1.4497623,282.93573,0.029472468
figure_eight_depth,nmpc,51.800000000000004,-0.76292557,-0.49439836,-0.4962032,-0.0067357994,-0.045175128,-0.21109019,0.06804217,-0.0047104014,-0.015069867,0.015279253,-0.0060155573,0.31874683,-0.7569950556517565,-0.49463616648149417,-0.49592980193489966,0.0,0.0,-0.21994970072139916,0.06842604551476894,-0.01529777886627448,-0.011901872830205606,0.0,0.0,0.0,0.005941569842956674,0.011057852808638186,0.008859508522645805,-1.1550614622492072,11.429164,-5.9914064,8.98728,-3.5494993,2.6981013,-1.5497618,269.5744,0.028080666
figure_eight_depth,nmpc,51.900000000000006,-0.7561642,-0.49628025,-0.49739882,-0.006647996,-0.045379937,-0.1794103,0.06944485,-0.0041325963,-0.01513581,0.015184598,-0.004179751,0.31645483,-0.7501110696304595,-0.496057350657239,-0.4971214103487228,0.0,0.0,-0.1873006855338053,0.06925241646793534,-0.013124865431313193,-0.01193024098763984,0.0,0.0,0.0,0.006063575501701706,0.00954848710116134,0.007890391835494448,-1.1357499271605094,10.99316,-5.8708043,8.79389,-3.6715136,2.598889,-1.6445051,255.58705,0.026623651
figure_eight_depth,nmpc,52.0,-0.7492039,-0.4979167,-0.49859276,-0.0065652938,-0.045411643,-0.14801504,0.070790604,-0.0035804068,-0.015190532,0.0150692845,-0.0024020642,0.31362036,-0.7431448254773946,-0.4972609476841366,-0.4983158392310499,0.0,0.0,-0.15496290414767191,0.0700711931127529,-0.010946194996308556,-0.011958282071372617,0.0,0.0,0.0,0.006100764487241152,0.008075879531084873,0.00694786696867869,-1.1163004825501044,10.547317,-5.7317324,8.579692,-3.764089,2.5067556,-1.7326243,241.16394,0.02512124
figure_eight_depth,nmpc,52.1,-0.7420628,-0.49930215,-0.49978548,-0.006481449,-0.04527861,-0.11695644,0.072057195,-0.0030717654,-0.015234508,0.014937817,-0.000706638,0.31026775,-0.7360970871197345,-0.49824642962475213,-0.4995130558360099,0.0,0.0,-0.12299953932116998,0.07088228566182186,-0.008762723198607603,-0.011985995312824294,0.0,0.0,0.0,0.0060645341284283295,0.0066573451670994726,0.006043096726641786,-1.0967526209076526,10.095322,-5.5762234,8.346365,-3.827249,2.4225307,-1.8132898,226.47612,0.023591263
figure_eight_depth,nmpc,52.2,-0.73475856,-0.500435,-0.50097746,-0.006390406,-0.044990633,-0.08628383,0.07325021,-0.002628776,-0.015268466,0.014793817,0.0008937317,0.30642393,-0.7289686274214116,-0.4990133642141358,-0.5007130273413049,0.0,0.0,-0.09146968025848763,0.07168560516951361,-0.0065754077808455325,-0.012013379952158232,0.0,0.0,0.0,0.005967765721736959,0.005349718138653404,0.0051858474700202245,-1.0771451002777572,9.640405,-5.406115,8.096107,-3.8618016,2.3465717,-1.8860545,211.68753,0.022050785
figure_eight_depth,nmpc,52.300000000000004,-0.7273083,-0.5013144,-0.5021693,-0.0062876283,-0.044558827,-0.056043457,0.07437155,-0.0022430879,-0.015293252,0.014628524,0.0023874263,0.3021192,-0.721760228098362,-0.49956141504942914,-0.5019157208491096,0.0,0.0,-0.06042777389947546,0.07248106354279527,-0.004385208171947541,-0.012040435238613867,0.0,0.0,0.0,0.005823922703692579,0.004329367199780872,0.004384316659609207,-1.0575162893767789,9.185357,-5.223371,7.831271,-3.869272,2.2789323,-1.9508281,196.95372,0.020516014
figure_eight_depth,nmpc,52.400000000000006,-0.7197285,-0.50194055,-0.5033616,-0.0061699394,-0.043995608,-0.026278263,0.07542255,-0.0019100686,-0.015309796,0.014435521,0.0037624536,0.29738602,-0.714472679632803,-0.49989034173742275,-0.5031211033869742,0.0,0.0,-0.02992320389253884,0.07326857355066663,-0.0021930850657714274,-0.012067160430506707,0.0,0.0,0.0,0.0056466924038253655,0.0039031252810033225,0.0036449409346082755,-1.0408763590867474,8.732387,-5.0303035,7.554068,-3.8519726,2.219422,-2.007798,182.41727,0.019001799
figure_eight_depth,nmpc,52.5,-0.7120333,-0.50231427,-0.5045548,-0.0060356655,-0.043313663,0.002972333,0.076424874,-0.001619193,-0.01531893,0.014207566,0.0050163264,0.29225942,-0.7071067811865477,-0.5,-0.5043291419087275,0.0,0.0,0.0,0.07404804883376359,0.0,-0.012093554795034045,0.0,0.0,0.0,0.005447667246222579,0.004321357630146161,0.0029723329935222864,-1.050015910004955,8.283592,-4.829207,7.2668104,-3.8124151,2.1676714,-2.0573404,168.21164,0.017522046
figure_eight_depth,nmpc,52.6,-0.70423305,-0.5024369,-0.5057495,-0.0058842823,-0.04252545,0.031672634,0.07740749,-0.0013653121,-0.015321386,0.013941095,0.0061513553,0.28677619,-0.6996633405133654,-0.49989034173742275,-0.5055398032953832,0.0,0.0,0.029303324968031116,0.07481940391385056,0.002193085065715916,-0.012119617608663535,0.0,0.0,0.0,0.005235558121520363,0.005441661926210372,0.002369309216329388,-1.0586552232320672,7.8409753,-4.622693,6.971498,-3.7532065,2.1232285,-2.0999367,154.45636,0.016089205
figure_eight_depth,nmpc,52.7,-0.69633865,-0.5023098,-0.506946,-0.005716292,-0.041643657,0.059790805,0.078364894,-0.0011401455,-0.015317619,0.013633678,0.007164739,0.28097454,-0.6921431738704067,-0.49956141504942925,-0.5067530543560478,0.0,0.0,0.0579538183897004,0.07558255420325732,0.004385208171947541,-0.01214534815685564,0.0,0.0,0.0,0.005019253313002305,0.0069522836378925435,0.0018369865924849624,-1.0667958549550045,7.4063354,-4.4132357,6.6701574,-3.67705,2.0854926,-2.1361618,141.25461,0.014714022
figure_eight_depth,nmpc,52.800000000000004,-0.68835765,-0.501935,-0.50814474,-0.005532808,-0.04068009,0.087298945,0.07932299,-0.0009400319,-0.015308202,0.013286925,0.008064417,0.2748935,-0.684547105928689,-0.49901336421413583,-0.5079688618288305,0.0,0.0,0.08592402272844271,0.07633741601376087,0.0065754077808455325,-0.01217074573423016,0.0,0.0,0.0,0.004804911375614969,0.008674047316554766,0.0013749218640331795,-1.074438376562485,6.981149,-4.2028995,6.365007,-3.58675,2.0536692,-2.1668165,128.69154,0.0134053705
figure_eight_depth,nmpc,52.900000000000006,-0.6802967,-0.50131357,-0.5093458,-0.00533563,-0.03964602,0.114173114,0.08028857,-0.00075305457,-0.015293438,0.012901202,0.008854928,0.26857245,-0.6768759696826608,-0.4982464296247522,-0.5091871923817554,0.0,0.0,0.1131918163105739,0.07708390656635533,0.008762723198579847,-0.012195809644399702,0.0,0.0,0.0,0.004597175741785418,0.01050786249135872,0.0009812979892002693,-1.081584614258602,6.5665946,-3.9934552,6.058274,-3.4851282,2.0267746,-2.1928577,116.83309,0.012170115
figure_eight_depth,nmpc,53.0,-0.67216194,-0.5004471,-0.5105496,-0.005126637,-0.038552072,0.14039327,0.08126426,-0.00057742523,-0.01527371,0.012482457,0.009541383,0.26205018,-0.6691306063588588,-0.49726094768413676,-0.5104080126136749,0.0,0.0,0.13974017572763958,0.07782194399996722,0.010946194996364067,-0.012220539200302749,0.0,0.0,0.0,0.004400061763985905,0.012408271257147194,0.0006530963146348934,-1.0882375180773214,6.163434,-3.786277,5.75226,-3.3750978,2.0037246,-2.215366,105.72635,0.01101316
figure_eight_depth,nmpc,53.1,-0.6639573,-0.49933738,-0.51175606,-0.004907551,-0.037407875,0.16594318,0.08226522,-0.00041498235,-0.015249342,0.012038434,0.010132952,0.25536454,-0.6613118653236523,-0.49605735065723894,-0.5116312890551856,0.0,0.0,0.16555687621897958,0.07855144738044828,0.01312486543120217,-0.01224493372398161,0.0,0.0,0.0,0.004215737441651647,0.014357787322554941,0.0003862993352959365,-1.0944003793866501,5.772003,-3.582363,5.4492893,-3.2596445,1.9833932,-2.2354302,95.400375,0.009937539
figure_eight_depth,nmpc,53.2,-0.65568763,-0.4979877,-0.5129655,-0.0046797227,-0.036222618,0.1908103,0.08327924,-0.00027397333,-0.0152206225,0.011578375,0.010632917,0.24855232,-0.6534206039901057,-0.4946361664814942,-0.5128569881695462,0.0,0.0,0.19063414607182336,0.07927233670956824,0.015297778866357747,-0.012268992546582425,0.0,0.0,0.0,0.004047700130930766,0.016347685990388952,0.0001761468873898997,-1.1000791939838388,5.3922663,-3.3822238,5.1517763,-3.14173,1.964687,-2.2541502,85.86843,0.008944629
figure_eight_depth,nmpc,53.300000000000004,-0.64735526,-0.49640304,-0.5141778,-0.0044439184,-0.035004325,0.21498558,0.08432216,-0.00017258398,-0.01518781,0.011113048,0.0110522,0.24164861,-0.6454576877239506,-0.4929980185352525,-0.5140850763535959,0.0,0.0,0.21496829007276338,0.07998453293356356,0.017463982189991345,-0.012292715008521693,0.0,0.0,0.0,0.0038991708374483064,0.01839144007616422,1.7289179479657024e-05,-1.1052801612577945,5.0238423,-3.1860669,4.862041,-3.0242622,1.9465426,-2.2725465,77.12911,0.008034282
figure_eight_depth,nmpc,53.400000000000006,-0.63896227,-0.4945913,-0.5153931,-0.0042002816,-0.03376049,0.23846333,0.08538475,-0.00013735688,-0.015151156,0.01065292,0.011395532,0.23468669,-0.6374239897486896,-0.4911436253643443,-0.5153155199386772,0.0,0.0,0.23855929560901576,0.08068795795257433,0.019622525233992105,-0.012316100459597301,0.0,0.0,0.0,0.00377607583464561,0.020507323734209295,-9.596832038813452e-05,-1.11001135935564,4.6663313,-2.994045,4.5820622,-2.909773,1.9280367,-2.2915373,69.169495,0.007205156
figure_eight_depth,nmpc,53.5,-0.6305091,-0.49255836,-0.51661134,-0.00395005,-0.032497495,0.26124105,0.086481266,-0.00014966616,-0.015110888,0.010190726,0.011673686,0.22769852,-0.6293203910498378,-0.4890738003669029,-0.5165482851915572,0.0,0.0,0.26141043318518703,0.08138253462702805,0.02177246118972853,-0.012339148258433408,0.0,0.0,0.0,0.003682269681399923,0.022677285223590284,-0.00016938461073939814,-1.1142798990989793,4.319611,-2.806282,4.313475,-2.8001437,1.9084165,-2.3118613,61.967888,0.006454988
figure_eight_depth,nmpc,53.6,-0.62199646,-0.49030754,-0.5178325,-0.003695596,-0.031221138,0.2833192,0.08760814,-0.00018247774,-0.0150671145,0.00971812,0.011891825,0.22071354,-0.6211477802783106,-0.48678945143658026,-0.5177833383153542,0.0,0.0,0.28352786124523965,0.08206818678979655,0.023912847024409878,-0.012361857773313112,0.0,0.0,0.0,0.0036193403949360383,0.024871554273726875,-0.0002086561995395808,-1.1180939660408473,3.9837267,-2.6228335,4.057616,-2.6967208,1.8870888,-2.3340826,55.494934,0.0057807225
figure_eight_depth,nmpc,53.7,-0.6134251,-0.48784095,-0.5190566,-0.0034396634,-0.029936606,0.30470082,0.088766135,-0.00022262127,-0.015020062,0.009233831,0.012055436,0.21375814,-0.6129070536529765,-0.48429158056431554,-0.5190206454504627,0.0,0.0,0.30492024322332156,0.082744839251081,0.026042743894144627,-0.012384228381678852,0.0,0.0,0.0,0.0035871531975093184,0.027075321473195798,-0.00021942158521426336,-1.1214623415955067,3.6586113,-2.4439886,3.8152673,-2.6006427,1.8636469,-2.3585987,49.71429,0.005178572
figure_eight_depth,nmpc,53.800000000000004,-0.60479534,-0.48515955,-0.5202835,-0.0031851176,-0.028648421,0.3253914,0.08995903,-0.00025966775,-0.014969894,0.008738591,0.012170404,0.20685624,-0.6045991148623747,-0.481581283398829,-0.5202601726754825,0.0,0.0,0.32559838290020804,0.0834124178083484,0.028161217555722207,-0.012406259470076897,0.0,0.0,0.0,0.0035837148810952796,0.029277587170951143,-0.0002069711188970036,-1.12439404763115,3.344148,-2.2701159,3.5868075,-2.5127738,1.8378388,-2.3856409,44.584908,0.004644261
figure_eight_depth,nmpc,53.900000000000006,-0.5961071,-0.4822635,-0.5215133,-0.0029347257,-0.027360465,0.34539855,0.0911914,-0.00028632412,-0.014916781,0.008234861,0.012242509,0.20002912,-0.5962248749656155,-0.4786597487660335,-0.5215018860081488,0.0,0.0,0.3455748824789378,0.0840708492539366,0.030267338776451824,-0.012427950434656942,0.0,0.0,0.0,0.0036056978778033965,0.03147098488522768,-0.00017633721374005207,-1.1268979911589772,3.0402253,-2.1015587,3.3723533,-2.4336853,1.8095521,-2.415331,40.06341,0.004173272
figure_eight_depth,nmpc,54.0,-0.58736086,-0.47915345,-0.5227458,-0.0026907662,-0.026076315,0.36473164,0.09245477,-0.0003048902,-0.014860837,0.0077285618,0.0122742895,0.19329552,-0.5877852522924734,-0.47552825814757693,-0.5227457514062631,0.0,0.0,0.3648638262852504,0.08472006138349197,0.032360183742030646,-0.012449300680672515,0.0,0.0,0.0,0.0036499530009249915,0.033654840075755595,-0.0001321866616084133,-1.1289843174723648,2.7465873,-1.9386904,3.1717274,-2.3638294,1.7787517,-2.4476814,36.104908,0.0037609276
figure_eight_depth,nmpc,54.1,-0.57855827,-0.47582996,-0.52398103,-0.0024553055,-0.024799274,0.3834018,0.09373664,-0.00031016025,-0.014802139,0.0072225467,0.012268151,0.18667188,-0.5792811723426788,-0.4721881851187405,-0.5239917347686274,0.0,0.0,0.38348049174239923,0.08535998300368552,0.034438834461636425,-0.012470309622869546,0.0,0.0,0.0,0.003712845838891764,0.035820363814714415,-7.868061950494498e-05,-1.1306644194306081,2.4628754,-1.7819196,2.984481,-2.3035245,1.7454885,-2.482635,32.66455,0.003402558
figure_eight_depth,nmpc,54.2,-0.5697007,-0.47229394,-0.5252189,-0.0022299034,-0.023532066,0.40142152,0.09503546,-0.00030482697,-0.014740836,0.0067223166,0.012229743,0.18017212,-0.5707135676844315,-0.46864099474594567,-0.5252398019359783,0.0,0.0,0.4014410882314772,0.08599054393976235,0.03650237917010579,-0.012490976685208821,0.0,0.0,0.0,0.003790822275047117,0.03796897235238823,-1.95710977644592e-05,-1.1319501023171312,2.1887155,-1.6315678,2.8100548,-2.252906,1.7098587,-2.5200708,29.698856,0.0030936308
figure_eight_depth,nmpc,54.300000000000004,-0.560791,-0.46854675,-0.52645946,-0.0020158147,-0.022277128,0.41880435,0.09633728,-0.0002867912,-0.014677049,0.0062310547,0.012161846,0.17380796,-0.5620833778521309,-0.46488824294412584,-0.526489918691924,0.0,0.0,0.41876252363706734,0.08661167504375733,0.03854991272878028,-0.012511301301088018,0.0,0.0,0.0,0.0038801789336300485,0.04009448152876436,4.182387803886023e-05,-1.1328542813629736,1.9238393,-1.4877039,2.647976,-2.21184,1.6720052,-2.5598466,27.166847,0.0028298802
figure_eight_depth,nmpc,54.400000000000006,-0.55183315,-0.46459135,-0.5277027,-0.0018136734,-0.021036778,0.43556494,0.097620726,-0.00026392768,-0.014610892,0.0057548787,0.012065688,0.16758889,-0.5533915492433442,-0.46093157579425037,-0.527742050763882,0.0,0.0,0.4354621977068785,0.08722330820148949,0.04058053702152287,-0.012531282913341713,0.0,0.0,0.0,0.003977955049933254,0.042198357320162305,0.00010273750048844787,-1.133391994202134,1.6682228,-1.3500832,2.4979603,-2.17982,1.6320977,-2.6017802,25.030117,0.0026073037
figure_eight_depth,nmpc,54.5,-0.5428315,-0.46043104,-0.52894855,-0.0016238955,-0.019812878,0.45171857,0.0988815,-0.00023494234,-0.014542466,0.0052957335,0.011946072,0.16152254,-0.5446390350150278,-0.45677272882130077,-0.5289961638240193,0.0,0.0,0.45155782094879554,0.08782537634061116,0.04259336134965208,-0.012550920974130353,0.0,0.0,0.0,0.004080778923827667,0.04427716877512748,0.00016074785308434206,-1.13357908831889,1.4215082,-1.2187425,2.359342,-2.156576,1.5903184,-2.645662,23.251972,0.0024220806
figure_eight_depth,nmpc,54.6,-0.5337856,-0.4560678,-0.530197,-0.0014464176,-0.018605793,0.46728116,0.10016483,-0.0002071042,-0.014471996,0.0048579723,0.011818168,0.15561466,-0.5358267949789971,-0.45241352623301,-0.5302522234901926,0.0,0.0,0.4670672574148008,0.08841781343743582,0.044587502821630265,-0.012570214945106795,0.0,0.0,0.0,0.004186086433437723,0.046348311748387494,0.00021390532399923057,-1.1334269236651653,1.1830655,-1.0938426,2.2312453,-2.1420221,1.5468608,-2.691304,21.798744,0.0022707025
figure_eight_depth,nmpc,54.7,-0.5246949,-0.45150375,-0.5314479,-0.0012810053,-0.017415706,0.482269,0.10147,-0.00018141026,-0.014399432,0.004442568,0.011684106,0.14986949,-0.5269557954966778,-0.44785588011970656,-0.5315101953268918,0.0,0.0,0.4820083895846789,0.08900055452470967,0.04656208674133633,-0.012589164297305278,0.0,0.0,0.0,0.0042921350793287075,0.048411968314035644,0.0002605995014722251,-1.1329469695578027,0.95226896,-0.9754772,2.1128066,-2.1360145,1.5018911,-2.738507,20.63998,0.002149998
figure_eight_depth,nmpc,54.800000000000004,-0.5155601,-0.4467413,-0.53270113,-0.0011274022,-0.016242867,0.49669868,0.10278334,-0.00015543184,-0.01432478,0.0040489356,0.011543557,0.1442899,-0.5180270093731303,-0.4431017896156074,-0.5327700448461835,0.0,0.0,0.49639900340874554,0.08957353569816195,0.04851624699084289,-0.012607768511141426,0.0,0.0,0.0,0.0043973362073180125,0.050461661728778195,0.0002996741310798967,-1.1321519376772304,0.72850084,-0.863671,2.0031826,-2.1383524,1.4555824,-2.7871032,19.748596,0.0020571453
figure_eight_depth,nmpc,54.900000000000006,-0.50638145,-0.44178253,-0.53395665,-0.0009853295,-0.01508714,0.5105869,0.10410747,-0.00012685111,-0.014248066,0.0036764804,0.011400714,0.13887726,-0.5090414157503712,-0.43815334002193174,-0.5340317375086567,0.0,0.0,0.5102566915947335,0.09013669412444303,0.05044912641116728,-0.012626027076745316,0.0,0.0,0.0,0.004500232785599682,0.05249517188344789,0.00033022580562658277,-1.131054151441138,0.5112914,-0.75830686,1.9016545,-2.1486697,1.4080933,-2.8369215,19.100368,0.001989622
figure_eight_depth,nmpc,55.0,-0.49715886,-0.43662953,-0.5352143,-0.00085433247,-0.013948103,0.5239505,0.10544334,-9.7959346e-05,-0.0141693335,0.003326075,0.011258701,0.13363168,-0.5000000000000004,-0.4330127018922196,-0.5352952387243697,0.0,0.0,0.5235987732240234,0.09068996804570406,0.0523598771768885,-0.01264393949323983,0.0,0.0,0.0,0.004600013790322859,0.05451434240123153,0.00035174395355841437,-1.129665990043543,0.30030555,-0.6590958,1.8076572,-2.1664472,1.3595682,-2.8878036,18.673544,0.0019451609
figure_eight_depth,nmpc,55.1,-0.48789188,-0.43128407,-0.5364741,-0.0007339285,-0.01282506,0.53680605,0.10679553,-6.76476e-05,-0.014088632,0.0029970822,0.011120616,0.12855223,-0.4909037536151411,-0.42768213008025346,-0.5365605138537985,0.0,0.0,0.5364422278743372,0.09123329679039394,0.05424766117015367,-0.012661505269906392,0.0,0.0,0.0,0.004696041291015879,0.05651877976811487,0.0003638190884008852,-1.1279991748362397,0.09526039,-0.56563,1.7207578,-2.191127,1.310141,-2.9396212,18.448898,0.0019217603
figure_eight_depth,nmpc,55.2,-0.47857997,-0.4257482,-0.5377359,-0.0006235223,-0.011717304,0.54916996,0.1081611,-3.7835933e-05,-0.01400595,0.002689697,0.010986819,0.12363703,-0.4817536741017153,-0.4221639627510076,-0.5378275282087863,0.0,0.0,0.5488036425295166,0.09176662077595155,0.05611165034638543,-0.01267872392496372,0.0,0.0,0.0,0.004788273139605678,0.0585090186409404,0.00036631510827023206,-1.1260657503821587,-0.10411513,-0.47752193,1.640525,-2.2221618,1.2599301,-2.9922352,18.409088,0.0019176132
figure_eight_depth,nmpc,55.300000000000004,-0.46922213,-0.4200242,-0.53899956,-0.0005223304,-0.010624072,0.5610584,0.10954107,-1.3823727e-05,-0.013921333,0.0024048963,0.010858195,0.11888339,-0.47255076486905384,-0.4164606203550496,-0.5390962470534943,0.0,0.0,0.5606991696650709,0.09228988151743778,0.05795102709824085,-0.012695594986456005,0.0,0.0,0.0,0.004877312009141771,0.06048991640432331,0.0003592323963914623,-1.1238774905807167,-0.29805693,-0.39440134,1.5665412,-2.258999,1.2090613,-3.0455153,18.538511,0.001931095
figure_eight_depth,nmpc,55.400000000000006,-0.4598188,-0.41411522,-0.5402651,-0.0004296138,-0.009545015,0.5724873,0.11091705,4.516969e-06,-0.013834773,0.002141358,0.010730877,0.114288196,-0.46329603511986134,-0.4105746045668518,-0.5403666356053548,0.0,0.0,0.5721444950507079,0.09280302163339194,0.059764984614268934,-0.012712117991697802,0.0,0.0,0.0,0.004963604100791425,0.06245551816694837,0.0003427996232118202,-1.1214481086934036,-0.48683137,-0.31583315,1.4984685,-2.3011327,1.1576319,-3.09936,18.823519,0.001960783
figure_eight_depth,nmpc,55.5,-0.4503697,-0.4080235,-0.54153246,-0.00034484654,-0.008479494,0.58347213,0.11229911,2.1918166e-05,-0.013746336,0.0018961595,0.010608025,0.10984778,-0.45399049973954697,-0.40450849718747384,-0.5416386590360236,0.0,0.0,0.5831548139234201,0.09330598485224328,0.06155272723284977,-0.012728292487884652,0.0,0.0,0.0,0.005047460909160997,0.06440353691187264,0.00031731875938023624,-1.1187902311403595,-0.67058545,-0.2414036,1.4359869,-2.3479757,1.1057463,-3.1536696,19.251316,0.0020053452
figure_eight_depth,nmpc,55.6,-0.44087526,-0.40175143,-0.5428016,-0.00026761612,-0.0074271034,0.59402794,0.11367908,4.1326915e-05,-0.013656022,0.0016673733,0.0104875,0.105558015,-0.44463517918492745,-0.39826495901209813,-0.542912282472336,0.0,0.0,0.5937448143286057,0.09379871601838952,0.06331347079091554,-0.012744118031482454,0.0,0.0,0.0,0.005128810334618761,0.06632815902254303,0.0002831221299819386,-1.1159172913328725,-0.8495157,-0.17069754,1.3788115,-2.3990245,1.0534756,-3.2083664,19.81068,0.0020636125
figure_eight_depth,nmpc,55.7,-0.43133587,-0.39530122,-0.54407257,-0.0001975517,-0.0063874777,0.6041694,0.11505664,6.3969164e-05,-0.013563883,0.0014538525,0.010369114,0.101414375,-0.4352310993723273,-0.39184672866291975,-0.5441874709972622,0.0,0.0,0.6039286665577525,0.09428116109830298,0.06504644296814743,-0.012759594188616052,0.0,0.0,0.0,0.005207645520180389,0.06822748246277165,0.00024076179078880156,-1.112842335752303,-1.0239712,-0.10352023,1.3264772,-2.4539683,1.0008993,-3.2633774,20.492168,0.0021346007
figure_eight_depth,nmpc,55.800000000000004,-0.4217529,-0.38867605,-0.5453451,-0.00013419757,-0.005360559,0.6139106,0.11641809,8.7373475e-05,-0.013469922,0.0012557539,0.010249945,0.09741202,-0.425779291565073,-0.38525662138789485,-0.5454641896508643,0.0,0.0,0.6137200177226132,0.09475326718644261,0.06675088362567694,-0.012774720535069228,0.0,0.0,0.0,0.005283794041813871,0.0700990127453385,0.00019059772157015153,-1.1095797284559814,-1.1942979,-0.039708782,1.2785388,-2.512545,0.9480771,-3.3186178,21.287544,0.0022174523
figure_eight_depth,nmpc,55.900000000000006,-0.41212827,-0.38187954,-0.5466194,-7.713481e-05,-0.004346395,0.6232652,0.11775423,0.000111937086,-0.013374251,0.0010720844,0.010129085,0.09354608,-0.4162807922604013,-0.3784975278258783,-0.5467424034312558,0.0,0.0,0.6231319906265267,0.09521498251108262,0.06842604513954131,-0.012789496656118171,0.0,0.0,0.0,0.005356917468065858,0.07193870239966038,0.0001332161872855675,-1.1061446878361276,-1.360752,0.02083385,1.2345192,-2.5744371,0.89510185,-3.3740177,22.189049,0.0023113592
figure_eight_depth,nmpc,56.0,-0.4024633,-0.3749151,-0.5478954,-2.5940757e-05,-0.0033447442,0.6322464,0.11907179,0.00013736305,-0.013276926,0.00090229587,0.010009581,0.0898115,-0.406736643075801,-0.3715724127386977,-0.5480220772955601,0.0,0.0,0.632177186193951,0.0956662564399191,0.0700711927285047,-0.012803922146586988,0.0,0.0,0.0,0.005426890267621371,0.07374810658350153,6.918888997231587e-05,-1.102571603021132,-1.5235279,0.07845318,1.1942077,-2.6392822,0.8420203,-3.4295228,23.189857,0.0024156105
figure_eight_depth,nmpc,56.1,-0.39275807,-0.367786,-0.5491729,2.000161e-05,-0.0023551474,0.6408667,0.120378815,0.00015704262,-0.013178009,0.00074775104,0.009893731,0.086203046,-0.3971478906347812,-0.36448431371070616,-0.5493031761608718,0.0,0.0,0.6408676888166003,0.09610703948564892,0.0716856047764669,-0.01281799661112526,0.0,0.0,0.0,0.005494411538057812,0.07553531545678555,-9.919820360693166e-07,-1.0988744666271961,-1.6893773,0.13395657,1.1576478,-2.7130682,0.7880744,-3.4860096,24.346153,0.0025360575
figure_eight_depth,nmpc,56.2,-0.38301453,-0.3605013,-0.55045193,6.141574e-05,-0.0013774972,0.6491383,0.12162602,0.00013657325,-0.013077093,0.00060894847,0.009778157,0.08271513,-0.3875155864521033,-0.35723633981640196,-0.5505856649052184,0.0,0.0,0.6492150740558088,0.09653728331149303,0.07326857314893243,-0.012831719663763952,0.0,0.0,0.0,0.005562129909577726,0.07731619688296613,-7.680224718453754e-05,-1.0950434230397077,-1.8615307,0.1882103,1.1250179,-2.798338,0.7335983,-3.543231,25.689732,0.0026760136
figure_eight_depth,nmpc,56.300000000000004,-0.37323642,-0.35307634,-0.5517324,9.845273e-05,-0.00041175078,0.6570725,0.12275902,3.818639e-05,-0.012973597,0.00047966398,0.009662337,0.0793419,-0.3778407868184672,-0.34983167025668277,-0.5518695083685231,0.0,0.0,0.6572304182230708,0.09695694073633132,0.07481940350362315,-0.012845090928303993,0.0,0.0,0.0,0.005634437065712802,0.07910748596074853,-0.00015793372981520726,-1.091640310559082,-2.0372233,0.24067907,1.09547,-2.892014,0.680959,-3.5987957,27.187038,0.0028319831
figure_eight_depth,nmpc,56.400000000000006,-0.36342785,-0.3455306,-0.55301404,0.00013021333,0.00054232444,0.6646804,0.12374683,-0.00016623373,-0.012867215,0.00034893162,0.009548242,0.07607803,-0.36812455268467786,-0.34227355296434425,-0.5531546713535689,0.0,0.0,0.6649243094232883,0.09736596574044798,0.07633741559553986,-0.012858110038371784,0.0,0.0,0.0,0.0057172691736145555,0.08092439865001817,-0.00024388807090180986,-1.0885452911327331,-2.207053,0.28981647,1.0675278,-2.9847639,0.63445073,-3.6482313,28.715626,0.0029912114
figure_eight_depth,nmpc,56.5,-0.35359156,-0.33787763,-0.5542966,0.0001529625,0.0014857629,0.6719725,0.12463384,-0.0004350951,-0.012758436,0.00018794475,0.009443879,0.07292005,-0.35836794954530077,-0.3345653031794295,-0.5544411186269631,0.0,0.0,0.6723068597059058,0.09776431346836256,0.07782194357330852,-0.012870776636642045,0.0,0.0,0.0,0.0058143170955278455,0.08274145420962133,-0.0003343465070532181,-1.0853661341068805,-2.3616998,0.33377814,1.0395161,-3.0674374,0.5986106,-3.6868498,30.129997,0.003138541
figure_eight_depth,nmpc,56.6,-0.3437274,-0.3301188,-0.55558014,0.00015974624,0.0024203686,0.67895925,0.1255165,-0.0006891141,-0.01264843,-3.596897e-05,0.009356744,0.06986582,-0.3485720473218155,-0.32671030199505297,-0.5557288149201041,0.0,0.0,0.6793877180298753,0.0981519402380171,0.07927233627488817,-0.01288309037611457,0.0,0.0,0.0,0.005925412281809532,0.08451454291075958,-0.0004284675797410209,-1.0821136208028432,-2.4914958,0.37165925,1.0105084,-3.1303449,0.5774377,-3.710515,31.267225,0.0032570024
figure_eight_depth,nmpc,56.7,-0.33383533,-0.3222392,-0.5568647,0.00013998203,0.003347477,0.68565077,0.12649594,-0.0008014105,-0.012538874,-0.00035960114,0.009281774,0.066913426,-0.3387379202452914,-0.3187119948743449,-0.5570177249301476,0.0,0.0,0.6861760837824273,0.0985288035413312,0.08068795750981739,-0.012895050919226048,0.0,0.0,0.0,0.006041513627174188,0.08615570106045638,-0.0005253178865838315,-1.0787932102948175,-2.585203,0.40379608,0.98062384,-3.1620305,0.5740402,-3.7159307,31.944046,0.003327505
figure_eight_depth,nmpc,56.800000000000004,-0.32391292,-0.31420025,-0.55815065,7.9974714e-05,0.0042681256,0.6920569,0.12774321,-0.0006062383,-0.0124322,-0.000814516,0.009215452,0.06405951,-0.32886664673858307,-0.31057389013915504,-0.5583078133209745,0.0,0.0,0.6926807206399883,0.09889486205105769,0.08206818633985091,-0.012906657937905575,0.0,0.0,0.0,0.0061412234835564235,0.08756433654409122,-0.000623826337620148,-1.0754388215668573,-2.6298993,0.4318194,0.95115125,-3.1492307,0.59046143,-3.700844,31.970072,0.0033302158
figure_eight_depth,nmpc,56.900000000000006,-0.31395355,-0.305931,-0.55943906,-3.6488163e-05,0.0051828716,0.6981869,0.12950258,0.0001140682,-0.012331435,-0.0014262644,0.009152364,0.061298788,-0.31895930929806954,-0.3022995574311871,-0.5595990447241598,0.0,0.0,0.698909970594933,0.09925007562469612,0.08341241735096427,-0.012917911114129765,0.0,0.0,0.0,0.006186325447164139,0.08862377175431743,-0.0007230962052845458,-1.0721570250936714,-2.6117113,0.45844737,0.9245938,-3.0778575,0.6275915,-3.6641743,31.179337,0.0032478475
figure_eight_depth,nmpc,57.0,-0.30393937,-0.29732046,-0.5607315,-0.00022568724,0.006092152,0.70404935,0.13212582,0.0015838604,-0.012239883,-0.002195832,0.009090666,0.05862391,-0.3090169943749477,-0.2938926261462368,-0.5608913837399422,0.0,0.0,0.704871767996983,0.09959440530910024,0.08472006091900242,-0.012928810139256619,0.0,0.0,0.0,0.006128444414092962,0.0892770726965891,-0.0008224191658062762,-1.0687797477047039,-2.5235057,0.4859439,0.90317726,-2.940739,0.6848169,-3.606408,29.543053,0.003077401
figure_eight_depth,nmpc,57.1,-0.29387563,-0.28837025,-0.5620295,-0.00047107946,0.0069677574,0.70965064,0.13472061,0.003079998,-0.012158334,-0.0027951596,0.008743412,0.056013927,-0.29904079225608665,-0.2853567838422158,-0.5621847949381952,0.0,0.0,0.7105736534894598,0.09992781334464129,0.0859905434683339,-0.012939354714580631,0.0,0.0,0.0,0.005981969875256485,0.08991833590349806,-0.0009230177701604614,-1.06526040493253,-2.3714275,0.51471996,0.8872114,-2.7439187,0.7597417,-3.5300083,27.243004,0.0028378128
figure_eight_depth,nmpc,57.2,-0.2837788,-0.27917176,-0.56333333,-0.0007346121,0.007766477,0.7149961,0.1366157,0.0039965813,-0.012085425,-0.003007781,0.007962012,0.05345686,-0.28903179694447134,-0.27669577462167183,-0.5634792428593971,0.0,0.0,0.7160227877374243,0.1002502631693436,0.08722330772320541,-0.012949544550833192,0.0,0.0,0.0,0.005809125105580156,0.09082884575695527,-0.0010266882653784393,-1.0616039425171642,-2.172378,0.5433764,0.8749484,-2.5039499,0.8485458,-3.4389372,24.596104,0.0025620938
figure_eight_depth,nmpc,57.300000000000004,-0.2736698,-0.26984924,-0.5646424,-0.0009766541,0.00844606,0.7200909,0.13754973,0.004126993,-0.012019938,-0.0028161083,0.0067584105,0.050952215,-0.27899110603922966,-0.26791339748949866,-0.5647746920156043,0.0,0.0,0.7212259648723508,0.10056171942299241,0.08841781295262918,-0.012959379368848722,0.0,0.0,0.0,0.0056640254007671205,0.09205399321738553,-0.001135039178838837,-1.0578774456704267,-1.9449992,0.5707022,0.86463404,-2.238931,0.9468772,-3.3377671,21.906393,0.0022819159
figure_eight_depth,nmpc,57.400000000000006,-0.26355517,-0.2604706,-0.5659556,-0.0011768361,0.008984068,0.7249415,0.13799004,0.0038138365,-0.011962979,-0.002411493,0.005332706,0.048508793,-0.26891982061526587,-0.25901350468656525,-0.5660711068914238,0.0,0.0,0.7261896255808374,0.10086214795085313,0.08957353520699929,-0.01296885889895405,0.0,0.0,0.0,0.005560211875611346,0.09345703973869225,-0.0012481335001489626,-1.054123928019893,-1.703734,0.5967214,0.8557139,-1.9627264,1.0505759,-3.2308006,19.385109,0.0020192822
figure_eight_depth,nmpc,57.5,-0.2534354,-0.25106695,-0.56727177,-0.0013281145,0.00937062,0.7295543,0.13821794,0.0033005343,-0.011916291,-0.0019271992,0.003811233,0.046130914,-0.25881904510252157,-0.2500000000000007,-0.567368451944987,0.0,0.0,0.7309198697956936,0.10115151580761261,0.09068996754846292,-0.012977982881245964,0.0,0.0,0.0,0.005489201880587128,0.0949313441352803,-0.0013655742558376094,-1.0503707265838713,-1.4585837,0.62212145,0.84839356,-1.6848557,1.1560775,-3.1217277,17.15471,0.0017869491
figure_eight_depth,nmpc,57.6,-0.24330938,-0.2416493,-0.56858987,-0.0014311859,0.009603328,0.73393613,0.13837627,0.0027279723,-0.011881598,-0.001441309,0.0022688792,0.043819122,-0.24868988716485535,-0.24087683705085813,-0.5686666916089238,0.0,0.0,0.7354224689418967,0.10142979126076535,0.09176662027279847,-0.012986751065591218,0.0,0.0,0.0,0.0054362186397831445,0.09640614174418687,-0.0014863379413778688,-1.0466388759274903,-1.2160233,0.6478978,0.84327114,-1.4113966,1.2605011,-3.0134795,15.271553,0.0015907866
figure_eight_depth,nmpc,57.7,-0.23317507,-0.23221721,-0.5699092,-0.0014909344,0.009684733,0.7380933,0.13854784,0.002175094,-0.011860535,-0.0009967122,0.0007545554,0.041571595,-0.23853345757858122,-0.23164801755993117,-0.5699657902913382,0.0,0.0,0.7397028777140613,0.10169694379430494,0.09280302112454897,-0.012995163211571015,0.0,0.0,0.0,0.005388831521526008,0.09784016007859418,-0.0016095611590380976,-1.0429468993668602,-0.9796733,0.6748942,0.8409577,-1.1457367,1.361716,-2.9082708,13.747475,0.0014320286
figure_eight_depth,nmpc,57.800000000000004,-0.22302824,-0.22276351,-0.5712293,-0.0015138559,0.009620892,0.7420322,0.13879478,0.0016758669,-0.011854288,-0.0006106727,-0.00069713563,0.039385293,-0.22835087011065586,-0.22231758959246387,-0.5712657123767834,0.0,0.0,0.7437662453611306,0.1019529441119299,0.09379871550409258,-0.013003219088536522,0.0,0.0,0.0,0.00534139821174918,0.09922328423108133,-0.0017340750654152304,-1.039311168562773,-0.75134856,0.70452607,0.8426422,-0.88946456,1.4581232,-2.8077579,12.571703,0.0013095522
figure_eight_depth,nmpc,57.900000000000006,-0.21286312,-0.21327612,-0.57254964,-0.0015071345,0.0094201155,0.7457583,0.13916196,0.0012545085,-0.011863553,-0.00029127064,-0.0020641615,0.03725678,-0.21814324139654243,-0.21288964578253622,-0.5725664222272386,0.0,0.0,0.7476174264628623,0.10219776414077675,0.0947532666673162,-0.013010918475775402,0.0,0.0,0.0,0.0052942753266035925,0.10054693405889517,-0.0018591314036582318,-1.0357467701170426,-0.53262734,0.73895186,0.85015655,-0.64383197,1.5485799,-2.7130992,11.726035,0.0012214618
figure_eight_depth,nmpc,58.0,-0.20267214,-0.20374103,-0.5738702,-0.0014777102,0.009092119,0.7492772,0.13967678,0.0009115303,-0.011888655,-3.7229864e-05,-0.0033329988,0.035181772,-0.20791169081775987,-0.2033683215379006,-0.5738678841830865,0.0,0.0,0.7512609911930165,0.1024313770326829,0.09566625591578282,-0.013018261162067724,0.0,0.0,0.0,0.005252791762665646,0.1018182402413709,-0.001983816720207643,-1.0322627790658503,-0.32316098,0.7792256,0.8644145,-0.40834984,1.6324729,-2.624932,11.180824,0.001164669
figure_eight_depth,nmpc,58.1,-0.1924514,-0.19414838,-0.5751907,-0.001431709,0.008645555,0.7525935,0.14028512,0.00063871656,-0.011929544,0.00015848571,-0.0045146383,0.03315598,-0.19765734037912644,-0.19375779322605174,-0.5751700625640902,0.0,0.0,0.7547012350591759,0.10265375716936309,0.09653728278216644,-0.013025246946074542,0.0,0.0,0.0,0.005220610207995226,0.10302356523101469,-0.0021077177557090603,-1.0288694651330825,-0.12220583,0.826253,0.88624036,-0.18219313,1.7095463,-2.5435185,10.908279,0.0011362792
figure_eight_depth,nmpc,58.2,-0.18220146,-0.18449338,-0.57651114,-0.0013744028,0.008087642,0.75571203,0.14092034,0.00042901607,-0.011986069,0.00030345688,-0.005623772,0.031175492,-0.18738131458572468,-0.18406227634233904,-0.5764729216703713,0.0,0.0,0.7579421881239625,0.10286488016519879,0.09736596520616703,-0.01303187563650443,0.0,0.0,0.0,0.0051979037077937405,0.10414453379119397,-0.0022301558058472892,-1.0255814002160895,0.07068754,0.8809192,0.91636133,0.03524546,1.7797642,-2.468905,10.885029,0.0011338571
figure_eight_depth,nmpc,58.300000000000004,-0.17192425,-0.17477384,-0.57783145,-0.0013101731,0.0074250866,0.75863665,0.14155518,0.00027193347,-0.012058009,0.00040576493,-0.0066657374,0.02923629,-0.17708474031958313,-0.17428602366090745,-0.5777764257833896,0.0,0.0,0.7609876237044584,0.10306472286773782,0.09815193969982261,-0.013038147051391835,0.0,0.0,0.0,0.0051837893155992675,0.10518065985870843,-0.0023509702811490563,-1.0224127520348252,0.2562271,0.94335854,0.9548599,0.24472576,1.8433703,-2.4008718,11.089425,0.0011551486
figure_eight_depth,nmpc,58.400000000000006,-0.16162327,-0.164991,-0.5791515,-0.0012424311,0.006663835,0.7613712,0.14215542,0.00015339359,-0.012144971,0.00047437902,-0.007648334,0.027334668,-0.16676874671610187,-0.16443332336929123,-0.5790805391669211,0.0,0.0,0.7638410665587694,0.10325326336199647,0.098894861508797,-0.013044061018929742,0.0,0.0,0.0,0.005176097455434624,0.10613229449370774,-0.00246987124245468,-1.0193799005232884,0.43493158,1.0133332,1.00144,0.44682464,1.9006754,-2.339107,11.502533,0.0011981806
figure_eight_depth,nmpc,58.5,-0.15130118,-0.15514733,-0.5804712,-0.0011736896,0.0058098105,0.763919,0.14271836,5.9102815e-05,-0.012246499,0.0005176334,-0.008571896,0.025467142,-0.15643446504023112,-0.15450849718747395,-0.5803852260680387,0.0,0.0,0.7665058005618846,0.10343048097236074,0.09959440476300929,-0.013049617376914568,0.0,0.0,0.0,0.005173602572891705,0.1070114889079813,-0.0025868047046457843,-1.0164992828540635,0.60720575,1.0904988,1.0556903,0.6420143,1.9521008,-2.28318,12.10816,0.0012612665
figure_eight_depth,nmpc,58.6,-0.14095977,-0.14524552,-0.5817906,-0.0011059031,0.004868972,0.7662832,0.1432491,-1.896327e-05,-0.012362063,0.0005405106,-0.009436123,0.023630517,-0.14608302856241162,-0.1445158984722358,-0.581690450718092,0.0,0.0,0.7689848758804488,0.10359635626493169,0.1002502626196583,-0.013054815973023715,0.0,0.0,0.0,0.005175922093642616,0.10782734910847205,-0.0027016617881941984,-1.0137837580459523,0.77368224,1.174149,1.1168792,0.830952,1.9982173,-2.2325387,12.892212,0.0013429387
figure_eight_depth,nmpc,58.7,-0.13060237,-0.13529034,-0.5831097,-0.0010406411,0.003846537,0.7684666,0.14372228,-8.4472995e-05,-0.012491013,0.0005463134,-0.0102484925,0.021821907,-0.13571557243430504,-0.1344599103076335,-0.5829961773336878,0.0,0.0,0.7712811156541445,0.10375087104959324,0.10086214739780941,-0.013059656664760055,0.0,0.0,0.0,0.005181436700023697,0.10857374050210547,-0.0028145238191225053,-1.011248594573256,0.9349587,1.2635291,1.1842593,1.0142285,2.0396788,-2.1865256,13.842967,0.0014419757
figure_eight_depth,nmpc,58.800000000000004,-0.120231174,-0.1252861,-0.58442837,-0.000979111,0.0027478966,0.7704716,0.14414902,-0.0001419455,-0.012632705,0.00053817796,-0.011007263,0.020038698,-0.12533323356430465,-0.12434494358242779,-0.5843023701176716,0.0,0.0,0.7733971221916573,0.10389400838210772,0.10142979070462688,-0.01306413931945194,0.0,0.0,0.0,0.005189669370792098,0.1092587283249292,-0.0029255493156807866,-1.008908040635744,1.0919287,1.3576934,1.2568837,1.1927384,2.0772057,-2.144421,14.951347,0.0015574318
figure_eight_depth,nmpc,58.900000000000006,-0.10984832,-0.11523574,-0.5857467,-0.0009226112,0.001578455,0.7723006,0.14453936,-0.00018168768,-0.012786425,0.00051473774,-0.011712319,0.018278653,-0.11493715049286679,-0.11417543505532805,-0.5856089932601082,0.0,0.0,0.7753352826909602,0.10402575256581587,0.10195294355292567,-0.013068263814197678,0.0,0.0,0.0,0.005199942194809069,0.10987681471296928,-0.003034681685405993,-1.0067740325873014,1.2455469,1.455523,1.3336713,1.3673985,2.1116633,-2.1053574,16.210045,0.0016885462
figure_eight_depth,nmpc,59.0,-0.099457145,-0.10514154,-0.5870647,-0.00087255856,0.00034323588,0.77395576,0.14488916,-0.00019060347,-0.012951446,0.00047440093,-0.012367456,0.016539799,-0.1045284632676543,-0.10395584540888049,-0.5869160109392639,0.0,0.0,0.7770977744933548,0.10414608915348955,0.1024313764705978,-0.013072030035810034,0.0,0.0,0.0,0.005210206672965562,0.11041414407156747,-0.003142012107032799,-1.0058102604196675,1.3966562,1.5558376,1.4134928,1.5390009,2.1439538,-2.0684285,17.6127,0.0018346561
figure_eight_depth,nmpc,59.1,-0.08906319,-0.09500525,-0.58838236,-0.0008306283,-0.00095323485,0.7754389,0.14518657,-0.00014935703,-0.013127074,0.00041421174,-0.012977644,0.014820515,-0.09410831331851491,-0.0936906572928629,-0.5882233873225893,0.0,0.0,0.7786865698791352,0.10425500494886525,0.10286487960118468,-0.013075437881149288,0.0,0.0,0.0,0.005216004340403269,0.11084822461407849,-0.0032476651168671378,-1.005474926103544,1.5460476,1.6576897,1.4954451,1.7082921,2.1749916,-2.0327275,19.155386,0.0019953528
figure_eight_depth,nmpc,59.2,-0.07867317,-0.0848265,-0.5896998,-0.0007988564,-0.0023064518,0.776752,0.14543827,-3.4242243e-05,-0.013312597,0.0003302362,-0.01354307,0.013119432,-0.08367784333231584,-0.08338437335805148,-0.5895310865677,0.0,0.0,0.7801034404138438,0.10435248800810121,0.10325326279584518,-0.013078487256790172,0.0,0.0,0.0,0.005211041916213199,0.11115936706401132,-0.003351445327173907,-1.0054306557259203,1.6946685,1.7599703,1.5784205,1.8762184,2.2056193,-1.9974201,20.835447,0.002170359
figure_eight_depth,nmpc,59.300000000000004,-0.0682909,-0.07460501,-0.5910169,-0.00077798415,-0.0037116965,0.7778965,0.1456642,0.00013351413,-0.013507226,0.0002351209,-0.014061586,0.011434321,-0.07323819712763181,-0.07304151428120594,-0.5908390728233609,0.0,0.0,0.781349960854801,0.10443852764108197,0.10359635569689996,-0.013081178079077382,0.0,0.0,0.0,0.0051915238718342575,0.1113745804878274,-0.003453437379154045,-1.0056800706232623,1.8434987,1.86161,1.661344,2.0437646,2.236557,-1.9617699,22.651846,0.0023595672
figure_eight_depth,nmpc,59.400000000000006,-0.057918265,-0.06434296,-0.5923338,-0.0007672998,-0.005164679,0.778874,0.14586113,0.00032335188,-0.013710211,0.0001431228,-0.014537425,0.00976294,-0.06279051952931326,-0.062666616782152,-0.592147310230468,0.0,0.0,0.7824275126232101,0.10451311441259797,0.10389400781244534,-0.013083510274236598,0.0,0.0,0.0,0.005155944602250589,0.11152099462597313,-0.003553532577891483,-1.0062232634629567,1.9931886,1.9617583,1.7433239,2.211623,2.268397,-1.9252231,24.60386,0.0025629022
figure_eight_depth,nmpc,59.5,-0.04755644,-0.054045506,-0.5936505,-0.0007650162,-0.0066617513,0.77968544,0.14601305,0.0005085798,-0.013920749,6.474575e-05,-0.014976947,0.008103145,-0.05233595624294437,-0.05226423163382727,-0.5934557629230316,0.0,0.0,0.7833372868512991,0.1045762401437958,0.10414608858288349,-0.013085483778429996,0.0,0.0,0.0,0.005104373742127359,0.11161738312518617,-0.0036518491720083364,-1.007060113543608,2.144034,2.0597525,1.8236583,2.380128,2.3015592,-1.8873706,26.689543,0.0027801609
figure_eight_depth,nmpc,59.6,-0.037206113,-0.04371932,-0.594967,-0.00076893397,-0.008199562,0.78033197,0.14611265,0.0006753379,-0.014138092,3.889966e-06,-0.015383051,0.0064530526,-0.04187565372919993,-0.04183892166615805,-0.5947643950291607,0.0,0.0,0.7840802870087764,0.10462789791091179,0.10435248743592349,-0.013087098537312158,0.0,0.0,0.0,0.0050380117928126794,0.11167381353506906,-0.0037483177476069778,-1.008190222788893,2.2962642,2.155108,1.9018282,2.549544,2.33635,-1.8479017,28.907719,0.0030112204
figure_eight_depth,nmpc,59.7,-0.026867436,-0.03337131,-0.5962833,-0.00077683415,-0.009774797,0.7808143,0.14616191,0.00081808626,-0.014361575,-3.945442e-05,-0.01575605,0.004810897,-0.03141075907812836,-0.031395259764656756,-0.5960731706720448,0.0,0.0,0.7846573311162512,0.10466808205041728,0.10451311383953207,-0.013088354506918254,0.0,0.0,0.0,0.004958903195852954,0.11169609623491529,-0.0038430410695593498,-1.0096133373604699,2.449905,2.2474267,1.9774688,2.719863,2.3729584,-1.8066422,31.255888,0.0032558218
figure_eight_depth,nmpc,59.800000000000004,-0.016539346,-0.023007277,-0.5975995,-0.00078669825,-0.011383866,0.78113306,0.14617705,0.00093619735,-0.014590501,-6.747999e-05,-0.016093157,0.0031752859,-0.02094241988335679,-0.020937826864599645,-0.5973820539709386,0.0,0.0,0.7850690535490384,0.10469678815522472,0.10462789733722659,-0.013089251652609324,0.0,0.0,0.0,0.004870006871605248,0.11169079999936979,-0.003935997862087759,-1.0113265560102573,2.6047149,2.3366566,2.0503345,2.8910372,2.4114447,-1.7635517,33.731647,0.0035137136
figure_eight_depth,nmpc,59.900000000000006,-0.0062210876,-0.012632884,-0.5989155,-0.0007968458,-0.013023387,0.78128874,0.14615683,0.0010326483,-0.01482412,-8.3750856e-05,-0.016396428,0.0015440821,-0.010471784116245386,-0.010471209941678073,-0.5986910090421451,0.0,0.0,0.7853159064358645,0.10471401307738433,0.10469678758116048,-0.01308978994990495,0.0,0.0,0.0,0.004774061114687587,0.1116546862933878,-0.00402716341676046,-1.0133247740824647,2.760392,2.4226782,2.1201026,3.0629675,2.451817,-1.7186171,36.330788,0.0037844575
figure_eight_depth,nmpc,60.0,0.0040866756,-0.0022547937,-0.6002314,-0.00080589607,-0.014690483,0.78128153,0.14608403,0.001110371,-0.015061776,-9.144566e-05,-0.0166709,-8.570695e-05,-2.4492935982947064e-16,-2.4492935982947064e-16,-0.6,0.0,0.0,0.7853981606558916,0.10471975492799004,0.10471975435379975,-0.013089969383928146,0.0,0.0,0.0,0.00467317471743861,0.11157865041023715,-0.004116629798805449,-1.0156054867181568,2.9167242,2.5055683,2.1865976,3.2356951,2.4940493,-1.6718752,39.051533,0.004067868
figure_eight_depth,nmpc,60.1,0.014384628,0.008122449,-0.6015471,-0.0008128077,-0.016381761,0.78111106,0.1459831,0.0011748224,-0.015302798,-9.4158095e-05,-0.016911406,-0.001718138,0.010471784116245785,0.010471209941678472,-0.6013089909578548,0.0,0.0,0.7853159064358646,0.10471401307738347,0.10469678758115962,-0.01308978994984944,0.0,0.0,0.0,0.004569872498181211,0.11146673135334624,-0.00420484486283601,-1.0181630001997104,3.07337,2.5855474,2.2497597,3.4091578,2.5380404,-1.6234262,41.891598,0.0043637077
figure_eight_depth,nmpc,60.2,0.02467329,0.018494157,-0.6028628,-0.0008166826,-0.018094081,0.7807769,0.1458519,0.0012261585,-0.015546504,-9.3488496e-05,-0.017120479,-0.0033551275,0.020942419883356298,0.020937826864599152,-0.6026179460290614,0.0,0.0,0.7850690535490384,0.10469678815522472,0.10462789733722659,-0.013089251652609324,0.0,0.0,0.0,0.004466638460727315,0.11131801529933823,-0.004292135614620718,-1.0209901142840945,3.2300704,2.6628182,2.3095853,3.5833035,2.5836995,-1.573387,44.849255,0.0046717976
figure_eight_depth,nmpc,60.300000000000004,0.034952417,0.028855268,-0.60417825,-0.00081686,-0.01982466,0.78027856,0.1456824,0.0012670752,-0.01579219,-9.193869e-05,-0.017301703,-0.004996688,0.03141075907812787,0.031395259764656264,-0.603926829327955,0.0,0.0,0.7846573311162512,0.10466808205041728,0.10451311383953207,-0.013088354506918254,0.0,0.0,0.0,0.004365559738653364,0.11112708510932494,-0.004378767616800561,-1.0240791370795685,3.386569,2.7375088,2.366052,3.7580261,2.6309192,-1.5218486,47.92153,0.004991825
figure_eight_depth,nmpc,60.400000000000006,0.045221314,0.03920017,-0.6054936,-0.00081276754,-0.021570979,0.7796155,0.1454675,0.0012967766,-0.016039258,-9.051695e-05,-0.01745778,-0.0066435956,0.04187565372919944,0.04183892166615756,-0.6052356049708392,0.0,0.0,0.7840802870087764,0.10462789791091179,0.10435248743592349,-0.01308709853736767,0.0,0.0,0.0,0.004268841333518074,0.11089214706405051,-0.004464765577807173,-1.0274209130280392,3.5426276,2.8096843,2.4191117,3.9332001,2.6796143,-1.4689045,51.104713,0.0053234077
figure_eight_depth,nmpc,60.5,0.05547888,0.04952217,-0.60680884,-0.00080377527,-0.023330811,0.778787,0.14519688,0.0013103335,-0.016287152,-8.877445e-05,-0.017591592,-0.00829715,0.052335956242942995,0.0522642316338259,-0.6065442370769681,0.0,0.0,0.7833372868513068,0.1045762401433517,0.10414608858244287,-0.013085483778374485,0.0,0.0,0.0,0.004179339945817485,0.1106141038948834,-0.00455026998271546,-1.0310099237366606,3.6979508,2.8794537,2.468792,4.1086125,2.729665,-1.4146725,54.394096,0.005666051
figure_eight_depth,nmpc,60.6,0.06572542,0.059817627,-0.608124,-0.0007897841,-0.025101228,0.7777923,0.14490207,0.0013194656,-0.01653532,-9.2142254e-05,-0.017696168,-0.009958655,0.06279051952931278,0.06266661678215152,-0.607852689769532,0.0,0.0,0.7824275126232433,0.10451311441259103,0.10389400781244534,-0.013083510274236598,0.0,0.0,0.0,0.004099270901688282,0.11029378524015333,-0.0046352376713084675,-1.034837262641551,3.8524244,2.9469774,2.5151684,4.2842336,2.7809753,-1.3592666,57.788013,0.0060195844
figure_eight_depth,nmpc,60.7,0.07596083,0.07008379,-0.609439,-0.0007710215,-0.026879463,0.77663034,0.14458641,0.0013333053,-0.016783087,-0.000104004226,-0.017773174,-0.011629771,0.07323819712763133,0.07304151428120545,-0.609160927176639,0.0,0.0,0.781349960854801,0.10443852764108197,0.10359635569689996,-0.013081178079077382,0.0,0.0,0.0,0.004029664717504895,0.10992401192479724,-0.004719618848117668,-1.0388923882663448,4.005993,3.0124161,2.5583167,4.4600925,2.8334491,-1.3027756,61.2857,0.006383927
figure_eight_depth,nmpc,60.800000000000004,0.08618521,0.080316775,-0.61075383,-0.00074733305,-0.028663142,0.77529997,0.14424372,0.0013422754,-0.017029846,-0.000120671335,-0.017826518,-0.0133127505,0.08367784333231536,0.083384373358051,-0.6104689134322999,0.0,0.0,0.7801034404138103,0.10435248800810121,0.10325326279583824,-0.013078487256790172,0.0,0.0,0.0,0.003972181667499739,0.10951151880935374,-0.00480347407851367,-1.0431627664789795,4.158479,3.075812,2.5982075,4.636084,2.8869936,-1.2453018,64.88303,0.0067586494
figure_eight_depth,nmpc,60.900000000000006,0.09639688,0.09051175,-0.6120684,-0.00071874715,-0.030450476,0.7737997,0.14385459,0.0013519299,-0.017275061,-0.00014410028,-0.01786214,-0.015009668,0.09410831331851442,0.09369065729286241,-0.6117766126774107,0.0,0.0,0.7786865698791015,0.10425500494886525,0.10286487960117774,-0.013075437881204799,0.0,0.0,0.0,0.003927868493044615,0.10904422407551065,-0.004886852452801404,-1.047638844325365,4.3098063,3.1373532,2.6349566,4.812203,2.9414926,-1.1869559,68.57896,0.0071436404
figure_eight_depth,nmpc,61.0,0.106594466,0.10066541,-0.6133829,-0.00068553345,-0.032239445,0.772128,0.14343207,0.0013711037,-0.017518265,-0.00017684382,-0.017877653,-0.016722724,0.10452846326765293,0.10395584540887913,-0.6130839890607359,0.0,0.0,0.77709777449339,0.1041460891539267,0.10243137647103495,-0.013072030035865545,0.0,0.0,0.0,0.003896748100932895,0.108518826506652,-0.0049697885391053465,-1.052306965102479,4.459706,3.1972299,2.668661,4.9882746,2.9968128,-1.1279,72.368935,0.007538431
figure_eight_depth,nmpc,61.1,0.116776265,0.11077257,-0.6146971,-0.0006474723,-0.034028485,0.7702828,0.14296086,0.0013881581,-0.017758897,-0.0002141658,-0.017877784,-0.018454628,0.1149371504928663,0.11417543505532757,-0.6143910067398918,0.0,0.0,0.7753352826909602,0.10402575256581587,0.10195294355292567,-0.013068263814197678,0.0,0.0,0.0,0.003880142920806112,0.10794082086775661,-0.005052477724987292,-1.0571544875333352,4.607896,3.2554874,2.6992953,5.1640882,3.052826,-1.0682416,76.2458,0.00794227
figure_eight_depth,nmpc,61.2,0.12694088,0.12082769,-0.6160112,-0.0006041905,-0.03581606,0.76826197,0.1424406,0.0013985357,-0.017996568,-0.0002546995,-0.017862642,-0.020207936,0.12533323356430418,0.12434494358242733,-0.6156976298823283,0.0,0.0,0.773397122191589,0.10389400838210772,0.101429790704613,-0.01306413931950745,0.0,0.0,0.0,0.0038799377671107256,0.10731458768885259,-0.005135153102080903,-1.0621683993667554,4.754032,3.3122685,2.726934,5.339367,3.1094038,-1.0081251,80.20167,0.008354341
figure_eight_depth,nmpc,61.300000000000004,0.13708708,0.13082527,-0.6173252,-0.0005553333,-0.037600566,0.76606315,0.1418732,0.0014010418,-0.018230861,-0.00029879768,-0.017831795,-0.021985088,0.13571557243430454,0.13445991030763302,-0.617003822666312,0.0,0.0,0.7712811156542152,0.10375087104960712,0.10086214739783717,-0.013059656664815567,0.0,0.0,0.0,0.0038980683486419896,0.10664222678303348,-0.005217961910471303,-1.067338004454787,4.898021,3.367828,2.7517674,5.514082,3.16644,-0.9476559,84.2346,0.008774436
figure_eight_depth,nmpc,61.400000000000006,0.14721476,0.14076214,-0.618639,-0.0005009013,-0.03937993,0.7636836,0.14128323,0.0014043084,-0.01846135,-0.0003501856,-0.017780421,-0.02378834,0.146083028562412,0.14451589847223617,-0.618309549281908,0.0,0.0,0.7689848758804466,0.10359635626491781,0.10025026261964443,-0.013054815973023715,0.0,0.0,0.0,0.003934472732590966,0.10592475472053613,-0.005301258765425865,-1.0726522351789889,5.0410733,3.4226193,2.7743282,5.6893644,3.223996,-0.8867717,88.37302,0.009205524
figure_eight_depth,nmpc,61.5,0.15732518,0.15063632,-0.61995244,-0.00044076034,-0.041152105,0.76112056,0.14068875,0.0014074631,-0.01868756,-0.00040765895,-0.017708907,-0.025619559,0.15643446504023062,0.15450849718747348,-0.6196147739319612,0.0,0.0,0.7665058005618846,0.10343048097236074,0.09959440476300929,-0.013049617376859057,0.0,0.0,0.0,0.003987628496707993,0.10516957878279799,-0.005385242776850374,-1.0781069120528348,5.1906986,3.4775045,2.7963436,5.8718596,3.2828858,-0.8246372,92.792015,0.009665837
figure_eight_depth,nmpc,61.6,0.16742171,0.1604526,-0.62126523,-0.00037511962,-0.04291519,0.75837135,0.1401522,0.0014453509,-0.018909113,-0.00047462987,-0.017618781,-0.027476562,0.16676874671610226,0.16443332336929162,-0.6209194608330788,0.0,0.0,0.7638410665587694,0.10325326336199647,0.098894861508797,-0.013044061018874231,0.0,0.0,0.0,0.004048709427776225,0.10436636217820346,-0.005469713409355315,-1.0836999071221518,5.349723,3.5326078,2.8185256,6.063805,3.3426497,-0.76179236,97.56631,0.010163157
figure_eight_depth,nmpc,61.7,0.17750843,0.17022309,-0.6225766,-0.0003043169,-0.04466797,0.7554338,0.13972886,0.0015663506,-0.019125342,-0.000552227,-0.017516775,-0.029354699,0.17708474031958263,0.17428602366090698,-0.6222235742166102,0.0,0.0,0.7609876237044584,0.10306472286773782,0.09815193969982261,-0.013038147051391835,0.0,0.0,0.0,0.004100193748662102,0.10348955916601703,-0.0055538258681546715,-1.0894217673610822,5.5129004,3.5873942,2.8398948,6.2604,3.4007816,-0.7008829,102.57562,0.010684962
figure_eight_depth,nmpc,61.800000000000004,0.18758611,0.17995992,-0.6238858,-0.0002277099,-0.046410717,0.75230604,0.13939476,0.0017944503,-0.019335186,-0.00063057285,-0.01741796,-0.031251714,0.1873813145857242,0.18406227634233857,-0.6235270783296285,0.0,0.0,0.7579421881239625,0.10286488016519879,0.09736596520616703,-0.01303187563644892,0.0,0.0,0.0,0.004123097635385095,0.10250891818860555,-0.005636144022247436,-1.095255610710008,5.6675177,3.6411657,2.858047,6.4506364,3.4532175,-0.6461671,107.50024,0.0111979395
figure_eight_depth,nmpc,61.900000000000006,0.19765335,0.1896682,-0.6251922,-0.00014210868,-0.048143994,0.7489855,0.13908473,0.002094201,-0.019537196,-0.0006845031,-0.01732519,-0.033173203,0.19765734037912597,0.1937577932260513,-0.6248299374359098,0.0,0.0,0.7547012350591759,0.10265375716936309,0.09653728278216644,-0.013025246946130054,0.0,0.0,0.0,0.004105617421550671,0.10143528328152679,-0.005715706113253004,-1.101169378998998,5.8019004,3.6943786,2.8714175,6.624861,3.4958823,-0.601861,112.027725,0.011669557
figure_eight_depth,nmpc,62.0,0.20770524,0.19933619,-0.62649566,-4.0387564e-05,-0.049868766,0.7454684,0.1386582,0.0023661843,-0.01972989,-0.0006754331,-0.017242752,-0.035133235,0.2079116908177585,0.20336832153789933,-0.6261321158169132,0.0,0.0,0.7512609911929359,0.10243137703223881,0.0956662559153526,-0.013018261162067724,0.0,0.0,0.0,0.004053751422757455,0.10031117447931834,-0.005792613125919277,-1.1072026974795353,5.903993,3.7469542,2.8780584,6.7728887,3.5252793,-0.57148224,115.80624,0.012063149
figure_eight_depth,nmpc,62.1,0.21773092,0.2089302,-0.6277969,8.786013e-05,-0.051585887,0.7417487,0.13792227,0.0024890488,-0.019912397,-0.0005717377,-0.017169714,-0.03715175,0.21814324139654195,0.21288964578253577,-0.6274335777727612,0.0,0.0,0.7476174264628433,0.10219776414034654,0.09475326666691375,-0.013010918475775402,0.0,0.0,0.0,0.003997406063444052,0.09917941715635005,-0.005868735857679774,-1.1132797904186562,5.9593973,3.7964904,2.8742788,6.8816085,3.538543,-0.55778074,118.37818,0.012331061
figure_eight_depth,nmpc,62.2,0.2277129,0.2183872,-0.6290982,0.00025633906,-0.0532951,0.7378182,0.13663153,0.0022875217,-0.020084808,-0.00034190103,-0.017095547,-0.03925133,0.22835087011065539,0.22231758959246342,-0.6287342876232166,0.0,0.0,0.7437662453609831,0.1019529441119299,0.09379871550406482,-0.013003219088536522,0.0,0.0,0.0,0.00399842133036098,0.0981175419866853,-0.0059480638462431346,-1.1192833571644543,5.9517407,3.8377628,2.8544528,6.93505,3.5335894,-0.5625805,119.19721,0.012416377
figure_eight_depth,nmpc,62.300000000000004,0.23762402,0.22760959,-0.6304037,0.0004804827,-0.05499379,0.73366666,0.1344852,0.0015651527,-0.020248534,2.9937411e-05,-0.016997525,-0.041451707,0.23853345757858074,0.23164801755993072,-0.6300342097086618,0.0,0.0,0.7397028777140613,0.10169694379430494,0.09280302112454897,-0.012995163211515504,0.0,0.0,0.0,0.0041560195695962325,0.097221549975571,-0.006036219312572033,-1.1251362094657271,5.8640985,3.8619967,2.81082,6.915274,3.5093937,-0.58654153,117.68427,0.012258778
figure_eight_depth,nmpc,62.400000000000006,0.24743146,0.23648359,-0.6317193,0.0007717687,-0.056670956,0.7292831,0.13133916,0.00022916522,-0.02040603,0.0005033788,-0.016792724,-0.043761447,0.24868988716485488,0.24087683705085772,-0.631333308391076,0.0,0.0,0.7354224689418214,0.10142979126076535,0.0917666202727846,-0.012986751065535707,0.0,0.0,0.0,0.004586203132569751,0.09658530878148766,-0.006139374535693465,-1.1309170313914008,5.6882577,3.8613403,2.737808,6.811789,3.4664645,-0.6289087,113.57419,0.011830646
figure_eight_depth,nmpc,62.5,0.2571508,0.24502641,-0.6330443,0.0011128967,-0.05827714,0.72465783,0.12843807,-0.0010795632,-0.020557262,0.00079151866,-0.01609748,-0.046165682,0.25881904510252024,0.24999999999999953,-0.6326315480550128,0.0,0.0,0.730919869795641,0.1011515158080567,0.0906899675488515,-0.012977982881301475,0.0,0.0,0.0,0.005262130020095996,0.0960398266469517,-0.00626203621943866,-1.1366979448507186,5.432791,3.8349283,2.6369207,6.630798,3.4070518,-0.68740076,107.22324,0.011169088
figure_eight_depth,nmpc,62.6,0.2668319,0.25335628,-0.6343724,0.0014679307,-0.059743658,0.7197834,0.12671162,-0.0018291842,-0.020694498,0.0007112588,-0.014719311,-0.048645377,0.2689198206152654,0.25901350468656487,-0.633928893108576,0.0,0.0,0.7261896255810085,0.10086214795088089,0.0895735352070548,-0.012968858899009561,0.0,0.0,0.0,0.006046512841771754,0.09530130074828713,-0.006406200249892802,-1.1424893005540724,5.119431,3.789298,2.5160356,6.392693,3.3347046,-0.758692,99.46018,0.010360436
figure_eight_depth,nmpc,62.7,0.27652633,0.26161054,-0.63569564,0.0018008329,-0.061009962,0.71465373,0.12629391,-0.0018705128,-0.020807391,0.0002661793,-0.0127381785,-0.05118676,0.27899110603922916,0.2679133974894982,-0.6352253079843956,0.0,0.0,0.7212259648721764,0.10056171942296466,0.08841781295257367,-0.012959379368904234,0.0,0.0,0.0,0.006783978252074137,0.09421103345502639,-0.006572234479720329,-1.1482052310919548,4.7716208,3.732841,2.3836994,6.1207614,3.2534914,-0.8390069,91.137344,0.009493473
figure_eight_depth,nmpc,62.800000000000004,0.2862489,0.26985005,-0.6370103,0.002092994,-0.062046506,0.70926327,0.12639596,-0.0015203566,-0.02088882,-0.00036505598,-0.010462311,-0.05378538,0.28903179694447173,0.27669577462167216,-0.6365207571406029,0.0,0.0,0.7160227877375819,0.1002502631693436,0.08722330772323317,-0.012949544550833192,0.0,0.0,0.0,0.007405956650616102,0.09285508763065739,-0.006759522604677826,-1.1537970511786093,4.4068756,3.6713796,2.2453039,5.83295,3.1672845,-0.9248319,82.85129,0.008630342
figure_eight_depth,nmpc,62.900000000000006,0.29599914,0.27809396,-0.63831496,0.00233721,-0.062840864,0.703607,0.12662488,-0.0009863081,-0.020936629,-0.0010650953,-0.008061713,-0.056436937,0.29904079225608704,0.28535678384221613,-0.6378152050618048,0.0,0.0,0.7105736534893002,0.09992781334464129,0.08599054346830615,-0.01293935471452512,0.0,0.0,0.0,0.007889864552547267,0.09133270272385526,-0.006966630727001655,-1.1592409079216335,4.0368924,3.6082423,2.1034927,5.5416408,3.0794356,-1.01314,74.959755,0.0078083067
figure_eight_depth,nmpc,63.0,0.30577335,0.28634226,-0.6396095,0.0025331916,-0.06338982,0.6976801,0.12682836,-0.00039091738,-0.020950751,-0.001762251,-0.005627823,-0.059139054,0.3090169943749472,0.29389262614623635,-0.6391086162600577,0.0,0.0,0.704871767996983,0.09959440530910024,0.08472006091900242,-0.012928810139256619,0.0,0.0,0.0,0.00823286856466165,0.08972133706600158,-0.007191652297214968,-1.1645156441073397,3.6687074,3.5447998,1.9589609,5.254545,2.9926667,-1.101494,67.642136,0.007046055
figure_eight_depth,nmpc,63.1,0.31556368,0.29458156,-0.6408946,0.0026847727,-0.063697234,0.6914777,0.12688838,0.00019029179,-0.020931736,-0.0024132575,-0.0032309608,-0.061891593,0.3189593092980699,0.3022995574311874,-0.6404009552758403,0.0,0.0,0.6989099705947691,0.09925007562469612,0.08341241735093652,-0.012917911114129765,0.0,0.0,0.0,0.008446385797893528,0.08805691003830834,-0.007432254625683421,-1.169607209332677,3.3059335,3.4810266,1.8110558,4.9759035,2.9090528,-1.1880188,60.96026,0.0063500274
figure_eight_depth,nmpc,63.2,0.3253609,0.30279326,-0.6421713,0.0027975538,-0.06377095,0.6849947,0.12676041,0.0007245077,-0.020880371,-0.0029988885,-0.0009108108,-0.064696305,0.3288666467385826,0.3105738901391547,-0.6416921866790255,0.0,0.0,0.6926807206401545,0.09889486205105769,0.08206818633987867,-0.012906657937961086,0.0,0.0,0.0,0.008547397838161564,0.08635312861775025,-0.007686023069353731,-1.174505262181897,2.9506528,3.4168866,1.6591038,4.7084346,2.8300061,-1.2712016,54.928333,0.0057217013
figure_eight_depth,nmpc,63.300000000000004,0.33515623,0.31095678,-0.6434408,0.0028779581,-0.06362108,0.67822564,0.12643717,0.0011898945,-0.020798087,-0.0035097431,0.0013097179,-0.06755722,0.338737920245291,0.31871199487434454,-0.6429822750698523,0.0,0.0,0.6861760837822587,0.0985288035413312,0.08068795750978963,-0.012895050919170536,0.0,0.0,0.0,0.008554655864810553,0.08462432894005398,-0.007950447300019925,-1.179201065774342,2.6045177,3.3531332,1.5031589,4.454491,2.7563767,-1.349891,49.548813,0.0051613348
figure_eight_depth,nmpc,63.400000000000006,0.3449415,0.3190517,-0.6447043,0.0029322614,-0.06325951,0.6711643,0.12592497,0.0015809047,-0.0206873,-0.003946427,0.00341287,-0.07048047,0.348572047321815,0.3267103019950526,-0.6442711850798958,0.0,0.0,0.6793877180300465,0.0981519402380171,0.07927233627491592,-0.01288309037611457,0.0,0.0,0.0,0.008486604687765447,0.08287463834418689,-0.008223443814348252,-1.1836875596637508,2.2685392,3.290541,1.3433778,4.2157016,2.688695,-1.4233721,44.805805,0.004667271
figure_eight_depth,nmpc,63.5,0.35470912,0.32705942,-0.64596295,0.0029660093,-0.06269992,0.6638038,0.1252416,0.0019032053,-0.02055081,-0.0043156194,0.0053804303,-0.07347366,0.3583679495452995,0.3345653031794285,-0.6455588813730367,0.0,0.0,0.6723068597057319,0.09776431346836256,0.07782194357328076,-0.012870776636642045,0.0,0.0,0.0,0.008359942049578054,0.08110264739497704,-0.008503043864057092,-1.1879595997699273,1.9429629,3.2295873,1.1797162,3.9928334,2.6272264,-1.4912786,40.666016,0.004236044
figure_eight_depth,nmpc,63.6,0.36445326,0.33496356,-0.64721787,0.0029840018,-0.06195696,0.6561364,0.12441601,0.0021614141,-0.020391412,-0.0046244003,0.007202612,-0.07654536,0.36812455268467736,0.34227355296434386,-0.6468453286464311,0.0,0.0,0.664924309423246,0.09736596574003165,0.07633741559520679,-0.012858110038260762,0.0,0.0,0.0,0.008188601888229098,0.07931289082698603,-0.00878791587618788,-1.1920117096116312,1.6276065,3.1706424,1.0121081,3.78614,2.5720198,-1.5534848,37.089897,0.003863531
figure_eight_depth,nmpc,63.7,0.37416902,0.34274992,-0.6484699,0.0029901718,-0.061045814,0.6481533,0.12347065,0.0023633842,-0.020211728,-0.004881202,0.008873692,-0.07970433,0.3778407868184668,0.34983167025668244,-0.6481304916314767,0.0,0.0,0.6572304182232502,0.09695694073633132,0.0748194035036509,-0.012845090928359504,0.0,0.0,0.0,0.007984247651938808,0.07750560500120102,-0.009077113169539297,-1.1958415968460634,1.3221422,3.1141422,0.8406011,3.5956829,2.5229614,-1.6100154,34.038967,0.003545726
figure_eight_depth,nmpc,63.800000000000004,0.38385424,0.35040733,-0.64971983,0.0029877278,-0.059981335,0.6398451,0.12244709,0.0025140026,-0.020014245,-0.0050931317,0.010396752,-0.08295925,0.3875155864521028,0.35723633981640157,-0.6494143350947815,0.0,0.0,0.6492150740558088,0.09653728331149303,0.07326857314893243,-0.012831719663763952,0.0,0.0,0.0,0.007754620015454448,0.07569092363480237,-0.009370000832694791,-1.1994403612195192,1.0265259,3.0601718,0.66497326,3.4217238,2.4798415,-1.6609944,31.477306,0.0032788862
figure_eight_depth,nmpc,63.900000000000006,0.39350465,0.35792524,-0.65096825,0.0029789864,-0.05877901,0.63120127,0.12133354,0.0026286256,-0.019801205,-0.0052689672,0.011765431,-0.08631801,0.3971478906347807,0.36448431371070583,-0.6506968238391281,0.0,0.0,0.6408676888164148,0.09610703948564892,0.07168560477643915,-0.012817996611069749,0.0,0.0,0.0,0.007507887737128167,0.07385125506388474,-0.00966642157398312,-1.2028034557843457,0.74050206,3.008735,0.48492122,3.2643154,2.4421842,-1.7067957,29.369148,0.003059286
figure_eight_depth,nmpc,64.0,0.403117,0.36529592,-0.6522157,0.0029656778,-0.057453584,0.62221086,0.12015596,0.0027227416,-0.019574882,-0.0054145195,0.012986844,-0.089787945,0.4067366430757997,0.37157241273869673,-0.6519779227044398,0.0,0.0,0.6321771861939031,0.09566625644030768,0.07007119272878226,-0.012803922146642499,0.0,0.0,0.0,0.007249328027683781,0.07198197950340564,-0.009966325941522691,-1.2059249120526099,0.46292248,2.9606836,0.30084592,3.1227596,2.4092183,-1.7481134,27.682312,0.0028835742
figure_eight_depth,nmpc,64.10000000000001,0.4126884,0.37251318,-0.6534625,0.0029492932,-0.056019228,0.612862,0.11892714,0.0028040537,-0.019337334,-0.005532134,0.0140666915,-0.09337628,0.4162807922604017,0.3784975278258786,-0.6532575965687442,0.0,0.0,0.6231319906265573,0.09521498251188754,0.06842604514012418,-0.012789496656173682,0.0,0.0,0.0,0.006982816558900606,0.07008128500907376,-0.010269999697907428,-1.208798117567233,0.19257101,2.9169114,0.11320557,2.9962766,2.3800468,-1.7857536,26.389484,0.0027489045
figure_eight_depth,nmpc,64.2,0.42221627,0.3795714,-0.654709,0.0029312964,-0.05448949,0.60314226,0.11765414,0.0028752051,-0.019090522,-0.005622052,0.015011079,-0.09708977,0.42577929156507255,0.38525662138789457,-0.6545358103491357,0.0,0.0,0.6137200177227826,0.09475326718727528,0.06675088362628756,-0.01277472053518025,0.0,0.0,0.0,0.0067116903616670776,0.06815013943590736,-0.010577756217655665,-1.211415179221504,-0.07205741,2.8784723,-0.07741319,2.8838277,2.353758,-1.8205585,25.467861,0.0026529022
figure_eight_depth,nmpc,64.3,0.43169835,0.3864644,-0.6559553,0.0029134434,-0.052877296,0.59303844,0.11633727,0.002926977,-0.018836254,-0.005681312,0.015826164,-0.1009348,0.43523109937232685,0.3918467286629195,-0.6558125290027377,0.0,0.0,0.603928666557751,0.09428116109910789,0.06504644296870254,-0.012759594188727075,0.0,0.0,0.0,0.006439743076696733,0.06619838203273547,-0.010890226807079628,-1.2137702631855996,-0.33268937,2.8466594,-0.27019787,2.7841675,2.3294344,-1.8533812,24.900034,0.0025937536
figure_eight_depth,nmpc,64.4,0.4411346,0.39318568,-0.6572017,0.002897743,-0.05119444,0.58253694,0.1149931,0.0029443137,-0.018576287,-0.0057073436,0.016522942,-0.10491713,0.44463517918492784,0.3982649590120984,-0.6570877175276639,0.0,0.0,0.5937448143286261,0.09379871601916667,0.0633134707914429,-0.012744118031537965,0.0,0.0,0.0,0.006169777962058786,0.06424680034205849,-0.011207878522351722,-1.2158558319694688,-0.5912694,2.8229933,-0.46416375,2.6958873,2.306153,-1.8850992,24.674088,0.0025702177
figure_eight_depth,nmpc,64.5,0.45052648,0.39972693,-0.6584482,0.0028864965,-0.04945188,0.57162344,0.1136274,0.002901999,-0.018312154,-0.00569713,0.017109713,-0.10904206,0.4539904997395466,0.4045084971874736,-0.6583613409639762,0.0,0.0,0.5831548139233225,0.09330598485302044,0.06155272723334937,-0.012728292487995674,0.0,0.0,0.0,0.005905118096866108,0.062322124500395294,-0.011531369366132527,-1.21766337179706,-0.84944385,2.8087585,-0.65857345,2.6178877,2.2830627,-1.9165102,24.783121,0.0025815752
figure_eight_depth,nmpc,64.60000000000001,0.45987466,0.40608126,-0.6596949,0.0028806948,-0.047659762,0.5602833,0.11224266,0.0028160287,-0.018045254,-0.0056636273,0.017594181,-0.11331371,0.4632960351198617,0.410574604566852,-0.6596333643946451,0.0,0.0,0.5721444950507764,0.09280302163419685,0.05976498461479629,-0.012712117991808825,0.0,0.0,0.0,0.005647986299312379,0.06041130291115048,-0.011861191789973136,-1.2191810378653485,-1.1098946,2.804606,-0.8533812,2.5480924,2.2593355,-1.9484663,25.219831,0.002627066
figure_eight_depth,nmpc,64.7,0.46917725,0.4122429,-0.6609418,0.0028799193,-0.045827545,0.54850155,0.11082645,0.0027076832,-0.017776625,-0.0056207865,0.01798308,-0.11773603,0.4725507648690534,0.4164606203550493,-0.6609037529465055,0.0,0.0,0.5606991696649455,0.09228988151821493,0.05795102709871269,-0.012695594986511516,0.0,0.0,0.0,0.0054010489099490695,0.05849143689834761,-0.01219761851366985,-1.2203950683647227,-1.3751343,2.8112428,-1.0485443,2.4846528,2.23431,-1.9816369,25.98605,0.0027068804
figure_eight_depth,nmpc,64.8,0.4784309,0.41820562,-0.6621889,0.0028830115,-0.043963812,0.5362627,0.109365575,0.0025806203,-0.017507106,-0.0055758865,0.018285144,-0.122313336,0.4817536741017149,0.4221639627510073,-0.6621724717912136,0.0,0.0,0.5488036425292699,0.0917666207767287,0.05611165034682952,-0.012678723925074742,0.0,0.0,0.0,0.00516813346730745,0.05655623429015912,-0.012540951508304365,-1.2212896466125003,-1.6460888,2.8293142,-1.2440152,2.4272404,2.2078211,-2.0161412,27.092997,0.002822187
figure_eight_depth,nmpc,64.9,0.4876308,0.42396244,-0.6634363,0.0028883195,-0.042076383,0.5235508,0.10784479,0.0024324204,-0.017237555,-0.005533742,0.018508088,-0.12704976,0.49090375361514066,0.42768213008025324,-0.6634394861462014,0.0,0.0,0.5364422278746408,0.09123329679117109,0.05424766117065327,-0.012661505270017415,0.0,0.0,0.0,0.004954614606526021,0.05460495576690308,-0.01289141944492278,-1.2218500491338413,-1.9220941,2.8592834,-1.4398082,2.3769975,2.1802847,-2.051466,28.555267,0.0029745072
figure_eight_depth,nmpc,65.0,0.4967722,0.42950645,-0.664684,0.002893715,-0.04017214,0.51034975,0.10626714,0.0022620107,-0.016969051,-0.0054989527,0.018661391,-0.13194863,0.4999999999999993,0.4330127018922189,-0.66470476127563,0.0,0.0,0.5235987732238883,0.09068996804645346,0.05235987717730484,-0.012643939493406364,0.0,0.0,0.0,0.004765807475516305,0.05264172376767091,-0.01324902270508943,-1.2220638048323818,-2.2010853,2.9015083,-1.635931,2.336354,2.1526265,-2.0865567,30.385868,0.0031651945
figure_eight_depth,nmpc,65.10000000000001,0.505851,0.43483302,-0.66593206,0.0028962812,-0.038257137,0.49664295,0.10465228,0.002081367,-0.016702965,-0.005479159,0.018753627,-0.1370119,0.5090414157503715,0.43815334002193196,-0.6659682624913432,0.0,0.0,0.51025669159494,0.09013669412449854,0.05044912641122279,-0.012626027076745316,0.0,0.0,0.0,0.004604864301873652,0.05066323870214119,-0.013613744397979577,-1.2219227947710622,-2.4796197,2.9564822,-1.8321584,2.309021,2.1261435,-2.119995,32.59255,0.0033950566
figure_eight_depth,nmpc,65.2,0.51486516,0.43994167,-0.6671803,0.0028921233,-0.036336806,0.48241404,0.10303991,0.0019165891,-0.016440872,-0.0054838248,0.018791433,-0.14224002,0.5180270093731298,0.44310178961560714,-0.6672299551538163,0.0,0.0,0.4963990034086059,0.08957353569855053,0.04851624699103718,-0.012607768511196937,0.0,0.0,0.0,0.004470579930807269,0.0486576213267824,-0.01398496641939384,-1.221428253742356,-2.7527266,3.0250063,-2.0279334,2.300213,2.1023345,-2.1501374,35.17456,0.003664017
figure_eight_depth,nmpc,65.3,0.5238174,0.44483998,-0.66842836,0.0028761672,-0.03441592,0.4676466,0.101509556,0.0018148903,-0.016184634,-0.005524404,0.01878199,-0.14763209,0.5269557954966767,0.44785588011970595,-0.6684898046731079,0.0,0.0,0.48200838958453135,0.08900055452543132,0.04656208674169715,-0.012589164297360789,0.0,0.0,0.0,0.004353022435449821,0.04660165352008481,-0.01436179076861338,-1.2205934687443811,-3.0140164,3.108552,-2.2220318,2.3165677,2.0827038,-2.175338,38.121056,0.0039709434
figure_eight_depth,nmpc,65.4,0.5327177,0.44954643,-0.6696758,0.0028422081,-0.032498993,0.45232433,0.10017385,0.0018442464,-0.01593626,-0.0056118467,0.01872872,-0.15318637,0.5358267949789967,0.4524135262330098,-0.6697477765098073,0.0,0.0,0.46706725741478794,0.08841781343776889,0.0445875028217968,-0.012570214945162306,0.0,0.0,0.0,0.004229879350268356,0.0444580779717315,-0.014742926608055762,-1.2194502617128709,-3.255918,3.2093396,-2.4125273,2.365949,2.0686111,-2.1941433,41.412285,0.0043137795
figure_eight_depth,nmpc,65.5,0.5415878,0.4540939,-0.67092186,0.0027832992,-0.030590411,0.43643123,0.0991985,0.002089499,-0.015697718,-0.0057532787,0.018634284,-0.15890074,0.5446390350150266,0.45677272882130027,-0.6710038361759806,0.0,0.0,0.45155782094832997,0.08782537634094423,0.042593361349763104,-0.012550920974185864,0.0,0.0,0.0,0.004061118127849418,0.04218783100216089,-0.015126591833797498,-1.2179996938030988,-3.4714649,3.3299353,-2.5972452,2.4557157,2.061033,-2.2055101,45.027893,0.0046904054
figure_eight_depth,nmpc,65.60000000000001,0.55044204,0.45850486,-0.67216617,0.0026970305,-0.028701922,0.41995117,0.098461375,0.0025044114,-0.015469343,-0.005903213,0.018426342,-0.16477521,0.5533915492433445,0.4609315757942505,-0.6722579492361179,0.0,0.0,0.43546219770739464,0.08722330820226665,0.0405805370219392,-0.012531282913452735,0.0,0.0,0.0,0.00382060196624489,0.039808512658974525,-0.015511027024487532,-1.216224757009275,-3.6572902,3.471712,-2.7752218,2.5896435,2.060369,-2.2090454,48.96167,0.0051001743
figure_eight_depth,nmpc,65.7,0.5592822,0.4627793,-0.67340934,0.002588208,-0.026853023,0.40286806,0.097750604,0.0029464557,-0.015250892,-0.005990733,0.018028384,-0.17081003,0.5620833778521305,0.4648882429441256,-0.673510081308076,0.0,0.0,0.4187625236369143,0.08661167504447898,0.03854991272908559,-0.01251130130119904,0.0,0.0,0.0,0.0035077658648472406,0.03740571147865728,-0.015894461379147573,-1.2141104566477208,-3.8142965,3.6346085,-2.9468708,2.767183,2.0663958,-2.2050974,53.233032,0.0055451076
figure_eight_depth,nmpc,65.8,0.5681029,0.46690327,-0.67465186,0.0024658712,-0.025066374,0.38516602,0.09694474,0.0033168711,-0.015042325,-0.0059763356,0.017408421,-0.17700237,0.570713567684431,0.46864099474594545,-0.6747601980640215,0.0,0.0,0.4014410882320555,0.08599054394053951,0.03650237917049437,-0.012490976685319843,0.0,0.0,0.0,0.0031379981141005145,0.035039717083792714,-0.0162750690307768,-1.2116445228520876,-3.9465473,3.8177588,-3.1132858,2.984497,2.0782669,-2.194643,57.88594,0.006029786
figure_eight_depth,nmpc,65.9,0.57689524,0.4708561,-0.6758943,0.0023405927,-0.023364406,0.36682978,0.09599159,0.0035616006,-0.0148438085,-0.0058485353,0.01656762,-0.18334624,0.5792811723426792,0.47218818511874067,-0.6760082652313726,0.0,0.0,0.3834804917425419,0.08535998300440717,0.034438834461941736,-0.012470309622980569,0.0,0.0,0.0,0.002734980992525822,0.03274245131363428,-0.016650709018161403,-1.2088156855618961,-4.0605607,4.0192647,-3.2764285,3.2351325,2.0946982,-2.179162,62.980213,0.0065604392
figure_eight_depth,nmpc,66.0,0.58564883,0.47461534,-0.67713696,0.0022225243,-0.021767069,0.347845,0.09487852,0.0036617406,-0.014655509,-0.005615961,0.0155291,-0.18983282,0.5877852522924729,0.4755282581475767,-0.6772542485937368,0.0,0.0,0.36486382628555597,0.08472006138421362,0.03236018374233596,-0.012449300680783537,0.0,0.0,0.0,0.00232625559610958,0.03052314233636675,-0.017018838177874696,-1.2056118700474856,-4.165421,4.2357554,-3.4395583,3.5098922,2.11398,-2.1605792,68.57927,0.0071436744
figure_eight_depth,nmpc,66.10000000000001,0.59435225,0.47815943,-0.6783798,0.002120294,-0.020290239,0.32819852,0.09360975,0.0036183395,-0.0144775035,-0.0052984273,0.014331725,-0.1964506,0.5962248749656158,0.4786597487660337,-0.6784981139918512,0.0,0.0,0.345574882479417,0.08407084925465824,0.030267338776757136,-0.012427950434767965,0.0,0.0,0.0,0.0019419236099790277,0.02837887348899576,-0.017376360150086537,-1.2020127953854511,-4.2721057,4.4626718,-3.606936,3.797502,2.1340601,-2.1411629,74.73613,0.0077850134
figure_eight_depth,nmpc,66.2,0.6029892,0.4814685,-0.67962277,0.0020400588,-0.01894538,0.30787858,0.09215443,0.003454286,-0.0143096745,-0.0049250307,0.013017801,-0.2031855,0.6045991148623743,0.4815812833988289,-0.6797398273245174,0.0,0.0,0.3255983829001773,0.08341241780901454,0.02816121755594425,-0.01240625947018792,0.0,0.0,0.0,0.0016181035799066716,0.02627695204601211,-0.01771979923051481,-1.1979956006212533,-4.3910108,4.695286,-3.782707,4.0869823,2.152892,-2.123129,81.4816,0.008487667
figure_eight_depth,nmpc,66.3,0.6115399,0.4845254,-0.6808656,0.0019856072,-0.017738292,0.28687513,0.090498276,0.003191053,-0.014151853,-0.004523461,0.0116424505,-0.21002097,0.6129070536529762,0.4842915805643155,-0.6809793545495373,0.0,0.0,0.30492024322357086,0.08274483925180265,0.026042743894394427,-0.012384228381734363,0.0,0.0,0.0,0.0013916640760618503,0.02419586859807091,-0.01804511447753815,-1.1935350408769814,-4.5313997,4.9287586,-3.9707894,4.3681483,2.1686177,-2.1084,88.82239,0.009252332
figure_eight_depth,nmpc,66.4,0.61998194,0.48731685,-0.682108,0.0019582002,-0.016668597,0.26518005,0.08863474,0.0028583105,-0.014003933,-0.0041222055,0.010266219,-0.21693759,0.6211477802783102,0.4867894514365801,-0.6822166616846458,0.0,0.0,0.2835278612456836,0.0820681867905182,0.023912847024659678,-0.012361857773479645,0.0,0.0,0.0,0.0012841843546578648,0.022115820159439303,-0.018347809918931868,-1.188610205789929,-4.7007737,5.1585565,-4.174418,4.6322007,2.17973,-2.0985236,96.74605,0.010077714
figure_eight_depth,nmpc,66.5,0.6282951,0.48983404,-0.68334955,0.0019570524,-0.01572886,0.24278744,0.086604066,0.0024773593,-0.01386572,-0.0037438408,0.008958913,-0.22391295,0.6293203910498368,0.4890738003669027,-0.6834517148084426,0.0,0.0,0.2614104331848828,0.08138253462774969,0.021772461189895065,-0.012339148258488919,0.0,0.0,0.0,0.0012804592920763675,0.020047338234747962,-0.01862299753405727,-1.183203618901135,-4.9044757,5.3806505,-4.3959107,4.8720856,2.1851199,-2.0945992,105.22862,0.010961316
figure_eight_depth,nmpc,66.60000000000001,0.6364636,0.49207252,-0.6845898,0.001979684,-0.014905004,0.21969402,0.084464796,0.0020639284,-0.013736762,-0.0034058648,0.00778665,-0.2309213,0.6374239897486899,0.4911436253643443,-0.6846844800613229,0.0,0.0,0.23855929560950734,0.08068795795262984,0.019622525234047616,-0.012316100459597301,0.0,0.0,0.0,0.0013394759821640418,0.018016301144021134,-0.0188652772455547,-1.1773105013545684,-5.1450105,5.59222,-4.6359835,5.0831933,2.1840677,-2.0973113,114.24411,0.011900429
figure_eight_depth,nmpc,66.7,0.644482,0.49403426,-0.6858282,0.0020217432,-0.014176226,0.19589944,0.082338385,0.0016442579,-0.013616428,-0.0031258585,0.006816759,-0.23793326,0.6454576877239503,0.49299801853525244,-0.6859149236464039,0.0,0.0,0.2149682900727446,0.07998453293395213,0.01746398219007461,-0.012292715008632715,0.0,0.0,0.0,0.0014259211373081097,0.016048567297772303,-0.01906884823448013,-1.1709465098029561,-5.421203,5.792347,-4.893068,5.2642117,2.1762514,-2.1069367,123.77002,0.012892711
figure_eight_depth,nmpc,66.8,0.6523638,0.495729,-0.6870642,0.0020770289,-0.013515381,0.17140664,0.08042595,0.001254117,-0.013503805,-0.002919183,0.0061133024,-0.24491633,0.6534206039901047,0.49463616648149406,-0.6871430118304537,0.0,0.0,0.19063414607127263,0.07927233671023437,0.015297778866441014,-0.012268992546637936,0.0,0.0,0.0,0.0015222951703318087,0.014144964429690347,-0.019227504468756457,-1.1641540219705369,-5.7277856,5.982444,-5.162927,5.417585,2.1617084,-2.1234057,133.78505,0.013935941
figure_eight_depth,nmpc,66.9,0.6601485,0.49717754,-0.68829685,0.002136772,-0.012890285,0.14622208,0.07900329,0.00096699456,-0.013397708,-0.0028062528,0.0057279114,-0.25183493,0.6613118653236519,0.49605735065723894,-0.6883687109448142,0.0,0.0,0.16555687621920673,0.07855144738083686,0.013124865431285437,-0.01224493372398161,0.0,0.0,0.0,0.0016166032148994991,0.012220755826006709,-0.019334791458540834,-1.1569595110104063,-6.056573,6.1653223,-5.43963,5.5483794,2.1407714,-2.1463568,144.25711,0.015026783
figure_eight_depth,nmpc,67.0,0.6678802,0.49840224,-0.68952554,0.0021916719,-0.012272112,0.12035598,0.078111224,0.00082272163,-0.013296383,-0.0027851253,0.0056290585,-0.25865227,0.6691306063588578,0.4972609476841366,-0.689591987386325,0.0,0.0,0.13974017572695088,0.0778219440003558,0.010946194996364067,-0.01222053920035826,0.0,0.0,0.0,0.0016942639444322805,0.010184588191653984,-0.019384197118819474,-1.1493476869736259,-6.3991046,6.3433,-5.7174616,5.6616573,2.1139638,-2.175253,155.13028,0.016159406
figure_eight_depth,nmpc,67.10000000000001,0.6755778,0.49941406,-0.69075,0.0022353448,-0.011643232,0.09382219,0.07747805,0.0007737213,-0.013198003,-0.002819445,0.0057073035,-0.26533103,0.6768759696826612,0.49824642962475224,-0.6908128076182446,0.0,0.0,0.11319181631102597,0.07708390656702147,0.00876272319869087,-0.012195809644455213,0.0,0.0,0.0,0.0017471380433848039,0.008061258767996083,-0.019369627635622375,-1.141308432366009,-6.7483597,6.517139,-5.991966,5.760745,2.0818703,-2.2095125,166.31943,0.017324938
figure_eight_depth,nmpc,67.2,0.683245,0.50021714,-0.6919703,0.0022636533,-0.010993197,0.0666386,0.076939866,0.0007834086,-0.01310156,-0.0028818916,0.0058927275,-0.27183142,0.6845471059286886,0.4990133642141358,-0.6920311381711695,0.0,0.0,0.08592402272841843,0.076337416014427,0.006575407780901044,-0.01217074573428567,0.0,0.0,0.0,0.0017743307407090956,0.005897170162663523,-0.019285426372503356,-1.132838485415178,-7.0986238,6.6864443,-6.2595825,5.847402,2.0450518,-2.2485824,177.71184,0.01851165
figure_eight_depth,nmpc,67.3,0.6908776,0.5008118,-0.69318664,0.0022742504,-0.010315942,0.038827177,0.07641425,0.00082153076,-0.013006447,-0.0029513328,0.006143014,-0.27811196,0.6921431738704062,0.49956141504942914,-0.6932469456439521,0.0,0.0,0.05795381838923324,0.07558255420386795,0.004385208171947541,-0.012145348156966662,0.0,0.0,0.0,0.0017801047917805181,0.0037593889575518904,-0.019126641252096784,-1.12394460856166,-7.445725,6.849626,-6.517737,5.921637,2.003993,-2.291989,189.17209,0.019705428
figure_eight_depth,nmpc,67.4,0.6984709,0.5011962,-0.69439936,0.002266138,-0.00960739,0.010414184,0.07589548,0.0008640405,-0.012912234,-0.0030121377,0.006439359,-0.28413022,0.6996633405133657,0.49989034173742275,-0.6944601967046168,0.0,0.0,0.02930332496851167,0.07481940391451669,0.0021930850657714274,-0.012119617608774558,0.0,0.0,0.0,0.0017694402900760493,0.0018848188546069428,-0.01888914089738807,-1.1332082091979092,-7.7860727,7.004711,-6.7640915,5.982729,1.9591142,-2.339321,200.54544,0.020890148
figure_eight_depth,nmpc,67.5,0.7060208,0.5013679,-0.6956085,0.0022389886,-0.008864871,-0.018569864,0.075392924,0.0009019633,-0.0128185125,-0.0030560624,0.006768376,-0.2898432,0.7071067811865474,0.5,-0.6956708580912724,0.0,0.0,0.0,0.07404804883442972,0.0,-0.012093554795089556,0.0,0.0,0.0,0.0017477205394920573,0.0017742016265576749,-0.018569864332675934,-1.153022726443624,-8.116519,7.149563,-6.9964066,6.0294495,1.9107447,-2.390212,211.66216,0.022048138
figure_eight_depth,nmpc,67.60000000000001,0.7135225,0.5013239,-0.6968143,0.002193136,-0.008087217,-0.04809022,0.07490269,0.0009243144,-0.012724969,-0.0030754353,0.007115588,-0.29520863,0.7144726796328034,0.49989034173742275,-0.6968788966130257,0.0,0.0,-0.02992320389304657,0.07326857355127725,-0.0021930850658269385,-0.012067160430562218,0.0,0.0,0.0,0.0017210619836094219,0.003580674589190591,-0.018167015604634094,-1.17295209969139,-8.434192,7.2819667,-7.2125354,6.0603085,1.8591841,-2.4443526,222.34204,0.02316063
figure_eight_depth,nmpc,67.7,0.72097164,0.5010612,-0.698017,0.0021291745,-0.0072742044,-0.07810802,0.07443222,0.0009294155,-0.012631339,-0.0030671922,0.007471801,-0.3001853,0.7217602280983617,0.4995614150494292,-0.6980842791508903,0.0,0.0,-0.060427773899395326,0.07248106354335038,-0.004385208171975297,-0.0120404352387804,0.0,0.0,0.0,0.0016958035004947783,0.005692221923485871,-0.017680246227424284,-1.19297385645052,-8.736427,7.399809,-7.410348,6.073727,1.8047,-2.50147,232.40004,0.024208337
figure_eight_depth,nmpc,67.8,0.72836465,0.500577,-0.69921666,0.0020479804,-0.006426264,-0.10858049,0.073993385,0.0009142814,-0.012537354,-0.0030285504,0.007830587,-0.30473402,0.7289686274214112,0.4990133642141358,-0.6992869726586951,0.0,0.0,-0.09146968025886468,0.07168560517012423,-0.006575407780928799,-0.012013379952269254,0.0,0.0,0.0,0.0016776795513912548,0.007854669923890188,-0.017110812178021156,-1.2130641937310538,-9.020778,7.5011206,-7.587789,6.068129,1.7475189,-2.5613039,241.65205,0.025172092
figure_eight_depth,nmpc,67.9,0.7356984,0.49986795,-0.70041347,0.0019507614,-0.0055444054,-0.13946123,0.073595226,0.0008733128,-0.012442814,-0.0029566549,0.00818615,-0.30881846,0.7360970871197342,0.49824642962475224,-0.70048694416399,0.0,0.0,-0.1229995393208924,0.07088228566243249,-0.008762723198663114,-0.011985995312935316,0.0,0.0,0.0,0.001671425756033417,0.010021073689024416,-0.01646169489102929,-1.2331992842701074,-9.284975,7.5842376,-7.7428265,6.042085,1.6878628,-2.6236215,249.92183,0.026033526
figure_eight_depth,nmpc,68.0,0.7429709,0.4989311,-0.7016074,0.0018387527,-0.004629944,-0.17070054,0.073253594,0.000808086,-0.012347529,-0.0028521116,0.008535204,-0.3124055,0.7431448254773937,0.4972609476841368,-0.7016841607689499,0.0,0.0,-0.15496290414839717,0.070071193113308,-0.010946194996447334,-0.011958282071455884,0.0,0.0,0.0,0.001680948782385983,0.012183690432949203,-0.015737631029787345,-1.2533517777508973,-9.527028,7.6475844,-7.873755,5.9943075,1.6259527,-2.6881702,257.04755,0.026775785
figure_eight_depth,nmpc,68.10000000000001,0.75017905,0.49776438,-0.70279866,0.0017130981,-0.0036849454,-0.20224579,0.07296043,0.0007242843,-0.012251353,-0.0027170684,0.008869937,-0.315466,0.7501110696304597,0.4960573506572389,-0.7028785896512773,0.0,0.0,-0.1873006855338053,0.06925241646793534,-0.013124865431313193,-0.011930240987612084,0.0,0.0,0.0,0.0017102498945681405,0.014340551525232182,-0.014945101252274107,-1.273493999756832,-9.745301,7.689706,-7.9792614,5.923661,1.5620342,-2.7547097,262.88925,0.027384294
figure_eight_depth,nmpc,68.2,0.7573196,0.49636665,-0.7039871,0.001574812,-0.0027118495,-0.23404194,0.07271384,0.00063021225,-0.01215413,-0.0025545286,0.00918625,-0.3179755,0.7569950556517562,0.4946361664814942,-0.7040701980651002,0.0,0.0,-0.21994970072225348,0.06842604551499099,-0.015297778866385503,-0.011901872830233362,0.0,0.0,0.0,0.0017626180612104123,0.016496960048684388,-0.014092243423902832,-1.2935971903855539,-9.938526,7.709405,-8.058369,5.829242,1.4963275,-2.8229804,267.3348,0.027847374
figure_eight_depth,nmpc,68.3,0.7643886,0.49473742,-0.70517296,0.0014250992,-0.0017133872,-0.266032,0.07250815,0.0005263483,-0.012055822,-0.00236465,0.009480828,-0.31991482,0.7637960286346415,0.49299801853525266,-0.7052589533418726,0.0,0.0,-0.2528433410502061,0.06759217087543012,-0.01746398219015788,-0.011873178377086457,0.0,0.0,0.0,0.0018395832088574401,0.018650795942765034,-0.013188669266642639,-1.3136339367394705,-10.105747,7.7058506,-8.110401,5.7104983,1.4290841,-2.892743,270.30487,0.02815676
figure_eight_depth,nmpc,68.4,0.77138275,0.49287662,-0.70635617,0.0012651893,-0.00069210696,-0.29815763,0.072352864,0.00041771942,-0.011956344,-0.0021495356,0.009754971,-0.3212701,0.7705132427757893,0.4911436253643443,-0.7064448228912681,0.0,0.0,-0.28591234358341805,0.06675088399199502,-0.019622525233992105,-0.01184415841459785,0.0,0.0,0.0,0.0019409194291383225,0.020808800297177625,-0.012245288767503582,-1.333925804050642,-10.2463455,7.6785555,-8.135041,5.567244,1.3605436,-2.9637485,271.7558,0.028307894
figure_eight_depth,nmpc,68.5,0.7782992,0.4907843,-0.70753664,0.0010965847,0.00034950866,-0.3303597,0.072251536,0.00030269346,-0.011855614,-0.0019089183,0.010008731,-0.32203335,0.7771459614569706,0.489073800366903,-0.7076277742020737,0.0,0.0,-0.31908564618874097,0.06590227712222063,-0.021772461189811798,-0.011814813738575403,0.0,0.0,0.0,0.0020649599956724545,0.022970137245478764,-0.01127405115317798,-1.354804840645841,-10.360288,7.6275315,-8.132217,5.3994527,1.290877,-3.0357969,271.68427,0.028300444
figure_eight_depth,nmpc,68.60000000000001,0.785135,0.48846087,-0.70871454,0.0009208643,0.0014089674,-0.36257875,0.072201855,0.00018338005,-0.011753612,-0.0016445952,0.010241272,-0.32220215,0.7836934573258402,0.48678945143658003,-0.7088077748430819,0.0,0.0,-0.35229130069264064,0.06504644332533394,-0.023912847024742945,-0.011785145153542231,0.0,0.0,0.0,0.0022091376715460955,0.025136210466608334,-0.010287448964036607,-1.375541958273755,-10.45258,7.5523095,-8.10312,5.202839,1.2194391,-3.1096125,270.1806,0.028143814
figure_eight_depth,nmpc,68.7,0.79188275,0.4859066,-0.7098897,0.0007399812,0.0024837877,-0.3947558,0.0721671,4.0612755e-05,-0.011650049,-0.0013554671,0.010451891,-0.32177988,0.7901550123756903,0.4842915805643156,-0.7099847924639787,0.0,0.0,-0.3854574153610288,0.06418347645276157,-0.02604274389436667,-0.011755153472792212,0.0,0.0,0.0,0.0023669432795634547,0.027278027097864428,-0.009298395138162496,-1.396091645299979,-10.528407,7.452872,-8.049063,4.973517,1.1457543,-3.1857038,267.3774,0.027851814
figure_eight_depth,nmpc,68.8,0.79852724,0.48312157,-0.7110621,0.00055626687,0.0035714272,-0.4268326,0.0720743,-0.00016332079,-0.011544544,-0.0010404255,0.01063903,-0.32077464,0.7965299180241958,0.48158128339882933,-0.7111587947962318,0.0,0.0,-0.4185130962167501,0.06331347113858188,-0.028161217555972007,-0.011724839518501007,0.0,0.0,0.0,0.0025241133012900946,0.029337124590283408,-0.008319490310120636,-1.4164107608923446,-10.587314,7.330452,-7.9706273,4.7137547,1.0711628,-3.2627327,263.36993,0.027434366
figure_eight_depth,nmpc,68.9,0.8050492,0.48010543,-0.71223146,0.00037180574,0.004670131,-0.45875207,0.0718957,-0.00046157482,-0.0114368135,-0.0007046319,0.01080948,-0.319199,0.8028174751911148,0.4786597487660335,-0.7123297496539742,0.0,0.0,-0.45138935669317287,0.06243652278892231,-0.03026733877667387,-0.01169420412178157,0.0,0.0,0.0,0.0026608581423861336,0.03127180708022919,-0.007362709203815043,-1.4364662454336408,-10.620851,7.187788,-7.8675094,4.434435,0.99937606,-3.3369017,258.16235,0.02689191
figure_eight_depth,nmpc,69.0,0.81143343,0.47685948,-0.7133976,0.00018679559,0.005778768,-0.49045902,0.07166906,-0.0008362289,-0.011326908,-0.00036935005,0.010968483,-0.31707034,0.8090169943749472,0.4755282581475769,-0.7134976249348867,0.0,0.0,-0.4840199671592585,0.06155272757091268,-0.03236018374236371,-0.011663248122573133,0.0,0.0,0.0,0.002760676615885071,0.03310910713455138,-0.006439057746899957,-1.4562391050627586,-10.6213,7.0270596,-7.740784,4.1465316,0.9346602,-3.4038718,251.76498,0.026225517
figure_eight_depth,nmpc,69.10000000000001,0.81767523,0.47338808,-0.71456045,-1.5710266e-06,0.0068964064,-0.5219006,0.07147732,-0.0012234261,-0.011215232,-6.674329e-05,0.011117653,-0.3144121,0.8151277957285542,0.4721881851187405,-0.7146623886210787,0.0,0.0,-0.5163422192247706,0.060662182402637654,-0.03443883446191398,-0.011631972369585686,0.0,0.0,0.0,0.0028177234524131745,0.0349342832750715,-0.005558375009695915,-1.4759221095344057,-10.580882,6.8509545,-7.591792,3.8618512,0.8811154,-3.459488,244.18427,0.02543586
figure_eight_depth,nmpc,69.2,0.8237875,0.46969762,-0.71571994,-0.00019952953,0.008022212,-0.5530268,0.07146225,-0.0015197288,-0.011102558,0.00016698785,0.01125855,-0.31125468,0.8211492091337036,0.46864099474594595,-0.7158240087799653,0.0,0.0,-0.5482975847255533,0.05976498494253413,-0.0365023791704111,-0.011600377720188959,0.0,0.0,0.0,0.0028439287149649405,0.03688983179939747,-0.004729210661714722,-1.4953626265139954,-10.490099,6.6633477,-7.4212003,3.5944357,0.8423582,-3.5000489,235.39647,0.024520466
figure_eight_depth,nmpc,69.3,0.82981014,0.4657948,-0.7168765,-0.00041684156,0.009155324,-0.58379143,0.07183947,-0.001573704,-0.010990119,0.0002948598,0.011392497,-0.30763447,0.8270805742745616,0.46488824294412595,-0.7169824535651432,0.0,0.0,-0.5798322549285925,0.058861233578288985,-0.03854991272903008,-0.011568465040523446,0.0,0.0,0.0,0.0028781272220298696,0.0391919511503937,-0.0039591798362695885,-1.5146288618249806,-10.337339,6.469653,-7.228332,3.3606327,0.8212442,-3.5225754,225.3426,0.023473188
figure_eight_depth,nmpc,69.4,0.8358179,0.4616834,-0.71803117,-0.0006662803,0.010294148,-0.61415243,0.07289166,-0.0011858705,-0.010879655,0.00028522164,0.011514789,-0.30359244,0.8329212407100993,0.4609315757942503,-0.7181376912172635,0.0,0.0,-0.6108975516491957,0.05795102741645852,-0.04058053702188369,-0.011536235205611423,0.0,0.0,0.0,0.0029945044643713567,0.042137790055436684,-0.003254879838841429,-1.533824720118904,-10.109663,6.276406,-7.0110903,3.17782,0.8197036,-3.524979,213.94987,0.022286445
figure_eight_depth,nmpc,69.5,0.84192634,0.45735666,-0.7191856,-0.00096126203,0.011435596,-0.64407194,0.07497024,-0.00015286136,-0.0107733905,0.00013008474,0.01161382,-0.29917142,0.8386705679454236,0.4567727288213009,-0.719289690064902,0.0,0.0,-0.6414502080367128,0.057034466271477235,-0.04259336134995739,-0.011503689098968373,0.0,0.0,0.0,0.0033093566766428735,0.046080595474521716,-0.0026217285706480187,-1.5528802901395933,-9.798936,6.0891137,-6.7678194,3.0579848,0.83832467,-3.5065029,201.24945,0.020963484
figure_eight_depth,nmpc,69.60000000000001,0.8481735,0.45280474,-0.7203414,-0.001293985,0.012551613,-0.673517,0.077415474,0.00112192,-0.010672561,3.9915347e-05,0.011443189,-0.2944205,0.8443279255020152,0.4524135262330097,-0.7204384185254288,0.0,0.0,-0.6714525223251138,0.056111650654333545,-0.0445875028217968,-0.011470827612769519,0.0,0.0,0.0,0.003866639821000787,0.050436508988006244,-0.0020644664291586956,-1.5715759639798328,-9.410007,5.909111,-6.5006886,2.9997804,0.8760168,-3.4682183,187.51942,0.019533273
figure_eight_depth,nmpc,69.7,0.85447353,0.44802907,-0.72149855,-0.0016314905,0.013588183,-0.7024588,0.079169884,0.001981482,-0.010576096,0.00025751453,0.010740158,-0.2893817,0.8498926929868638,0.4478558801197067,-0.7215838451058726,0.0,0.0,-0.7008723925822575,0.05518268176252228,-0.04656208674150286,-0.011437651648127378,0.0,0.0,0.0,0.004584904546386345,0.05415354302016339,-0.0015864063030879283,-1.5896995911153826,-8.961178,5.7335577,-6.2162747,2.9886444,0.9300977,-3.412934,173.26366,0.018048298
figure_eight_depth,nmpc,69.8,0.8606796,0.44304585,-0.72265536,-0.0019330621,0.014487884,-0.7308713,0.07971461,0.0020795967,-0.010482273,0.00084491086,0.00946051,-0.28408396,0.855364260160506,0.44310178961560776,-0.7227259384037851,0.0,0.0,-0.7296832442128457,0.054247661468109776,-0.048516246991259226,-0.011404162114536653,0.0,0.0,0.0,0.005316129189960023,0.05665116777133297,-0.0011880755579672941,-1.6072273766933043,-8.474741,5.5590763,-5.9220986,3.0064237,0.99700135,-3.3443975,159.01341,0.016563896
figure_eight_depth,nmpc,69.9,0.8667163,0.43786466,-0.72381014,-0.0021763875,0.015220596,-0.7587305,0.079693094,0.0017374556,-0.010391414,0.0016028049,0.007865585,-0.27854738,0.8607420270039436,0.43815334002193174,-0.7238646671081018,0.0,0.0,-0.757863864591825,0.053306692305798986,-0.05044912641119503,-0.011370359929929741,0.0,0.0,0.0,0.005981517281372302,0.05848623655335941,-0.0008666065423608149,-1.6241523125615058,-7.9690356,5.384253,-5.6237903,3.0389984,1.0730976,-3.2664115,145.17921,0.015122835
figure_eight_depth,nmpc,70.0,0.8725501,0.43249258,-0.72496176,-0.0023519248,0.015772793,-0.7860151,0.079462245,0.0011729731,-0.010304949,0.0023973521,0.0061157052,-0.27280217,0.8660254037844384,0.4330127018922197,-0.7249999999999999,0.0,0.0,-0.7853981606560753,0.05235987746421422,-0.0523598771771383,-0.011336246021342866,0.0,0.0,0.0,0.0065454761524763655,0.06001139859292293,-0.000616932670493342,-1.6404817722635197,-7.457588,5.2093534,-5.325165,3.0769217,1.1550947,-3.1824446,132.04001,0.013754168
figure_eight_depth,nmpc,70.10000000000001,0.8781732,0.42693442,-0.72610915,-0.0024587535,0.016141707,-0.8127078,0.079234086,0.00053184386,-0.010224525,0.003141717,0.00431684,-0.2668841,0.8712138111201897,0.4276821300802531,-0.7261319059537549,0.0,0.0,-0.812274855820069,0.05140732077224541,-0.05424766117065327,-0.01130182132375035,0.0,0.0,0.0,0.006999449777918367,0.061451473547505735,-0.0004329259716180367,-1.6562304070003446,-6.9501834,5.035243,-5.0291243,3.114177,1.240131,-3.0954409,119.76859,0.012475896
figure_eight_depth,nmpc,70.2,0.88359225,0.42119488,-0.7272519,-0.0025016079,0.016331105,-0.8387948,0.07911032,-8.555759e-05,-0.010151763,0.0037821697,0.0025352917,-0.26083115,0.8763066800438635,0.4221639627510076,-0.7272603539375928,0.0,0.0,-0.8384871421874789,0.0504491266880569,-0.05611165034685728,-0.011267086781063806,0.0,0.0,0.0,0.007349740855173525,0.06294148744390035,-0.0003076852737637914,-1.6714125311488142,-6.453584,4.863276,-4.737692,3.1473768,1.3258433,-3.0078523,108.45694,0.0112975985
figure_eight_depth,nmpc,70.3,0.88881826,0.4152791,-0.72838956,-0.0024876362,0.016348211,-0.8642666,0.079107605,-0.0006404446,-0.01008802,0.0042993487,0.0008081986,-0.25468218,0.8813034520649918,0.41646062035505016,-0.7283853130145425,0.0,0.0,-0.8640323030141268,0.049485400288540315,-0.05795102709874045,-0.011232043345466014,0.0,0.0,0.0,0.007607130181822273,0.06452353575258848,-0.00023427136865517004,-1.686045330810916,-5.9720635,4.695453,-4.451804,3.1751883,1.410328,-2.921631,98.138145,0.010222725
figure_eight_depth,nmpc,70.4,0.8938635,0.40919262,-0.72952205,-0.0024250948,0.016202474,-0.88911706,0.07922286,-0.0011133912,-0.010034293,0.0046878424,-0.00083926955,-0.24847446,0.8862035792312148,0.4105746045668518,-0.7295067523432825,0.0,0.0,-0.8889113188597018,0.04851624725726866,-0.05976498461479629,-0.011196691977743978,0.0,0.0,0.0,0.007783603536200162,0.0662137184902102,-0.0002057432321256325,-1.7001500116617152,-5.508367,4.533627,-4.1721005,3.197356,1.492161,-2.8382578,88.80765,0.009250796
figure_eight_depth,nmpc,70.5,0.8987412,0.40293986,-0.7306494,-0.0023224428,0.015905105,-0.9133439,0.07946042,-0.0014980895,-0.009991104,0.0049516936,-0.0023862356,-0.24224308,0.8910065241883678,0.4045084971874739,-0.7306246411789872,0.0,0.0,-0.9131284690907832,0.047541773872783466,-0.061552727233377125,-0.011161033647011376,0.0,0.0,0.0,0.007892162995554886,0.0680200573286565,-0.0002154373118047337,-1.7137499948364352,-5.063899,4.3796787,-3.8987556,3.214531,1.5703064,-2.7587874,80.43493,0.008378639
figure_eight_depth,nmpc,70.60000000000001,0.9034651,0.3965235,-0.7317717,-0.002187809,0.0154687185,-0.936948,0.07982491,-0.0017951721,-0.009958558,0.0051004356,-0.0038157273,-0.23602049,0.8957117602394128,0.39826495901209813,-0.7317389488741693,0.0,0.0,-0.9366909384333014,0.046562086997048446,-0.0633134707914429,-0.011125069330930604,0.0,0.0,0.0,0.007946564657489455,0.0699448152997241,-0.0002570629514336842,-1.7268714313741307,-4.639062,4.2354026,-3.6316085,3.2279456,1.6440376,-2.6839087,72.97397,0.0076014553
figure_eight_depth,nmpc,70.7,0.90804946,0.3899429,-0.73288906,-0.002028541,0.014906895,-0.95993316,0.08033754,-0.0020133737,-0.009936542,0.0051480555,-0.005115412,-0.22983629,0.9003187714021932,0.3918467286629203,-0.7328496448795206,0.0,0.0,-0.9596084363721814,0.04557729406373667,-0.06504644296870254,-0.011088800015435218,0.0,0.0,0.0,0.0079617632540434,0.07199145904265869,-0.0003247253633532621,-1.7395372865048115,-4.2336073,4.1024156,-3.3702838,3.239089,1.7128766,-2.6140418,66.37091,0.0069136363
figure_eight_depth,nmpc,70.8,0.9125068,0.3831953,-0.7340017,-0.0018508623,0.014232853,-0.98230606,0.08099632,-0.002169632,-0.009924828,0.005111763,-0.0062866104,-0.22371708,0.9048270524660189,0.38525662138789546,-0.733956698744749,0.0,0.0,-0.9818928353389591,0.04458750306651771,-0.06675088362623205,-0.011052226694951983,0.0,0.0,0.0,0.007951719089557115,0.074145876682063,-0.00041322783624231363,-1.751767293132182,-3.8472636,3.9817111,-3.114651,3.2490962,1.77655,-2.5494173,60.568794,0.00630925
figure_eight_depth,nmpc,70.9,0.91684747,0.37627825,-0.73510987,-0.001660145,0.013458646,-1.0040754,0.08177937,-0.0022737652,-0.009923011,0.005005478,-0.0073391823,-0.21768606,0.9092361090470684,0.37849752782587837,-0.7350600801194137,0.0,0.0,-1.0035578319725,0.0435928225470672,-0.06842604514012418,-0.01101535037201229,0.0,0.0,0.0,0.007928457777637427,0.07639063831600776,-0.0005175760093725223,-1.7635762336367442,-3.478994,3.8744678,-2.8640893,3.259561,1.8349503,-2.4901083,55.510323,0.0057823253
figure_eight_depth,nmpc,71.0,0.9210781,0.3691927,-0.7362137,-0.0014610317,0.012594201,-1.0252523,0.082632385,-0.0023318157,-0.009930587,0.0048411638,-0.008292908,-0.21176341,0.9135454576426005,0.3715724127386977,-0.7361597587537567,0.0,0.0,-1.0246186342488313,0.04259336158346505,-0.07007119272911533,-0.010978172057696245,0.0,0.0,0.0,0.007899777106983122,0.07869462529989665,-0.0006337079752898321,-1.7749770100408853,-3.1278212,3.7815206,-2.6180117,3.2717094,1.8881102,-2.436044,51.140503,0.0053271353
figure_eight_depth,nmpc,71.10000000000001,0.92520183,0.3619425,-0.73731315,-0.0012573507,0.011647563,-1.0458492,0.08350697,-0.0023538016,-0.009947113,0.0046307584,-0.009165453,-0.20596641,0.9177546256839813,0.3644843137107056,-0.7372557044995329,0.0,0.0,-1.045091676064401,0.04158922977759438,-0.07168560477677222,-0.010940692771188587,0.0,0.0,0.0,0.007869245085492882,0.0810245839781198,-0.0007575279990146289,-1.7859821792712867,-2.7933016,3.7035954,-2.3757432,3.2860355,1.9364775,-2.38673,47.407764,0.004938309
figure_eight_depth,nmpc,71.2,0.92921907,0.35453385,-0.73840827,-0.0010523483,0.010625325,-1.0658803,0.08436597,-0.0023536193,-0.009972231,0.0043830997,-0.009970529,-0.20030959,0.9218631515885004,0.357236339816402,-0.738347887310836,0.0,0.0,-1.064994359794005,0.04058053724420585,-0.07326857314923774,-0.010902913540167258,0.0,0.0,0.0,0.00783687333959175,0.0833484318327272,-0.0008859388204969232,-1.7966061860441236,-2.4745266,3.6404278,-2.1373343,3.3032343,1.9808154,-2.3413756,44.261223,0.004610544
figure_eight_depth,nmpc,71.3,0.93312913,0.34697276,-0.73949903,-0.0008489467,0.0095334165,-1.0853608,0.085201,-0.0023439077,-0.010005609,0.0041038375,-0.010714096,-0.19480479,0.9258705848099944,0.3498316702566835,-0.7394362772449223,0.0,0.0,-1.0843448265718445,0.039567394597761485,-0.07481940350428928,-0.010864835400303807,0.0,0.0,0.0,0.007801524861490346,0.08564964648832869,-0.0010159388853088203,-1.8068644346082408,-2.169757,3.5906742,-1.9037478,3.3246639,2.0219996,-2.2990892,41.652725,0.0043388256
figure_eight_depth,nmpc,71.4,0.9369315,0.3392655,-0.7405855,-0.00065010163,0.008377245,-1.1043068,0.08600988,-0.0023223918,-0.010046879,0.003794629,-0.011400878,-0.18946157,0.9297764858882515,0.3422735529643443,-0.7405208444630327,0.0,0.0,-1.1031617534042368,0.038549912940277764,-0.0763374155955121,-0.01082645939537441,0.0,0.0,0.0,0.007761873953938021,0.08792769863727933,-0.0011450636505117018,-1.8167750081832332,-1.8773271,3.552628,-1.6761862,3.3514864,2.060919,-2.2589755,39.53794,0.004118536
figure_eight_depth,nmpc,71.5,0.94062763,0.3314179,-0.74166757,-0.00045891336,0.0071619954,-1.1227354,0.08680229,-0.0022760092,-0.010095637,0.0034556754,-0.01203269,-0.18428764,0.9335804264972015,0.33456530317942956,-0.7416015592312082,0.0,0.0,-1.1214641757860502,0.03752820385061195,-0.07782194357361383,-0.01078778657759294,0.0,0.0,0.0,0.007718401260258693,0.09019757607755823,-0.0012712053403536316,-1.8263578807447394,-1.5952239,3.5242794,-1.4560449,3.3850996,2.0984626,-2.2201104,37.876686,0.0039454885
figure_eight_depth,nmpc,71.60000000000001,0.944222,0.3234368,-0.74274534,-0.00027878117,0.0058923936,-1.1406641,0.08757891,-0.0021756256,-0.010151553,0.0030853683,-0.012613738,-0.1792889,0.9372819894918917,0.32671030199505235,-0.742678391921108,0.0,0.0,-1.1392713341833,0.036502379370584315,-0.07927233627558206,-0.010748818007277894,0.0,0.0,0.0,0.007673571273123057,0.0924828159835228,-0.00139276646367259,-1.8356321908894802,-1.321735,3.5039945,-1.2442517,3.4265106,2.1354601,-2.181671,36.633976,0.003816039
figure_eight_depth,nmpc,71.7,0.94771856,0.31532797,-0.74381876,-0.0001118707,0.004572813,-1.1581111,0.08834406,-0.0020294094,-0.010214244,0.002697143,-0.0131471725,-0.17447037,0.9408807689542255,0.31871199487434493,-0.7437513130108195,0.0,0.0,-1.1566025425551654,0.035472551993209755,-0.08068795751048352,-0.010709554752685868,0.0,0.0,0.0,0.007629649705125946,0.09477768128835236,-0.0015085528733014277,-1.844656292748605,-1.0554172,3.490535,-1.0412911,3.4764085,2.1726112,-2.1429403,35.779877,0.0037270703
figure_eight_depth,nmpc,71.8,0.9511194,0.30709445,-0.74488777,4.1480707e-05,0.003207456,-1.1750947,0.08911066,-0.0018675504,-0.0102833565,0.002310139,-0.013634566,-0.16983558,0.9443763702374808,0.31057389013915576,-0.7448202930856695,0.0,0.0,-1.1734770770154748,0.03443883465076292,-0.0820681863405448,-0.010669997890178085,0.0,0.0,0.0,0.007588134351018756,0.09706337988331572,-0.0016176466860022831,-1.8535003934116567,-0.79516256,3.4828732,-0.847426,3.5351362,2.210478,-2.1033409,35.288265,0.0036758606
figure_eight_depth,nmpc,71.9,0.95442474,0.2987391,-0.7459525,0.0001820033,0.0017998874,-1.1916335,0.08987126,-0.0017074873,-0.010358588,0.0019356986,-0.014082547,-0.16538619,0.9477684100095858,0.3022995574311871,-0.7458853028390294,0.0,0.0,-1.1899140826844334,0.03340134070195511,-0.08341241735165816,-0.010630148504275905,0.0,0.0,0.0,0.007549042721560973,0.09932079768253284,-0.0017193802214503504,-1.8620650759917996,-0.5392129,3.4805167,-0.66234773,3.6036513,2.249597,-2.062372,35.14382,0.0036608148
figure_eight_depth,nmpc,72.0,0.9576338,0.29026532,-0.7470128,0.00031095932,0.00035295196,-1.207746,0.09061659,-0.0015555687,-0.010439578,0.0015795672,-0.01449868,-0.16112225,0.9510565162951535,0.29389262614623685,-0.7469463130731182,0.0,0.0,-1.2059324968533383,0.03236018391983286,-0.0847200609196963,-0.010590007687549807,0.0,0.0,0.0,0.0075114799168982775,0.10153897970976085,-0.0018135320468082305,-1.8714974756852163,-0.28514177,3.4834247,-0.48523402,3.6835165,2.2904155,-2.0196033,35.344097,0.0036816767
figure_eight_depth,nmpc,72.10000000000001,0.9607472,0.28167358,-0.74806863,0.0004298809,-0.0011304906,-1.2234507,0.09137738,-0.0014104294,-0.01052595,0.0012446458,-0.01488326,-0.15704256,0.9542403285162768,0.28535678384221586,-0.7480032946998049,0.0,0.0,-1.2215509866484584,0.03131547847878835,-0.08599054346902779,-0.010549576540397343,0.0,0.0,0.0,0.007477259082922221,0.10373633873980237,-0.0018996740571080029,-1.8810710677188647,-0.03230634,3.4909291,-0.3159727,3.774595,2.3329654,-1.9750051,35.87841,0.003737334
figure_eight_depth,nmpc,72.2,0.9637672,0.272962,-0.74912,0.00054032094,-0.0026476635,-1.2387658,0.09218147,-0.0012626257,-0.010617335,0.00093126367,-0.015237564,-0.15314497,0.957319497532067,0.2766957746216726,-0.7490562187414038,0.0,0.0,-1.2367878994698032,0.030267338942679967,-0.08722330772398257,-0.01050885617126518,0.0,0.0,0.0,0.007451013559471381,0.10593681993972394,-0.0019779362922207615,-1.8904479190856038,0.21831787,3.5019996,-0.15488862,3.8752058,2.3767521,-1.9290771,36.723164,0.0038253295
figure_eight_depth,nmpc,72.3,0.9666976,0.26412594,-0.7501668,0.0006439719,-0.0041955905,-1.2537094,0.09305847,-0.001104513,-0.010713347,0.0006408546,-0.015560013,-0.14942695,0.9602936856769427,0.26791339748949944,-0.7501050563314708,0.0,0.0,-1.2516612246443113,0.02921588025173172,-0.08841781295340634,-0.010467847696482568,0.0,0.0,0.0,0.007440322606251888,0.10816445117885723,-0.0020482108186403725,-1.899635955086432,0.46435,3.5156128,-0.0024431527,3.9824057,2.4207454,-1.882843,37.83982,0.0039416477
figure_eight_depth,nmpc,72.4,0.96954006,0.25516433,-0.7512087,0.00074311206,-0.005772314,-1.2682992,0.09396691,-0.0009416694,-0.010813711,0.00037927646,-0.015861185,-0.1458862,0.9631625667976581,0.2590135046865653,-0.7511497787155936,0.0,0.0,-1.2661885648157956,0.028161217710376274,-0.08957353520777644,-0.010426552240427878,0.0,0.0,0.0,0.007449300022817109,0.11039088052607607,-0.002110657176697117,-1.9086398877371056,0.70178145,3.530397,0.14041747,4.0917606,2.4634652,-1.8377569,39.164433,0.0040796283
figure_eight_depth,nmpc,72.5,0.9722925,0.24608135,-0.7522459,0.0008408755,-0.007376426,-1.2825527,0.09484367,-0.000792375,-0.010918348,0.00015488133,-0.01614703,-0.14252079,0.9659258262890681,0.2500000000000008,-0.7521903572521801,0.0,0.0,-1.280387115774573,0.02710346697404331,-0.09068996754925396,-0.010384970935195525,0.0,0.0,0.0,0.007476175589757962,0.11256374567352782,-0.002165603341637956,-1.9174588254047982,0.92483664,3.5444248,0.27206275,4.1971984,2.5031738,-1.7955742,40.59873,0.004229034
figure_eight_depth,nmpc,72.60000000000001,0.9749467,0.23688895,-0.75327814,0.000941525,-0.0090065515,-1.2964875,0.09559813,-0.0006931099,-0.01102722,-2.1379596e-05,-0.016418418,-0.13932958,0.9685831611286312,0.24087683705085744,-0.7532267634132441,0.0,0.0,-1.2942736535134498,0.026042744037113597,-0.09176662027317317,-0.01034310492059598,0.0,0.0,0.0,0.0075100109400304425,0.11459844773310685,-0.0022137970862206036,-1.9260836456602792,1.1259199,3.5550086,0.3900336,4.2908945,2.5380235,-1.7580992,42.00216,0.004375225
figure_eight_depth,nmpc,72.7,0.9774859,0.22760995,-0.7543056,0.0010506033,-0.010660853,-1.3101207,0.09610261,-0.0007026369,-0.011140533,-0.0001370906,-0.016671367,-0.13631195,0.971134279909636,0.23164801755993125,-0.7542589687851871,0.0,0.0,-1.3078645274861125,0.024979165219873867,-0.09280302112493755,-0.01030095534465536,0.0,0.0,0.0,0.007526699280252868,0.1163689395634402,-0.0022561743037434745,-1.9344925426962107,1.2959384,3.5585728,0.4909846,4.363526,2.5663168,-1.7270079,43.19286,0.004499256
figure_eight_depth,nmpc,72.8,0.9798817,0.21828468,-0.755329,0.0011746971,-0.012337036,-1.32347,0.096162416,-0.00089795905,-0.011258686,-0.00018218071,-0.016902061,-0.13346732,0.9735789028731601,0.2223175895924647,-0.7552869450695775,0.0,0.0,-1.3211756590957286,0.02391284715574926,-0.09379871550488361,-0.01025852336289379,0.0,0.0,0.0,0.007482741347265838,0.11769261267950541,-0.0022943373566028935,-1.9426835421577162,1.4258406,3.5510545,0.57127947,4.4056153,2.5867286,-1.7036424,43.972378,0.0045804563
figure_eight_depth,nmpc,72.9,0.9821092,0.20894979,-0.756349,0.0013176161,-0.014025442,-1.3365523,0.09582841,-0.001269288,-0.011381717,-0.00018473096,-0.017037716,-0.13079266,0.9759167619387474,0.2128896457825363,-0.7563106640839263,0.0,0.0,-1.3342225446137497,0.022843906778369227,-0.0947532666673162,-0.01021581013838091,0.0,0.0,0.0,0.007339624876377278,0.118605863288776,-0.0023297176924637064,-1.9506902971774165,1.5101064,3.5297527,0.6288326,4.411026,2.5985224,-1.6887507,44.196354,0.004603787
figure_eight_depth,nmpc,73.0,0.9841671,0.19960691,-0.757366,0.0014763456,-0.015702497,-1.349384,0.09550176,-0.001683434,-0.011508411,-0.00021235194,-0.01693959,-0.12828234,0.9781476007338055,0.20336832153790063,-0.7573300977624593,0.0,0.0,-1.3470202618037241,0.02177246130918853,-0.09566625591576894,-0.0101728168423465,0.0,0.0,0.0,0.0070981590987321715,0.1194594652558642,-0.0023636884297353333,-1.95852831923452,1.5485032,3.4944797,0.6641935,4.378789,2.6016977,-1.6824071,43.823517,0.0045649502
figure_eight_depth,nmpc,73.10000000000001,0.9860668,0.19024041,-0.75838006,0.0016438821,-0.01733936,-1.361981,0.09537934,-0.002053498,-0.011636177,-0.0003026122,-0.016554568,-0.12593117,0.980271174621722,0.193757793226051,-0.7583452181568876,0.0,0.0,-1.3595834796084532,0.02069862824438662,-0.09653728278298523,-0.010129544653514344,0.0,0.0,0.0,0.006779576871530875,0.12044361285415964,-0.0023975546704164685,-1.9662023915794125,1.5452181,3.4469752,0.6798889,4.312304,2.5969615,-1.6840364,42.90774,0.0044695563
figure_eight_depth,nmpc,73.2,0.987826,0.18083008,-0.75939083,0.0018110721,-0.018907716,-1.3743589,0.09551629,-0.002317408,-0.011761826,-0.0004742283,-0.015886988,-0.12373367,0.9822872507286886,0.18406227634233907,-0.7593559974371724,0.0,0.0,-1.3719264703832648,0.019622525341655983,-0.09736596520698582,-0.010085994757935701,0.0,0.0,0.0,0.006412952510463056,0.12164250756582529,-0.002432422057531136,-1.9737169024603556,1.5073726,3.3900003,0.679434,4.2179384,2.5855768,-1.6924818,41.566612,0.004329855
figure_eight_depth,nmpc,73.3,0.98946434,0.1713536,-0.7603979,0.0019686308,-0.020382112,-1.3865322,0.09593249,-0.002448751,-0.011882216,-0.0007259681,-0.014964365,-0.12168438,0.9841956079692418,0.1742860236609083,-0.7603624078922894,0.0,0.0,-1.3840631241916308,0.018544270607934177,-0.09815193970065528,-0.010042168349766456,0.0,0.0,0.0,0.006029923038961607,0.12309111583296779,-0.002469063270222227,-1.981072432056985,1.4437281,3.3269334,0.6668776,4.1037836,2.5692122,-1.7061973,39.950565,0.0041615167
figure_eight_depth,nmpc,73.4,0.9909995,0.16179259,-0.76140076,0.0021085916,-0.02174259,-1.3985152,0.09657988,-0.0024496147,-0.011994566,-0.0010426074,-0.013840586,-0.11977789,0.985996037070505,0.16443332336929128,-0.7613644219309876,0.0,0.0,-1.3960069647775344,0.017463982285914614,-0.09889486150964355,-0.009998066630489966,0.0,0.0,0.0,0.005657705046038214,0.12475975648368505,-0.0025082596792527223,-1.9882720585180982,1.3637172,3.2613487,0.6463788,3.9786868,2.5497677,-1.7233741,38.21521,0.003980751
figure_eight_depth,nmpc,73.5,0.99244595,0.15213212,-0.76239884,0.002224977,-0.02297503,-1.4103215,0.09741397,-0.0023364879,-0.01209669,-0.0014029403,-0.012573267,-0.118008845,0.9876883405951377,0.154508497187474,-0.7623620120825458,0.0,0.0,-1.407771166868822,0.016381778841445538,-0.09959440476385584,-0.009953690809194615,0.0,0.0,0.0,0.005318205885834649,0.1266092855006432,-0.002550307206495406,-1.9953186834957983,1.2766559,3.1969066,0.6220633,3.8514988,2.529214,-1.742097,36.50289,0.003802385
figure_eight_depth,nmpc,73.60000000000001,0.99381274,0.1423623,-0.7633917,0.0023144335,-0.024071787,-1.4219643,0.09837284,-0.0021457982,-0.012187059,-0.0017801293,-0.01122652,-0.11637228,0.9892723329629883,0.14451589847223587,-0.7633551509975263,0.0,0.0,-1.4193685745380293,0.015297778950318364,-0.10025026262050485,-0.009909042102351773,0.0,0.0,0.0,0.005025398461223953,0.1285734847155195,-0.002595713219844198,-2.0022181024690906,1.1916931,3.137354,0.59809095,3.7309556,2.5095108,-1.7604136,34.937565,0.00363933
figure_eight_depth,nmpc,73.7,0.9951048,0.13247684,-0.76437896,0.0023758155,-0.025031282,-1.4334562,0.099411234,-0.0019091433,-0.012264851,-0.0021522199,-0.009860815,-0.11486324,0.9907478404714435,0.13445991030763355,-0.7643438114485238,0.0,0.0,-1.4308117203741422,0.014212101485389095,-0.10086214739866983,-0.009864121734148856,0.0,0.0,0.0,0.004787152033675642,0.13059997222883912,-0.0026444621057162276,-2.0089800169390557,1.1179417,3.0865316,0.57865757,3.6258154,2.4925735,-1.7763851,33.62632,0.0035027417
figure_eight_depth,nmpc,73.8,0.9963243,0.122471325,-0.7653604,0.00240962,-0.02585755,-1.4448094,0.10050523,-0.0016476812,-0.012329844,-0.0025035203,-0.008532313,-0.11347687,0.9921147013144777,0.1243449435824287,-0.7653279663309128,0.0,0.0,-1.442112845276284,0.013124865503255645,-0.10142979070548036,-0.009818930936100756,0.0,0.0,0.0,0.004607844037814372,0.13265784049808982,-0.002696591521811787,-2.015614603562461,1.0629363,3.047369,0.5670163,3.5432887,2.4800825,-1.7882676,32.641407,0.0034001463
figure_eight_depth,nmpc,73.9,0.9974717,0.11234537,-0.76633584,0.0024174056,-0.0265604,-1.4560357,0.101612575,-0.0013700792,-0.012382385,-0.0028246704,-0.007298905,-0.11220844,0.9933727656003964,0.11417543505532811,-0.7663075886635902,0.0,0.0,-1.4532839186944397,0.01203619023182334,-0.10195294355378609,-0.009773470947049834,0.0,0.0,0.0,0.004489000751505405,0.1347132057385395,-0.0027518145285216895,-2.022134665971244,1.03236,3.021925,0.56547076,3.4888139,2.4733653,-1.7946562,32.027702,0.0033362191
figure_eight_depth,nmpc,74.0,0.9985463,0.102102414,-0.76730525,0.0024016509,-0.027154678,-1.4671465,0.10269251,-0.0010838163,-0.012423283,-0.0031082628,-0.006211258,-0.111053735,0.9945218953682733,0.10395584540888055,-0.7672826515897144,0.0,0.0,-1.464336659208192,0.010946195056482644,-0.1024313764714721,-0.00972774301344348,0.0,0.0,0.0,0.004430752875052636,0.1367332428017393,-0.0028098566380605483,-2.0285575191482565,1.0300415,3.0114155,0.57539976,3.466057,2.473349,-1.7945585,31.812143,0.003313765
figure_eight_depth,nmpc,74.10000000000001,0.99954647,0.09174641,-0.7682687,0.0023656643,-0.027658598,-1.4781528,0.10373912,-0.0007969704,-0.012453633,-0.003348205,-0.005303427,-0.110009275,0.99556196460308,0.09369065729286208,-0.7682531283774433,0.0,0.0,-1.4752825553132007,0.0098549995073971,-0.10286487960161489,-0.009681748388667977,0.0,0.0,0.0,0.004433576536031282,0.13870749630333912,-0.002870196609406683,-2.0348986275811622,1.0581677,3.0164838,0.59749305,3.4771583,2.4805446,-1.7874136,32.01447,0.0033348405
figure_eight_depth,nmpc,74.2,1.0004696,0.08128488,-0.76922625,0.002313408,-0.028093636,-1.4890652,0.10471567,-0.0005156735,-0.012474683,-0.0035404176,-0.004608422,-0.109072514,0.9964928592495043,0.08338437335805154,-0.7692189924206652,0.0,0.0,-1.4861328863474406,0.00876272324668026,-0.10325326279628233,-0.009635488334103215,0.0,0.0,0.0,0.004496900503416846,0.14060597721007978,-0.002932283940645375,-2.041171952277079,1.116886,3.0368793,0.63143545,3.5223298,2.4950562,-1.7730606,32.644638,0.003400483
figure_eight_depth,nmpc,74.3,1.001311,0.07073071,-0.770178,0.0022498397,-0.028483747,-1.4998946,0.10556714,-0.00026029474,-0.012487872,-0.0036776646,-0.0041515175,-0.10824226,0.997314477224458,0.07304151428120687,-0.7701802172397294,0.0,0.0,-1.4968987434956766,0.007669486054628916,-0.1035963556977812,-0.009588964117623888,0.0,0.0,0.0,0.004616446592935365,0.14237519542118265,-0.002995875492360467,-2.0473874226361084,1.2042285,3.0714123,0.67591184,3.5997288,2.5166297,-1.7516949,33.700504,0.0035104693
figure_eight_depth,nmpc,74.4,1.002063,0.06010528,-0.77112454,0.0021806757,-0.028854636,-1.5106517,0.1062074,-5.3169653e-05,-0.0124949375,-0.0037552372,-0.0039508035,-0.1075183,0.9980267284282716,0.06266661678215206,-0.7711367764821722,0.0,0.0,-1.50759105081264,0.006575407816955536,-0.1038940078128825,-0.00954217701482074,0.0,0.0,0.0,0.004780416195541352,0.14393808544753203,-0.0030606568365909577,-2.0535481507743407,1.315881,3.117598,0.7282544,3.7052245,2.5447476,-1.7238159,35.157288,0.0036622172
figure_eight_depth,nmpc,74.5,1.0027139,0.04944291,-0.77206653,0.002112771,-0.02923302,-1.5213472,0.1065059,6.1100625e-05,-0.012497814,-0.0037647572,-0.004016969,-0.106901616,0.9986295347545738,0.05226423163382733,-0.7720886439234385,0.0,0.0,-1.5182205862441533,0.005480608511743146,-0.10414608858288002,-0.009495128308500966,0.0,0.0,0.0,0.0049641251654293245,0.14516977664828956,-0.0031265788635737035,-2.0596616065950277,1.4454387,3.1718004,0.78469354,3.8325453,2.578653,-1.6901412,36.95979,0.0038499779
figure_eight_depth,nmpc,74.60000000000001,1.0032496,0.038782977,-0.77300483,0.0020529723,-0.029642854,-1.531992,0.10641394,5.473194e-05,-0.012498878,-0.0037093265,-0.0043231254,-0.106393196,0.9991228300988584,0.04183892166615722,-0.7730357934676018,0.0,0.0,-1.5287980026171906,0.004385208196011625,-0.1043524874368082,-0.009447819288466164,0.0,0.0,0.0,0.005135208110748576,0.14601382860430373,-0.0031939560009734973,-2.0657559713742377,1.5866438,3.2306974,0.8418897,3.9754512,2.6174824,-1.6514938,39.046482,0.004067342
figure_eight_depth,nmpc,74.7,1.0036622,0.028146228,-0.7739398,0.0020054006,-0.030099144,-1.5425968,0.10612362,-2.9425884e-05,-0.012500665,-0.0036188508,-0.004780512,-0.10599276,0.9995065603657316,0.03139525976465682,-0.7739781991480785,0.0,0.0,-1.5393338485878438,0.0032893269927836144,-0.10451311384042025,-0.00940025125162336,0.0,0.0,0.0,0.005275155191944259,0.14663336995018209,-0.0032629684287577287,-2.0718498120368443,1.7344662,3.2918408,0.89739525,4.128911,2.6603873,-1.6086997,41.363388,0.004308686
figure_eight_depth,nmpc,74.8,1.0039482,0.017542887,-0.7748715,0.001972021,-0.030610912,-1.5531727,0.10574345,-0.00015558174,-0.012504851,-0.0035165595,-0.0053296704,-0.10570029,0.9997806834748455,0.020937826864600592,-0.7749158351283413,0.0,0.0,-1.5498385895470754,0.002193085077817347,-0.1046278973381113,-0.00935242550215154,0.0,0.0,0.0,0.005375487679890453,0.1471294708497104,-0.0033341180106027934,-2.0779576338822787,1.8854542,3.3537722,0.94978416,4.2894416,2.706619,-1.5625017,43.871323,0.0045699296
figure_eight_depth,nmpc,74.9,1.0041069,0.0069750175,-0.7757998,0.0019534,-0.031182533,-1.5637304,0.105356626,-0.00030097945,-0.012512449,-0.0034175133,-0.0059242942,-0.105515994,0.9999451693655121,0.010471209941678135,-0.775848675702626,0.0,0.0,-1.5603226284817748,0.0010966026662839745,-0.1046967875820478,-0.009304343351168587,0.0,0.0,0.0,0.005435584464938931,0.1475768586511705,-0.0034077305956787818,-2.0840871865852533,2.0374258,3.4158,0.9983861,4.454839,2.7555413,-1.5135156,46.544903,0.0048484267
figure_eight_depth,nmpc,75.0,1.0041391,-0.003557288,-0.77672434,0.0019490728,-0.031815886,-1.5742807,0.10498325,-0.00044656367,-0.01252404,-0.0033326163,-0.006539522,-0.10544001,1.0,3.061616997868383e-16,-0.7767766952966368,0.0,0.0,-1.5707963267948966,0.0,-0.10471975435468792,-0.00925600611700883,0.0,0.0,0.0,0.005457921306860493,0.14800358328447158,-0.0034844120356698483,-2.0902455134737643,2.1889346,3.4775329,1.0428333,4.6236334,2.8066316,-1.4622471,49.36551,0.0051422403
figure_eight_depth,nmpc,75.10000000000001,1.0040466,-0.0140556535,-0.777645,0.001958111,-0.032510825,-1.5848347,0.10464026,-0.00058364094,-0.0125399595,-0.0032668936,-0.00715497,-0.10547262,0.9999451693655121,-0.010471209941678411,-0.7776998684682481,0.0,0.0,-1.5812700251080185,-0.0010966026662839745,-0.1046967875820478,-0.00920741512466794,0.0,0.0,0.0,0.005447260463543711,0.14842822290236535,-0.003564669754347216,-2.096436224021982,2.3388865,3.5388136,1.0829626,4.794737,2.8594625,-1.4091504,52.31813,0.0054498054
figure_eight_depth,nmpc,75.2,1.0038311,-0.024520643,-0.77856135,0.0019794265,-0.03326616,-1.5954032,0.10431663,-0.0007092285,-0.0125602335,-0.0032221444,-0.007760162,-0.1056141,0.9997806834748455,-0.020937826864599093,-0.7786181699082008,0.0,0.0,-1.5917540640421868,-0.002193085077761836,-0.10462789733811477,-0.009158571706469054,0.0,0.0,0.0,0.005407963018164194,0.14884549145669804,-0.0036491303853034562,-2.1026672379187694,2.4889283,3.600337,1.1195992,4.9696655,2.9139092,-1.3543315,55.43335,0.0057743075
figure_eight_depth,nmpc,75.3,1.0034953,-0.034956023,-0.7794733,0.0020118512,-0.03407933,-1.6059971,0.10404379,-0.00081518973,-0.012584838,-0.003199292,-0.008341242,-0.10586424,0.9995065603657316,-0.03139525976465531,-0.7795315744407971,0.0,0.0,-1.6022588050019493,-0.0032893269927836144,-0.10451311384042025,-0.009109477201341143,0.0,0.0,0.0,0.005347219704445772,0.1492840762790565,-0.0037382805693397803,-2.1089466716532237,2.641035,3.6627812,1.1535972,5.1502185,2.9698527,-1.2979587,58.75129,0.006119926
figure_eight_depth,nmpc,75.4,1.0030432,-0.04536822,-0.78038025,0.0020539914,-0.034947272,-1.6166272,0.10384706,-0.0008794961,-0.012613448,-0.003200576,-0.008893171,-0.10622199,0.9991228300988584,-0.0418389216661575,-0.7804400570245905,0.0,0.0,-1.612794650972604,-0.004385208196011625,-0.10435248743680473,-0.009060132955374112,0.0,0.0,0.0,0.005275284873682791,0.14977819979674026,-0.0038325653665072235,-2.1152798685219736,2.7954893,3.7262118,1.1851065,5.3365936,3.02672,-1.2406007,62.283245,0.0064878375
figure_eight_depth,nmpc,75.5,1.0024805,-0.055761352,-0.7812819,0.002104738,-0.03586778,-1.6273043,0.10370136,-0.0008850369,-0.012645696,-0.0032231126,-0.009424236,-0.10668619,0.9986295347545739,-0.05226423163382584,-0.7813435927530719,0.0,0.0,-1.623372067345416,-0.005480608511743146,-0.10414608858332411,-0.009010540321152671,0.0,0.0,0.0,0.005202273155337231,0.1503221923672718,-0.003932248221600653,-2.1216776571698532,2.9505308,3.790426,1.2138044,5.527151,3.0833192,-1.183489,66.00318,0.006875332
figure_eight_depth,nmpc,75.60000000000001,1.0018132,-0.066142574,-0.7821777,0.0021638435,-0.03683787,-1.638039,0.103635274,-0.0008261953,-0.01268113,-0.00325839,-0.00992663,-0.10725652,0.9980267284282716,-0.06266661678215234,-0.7822421568553529,0.0,0.0,-1.6340016027771531,-0.006575407816955536,-0.1038940078128825,-0.008960700658533494,0.0,0.0,0.0,0.0051403890295456806,0.15094108100146472,-0.004037390104621785,-2.1281441183014267,3.1028025,3.855332,1.2392216,5.7189116,3.1378016,-1.128502,69.851906,0.0072762407
figure_eight_depth,nmpc,75.7,1.0010451,-0.0765153,-0.78306735,0.0022327856,-0.037855048,-1.648842,0.1036108,-0.000721502,-0.012719191,-0.0032892707,-0.010405374,-0.10793435,0.9973144772244581,-0.07304151428120538,-0.7831357246968447,0.0,0.0,-1.6446939100944322,-0.007669486054628916,-0.1035963556973371,-0.008910615333701521,0.0,0.0,0.0,0.005097988038946961,0.15159499512806865,-0.00414806702501358,-2.1346782575252283,3.2447617,3.920221,1.2598864,5.905095,3.1874764,-1.0783683,73.676956,0.0076746834
figure_eight_depth,nmpc,75.8,1.0001765,-0.08687589,-0.78395057,0.0023150307,-0.038916867,-1.6597245,0.10355892,-0.00061006064,-0.012759413,-0.0032961632,-0.010860983,-0.10872365,0.9964928592495045,-0.08338437335805007,-0.7840242717799335,0.0,0.0,-1.6554597672425297,-0.00876272324673577,-0.10325326279671948,-0.008860285719947125,0.0,0.0,0.0,0.0050759937807231805,0.1522070358228781,-0.004264706710717325,-2.141271418164537,3.3652124,3.9834898,1.2731262,6.0755744,3.2291193,-1.0362921,77.22742,0.008044522
figure_eight_depth,nmpc,75.9,0.9992016,-0.097209744,-0.78482765,0.002416294,-0.04002005,-1.6706985,0.10337617,-0.00056263513,-0.012801612,-0.0032570504,-0.01128567,-0.109631695,0.99556196460308,-0.09369065729286236,-0.7849077737446524,0.0,0.0,-1.6663100982771335,-0.009854999507452611,-0.10286487960160795,-0.008809713196888946,0.0,0.0,0.0,0.005063329670612214,0.15265314535857202,-0.00438842524428984,-2.147897996614552,3.4520814,4.0433455,1.2760108,6.219414,3.259665,-1.0053235,80.210915,0.008355304
figure_eight_depth,nmpc,76.0,0.99810624,-0.107480064,-0.7856999,0.0025446543,-0.041161347,-1.6817771,0.10285189,-0.00068665395,-0.012845908,-0.0031488377,-0.011680404,-0.11066848,0.9945218953682734,-0.10395584540887907,-0.7857862063693485,0.0,0.0,-1.6772559943815093,-0.010946195056427133,-0.10243137647104189,-0.00875889915108452,0.0,0.0,0.0,0.005027434758911482,0.1527046049528151,-0.004521125255026348,-2.154511662923988,3.4916778,4.096269,1.2641358,6.323809,3.2765908,-0.9879454,82.27192,0.008569991
figure_eight_depth,nmpc,76.10000000000001,0.9968655,-0.11761615,-0.78657,0.0027106714,-0.042337753,-1.6929741,0.10166691,-0.0011378537,-0.012892947,-0.002947368,-0.012048695,-0.11184496,0.9933727656003963,-0.11417543505532837,-0.7866595455713479,0.0,0.0,-1.6883087348953616,-0.01203619023182334,-0.10195294355377915,-0.008707844975752721,0.0,0.0,0.0,0.0049036500180480854,0.15201839681733098,-0.004665355680810279,-2.161115057889117,3.470846,4.137319,1.2322509,6.375912,3.27823,-0.98574424,83.05336,0.008651393
figure_eight_depth,nmpc,76.2,0.99546146,-0.12756912,-0.7874403,0.002917983,-0.043532353,-1.7043041,0.1000406,-0.0018409255,-0.0129438285,-0.002722336,-0.012252816,-0.11316611,0.9921147013144779,-0.12434494358242727,-0.7875277674076149,0.0,0.0,-1.6994798083140388,-0.013124865503311156,-0.1014297907054873,-0.008656552070385182,0.0,0.0,0.0,0.004647989949311725,0.15080698033898424,-0.004824290768908002,-2.16772244000951,3.3812358,4.1623282,1.1765188,6.367043,3.264065,-0.9992376,82.33376,0.008576433
figure_eight_depth,nmpc,76.3,0.99388874,-0.13732521,-0.7883117,0.0031611593,-0.04471411,-1.7157818,0.09831336,-0.0026384795,-0.012997466,-0.0025631462,-0.012152152,-0.11463268,0.9907478404714437,-0.13445991030763207,-0.7883908480754094,0.0,0.0,-1.710780933215632,-0.014212101485389095,-0.10086214739868371,-0.008605021841301408,0.0,0.0,0.0,0.004252227698625412,0.14942945596121399,-0.005000874683843027,-2.1743432354438674,3.2216794,4.1693387,1.0957263,6.2952895,3.234786,-1.027793,80.11408,0.008345217
figure_eight_depth,nmpc,76.4,0.99215394,-0.14689851,-0.7891841,0.0034274145,-0.045843527,-1.7274213,0.09674785,-0.0033761996,-0.013050436,-0.002540205,-0.011661654,-0.11624216,0.9892723329629884,-0.14451589847223528,-0.7892487639129391,0.0,0.0,-1.7222240790518628,-0.015297778950262853,-0.10025026262007464,-0.008553255701149176,0.0,0.0,0.0,0.003739610244869248,0.14818580336594386,-0.0051972046700610175,-2.1809896060458525,2.9981027,4.1587873,0.99122345,6.1656647,3.192191,-1.0697511,76.61652,0.007980888
figure_eight_depth,nmpc,76.5,0.9902737,-0.15632895,-0.7900558,0.0036986952,-0.04687692,-1.7392362,0.095582485,-0.0039069843,-0.013097836,-0.00270168,-0.010738362,-0.117989145,0.9876883405951379,-0.15450849718747256,-0.7901014914000076,0.0,0.0,-1.7338214867205555,-0.016381778841334516,-0.0995944047634395,-0.00850125506918209,0.0,0.0,0.0,0.0031623215845473476,0.14735402064896802,-0.005414748898035836,-2.187690198105871,2.7231414,4.13374,0.8669161,5.989963,3.1389668,-1.1226375,72.24793,0.0075258263
figure_eight_depth,nmpc,76.60000000000001,0.98827547,-0.16569102,-0.7909235,0.003952673,-0.047768537,-1.7512393,0.09513392,-0.0040528025,-0.0131340595,-0.0030848756,-0.0093596205,-0.11986606,0.985996037070505,-0.16443332336929156,-0.7909490071586605,0.0,0.0,-1.7455856888124595,-0.017463982285859103,-0.09889486150921334,-0.008449021370982024,0.0,0.0,0.0,0.002603508177717069,0.14729308884459397,-0.005653610961710465,-2.1944425703655046,2.413569,4.0997467,0.7286615,5.784652,3.0782042,-1.183551,67.50252,0.007031513
figure_eight_depth,nmpc,76.7,0.9861824,-0.17505327,-0.7917836,0.004171822,-0.04848299,-1.7634431,0.09533879,-0.003841264,-0.013153567,-0.003635879,-0.007626308,-0.12186983,0.9841956079692421,-0.17428602366090692,-0.7917912879538248,0.0,0.0,-1.7575295293978184,-0.018544270607823155,-0.09815193970025282,-0.008396556038625658,0.0,0.0,0.0,0.002129796662027362,0.14794081443325088,-0.005913582975533682,-2.2012118679660455,2.0845256,4.061971,0.58152455,5.56497,3.0130043,-1.249608,62.79163,0.0065407953
figure_eight_depth,nmpc,76.80000000000001,0.9840067,-0.18444039,-0.79263455,0.004348098,-0.049003378,-1.7758601,0.095774576,-0.0034368332,-0.013152438,-0.004254981,-0.0057212007,-0.124000445,0.9822872507286886,-0.18406227634233935,-0.7926283106939473,0.0,0.0,-1.7696661832068086,-0.019622525341600472,-0.09736596520656948,-0.00834386051046243,0.0,0.0,0.0,0.0017605465196743816,0.1488700617362051,-0.0061938879754424025,-2.2079834403269176,1.7465585,4.024276,0.42895347,5.341879,2.9460948,-1.3182511,58.382195,0.0060814787
figure_eight_depth,nmpc,76.9,0.9817517,-0.193854,-0.79347575,0.004480169,-0.049323775,-1.7885026,0.09622765,-0.002966284,-0.01312891,-0.0048720646,-0.00375298,-0.12625824,0.9802711746217219,-0.19375779322605124,-0.7934600524316265,0.0,0.0,-1.7820091739816744,-0.020698628244331108,-0.0965372827825689,-0.008290936231114543,0.0,0.0,0.0,0.0014837116117027535,0.14983555358114528,-0.006493399985305626,-2.214753005336257,1.4076154,3.987332,0.2712713,5.1236744,2.8798187,-1.3872316,54.423595,0.005669124
figure_eight_depth,nmpc,77.0,0.9794155,-0.20328379,-0.7943073,0.0045707556,-0.04944516,-1.8013833,0.096589796,-0.0025017313,-0.013082402,-0.00544481,-0.001790218,-0.12864372,0.9781476007338058,-0.20336832153789927,-0.7942864903642426,0.0,0.0,-1.7945723917860692,-0.02177246130918853,-0.09566625591576894,-0.008237784651587976,0.0,0.0,0.0,0.0012708608584386925,0.15070740851357037,-0.006810865126162247,-2.221522252194134,1.0717599,3.951681,0.10855541,4.914884,2.8159564,-1.454797,50.978367,0.0053102467
figure_eight_depth,nmpc,77.10000000000001,0.9769953,-0.21271302,-0.7951295,0.004624249,-0.04937305,-1.814515,0.096802585,-0.0020699885,-0.013013048,-0.005955381,0.00012162374,-0.13115779,0.9759167619387473,-0.2128896457825365,-0.7951076018345824,0.0,0.0,-1.8073701089754566,-0.022843906778313716,-0.09475326666733008,-0.008184407228994939,0.0,0.0,0.0,0.0010931135542756,0.15142255041462138,-0.007144885645820276,-2.2282950374933277,0.7412845,3.9181468,-0.058991935,4.718422,2.7556674,-1.5195855,48.071205,0.0050074174
figure_eight_depth,nmpc,77.2,0.9744882,-0.22212014,-0.795943,0.0046458575,-0.049116332,-1.8279105,0.09682081,-0.001689236,-0.012921952,-0.0063950308,0.0019484572,-0.13380292,0.9735789028731604,-0.22231758959246337,-0.7959233643314598,0.0,0.0,-1.8204169944945714,-0.02391284715569375,-0.09379871550446728,-0.008130805426775911,0.0,0.0,0.0,0.0009306950800358767,0.1519332978905381,-0.00749354799352675,-2.2350824115775594,0.41806912,3.887102,-0.23168977,4.5368595,2.6997223,-1.5805959,45.7079,0.0047612395
figure_eight_depth,nmpc,77.30000000000001,0.9718908,-0.2314853,-0.79674864,0.0046409583,-0.048685487,-1.8415835,0.09666549,-0.0013650424,-0.012811048,-0.0067619514,0.003673911,-0.13658334,0.9711342799096359,-0.23164801755993147,-0.7967337554903344,0.0,0.0,-1.8337281261036809,-0.024979165219873867,-0.09280302112493755,-0.008076980714422088,0.0,0.0,0.0,0.0007739700366235,0.15225221405151387,-0.007855364268023246,-2.24189675086418,0.1026193,3.8590317,-0.40971202,4.3713617,2.648529,-1.6373338,43.87489,0.004570301
figure_eight_depth,nmpc,77.4,0.96919924,-0.24079157,-0.79754686,0.004614804,-0.048092168,-1.8555479,0.09636791,-0.0011001788,-0.0126823215,-0.0070574847,0.005285817,-0.13950436,0.9685831611286311,-0.24087683705085766,-0.7975387530939226,0.0,0.0,-1.8473190000757838,-0.026042744037058085,-0.09176662027317317,-0.008022934567530893,0.0,0.0,0.0,0.0006220040020089747,0.1524023682218534,-0.008228904892477962,-2.2487506529192958,-0.20518483,3.8343418,-0.5932591,4.222415,2.6022594,-1.6895493,42.551353,0.004432433
figure_eight_depth,nmpc,77.5,0.9664103,-0.2500244,-0.7983383,0.0045720525,-0.0473488,-1.8698182,0.09595305,-0.00088775775,-0.012537753,-0.007287809,0.0067758276,-0.14257167,0.9659258262890684,-0.24999999999999947,-0.7983383350728087,0.0,0.0,-1.8612055378158758,-0.0271034669739878,-0.0906899675488515,-0.007968668467861484,0.0,0.0,0.0,0.0004850674713129277,0.1524080677638303,-0.008612672785930808,-2.2556574786300305,-0.505708,3.81352,-0.7824371,4.090248,2.5608418,-1.7372577,41.716988,0.0043455195
figure_eight_depth,nmpc,77.60000000000001,0.9635217,-0.25917155,-0.7991234,0.004516554,-0.046468202,-1.8844098,0.09544277,-0.00071437453,-0.01237921,-0.0074613453,0.008139516,-0.14579111,0.963162566797658,-0.25901350468656553,-0.799132479506049,0.0,0.0,-1.8754040887741108,-0.02816121771026525,-0.08957353520738787,-0.007914183903168226,0.0,0.0,0.0,0.00039249141494149774,0.15229521708990468,-0.009005696496580118,-2.2626290552046866,-0.79923856,3.7978432,-0.9765256,3.9751296,2.5239458,-1.7807126,41.358894,0.004308218
figure_eight_depth,nmpc,77.7,0.9605325,-0.26822075,-0.7999027,0.0044515855,-0.045463856,-1.8993384,0.0948353,-0.0005730056,-0.012208433,-0.00758423,0.009369827,-0.14916843,0.9602936856769431,-0.26791339748949816,-0.7999211646217725,0.0,0.0,-1.8899314289463187,-0.029215880251676207,-0.08841781295299,-0.007859482367034154,0.0,0.0,0.0,0.0003896596783340558,0.15206682674999586,-0.00940693565481654,-2.2696796433973017,-1.086939,3.7880092,-1.1754161,3.8764856,2.491071,-1.8203459,41.45829,0.0043185716
figure_eight_depth,nmpc,77.80000000000001,0.95744073,-0.27716225,-0.80067635,0.0043801735,-0.04434874,-1.9146203,0.09415903,-0.00046631676,-0.012027096,-0.0076594735,0.010471479,-0.15270935,0.957319497532067,-0.2766957746216729,-0.8007043687977786,0.0,0.0,-1.9048047541201352,-0.030267338942568944,-0.08722330772362175,-0.007804565359315063,0.0,0.0,0.0,0.0004827902473171717,0.1517449385989081,-0.009815526145672937,-2.276821610752835,-1.3703318,3.78493,-1.3787878,3.7933853,2.461479,-1.8568133,42.000965,0.0043751006
figure_eight_depth,nmpc,77.9,0.954244,-0.28598714,-0.8014448,0.004305137,-0.043135457,-1.9302725,0.0934266,-0.00040042558,-0.011836809,-0.007689616,0.011447796,-0.15641916,0.9542403285162768,-0.28535678384221613,-0.801482070562129,0.0,0.0,-1.920041666941544,-0.03131547847867733,-0.08599054346866697,-0.007749434385417864,0.0,0.0,0.0,0.0006314648741066767,0.15133724287466777,-0.010230793042281583,-2.2840664617899433,-1.6509485,3.7896974,-1.5861485,3.7248967,2.4343143,-1.8909305,42.979664,0.004477048
figure_eight_depth,nmpc,78.0,0.950938,-0.29468772,-0.80220824,0.004229307,-0.041835856,-1.9463122,0.092658915,-0.0003899148,-0.011639008,-0.0076749725,0.012305977,-0.16030277,0.9510565162951536,-0.2938926261462363,-0.8022542485937368,0.0,0.0,-1.93566015673605,-0.03236018391966633,-0.08472006091936324,-0.007694090956911204,0.0,0.0,0.0,0.0008051937595618673,0.1508539390140042,-0.010652032366122777,-2.291423281708408,-1.930159,3.8033767,-1.7970123,3.6702294,2.4086595,-1.9235477,44.3927,0.0046242396
figure_eight_depth,nmpc,78.10000000000001,0.94751614,-0.30325648,-0.8029667,0.004155697,-0.04046116,-1.9627573,0.091868274,-0.00045622035,-0.011435036,-0.0076140757,0.013051956,-0.16436449,0.9477684100095854,-0.3022995574311881,-0.8030208817229516,0.0,0.0,-1.9516785709057023,-0.03340134070212164,-0.08341241735199123,-0.0076385365910258685,0.0,0.0,0.0,0.0009910989083740337,0.1502951109359906,-0.011078778108579936,-2.298899137693179,-2.2092836,3.8273199,-2.0105398,3.6285756,2.383642,-1.9554838,46.24381,0.004817063
figure_eight_depth,nmpc,78.2,0.9439724,-0.311685,-0.80372036,0.0040866076,-0.039022263,-1.979626,0.09105048,-0.0005991428,-0.011226129,-0.007514293,0.013688397,-0.16860707,0.944376370237481,-0.3105738901391553,-0.8037819489321385,0.0,0.0,-1.968115576574041,-0.034438834650596384,-0.08206818634021174,-0.007582772810710292,0.0,0.0,0.0,0.001183864292519049,0.14965977420040572,-0.011510482958124513,-2.3065022152482917,-2.4903193,3.8621528,-2.2265553,3.5983884,2.3584774,-1.9874853,48.536373,0.0050558723
figure_eight_depth,nmpc,78.30000000000001,0.9403049,-0.31996495,-0.8044693,0.0040224167,-0.03752962,-1.9969364,0.09019431,-0.0007820208,-0.011013396,-0.007395094,0.014219435,-0.17303154,0.940880768954225,-0.3187119948743458,-0.8045374293562559,0.0,0.0,-1.9849901110347101,-0.03547255199337629,-0.08068795751084434,-0.007526801144963624,0.0,0.0,0.0,0.0013806453392443175,0.14896064776592727,-0.01194632943312435,-2.3142447960078547,-2.7747524,3.9085512,-2.4447684,3.5785666,2.3325126,-2.0201724,51.28077,0.005341746
figure_eight_depth,nmpc,78.4,0.9365128,-0.32809106,-0.8052136,0.003962381,-0.03599223,-2.0147069,0.089326546,-0.0009830011,-0.010797915,-0.0072679142,0.014659486,-0.17763811,0.9372819894918912,-0.3267103019950532,-0.805287302283426,0.0,0.0,-2.0023213194066303,-0.03650237937075085,-0.07927233627591512,-0.0074706231281140845,0.0,0.0,0.0,0.001582253217940487,0.148233630579968,-0.01238553064524961,-2.3221383227883066,-3.0630555,3.967705,-2.6642804,3.5689294,2.3052447,-2.0540252,54.493813,0.005676439
figure_eight_depth,nmpc,78.5,0.93259656,-0.33606055,-0.805953,0.0039048733,-0.03441814,-2.032955,0.088466465,-0.0011817635,-0.010580641,-0.007141622,0.015018177,-0.18242559,0.9335804264972017,-0.3345653031794291,-0.806031547155504,0.0,0.0,-2.020128477804006,-0.03752820385094502,-0.0778219435742522,-0.007414240300318564,0.0,0.0,0.0,0.0017916263068338534,0.147507287947675,-0.012826453455149434,-2.3301928323433305,-3.3562791,4.0394344,-2.885526,3.568681,2.2763364,-2.089348,58.190464,0.006061507
figure_eight_depth,nmpc,78.60000000000001,0.92855823,-0.34387016,-0.8066878,0.0038478817,-0.03281505,-2.0516992,0.087604605,-0.0013658826,-0.010362393,-0.0070200292,0.015299263,-0.18739162,0.9297764858882517,-0.3422735529643438,-0.8067701435686404,0.0,0.0,-2.038430900185668,-0.03854991294061083,-0.07633741559615048,-0.0073576542073960916,0.0,0.0,0.0,0.0020099987450749985,0.1467812029217235,-0.013268261343872823,-2.3384166810189346,-3.6551712,4.123482,-3.1088557,3.577166,2.2455678,-2.1263742,62.388527,0.0064988043
figure_eight_depth,nmpc,78.7,0.9244012,-0.35151497,-0.80741763,0.0037893823,-0.03119042,-2.0709567,0.08672007,-0.0015303568,-0.010143814,-0.0069032083,0.015505606,-0.19253209,0.9258705848099946,-0.34983167025668305,-0.8075030712738419,0.0,0.0,-2.0572478270178483,-0.03956739459792802,-0.07481940350462235,-0.007300866400661299,0.0,0.0,0.0,0.0022360242382649482,0.14604071646361905,-0.013708879982884172,-2.3468194416316654,-3.9607341,4.219081,-3.3350801,3.5934262,2.2127764,-2.1652365,67.10816,0.006990433
figure_eight_depth,nmpc,78.80000000000001,0.92013013,-0.35898924,-0.8081428,0.0037274782,-0.029550962,-2.0907443,0.085801855,-0.0016727716,-0.009925625,-0.006789899,0.015644977,-0.19784124,0.9218631515885006,-0.3572363398164015,-0.8082303101775248,0.0,0.0,-2.0765982937957346,-0.04058053724453892,-0.07326857314984836,-0.007243878437035445,0.0,0.0,0.0,0.002466509110707099,0.14527787016853422,-0.014145963177532027,-2.3554109710841544,-4.273648,4.325506,-3.564867,3.6167245,2.1779032,-2.2060082,72.37277,0.0075388304
figure_eight_depth,nmpc,78.9,0.9157493,-0.36628726,-0.80886316,0.0036605902,-0.027902333,-2.1110783,0.084851004,-0.0017959551,-0.0097084455,-0.0066769104,0.01572857,-0.20331168,0.9177546256839815,-0.36448431371070517,-0.8089518403420675,0.0,0.0,-2.0965009775257504,-0.04158922977798296,-0.07168560477738284,-0.007186691878768858,0.0,0.0,0.0,0.0026981046461132365,0.14449240511187883,-0.014577284803351187,-2.3641992711329234,-4.5937634,4.4425874,-3.798149,3.646972,2.1409261,-2.2486906,78.20576,0.008146433
figure_eight_depth,nmpc,79.0,0.9112633,-0.37340236,-0.8095788,0.0035875554,-0.02624952,-2.131974,0.083859235,-0.0019069096,-0.00949282,-0.0065599564,0.01576341,-0.20893393,0.9135454576426015,-0.3715724127386961,-0.8096676419863559,0.0,0.0,-2.1169740193413418,-0.042593361583687095,-0.07007119272942064,-0.007129308293718495,0.0,0.0,0.0,0.0029265843580222797,0.1436739881590841,-0.014999962515958034,-2.3731916488484774,-4.920275,4.57057,-4.03427,3.684563,2.1018596,-2.2932558,84.6274,0.008815353
figure_eight_depth,nmpc,79.10000000000001,0.90667754,-0.38032705,-0.81028974,0.0035073217,-0.024597157,-2.1534452,0.08281591,-0.0020055394,-0.00927924,-0.0064377845,0.015753506,-0.21469617,0.9092361090470686,-0.3784975278258779,-0.8103776954863264,0.0,0.0,-2.1380348216175795,-0.043592822547289245,-0.06842604514042949,-0.00707172925507038,0.0,0.0,0.0,0.0031466056342922236,0.14281359817074904,-0.015410422217869701,-2.3823976715086728,-5.253192,4.70868,-4.2734127,3.7288995,2.0607555,-2.3396618,91.65517,0.009547414
figure_eight_depth,nmpc,79.2,0.9019958,-0.38705635,-0.81099594,0.0034191248,-0.022948528,-2.1755047,0.081752434,-0.0020974788,-0.009068093,-0.0063074226,0.015712732,-0.22058438,0.90482705246602,-0.38525662138789396,-0.8110819813755037,0.0,0.0,-2.1596998182504468,-0.04458750306668424,-0.06675088362653736,-0.007013956341450633,0.0,0.0,0.0,0.003355971393199402,0.14193682405168564,-0.01580486619779542,-2.3918257603967845,-5.5927186,4.8556385,-4.5160294,3.778947,2.0176802,-2.387833,99.303474,0.010344111
figure_eight_depth,nmpc,79.30000000000001,0.89721984,-0.39358842,-0.81169724,0.003322314,-0.02130555,-2.1981633,0.080707505,-0.00218451,-0.008859722,-0.006167487,0.015655149,-0.22658205,0.9003187714021935,-0.39184672866292,-0.8117804803455343,0.0,0.0,-2.1819842172165544,-0.04557729406345912,-0.06504644296845274,-0.006955991136592399,0.0,0.0,0.0,0.0035558158135366776,0.14107833770450365,-0.016179053733762938,-2.40148048010919,-5.9386835,5.0102806,-4.762189,3.8337843,1.9727136,-2.4376934,107.58118,0.011206371
figure_eight_depth,nmpc,79.4,0.89234996,-0.39992255,-0.8123934,0.0032164496,-0.01966944,-2.2214303,0.07970003,-0.002271852,-0.008654294,-0.0060154237,0.015588188,-0.23267001,0.8957117602394131,-0.39826495901209785,-0.8124731732467159,0.0,0.0,-2.20490171515553,-0.04656208699677089,-0.0633134707911931,-0.006897835229779936,0.0,0.0,0.0,0.003749090279660936,0.14025436413152903,-0.01652858651072986,-2.4113613791437407,-6.2944503,5.1704383,-5.012564,3.8885496,1.9253188,-2.4898713,116.50647,0.01213609
figure_eight_depth,nmpc,79.5,0.88738745,-0.4060562,-0.81308436,0.0031008914,-0.018041005,-2.2453125,0.07871158,-0.0023625155,-0.008451656,-0.0058527417,0.015516261,-0.23882516,0.8910065241883685,-0.404508497187473,-0.8131600410885229,0.0,0.0,-2.228464184498932,-0.04754177387256142,-0.06155272723309957,-0.006839490215293509,0.0,0.0,0.0,0.003936846762182748,0.13944887516782556,-0.016848267817352266,-2.4214624474909145,-6.66192,5.334334,-5.267158,3.939569,1.8752688,-2.5446894,126.09153,0.013134535
figure_eight_depth,nmpc,79.60000000000001,0.88233554,-0.41198078,-0.81377,0.002975288,-0.016421136,-2.2698135,0.07768545,-0.0024816203,-0.008251302,-0.005676059,0.01543899,-0.24502137,0.8862035792312147,-0.41057460456685196,-0.8138410650401267,0.0,0.0,-2.25268133472967,-0.04851624725704662,-0.059764984614574246,-0.006780957692797962,0.0,0.0,0.0,0.0041163179957879195,0.13860164099817984,-0.017132202867986113,-2.4317762610657416,-7.0399523,5.500474,-5.525417,3.9859347,1.8232673,-2.6014857,136.32608,0.014200632
figure_eight_depth,nmpc,79.7,0.8771991,-0.41768196,-0.8144502,0.0028393872,-0.014810623,-2.2949352,0.07657024,-0.0026570256,-0.0080526685,-0.0054840907,0.015357722,-0.25122985,0.8813034520649926,-0.4164606203550493,-0.814516226430911,0.0,0.0,-2.2775603505755795,-0.04948540028831827,-0.05795102709849065,-0.006722239266843122,0.0,0.0,0.0,0.0042827130504102355,0.13765617225582974,-0.0173748758648502,-2.4422997458916886,-7.4204526,5.6686645,-5.7851853,4.0333934,1.7716337,-2.6578166,147.13618,0.015326685
figure_eight_depth,nmpc,79.80000000000001,0.871984,-0.4231466,-0.81512487,0.002692047,-0.0132098645,-2.3206756,0.075375296,-0.0028841316,-0.007855714,-0.005285566,0.015276731,-0.25741953,0.8763066800438634,-0.4221639627510077,-0.8151855067509859,0.0,0.0,-2.3031055114015464,-0.050449126687779344,-0.05611165034663523,-0.0066633365473633965,0.0,0.0,0.0,0.004433371562026222,0.13662494612259982,-0.01757010009442528,-2.4530360479560414,-7.794048,5.8383713,-6.0442553,4.0885744,1.7232782,-2.7106423,158.40048,0.01650005
figure_eight_depth,nmpc,79.9,0.86669433,-0.42837083,-0.81579375,0.0025304256,-0.01161843,-2.3470294,0.07418664,-0.0031232815,-0.0076608933,-0.005097416,0.01520489,-0.26355702,0.8712138111201896,-0.4276821300802532,-0.8158488876516928,0.0,0.0,-2.3293177977698667,-0.05140732077202337,-0.05424766117040347,-0.006604251149122664,0.0,0.0,0.0,0.004571985471608006,0.1356047977257823,-0.0177116497856753,-2.4639906217163103,-8.150404,6.0094233,-6.299656,4.1586704,1.681052,-2.7569919,169.9494,0.017703064
figure_eight_depth,nmpc,80.0,0.8613319,-0.43336388,-0.81645644,0.0023495727,-0.010036063,-2.373988,0.0731152,-0.0033019038,-0.0074689463,-0.0049406188,0.0151414955,-0.26960653,0.8660254037844392,-0.4330127018922189,-0.8165063509461096,0.0,0.0,-2.356194492933983,-0.05235987746421422,-0.05235987717711055,-0.006544984691991829,0.0,0.0,0.0,0.004706908262570325,0.1347276269688811,-0.017793420197731002,-2.4751775575088564,-8.477425,6.1826262,-6.5471125,4.2523084,1.6475201,-2.7941542,181.56003,0.018912503
figure_eight_depth,nmpc,80.10000000000001,0.85589105,-0.43815646,-0.8171127,0.0021423488,-0.00846234,-2.4015388,0.07236165,-0.0033124676,-0.007281103,-0.0048372075,0.015089902,-0.27553034,0.8607420270039435,-0.43815334002193185,-0.8171578786095478,0.0,0.0,-2.3837287889982433,-0.053306692305798986,-0.05044912641116728,-0.006485538800782287,0.0,0.0,0.0,0.0048511896193611246,0.1342200778676534,-0.017810059878709872,-2.486616799277909,-8.76092,6.360079,-6.780749,4.3799033,1.6248205,-2.8198524,192.95802,0.020099796
figure_eight_depth,nmpc,80.2,0.85035384,-0.44280767,-0.8177621,0.0018996409,-0.0068972968,-2.4296653,0.07219581,-0.0030084504,-0.007098886,-0.0048072226,0.0150478445,-0.2812891,0.8553642601605068,-0.44310178961560714,-0.8178034527800473,0.0,0.0,-2.411909409377188,-0.05424766146788773,-0.04851624699103718,-0.0064259151053014385,0.0,0.0,0.0,0.005019218648075467,0.13438513568459823,-0.01775591769495577,-2.498336125848935,-8.98562,6.5447764,-6.9935813,4.552733,1.614495,-2.8323429,203.84177,0.02123352
figure_eight_depth,nmpc,80.30000000000001,0.84468156,-0.44741178,-0.8184046,0.0016111634,-0.0053416817,-2.4583473,0.07297695,-0.0022119086,-0.006924241,-0.0048630456,0.01501128,-0.28684273,0.8498926929868635,-0.44785588011970673,-0.8184430557588663,0.0,0.0,-2.440720261007536,-0.05518268176252228,-0.04656208674150286,-0.006366115240075132,0.0,0.0,0.0,0.005230162826081306,0.1356176249924175,-0.017627059549104818,-2.5102806778176925,-9.140496,6.738128,-7.1798515,4.7774777,1.6172122,-2.8308227,213.95453,0.022286931
figure_eight_depth,nmpc,80.4,0.83885366,-0.45199844,-0.81904083,0.0012832079,-0.0038190873,-2.487561,0.074118376,-0.0012321093,-0.0067564826,-0.004840048,0.014755253,-0.29215664,0.8443279255020151,-0.4524135262330098,-0.8190766700109658,0.0,0.0,-2.4701401312635913,-0.056111650654278034,-0.04458750282185231,-0.006306140844625219,0.0,0.0,0.0,0.005490099423203063,0.13725797879458998,-0.017420856208942848,-2.5223901356484975,-9.224399,6.9380264,-7.3371844,5.0508075,1.6324278,-2.8157802,223.16411,0.02324626
figure_eight_depth,nmpc,80.5,0.8328783,-0.45652115,-0.8196717,0.0009382374,-0.002371732,-2.5172784,0.07491399,-0.00046852464,-0.0065941857,-0.0045846375,0.014092208,-0.2971907,0.8386705679454244,-0.45677272882130016,-0.8197042781654913,0.0,0.0,-2.5001424455529344,-0.05703446627119968,-0.042593361349763104,-0.006245993563136487,0.0,0.0,0.0,0.005797828671797716,0.1385099965196034,-0.017135987293134928,-2.5346154167224215,-9.246616,7.138694,-7.4669433,5.359016,1.6584903,-2.7890086,231.46431,0.024110867
figure_eight_depth,nmpc,80.60000000000001,0.82679766,-0.46086925,-0.8202976,0.0006086718,-0.0010508575,-2.5474672,0.07473731,-0.0002706881,-0.006435937,-0.0040116524,0.012925496,-0.30189916,0.8329212407100992,-0.4609315757942505,-0.8203258630162481,0.0,0.0,-2.530695101941368,-0.05795102741623648,-0.040580537021661645,-0.006185675044512173,0.0,0.0,0.0,0.0061239589100258425,0.13867639145394067,-0.01677212980912035,-2.5471052449502793,-9.220878,7.3332214,-7.571824,5.6841636,1.6930398,-2.7531056,238.88893,0.024884267
figure_eight_depth,nmpc,80.7,0.82064056,-0.4649712,-0.8209182,0.00031619504,0.00011159275,-2.5780895,0.073975466,-0.0004797052,-0.0062835664,-0.0032465628,0.011438112,-0.3062282,0.8270805742745619,-0.4648882429441257,-0.8209414075221733,0.0,0.0,-2.5617603986603594,-0.05886123357801143,-0.038549912728919056,-0.006125186942540495,0.0,0.0,0.0,0.006440586584426751,0.13818449475765185,-0.01632907697135444,-2.560646778534095,-9.158965,7.515975,-7.653457,6.0104628,1.7335992,-2.710793,245.43138,0.025565766
figure_eight_depth,nmpc,80.80000000000001,0.8144225,-0.46879268,-0.82153296,7.1936374e-05,0.0010997397,-2.6091022,0.07298002,-0.00090957154,-0.0061391867,-0.0024079788,0.009783408,-0.31013066,0.8211492091337035,-0.4686409947459461,-0.8215508948078037,0.0,0.0,-2.593295068863865,-0.05976498494225657,-0.036502379170272325,-0.006064530915450561,0.0,0.0,0.0,0.0067284547499990785,0.13743394387380914,-0.01580718028164263,-2.5743036244572055,-9.068942,7.6832724,-7.711773,6.326099,1.777845,-2.6646187,251.03027,0.02614899
figure_eight_depth,nmpc,80.9,0.8081508,-0.47232202,-0.82214135,-0.000120051016,0.0019080064,-2.6404588,0.07195784,-0.0014337008,-0.006004374,-0.0015750324,0.00806011,-0.31356698,0.815127795728554,-0.47218818511874056,-0.8221543081637372,0.0,0.0,-2.6252504343651344,-0.0606621824023601,-0.03443883446174745,-0.00600370862618993,0.0,0.0,0.0,0.006978263335997007,0.1366653196432759,-0.015208387885231824,-2.587961277776542,-8.956566,7.8316936,-7.7467318,6.621856,1.8237542,-2.616791,255.59001,0.026623962
figure_eight_depth,nmpc,81.0,0.8018289,-0.47556,-0.8227429,-0.00026008204,0.0025373385,-2.6721094,0.0710127,-0.0019723817,-0.005880097,-0.0007964173,0.006331319,-0.3165035,0.8090169943749477,-0.47552825814757677,-0.8227516310470919,0.0,0.0,-2.657572686430797,-0.061552727570635124,-0.03236018374219718,-0.005942721742202561,0.0,0.0,0.0,0.007188148987388091,0.13600372980285771,-0.0145366790324597,-2.6015311831757177,-8.824892,7.9592757,-7.757224,6.891605,1.869657,-2.569094,258.9934,0.026978478
figure_eight_depth,nmpc,81.10000000000001,0.7954575,-0.47851354,-0.8233373,-0.0003507768,0.002992984,-2.7040007,0.070198305,-0.0024852469,-0.005766879,-9.7756216e-05,0.0046393955,-0.3189116,0.802817475191114,-0.4786597487660339,-0.8233428470819594,0.0,0.0,-2.6902032968954965,-0.062436522789144355,-0.030267338776868158,-0.005881571935595353,0.0,0.0,0.0,0.007361447054011515,0.1355133030935124,-0.013797414545543507,-2.614995679340702,-8.6755495,8.065084,-7.7416673,7.1312,1.9142631,-2.522897,261.1276,0.027200788
figure_eight_depth,nmpc,81.2,0.7890342,-0.48119265,-0.8239245,-0.00039607735,0.0032832013,-2.7360778,0.069550656,-0.0029506353,-0.0056648534,0.00050705345,0.003014692,-0.3207678,0.7965299180241961,-0.48158128339882905,-0.8239279400598531,0.0,0.0,-2.723079557373611,-0.06331347113830432,-0.028161217555805473,-0.005820260882583028,0.0,0.0,0.0,0.00750579914472184,0.1352348839348919,-0.012998228118332289,-2.6283344226963097,-8.508688,8.149116,-7.698113,7.338538,1.9566652,-2.479137,261.8956,0.027280793
figure_eight_depth,nmpc,81.30000000000001,0.7825563,-0.48360822,-0.82450444,-0.000400764,0.0034176453,-2.7682834,0.069073305,-0.0033559648,-0.0055738613,0.0010105044,0.0014719984,-0.32205313,0.7901550123756896,-0.48429158056431587,-0.824506893940154,0.0,0.0,-2.7561352382273707,-0.06418347645298361,-0.02604274389456096,-0.00575879026426529,0.0,0.0,0.0,0.00762938351791239,0.13517430903862349,-0.012148128929611701,-2.6415265955829113,-8.323093,8.212357,-7.6242733,7.513535,1.9963913,-2.4383132,261.23038,0.027211497
figure_eight_depth,nmpc,81.4,0.7760188,-0.485771,-0.8250771,-0.00036991804,0.00340676,-2.8005588,0.068778865,-0.0037014082,-0.005493506,0.0014115231,2.0494901e-05,-0.3227542,0.7836934573258394,-0.48678945143658026,-0.8250796928505484,0.0,0.0,-2.789301352898435,-0.065046443325667,-0.0239128470247707,-0.0056971617657941565,0.0,0.0,0.0,0.00774194029666898,0.13534310804644,-0.011257452567263295,-2.6545475922163764,-8.117791,8.255231,-7.5191135,7.6565504,2.0333335,-2.4005089,259.10406,0.02699001
figure_eight_depth,nmpc,81.5,0.7694185,-0.48768967,-0.8256427,-0.00030861652,0.0032603086,-2.8328452,0.068638384,-0.0039918716,-0.0054233,0.0017129339,-0.00134508,-0.32286283,0.7771459614569709,-0.4890738003669028,-0.8256463210874652,0.0,0.0,-2.822507007401283,-0.06590227712277574,-0.02177246118997833,-0.005635377076707027,0.0,0.0,0.0,0.007850466199025736,0.13571066255112543,-0.010338203627769715,-2.6673723351204237,-7.8919954,8.278025,-7.382404,7.768432,2.0676682,-2.3655338,255.52872,0.026617574
figure_eight_depth,nmpc,81.60000000000001,0.7627539,-0.4893709,-0.8262012,-0.00022184369,0.0029873773,-2.865083,0.06862082,-0.0042324597,-0.0053626783,0.0019187751,-0.0026298224,-0.3223762,0.7705132427757897,-0.49114362536434425,-0.8262067631165049,0.0,0.0,-2.8556803100059462,-0.06675088399255014,-0.019622525234186394,-0.005573437890982191,0.0,0.0,0.0,0.007959263962421213,0.13624389042602306,-0.009402669196324265,-2.6799770561343657,-7.645247,8.280935,-7.214762,7.850449,2.0997183,-2.3330104,250.55779,0.02609977
figure_eight_depth,nmpc,81.7,0.7560257,-0.49082026,-0.8267527,-0.000114557944,0.0025965346,-2.8972127,0.06869907,-0.0044237017,-0.0053111454,0.0020326928,-0.0038371515,-0.3212969,0.7637960286346419,-0.4929980185352525,-0.8267610035728663,0.0,0.0,-2.888749312539427,-0.06759217087570768,-0.017463982190241145,-0.0055113459065947445,0.0,0.0,0.0,0.008069767572200261,0.13691380920370688,-0.008463431219728257,-2.6923489753859835,-7.377243,8.264211,-7.0174727,7.9044394,2.1299837,-2.302399,244.28386,0.025446234
figure_eight_depth,nmpc,81.80000000000001,0.7492345,-0.49204308,-0.8272974,8.435877e-06,0.0020961342,-2.929176,0.068867035,-0.004566361,-0.0052682306,0.0020598774,-0.004967386,-0.31963325,0.7569950556517565,-0.4946361664814941,-0.8273090272617671,0.0,0.0,-2.9216429528678947,-0.06842604551560161,-0.015297778866496525,-0.00544910282584965,0.0,0.0,0.0,0.008182328866938022,0.13771196772665684,-0.007533139279932488,-2.7045845506870867,-7.0879407,8.228153,-6.792437,7.932648,2.159055,-2.2730672,236.83388,0.024670193
figure_eight_depth,nmpc,81.9,0.74238116,-0.49304548,-0.8278352,0.00014223011,0.001494086,-2.960916,0.06911737,-0.004649531,-0.0052334596,0.0020032537,-0.0060231606,-0.3173987,0.7501110696304601,-0.4960573506572389,-0.8278508191588613,0.0,0.0,-2.9542919680564403,-0.06925241646854596,-0.01312486543139646,-0.0053867103552707185,0.0,0.0,0.0,0.008295974145161086,0.13862918822912026,-0.0066240742714405165,-2.716544923824742,-6.777549,8.172903,-6.5423217,7.937675,2.1876216,-2.2442627,228.36256,0.023787767
figure_eight_depth,nmpc,82.0,0.7354685,-0.49383503,-0.8283663,0.00028183006,0.0007974532,-2.9923775,0.069428034,-0.0046554455,-0.005206484,0.0018660583,-0.0070110746,-0.3146118,0.7431448254773952,-0.49726094768413653,-0.8283863644106502,0.0,0.0,-2.986629749440961,-0.07007119311364107,-0.0109461949965306,-0.005324170205212031,0.0,0.0,0.0,0.008406138828572812,0.13964104618795942,-0.0057477701665828995,-2.7282088414246806,-6.446769,8.098875,-6.270054,7.9221587,2.2163866,-2.215243,219.04645,0.022817342
figure_eight_depth,nmpc,82.10000000000001,0.7284988,-0.49442014,-0.8288907,0.00042268296,1.2948096e-05,-3.0235074,0.06979616,-0.004576545,-0.0051869927,0.0016567749,-0.007932784,-0.31129587,0.7360970871197345,-0.49824642962475213,-0.8289156483348903,0.0,0.0,-3.018593114268606,-0.07088228566271004,-0.008762723198718625,-0.005261484090413049,0.0,0.0,0.0,0.008507339460412362,0.1407407356481938,-0.004914242375070543,-2.7404093834894123,-6.0966997,8.006786,-5.978762,7.888849,2.245995,-2.1853185,209.07802,0.021778962
figure_eight_depth,nmpc,82.2,0.72147244,-0.49480617,-0.82940847,0.0005621163,-0.000852874,-3.0542555,0.070229195,-0.004446889,-0.005174695,0.0013983151,-0.008788188,-0.3074791,0.7289686274214122,-0.4990133642141357,-0.8294386564209952,0.0,0.0,-3.0501229733308968,-0.07168560517040179,-0.006575407780956555,-0.005198653729387992,0.0,0.0,0.0,0.008596172653496336,0.14193076372302546,-0.0041325122037712,-2.752362035814448,-5.728737,7.8977985,-5.6715026,7.840564,2.2769961,-2.1539009,198.65802,0.020693544
figure_eight_depth,nmpc,82.30000000000001,0.714388,-0.49499562,-0.8299196,0.0006988478,-0.0017936826,-3.0845754,0.07073526,-0.0042948257,-0.005169311,0.0011087247,-0.009578516,-0.30319276,0.7217602280983622,-0.49956141504942925,-0.8299553743304344,0.0,0.0,-3.0811648796909763,-0.07248106354312833,-0.0043852081719197855,-0.005135680844536861,0.0,0.0,0.0,0.008671636990670483,0.1432163568556521,-0.003410534966616474,-2.7640282474151157,-5.344445,7.7734466,-5.3511815,7.7801824,2.3098238,-2.120507,187.98778,0.019582061
figure_eight_depth,nmpc,82.4,0.7072435,-0.49498945,-0.83042413,0.000832346,-0.002803585,-3.114423,0.071316354,-0.0041366466,-0.0051706564,0.0007996073,-0.010307612,-0.29847047,0.7144726796328038,-0.49989034173742275,-0.8304657878971251,0.0,0.0,-3.1116694496966106,-0.07326857355094418,-0.0021930850658269385,-0.005072567162478503,0.0,0.0,0.0,0.008733924427516674,0.14459802322727644,-0.0027535868787067486,-2.773217959148227,-4.9458094,7.635529,-5.020678,7.710397,2.3447804,-2.084822,177.26425,0.018465025
figure_eight_depth,nmpc,82.5,0.7000372,-0.49478766,-0.8309222,0.00096237735,-0.003877267,3.1394262,0.07196762,-0.0039791944,-0.005178561,0.00047785885,-0.010980993,-0.2933484,0.7071067811865485,-0.5000000000000001,-0.8309698831278216,0.0,0.0,3.141592653589793,-0.07404804883404115,0.0,-0.005009314413439991,0.0,0.0,0.0,0.008783505629052214,0.14606997366855454,-0.0021664222055157722,-2.7554538407493023,-4.5350833,7.485992,-4.6826987,7.6336064,2.382034,-2.0466647,166.6696,0.017361416
figure_eight_depth,nmpc,82.60000000000001,0.69276905,-0.49438983,-0.8314136,0.0010888152,-0.005010224,3.1106386,0.07267015,-0.0038260352,-0.0051929085,0.00014820325,-0.011606608,-0.28786415,0.6996633405133655,-0.49989034173742275,-0.8314676462024987,0.0,0.0,3.1122893286215216,-0.07481940391418362,0.002193085065743672,-0.004945924331534179,0.0,0.0,0.0,0.008819850265084793,0.14761252787757248,-0.001650710152283352,-2.737919668734988,-4.114742,7.326874,-4.3399224,7.5520535,2.421636,-2.0059419,156.37074,0.016288618
figure_eight_depth,nmpc,82.7,0.68543816,-0.49379525,-0.8318986,0.001211556,-0.0061979904,3.0824313,0.0734323,-0.003679692,-0.005213712,-0.00018583697,-0.012184778,-0.28205693,0.6921431738704074,-0.49956141504942925,-0.8319590634747299,0.0,0.0,3.083638835200305,-0.07558255420353488,0.004385208171947541,-0.004882398654482145,0.0,0.0,0.0,0.008843620412211125,0.14923330097035842,-0.0012075188245725954,-2.7206271108665936,-3.6870496,7.1602936,-3.9947698,7.4680123,2.4636116,-1.9626427,146.51488,0.015261967
figure_eight_depth,nmpc,82.80000000000001,0.6780428,-0.4930031,-0.8323771,0.0013304716,-0.0074362345,3.0548325,0.0742613,-0.0035414044,-0.005240904,-0.0005213987,-0.012716801,-0.27596655,0.6845471059286884,-0.4990133642141357,-0.8324441214720628,0.0,0.0,3.055668630861002,-0.07633741601409394,0.006575407780901044,-0.004818739124168303,0.0,0.0,0.0,0.00885626258655023,0.15093873411685782,-0.000836172364908183,-2.703587298045588,-3.2503548,6.989672,-3.6480937,7.3874097,2.508447,-1.9162906,137.26721,0.014298667
figure_eight_depth,nmpc,82.9,0.67057806,-0.49201426,-0.8328491,0.0014449508,-0.008720973,3.0278668,0.075186655,-0.003389805,-0.0052743927,-0.0008604238,-0.013206135,-0.26963255,0.676875969682661,-0.4982464296247522,-0.8329228068963872,0.0,0.0,3.028400837278363,-0.07708390656674391,0.00876272319869087,-0.004754947485585692,0.0,0.0,0.0,0.008860531517254617,0.1527556141822944,-0.0005339969158142388,-2.6868089473095775,-2.803027,6.8180437,-3.300762,7.3157773,2.5564518,-1.8666035,128.77797,0.013414373
figure_eight_depth,nmpc,83.0,0.6630323,-0.49083057,-0.83331436,0.0015544309,-0.010048446,3.0015545,0.07627005,-0.0032052323,-0.0053139613,-0.0011998618,-0.013654902,-0.26309386,0.6691306063588589,-0.49726094768413676,-0.8333951066243004,0.0,0.0,3.001852477861793,-0.0778219440003558,0.010946194996447334,-0.004691025487724154,0.0,0.0,0.0,0.008862600821703408,0.15474170077903934,-0.0002979887260510239,-2.670295690536647,-2.3469462,6.647174,-2.954516,7.2547417,2.6068504,-1.8142859,121.140816,0.012618835
figure_eight_depth,nmpc,83.10000000000001,0.6553896,-0.4894544,-0.83377284,0.0016586912,-0.01141563,2.9759123,0.07754966,-0.0029676491,-0.005359636,-0.0015339976,-0.014070388,-0.25638762,0.6613118653236517,-0.4960573506572389,-0.8338610077074669,0.0,0.0,2.9760357773704715,-0.07855144738078135,0.013124865431285437,-0.004626974883070734,0.0,0.0,0.0,0.008870176197519553,0.15693011547278124,-0.00012344483568149656,-2.6540440472305784,-1.8927174,6.475914,-2.613994,7.197189,2.6570063,-1.761882,114.31624,0.011907943
figure_eight_depth,nmpc,83.2,0.6476385,-0.48788685,-0.8342243,0.0017587023,-0.012820463,2.9509532,0.07897832,-0.002686162,-0.0054117767,-0.0018490531,-0.014462276,-0.24955004,0.6534206039901058,-0.4946361664814943,-0.8343204973729729,0.0,0.0,2.950958507518414,-0.0792723367099013,0.015297778866385503,-0.004562797427554166,0.0,0.0,0.0,0.008887930734738961,0.15927151038019668,-5.262355450064149e-06,-2.638050373744501,-1.4507501,6.3041296,-2.2829945,7.136372,2.7038262,-1.712448,108.22975,0.011273932
figure_eight_depth,nmpc,83.30000000000001,0.63977605,-0.48612744,-0.8346686,0.0018568987,-0.014261117,2.9266868,0.080470435,-0.0023868848,-0.0054709455,-0.0021290188,-0.014833265,-0.2426185,0.6454576877239501,-0.4929980185352524,-0.8347735630236772,0.0,0.0,2.9266243635167175,-0.07998453293395213,0.017463982190102367,-0.004498494880655901,0.0,0.0,0.0,0.00891610451054783,0.16168116593108076,6.240024671022582e-05,-2.6223113048040805,-1.0315802,6.131871,-1.9652605,7.0655494,2.7443414,-1.6689694,102.765114,0.0107047
figure_eight_depth,nmpc,83.4,0.6318164,-0.48417294,-0.83510596,0.0019578596,-0.015736321,2.9031184,0.08186304,-0.0021312132,-0.0055377665,-0.0023514014,-0.015189612,-0.23563275,0.6374239897486897,-0.49114362536434436,-0.8352201922385564,0.0,0.0,2.9030333579811023,-0.08068795795257433,0.01962252523396435,-0.004434069005188057,0.0,0.0,0.0,0.00894699432890871,0.16400387083195553,8.501398239868507e-05,-2.606828772680087,-0.6471668,5.958072,-1.6653557,6.9762588,2.775874,-1.6341695,97.73502,0.010180731
figure_eight_depth,nmpc,83.5,0.62379634,-0.48201582,-0.8355371,0.0020688763,-0.01724455,2.8802493,0.08294807,-0.0020265565,-0.005612867,-0.0024884571,-0.015529951,-0.22863384,0.629320391049838,-0.48907380036690296,-0.8356603727730445,0.0,0.0,2.8801822204053096,-0.08138253462736111,0.021772461189756287,-0.004369521567515466,0.0,0.0,0.0,0.008963560125388717,0.16604964785025036,6.704145076952273e-05,-2.59161083405964,-0.3120406,5.779074,-1.38974,6.856771,2.7961762,-1.6103147,92.85348,0.009672237
figure_eight_depth,nmpc,83.60000000000001,0.61578566,-0.47964516,-0.83596325,0.0021996202,-0.01878381,2.8580766,0.08342589,-0.002215734,-0.0056970427,-0.002515941,-0.015851215,-0.22166099,0.62114778027831,-0.48678945143658,-0.8360940925593703,0.0,0.0,2.8580647923442664,-0.08206818679018513,0.023912847024548656,-0.004304854337222608,0.0,0.0,0.0,0.008933662814333198,0.167549781766834,1.1780073946532355e-05,-2.5766788372131337,-0.042133696,5.588527,-1.1463045,6.692695,2.8036,-1.5990644,87.756775,0.009141331
figure_eight_depth,nmpc,83.7,0.6078938,-0.47704953,-0.83638716,0.0023608285,-0.020350337,2.8365946,0.082934216,-0.0028568194,-0.0057912795,-0.002422814,-0.016137686,-0.2147469,0.6129070536529766,-0.4842915805643156,-0.8365213397068862,0.0,0.0,2.8366724103659853,-0.08274483925146958,0.02604274389431116,-0.004240069087113607,0.0,0.0,0.0,0.008808959842337382,0.168187812435114,-7.78287619813689e-05,-2.562099153434837,0.15109819,5.3801556,-0.94148153,6.472733,2.797519,-1.6011564,82.14137,0.008556393
figure_eight_depth,nmpc,83.80000000000001,0.60016155,-0.4742276,-0.83681035,0.0025496825,-0.021914652,2.8157957,0.08212502,-0.0037114227,-0.0058953436,-0.0023438283,-0.01613403,-0.20790917,0.604599114862374,-0.48158128339882883,-0.8369421025023964,0.0,0.0,2.8159942706896977,-0.08341241780862596,0.028161217555805473,-0.004175167593434281,0.0,0.0,0.0,0.008589870305118444,0.16858667952292286,-0.00019861067077675543,-2.5478939389656543,0.26801535,5.1525164,-0.7757918,6.196321,2.7785559,-1.6161414,75.94879,0.007911332
figure_eight_depth,nmpc,83.9,0.5925235,-0.4711881,-0.8372322,0.0027466498,-0.023421781,2.7956712,0.08197879,-0.004364761,-0.006005272,-0.0024401709,-0.015584215,-0.20115677,0.5962248749656156,-0.47865974876603357,-0.837356369410476,0.0,0.0,2.796017771110949,-0.08407084925426966,0.030267338776562847,-0.00411015163542805,0.0,0.0,0.0,0.00833912771853135,0.16963330059079856,-0.0003465465168326354,-2.534010155211945,0.32273358,4.9114714,-0.6423171,5.8765197,2.7485502,-1.6424297,69.42487,0.007231757
figure_eight_depth,nmpc,84.0,0.58482736,-0.46794036,-0.8376496,0.0029225668,-0.024805749,2.7762122,0.08329365,-0.0044755437,-0.006114003,-0.002798052,-0.014373953,-0.19449767,0.5877852522924734,-0.4755282581475769,-0.8377641290737884,0.0,0.0,2.7767288273037845,-0.08472006138388055,0.03236018374225269,-0.004045022995557979,0.0,0.0,0.0,0.008144840109296449,0.17201673627398464,-0.0005166118802004682,-2.520306961523137,0.33421156,4.6656528,-0.53183913,5.531701,2.7100346,-1.677741,62.921684,0.0065543423
figure_eight_depth,nmpc,84.10000000000001,0.57699865,-0.4644917,-0.8380605,0.0030607858,-0.026031267,2.757408,0.08531338,-0.004256011,-0.0062148483,-0.0032818494,-0.01280452,-0.18794738,0.5792811723426782,-0.4721881851187402,-0.8381653703133966,0.0,0.0,2.7581121618477664,-0.08535998300474024,0.034438834462025,-0.003979783459284736,0.0,0.0,0.0,0.00802850293043267,0.17501909420954495,-0.0007042581765017708,-2.5067140099276455,0.3178876,4.421441,-0.4376707,5.1769977,2.665613,-1.7196085,56.705597,0.0059068333
figure_eight_depth,nmpc,84.2,0.56900674,-0.46084687,-0.8384638,0.0031536333,-0.027081158,2.7392468,0.087619394,-0.0038567078,-0.006304119,-0.0037985565,-0.011054547,-0.18151651,0.5707135676844316,-0.4686409947459457,-0.8385600821290692,0.0,0.0,2.7401515653577633,-0.08599054394087258,0.03650237917063315,-0.003914434815233125,0.0,0.0,0.0,0.007979404330138128,0.1782553703735845,-0.0009047201124019466,-2.4932001434793722,0.2842558,4.182163,-0.3563171,4.822734,2.6177003,-1.7657031,50.927074,0.005304904
figure_eight_depth,nmpc,84.30000000000001,0.56084645,-0.45700943,-0.83885896,0.003199475,-0.027949391,2.7217164,0.08997334,-0.0033758911,-0.006379758,-0.004288495,-0.009234941,-0.17521352,0.5620833778521296,-0.46488824294412523,-0.8389482536995826,0.0,0.0,2.7228301299532376,-0.08661167504481204,0.03854991272919661,-0.003848978854970042,0.0,0.0,0.0,0.007975812682141986,0.18151155524147983,-0.0011137259920559472,-2.4797577341720025,0.24109866,3.950325,-0.28509122,4.4765134,2.5683682,-1.8139888,45.670715,0.004757366
figure_eight_depth,nmpc,84.4,0.5525231,-0.45298082,-0.83924586,0.003200615,-0.028636197,2.7048028,0.09228206,-0.0028777537,-0.0064406344,-0.004715193,-0.007408949,-0.16904579,0.5533915492433436,-0.46093157579425004,-0.8393298743830169,0.0,0.0,2.7061304558828128,-0.08722330820259971,0.04058053702205022,-0.003783417373059983,0.0,0.0,0.0,0.007998492325459398,0.18471020519146383,-0.0013277043416750625,-2.466389233782196,0.19385904,3.7275693,-0.22206338,4.1434903,2.5192876,-1.8627847,40.966957,0.0042673913
figure_eight_depth,nmpc,84.5,0.5440499,-0.4487619,-0.83962446,0.0031618003,-0.029146684,2.6884925,0.09447674,-0.0024046772,-0.006486193,-0.005058185,-0.0056266743,-0.16301982,0.5446390350150271,-0.45677272882130043,-0.8397049337170482,0.0,0.0,2.6900348326413632,-0.08782537634166587,0.042593361350123926,-0.0037177521667874913,0.0,0.0,0.0,0.008032854309903102,0.18779389845555147,-0.0015422960965634225,-2.45310462556358,0.1456124,3.5141988,-0.1665982,3.826408,2.4717617,-1.9107549,36.800537,0.0038333891
figure_eight_depth,nmpc,84.60000000000001,0.535441,-0.44435206,-0.839995,0.003089095,-0.029488338,2.6727705,0.09655803,-0.0019831164,-0.0065162457,-0.005308841,-0.0039134,-0.15714148,0.5358267949789972,-0.45241352623301007,-0.8400734214192357,0.0,0.0,2.6745253961750355,-0.08841781343854604,0.044587502822185376,-0.003651985036490224,0.0,0.0,0.0,0.008071073455953395,0.19076972531434402,-0.0017548959919300167,-2.439915295979689,0.098668754,3.3091776,-0.11908831,3.5269332,2.426711,-1.9569616,33.132458,0.003451298
figure_eight_depth,nmpc,84.7,0.5267093,-0.43975148,-0.8403578,0.002988695,-0.029670293,2.6576219,0.09853206,-0.0016095142,-0.0065307515,-0.005470453,-0.002287289,-0.15141481,0.5269557954966771,-0.44785588011970623,-0.8404353273873029,0.0,0.0,2.6595842640050966,-0.0890005545258199,0.046562086741919195,-0.003586117785225884,0.0,0.0,0.0,0.008108522056323664,0.19364311214435498,-0.0019624035009462304,-2.4268329905611834,0.053549457,3.112079,-0.07941971,3.2450469,2.3843791,-2.0011303,29.914326,0.0031160756
figure_eight_depth,nmpc,84.80000000000001,0.5178663,-0.43496057,-0.84071296,0.0028667946,-0.02970251,2.643031,0.10041688,-0.0012799451,-0.006529697,-0.005547537,-0.00075806567,-0.14584339,0.5180270093731304,-0.4431017896156074,-0.8407906416994145,0.0,0.0,2.6451936501809876,-0.08957353569932769,0.04851624699148127,-0.003520152218661199,0.0,0.0,0.0,0.008143171989912833,0.19643083971700703,-0.002162768299273754,-2.4138680557901018,0.010071243,2.9229217,-0.046986252,2.979978,2.3445609,-2.0433748,27.098394,0.0028227495
figure_eight_depth,nmpc,84.9,0.5089228,-0.42998,-0.8410607,0.0027296373,-0.029595736,2.6289818,0.10221507,-0.0009968508,-0.006513233,-0.0055438513,0.0006651547,-0.14043003,0.5090414157503721,-0.43815334002193224,-0.8411393546144494,0.0,0.0,2.6313359619947483,-0.09013669412522018,0.05044912641163912,-0.0034540901453494754,0.0,0.0,0.0,0.008174569097529902,0.1991362517445882,-0.0023541333051730895,-2.401031057243424,-0.03249144,2.742002,-0.020889373,2.730399,2.306797,-2.0840037,24.639528,0.0025666177
figure_eight_depth,nmpc,85.0,0.49988997,-0.42481,-0.8414013,0.0025835328,-0.029361157,2.615459,0.103928104,-0.00077088084,-0.006481873,-0.005462698,0.0019768288,-0.13517687,0.5000000000000013,-0.43301270189222013,-0.841481456572267,0.0,0.0,2.617993880365827,-0.0906899680468698,0.05235987717755464,-0.003387933376397534,0.0,0.0,0.0,0.008203839315920605,0.20176383197485181,-0.00253491506431347,-2.3883324391020553,-0.0750961,2.5702636,0.0004353131,2.4947312,2.2705004,-2.1235085,22.50004,0.002343754
figure_eight_depth,nmpc,85.10000000000001,0.4907785,-0.419449,-0.8417349,0.0024346863,-0.029010082,2.6024456,0.10557108,-0.0006189213,-0.0064363307,-0.00530876,0.0031746728,-0.13008519,0.4909037536151412,-0.4276821300802536,-0.8418169381939692,0.0,0.0,2.6051504257150797,-0.09123329679078251,0.05424766117043123,-0.0033216837255767295,0.0,0.0,0.0,0.008234489961980538,0.2043330787908786,-0.002704823298087522,-2.3757816789926345,-0.118862,2.4085736,0.018604673,2.271106,2.2350254,-2.1624691,20.645235,0.0021505454
figure_eight_depth,nmpc,85.2,0.48159862,-0.41389397,-0.84206164,0.002288777,-0.028553758,2.589926,0.10715683,-0.0005559055,-0.006377357,-0.005090551,0.004258548,-0.12515475,0.4817536741017162,-0.4221639627510081,-0.8421457902821577,0.0,0.0,2.5927890110602063,-0.09176662077711728,0.05611165034710708,-0.0032553430091009083,0.0,0.0,0.0,0.008271876448203205,0.20686105808139857,-0.0028630066504162777,-2.3633864563892795,-0.16475476,2.257375,0.034788083,2.0578313,2.1997623,-2.2014337,19.04403,0.0019837532
figure_eight_depth,nmpc,85.30000000000001,0.47235796,-0.40814465,-0.8423818,0.0021491752,-0.028003143,2.577884,0.10869502,-0.0005476911,-0.0063057416,-0.004834006,0.0052306247,-0.12038362,0.47255076486905395,-0.4164606203550497,-0.8424680038211867,0.0,0.0,2.5808934839248128,-0.09228988151785411,0.05795102709849065,-0.0031889130457374293,0.0,0.0,0.0,0.008318649245666321,0.2093483852252377,-0.00300952510828445,-2.351153234830906,-0.21322551,2.116951,0.05006227,1.8536623,2.1641922,-2.2408879,17.670822,0.0018407106
figure_eight_depth,nmpc,85.4,0.46306175,-0.40220305,-0.84269536,0.0020174363,-0.02736876,2.5663037,0.11019524,-0.00056458067,-0.0062221964,-0.004559765,0.0060950425,-0.115769245,0.4632960351198622,-0.4105746045668523,-0.842783569977409,0.0,0.0,2.5694481585388775,-0.09280302163378051,0.05976498461454649,-0.003122395656751653,0.0,0.0,0.0,0.008375293609283317,0.2117960344212314,-0.0031444285278912076,-2.3390869227826063,-0.26629984,1.9865845,0.06460835,1.6556756,2.1277337,-2.2814043,16.494926,0.0017182213
figure_eight_depth,nmpc,85.5,0.4537152,-0.39607272,-0.84300244,0.0018940853,-0.026660655,2.5551703,0.111648805,-0.0005954625,-0.0061272965,-0.004280247,0.0068565076,-0.11130797,0.4539904997395479,-0.4045084971874745,-0.8430924800994191,0.0,0.0,2.5584378396663516,-0.09330598485265962,0.061552727233127325,-0.0030557926656848977,0.0,0.0,0.0,0.008440752744624707,0.21419219800810257,-0.003267542043670968,-2.327191993253324,-0.32650828,1.865577,0.07850834,1.4605596,2.089915,-2.3234816,15.492695,0.0016138223
figure_eight_depth,nmpc,85.60000000000001,0.44432452,-0.38975736,-0.84330314,0.0017791084,-0.025887974,2.5444684,0.11304526,-0.0006469877,-0.006021458,-0.004002629,0.0075241723,-0.106995456,0.44463517918492756,-0.3982649590120982,-0.8433947257182901,0.0,0.0,2.547847839261279,-0.0937987160187781,0.06331347079116534,-0.0029891058985209717,0.0,0.0,0.0,0.0085137565400281,0.2165284414436618,-0.0033794363987302845,-2.3154723272766575,-0.3944974,1.7536793,0.092127465,1.2670537,2.0508528,-2.367021,14.653717,0.001526429
figure_eight_depth,nmpc,85.7,0.43489915,-0.38326153,-0.84359753,0.0016720479,-0.025059383,2.5341835,0.1143529,-0.0007324551,-0.0059049632,-0.0037328163,0.008102972,-0.10282743,0.4352310993723282,-0.39184672866292036,-0.8436902985478054,0.0,0.0,2.537663987031973,-0.09428116109869156,0.06504644296842499,-0.002922337183575152,0.0,0.0,0.0,0.008592112896217951,0.21877826585399823,-0.003480484834707198,-2.303933995226117,-0.46866852,1.6507877,0.10599053,1.0761279,2.0114417,-2.4110913,13.973294,0.0014555515
figure_eight_depth,nmpc,85.80000000000001,0.42544973,-0.37659073,-0.8438858,0.001571552,-0.02418288,2.524302,0.11555652,-0.0008537667,-0.00577825,-0.0034809664,0.008599851,-0.09879944,0.4257792915650723,-0.3852566213878944,-0.8439791904846868,0.0,0.0,2.5278726358670953,-0.09475326718685895,0.06675088362598225,-0.0028554883512166285,0.0,0.0,0.0,0.008672660040809415,0.22092790501145396,-0.0035706300992730533,-2.2925840675699307,-0.5439296,1.5572025,0.121062,0.8922101,1.9734907,-2.4537845,13.447158,0.0014007456
figure_eight_depth,nmpc,85.9,0.41598415,-0.3697505,-0.8441678,0.0014751252,-0.023265703,2.5148098,0.11667789,-0.0009980367,-0.005642054,-0.0032594942,0.009022634,-0.094907016,0.41628079226040143,-0.37849752782587837,-0.8442613936088159,0.0,0.0,2.5184606629634705,-0.0952149825114712,0.06842604513979111,-0.002788561234257081,0.0,0.0,0.0,0.008752556736020694,0.22299424661619982,-0.003650816085418729,-2.281429908347711,-0.6136879,1.4728869,0.13837923,0.7208191,1.9392478,-2.4926963,13.058954,0.0013603078
figure_eight_depth,nmpc,86.0,0.40650246,-0.36274624,-0.8444436,0.0013785429,-0.022314323,2.5056944,0.11778095,-0.0011228421,-0.00549757,-0.0030864018,0.009379354,-0.091143586,0.40673664307580104,-0.37157241273869773,-0.8445369001834514,0.0,0.0,2.5094154673958395,-0.09566625644033544,0.07007119272881002,-0.002721557667395569,0.0,0.0,0.0,0.00882977311016817,0.2250244616275543,-0.00372107805257782,-2.270476873830079,-0.6701236,1.3983989,0.15971744,0.5685572,1.9109744,-2.5254238,12.78294,0.0013315562
figure_eight_depth,nmpc,86.10000000000001,0.3969918,-0.35558173,-0.8447128,0.0012758021,-0.02133457,2.4969437,0.11897713,-0.0011646332,-0.0053463085,-0.0029799398,0.009676918,-0.087500244,0.39714789063478045,-0.36448431371070567,-0.8448057026554414,0.0,0.0,2.500724964773228,-0.09610703948606525,0.07168560477677222,-0.00265447948766262,0.0,0.0,0.0,0.008904436289460619,0.22710262624473654,-0.0037812525387308504,-2.2597262565247953,-0.705658,1.3334472,0.18585375,0.4419348,1.8906565,-2.5498426,12.582161,0.0013106419
figure_eight_depth,nmpc,86.2,0.38742042,-0.34825927,-0.84497494,0.0011587809,-0.020331621,2.4885464,0.12042373,-0.0010198818,-0.0051900535,-0.0029616053,0.00992236,-0.083966635,0.3875155864521034,-0.357236339816402,-0.8450677936554304,0.0,0.0,2.492377579534237,-0.09653728331190936,0.07326857314920998,-0.0025873285340871632,0.0,0.0,0.0,0.008978054311135058,0.2293417288641443,-0.003831208074275949,-2.249175440175563,-0.7099053,1.2802836,0.2197185,0.350659,1.8797901,-2.5643175,12.423664,0.0012941317
figure_eight_depth,nmpc,86.30000000000001,0.37773028,-0.34077704,-0.8452292,0.0010176745,-0.019310165,2.4804926,0.122348316,-0.0005543434,-0.0050307624,-0.0030484225,0.010121264,-0.08053329,0.3778407868184665,-0.3498316702566822,-0.8453231659980613,0.0,0.0,2.484362235366646,-0.09695694073674765,0.07481940350395622,-0.002520106647585507,0.0,0.0,0.0,0.009055792476271318,0.23191011351871982,-0.003869643508735976,-2.238802732551856,-0.674632,1.2428533,0.26523343,0.30298713,1.8791295,-2.5679436,12.287424,0.00127994
figure_eight_depth,nmpc,86.4,0.3678763,-0.3331342,-0.84547544,0.0008486066,-0.018283542,2.4727724,0.12463441,0.00017105935,-0.004869505,-0.0031813572,0.010187673,-0.077197395,0.368124552684678,-0.3422735529643443,-0.8455718126821722,0.0,0.0,2.4766683441666815,-0.09736596574044798,0.0763374155955121,-0.0024528156710723614,0.0,0.0,0.0,0.009143228045917317,0.23471540194821555,-0.003895984318659007,-2.228592900563152,-0.5953653,1.2230964,0.32418212,0.30354828,1.8886454,-2.5606775,12.171711,0.0012678866
figure_eight_depth,nmpc,86.5,0.35785607,-0.32533208,-0.8457139,0.00065900385,-0.017277265,2.465376,0.12692705,0.0009155295,-0.0047069085,-0.0032482916,0.01000001,-0.073961005,0.3583679495453009,-0.33456530317942956,-0.8458137268909887,0.0,0.0,2.4692857938840507,-0.0977643134687789,0.07782194357361383,-0.002385457449349815,0.0,0.0,0.0,0.009247944879252661,0.23749988118993223,-0.003909893615495985,-2.2185570292537613,-0.47509378,1.2207007,0.39596513,0.34964114,1.9074059,-2.543431,12.1021,0.0012606354
figure_eight_depth,nmpc,86.60000000000001,0.34770414,-0.31737515,-0.8459454,0.0004638547,-0.01632386,2.4582927,0.1289185,0.0014726853,-0.004544255,-0.0031751883,0.009487359,-0.07082622,0.3485720473218148,-0.32671030199505235,-0.8460489019923105,0.0,0.0,2.4622049355599374,-0.09815194023843343,0.07927233627522123,-0.0023180338291628466,0.0,0.0,0.0,0.009375978302689119,0.24003900937900582,-0.0039122128579109905,-2.2087233641112314,-0.32153732,1.234436,0.4792044,0.43369362,1.9337497,-2.5179129,12.124218,0.0012629394
figure_eight_depth,nmpc,86.7,0.33748934,-0.30927554,-0.84617096,0.00028184993,-0.0154593885,2.4515128,0.13029829,0.0016779276,-0.0043835347,-0.00292674,0.008613284,-0.06779398,0.33873792024529153,-0.318711994874345,-0.8462773315386934,0.0,0.0,2.4554165698074137,-0.09852880354174753,0.08068795751015045,-0.0022505466588662593,0.0,0.0,0.0,0.009519296127194021,0.24209289887988036,-0.0039037562392985055,-2.199148736900288,-0.14457735,1.2621638,0.5718208,0.5457649,1.9657203,-2.4861865,12.2839775,0.001279581
figure_eight_depth,nmpc,86.80000000000001,0.3272653,-0.30104426,-0.8463909,0.00012553543,-0.014710709,2.4450264,0.13119784,0.001605659,-0.0042286105,-0.002565899,0.0074685095,-0.064860694,0.32886664673858235,-0.31057389013915443,-0.8464990092676262,0.0,0.0,2.4489119329497133,-0.09889486205147402,0.08206818634021174,-0.0021829977887022345,0.0,0.0,0.0,0.009663848048985232,0.24376434185406082,-0.0038855352446351965,-2.189879202664377,0.046573043,1.3013251,0.67149025,0.6764072,2.0012767,-2.450377,12.613497,0.0013139062
figure_eight_depth,nmpc,86.9,0.31705958,-0.29268715,-0.84660524,3.2772476e-07,-0.0140937455,2.4388235,0.13185543,0.0013749172,-0.004083314,-0.0021645203,0.0061618527,-0.06202209,0.3189593092980697,-0.3022995574311872,-0.8467139291017018,0.0,0.0,2.4426826829949597,-0.09925007562511245,0.08341241735129734,-0.0021153890705782885,0.0,0.0,0.0,0.00979893951124962,0.2452422844107444,-0.0038592214623669463,-2.1810317610110626,0.24504673,1.3498694,0.77658015,0.8183353,2.0387115,-2.4122815,13.130392,0.0013677492
figure_eight_depth,nmpc,87.0,0.30688336,-0.28420752,-0.8468136,-9.3220326e-05,-0.013617162,2.4328954,0.13241398,0.001067957,-0.0039504417,-0.0017709278,0.004765815,-0.059273954,0.3090169943749478,-0.29389262614623685,-0.8469220851487844,0.0,0.0,2.4367208855927713,-0.09959440530951658,0.08472006091936324,-0.002047722358011761,0.0,0.0,0.0,0.00991793148963553,0.24663573794738536,-0.0038254636109598117,-2.1724942947363943,0.4461347,1.4061378,0.88581127,0.9664606,2.0766912,-2.3732896,13.8401165,0.0014416788
figure_eight_depth,nmpc,87.10000000000001,0.29673827,-0.27560768,-0.84701574,-0.00015760364,-0.013284751,2.4272337,0.13295469,0.00073832716,-0.0038320138,-0.0014147823,0.0033293862,-0.05661218,0.29904079225608593,-0.28535678384221524,-0.8471234717021708,0.0,0.0,2.4310190001006085,-0.09992781334589029,0.08599054346936086,-0.0019799995060187925,0.0,0.0,0.0,0.010017901294693442,0.2480032847653379,-0.0037853041167217327,-2.1642728454909808,0.64695466,1.4689498,0.99844116,1.1174626,2.1142356,-2.334442,14.741583,0.0015355814
figure_eight_depth,nmpc,87.2,0.2866195,-0.26688942,-0.84721124,-0.00019720364,-0.013096874,2.42183,0.13352683,0.00042424598,-0.0037293886,-0.0011138507,0.0018872861,-0.05403221,0.28903179694447145,-0.2766957746216719,-0.8473180832407471,0.0,0.0,2.4255698658523723,-0.10025026317062036,0.08722330772431564,-0.0019122223714473918,0.0,0.0,0.0,0.01009926000059644,0.24937744359815345,-0.0037399269638225263,-2.15636916101303,0.84591657,1.5369853,1.1135855,1.2693158,2.1508236,-2.2963147,15.828238,0.0016487747
figure_eight_depth,nmpc,87.30000000000001,0.27652085,-0.2580565,-0.8473999,-0.00021733041,-0.013052111,2.4166768,0.13412923,0.00015139907,-0.0036433435,-0.0008761772,0.00045779327,-0.05152907,0.27899110603922805,-0.2679133974894973,-0.8475059144291394,0.0,0.0,2.4203666887173747,-0.10056171942424141,0.0884178129537394,-0.0018443928122557907,0.0,0.0,0.0,0.010162283599955305,0.2507469561223315,-0.0036899289975260707,-2.1487848908444485,1.0423366,1.6090775,1.2304498,1.4209636,2.1863055,-2.2590697,17.092068,0.0017804238
figure_eight_depth,nmpc,87.4,0.2664339,-0.2491138,-0.84758145,-0.00022380242,-0.013147364,2.4117665,0.13476773,-5.629253e-05,-0.0035744023,-0.00070557976,-0.000941868,-0.049097497,0.26891982061526515,-0.2590135046865646,-0.8476869601178609,0.0,0.0,2.4154030280087793,-0.10086214795212989,0.08957353520816502,-0.0017765126880675552,0.0,0.0,0.0,0.01020760260075428,0.25210746906089515,-0.0036364989255273095,-2.1415206045125093,1.2361919,1.6841912,1.3483613,1.5720214,2.2208185,-2.2225492,18.52576,0.0019297666
figure_eight_depth,nmpc,87.5,0.25634992,-0.24006888,-0.8477556,-0.00022262795,-0.0133786,2.407093,0.13542628,-0.00017631488,-0.0035229141,-0.0006026857,-0.0023018934,-0.046731938,0.2588190451025208,-0.25000000000000006,-0.8478612153434526,0.0,0.0,2.4106727837940602,-0.10115151580888937,0.09068996754961478,-0.001708583860005053,0.0,0.0,0.0,0.01023400291947467,0.2534344647239271,-0.0035797356983571223,-2.1345795452317438,1.4306594,1.7622616,1.4674501,1.7254702,2.255014,-2.1860783,20.147036,0.0020986495
figure_eight_depth,nmpc,87.60000000000001,0.24625647,-0.23092951,-0.8479224,-0.00021972478,-0.013740389,2.4026499,0.13612925,-0.00018053988,-0.0034891414,-0.0005653724,-0.0036079993,-0.04442762,0.2486898871648555,-0.24087683705085827,-0.8480286753286195,0.0,0.0,2.4061701846480577,-0.10142979126205598,0.09176662027393645,-0.0016406081901898517,0.0,0.0,0.0,0.010241198792253357,0.2547390686991943,-0.0035203051924912465,-2.1279630001078855,1.628346,1.8425187,1.5873601,1.883504,2.2893622,-2.149218,21.974005,0.0022889588
figure_eight_depth,nmpc,87.7,0.23614071,-0.22170052,-0.8480816,-0.00021888809,-0.014226686,2.3984315,0.1368969,-8.790517e-05,-0.0034729794,-0.00057122577,-0.004853707,-0.042180087,0.2385334575785805,-0.23164801755993053,-0.8481893354823613,0.0,0.0,2.401889775875722,-0.10169694379559557,0.09280302112572858,-0.0015725875421868096,0.0,0.0,0.0,0.010231791470055577,0.25604561081394817,-0.0034582363401995937,-2.1216711101713184,1.829959,1.9236696,1.7071573,2.0464709,2.3237386,-2.1120925,24.012379,0.0025012896
figure_eight_depth,nmpc,87.80000000000001,0.22598879,-0.2123839,-0.848233,-0.00022200546,-0.014830924,2.3944328,0.13775462,8.919705e-05,-0.00347416,-0.00060003484,-0.006033618,-0.039984122,0.22835087011065597,-0.22231758959246395,-0.8483431914000991,0.0,0.0,2.397826408228772,-0.10195294411323441,0.09379871550527219,-0.0015045237810040746,0.0,0.0,0.0,0.01021126007403419,0.25738117489159257,-0.003393625101940856,-2.115701986013693,2.0339584,2.0043728,1.8255799,2.212751,2.3573532,-2.075485,26.248257,0.0027341936
figure_eight_depth,nmpc,87.9,0.21578717,-0.2029797,-0.84837645,-0.00022904207,-0.0155462595,2.390649,0.13871166,0.0003353737,-0.0034923044,-0.0006315109,-0.007144958,-0.037834957,0.21814324139654342,-0.21288964578253713,-0.8484902388637949,0.0,0.0,2.393975227126961,-0.10219776414165105,0.09475326666812112,-0.001436418772593484,0.0,0.0,0.0,0.01018680805719727,0.2587591860132838,-0.003326146850471723,-2.1100481901661947,2.2342584,2.0825267,1.9402517,2.3765328,2.3885767,-2.0410414,28.612463,0.0029804648
figure_eight_depth,nmpc,88.0,0.20552935,-0.19349015,-0.84851193,-0.00023796952,-0.01636641,2.387076,0.13970129,0.00062008237,-0.0035269419,-0.0006447499,-0.0081933085,-0.035729483,0.20791169081776084,-0.20336832153790152,-0.8486304738420682,0.0,0.0,2.3903316623968425,-0.10243137703354332,0.09566625591657385,-0.0013682743839615874,0.0,0.0,0.0,0.01016208314914699,0.2601281690342979,-0.003255761365348331,-2.1047012150819056,2.4228952,2.155818,2.0481157,2.530597,2.4155803,-2.0106318,30.994339,0.003228577
figure_eight_depth,nmpc,88.10000000000001,0.19521987,-0.18392071,-0.84863955,-0.00024467215,-0.017285112,2.383709,0.14062008,0.00089100754,-0.0035776005,-0.0006180676,-0.009179027,-0.033668224,0.19765734037912658,-0.19375779322605188,-0.8487638924903065,0.0,0.0,2.3868914185305523,-0.10265375716980718,0.09653728278259666,-0.0013000924833916905,0.0,0.0,0.0,0.010135328476056358,0.26141070776593006,-0.0031824646731304362,-2.0996487398033508,2.5910246,2.2215369,2.1455338,2.667027,2.4367297,-1.9859601,33.246674,0.003463195
figure_eight_depth,nmpc,88.2,0.18488148,-0.17428343,-0.8487597,-0.00024293918,-0.01829641,2.380543,0.14129034,0.001070759,-0.0036437751,-0.0005298548,-0.010105221,-0.031655725,0.18738131458572568,-0.18406227634234,-0.84889049115077,0.0,0.0,2.3836504654659,-0.1028648801665033,0.09736596520738827,-0.0012318749401107887,0.0,0.0,0.0,0.010094162664192174,0.26246972014123515,-0.0031074719203676433,-2.0948773815182373,2.7285042,2.2755585,2.2277818,2.7762804,2.4506707,-1.9684427,35.174202,0.0036639792
figure_eight_depth,nmpc,88.30000000000001,0.17456062,-0.16459942,-0.8488733,-0.00022474739,-0.019394066,2.377573,0.14147897,0.0010588684,-0.0037250773,-0.00036146925,-0.010969361,-0.029698461,0.17708474031958324,-0.17428602366090756,-0.8490102663526924,0.0,0.0,2.380605029885298,-0.10306472286818191,0.09815193970025282,-0.0011636236244005893,0.0,0.0,0.0,0.010011006358230285,0.26312590823394655,-0.0030320165796338112,-2.0903705919139104,2.8233743,2.3111632,2.2881825,2.8463545,2.4564078,-1.9591216,36.52253,0.0038044301
figure_eight_depth,nmpc,88.4,0.16433401,-0.15490294,-0.8489822,-0.00018084735,-0.020571044,2.3747926,0.14087783,0.0007369296,-0.0038213069,-0.000100199075,-0.011763534,-0.027801452,0.16676874671610287,-0.1644333233692922,-0.8491232148123761,0.0,0.0,2.3777515870310024,-0.10325326336242668,0.09889486150921334,-0.0010953404073199557,0.0,0.0,0.0,0.009837484740407708,0.26313950722386314,-0.0029590111948207824,-2.086166993768037,2.8657093,2.321341,2.320604,2.8664458,2.4534535,-1.9585713,37.058067,0.0038602154
figure_eight_depth,nmpc,88.5,0.15423635,-0.14520548,-0.8490874,-0.00010978751,-0.021800764,2.3721962,0.13994987,0.00022709586,-0.003931464,0.00017651897,-0.012292499,-0.02596124,0.1564344650402321,-0.1545084971874749,-0.849229333433282,0.0,0.0,2.375086853027898,-0.10343048097279095,0.09959440476342563,-0.0010270271609824633,0.0,0.0,0.0,0.009560227056315384,0.26289978047854606,-0.002890655518132501,-2.082286624776295,2.8523805,2.3023767,2.32252,2.8322368,2.4420538,-1.9666516,36.68402,0.0038212526
figure_eight_depth,nmpc,88.60000000000001,0.14425966,-0.13550037,-0.84918916,-1.798204e-05,-0.023042597,2.3697789,0.139129,-0.00030636042,-0.004051459,0.0003910905,-0.012415669,-0.024169357,0.14608302856241173,-0.14451589847223592,-0.8493286193061145,0.0,0.0,2.3726077777093444,-0.1035963562653619,0.10025026262007464,-0.000958685758167821,0.0,0.0,0.0,0.009199121877903248,0.26274854376333695,-0.0028289061730895075,-2.078817025512148,2.787694,2.2546315,2.2954879,2.7468374,2.423204,-1.9825308,35.471325,0.0036949299
figure_eight_depth,nmpc,88.7,0.13435759,-0.12576625,-0.84928674,8.213831e-05,-0.024248194,2.3675368,0.13879277,-0.0006985647,-0.004174811,0.00048464173,-0.012055568,-0.02241394,0.13571557243430515,-0.1344599103076336,-0.8494210697089013,0.0,0.0,2.3703115379356543,-0.10375087105005121,0.1008621473982535,-0.0008903180724328941,0.0,0.0,0.0,0.008800110477213225,0.26296916746057525,-0.002774754717270511,-2.0756860753116975,2.681867,2.1821158,2.2443051,2.619677,2.3984892,-2.004824,33.62572,0.0035026798
figure_eight_depth,nmpc,88.80000000000001,0.124448106,-0.11596598,-0.8493782,0.00017488557,-0.02536647,2.3654678,0.1393057,-0.00080887956,-0.0042937067,0.00042583616,-0.011184461,-0.02068261,0.1253332335643039,-0.12434494358242705,-0.8495066821070678,0.0,0.0,2.3681955313981864,-0.1038940083825518,0.10142979070505015,-0.0008219259782782373,0.0,0.0,0.0,0.008426566770262859,0.2638387672761402,-0.0027277446092459634,-2.072814002458969,2.5502205,2.0936353,2.1779728,2.4658828,2.369782,-2.0318394,31.455315,0.0032765951
figure_eight_depth,nmpc,88.9,0.11447684,-0.10607935,-0.8494622,0.00024977038,-0.026363168,2.3635702,0.14034958,-0.0007043667,-0.004400894,0.00026756446,-0.0099703,-0.01896741,0.11493715049286692,-0.11417543505532816,-0.8495854541535071,0.0,0.0,2.366257370898824,-0.10402575256625302,0.10195294355335588,-0.0007535113505374724,0.0,0.0,0.0,0.008110099380627303,0.26508702498769476,-0.002687157580953059,-2.0701562551001875,2.4045846,1.9954896,2.1026444,2.2974296,2.3387668,-2.061988,29.184927,0.0030400967
figure_eight_depth,nmpc,89.0,0.10442235,-0.09610422,-0.8495381,0.00030221176,-0.02722006,2.3618433,0.14156184,-0.00048469706,-0.004491605,6.915573e-05,-0.008573224,-0.017262565,0.10452846326765443,-0.10395584540888061,-0.8496573836886434,0.0,0.0,2.3644948790964033,-0.1041460891539267,0.10243137647103495,-0.0006850760648768883,0.0,0.0,0.0,0.007853248969630097,0.26641807809732765,-0.002651531546964847,-2.0676984436183368,2.2534559,1.8913838,2.0217779,2.1230614,2.3064256,-2.0943384,26.956223,0.0028079397
figure_eight_depth,nmpc,89.10000000000001,0.09427904,-0.08604551,-0.8496056,0.00033172418,-0.027928015,2.360286,0.14277957,-0.00021008335,-0.0045629963,-0.00012868346,-0.007084268,-0.015563697,0.09410831331851414,-0.09369065729286213,-0.8497224687404925,0.0,0.0,2.362906083710663,-0.10425500494930934,0.10286487960162183,-0.0006166219975733966,0.0,0.0,0.0,0.007647945032400294,0.2677052576157845,-0.0026200863199159485,-2.065439351331926,2.102315,1.7838407,1.9377323,1.9484229,2.2733784,-2.1282265,24.850573,0.002588601
figure_eight_depth,nmpc,89.2,0.0840513,-0.0759128,-0.8496649,0.00034072492,-0.028484391,2.3588986,0.14389896,8.134148e-05,-0.004613532,-0.0002974305,-0.005568349,-0.013867281,0.08367784333231597,-0.0833843733580516,-0.8497807075247146,0.0,0.0,2.3614892131759606,-0.10435248800853836,0.10325326279627539,-0.0005481510252369759,0.0,0.0,0.0,0.007481793585178081,0.26886754371043076,-0.0025905734970055327,-2.0633884577821195,1.9530873,1.6758486,1.8530929,1.7758427,2.2399874,-2.1632843,22.907932,0.0023862428
figure_eight_depth,nmpc,89.30000000000001,0.0737467,-0.06571453,-0.8497163,0.00033341887,-0.028889978,2.3576808,0.14490528,0.0003582892,-0.004642382,-0.00041988856,-0.0040600267,-0.012171398,0.07323819712763105,-0.07304151428120517,-0.849832098444664,0.0,0.0,2.360242692735009,-0.10443852764151912,0.10359635569733017,-0.00047966502503271613,0.0,0.0,0.0,0.0073455208071268015,0.2699032475045457,-0.0025618951581045657,-2.061556799257791,1.8062687,1.5699714,1.7701275,1.6061121,2.20635,-2.1994057,21.145731,0.0022026803
figure_eight_depth,nmpc,89.4,0.06337693,-0.055457447,-0.8497599,0.00031534344,-0.029148526,2.356633,0.14578144,0.0005784378,-0.0046490408,-0.00048349216,-0.0025889808,-0.010475216,0.06279051952931339,-0.06266661678215213,-0.8498766400914328,0.0,0.0,2.359165140966571,-0.10451311441303512,0.1038940078128825,-0.0004111658746808189,0.0,0.0,0.0,0.007233923400259053,0.2708125399962273,-0.002532193044817888,-2.059956964905469,1.6616919,1.4678675,1.690256,1.4393029,2.172373,-2.23662,19.566088,0.002038134
figure_eight_depth,nmpc,89.5,0.05295475,-0.045146897,-0.84979594,0.0002919057,-0.029265665,2.3557546,0.1465301,0.0007236757,-0.004633406,-0.00049033324,-0.0011741524,-0.008778229,0.052335956242944494,-0.052264231633827395,-0.8499143312438893,0.0,0.0,2.3582553667384945,-0.1045762401437958,0.10414608858288349,-0.00034265545195699687,0.0,0.0,0.0,0.007145163870829582,0.27160449818366006,-0.0025007528621516784,-2.058599573831014,1.5188361,1.3701404,1.6139909,1.2749853,2.137887,-2.2750282,18.161018,0.0018917726
figure_eight_depth,nmpc,89.60000000000001,0.042492047,-0.03479076,-0.8498247,0.0002667959,-0.029248662,2.3550463,0.14713962,0.0008169575,-0.0045956452,-0.00045834362,0.00016797046,-0.007079557,0.041875653729199165,-0.04183892166615728,-0.8499451708687114,0.0,0.0,2.357512366581028,-0.10462789791135588,0.1043524874363641,-0.000274135635081052,0.0,0.0,0.0,0.007076086868473796,0.27225937334336947,-0.002466094303195998,-2.0574959531962356,1.3777709,1.2777301,1.5422026,1.113298,2.1026409,-2.3147295,16.92774,0.0017633061
figure_eight_depth,nmpc,89.7,0.031998605,-0.02439734,-0.8498464,0.0002423682,-0.029105522,2.3545082,0.14762202,0.00087560166,-0.004536466,-0.00040163635,0.0014299694,-0.0053789034,0.03141075907812848,-0.031395259764656874,-0.8499691581204152,0.0,0.0,2.356935322473539,-0.10466808205086484,0.10451311383997963,-0.00020560830271687536,0.0,0.0,0.0,0.007023639505124456,0.2727815708135467,-0.002427160928739181,-2.056656329810114,1.2385668,1.191278,1.4755423,0.954302,2.0663874,-2.3558176,15.860942,0.0016521815
figure_eight_depth,nmpc,89.80000000000001,0.021482095,-0.013975124,-0.84986126,0.00021988059,-0.02884495,2.3541405,0.14799078,0.00091532996,-0.004457017,-0.0003318812,0.0026048166,-0.0036760445,0.020942419883356024,-0.020937826864598878,-0.849986292341378,0.0,0.0,2.3565236000407617,-0.10469678815566708,0.10462789733766721,-0.00013707533347284695,0.0,0.0,0.0,0.006984705742982515,0.27317753323007815,-0.0023830799449364726,-2.056090091589514,1.101132,1.1108954,1.4142382,0.79778874,2.02895,-2.3983953,14.952055,0.0015575057
figure_eight_depth,nmpc,89.9,0.010948175,-0.0035319757,-0.8498693,0.0001998982,-0.02847603,2.3539436,0.14826463,0.000945559,-0.0043585906,-0.00025665257,0.0036887738,-0.0019704094,0.01047178411624551,-0.010471209941678196,-0.8499965730618566,0.0,0.0,2.3562767471539283,-0.10471401307782756,0.10469678758160371,-6.853860629041364e-05,0.0,0.0,0.0,0.006956731692968828,0.2734609965880607,-0.0023331608044410146,-2.0558057388784596,0.96555465,1.0366423,1.3585546,0.64364207,1.9901887,-2.4425247,14.193647,0.0014785049
figure_eight_depth,nmpc,90.0,0.0004008774,0.006925363,-0.8498707,0.00018263076,-0.028007949,2.3539176,0.1484628,0.0009695778,-0.0042426046,-0.0001800717,0.0046807663,-0.0002606386,3.6739403974420594e-16,-3.6739403974420594e-16,-0.85,0.0,0.0,2.3561944929339016,-0.10471975492843412,0.10471975435424383,0.0,0.0,0.0,0.0,0.006938161131344241,0.2736485082103972,-0.002276894209536362,-2.055809373811628,0.83185196,0.9682592,1.3085154,0.49159542,1.9500268,-2.4882302,13.577276,0.0014142995
figure_eight_depth,nmpc,90.10000000000001,-0.010156364,0.017389785,-0.84986544,0.00016790302,-0.027450152,2.3540633,0.1485869,0.0009940377,-0.0041104835,-0.00010646008,0.005578225,0.0014559472,-0.01047178411624655,0.010471209941679237,-0.8499965730618566,0.0,0.0,2.356276747153928,-0.1047140130787166,0.10469678758249275,6.853860629041364e-05,0.0,0.0,0.0,0.006927003266462321,0.27373906669598136,-0.002213474677731586,-2.056106278429895,0.69967914,0.9051686,1.2638168,0.34103063,1.9084139,-2.5355127,13.093284,0.0013638837
figure_eight_depth,nmpc,90.2,-0.020719696,0.027854452,-0.8498537,0.00015563983,-0.026812045,2.3543816,0.14863577,0.0010139002,-0.0039636935,-3.5273242e-05,0.006381608,0.0031805749,-0.020942419883357065,0.02093782686459992,-0.849986292341378,0.0,0.0,2.356523600040759,-0.10469678815655525,0.10462789733855539,0.00013707533347284695,0.0,0.0,0.0,0.006921480348800948,0.27373356425128126,-0.0021420387614621283,-2.0567018496060574,0.5689973,0.8470315,1.2243526,0.19167593,1.8653466,-2.584338,12.735319,0.0013265958
figure_eight_depth,nmpc,90.30000000000001,-0.03128658,0.038313225,-0.84983546,0.00014557864,-0.026102431,2.354873,0.14862365,0.0010333809,-0.003803697,3.1134256e-05,0.0070968946,0.004911416,-0.03141075907812952,0.03139525976465791,-0.8499691581204152,0.0,0.0,2.3569353224735323,-0.10466808205174954,0.10451311384086434,0.00020560830271687536,0.0,0.0,0.0,0.00692037130312447,0.2736436164320005,-0.0020623805027071285,-2.0576001219154203,0.4398643,0.7935816,1.1900905,0.04335504,1.820841,-2.6346447,12.498262,0.0013019023
figure_eight_depth,nmpc,90.4,-0.041854855,0.048760567,-0.8498108,0.00013749879,-0.02532965,2.3555381,0.14855744,0.0010509867,-0.0036319152,9.278978e-05,0.0077287867,0.006647635,-0.041875653729200206,0.04183892166615832,-0.8499451708687114,0.0,0.0,2.3575123665810165,-0.10462789791224406,0.10435248743725228,0.000274135635081052,0.0,0.0,0.0,0.006922981001356446,0.27347627381797035,-0.0019742367744979283,-2.0588030731491553,0.312579,0.7446705,1.1610665,-0.10381735,1.7749599,-2.68634,12.377998,0.001289375
figure_eight_depth,nmpc,90.5,-0.052422974,0.05919014,-0.84977967,0.0001308533,-0.024501741,2.3563774,0.14843568,0.0010766634,-0.003449693,0.00014612103,0.008280243,0.008389446,-0.05233595624294376,0.05226423163382666,-0.8499143312438893,0.0,0.0,2.3582553667384936,-0.10457624014468397,0.1041460885837682,0.00034265545195699687,0.0,0.0,0.0,0.006927763150332442,0.27322650145336075,-0.0018780035335375091,-2.0603127977302003,0.18742718,0.70009285,1.137272,-0.24975224,1.7277787,-2.739314,12.370083,0.0012885503
figure_eight_depth,nmpc,90.60000000000001,-0.06298946,0.06959591,-0.8497422,0.00012523978,-0.023626305,2.3573916,0.14826111,0.0011088606,-0.0032583724,0.00019233396,0.008755691,0.010137698,-0.06279051952931265,0.0626666167821514,-0.8498766400914328,0.0,0.0,2.3591651409665455,-0.10451311441391636,0.10389400781376373,0.0004111658746808189,0.0,0.0,0.0,0.0069334530153641145,0.2728975321118149,-0.0017735451260914024,-2.062129296687129,0.06106804,0.65895444,1.118046,-0.39802375,1.6790648,-2.7938528,12.4712715,0.0012990908
figure_eight_depth,nmpc,90.7,-0.07355079,0.0799728,-0.8496983,0.00012060676,-0.022710169,2.3585815,0.14802611,0.0011265205,-0.003058985,0.00023477209,0.009162845,0.011894493,-0.07323819712763031,0.07304151428120444,-0.849832098444664,0.0,0.0,2.3602426927350075,-0.1044385276424073,0.1035963556982114,0.0004796650250882273,0.0,0.0,0.0,0.00693962440029072,0.27249033341519713,-0.0016611497662575303,-2.0642491006217023,-0.068811245,0.62119424,1.1032947,-0.55091196,1.6289413,-2.8498888,12.686697,0.0013215309
figure_eight_depth,nmpc,90.80000000000001,-0.08409945,0.09031549,-0.849648,0.00011688728,-0.021759667,2.3599482,0.14770053,0.0011035196,-0.0028522392,0.0002731522,0.009506664,0.013662058,-0.08367784333231525,0.08338437335805089,-0.8497807075247146,0.0,0.0,2.3614892131759824,-0.10435248800942654,0.10325326279714969,0.0005481510252369759,0.0,0.0,0.0,0.0069451964948609585,0.2719868714289388,-0.001541054911822215,-2.0666661660909025,-0.20270716,0.5862635,1.0923655,-0.7088093,1.578425,-2.9064355,13.019261,0.001356173
figure_eight_depth,nmpc,90.9,-0.09462306,0.100617535,-0.84959143,0.00011363248,-0.020780796,2.3614929,0.14724186,0.0010135757,-0.002638699,0.000303544,0.009790508,0.015442056,-0.09410831331851342,0.09369065729286143,-0.8497224687404925,0.0,0.0,2.3629060837106732,-0.10425500495019058,0.10286487960248919,0.0006166219975733966,0.0,0.0,0.0,0.0069472133792189365,0.27135762126114993,-0.0014132114725140532,-2.0693723610603962,-0.3383189,0.5523797,1.0835232,-0.8694625,1.5297486,-2.9612653,13.458794,0.0014019577
figure_eight_depth,nmpc,91.0,-0.10510698,0.110869855,-0.8495286,0.0001089643,-0.019779097,2.3632169,0.14661539,0.0008604904,-0.002418945,0.00031157502,0.010018961,0.01723618,-0.10452846326765193,0.10395584540887816,-0.8496573836886434,0.0,0.0,2.3644948790963998,-0.10414608915481488,0.10243137647190925,0.0006850760649323995,0.0,0.0,0.0,0.006939365097639517,0.2705690249553488,-0.0012780021127571928,-2.0723628888863903,-0.4680923,0.51882106,1.076453,-1.0257244,1.4861057,-3.0110536,13.974101,0.0014556354
figure_eight_depth,nmpc,91.10000000000001,-0.115540005,0.12106235,-0.8494595,9.913607e-05,-0.018759409,2.365122,0.14583799,0.0006763249,-0.0021940824,0.00027852348,0.01019896,0.01904711,-0.11493715049286618,0.11417543505532744,-0.8495854541535071,0.0,0.0,2.3662573708988583,-0.10402575256625302,0.10195294355334894,0.0007535113505374724,0.0,0.0,0.0,0.006914400430147079,0.26962480016054474,-0.0011352910496151836,-2.075639257361632,-0.5831056,0.48535773,1.0717883,-1.1695364,1.4507865,-3.052368,14.513861,0.0015118605
figure_eight_depth,nmpc,91.2,-0.12592286,0.13118583,-0.84938407,7.7657096e-05,-0.01772545,2.3672106,0.14500089,0.0005392564,-0.0019656906,0.00017698621,0.010341642,0.020880766,-0.12533323356430318,0.12434494358242636,-0.8495066821070678,0.0,0.0,2.368195531398187,-0.1038940083834261,0.10142979070590363,0.0008219259782782373,0.0,0.0,0.0,0.006867344008335828,0.2685802321726604,-0.0009849047960139856,-2.0792123980279955,-0.6740835,0.45186958,1.0702426,-1.2924566,1.4267179,-3.0821395,15.009546,0.0015634944
figure_eight_depth,nmpc,91.30000000000001,-0.13627587,0.14123534,-0.8493019,3.5425273e-05,-0.016679484,2.3694856,0.14427435,0.0005565408,-0.0017356836,-1.9089382e-05,0.010461433,0.022745386,-0.13571557243430443,0.1344599103076329,-0.8494210697089013,0.0,0.0,2.3703115379355877,-0.10375087105003733,0.1008621473982535,0.0008903180724328941,0.0,0.0,0.0,0.006799598958903531,0.2675530281148193,-0.0008259212516277259,-2.0831432524715416,-0.7309519,0.41913334,1.0730189,-1.3848375,1.4161257,-3.0979822,15.382013,0.001602293
figure_eight_depth,nmpc,91.4,-0.1466464,0.15121114,-0.84921247,-3.9219183e-05,-0.015622698,2.371951,0.1438895,0.00087874976,-0.0015062011,-0.0003352616,0.010568741,0.024649357,-0.146083028562411,0.14451589847223523,-0.8493286193061145,0.0,0.0,2.3726077777093444,-0.1035963562653619,0.10025026262007464,0.000958685758167821,0.0,0.0,0.0,0.006719908216564367,0.2667021243312344,-0.000656674498895171,-2.087507191271383,-0.74305683,0.38886937,1.0817351,-1.4359227,1.4203993,-3.0983493,15.552681,0.0016200707
figure_eight_depth,nmpc,91.5,-0.15711318,0.16111925,-0.8491153,-0.00015933279,-0.014556234,2.3746111,0.1441143,0.0016799679,-0.0012794613,-0.0007855753,0.010663593,0.02659806,-0.15643446504022962,0.1545084971874725,-0.849229333433282,0.0,0.0,2.3750868530278955,-0.10343048097280483,0.0995944047634395,0.0010270271609269521,0.0,0.0,0.0,0.006646483229695306,0.2662160320720406,-0.00047571373041011,-2.0922506585407867,-0.70426786,0.36159143,1.0964217,-1.4390982,1.4398737,-3.082778,15.476643,0.0016121501
figure_eight_depth,nmpc,91.60000000000001,-0.16771358,0.1709603,-0.84901047,-0.00032359187,-0.013495193,2.3774698,0.1446172,0.002706872,-0.0010565027,-0.0012264799,0.010605854,0.028586108,-0.16676874671610215,0.1644333233692915,-0.8491232148123761,0.0,0.0,2.3777515870310024,-0.10325326336242668,0.09889486150921334,0.001095340407375467,0.0,0.0,0.0,0.0065959793462953996,0.26588818382653157,-0.0002818089700893367,-2.0973365706918283,-0.61518294,0.33727932,1.1164148,-1.3943185,1.473618,-3.0521011,15.169584,0.0015801651
figure_eight_depth,nmpc,91.7,-0.17843293,0.18073015,-0.84889877,-0.00051639095,-0.012466197,2.3805304,0.14499234,0.003630565,-0.00083822926,-0.0015149846,0.010280056,0.03060543,-0.17708474031958252,0.17428602366090687,-0.8490102663526924,0.0,0.0,2.380605029885298,-0.10306472286818191,0.09815193970025282,0.0011636236244005893,0.0,0.0,0.0,0.006584587396244506,0.2654629963947591,-7.467252445803041e-05,-2.1027147448072605,-0.48364657,0.31513637,1.1403667,-1.308877,1.5195583,-3.0084312,14.706535,0.0015319308
figure_eight_depth,nmpc,91.80000000000001,-0.18920818,0.1904196,-0.84878093,-0.0007126427,-0.011502327,2.383795,0.14485466,0.0041545425,-0.00062545476,-0.0015555506,0.009621838,0.0326489,-0.18738131458572496,0.1840622763423393,-0.84889049115077,0.0,0.0,2.3836504654658515,-0.10286488016564288,0.09736596520658336,0.0012318749401107887,0.0,0.0,0.0,0.006615511806581197,0.26468243606843683,0.00014455749862607448,-2.10835542343496,-0.31924272,0.29615417,1.1690742,-1.1921628,1.5748136,-2.954713,14.187977,0.0014779143
figure_eight_depth,nmpc,91.9,-0.19996232,0.20001887,-0.8486575,-0.00088810554,-0.010633738,2.3872662,0.14409566,0.004191575,-0.00042000518,-0.0013553802,0.0086611565,0.034714863,-0.19765734037912586,0.1937577932260512,-0.8487638924903066,0.0,0.0,2.3868914185306243,-0.10265375716980718,0.09653728278258278,0.0013000924833916905,0.0,0.0,0.0,0.006672727985126658,0.2634690930046157,0.00037474052699293386,-2.114277825102155,-0.13262278,0.2812537,1.2034402,-1.0548093,1.6362116,-2.8942535,13.711475,0.0014282785
figure_eight_depth,nmpc,92.0,-0.21065566,0.20952503,-0.84852827,-0.0010306066,-0.009877506,2.3909464,0.14302957,0.0039534303,-0.00022493843,-0.0010336614,0.007529634,0.036807902,-0.2079116908177584,0.20336832153789922,-0.8486304738420684,0.0,0.0,2.3903316623967767,-0.1024313770326829,0.09566625591578282,0.0013682743839615874,0.0,0.0,0.0,0.0067412844847480335,0.26203980137677424,0.00061472584785216,-2.1204896757196705,0.066740714,0.2712803,1.2443744,-0.90635335,1.7007788,-2.830157,13.350429,0.0013906696
figure_eight_depth,nmpc,92.10000000000001,-0.22126932,0.21893653,-0.8483928,-0.001136078,-0.009243232,2.394839,0.14181551,0.0035756517,-4.2548614e-05,-0.000670219,0.0063026194,0.038931612,-0.2181432413965427,0.21288964578253647,-0.8484902388637949,0.0,0.0,2.393975227126858,-0.10219776414077675,0.09475326666733008,0.001436418772593484,0.0,0.0,0.0,0.006807843582337612,0.26049572822449296,0.0008638212587621652,-2.126993872158612,0.27221417,0.26576054,1.2916554,-0.75368065,1.7660491,-2.7649896,13.145234,0.0013692953
figure_eight_depth,nmpc,92.2,-0.23179717,0.22825064,-0.8482507,-0.0012059277,-0.00873566,2.3989477,0.14053784,0.0031553677,0.00012543988,-0.0003187377,0.005029037,0.0410897,-0.22835087011065525,0.22231758959246328,-0.8483431914000991,0.0,0.0,2.397826408228769,-0.10195294411237399,0.09379871550448116,0.0015045237810040746,0.0,0.0,0.0,0.006861969409269304,0.25888201997001775,0.0011213075305085418,-2.1337880536964153,0.4788415,0.26424167,1.3450779,-0.60199463,1.8300864,-2.7008011,13.114288,0.0013660718
figure_eight_depth,nmpc,92.30000000000001,-0.24223883,0.23746227,-0.8481016,-0.0012446713,-0.008356517,2.403276,0.13922225,0.00274976,0.000277911,-9.335406e-06,0.0037392343,0.04328587,-0.2385334575785815,0.23164801755993142,-0.8481893354823613,0.0,0.0,2.401889775875747,-0.10169694379474903,0.09280302112495142,0.0015725875421868096,0.0,0.0,0.0,0.0068951441362145585,0.2572028842804211,0.0013861907685401853,-2.140872601880232,0.68448204,0.26752755,1.4057031,-0.45369345,1.8914438,-2.6391125,13.2644005,0.0013817083
figure_eight_depth,nmpc,92.4,-0.2525984,0.24656749,-0.8479453,-0.0012580748,-0.008104778,2.4078283,0.13790996,0.0023815318,0.00041414902,0.00024636972,0.0024607326,0.04552387,-0.24868988716485477,0.2408768370508576,-0.8480286753286195,0.0,0.0,2.4061701846479755,-0.10142979126119556,0.09176662027317317,0.0016406081901343406,0.0,0.0,0.0,0.0069041271515831,0.25548917113919284,0.0016581463456768473,-2.1482455335599613,0.88747376,0.2755036,1.4736484,-0.310671,1.9491801,-2.5809305,13.592173,0.0014158515
figure_eight_depth,nmpc,92.5,-0.26288155,0.2555631,-0.8477814,-0.0012521434,-0.0079777,2.412609,0.13661839,0.0020556303,0.00053395686,0.00044677942,0.0012106372,0.047807656,-0.25881904510252013,0.24999999999999942,-0.8478612153434526,0.0,0.0,2.410672783794,-0.1011515158080567,0.09068996754887926,0.001708583860005053,0.0,0.0,0.0,0.0068890118929692224,0.25375569730649594,0.0019363165477970234,-2.1559034088835145,1.0867093,0.28769958,1.5486966,-0.17428775,2.0026782,-2.526926,14.08862,0.0014675647
figure_eight_depth,nmpc,92.60000000000001,-0.27309415,0.26444578,-0.8476099,-0.0012327892,-0.007971452,2.4176233,0.13534896,0.0017749686,0.00063754094,0.00059356546,-2.9588222e-07,0.050141614,-0.26891982061526615,0.2590135046865655,-0.8476869601178609,0.0,0.0,2.415403028008834,-0.10086214795129722,0.08957353520741562,0.0017765126880675552,0.0,0.0,0.0,0.00685131956800135,0.25200312187727336,0.002220253470047951,-2.163841802444483,1.2818193,0.30356663,1.6305296,-0.045143582,2.0517323,-2.4773211,14.742604,0.001535688
figure_eight_depth,nmpc,92.7,-0.28324142,0.27321172,-0.84743065,-0.0012054895,-0.008081522,2.4228766,0.1340939,0.0015380629,0.00072531466,0.0006917597,-0.0011654706,0.05253029,-0.27899110603922905,0.26791339748949816,-0.8475059144291394,0.0,0.0,2.420366688717472,-0.10056171942340875,0.08841781295299,0.0018443928122002795,0.0,0.0,0.0,0.006792866733411339,0.2502251005394532,0.002509907733333705,-2.172056481997543,1.4728253,0.32236552,1.7186338,0.076557,2.0964625,-2.4320135,15.5425415,0.0016190148
figure_eight_depth,nmpc,92.80000000000001,-0.293328,0.28185743,-0.84724367,-0.0011750446,-0.008302571,2.428375,0.13285254,0.0013388797,0.000797857,0.00074878894,-0.002276767,0.054978225,-0.28903179694447245,0.2766957746216728,-0.847318083240747,0.0,0.0,2.4255698658521987,-0.10025026316978769,0.08722330772362175,0.0019122223713918807,0.0,0.0,0.0,0.006716061672271179,0.2484236167585021,0.0028051398698472063,-2.180540687436662,1.6602029,0.34309778,1.8122627,0.19103798,2.1372247,-2.390665,16.47779,0.0017164365
figure_eight_depth,nmpc,92.9,-0.30335724,0.29037824,-0.84704894,-0.0011457292,-0.008628882,2.4341245,0.13160786,0.0011778795,0.0008559203,0.00077051256,-0.0033306633,0.057490192,-0.29904079225608693,0.2853567838422161,-0.8471234717021708,0.0,0.0,2.4310190001004783,-0.09992781334505763,0.08599054346866697,0.0019799995060187925,0.0,0.0,0.0,0.006622111164337442,0.24658308884317484,0.0031054696566017444,-2.1892900565878475,1.844796,0.36460942,1.9106108,0.29879466,2.1746635,-2.3526468,17.540031,0.0018270867
figure_eight_depth,nmpc,93.0,-0.31333312,0.2987688,-0.8468466,-0.0011215416,-0.009054115,2.4401324,0.13036157,0.0010642455,0.00090035965,0.00076028105,-0.00432116,0.06007151,-0.30901699437494706,0.29389262614623624,-0.8469220851487844,0.0,0.0,2.4367208855927713,-0.09959440530951658,0.08472006091936324,0.002047722358011761,0.0,0.0,0.0,0.0065124216128713604,0.2447026018605006,0.0034114939390890164,-2.1983003060392052,2.0276918,0.38585475,2.0129213,0.40062538,2.2095845,-2.3171828,18.72437,0.0019504552
figure_eight_depth,nmpc,93.10000000000001,-0.32326096,0.3070227,-0.84663653,-0.0011064081,-0.009571535,2.446406,0.12911794,0.0010152052,0.0009322033,0.0007193466,-0.005244552,0.06272761,-0.31895930929807065,0.302299557431188,-0.8467139291017018,0.0,0.0,2.4426826829949944,-0.09925007562594512,0.08341241735199123,0.0021153890705782885,0.0,0.0,0.0,0.006388912494390487,0.24278107255405315,0.0037232046087654074,-2.207568367129113,2.210061,0.40584114,2.118521,0.4973813,2.242839,-2.2834153,20.02891,0.0020863449
figure_eight_depth,nmpc,93.2,-0.33314785,0.31513202,-0.84641904,-0.0011042773,-0.010174233,2.4529533,0.1278823,0.0010530421,0.0009525061,0.0006479822,-0.0060994136,0.06546401,-0.32886664673858335,0.31057389013915526,-0.8464990092676262,0.0,0.0,2.4489119329496676,-0.09889486205233444,0.08206818634093338,0.0021829977887577456,0.0,0.0,0.0,0.006253934213574477,0.24081704621968367,0.004041405673379295,-2.217087714229101,2.393174,0.4234114,2.2265167,0.5900688,2.27526,-2.2505507,21.453903,0.0022347814
figure_eight_depth,nmpc,93.30000000000001,-0.34299815,0.32308933,-0.8461941,-0.0011175257,-0.010855772,2.459783,0.1266391,0.0011570093,0.00096246885,0.0005623656,-0.0068907933,0.06828514,-0.33873792024529253,0.31871199487434576,-0.8462773315386934,0.0,0.0,2.455416569807479,-0.09852880354260796,0.08068795751084434,0.0022505466588662593,0.0,0.0,0.0,0.006108808104843703,0.23880413464752376,0.004366507432511213,-2.226853163993556,2.5782073,0.43744954,2.3360686,0.67958826,2.3075576,-2.217877,23.001371,0.002395976
figure_eight_depth,nmpc,93.4,-0.352814,0.3308899,-0.84596175,-0.0011466569,-0.011609794,2.4669037,0.12539056,0.0012918292,0.00096323225,0.00048168754,-0.0076197917,0.07119507,-0.34857204732181574,0.32671030199505313,-0.8460489019923104,0.0,0.0,2.4622049355598055,-0.0981519402392661,0.07927233627591512,0.0023180338291628466,0.0,0.0,0.0,0.005955735976380708,0.23675735286943547,0.004698750963632037,-2.2368576474339528,2.766103,0.44705054,2.4465632,0.76659054,2.3403137,-2.184821,24.675022,0.002570315
figure_eight_depth,nmpc,93.5,-0.36259463,0.3385301,-0.84572226,-0.0011909421,-0.012430506,2.474325,0.124121316,0.0014320088,0.00095590326,0.00041872196,-0.008292211,0.074198164,-0.3583679495453002,0.33456530317942906,-0.8458137268909887,0.0,0.0,2.4692857938838917,-0.09776431346958381,0.07782194357427996,0.002385457449405326,0.0,0.0,0.0,0.005795928937907956,0.2346714687067506,0.005039147751240147,-2.2470982435115245,2.9574895,0.4515732,2.5575998,0.8514631,2.373975,-2.1509724,26.479408,0.0027582718
figure_eight_depth,nmpc,93.60000000000001,-0.37234008,0.34600842,-0.8454756,-0.001249077,-0.013311839,2.4820566,0.12285217,0.0015641956,0.0009416191,0.00037969378,-0.008905392,0.07729865,-0.36812455268467725,0.3422735529643438,-0.8455718126821722,0.0,0.0,2.476668344166635,-0.09736596574125289,0.07633741559615048,0.0024528156710723614,0.0,0.0,0.0,0.005632866299345964,0.23257116115439191,0.005388273570181568,-2.257566936389666,3.1528232,0.4505436,2.6689832,0.934384,2.4088438,-2.1160295,28.419937,0.0029604102
figure_eight_depth,nmpc,93.7,-0.38204777,0.3533229,-0.8452218,-0.0013194452,-0.014248584,2.4901085,0.121560186,0.0016783773,0.0009214452,0.00036814986,-0.009468011,0.080500685,-0.37784078681846583,0.3498316702566817,-0.8453231659980613,0.0,0.0,2.484362235366494,-0.09695694073758032,0.07481940350462235,0.002520106647585507,0.0,0.0,0.0,0.0054678732767504306,0.2304384954358958,0.005746254623740565,-2.2682571159941514,3.3522708,0.44343302,2.7805352,1.0151689,2.4451044,-2.079799,30.500393,0.0031771243
figure_eight_depth,nmpc,93.80000000000001,-0.39171392,0.36047086,-0.84496117,-0.0014004706,-0.0152360145,2.4984915,0.12023155,0.0017714435,0.0008962655,0.0003841676,-0.009984894,0.083808616,-0.3875155864521027,0.35723633981640146,-0.8450677936554305,0.0,0.0,2.4923775795340566,-0.09653728331271427,0.07326857314984836,0.0025873285340871632,0.0,0.0,0.0,0.005300894213982508,0.22826174624917664,0.006113946115967828,-2.2791630893716577,3.555803,0.42972142,2.892067,1.0934577,2.4828813,-2.0421932,32.72335,0.0034086818
figure_eight_depth,nmpc,93.9,-0.40133423,0.36744988,-0.8446936,-0.0014906928,-0.01626951,2.5072167,0.118864276,0.0018410367,0.0008669905,0.00042708885,-0.010457127,0.08722664,-0.3971478906347798,0.3644843137107051,-0.8448057026554414,0.0,0.0,2.5007249647732976,-0.09610703948689792,0.07168560477738284,0.00265447948766262,0.0,0.0,0.0,0.005131525402903373,0.22604009617291915,0.006491727197527553,-2.290282669345843,3.7634525,0.4090048,3.0035682,1.1688896,2.5222,-2.0031652,35.09275,0.0036554944
figure_eight_depth,nmpc,94.0,-0.41090602,0.37425834,-0.84441936,-0.0015889761,-0.017344125,2.5162954,0.117476396,0.0018902665,0.0008344112,0.0004941663,-0.010881453,0.090759106,-0.40673664307579876,0.37157241273869607,-0.8445369001834514,0.0,0.0,2.5094154673955074,-0.09566625644114035,0.0700711927294484,0.002721557667395569,0.0,0.0,0.0,0.00496101755571574,0.22379005880188896,0.006879965648926235,-2.3016142473327594,3.9752839,0.3810019,3.1151855,1.2411008,2.5630455,-1.9627553,37.61437,0.003918163
figure_eight_depth,nmpc,94.10000000000001,-0.42042807,0.38089496,-0.8441384,-0.0016946094,-0.018454824,2.5257397,0.116081685,0.0019260288,0.0007993993,0.00058160693,-0.0112570245,0.094410546,-0.41628079226040077,0.3784975278258779,-0.8442613936088159,0.0,0.0,2.518460662963086,-0.0952149825114712,0.06842604513984663,0.0027885612342015698,0.0,0.0,0.0,0.004791941043554353,0.22152311521282,0.007279006836718782,-2.313156005784701,4.191385,0.3455523,3.2272015,1.3097361,2.6053329,-1.9210309,40.29547,0.0041974448
figure_eight_depth,nmpc,94.2,-0.42989948,0.38735828,-0.84385085,-0.0018071468,-0.019596836,2.5355618,0.11468258,0.0019520131,0.00076273555,0.000687188,-0.011586514,0.098185495,-0.42577929156507166,0.3852566213878939,-0.8439791904846868,0.0,0.0,2.5278726358671793,-0.09475326718766386,0.06675088362653736,0.0028554883512166285,0.0,0.0,0.0,0.00462703109021023,0.21924106890523262,0.007689164135872506,-2.3249054329194383,4.4120135,0.302477,3.3398917,1.3745997,2.6490057,-1.8780686,43.14613,0.004494388
figure_eight_depth,nmpc,94.30000000000001,-0.43931887,0.3936464,-0.84355676,-0.0019262624,-0.020765854,2.5457747,0.11327303,0.0019693153,0.0007252013,0.000810126,-0.011874687,0.10208836,-0.4352310993723275,0.3918467286629199,-0.8436902985478054,0.0,0.0,2.537663987031911,-0.09428116109871931,0.06504644296845274,0.002922337183519641,0.0,0.0,0.0,0.004468382539034465,0.21693845789151475,0.008110711225535194,-2.336862058354753,4.6372514,0.25155777,3.4535105,1.4352995,2.6939516,-1.8339698,46.175022,0.004809898
figure_eight_depth,nmpc,94.4,-0.4486854,0.39975753,-0.8432561,-0.002051801,-0.021957709,2.5563917,0.11185889,0.001981079,0.0006874709,0.00094915845,-0.012122988,0.106123574,-0.44463517918492695,0.3982649590120978,-0.8433947257182901,0.0,0.0,2.547847839261279,-0.0937987160187781,0.06331347079116534,0.002989105898576483,0.0,0.0,0.0,0.0043187201914077775,0.21462061989518624,0.008543876742138856,-2.3490239496856162,4.8671603,0.19272205,3.56847,1.4914132,2.740014,-1.7888834,49.392464,0.0051450487
figure_eight_depth,nmpc,94.5,-0.45799726,0.40568957,-0.8429491,-0.0021835722,-0.023168722,2.5674264,0.110431045,0.0019847949,0.0006501323,0.0011050632,-0.012336476,0.11029537,-0.45399049973954564,0.40450849718747295,-0.8430924800994192,0.0,0.0,2.558437839666215,-0.09330598485263186,0.061552727233127325,0.0030557926656848977,0.0,0.0,0.0,0.004179669167848917,0.21228024689597977,0.008988603433760733,-2.361390914247374,5.1017976,0.12578663,3.6850963,1.542489,2.7870622,-1.7429588,52.80899,0.0055009364
figure_eight_depth,nmpc,94.60000000000001,-0.46725282,0.41144055,-0.84263563,-0.0023214624,-0.024395345,2.578893,0.10899316,0.0019809208,0.0006137641,0.0012775185,-0.012516504,0.11460797,-0.4632960351198616,0.4105746045668519,-0.842783569977409,0.0,0.0,2.569448158538802,-0.09280302163380827,0.059764984614574246,0.0031223956568071642,0.0,0.0,0.0,0.004053134818004829,0.2099213883248745,0.009444787704484092,-2.3739673713283658,5.345702,0.05091483,3.8042681,1.5923502,2.8354359,-1.6958873,56.50289,0.005885718
figure_eight_depth,nmpc,94.7,-0.47645372,0.41700858,-0.8423158,-0.0024654483,-0.02563425,2.590806,0.10757243,0.0019874894,0.0005789958,0.0014660794,-0.012665491,0.11906589,-0.4725507648690533,0.41646062035504927,-0.8424680038211867,0.0,0.0,2.5808934839248927,-0.09228988151782636,0.05795102709846289,0.0031889130457374293,0.0,0.0,0.0,0.0039441725621526084,0.20756606740389788,0.0099125234603612,-2.3867654042365345,5.6054482,-0.032122936,3.9268067,1.6465201,2.885225,-1.647654,60.59221,0.0063116886
figure_eight_depth,nmpc,94.80000000000001,-0.4856098,0.42239058,-0.8419894,-0.0026156711,-0.026882265,2.6031806,0.1062361,0.0020570436,0.0005466777,0.001669587,-0.012785105,0.12367517,-0.48175367410171555,0.4221639627510077,-0.8421457902821577,0.0,0.0,2.5927890110604,-0.09176662077634012,0.05611165034660748,0.0032553430091009083,0.0,0.0,0.0,0.0038659433574065338,0.2052664485270204,0.010391635835962365,-2.3997986813824035,5.8785024,-0.124055214,4.0529127,1.7015365,2.9341443,-1.600509,65.06434,0.0067775343
figure_eight_depth,nmpc,94.9,-0.49473733,0.42758277,-0.8416559,-0.0027714996,-0.02813627,2.6160328,0.105038054,0.0022258114,0.0005175543,0.0018962767,-0.012876063,0.12844285,-0.49090375361514055,0.42768213008025313,-0.8418169381939692,0.0,0.0,2.6051504257150797,-0.09123329679078251,0.05424766117043123,0.0033216837255767295,0.0,0.0,0.0,0.003838240226777934,0.20306791783444317,0.010882413106331423,-2.413068304706157,6.1544766,-0.22550957,4.1820574,1.7469119,2.9780726,-1.5584588,69.76745,0.007267442
figure_eight_depth,nmpc,95.0,-0.50384736,0.43258035,-0.84131503,-0.0029300314,-0.02939402,2.629379,0.10393336,0.002472479,0.00049189106,0.00216929,-0.012947187,0.13337317,-0.49999999999999917,0.43301270189221885,-0.841481456572267,0.0,0.0,2.6179938803659213,-0.0906899680461204,0.05235987717711055,0.003387933376397534,0.0,0.0,0.0,0.003875152603629065,0.2009362538331,0.01138515367643711,-2.42656225197282,6.423566,-0.33584735,4.314159,1.7735623,3.0129683,-1.5255321,74.53771,0.0077643436
figure_eight_depth,nmpc,95.10000000000001,-0.5129377,0.4373795,-0.8409667,-0.0030848915,-0.030654142,2.6432352,0.102815926,0.002718431,0.0004695947,0.002523693,-0.013006971,0.13846412,-0.5090414157503714,0.43815334002193185,-0.8411393546144494,0.0,0.0,2.631335961994853,-0.09013669412449854,0.05044912641122279,0.0034540901453494754,0.0,0.0,0.0,0.003976159679391704,0.19879094583184279,0.011899244609150815,-2.4402597173044276,6.676451,-0.4539494,4.4492526,1.7732522,3.0353713,-1.5051916,79.200424,0.008250044
figure_eight_depth,nmpc,95.2,-0.5219911,0.44197923,-0.8406113,-0.0032268811,-0.031915147,2.6576166,0.10156886,0.002869777,0.00045020756,0.0029879299,-0.013053436,0.14370763,-0.5180270093731297,0.4431017896156071,-0.8407906416994145,0.0,0.0,2.6451936501809477,-0.08957353569855053,0.04851624699106494,0.0035201522186056877,0.0,0.0,0.0,0.004123847880407395,0.19654119490000652,0.012422965114462503,-2.454117359135547,6.9021053,-0.58024186,4.5859213,1.7359456,3.0425446,-1.5001293,83.52738,0.008700769
figure_eight_depth,nmpc,95.30000000000001,-0.53096455,0.44638136,-0.8402499,-0.003343895,-0.033176236,2.6725376,0.09997657,0.002786706,0.0004327565,0.0035910632,-0.013092047,0.14909104,-0.526955795496678,0.4478558801197067,-0.8404353273873028,0.0,0.0,2.6595842640054386,-0.08900055452509825,0.04656208674150286,0.003586117785114862,0.0,0.0,0.0,0.004275363502452338,0.19400665200334744,0.012953301225884672,-2.4680723738902417,7.087049,-0.7177134,4.7207265,1.6486129,3.0324986,-1.5122089,87.22739,0.009086185
figure_eight_depth,nmpc,95.4,-0.53978366,0.45059478,-0.8398848,-0.0034212642,-0.034436014,2.6880105,0.097780265,0.0022814283,0.00041544397,0.0043586968,-0.013114826,0.154601,-0.5358267949789965,0.4524135262330097,-0.8400734214192358,0.0,0.0,2.6745253961750053,-0.08841781343776889,0.0445875028217968,0.003651985036490224,0.0,0.0,0.0,0.004358916474795753,0.19097121123404404,0.013485058002851158,-2.4820330337774266,7.2162857,-0.8726998,4.847903,1.4956869,3.004174,-1.5423186,89.97943,0.009372857
figure_eight_depth,nmpc,95.5,-0.54833317,0.45463344,-0.8395199,-0.003443675,-0.0356923,2.7040474,0.09461639,0.0011587207,0.0003956862,0.005297253,-0.013111151,0.16022952,-0.5446390350150265,0.45677272882130016,-0.8397049337170482,0.0,0.0,2.690034832641463,-0.08782537634094423,0.042593361349763104,0.00371775216673198,0.0,0.0,0.0,0.004272866340377706,0.1871172465407252,0.014012608841080798,-2.4960352577992753,7.278536,-1.0531863,4.9612737,1.2640796,2.9578054,-1.5900861,91.57541,0.009539105
figure_eight_depth,nmpc,95.60000000000001,-0.55656576,0.45851532,-0.8391575,-0.003413132,-0.03691868,2.7206607,0.091090046,-0.0002801985,0.00037268992,0.006233884,-0.012835482,0.16598517,-0.5533915492433444,0.4609315757942504,-0.8393298743830168,0.0,0.0,2.706130455882526,-0.08722330820187807,0.04058053702174491,0.003783417373004472,0.0,0.0,0.0,0.003992948722973041,0.18296689593731727,0.014530230610394046,-2.510264586389975,7.27718,-1.2622114,5.0602903,0.954682,2.8953512,-1.6535956,92.18591,0.0096027
figure_eight_depth,nmpc,95.7,-0.5645951,0.46224684,-0.8387948,-0.0033612163,-0.038053945,2.7378654,0.08860527,-0.0012502029,0.00035239174,0.006869423,-0.011939362,0.17188893,-0.5620833778521304,0.46488824294412556,-0.8389482536995825,0.0,0.0,2.722830129952817,-0.0866116750440904,0.038549912728919056,0.003848978854970042,0.0,0.0,0.0,0.003648196658261121,0.1797143652609204,0.01503531804522984,-2.5248085507007767,7.2303915,-1.4953495,5.1511354,0.58391017,2.8202438,-1.7296252,92.33515,0.009618245
figure_eight_depth,nmpc,95.80000000000001,-0.5725696,0.46582076,-0.8384272,-0.0033219217,-0.039039697,2.7556765,0.08745056,-0.0015395487,0.00034445288,0.0071691885,-0.01045571,0.17794931,-0.5707135676844324,0.468640994745946,-0.8385600821290692,0.0,0.0,2.7401515653583,-0.08599054394015093,0.036502379170272325,0.003914434815233125,0.0,0.0,0.0,0.0033787980454722004,0.17759996722212656,0.015524942591528923,-2.5396216544492907,7.1594243,-1.745938,5.2412996,0.17219043,2.7365375,-1.8143299,92.58695,0.009644475
figure_eight_depth,nmpc,95.9,-0.58055884,0.46922183,-0.8380521,-0.003312433,-0.039846133,2.7741098,0.08689881,-0.0014384163,0.0003549038,0.007289334,-0.008676216,0.18416396,-0.5792811723426791,0.4721881851187406,-0.8381653703133966,0.0,0.0,2.7581121618475755,-0.0853599830040741,0.0344388344617752,0.003979783459229225,0.0,0.0,0.0,0.003231797894526932,0.17599263917178407,0.015997678545490942,-2.554674167583316,7.080702,-2.0090952,5.335703,-0.26409253,2.6481292,-1.9039866,93.35003,0.00972396
figure_eight_depth,nmpc,96.0,-0.58858854,0.4724344,-0.8376683,-0.0033388766,-0.04045987,2.79318,0.086561844,-0.0011339303,0.00038591208,0.0073322845,-0.0067685028,0.19052917,-0.5877852522924728,0.47552825814757665,-0.8377641290737884,0.0,0.0,2.7767288273037845,-0.08472006138388055,0.03236018374225269,0.0040450229955024675,0.0,0.0,0.0,0.0031978737505917896,0.1745644173209754,0.016451161557299532,-2.569947907948456,7.00542,-2.2818952,5.436908,-0.71337914,2.558419,-1.9953252,94.87867,0.009883194
figure_eight_depth,nmpc,96.10000000000001,-0.5966614,0.4754465,-0.83727545,-0.0034001593,-0.040877074,2.8129015,0.08624971,-0.0007514845,0.00043773087,0.00736426,-0.004829963,0.19703782,-0.5962248749656164,0.47865974876603384,-0.837356369410476,0.0,0.0,2.7960177711107623,-0.08407084925499131,0.030267338776840402,0.00411015163542805,0.0,0.0,0.0,0.0032437800998333047,0.17316104261260476,0.016883725776444702,-2.585430058656623,6.9403863,-2.5628505,5.545672,-1.1681327,2.4701385,-2.0857322,97.30804,0.010136255
figure_eight_depth,nmpc,96.2,-0.6047686,0.478249,-0.8368735,-0.0034913644,-0.04109987,2.8332872,0.08587106,-0.00035604736,0.00050989003,0.0074187396,-0.0029205033,0.2036788,-0.6045991148623749,0.4815812833988291,-0.8369421025023964,0.0,0.0,2.8159942706892354,-0.08341241780940312,0.028161217556110785,0.0041751675934897925,0.0,0.0,0.0,0.003337281805239383,0.17170779129425234,0.017292968385471674,-2.6011123814257546,6.8895473,-2.851139,5.6618347,-1.6234231,2.3853645,-2.1731756,100.699394,0.01048952
figure_eight_depth,nmpc,96.30000000000001,-0.6128965,0.4808356,-0.8364625,-0.003605582,-0.041134086,2.854349,0.08539237,1.534113e-05,0.0006015359,0.0075117117,-0.0010768656,0.21043651,-0.6129070536529775,0.48429158056431587,-0.8365213397068862,0.0,0.0,2.836672410366154,-0.08274483925213572,0.02604274389450545,0.004240069087224629,0.0,0.0,0.0,0.003456510771189716,0.17017868852869364,0.017676487567805932,-2.61698801118694,6.8547196,-3.1466172,5.7842536,-2.076148,2.3055992,-2.256086,105.06207,0.010943965
figure_eight_depth,nmpc,96.4,-0.62102914,0.4832022,-0.8360428,-0.0037350208,-0.040988065,2.876096,0.0848004,0.0003416844,0.0007113971,0.0076485546,0.0006767271,0.21729073,-0.6211477802783107,0.48678945143658026,-0.8360940925593703,0.0,0.0,2.8580647923442646,-0.08206818679085126,0.023912847024742945,0.004304854337278119,0.0,0.0,0.0,0.003589589794165273,0.16856345347084947,0.018031217863865297,-2.6330482018692183,6.8376064,-3.4479802,5.9126887,-2.5230596,2.2318282,-2.3333097,110.39254,0.011499223
figure_eight_depth,nmpc,96.5,-0.6291481,0.48534572,-0.83561486,-0.0038718546,-0.040672574,2.8985355,0.084074184,0.0006160518,0.0008376679,0.007826626,0.0023174759,0.22421727,-0.6293203910498374,0.4890738003669028,-0.8356603727730446,0.0,0.0,2.880182220404659,-0.08138253462808276,0.021772461190006087,0.0043695215675709775,0.0,0.0,0.0,0.0037323344861244297,0.16684122238632146,0.018353269631351754,-2.649290972540192,6.838764,-3.7535713,6.0469794,-2.961784,2.16454,-2.404202,116.66154,0.012152243
figure_eight_depth,nmpc,96.60000000000001,-0.6372379,0.48726407,-0.835179,-0.0040089646,-0.040199608,2.9216719,0.083245605,0.00084636896,0.0009781793,0.008036443,0.0038345908,0.23118842,-0.6374239897486891,0.49114362536434414,-0.8352201922385564,0.0,0.0,2.9030333579808825,-0.08068795795329597,0.01962252523415864,0.004434069005243568,0.0,0.0,0.0,0.0038842373470583014,0.16504151100969655,0.018638509389723,-2.665712986754299,6.8573112,-4.062027,6.186362,-3.3910754,2.103844,-2.4685779,123.813286,0.012897216
figure_eight_depth,nmpc,96.7,-0.6452846,0.48895568,-0.8347355,-0.004140041,-0.039582398,2.945506,0.08233047,0.0010407554,0.0011307887,0.008267949,0.005217304,0.23817323,-0.6454576877239495,0.49299801853525227,-0.8347735630236773,0.0,0.0,2.9266243635171283,-0.07998453293461827,0.01746398219021339,0.004498494880711412,0.0,0.0,0.0,0.004046225185499852,0.16317850623906413,0.01888173236910218,-2.6823119921797627,6.891587,-4.372023,6.329757,-3.8101914,2.0495458,-2.5265777,131.77617,0.013726684
figure_eight_depth,nmpc,96.80000000000001,-0.6532762,0.4904195,-0.83428484,-0.004259604,-0.038834687,2.9700363,0.08135141,0.0012070449,0.0012934401,0.008511447,0.0064622867,0.24513797,-0.6534206039901053,0.49463616648149417,-0.8343204973729729,0.0,0.0,2.9509585075182896,-0.07927233671056744,0.015297778866524281,0.004562797427554166,0.0,0.0,0.0,0.004219281847983976,0.16127375633579433,0.019077760715963343,-2.6990882238800893,6.9394307,-4.681821,6.4761486,-4.2185373,2.0012312,-2.5785742,140.46567,0.014631841
figure_eight_depth,nmpc,96.9,-0.6612047,0.49165574,-0.83382714,-0.0043628723,-0.037969895,2.9952564,0.08034916,0.0013481913,0.0014641992,0.008759042,0.0075743776,0.25204647,-0.6613118653236512,0.49605735065723877,-0.8338610077074669,0.0,0.0,2.976035777370475,-0.07855144738144748,0.01312486543139646,0.004626974883126245,0.0,0.0,0.0,0.004403048245616736,0.15936780395088918,0.019220646579720224,-2.7160387280966365,6.9983773,-4.9892035,6.624679,-4.615504,1.9582791,-2.6251433,149.7849,0.015602596
figure_eight_depth,nmpc,97.0,-0.66906315,0.49266517,-0.83336264,-0.0044457507,-0.03700158,3.0211573,0.079335846,0.0014650789,0.0016413574,0.009003335,0.008553875,0.2588605,-0.669130606358857,0.49726094768413653,-0.8333951066243005,0.0,0.0,3.001852477862176,-0.07782194400096643,0.010946194996502845,0.004691025487779665,0.0,0.0,0.0,0.004596385753297301,0.1574730548305052,0.019304786847296636,-2.7331597132761734,7.0655947,-5.2915397,6.7745395,-5.000483,1.9199593,-2.666989,159.6213,0.01662722
figure_eight_depth,nmpc,97.10000000000001,-0.67684567,0.49345052,-0.83289135,-0.0045044823,-0.035943106,3.047725,0.07832529,0.0015456862,0.0018233205,0.009240919,0.00940431,0.2655398,-0.6768759696826604,0.49824642962475213,-0.8329228068963872,0.0,0.0,3.028400837279074,-0.07708390656674391,0.008762723198635358,0.004754947485585692,0.0,0.0,0.0,0.004796106110728981,0.15560429734532305,0.01932412495542302,-2.750448183935638,7.138176,-5.585571,6.925282,-5.3726754,1.8853779,-2.7049456,169.84872,0.017692575
figure_eight_depth,nmpc,97.2,-0.684548,0.49401718,-0.83241343,-0.00453552,-0.034807384,3.0749419,0.0773376,0.0015686331,0.0020085291,0.009470156,0.010131909,0.27204275,-0.6845471059286878,0.4990133642141357,-0.8324441214720628,0.0,0.0,3.0556686308616614,-0.07633741601403843,0.0065754077808455325,0.004818739124168303,0.0,0.0,0.0,0.004996274754313248,0.15378223469824884,0.019273242688753633,-2.7678977426626035,7.2121315,-5.8687,7.075501,-5.732068,1.8536322,-2.7399147,180.31888,0.018783217
figure_eight_depth,nmpc,97.30000000000001,-0.6921661,0.49437204,-0.8319289,-0.0045361063,-0.033607088,3.1027863,0.07637028,0.0015232243,0.0021957585,0.009684093,0.0107406955,0.2783271,-0.6921431738704068,0.49956141504942914,-0.83195906347473,0.0,0.0,3.083638835200305,-0.07558255420353488,0.004385208171947541,0.004882398654482145,0.0,0.0,0.0,0.005189513224767576,0.15200352544951515,0.019147467366223303,-2.7855032633252574,7.2840977,-6.138032,7.2238684,-6.0778017,1.8239028,-2.7726994,190.87193,0.019882495
figure_eight_depth,nmpc,97.4,-0.6996983,0.4945192,-0.8314378,-0.0045056776,-0.03235391,3.131232,0.07544509,0.0014408362,0.0023837993,0.009862264,0.011242039,0.28435043,-0.699663340513365,0.49989034173742275,-0.8314676462024987,0.0,0.0,3.1122893286211513,-0.07481940391418362,0.0021930850657714274,0.004945924331478668,0.0,0.0,0.0,0.0053713345717886244,0.15028822129615874,0.01894269461798448,-2.784598168027946,7.3511868,-6.3905363,7.3691,-6.408448,1.7954725,-2.8040183,201.33699,0.020972602
figure_eight_depth,nmpc,97.5,-0.7071427,0.4944607,-0.8309402,-0.0044452148,-0.031059239,-3.1229365,0.074556135,0.001344669,0.0025716587,0.009991008,0.01163991,0.29006988,-0.7071067811865466,0.5,-0.8309698831278217,0.0,0.0,3.141592653589793,-0.07404804883409666,0.0,0.00500931441338448,0.0,0.0,0.0,0.0055394941791383455,0.14863025817961142,0.018656166391917386,-2.772932067874807,7.4099135,-6.6240807,7.508953,-6.7231193,1.7677417,-2.8344738,211.52913,0.022034286
figure_eight_depth,nmpc,97.60000000000001,-0.7144991,0.49419704,-0.8304361,-0.004356745,-0.02973331,-3.0933836,0.07372156,0.0012514696,0.0027584091,0.010062146,0.011946104,0.29544306,-0.7144726796328033,0.49989034173742275,-0.8304657878971251,0.0,0.0,-3.111669449697769,-0.0732685735509997,-0.002193085065743672,0.005072567162534014,0.0,0.0,0.0,0.005693439666235997,0.14704869606756898,0.01828589905384792,-2.760889305490164,7.4569974,-6.836846,7.640929,-7.020776,1.7402563,-2.864555,221.25853,0.023047762
figure_eight_depth,nmpc,97.7,-0.72176665,0.4937276,-0.8299256,-0.004242983,-0.02838566,-3.063333,0.07293635,0.0011740556,0.0029433947,0.010071336,0.012167734,0.30042887,-0.7217602280983616,0.4995614150494292,-0.8299553743304344,0.0,0.0,-3.0811648796897857,-0.07248106354307282,-0.004385208172003052,0.005135680844592372,0.0,0.0,0.0,0.005833899967298539,0.14554015010230234,0.017831845174404837,-2.7484955404372475,7.489113,-7.0275583,7.7620907,-7.3005347,1.7126735,-2.8946273,230.33337,0.023993054
figure_eight_depth,nmpc,97.80000000000001,-0.7289441,0.49305162,-0.8294087,-0.0041067833,-0.027024707,-3.0328274,0.07220167,0.0011145003,0.0031259798,0.010020052,0.012315575,0.30498824,-0.7289686274214118,0.49901336421413583,-0.8294386564209952,0.0,0.0,-3.0501229733313444,-0.07168560516984668,-0.006575407780873288,0.00519865372927697,0.0,0.0,0.0,0.005961871471818889,0.14410752372559948,0.017295596012008477,-2.735771322916867,7.503261,-7.195011,7.869632,-7.5613804,1.6847275,-2.9249797,238.5665,0.024850676
figure_eight_depth,nmpc,97.9,-0.73602587,0.4921684,-0.82888556,-0.003951197,-0.025658656,-3.001913,0.07147303,0.0010791674,0.003305791,0.00990938,0.012391277,0.30908483,-0.7360970871197341,0.4982464296247522,-0.8289156483348903,0.0,0.0,-3.0185931142687146,-0.07088228566209942,-0.008762723198635358,0.005261484090413049,0.0,0.0,0.0,0.0060785246227312885,0.14270852840407927,0.016680043590003635,-2.7227403447596377,7.4981027,-7.336944,7.962145,-7.8009844,1.6562225,-2.9558175,245.78334,0.02560243
figure_eight_depth,nmpc,98.0,-0.74300444,0.4910779,-0.8283564,-0.0037791622,-0.024294816,-2.9706392,0.07073663,0.0010689266,0.0034823702,0.00974388,0.012403009,0.31268564,-0.7431448254773936,0.49726094768413676,-0.8283863644106503,0.0,0.0,-2.9866297494415655,-0.07007119311303045,-0.010946194996391823,0.005324170205267542,0.0,0.0,0.0,0.00618471389588024,0.14133152131947696,0.01599052062076467,-2.709435950579718,7.4723334,-7.4516087,8.038081,-8.017354,1.6270548,-2.987274,251.82205,0.026231466
figure_eight_depth,nmpc,98.10000000000001,-0.749877,0.489781,-0.8278212,-0.0035931377,-0.02293842,-2.9390588,0.07003914,0.0010747748,0.0036552718,0.00953193,0.012370751,0.31576142,-0.7501110696304596,0.49605735065723894,-0.8278508191588613,0.0,0.0,-2.954291968055988,-0.06925241646793534,-0.013124865431313193,0.005386710355215207,0.0,0.0,0.0,0.006280792307992473,0.1400241581388502,0.0152331873858218,-2.6958923120797404,7.423895,-7.538644,8.095076,-8.209823,1.5971602,-3.0194292,256.54468,0.026723405
figure_eight_depth,nmpc,98.2,-0.75664395,0.48827913,-0.82728004,-0.0033951176,-0.021593135,-2.9072263,0.06941341,0.0010859678,0.0038242887,0.009281441,0.01230927,0.31828782,-0.7569950556517561,0.4946361664814942,-0.8273090272617671,0.0,0.0,-2.92164295286754,-0.06842604551499099,-0.015297778866385503,0.00544910282584965,0.0,0.0,0.0,0.0063667869479685744,0.13881924324534525,0.014416628786118935,-2.682143283011253,7.351078,-7.59791,8.13109,-8.377919,1.566504,-3.0523524,259.84152,0.027066825
figure_eight_depth,nmpc,98.30000000000001,-0.76330733,0.4865733,-0.8267329,-0.0031871204,-0.02026156,-2.8751986,0.06887594,0.001104168,0.0039894935,0.008995223,0.012228558,0.32024586,-0.7637960286346426,0.4929980185352524,-0.8267610035728662,0.0,0.0,-2.8887493125395483,-0.06759217087509706,-0.01746398219007461,0.0055113459065947445,0.0,0.0,0.0,0.006443330745399097,0.13773393610572518,0.013550709863156653,-2.6682225940546864,7.2526684,-7.629427,8.144582,-8.5213375,1.5350572,-3.086093,261.63712,0.027253868
figure_eight_depth,nmpc,98.4,-0.7698699,0.4846645,-0.82617956,-0.0029709619,-0.018945465,-2.8430338,0.06843408,0.0011250804,0.0041510053,0.008678216,0.012135959,0.32162166,-0.7705132427757893,0.49114362536434436,-0.8262067631165049,0.0,0.0,-2.855680310006758,-0.06675088399199502,-0.01962252523396435,0.00557343789092668,0.0,0.0,0.0,0.006511042003074916,0.1367752224505193,0.012646519418379134,-2.6541638485343273,7.1249304,-7.6326804,8.135274,-8.643021,1.5024501,-3.1210365,261.90515,0.02728179
figure_eight_depth,nmpc,98.5,-0.77633464,0.48255584,-0.8256201,-0.0027482447,-0.017645812,-2.810791,0.068083346,0.0011256955,0.0043089874,0.008335359,0.012038733,0.32240754,-0.7771459614569705,0.48907380036690296,-0.8256463210874652,0.0,0.0,-2.822507007400042,-0.06590227712216512,-0.02177246118986731,0.005635377076707027,0.0,0.0,0.0,0.006568316190706828,0.13593466101341303,0.01171599177504179,-2.639998563586995,6.9643307,-7.607228,8.10355,-8.746444,1.4687945,-3.1571367,260.6645,0.027152551
figure_eight_depth,nmpc,98.60000000000001,-0.7827029,0.4802546,-0.82505447,-0.002520734,-0.016363056,-2.7785292,0.06779417,0.0010680592,0.004463846,0.007967674,0.011940995,0.3226022,-0.7836934573258401,0.4867894514365801,-0.8250796928505484,0.0,0.0,-2.789301352898026,-0.06504644332505638,-0.02391284702457641,0.0056971617657941565,0.0,0.0,0.0,0.006609553863544434,0.13517468093527862,0.010772185722732974,-2.6257561678429435,6.771066,-7.5538244,8.049296,-8.83205,1.4356197,-3.1929367,257.95975,0.026870808
figure_eight_depth,nmpc,98.7,-0.7889731,0.47777265,-0.8244827,-0.0022911413,-0.015097686,-2.746307,0.06751285,0.0009219787,0.004616211,0.0075682313,0.011841537,0.32220992,-0.7901550123756902,0.48429158056431565,-0.8245068939401539,0.0,0.0,-2.7561352382283717,-0.06418347645248401,-0.026042743894283404,0.005758790264209779,0.0,0.0,0.0,0.006625249801033074,0.13443334217486924,0.0098283420186549,-2.6114704010306666,6.551266,-7.474905,7.971484,-8.895119,1.4060689,-3.2253544,253.84094,0.026441766
figure_eight_depth,nmpc,98.80000000000001,-0.79514325,0.47512254,-0.8239047,-0.002063793,-0.013849656,-2.714182,0.06722815,0.00068725104,0.0047666957,0.0071234107,0.011744333,0.3212398,-0.7965299180241968,0.48158128339882883,-0.8239279400598531,0.0,0.0,-2.723079557373573,-0.06331347113885943,-0.028161217556055274,0.005820260882638539,0.0,0.0,0.0,0.006605963128001198,0.13369539956102786,0.008897657349158816,-2.597181007407607,6.3139677,-7.3736506,7.869122,-8.9288,1.3838261,-3.250705,248.36551,0.025871411
figure_eight_depth,nmpc,98.9,-0.8012151,0.47231066,-0.8233205,-0.0018453698,-0.0126179345,-2.682211,0.06698679,0.00041006858,0.004915705,0.006611991,0.011657434,0.3197061,-0.8028174751911147,0.47865974876603357,-0.8233428470819594,0.0,0.0,-2.6902032968959553,-0.062436522788644755,-0.030267338776590602,0.005881571935539842,0.0,0.0,0.0,0.0065482032267758,0.13301289628204802,0.007992374654744339,-2.5829279957139417,6.068837,-7.2527905,7.7424083,-8.926356,1.3720719,-3.2657895,241.60643,0.025167337
figure_eight_depth,nmpc,99.0,-0.80719376,0.46933115,-0.8227299,-0.0016455376,-0.011400877,-2.6504476,0.06686846,0.00018781242,0.0050634774,0.0060060755,0.01158445,0.31762868,-0.8090169943749472,0.47552825814757693,-0.8227516310470919,0.0,0.0,-2.6575726864297193,-0.06155272757057961,-0.03236018374225269,0.0059427217422580725,0.0,0.0,0.0,0.006459789351984545,0.13248451596351557,0.00712507938931406,-2.568751400710541,5.826855,-7.1141367,7.5928903,-8.880167,1.3732239,-3.2681112,233.63884,0.02433738
figure_eight_depth,nmpc,99.10000000000001,-0.8130876,0.46616006,-0.8221326,-0.001476706,-0.010196685,-2.6189444,0.066991076,0.00015673628,0.005209841,0.0052798837,0.011523546,0.31503126,-0.8151277957285546,0.47218818511874033,-0.8221543081637371,0.0,0.0,-2.625250434365257,-0.06066218240291521,-0.03443883446205276,0.006003708626245441,0.0,0.0,0.0,0.006364058944607546,0.13226049330561565,0.0063060278558575425,-2.554694694948113,5.6006346,-6.9583325,7.4237247,-8.781418,1.3888637,-3.2559683,224.54076,0.023389662
figure_eight_depth,nmpc,99.2,-0.818912,0.4627479,-0.8215284,-0.0013532288,-0.009003049,-2.5877504,0.067559384,0.00048399874,0.00535408,0.004415469,0.011475727,0.31194097,-0.821149209133704,0.46864099474594567,-0.8215508948078036,0.0,0.0,-2.593295068863863,-0.05976498494275617,-0.03650237917057764,0.006064530915506072,0.0,0.0,0.0,0.0063034932220450215,0.13258956131470112,0.005544633988374681,-2.5408007367558456,5.4034,-6.784969,7.2393727,-8.620937,1.4197168,-3.2284713,214.40024,0.022333356
figure_eight_depth,nmpc,99.30000000000001,-0.8246897,0.45901448,-0.8209171,-0.0012902615,-0.007817948,-2.556912,0.068828166,0.0013576865,0.005495053,0.0034060334,0.01143369,0.30838737,-0.8270805742745625,0.46488824294412523,-0.8209414075221733,0.0,0.0,-2.5617603986602897,-0.05886123357851103,-0.03854991272925212,0.006125186942596006,0.0,0.0,0.0,0.006341772665241443,0.13378189783426436,0.004848453317272128,-2.5270600861505246,5.245301,-6.5933585,7.0448112,-8.392864,1.4654646,-3.1857436,203.35162,0.021182463
figure_eight_depth,nmpc,99.4,-0.8304258,0.45491228,-0.82029915,-0.0012884302,-0.006652695,-2.5264728,0.07052035,0.0025409411,0.0056315493,0.0023980006,0.011259792,0.30439633,-0.8329212407100998,0.4609315757942501,-0.820325863016248,0.0,0.0,-2.5306951019401485,-0.05795102741668057,-0.04058053702207798,0.0061856750445676845,0.0,0.0,0.0,0.00651612804222193,0.13551628481975114,0.004222295009606469,-2.513437916662864,5.1283717,-6.3840747,6.8439264,-8.099626,1.5244963,-3.1291955,191.61584,0.019959982
figure_eight_depth,nmpc,99.5,-0.8361008,0.4504663,-0.8196754,-0.0013288518,-0.005535368,-2.496474,0.07204375,0.0035549882,0.0057633636,0.0015915084,0.010786757,0.299997,-0.8386705679454239,0.4567727288213005,-0.8197042781654913,0.0,0.0,-2.5001424455538515,-0.05703446627175479,-0.04259336135009617,0.006245993563191998,0.0,0.0,0.0,0.006809951341949249,0.1370805900308975,0.003668417920184463,-2.49991876188166,5.0457273,-6.1595206,6.638792,-7.7525816,1.5940456,-3.0615177,179.48901,0.018696772
figure_eight_depth,nmpc,99.60000000000001,-0.8416827,0.44575927,-0.81904644,-0.0013822145,-0.0045019602,-2.466952,0.07293729,0.0040397733,0.00589117,0.0011005077,0.0099417735,0.29522753,-0.8443279255020146,0.45241352623301,-0.819076670010966,0.0,0.0,-2.4701401312642894,-0.056111650654777634,-0.044587502822185376,0.00630614084468073,0.0,0.0,0.0,0.007160827361181839,0.1379072608306829,0.003188045769294323,-2.4865448754238897,4.985739,-5.923162,6.43027,-7.3676896,1.67066,-2.9861608,167.28093,0.017425098
figure_eight_depth,nmpc,99.7,-0.8471511,0.44086674,-0.8184125,-0.0014259419,-0.0035798296,-2.4379396,0.07329204,0.0040421346,0.006014838,0.0008688539,0.008820285,0.29013497,-0.8498926929868632,0.4478558801197071,-0.8184430557588663,0.0,0.0,-2.4407202610070953,-0.05518268176296637,-0.046562086741919195,0.006366115240186154,0.0,0.0,0.0,0.007507686934244882,0.13808209361316515,0.0027806171472319896,-2.4733747869901577,4.9379835,-5.6780615,6.2195687,-6.959644,1.7509094,-2.9066365,155.25797,0.016172705
figure_eight_depth,nmpc,99.80000000000001,-0.8525014,0.43582967,-0.81777346,-0.0014497006,-0.0027834426,-2.4094636,0.073407866,0.003781011,0.0061332923,0.0007817971,0.0075578154,0.28476727,-0.8553642601605065,0.44310178961560753,-0.8178034527800473,0.0,0.0,-2.4119094093767073,-0.05424766146833182,-0.04851624699148127,0.00642591510535695,0.0,0.0,0.0,0.007815410821110636,0.13795297220502895,0.0024457653489973197,-2.4604483704057527,4.8941884,-5.427399,6.0075755,-6.5407834,1.8318578,-2.8260229,143.62465,0.014960903
figure_eight_depth,nmpc,99.9,-0.85773575,0.43066758,-0.81712896,-0.0014508917,-0.002119085,-2.3815477,0.07345436,0.0033951513,0.00624542,0.000765113,0.0062388736,0.27916807,-0.8607420270039432,0.43815334002193224,-0.8171578786095478,0.0,0.0,-2.383728788998802,-0.053306692306298586,-0.05044912641158361,0.006485538800893309,0.0,0.0,0.0,0.008066916077441269,0.13772301078252216,0.002181099560935706,-2.447790540778646,4.848742,-5.173987,5.795386,-6.1206284,1.9110868,-2.746827,132.52635,0.013804826
