trajectory,controller,time,x,y,z,roll,pitch,yaw,u,v,w,p,q,r,x_ref,y_ref,z_ref,roll_ref,pitch_ref,yaw_ref,u_ref,v_ref,w_ref,p_ref,q_ref,r_ref,tracking_error_m,velocity_error,yaw_error,reward,T1,T2,T3,T4,T5,T6,control_effort,control_effort_normalized
circle,nmpc,0.0,0.0,0.0,0.0,0.0,0.0,0.0,0.0,0.0,0.0,0.0,0.0,0.0,1.0,0.0,-0.6,0.0,0.0,1.5708591586482943,-3.947841775708838e-06,0.06283185290642905,0.0,0.0,0.0,0.0,1.16619037896906,0.06283185303045416,-1.5708591586482943,0.9637837442939508,12.0,7.478539,12.0,12.0,-12.0,12.0,775.9285,0.080825895
circle,nmpc,0.1,0.014840653,0.0011358309,-0.0095750885,-1.0373847e-05,0.0005612495,0.001069092,0.14840652,0.011358309,-0.09575088,-0.000103738465,0.005612495,0.010690919,0.9999210442038161,0.01256603988335261,-0.6,0.0,0.0,1.583362697409366,-0.0015790951391481123,0.12565378393491425,0.0,0.0,0.0,0.0,1.1485275802498065,0.21148846827389048,-1.5822936054504408,0.8864394368605327,24.0,4.6011014,24.0,18.131067,-24.0,24.0,2653.9058,0.27644852
circle,nmpc,0.2,0.051612902,0.0056971917,-0.03598271,-0.00021687601,0.0014137632,0.008137533,0.3679192,0.045223188,-0.2638693,-0.0021046933,0.008524403,0.07068449,0.9996841892832999,0.025130095443337483,-0.6,0.0,0.0,1.5959290680234282,-0.003157940920817115,0.1256240198678621,0.0,0.0,0.0,0.0,1.1033278328852858,0.4623738131872454,-1.5877915345822422,0.7663683447320249,36.0,1.246583,36.0,13.70707,-36.0,36.0,5373.4375,0.5597331
circle,nmpc,0.30000000000000004,0.111334324,0.013612007,-0.08474269,-0.0010217358,0.0017258881,0.028353881,0.59852725,0.074391305,-0.486738,-0.008334409,0.0030774053,0.20216395,0.9992894726405892,0.03769018266993455,-0.6,0.0,0.0,1.6084954386382901,-0.004736288027107349,0.12557441831179475,0.0,0.0,0.0,0.0,1.0269051575956123,0.7768271929218303,-1.5801415575474107,-0.3770266313998771,39.999992,-1.0400655,39.999992,6.239749,-36.592213,39.238037,6118.6284,0.6373571
circle,nmpc,0.4,0.18716945,0.024265481,-0.15153268,-0.0031257188,0.0002708076,0.063349105,0.7622183,0.08567362,-0.6664981,-0.021643808,-0.014908356,0.34993663,0.9987369566060175,0.05024431817976956,-0.6,0.0,0.0,1.6210618092522602,-0.006313887218500902,0.12550498709936603,0.0,0.0,0.0,0.0,0.9275988675248156,1.0180609044313271,-1.5577127038345318,-0.5224988452032384,39.999992,-4.337554,39.999992,-2.7608101,-27.25382,28.604504,4787.4233,0.49868998
circle,nmpc,0.5,0.2697617,0.036921114,-0.22322509,-0.006186329,-0.003773077,0.11067299,0.8324718,0.076255836,-0.7164639,-0.030734254,-0.041917857,0.47311014,0.9980267284282716,0.06279051952931337,-0.6,0.0,0.0,1.6336281798664773,-0.007890489373940657,0.125415737194573,0.0,0.0,0.0,0.0,0.8203648556369066,1.1054166665342493,-1.5229551918689455,-0.6603224882957919,39.999992,-9.219961,39.999992,-11.446675,-18.042732,16.714087,4020.9336,0.4188473
circle,nmpc,0.6000000000000001,0.35221505,0.05092787,-0.2905307,-0.0096674645,-0.010284555,0.1671666,0.8324136,0.0523255,-0.6758909,-0.032679815,-0.068608366,0.56451845,0.9971589002606139,0.07532680552793274,-0.6,0.0,0.0,1.6461945504810775,-0.0094658455296881,0.12530668269102735,0.0,0.0,0.0,0.0,0.7157647074942747,1.0820886361517594,-1.4790279448893036,-0.788163838513333,39.99999,-14.666752,39.99999,-18.920143,-11.308816,7.121055,3951.6824,0.41163358
circle,nmpc,0.7000000000000001,0.43039817,0.06560971,-0.34952322,-0.013100066,-0.018467313,0.23006031,0.7892526,0.020464588,-0.5979039,-0.027857788,-0.08790357,0.62808335,0.9961336091431725,0.08785119655074318,-0.6,0.0,0.0,1.6587609210951333,-0.011039706918625214,0.12517784080966904,0.0,0.0,0.0,0.0,0.6191041061877662,1.0044509400299262,-1.4287006119234567,-0.9058011764145648,39.99999,-19.784666,39.99999,-25.433437,-6.938822,0.27282268,4286.5127,0.44651172
circle,nmpc,0.8,0.5022218,0.080121726,-0.39940178,-0.016166873,-0.027313333,0.2975232,0.72307014,-0.015775396,-0.512476,-0.018210191,-0.097288534,0.6732972,0.9949510169813002,0.10036171485121491,-0.6,0.0,0.0,1.6713272917098345,-0.012611825009944955,0.1250292318961399,0.0,0.0,0.0,0.0,0.5323827197619042,0.9075712544267758,-1.3738040911979021,-1.0135052984593829,39.99999,-24.996544,39.99999,-30.287584,-4.2310905,-4.2694387,4778.294,0.49773887
circle,nmpc,0.9,0.5667671,0.09400331,-0.44072714,-0.018703459,-0.035940032,0.36841673,0.6462577,-0.0495233,-0.43192068,-0.0060048853,-0.09771222,0.70718354,0.9936113105200084,0.1128563848734817,-0.6,0.0,0.0,1.6838936623241176,-0.01418195154784252,0.12486087941751545,0.0,0.0,0.0,0.0,0.4559816486188451,0.8081743905346134,-1.3154769357349148,-1.1118571755373572,39.999985,-29.748383,39.999985,-33.62328,-2.5802429,-7.1072183,5272.659,0.5492354
circle,nmpc,1.0,0.62385124,0.1071484,-0.474534,-0.020637387,-0.04372028,0.4418713,0.567356,-0.076229095,-0.36017516,0.007054629,-0.0915177,0.7324879,0.9921147013144779,0.12533323356430426,-0.6,0.0,0.0,1.6964600329385442,-0.015749838591205823,0.12467280995859253,0.0,0.0,0.0,0.0,0.38947449366197134,0.7142129452313714,-1.2545887475000066,-1.201707377288139,39.999985,-33.454094,39.999985,-35.770985,-1.5797838,-8.741395,5677.645,0.5914213
circle,nmpc,1.1,0.67381567,0.11964371,-0.50193906,-0.021944955,-0.050287124,0.5171095,0.49262875,-0.09458531,-0.2978796,0.019808192,-0.08116573,0.7501478,0.9904614256966512,0.1377902906846381,-0.6,0.0,0.0,1.709026403552512,-0.01731523855241779,0.12446505321771217,0.0,0.0,0.0,0.0,0.3319785878017946,0.629887446259686,-1.1919168902697361,-1.2839340277447575,39.99998,-36.125313,39.99998,-37.28332,-0.97954273,-9.535619,5986.9688,0.6236425
circle,nmpc,1.2000000000000002,0.71721905,0.13158499,-0.5239919,-0.022682574,-0.05548874,0.59357387,0.42468184,-0.10543231,-0.24455355,0.031059328,-0.06876113,0.7623516,0.988651744737914,0.1502255891207571,-0.6,0.0,0.0,1.721592774167146,-0.018877904236824783,0.12423764200210352,0.0,0.0,0.0,0.0,0.2824896655590987,0.5561474396296004,-1.1280189058924572,-1.3593125737491005,39.99998,-38.260235,39.99998,-38.182903,-0.6102846,-9.756256,6217.334,0.6476389
circle,nmpc,1.3,0.7545971,0.14312819,-0.5416237,-0.022957744,-0.059317872,0.670893,0.36405402,-0.108885884,-0.19933282,0.040129703,-0.055790965,0.7709344,0.986685944207868,0.1626371651948836,-0.6,0.0,0.0,1.7341591447818119,-0.02043758888131686,0.12399061222261032,0.0,0.0,0.0,0.0,0.2401116618782429,0.49173045020356676,-1.0632661313044864,-1.428867136325878,39.999977,-39.434067,39.999977,-38.588165,-0.38162357,-9.599845,6336.391,0.6600407
circle,nmpc,1.4000000000000001,0.7866558,0.15446968,-0.5556237,-0.022875953,-0.061847277,0.7486607,0.3127477,-0.10679477,-0.16131431,0.046921007,-0.043108135,0.775524,0.9845643345292053,0.17502305897527606,-0.6,0.0,0.0,1.7467255153958285,-0.021994046193518635,0.12372400288808427,0.0,0.0,0.0,0.0,0.20386145011418766,0.4372793586378634,-0.9980648317639316,-1.4935720898085263,39.999973,-39.87259,39.999973,-38.744442,-0.23700428,-9.20526,6375.744,0.66414
circle,nmpc,1.5,0.81414235,0.16580106,-0.5666523,-0.022545319,-0.06320031,0.8265978,0.2711459,-0.10113687,-0.12963544,0.051477626,-0.031320013,0.77736837,0.9822872507286887,0.18738131458572463,-0.6,0.0,0.0,1.7592918860102833,-0.02354703039092465,0.12343785609927882,0.0,0.0,0.0,0.0,0.17277292999450058,0.392534181835122,-0.9326940762187184,-1.554271981043476,39.99997,-39.904762,39.99997,-38.743874,-0.13737208,-8.674094,6368.732,0.66340953
circle,nmpc,1.6,0.8377304,0.17731409,-0.5752605,-0.022067206,-0.063526385,0.9045439,0.23854983,-0.09322481,-0.10347843,0.05401047,-0.02079652,0.7776328,0.9798550523842469,0.19970998051440705,-0.6,0.0,0.0,1.771858256624683,-0.025096296239257576,0.12313221704204902,0.0,0.0,0.0,0.0,0.14598983699825258,0.3564090732097701,-0.8673143799767338,-1.6117316986555459,39.999966,-39.666264,39.99996,-38.540047,-0.058506746,-8.077152,6323.986,0.65874857
circle,nmpc,1.7000000000000002,0.858004,0.18924925,-0.5819046,-0.021520656,-0.06298134,0.98237,0.21446723,-0.08382405,-0.08208727,0.054872416,-0.011688907,0.77662313,0.9772681235681935,0.21200710992205465,-0.6,0.0,0.0,1.7844246272387208,-0.02664159909143704,0.12280713398032939,0.0,0.0,0.0,0.0,0.1227570835042867,0.32797596541186147,-0.8020546082796753,-1.6665737332327255,39.999954,-39.230316,39.999954,-38.577335,0.0031234236,-7.473475,6283.0747,0.6544869
circle,nmpc,1.8,0.87545496,0.20171982,-0.58696723,-0.020977477,-0.06172073,1.0600804,0.19701011,-0.074565,-0.06477141,0.054342464,-0.0040861545,0.7756548,0.9745268727865771,0.2242707609493812,-0.6,0.0,0.0,1.7969909978534746,-0.028182694926381924,0.1224626582485705,0.0,0.0,0.0,0.0,0.10243847651053434,0.3061487139793289,-0.7369105888034868,-1.7189633441150027,39.999943,-39.269054,39.99994,-38.811775,0.0565759,-6.9096355,6296.15,0.65584886
circle,nmpc,1.9000000000000001,0.89027715,0.21465273,-0.5907794,-0.020498104,-0.05989432,1.1378365,0.18257298,-0.06503932,-0.050852586,0.052754886,0.0019810812,0.7762925,0.971631732914674,0.2364989970237247,-0.6,0.0,0.0,1.8095573684678272,-0.029719340387035498,0.12209884424341233,0.0,0.0,0.0,0.0,0.08473987800060685,0.28753209583643347,-0.6717209121689991,-1.7690313765902896,39.999924,-39.472496,39.99992,-39.43873,0.09115715,-6.4114757,6354.5938,0.66193694
circle,nmpc,2.0,0.9025969,0.22775629,-0.59362364,-0.020109607,-0.057635404,1.2157845,0.16862486,-0.056049313,-0.039762087,0.05054353,0.0066362815,0.77838254,0.9685831611286311,0.2486898871648548,-0.6,0.0,0.0,1.8221237390822094,-0.03125129281933425,0.12171574941535757,0.0,0.0,0.0,0.0,0.0695202220056537,0.27042913823909936,-0.6063391893690746,-1.8172103550741472,39.999878,-39.3142,39.999878,-39.66966,0.12063718,-5.9680276,6354.9004,0.6619688
circle,nmpc,2.1,0.91263646,0.24098648,-0.59571815,-0.019780934,-0.055050787,1.2937477,0.1574792,-0.04753272,-0.031028438,0.048196178,0.010189974,0.7786983,0.9653816388332739,0.26084150628989694,-0.6,0.0,0.0,1.834690109696733,-0.03277831031023304,0.1213134342594735,0.0,0.0,0.0,0.0,0.056520883795509964,0.25626101213207464,-0.5409424461988082,-1.8644336057798279,39.9997,-38.122868,39.9997,-38.494328,0.16755003,-5.5592527,6166.0513,0.642297
circle,nmpc,2.2,0.920721,0.2551182,-0.5971978,-0.019432481,-0.052216277,1.3711184,0.15698734,-0.03863767,-0.024239192,0.046056222,0.013059075,0.77294505,0.9620276715860858,0.2729519355173253,-0.6,0.0,0.0,1.8472564803108347,-0.03430015172589673,0.12089196230599675,0.0,0.0,0.0,0.0,0.045079224660572854,0.2502561622135461,-0.47613805398789766,-1.9099757308303094,38.50102,-35.99167,38.636105,-36.44577,0.23923782,-5.1804605,5625.666,0.5860069
circle,nmpc,2.3000000000000003,0.9269646,0.27048832,-0.59819007,-0.018949617,-0.049246695,1.4467251,0.16229153,-0.030344486,-0.019011239,0.044289738,0.015018904,0.7554715,0.9585217890173758,0.28501926246997616,-0.6,0.0,0.0,1.8598228509250403,-0.03581657675000294,0.12045140011027189,0.0,0.0,0.0,0.0,0.034789099785083696,0.24969510852602814,-0.41309772084386354,-1.9516496563491776,34.164776,-32.425034,34.47458,-33.008038,0.34792134,-4.823386,4520.028,0.47083625
circle,nmpc,2.4000000000000004,0.93130285,0.28644243,-0.598841,-0.018152008,-0.046295855,1.5184157,0.1631646,-0.023025457,-0.014998639,0.043267027,0.015935304,0.71646655,0.954864544746643,0.297041581577035,-0.6,0.0,0.0,1.8723892215395561,-0.03732734592148956,0.11999181724217656,0.0,0.0,0.0,0.0,0.025861921152976926,0.24673046127915735,-0.3539735320711723,-1.9889237337898964,28.90965,-28.00107,29.44995,-28.775331,0.4807402,-4.4935155,3335.57,0.34745517
circle,nmpc,2.5,0.93382156,0.30236223,-0.599263,-0.017024105,-0.043452233,1.5850707,0.15993136,-0.016603254,-0.011937154,0.042126577,0.016345927,0.6662436,0.9510565162951535,0.3090169943749474,-0.6,0.0,0.0,1.8849555921535222,-0.0388322206722469,0.11951328627507474,0.0,0.0,0.0,0.0,0.018489801214371254,0.2411994398857475,-0.2998848628978459,-2.021883807219801,23.614983,-23.337162,24.434546,-24.357088,0.62048465,-4.2007103,2310.6362,0.24069129
circle,nmpc,2.6,0.9347226,0.31785795,-0.5995337,-0.015628215,-0.040749643,1.6462065,0.15454906,-0.011059204,-0.00961849,0.040515356,0.016624507,0.61115146,0.9470983049947442,0.32094360980720954,-0.6,0.0,0.0,1.8975219627680837,-0.04033096336530928,0.11901588277471453,0.0,0.0,0.0,0.0,0.012763101633172383,0.234500038303423,-0.2513154646220266,-2.050837837862503,18.708822,-18.871477,19.83648,-20.170721,0.75216144,-3.9530993,1522.6895,0.15861347
circle,nmpc,2.7,0.93425524,0.33274445,-0.59970474,-0.014052594,-0.038187977,1.7017175,0.14860088,-0.0064330352,-0.007872616,0.038370494,0.016945688,0.55498177,0.9429905358928644,0.3328195445229867,-0.6,0.0,0.0,1.9100883333822736,-0.041823337331658994,0.11849968528673815,0.0,0.0,0.0,0.0,0.008740604649136367,0.2278849356383347,-0.20837083746399965,-2.076167295680577,14.391698,-14.862904,15.835841,-16.45399,0.86490965,-3.755076,964.3832,0.10045657
circle,nmpc,2.8000000000000003,0.93266636,0.34697628,-0.59981036,-0.012386842,-0.03574993,1.7517394,0.14302988,-0.0027342264,-0.0065605375,0.035755236,0.017354034,0.5001476,0.9387338576538741,0.34464292317451706,-0.6,0.0,0.0,1.9226547039968018,-0.043309106908251405,0.11796477532474703,0.0,0.0,0.0,0.0,0.006503462870367661,0.22211147881019216,-0.17091532125296638,-2.098268832351934,10.735472,-11.434553,12.4886,-13.313522,0.95215344,-3.607276,593.1334,0.06178473
circle,nmpc,2.9000000000000004,0.9301749,0.36058873,-0.59987295,-0.010710415,-0.03341226,1.7965648,0.13827485,8.0258375e-05,-0.0055707977,0.032785892,0.017826173,0.44822273,0.934328942456612,0.35641187871325075,-0.6,0.0,0.0,1.9352210746112923,-0.044788037474818854,0.11741123735728443,0.0,0.0,0.0,0.0,0.005892232113118667,0.21750773003148058,-0.13865625718270347,-2.117533331126583,7.7349606,-8.616234,9.778831,-10.767872,1.0110117,-3.5072882,358.96494,0.03739218
circle,nmpc,3.0,0.92696315,0.37365744,-0.5999073,-0.009087823,-0.031152036,1.8365864,0.1344736,0.0020989776,-0.004816344,0.029595528,0.01831693,0.40021116,0.9297764858882513,0.368124552684678,-0.6,0.0,0.0,1.9477874452257966,-0.04625989549106313,0.11683915879434625,0.0,0.0,0.0,0.0,0.006207756589474655,0.21413338193855933,-0.11120108906277171,-2.1343322254302457,5.338332,-6.3779845,7.6490154,-8.780958,1.0413709,-3.4506884,217.78087,0.0226855
circle,nmpc,3.1,0.92317736,0.38627023,-0.59992343,-0.0075673442,-0.028950399,1.8722547,0.13157411,0.003436642,-0.0042307526,0.026314434,0.018775603,0.3566964,0.925077206834458,0.3797790955218011,-0.6,0.0,0.0,1.960353815839925,-0.047724448533514874,0.11624862997383634,0.0,0.0,0.0,0.0,0.00676387740456005,0.21187830635080146,-0.0880990865689899,-2.149015819797924,3.4684722,-4.6552553,6.020272,-7.2860913,1.04505,-3.43192,135.90271,0.014156532
circle,nmpc,3.2,0.9189304,0.39851487,-0.59992814,-0.0061820117,-0.026792904,1.9040465,0.12947878,0.004227252,-0.0037644324,0.023055889,0.019169554,0.3179387,0.9202318473658703,0.3913736668372025,-0.6,0.0,0.0,1.972920186454167,-0.04918146533228196,0.11563974414696698,0.0,0.0,0.0,0.0,0.007259176042899571,0.21058584576310205,-0.06887365096222364,-2.161903222398981,2.0386257,-3.3676682,4.806659,-6.203387,1.0250883,-3.4449158,90.00141,0.0093751475
circle,nmpc,3.3000000000000003,0.9143088,0.4104689,-0.59992594,-0.004950877,-0.024670295,1.9324392,0.12803663,0.0045910003,-0.0033811138,0.019917658,0.0194711,0.28395057,0.9152411726209175,0.4029064357136627,-0.6,0.0,0.0,1.9854865570687739,-0.050630715807631343,0.11501259746404813,0.0,0.0,0.0,0.0,0.007620091139791725,0.21006280640726893,-0.05304734903807318,-2.173280756643944,0.9631304,-2.432652,3.9246852,-5.4521713,0.98523384,-3.4835296,65.0804,0.0067792092
circle,nmpc,3.4000000000000004,0.90937597,0.4221953,-0.5999201,-0.0038821101,-0.022577833,1.9578933,0.12709455,0.0046636015,-0.0030545911,0.016966619,0.019664552,0.25456357,0.9101059706849957,0.4143755809932842,-0.6,0.0,0.0,1.998052927682991,-0.05207197110596029,0.11436728895869441,0.0,0.0,0.0,0.0,0.007854111782256418,0.210106812213813,-0.040159675310249325,-2.183404770552886,0.16425605,-1.7734252,3.299656,-4.958465,0.9294937,-3.5419254,52.055317,0.0054224287
circle,nmpc,3.5,0.9041788,0.43374497,-0.59991276,-0.002974254,-0.020513762,1.9808397,0.12653981,0.0045366385,-0.0027666967,0.014258941,0.019749977,0.22948483,0.9048270524660195,0.4257792915650727,-0.6,0.0,0.0,2.0106192982974807,-0.053505003636433734,0.11370392053258738,0.0,0.0,0.0,0.0,0.007992485772785845,0.21057370569800216,-0.02977956898839862,-2.1924985090966835,-0.42453396,-1.3234314,2.8684416,-4.658918,0.8618026,-3.6147747,45.674473,0.0047577578
circle,nmpc,3.6,0.89875126,0.44515678,-0.5999055,-0.0022188977,-0.018478649,2.0016727,0.12626998,0.004290565,-0.0025047453,0.011826906,0.019731538,0.20834628,0.8994052515663711,0.43711576665093294,-0.6,0.0,0.0,2.023185668911695,-0.054929587106566924,0.11302259693937722,0.0,0.0,0.0,0.0,0.0080681212317938,0.21133436094166252,-0.021512924160718594,-2.2007520912378498,-0.85770774,-1.0278636,2.5799212,-4.5018983,0.78582543,-3.6973963,43.00351,0.004479532
circle,nmpc,3.7,0.89312065,0.4564565,-0.5998992,-0.0016022521,-0.016475333,2.0207458,0.12616599,0.0039693364,-0.002260051,0.009690691,0.019609977,0.1907416,0.8938414241512638,0.4483832160900323,-0.6,0.0,0.0,2.035752039526044,-0.05634549655814114,0.11232342576789067,0.0,0.0,0.0,0.0,0.008106034595838732,0.2122643582946813,-0.01500628528410086,-2.2083301522897814,-1.1785146,-0.84333366,2.394041,-4.4470663,0.7047616,-3.7858284,42.437126,0.004420534
circle,nmpc,3.8000000000000003,0.88731045,0.46766013,-0.59989464,-0.0011070606,-0.014507681,2.0383704,0.12613854,0.003595522,-0.0020269065,0.007855507,0.019394137,0.17625403,0.8881364488135445,0.45957986062148787,-0.6,0.0,0.0,2.04831841014086,-0.05775250840267532,0.11160651742533889,0.0,0.0,0.0,0.0,0.008123061007274893,0.2132754099628861,-0.00994803927599186,-2.215376792971007,-1.4202617,-0.73626053,2.2805252,-4.4637465,0.6212882,-3.876904,43.101437,0.004489733
circle,nmpc,3.9000000000000004,0.8813342,0.47878045,-0.599892,-0.0007160626,-0.012578269,2.0548177,0.1261905,0.0032282642,-0.0018015122,0.006296008,0.019112058,0.16447625,0.8822912264349533,0.47070393216533263,-0.6,0.0,0.0,2.060884780754759,-0.05915040045656461,0.11087198511999796,0.0,0.0,0.0,0.0,0.008133738493041618,0.21434006840348538,-0.00606710421056933,-2.2220076058419176,-1.6076775,-0.6814946,2.216815,-4.528852,0.5375612,-3.9680986,44.50861,0.0046363138
circle,nmpc,4.0,0.8751995,0.4898251,-0.59989154,-0.00041263987,-0.010689328,2.0703197,0.12629701,0.002905786,-0.001581538,0.0049840626,0.018778395,0.15502149,0.8763066800438636,0.4817536741017153,-0.6,0.0,0.0,2.0734511513689977,-0.06053895197655201,0.11011994484289023,0.0,0.0,0.0,0.0,0.008147731524021063,0.21541832451117504,-0.0031314988116246667,-2.2283159748723156,-1.7585868,-0.6607342,2.1863682,-4.62527,0.45530626,-4.0574946,46.373093,0.0048305304
circle,nmpc,4.1000000000000005,0.8689117,0.50079685,-0.59989303,-0.00018093553,-0.008843071,2.085073,0.12642291,0.002639818,-0.001365581,0.0038940324,0.018401707,0.14753129,0.8701837546695256,0.4927273415482917,-0.6,0.0,0.0,2.0860175219836905,-0.061917943694311806,0.1093505153499652,0.0,0.0,0.0,0.0,0.008169862052299371,0.21647474591387922,-0.0009445277515127692,-2.23438061461275,-1.885729,-0.66079867,2.1774075,-4.7407036,0.37568825,-4.143777,48.52003,0.00505417
circle,nmpc,4.2,0.8624742,0.5116975,-0.5998965,-6.178512e-06,-0.007040916,2.0992413,0.12656736,0.0024278383,-0.0011530399,0.003000461,0.017995909,0.14168009,0.8639234171928353,0.5036232016357608,-0.6,0.0,0.0,2.0985838925980524,-0.06328715785092198,0.10856381814300375,0.0,0.0,0.0,0.0,0.008203948056657416,0.2175107240831338,0.0006573641158147403,-2.2403855870118976,-1.9979293,-0.672561,2.1816444,-4.8664947,0.29952982,-4.226084,50.835907,0.005295407
circle,nmpc,4.3,0.8558893,0.5225246,-0.5999016,0.00012443392,-0.005284373,2.1129594,0.1266992,0.0022771233,-0.00094349746,0.0022719982,0.01756458,0.13717796,0.8575266561936523,0.5144395337815064,-0.6,0.0,0.0,2.111150263212422,-0.06464637823166974,0.10775997745066102,0.0,0.0,0.0,0.0,0.008249773754929858,0.21849634057431616,0.0018091217057909503,-2.2462298931278637,-2.1013696,-0.68991005,2.1933281,-4.9969053,0.22719212,-4.3040204,53.24769,0.0055466346
circle,nmpc,4.4,0.84915954,0.53327554,-0.5999083,0.0002222739,-0.003574361,2.1263368,0.12681445,0.002172922,-0.00073701324,0.0016853093,0.017116768,0.13377023,0.8509944817946917,0.5251746299612958,-0.6,0.0,0.0,2.123716633826722,-0.06599539019985778,0.10693912020864893,0.0,0.0,0.0,0.0,0.0083066386091228,0.21943594919374748,0.0026201791463003055,-2.251956026353102,-2.2001595,-0.7089243,2.2085776,-5.1281924,0.15880705,-4.377481,55.70701,0.0058028135
circle,nmpc,4.5,0.84228826,0.5439467,-0.5999162,0.00029714606,-0.0019114808,2.1394608,0.12690188,0.0020995282,-0.0005336854,0.001217826,0.016657975,0.13123721,0.8443279255020151,0.5358267949789967,-0.6,0.0,0.0,2.136283004440959,-0.06733398073088814,0.106101376039891,0.0,0.0,0.0,0.0,0.008372565924078727,0.220327571424171,0.0031777976372882044,-2.2576031439901536,-2.2969656,-0.72722286,2.2248943,-5.2581005,0.094288066,-4.446577,58.183617,0.006060794
circle,nmpc,4.6000000000000005,0.8352782,0.55453426,-0.5999253,0.00035686657,-0.0002957746,2.1524007,0.12696272,0.0020531313,-0.00033373054,0.0008445462,0.016195511,0.12939271,0.8375280400421417,0.5463943467342692,-0.6,0.0,0.0,2.1488493750554616,-0.06866193844584645,0.10524687723389992,0.0,0.0,0.0,0.0,0.008445438713388877,0.22117429345458256,0.0035513569849436872,-2.2644733152720056,-2.3933704,-0.74338233,2.24079,-5.385265,0.033368316,-4.5116405,60.65907,0.006318653
circle,nmpc,4.7,0.8281303,0.56503457,-0.5999352,0.0004070642,0.0012733265,2.1652093,0.12700638,0.0020418044,-0.00013736669,0.000539861,0.01573672,0.1280812,0.8305958991958126,0.5568756164881881,-0.6,0.0,0.0,2.161415745669608,-0.06997905364469759,0.10437575872590532,0.0,0.0,0.0,0.0,0.008523605627759202,0.22198089746894345,0.0037935476958703696,-2.271567479215478,-2.4902859,-0.75685126,2.255394,-5.509144,-0.024278026,-4.573043,63.12513,0.0065755346
circle,nmpc,4.800000000000001,0.8208467,0.5754456,-0.5999458,0.00045263788,0.0027968944,2.1779275,0.12704313,0.002038925,5.5109565e-05,0.0002937941,0.01528745,0.12717463,0.8235325976284273,0.5672689491267566,-0.6,0.0,0.0,2.1739821162840025,-0.07128511833986995,0.10348815807575962,0.0,0.0,0.0,0.0,0.008606660516391413,0.22276903563901237,0.0039453777650697575,-2.2786072305647953,-2.588085,-0.76729554,2.268445,-5.629488,-0.07903207,-4.6312356,65.57849,0.006831093
circle,nmpc,4.9,0.8134305,0.5857651,-0.59995687,0.0004972859,0.0042759175,2.1905851,0.12706317,0.0020338795,0.00024362213,9.24578e-05,0.014847523,0.12656991,0.8163392507171839,0.5775727034222676,-0.6,0.0,0.0,2.186548486898476,-0.07257992628839638,0.10258421544562246,0.0,0.0,0.0,0.0,0.00869358985996853,0.2235347743266702,0.004036649515098301,-2.2856049162732646,-2.6869497,-0.77494586,2.2797601,-5.7465043,-0.13128148,-4.6866546,68.02182,0.0070856065
circle,nmpc,5.0,0.8058838,0.5959898,-0.5999683,0.0005429787,0.005711535,2.2032046,0.12706445,0.0020384823,0.00042805332,-8.2666455e-05,0.014418926,0.12618592,0.8090169943749475,0.5877852522924731,-0.6,0.0,0.0,2.1991148575127832,-0.07386327302522089,0.10166407357875551,0.0,0.0,0.0,0.0,0.008782524780214431,0.22427080097885224,0.004089774292636683,-2.2925700391623467,-2.7867873,-0.78005445,2.2894063,-5.8604,-0.18138877,-4.7397194,70.45818,0.007339394
circle,nmpc,5.1000000000000005,0.7982089,0.606117,-0.59997994,0.00059092924,0.007105134,2.2158015,0.12705101,0.0020465718,0.00060824887,-0.00023996554,0.014004384,0.12595905,0.8015669848708765,0.5979049830575189,-0.6,0.0,0.0,2.211681228127187,-0.07513495589500652,0.10072787777615222,0.0,0.0,0.0,0.0,0.008872123553528264,0.22498341097240043,0.004120249305064051,-2.299509444254542,-2.890587,-0.7825106,2.2980587,-5.974712,-0.23014815,-4.7913237,72.955826,0.0075995643
circle,nmpc,5.2,0.79040915,0.6161442,-0.5999916,0.0006415439,0.008458408,2.2283866,0.12701671,0.0020441725,0.00078429317,-0.00038804716,0.013607102,0.12584163,0.7939903986478353,0.6079302976946055,-0.6,0.0,0.0,2.2242475987417993,-0.0763947740842763,0.09977577587394482,0.0,0.0,0.0,0.0,0.008960652639195729,0.2256730213445694,0.004139041806906718,-2.306428786466766,-3.0001688,-0.78207964,2.306448,-6.09174,-0.2777329,-4.841765,75.56149,0.007870988
circle,nmpc,5.300000000000001,0.7824931,0.62606883,-0.6000032,0.000694931,0.009772904,2.2409678,0.12693027,0.001993016,0.0009565839,-0.00053027534,0.013225677,0.1257979,0.7862884321366188,0.6178596130903344,-0.6,0.0,0.0,2.2368139693556404,-0.07764252865299914,0.09880791822008961,0.0,0.0,0.0,0.0,0.009044097336232293,0.22632734896424256,0.004153781193676043,-2.313334483653062,-3.1152682,-0.7790032,2.3148077,-6.211685,-0.32317752,-4.890193,78.273544,0.008153494
circle,nmpc,5.4,0.7744722,0.63588834,-0.6000144,0.0007500177,0.0110503035,2.2535496,0.12677176,0.0018710318,0.0011257576,-0.00067870866,0.012861419,0.1258018,0.7784623015670233,0.6276913612907006,-0.6,0.0,0.0,2.2493803399701333,-0.07887802256650867,0.0978244576505527,0.0,0.0,0.0,0.0,0.009116563469534936,0.2269364702901121,0.004169235835530749,-2.3202321635724523,-3.233522,-0.77452916,2.3225121,-6.332794,-0.36421213,-4.9344316,81.03517,0.008441164
circle,nmpc,5.5,0.7663587,0.6456,-0.6000248,0.000803829,0.012292439,2.2661347,0.12653083,0.0016747654,0.0012925214,-0.00085256575,0.012515739,0.12583536,0.7705132427757891,0.6374239897486897,-0.6,0.0,0.0,2.26194671058474,-0.08010106072586787,0.09682554946510713,0.0,0.0,0.0,0.0,0.009171071170559828,0.22749083272713697,0.0041880283373791904,-2.327129365034893,-3.350368,-0.77027506,2.3286927,-6.451246,-0.3974461,-4.971131,83.729774,0.008721852
circle,nmpc,5.6000000000000005,0.7581617,0.65520304,-0.6000342,0.00085096987,0.013501836,2.2787254,0.12624058,0.00141907,0.0014573657,-0.0010762505,0.012195161,0.12588724,0.7624425110114479,0.6470559615694443,-0.6,0.0,0.0,2.274513081198723,-0.08131144999912188,0.095811351403019,0.0,0.0,0.0,0.0,0.009203329164871557,0.22801287770525322,0.004212304467170469,-2.3340251102692995,-3.4549525,-0.7684133,2.3318005,-6.556801,-0.4180686,-4.995419,86.08508,0.008967196
circle,nmpc,5.7,0.7498815,0.66469496,-0.6000421,0.0008824517,0.014680616,2.2913225,0.12594357,0.0011843661,0.0016203158,-0.001385983,0.011894979,0.12595043,0.7542513807361038,0.6565857557529565,-0.6,0.0,0.0,2.287079451813425,-0.0825089992518846,0.09478202361778987,0.0,0.0,0.0,0.0,0.009211777845294308,0.22850737647889885,0.004243017897878509,-2.340915505983947,-3.5346262,-0.7711275,2.3303196,-6.637473,-0.42127928,-5.002323,87.775375,0.009143269
circle,nmpc,5.800000000000001,0.7414983,0.67407495,-0.60004866,0.000885342,0.015831532,2.303927,0.12578513,0.0011108316,0.0017803491,-0.0018214432,0.011620379,0.12602083,0.745941145424182,0.6660118674342518,-0.6,0.0,0.0,2.299645822427888,-0.0836935193772037,0.09373772865234331,0.0,0.0,0.0,0.0,0.00920622531264262,0.2290506823870263,0.004281122304778062,-2.3477792730056404,-3.576123,-0.77963006,2.3234916,-6.6804423,-0.40314355,-4.9876738,88.462814,0.009214877
circle,nmpc,5.9,0.73296714,0.68334013,-0.6000543,0.0008430845,0.016956545,2.316539,0.12592371,0.0013926445,0.0019354878,-0.002419186,0.011361773,0.1260955,0.7375131173581739,0.6753328081210245,-0.6,0.0,0.0,2.31221219304234,-0.08486482332553669,0.09267863141282362,0.0,0.0,0.0,0.0,0.009207937675507639,0.2297143497824697,0.004326856106219523,-2.354586427355899,-3.5652523,-0.7936538,2.3118033,-6.6717343,-0.36106315,-4.948548,87.81587,0.009147488
circle,nmpc,6.0,0.7242094,0.6924897,-0.6000606,0.0007371136,0.018057352,2.329159,0.12661636,0.0022533997,0.0020825786,-0.0031994893,0.01111445,0.12617059,0.7289686274214116,0.6845471059286887,-0.6,0.0,0.0,2.3247785636565133,-0.08602272613450479,0.0916048991431162,0.0,0.0,0.0,0.0,0.009259491963718246,0.23065863957494184,0.004380457721050224,-2.3612762931863056,-3.489865,-0.81181824,2.2967083,-6.599269,-0.29405624,-4.883628,85.59972,0.008916637
circle,nmpc,6.1000000000000005,0.71518356,0.7015174,-0.60006887,0.00056500116,0.019122131,2.3417852,0.12759261,0.0034394222,0.0022188635,-0.0040009646,0.010740834,0.12623392,0.7203090248879068,0.693653305812805,-0.6,0.0,0.0,2.337344934270668,-0.08716704495781435,0.09051670139792467,0.0,0.0,0.0,0.0,0.009387182737223538,0.23175220513207254,0.004440258218956218,-2.3678135324358704,-3.3442297,-0.8326271,2.2797608,-6.4573684,-0.20294166,-4.793434,81.79025,0.008519818
circle,nmpc,6.2,0.70588523,0.7104157,-0.60008025,0.00033861594,0.020128688,2.3544157,0.1285946,0.004683422,0.002343018,-0.004678928,0.010136913,0.12627633,0.7115356772092853,0.7026499697988492,-0.6,0.0,0.0,2.3499113048849503,-0.08829759909423363,0.0894142100162365,0.0,0.0,0.0,0.0,0.00960421094552574,0.2328669691015081,0.00450435025115814,-2.3741923708220396,-3.1306274,-0.85449034,2.2625215,-6.2482815,-0.09029769,-4.680374,76.605064,0.007979694
circle,nmpc,6.300000000000001,0.6963417,0.71918154,-0.60009515,8.062244e-05,0.021049125,2.3670478,0.12943351,0.005730325,0.002454939,-0.0051224427,0.009247138,0.12629245,0.7026499697988491,0.7115356772092855,-0.6,0.0,0.0,2.3624776754994254,-0.0894142100162365,0.08829759909428914,0.0,0.0,0.0,0.0,0.009912748696417931,0.23391816352723996,0.00457011121322104,-2.380599104047549,-2.8585646,-0.8760852,2.2463317,-5.981531,0.039945405,-4.5483317,70.45255,0.0073388075
circle,nmpc,6.4,0.6866147,0.7278112,-0.6001129,-0.00017975988,0.021851253,2.3796787,0.12985268,0.0063502644,0.0025553047,-0.005262344,0.008031461,0.12628148,0.6936533058128048,0.7203090248879069,-0.6,0.0,0.0,2.375044046113716,-0.09051670139786916,0.08716704495781435,0.0,0.0,0.0,0.0,0.010287746222968346,0.23473505680442305,0.004634680082573173,-2.3869275360877893,-2.5441782,-0.8970876,2.2315085,-5.673245,0.18297546,-4.4022517,63.856247,0.0066516935
circle,nmpc,6.5,0.6768055,0.7363013,-0.60013163,-0.00040916726,0.022501145,2.3923063,0.12955163,0.0062857955,0.0026448797,-0.00505312,0.0064762346,0.12624598,0.6845471059286886,0.7289686274214116,-0.6,0.0,0.0,2.3876104167281764,-0.0916048991431162,0.08602272613450479,0.0,0.0,0.0,0.0,0.010663863158270602,0.2351067539154575,0.0046959110916477975,-2.3931441707772834,-2.205434,-0.91746145,2.2178922,-5.3411903,0.33373797,-4.2474213,57.305,0.005969271
circle,nmpc,6.6000000000000005,0.6669749,0.74465364,-0.6001496,-0.0005903528,0.02297961,2.4049292,0.12883787,0.0058029923,0.0027226338,-0.004651897,0.0047330107,0.12619829,0.6753328081210244,0.737513117358174,-0.6,0.0,0.0,2.4001767873426485,-0.09267863141287913,0.08486482332553669,0.0,0.0,0.0,0.0,0.010993819109782345,0.23521850613932438,0.004752373729128844,-2.3992851646377504,-1.8569483,-0.9368978,2.2055802,-4.9997706,0.4876301,-4.0887055,51.143616,0.005327461
circle,nmpc,6.7,0.65714717,0.7528727,-0.60016537,-0.0007192238,0.023279468,2.417547,0.12798238,0.0051435623,0.0027864715,-0.0041880067,0.0029241121,0.12614778,0.6660118674342516,0.7459411454241822,-0.6,0.0,0.0,2.4127431579568372,-0.0937377286522878,0.0836935193771482,0.0,0.0,0.0,0.0,0.011254187982036784,0.23523959248359613,0.004803829576732088,-2.4053692513043985,-1.5090225,-0.9548181,2.1949694,-4.659105,0.64082414,-3.9301355,45.570595,0.0047469367
circle,nmpc,6.800000000000001,0.647326,0.76096237,-0.6001783,-0.00079937454,0.02340092,2.4301603,0.12713012,0.0044531436,0.0028341177,-0.003737552,0.0011238225,0.1260997,0.6565857557529564,0.7542513807361039,-0.6,0.0,0.0,2.4253095285709314,-0.09478202361778987,0.08250899925194011,0.0,0.0,0.0,0.0,0.011437322357823453,0.23525677196441305,0.004850755471426993,-2.4114062502746467,-1.1685122,-0.97067136,2.1864944,-4.32593,0.79038733,-3.774874,40.676437,0.004237129
circle,nmpc,6.9,0.63750374,0.76892614,-0.60018796,-0.0008382179,0.023348985,2.4427695,0.12636095,0.003808834,0.0028637936,-0.003338829,-0.0006201167,0.12605684,0.6470559615694442,0.7624425110114479,-0.6,0.0,0.0,2.437875899185681,-0.09581135140296348,0.08131144999912188,0.0,0.0,0.0,0.0,0.011546328264993022,0.23531976031862928,0.004893628249621695,-2.417401068489501,-0.8398092,-0.98407185,2.1804612,-4.004558,0.93418646,-3.6252656,36.479828,0.0037999824
circle,nmpc,7.0,0.62766856,0.7767671,-0.60019433,-0.00084434246,0.023131719,2.4553752,0.12570718,0.0032391616,0.002874502,-0.0030042697,-0.002278302,0.12602028,0.6374239897486896,0.7705132427757893,-0.6,0.0,0.0,2.450442269800009,-0.09682554946505162,0.08010106072581236,0.0,0.0,0.0,0.0,0.011589503987867495,0.23545027007623687,0.004932924749551759,-2.4233549586062857,-0.52553976,-0.99485433,2.1769683,-3.6975472,1.0707737,-3.4829252,32.9543,0.0034327395
circle,nmpc,7.1000000000000005,0.6178063,0.7844857,-0.60019755,-0.0008268636,0.022759452,2.467978,0.12517288,0.0027712018,0.0028659925,-0.0027401845,-0.0038290273,0.12599064,0.6276913612907004,0.7784623015670235,-0.6,0.0,0.0,2.463008640414557,-0.0978244576505527,0.07887802256650867,0.0,0.0,0.0,0.0,0.011577325286782203,0.23564438491575557,0.004969360226312336,-2.4292699358009946,-0.22708198,-1.0028125,2.1761546,-3.4062073,1.1992204,-3.3488607,30.048094,0.0031300096
circle,nmpc,7.2,0.6079038,0.79208297,-0.6001979,-0.0007936548,0.022244167,2.4805784,0.12475621,0.002393103,0.0028385185,-0.0025354554,-0.0052570235,0.12596743,0.6178596130903342,0.7862884321366189,-0.6,0.0,0.0,2.475575011028702,-0.09880791822008961,0.07764252865305465,0.0,0.0,0.0,0.0,0.011521042732385732,0.23590560077938935,0.005003411517684686,-2.435149065180547,0.055338133,-1.0075223,2.1784103,-3.13073,1.3190407,-3.2236104,27.696636,0.0028850662
circle,nmpc,7.300000000000001,0.5979481,0.79955983,-0.6001957,-0.00075142196,0.021598857,2.4931772,0.12445801,0.002097441,0.0027927998,-0.0023799068,-0.0065530655,0.12595025,0.6079302976946053,0.7939903986478354,-0.6,0.0,0.0,2.4881413816429725,-0.0997757758738893,0.0763947740842208,0.0,0.0,0.0,0.0,0.011432482998181488,0.2362386146034889,0.005035793878878092,-2.4409919768820028,0.32165286,-1.0090269,2.1836388,-2.8711288,1.43011,-3.1073294,25.833965,0.002691038
circle,nmpc,7.4,0.5879292,0.80691546,-0.60019124,-0.00070568436,0.02083633,2.5057745,0.12424668,0.00187709,0.0027298809,-0.002263301,-0.007719908,0.12593858,0.5979049830575188,0.8015669848708766,-0.6,0.0,0.0,2.5007077522575027,-0.10072787777615222,0.07513495589500652,0.0,0.0,0.0,0.0,0.011320743871338287,0.23661724044963447,0.0050667457283370965,-2.446800863987643,0.5721857,-1.0073357,2.1918051,-2.6270542,1.5325363,-2.9999266,24.395771,0.002541226
circle,nmpc,7.5,0.5778395,0.8141489,-0.6001849,-0.0006604981,0.019969331,2.5183709,0.12410732,0.001715203,0.0026510146,-0.0021725995,-0.008758847,0.12593171,0.587785252292473,0.8090169943749475,-0.6,0.0,0.0,2.5132741228718087,-0.10166407357881102,0.0738632730252764,0.0,0.0,0.0,0.0,0.011193247627764762,0.23703395465191363,0.005096743903703959,-2.4525800865790695,0.80752134,-1.0022794,2.203055,-2.397898,1.6265618,-2.901176,23.322546,0.002429432
circle,nmpc,7.6000000000000005,0.5676718,0.82126015,-0.600177,-0.00061876135,0.019010568,2.530967,0.12404055,0.0015987406,0.002557658,-0.0020978134,-0.009670806,0.12592907,0.5775727034222675,0.816339250717184,-0.6,0.0,0.0,2.525840493486469,-0.10258421544567797,0.07257992628839638,0.0,0.0,0.0,0.0,0.011057801971980934,0.23749453746227528,0.005126503660137339,-2.4583359575622996,1.0302144,-0.99235904,2.2188694,-2.1810868,1.7125188,-2.8107224,22.55952,0.0023499501
circle,nmpc,7.7,0.55741787,0.8282506,-0.6001678,-0.00058248977,0.017972404,2.543563,0.12406717,0.0015207975,0.0024512876,-0.0020316995,-0.010459569,0.12593018,0.5672689491267564,0.8235325976284275,-0.6,0.0,0.0,2.5384068641004367,-0.1034881580757041,0.07128511833986995,0.0,0.0,0.0,0.0,0.010923889076816864,0.23802205298146484,0.005156024998684394,-2.4640707449352486,1.2416122,-0.97679156,2.240031,-1.9752728,1.7907382,-2.7282178,22.065079,0.0022984457
circle,nmpc,7.800000000000001,0.5470711,0.83512104,-0.6001578,-0.0005528767,0.016865615,2.556159,0.12416996,0.001471949,0.0023333759,-0.0019675775,-0.0111412555,0.12593463,0.5568756164881878,0.8305958991958127,-0.6,0.0,0.0,2.5509732347147147,-0.10437575872590532,0.0699790536447531,0.0,0.0,0.0,0.0,0.010799551699837501,0.23860388482645606,0.0051857847555001335,-2.4697832961871518,1.4427298,-0.95438725,2.2676444,-1.7793552,1.8615738,-2.653304,21.80612,0.0022714708
circle,nmpc,7.9,0.53662944,0.8418705,-0.60014695,-0.00053049903,0.015698725,2.5687556,0.12430393,0.0014403298,0.0022053868,-0.0019006206,-0.011738524,0.12594186,0.546394346734269,0.8375280400421418,-0.6,0.0,0.0,2.5635396053292285,-0.10524687723389992,0.06866193844584645,0.0,0.0,0.0,0.0,0.010687931144857237,0.23920113141845084,0.005216021349238265,-2.4754725584917368,1.6345465,-0.9253007,2.301585,-1.5923848,1.9254313,-2.5855095,21.753052,0.0022659427
circle,nmpc,8.0,0.52609384,0.84849596,-0.60013556,-0.00051577674,0.014478517,2.5813532,0.1244315,0.0014258309,0.0020684311,-0.001830321,-0.012268903,0.12595159,0.5358267949789965,0.8443279255020151,-0.6,0.0,0.0,2.5761059759438676,-0.1061013760398355,0.06733398073083263,0.0,0.0,0.0,0.0,0.010588734217004592,0.23977816580720315,0.005247211617167569,-2.481138827257041,1.8176357,-0.88917404,2.3421402,-1.4137177,1.9827536,-2.5243936,21.882523,0.0022794295
circle,nmpc,8.1,0.51546776,0.85499424,-0.6001236,-0.00050870026,0.013210645,2.5939515,0.12453298,0.0014158844,0.0019235373,-0.0017532154,-0.012743693,0.12596303,0.5251746299612957,0.8509944817946918,-0.6,0.0,0.0,2.5886723465578796,-0.10693912020853791,0.06599539019980227,0.0,0.0,0.0,0.0,0.010499361189579934,0.24031967667926718,0.0052791171414612315,-2.4867833135415185,1.993755,-0.84520686,2.3901396,-1.241625,2.0340395,-2.4694333,22.17925,0.0023103387
circle,nmpc,8.200000000000001,0.5047565,0.8613624,-0.6001111,-0.0005090546,0.0118996,2.6065507,0.12459251,0.00140129,0.001771549,-0.0016679491,-0.013174533,0.12597574,0.5144395337815062,0.8575266561936524,-0.6,0.0,0.0,2.6012387171721922,-0.10775997745054999,0.06464637823161423,0.0,0.0,0.0,0.0,0.010415671194364508,0.240812705904025,0.005311976339770651,-2.49240942241901,2.1637073,-0.79357284,2.4454088,-1.0753031,2.079792,-2.4201207,22.630207,0.0023573132
circle,nmpc,8.3,0.4939648,0.867598,-0.6000982,-0.00051680085,0.01054941,2.619151,0.12461904,0.001382396,0.0016132296,-0.0015768385,-0.013566031,0.12598933,0.5036232016357607,0.8639234171928354,-0.6,0.0,0.0,2.6138050877867967,-0.10856381814294824,0.06328715785086647,0.0,0.0,0.0,0.0,0.01033426679566642,0.24126550923169654,0.005346027630683814,-2.498020162976661,2.3282468,-0.73485607,2.507374,-0.9140077,2.1206305,-2.375815,23.224651,0.0024192345
circle,nmpc,8.4,0.48309648,0.873699,-0.6000848,-0.00053206587,0.009163662,2.631753,0.12462091,0.0013601717,0.0014492319,-0.0014820364,-0.013922609,0.1260034,0.49272734154829156,0.8701837546695257,-0.6,0.0,0.0,2.6263714584009485,-0.10935051534985418,0.061917943694256294,0.0,0.0,0.0,0.0,0.01025269188660071,0.2416856853466948,0.005381509433524112,-2.5036188645206394,2.4881291,-0.66988784,2.575252,-0.75703174,2.1572528,-2.3357916,23.95422,0.002495231
circle,nmpc,8.5,0.4721545,0.8796643,-0.6000711,-0.00055503636,0.0077456557,2.644356,0.124610655,0.0013335415,0.0012801024,-0.0013845894,-0.014247113,0.12601759,0.48175367410171516,0.8763066800438637,-0.6,0.0,0.0,2.638937829015373,-0.11011994484280696,0.06053895197655201,0.0,0.0,0.0,0.0,0.010169702825569579,0.24208546797075348,0.005418183328987247,-2.5092074740126264,2.6464431,-0.5990692,2.6486623,-0.60130626,2.1906533,-2.2990997,24.824348,0.0025858695
circle,nmpc,8.6,0.4611397,0.88549197,-0.600057,-0.00058630574,0.006298126,2.6569602,0.12460237,0.0013204683,0.001106487,-0.0012889723,-0.014545249,0.12603146,0.4707039321653326,0.8822912264349533,-0.6,0.0,0.0,2.6515041996301125,-0.11087198511994245,0.0591504004565091,0.0,0.0,0.0,0.0,0.010085750369723239,0.24247411670813232,0.005456049317031031,-2.5147886879559262,2.8057725,-0.52329016,2.726897,-0.44442984,2.22164,-2.2649007,25.845139,0.0026922019
circle,nmpc,8.700000000000001,0.45004788,0.8911794,-0.6000427,-0.0006268469,0.0048237625,2.669566,0.124639,0.0013495572,0.0009289284,-0.0011993245,-0.014817538,0.12604506,0.45957986062148776,0.8881364488135446,-0.6,0.0,0.0,2.6640705702442222,-0.11160651742533889,0.05775250840261981,0.0,0.0,0.0,0.0,0.010005994070466236,0.24288700852053058,0.005495345817179142,-2.5203607534389816,2.9670863,-0.44390503,2.8088312,-0.28566313,2.2505703,-2.2327957,27.022234,0.002814816
circle,nmpc,8.8,0.4388702,0.8967217,-0.60002816,-0.0006780609,0.00332498,2.682173,0.12475236,0.0014608997,0.00074784795,-0.0011202706,-0.015066851,0.12605934,0.44838321609003207,0.8938414241512639,-0.6,0.0,0.0,2.6766369408584474,-0.11232342576783516,0.05634549655814114,0.0,0.0,0.0,0.0,0.009939544076734015,0.24334708814292022,0.005536072828686399,-2.525915309925946,3.1296582,-0.36267656,2.892821,-0.1258506,2.277256,-2.202902,28.349218,0.0029530434
circle,nmpc,8.9,0.42759833,0.90211165,-0.6000135,-0.0007406682,0.001803289,2.6947815,0.12492992,0.0016715509,0.00056341884,-0.001045305,-0.015302397,0.12607495,0.4371157666509328,0.8994052515663711,-0.6,0.0,0.0,2.6892033114728013,-0.1130225969393217,0.054929587106566924,0.0,0.0,0.0,0.0,0.009894767398766739,0.24384039062715082,0.0055782303515394815,-2.531444886172813,3.2911158,-0.2814342,2.976912,0.032760106,2.3010194,-2.1758583,29.802778,0.0031044558
circle,nmpc,9.0,0.41622803,0.9073439,-0.5999986,-0.00081283,0.00025981636,2.707392,0.12514877,0.0019437346,0.00037565583,-0.00094901735,-0.015528123,0.12609097,0.42577929156507266,0.9048270524660196,-0.6,0.0,0.0,2.7017696820871153,-0.11370392053255962,0.053505003636433734,0.0,0.0,0.0,0.0,0.009877313173335133,0.24435489535308247,0.005622295223065344,-2.5382446551464923,3.4459646,-0.20254989,3.058346,0.18506043,2.3207004,-2.152744,31.323383,0.0032628523
circle,nmpc,9.1,0.404764,0.9124153,-0.59998363,-0.0008900881,-0.0013047024,2.7200036,0.12533683,0.002219243,0.00018424238,-0.0008053484,-0.015747694,0.12610519,0.41437558099328403,0.9101059706849958,-0.6,0.0,0.0,2.7143360527014244,-0.11436728895861115,0.05207197110596029,0.0,0.0,0.0,0.0,0.009885137466756278,0.24483339458167133,0.005667552187491597,-2.545279315960327,3.5864944,-0.12913668,3.1335166,0.3238345,2.3350372,-2.1348171,32.813255,0.0034180477
circle,nmpc,9.200000000000001,0.3932268,0.9173238,-0.5999686,-0.00096572237,-0.0028899105,2.7326164,0.12535615,0.0024243358,-1.1297907e-05,-0.00059178297,-0.01596434,0.12611417,0.40290643571366247,0.9152411726209176,-0.6,0.0,0.0,2.726902423315738,-0.11501259746399262,0.050630715807631343,0.0,0.0,0.0,0.0,0.009901198898448595,0.24515503509753236,0.0057140012448089195,-2.55227960861787,3.7037897,-0.064999275,3.1979923,0.44079223,2.3429344,-2.1231806,34.140972,0.0035563514
circle,nmpc,9.3,0.3816562,0.9220692,-0.5999539,-0.0010312995,-0.0044948836,2.7452295,0.12503453,0.0024728063,-0.00021158818,-0.00029126924,-0.01617153,0.12611307,0.3913736668372023,0.9202318473658704,-0.6,0.0,0.0,2.73946879393003,-0.11563974414693923,0.04918146533233747,0.0,0.0,0.0,0.0,0.009889748676728127,0.2451649402105143,0.005760688720726659,-2.5592332093258454,3.786739,-0.016237875,3.2453148,0.5251815,2.3436034,-2.1186657,35.12876,0.0036592463
circle,nmpc,9.4,0.37012094,0.92665184,-0.59994006,-0.0010771108,-0.0061183036,2.7578409,0.12410049,0.0022609879,-0.00041729177,0.00010875779,-0.016364252,0.12609707,0.3797790955218009,0.9250772068344582,-0.6,0.0,0.0,2.752035164544597,-0.11624862997378083,0.047724448533514874,0.0,0.0,0.0,0.0,0.009785855397935844,0.24461152984756904,0.00580570726631624,-2.566178311532415,3.8274121,0.01250985,3.270993,0.5689248,2.3367054,-2.1216896,35.634068,0.0037118823
circle,nmpc,9.5,0.35865554,0.9310803,-0.59992784,-0.0010989677,-0.007743585,2.7704496,0.122893855,0.0018634938,-0.0006279557,0.00055285945,-0.016388612,0.12606622,0.36812455268467786,0.9297764858882515,-0.6,0.0,0.0,2.7646015351588122,-0.1168391587943185,0.04625989549106313,0.0,0.0,0.0,0.0,0.009558621819170129,0.24381007506098795,0.005848103207886979,-2.5731394539502253,3.8230202,0.018390642,3.27268,0.5687274,2.322534,-2.1320717,35.5896,0.0037072503
circle,nmpc,9.600000000000001,0.3472586,0.9353653,-0.5999178,-0.0010988833,-0.009342752,2.783054,0.121747725,0.0014027489,-0.0008409939,0.0009768736,-0.01613018,0.1260235,0.35641187871325053,0.9343289424566121,-0.6,0.0,0.0,2.7771679057737315,-0.11741123735725667,0.04478803747476334,0.0,0.0,0.0,0.0,0.00921213242635987,0.2430637769731669,0.005886207614330009,-2.5801198225230326,3.7754445,0.00079770276,3.250503,0.52573603,2.3019145,-2.1491249,35.013695,0.0036472601
circle,nmpc,9.700000000000001,0.33590382,0.939514,-0.59991026,-0.0010835483,-0.010882673,2.7956538,0.12088069,0.0009971227,-0.0010522171,0.0013304867,-0.015537648,0.12597397,0.3446429231745168,0.9387338576538742,-0.6,0.0,0.0,2.7897342763875836,-0.117964775324636,0.043309106908251405,0.0,0.0,0.0,0.0,0.008774309754373502,0.24256662795952344,0.005919543650258152,-2.5871101101220955,3.6907012,-0.03800271,3.2073247,0.44537133,2.2759233,-2.1719153,34.00505,0.0035421925
circle,nmpc,9.8,0.3245462,0.9435293,-0.5999049,-0.001062093,-0.012329229,2.8082483,0.12045609,0.0007386565,-0.0012566615,0.0015851592,-0.014602013,0.1259231,0.33281954452298645,0.9429905358928645,-0.6,0.0,0.0,2.802300647001926,-0.1184996852867104,0.041823337331714505,0.0,0.0,0.0,0.0,0.00829142608016529,0.24246524230192065,0.005947634476955788,-2.5940948496249066,3.578199,-0.09356444,3.1480277,0.33660483,2.2458155,-2.1993132,32.71631,0.0034079489
circle,nmpc,9.9,0.31312633,0.9474112,-0.5999012,-0.0010438424,-0.013650515,2.8208382,0.12060567,0.00068591046,-0.0014493389,0.0017347095,-0.013346552,0.12587585,0.32094360980720943,0.9470983049947443,-0.6,0.0,0.0,2.8148670176164643,-0.11901588277465902,0.04033096336530928,0.0,0.0,0.0,0.0,0.007824166685025969,0.24288334507866796,0.005971195350454651,-2.601035145258077,3.4480567,-0.16033536,3.0782583,0.2094614,2.212861,-2.230167,31.304749,0.0032609112
circle,nmpc,10.0,0.30160367,0.95115644,-0.5998985,-0.0010340596,-0.014825536,2.833424,0.121146776,0.0007884218,-0.0016262666,0.0018158072,-0.011881574,0.1258343,0.30901699437494745,0.9510565162951535,-0.6,0.0,0.0,2.8274333882308267,-0.11951328627493596,0.0388322206722469,0.0,0.0,0.0,0.0,0.0074146873707277745,0.24365393665360754,0.005990703108284645,-2.607896910062574,3.3083103,-0.23335876,3.00291,0.07204025,2.1781006,-2.2634816,29.889503,0.0031134898
circle,nmpc,10.100000000000001,0.2899635,0.95476097,-0.5998965,-0.0010333067,-0.015844434,2.8460064,0.12183795,0.0009606584,-0.0017850125,0.0018728643,-0.010319077,0.12579927,0.29704158157703464,0.9548645447466431,-0.6,0.0,0.0,2.8399997588450026,-0.11999181724212105,0.03732734592148956,0.0,0.0,0.0,0.0,0.0070795824953793504,0.24455543166138277,0.006006634587614634,-2.614664940246591,3.1640394,-0.3090955,2.9253676,-0.07042483,2.1423082,-2.298486,28.541943,0.002973119
circle,nmpc,10.200000000000001,0.27820572,0.9582226,-0.5998948,-0.0010390742,-0.016704267,2.858586,0.12254739,0.0011372325,-0.0019242817,0.0019354051,-0.008728286,0.12577105,0.285019262469976,0.958521789017376,-0.6,0.0,0.0,2.8525661294595865,-0.12045140011024413,0.03581657675000294,0.0,0.0,0.0,0.0,0.006820915332952644,0.2454684721840529,0.006019943462166388,-2.6213357332702003,3.0188136,-0.3839913,2.848981,-0.21415958,2.1058786,-2.3347383,27.308968,0.0028446845
circle,nmpc,10.3,0.26633883,0.9615423,-0.5998935,-0.001046974,-0.0174068,2.8711636,0.12320163,0.0012633008,-0.0020435827,0.0020218724,-0.007156001,0.12574945,0.27295193551732516,0.9620276715860859,-0.6,0.0,0.0,2.8651325000739787,-0.12089196230585797,0.03430015172584122,0.0,0.0,0.0,0.0,0.006631752804851296,0.2463276112192493,0.006031106569698075,-2.627913806406049,2.8745203,-0.45578286,2.7758691,-0.3571326,2.0689778,-2.372022,26.210754,0.002730287
circle,nmpc,10.4,0.2543731,0.96472186,-0.59989244,-0.00105284,-0.01795652,2.8837395,0.12378383,0.0013279233,-0.0021429246,0.002130298,-0.00562884,0.12573455,0.2608415062898968,0.9653816388332739,-0.6,0.0,0.0,2.8776988706883255,-0.12131343425944574,0.03277831031017753,0.0,0.0,0.0,0.0,0.0065028544493051085,0.24711613942345115,0.006040600747221347,-2.6344048470572288,2.7320821,-0.52304053,2.7073634,-0.49832246,2.0316124,-2.410255,25.252766,0.0026304962
circle,nmpc,10.5,0.24231881,0.96776104,-0.59989166,-0.0010540602,-0.01835992,2.8963146,0.12428787,0.0013547718,-0.00222269,0.0022457303,-0.004166373,0.12572655,0.24868988716485474,0.9685831611286311,-0.6,0.0,0.0,2.8902652413027985,-0.12171574941530205,0.03125129281927874,0.0,0.0,0.0,0.0,0.006424815728857437,0.24782357598047575,0.006049379668881195,-2.6408132608480686,2.5921133,-0.5847205,2.6444252,-0.6370329,1.9937141,-2.4494584,24.434486,0.0025452592
circle,nmpc,10.600000000000001,0.23018698,0.97065777,-0.5998912,-0.001049191,-0.018625272,2.9088895,0.1247002,0.0013610836,-0.002283487,0.0023573046,-0.0027860508,0.12572499,0.23649899702372454,0.971631732914674,-0.6,0.0,0.0,2.9028316119167843,-0.1220988442433707,0.029719340387035498,0.0,0.0,0.0,0.0,0.006387641308288562,0.24843344184570745,0.006057920172449105,-2.647146334742107,2.4543273,-0.6407367,2.5870872,-0.77349716,1.9551542,-2.4897068,23.746853,0.0024736302
circle,nmpc,10.700000000000001,0.2179867,0.9734097,-0.599891,-0.001037661,-0.01876134,2.9214647,0.12503906,0.0013596023,-0.0023261276,0.0024573358,-0.001492581,0.12572902,0.22427076094938095,0.9745268727865772,-0.6,0.0,0.0,2.915397982531547,-0.12246265824851499,0.028182694926326413,0.0,0.0,0.0,0.0,0.006383518805090849,0.24896181975273518,0.006066699093819405,-2.6534099719870827,2.3180952,-0.6912949,2.5351157,-0.90831584,1.915792,-2.5310915,23.179985,0.002414582
circle,nmpc,10.8,0.20572704,0.9760148,-0.5998912,-0.0010192404,-0.018777432,2.9340408,0.12530439,0.0013501516,-0.0023515415,0.0025434939,-0.00029138653,0.12573761,0.21200710992205452,0.9772681235681935,-0.6,0.0,0.0,2.9279643531454904,-0.12280713398030163,0.02664159909149255,0.0,0.0,0.0,0.0,0.006404837768311046,0.24940832668565932,0.006076431690325013,-2.6596108358828787,2.1825213,-0.73646283,2.4884064,-1.0423485,1.8754838,-2.5736933,22.72577,0.0023672676
circle,nmpc,10.9,0.19341594,0.9784712,-0.5998917,-0.0009941666,-0.018682752,2.9466178,0.12550852,0.0013341927,-0.0023607903,0.0026122571,0.00081862207,0.12574984,0.199709980514407,0.9798550523842469,-0.6,0.0,0.0,2.9405307237599185,-0.12313221704199351,0.025096296239257576,0.0,0.0,0.0,0.0,0.006445282448314469,0.24978475840965578,0.006087117960662525,-2.665754846661726,2.0473025,-0.7763027,2.4468682,-1.1758689,1.8342917,-2.617384,22.37925,0.0023311719
circle,nmpc,11.0,0.18106233,0.98077846,-0.59989256,-0.00096274004,-0.018486775,2.9591963,0.1256435,0.0013008433,-0.002355069,0.0026641344,0.0018347332,0.12576468,0.18738131458572452,0.9822872507286887,-0.6,0.0,0.0,2.9530970943743444,-0.12343785609923719,0.02354703039092465,0.0,0.0,0.0,0.0,0.006497509156120686,0.2500839148287962,0.006099234742476867,-2.6718495982003327,1.9129385,-0.81069064,2.410604,-1.3083566,1.7925187,-2.6618068,22.137701,0.0023060106
circle,nmpc,11.100000000000001,0.16867426,0.9829364,-0.5998938,-0.0009257856,-0.01819889,2.9717762,0.12571822,0.0012512605,-0.0023356476,0.0026950513,0.0027577544,0.12578139,0.1750230589752758,0.9845643345292054,-0.6,0.0,0.0,2.9656634649888227,-0.12372400288805652,0.021994046193518635,0.0,0.0,0.0,0.0,0.006555055207601284,0.2503140856995441,0.0061127820357134155,-2.677902660329038,1.779797,-0.84027255,2.3790274,-1.4395032,1.7507156,-2.7064037,21.995302,0.0022911772
circle,nmpc,11.200000000000001,0.15625851,0.9849447,-0.5998954,-0.00088473543,-0.017828146,2.984358,0.12574452,0.0011907242,-0.0023037111,0.002700105,0.0035909938,0.12579954,0.1626371651948835,0.986685944207868,-0.6,0.0,0.0,2.978229835603242,-0.12399061222255481,0.020437588881261348,0.0,0.0,0.0,0.0,0.006612875707068216,0.2504862989453752,0.006128236677641841,-2.6839212294891057,1.6490036,-0.8656939,2.3515787,-1.5682694,1.7096424,-2.7503862,21.945532,0.002285993
circle,nmpc,11.3,0.14382009,0.986803,-0.5998974,-0.00084151863,-0.017383108,2.9969416,0.1257392,0.001125349,-0.0022604428,0.002675454,0.004339057,0.12581891,0.15022558912075684,0.9886517447379141,-0.6,0.0,0.0,2.9907962062174773,-0.12423764200204801,0.018877904236824783,0.0,0.0,0.0,0.0,0.006667743025966414,0.25061661020241016,0.00614536024980783,-2.6899111235986055,1.5223569,-0.88757676,2.327805,-1.6930254,1.6701838,-2.7928433,21.979862,0.002289569
circle,nmpc,11.4,0.13136196,0.98850906,-0.5998996,-0.00079891674,-0.016871952,3.009527,0.12572017,0.0010775457,-0.0022069789,0.0026136572,0.0050056693,0.12584008,0.13779029068463797,0.9904614256966512,-0.6,0.0,0.0,3.0033625768321324,-0.12446505321767054,0.01731523855241779,0.0,0.0,0.0,0.0,0.006719020457947117,0.2507213211975098,0.006164391170186967,-2.6958776134750346,1.4023991,-0.90631795,2.3074517,-1.811371,1.6332672,-2.8328025,22.085865,0.002300611
circle,nmpc,11.5,0.118883304,0.99005836,-0.59990203,-0.00076040346,-0.01630231,3.0221148,0.12572171,0.0010758172,-0.0021445225,0.002508826,0.0055958657,0.12586379,0.12533323356430426,0.9921147013144779,-0.6,0.0,0.0,3.0159289474465285,-0.12467280995853702,0.01574983859115031,0.0,0.0,0.0,0.0,0.00677050325325417,0.25083329219928346,0.006185806276616024,-2.701823892653853,1.2916597,-0.9225955,2.2899203,-1.9208565,1.5997894,-2.8693433,22.24545,0.0023172342
circle,nmpc,11.600000000000001,0.10637857,0.9914435,-0.5999044,-0.00072988844,-0.015681252,3.034705,0.12578976,0.0011537437,-0.0020742395,0.002357561,0.0061148596,0.12589046,0.11285638487348137,0.9936113105200084,-0.6,0.0,0.0,3.028495318060516,-0.124860879417453,0.01418195154784252,0.0,0.0,0.0,0.0,0.006831585252127845,0.2509975706718781,0.006209605569244658,-2.707748438915175,1.1936808,-0.9360787,2.2755828,-2.017981,1.5704867,-2.9016445,22.43761,0.002337251
circle,nmpc,11.700000000000001,0.09384153,0.9926552,-0.5999068,-0.00071073475,-0.015016633,3.047298,0.12593177,0.0013285836,-0.001997402,0.002166205,0.0065542753,0.12591991,0.10036171485121469,0.9949510169813002,-0.6,0.0,0.0,3.0410616886752506,-0.1250292318960844,0.012611825009889444,0.0,0.0,0.0,0.0,0.006913189272636716,0.2512224620301001,0.006236265884075554,-2.7136460528912907,1.1115061,-0.94622123,2.2649422,-2.0996575,1.5458791,-2.929147,22.63895,0.002358224
circle,nmpc,11.8,0.08127375,0.9936885,-0.59990907,-0.00070323003,-0.014318909,3.059894,0.12607782,0.0015472105,-0.0019152593,0.0019664643,0.006887726,0.12595029,0.0878511965507431,0.9961336091431725,-0.6,0.0,0.0,3.053628059289513,-0.1251778408096066,0.011039706918625214,0.0,0.0,0.0,0.0,0.007017800321914326,0.25144220156944547,0.006266025640906835,-2.719518427389774,1.0461895,-0.95324475,2.257696,-2.1647513,1.5261106,-2.9516196,22.827599,0.0023778751
circle,nmpc,11.9,0.06867942,0.99454165,-0.5999114,-0.0007057346,-0.013599315,3.0724928,0.12620614,0.0017766786,-0.0018292201,0.0017789035,0.0071073505,0.12598012,0.07532680552793253,0.9971589002606139,-0.6,0.0,0.0,3.066194429903571,-0.12530668269095796,0.0094658455296881,0.0,0.0,0.0,0.0,0.007144619105759902,0.251636983910554,0.006298408002312961,-2.7253705370531662,0.9972078,-0.9577821,2.2531505,-2.213725,1.5109751,-2.96923,22.988407,0.0023946257
circle,nmpc,12.0,0.056063704,0.9952157,-0.59991384,-0.00071514765,-0.0128690135,3.0850942,0.12630948,0.0019872813,-0.0017406163,0.00161953,0.007214083,0.12600814,0.0627905195293133,0.9980267284282716,-0.6,0.0,0.0,3.0787608005181846,-0.12541573719451748,0.007890489373940657,0.0,0.0,0.0,0.0,0.007291040469718379,0.2518004462249656,0.006333412967533203,-2.7312077868390663,0.96286887,-0.9604453,2.2505865,-2.2481632,1.4999052,-2.982505,23.114002,0.0024077084
circle,nmpc,12.100000000000001,0.043433618,0.9957146,-0.5999164,-0.0007273517,-0.012138871,3.097698,0.12637028,0.0021518776,-0.0016506882,0.0014999044,0.007211302,0.12603313,0.050244318179769376,0.9987369566060175,-0.6,0.0,0.0,3.091327171132406,-0.12550498709930705,0.006313887218500902,0.0,0.0,0.0,0.0,0.007451660148752679,0.2519150606179052,0.0063708021189365915,-2.737036598058693,0.94071436,-0.9617928,2.2493362,-2.270415,1.4920325,-2.9922779,23.204174,0.0024171015
circle,nmpc,12.200000000000001,0.030796764,0.99604285,-0.5999192,-0.00073830615,-0.011418754,3.1103039,0.12638122,0.0022668433,-0.0015606418,0.001420625,0.00710948,0.12605433,0.03769018266993425,0.9992894726405892,-0.6,0.0,0.0,3.1038935417468214,-0.12557441831172883,0.004736288027051838,0.0,0.0,0.0,0.0,0.007620125837289172,0.25197257122064226,0.006410337037358271,-2.7428624739711305,0.92757344,-0.96234894,2.2487779,-2.2835536,1.4862393,-2.9996724,23.265068,0.0024234445
circle,nmpc,12.3,0.018161537,0.9962052,-0.5999223,-0.00074424734,-0.010717235,3.1229115,0.12633263,0.002331096,-0.0014715628,0.0013801662,0.0069221216,0.1260711,0.02513009544333731,0.9996841892832999,-0.6,0.0,0.0,3.1164599123612495,-0.12562401986780136,0.003157940920817115,0.0,0.0,0.0,0.0,0.007789103574489772,0.25196229963803357,0.006451540885820784,-2.748691834537697,0.9198848,-0.9625038,2.2484446,-2.2910638,1.4812117,-3.006019,23.307217,0.002427835
circle,nmpc,12.4,0.005534947,0.99620664,-0.59992564,-0.0007418316,-0.010040822,3.1355197,0.12623653,0.0023453108,-0.0013844356,0.0013754155,0.006670284,0.1260829,0.012566039883352554,0.9999210442038161,-0.6,0.0,0.0,3.129026282975318,-0.12565378393485266,0.0015790951391481123,0.0,0.0,0.0,0.0,0.007952269348771052,0.2518952819616755,0.0064934599903803125,-2.7479945541259054,0.9135686,-0.9625218,2.248055,-2.2970085,1.4754698,-3.012813,23.345108,0.0024317822
circle,nmpc,12.5,-0.0070773554,0.99605244,-0.59992915,-0.00072821026,-0.009393877,-3.1350563,0.12610462,0.002309188,-0.0013000906,0.0014022536,0.006375918,0.12608978,-1.6081226496766366e-16,1.0,-0.6,0.0,0.0,3.141592653589793,-0.12566370581279698,0.0,0.0,0.0,0.0,0.0,0.008104145679573039,0.25178227502726425,0.006536396341868556,-2.741236999979047,0.9039908,-0.96252084,2.2473865,-2.3059168,1.4674844,-3.0216208,23.395346,0.0024370153
circle,nmpc,12.600000000000001,-0.019668752,0.9957482,-0.59993297,-0.00070111814,-0.00877902,-3.122447,0.12592526,0.002220207,-0.0012191224,0.0014554055,0.006056753,0.12609185,-0.012566039883352875,0.9999210442038161,-0.6,0.0,0.0,-3.129026282975318,-0.12565378393485355,-0.0015790951391481123,0.0,0.0,0.0,0.0,0.008238049736783805,0.25161068180165863,0.006579269120337461,-2.7344955359472936,0.88718015,-0.96259975,2.2462933,-2.3217132,1.4559628,-3.0338175,23.47375,0.002445182
circle,nmpc,12.700000000000001,-0.032232687,0.9952995,-0.5999369,-0.0006591527,-0.008196816,-3.109838,0.125697,0.0020812629,-0.0011418252,0.0015265901,0.005733637,0.1260896,-0.02513009544333763,0.9996841892832999,-0.6,0.0,0.0,-3.1164599123612495,-0.12562401986780136,-0.003157940920817115,0.0,0.0,0.0,0.0,0.008347222752567066,0.2513782189468879,0.006621903480634295,-2.727774501425933,0.8596963,-0.9628818,2.244587,-2.3477726,1.43988,-3.0504706,23.59505,0.0024578178
circle,nmpc,12.8,-0.04476397,0.99471223,-0.5999411,-0.0006016955,-0.0076455665,-3.0972295,0.12543158,0.0018921498,-0.0010683339,0.0016080483,0.0054293857,0.1260834,-0.0376901826699348,0.9992894726405892,-0.6,0.0,0.0,-3.103893541746381,-0.1255744183117323,-0.004736288027107349,0.0,0.0,0.0,0.0,0.008425738719207501,0.251095778308253,0.006664061002972676,-2.7210769811718425,0.8189717,-0.9635174,2.242102,-2.386648,1.4185803,-3.0723286,23.773762,0.0024764335
circle,nmpc,12.9,-0.05725852,0.99399173,-0.5999453,-0.0005290579,-0.0071216407,-3.0846221,0.12513809,0.001657171,-0.0009984059,0.0016902769,0.005163402,0.1260739,-0.050244318179769695,0.9987369566060175,-0.6,0.0,0.0,-3.091327171132405,-0.12550498709930358,-0.006313887218500902,0.0,0.0,0.0,0.0,0.008468717333732799,0.25077178112667214,0.00670502643330817,-2.7144046829224484,0.7633876,-0.964563,2.2388754,-2.440051,1.3917191,-3.099783,24.025091,0.002502614
circle,nmpc,13.0,-0.06971337,0.9931424,-0.59994966,-0.00044267223,-0.006619799,-3.0720158,0.12482657,0.0013882273,-0.0009316183,0.001761624,0.004951721,0.12606233,-0.0627905195293134,0.9980267284282716,-0.6,0.0,0.0,-3.0787608005181846,-0.12541573719451748,-0.007890489373940657,0.0,0.0,0.0,0.0,0.00847259047506476,0.2504160063286519,0.006745038189083008,-2.7077591656442985,0.6925459,-0.96601504,2.2349806,-2.50845,1.359333,-3.1328766,24.362965,0.002537809
circle,nmpc,13.100000000000001,-0.08212908,0.992165,-0.599954,-0.00034561855,-0.006133066,-3.0594108,0.12453323,0.0011193791,-0.0008673029,0.001804963,0.004811535,0.12605038,-0.07532680552793307,0.9971589002606139,-0.6,0.0,0.0,-3.066194429903571,-0.12530668269095796,-0.0094658455296881,0.0,0.0,0.0,0.0,0.00843871148099289,0.25006555231797684,0.006783619432989774,-2.701138337336573,0.6072299,-0.96788615,2.2305443,-2.5912008,1.3217635,-3.1713166,24.79949,0.0025832802
circle,nmpc,13.200000000000001,-0.0945095,0.991056,-0.59995824,-0.00024235221,-0.005653383,-3.0468068,0.12429405,0.0008895529,-0.000804665,0.0018056731,0.004753263,0.12603979,-0.08785119655074342,0.9961336091431724,-0.6,0.0,0.0,-3.053628059289513,-0.1251778408096066,-0.011039706918625214,0.0,0.0,0.0,0.0,0.008373563932156701,0.2497582412012093,0.006821247003136132,-2.694539008304435,0.5093505,-0.9699474,2.2258673,-2.6864645,1.2795786,-3.2145686,25.342587,0.0026398525
circle,nmpc,13.3,-0.10686409,0.9898064,-0.59996235,-0.00013854001,-0.0051716957,-3.0342033,0.12417184,0.0007476549,-0.0007428919,0.0017506307,0.004786333,0.12603207,-0.100361714851215,0.9949510169813002,-0.6,0.0,0.0,-3.041061688674811,-0.1250292318960844,-0.012611825009944955,0.0,0.0,0.0,0.0,0.008291514211780725,0.24956001464685418,0.006858397735479915,-2.6879525859688846,0.40167412,-0.971916,2.221266,-2.7915084,1.2335439,-3.2619054,25.994164,0.0027077254
circle,nmpc,13.4,-0.11920369,0.9884047,-0.5999663,-3.9435563e-05,-0.004679691,-3.0216005,0.124185696,0.0007104798,-0.0006811126,0.0016428229,0.0049025873,0.12602755,-0.11285638487348192,0.9936113105200084,-0.6,0.0,0.0,-3.028495318060516,-0.124860879417453,-0.01418195154784252,0.0,0.0,0.0,0.0,0.008209644433474194,0.2494923751832354,0.006894833212493624,-2.681417217815185,0.28695527,-0.97351366,2.2170908,-2.9036496,1.184448,-3.3125384,26.752573,0.0027867265
circle,nmpc,13.5,-0.13153152,0.9868446,-0.59997,5.2387135e-05,-0.0041722474,-3.008998,0.12425779,0.0007317989,-0.0006185385,0.0015079911,0.005069466,0.12602559,-0.12533323356430437,0.9921147013144778,-0.6,0.0,0.0,-3.0159289474465147,-0.12467280995852315,-0.01574983859115031,0.0,0.0,0.0,0.0,0.008135948153479657,0.24947639085591172,0.006931030271221772,-2.67490465525339,0.167399,-0.97465646,2.213425,-3.0206828,1.1330328,-3.3656971,27.613434,0.0028763993
circle,nmpc,13.600000000000001,-0.14384842,0.9851221,-0.59997356,0.0001358264,-0.00364579,-2.996395,0.124363914,0.000790029,-0.00055461086,0.0013602083,0.005271176,0.12602594,-0.13779029068463827,0.9904614256966512,-0.6,0.0,0.0,-3.0033625768316945,-0.12446505321767054,-0.0173152385524733,0.0,0.0,0.0,0.0,0.008075282239373717,0.24948740108266818,0.006967465747710122,-2.668370801071769,0.044591296,-0.97519994,2.2103784,-3.1409874,1.0799224,-3.4207432,28.572296,0.0029762806
circle,nmpc,13.700000000000001,-0.15615273,0.98323584,-0.599977,0.00021108055,-0.0030982378,-2.983792,0.12447656,0.0008611343,-0.00048884563,0.0012120185,0.0054926397,0.12602817,-0.15022558912075737,0.988651744737914,-0.6,0.0,0.0,-2.990796206217345,-0.12423764200193699,-0.018877904236824783,0.0,0.0,0.0,0.0,0.008028918838924719,0.2494967387005372,0.007004139643248308,-2.6618135517221817,-0.08016016,-0.9751735,2.2079074,-3.2632415,1.0256668,-3.477091,29.623144,0.0030857443
circle,nmpc,13.8,-0.16844115,0.98118556,-0.59998053,0.00027887372,-0.0025285834,-2.9711888,0.124578536,0.0009369731,-0.00042089363,0.0010684137,0.005723147,0.12603202,-0.1626371651948838,0.986685944207868,-0.6,0.0,0.0,-2.9782298356032597,-0.12399061222256869,-0.020437588881261348,0.0,0.0,0.0,0.0,0.007996302623737413,0.2494868138366889,0.007041051957629829,-2.655234121188446,-0.20611534,-0.97455895,2.206031,-3.3867056,0.9706795,-3.5343194,30.76223,0.0032043988
circle,nmpc,13.9,-0.18071057,0.97897273,-0.599984,0.00034055178,-0.0019363628,-2.9585848,0.12466934,0.0010015246,-0.0003504732,0.0009354813,0.0059573543,0.12603723,-0.17502305897527615,0.9845643345292053,-0.6,0.0,0.0,-2.965663464988803,-0.12372400288804264,-0.021994046193518635,0.0,0.0,0.0,0.0,0.007975840664045943,0.2494557546056485,0.007078679527377396,-2.648635788059547,-0.3324461,-0.9732781,2.2047803,-3.5105047,0.915312,-3.592022,31.982906,0.003331553
circle,nmpc,14.0,-0.19295959,0.9765984,-0.59998757,0.00039737503,-0.0013212657,-2.9459803,0.12476546,0.0010551158,-0.00027746125,0.0008123028,0.006193896,0.1260435,-0.18738131458572482,0.9822872507286886,-0.6,0.0,0.0,-2.9530970943745922,-0.12343785609911229,-0.02354703039086914,0.0,0.0,0.0,0.0,0.007967468740395169,0.2494197872693689,0.007116783934528748,-2.6420187715419328,-0.45864555,-0.9712917,2.2042143,-3.634152,0.8598303,-3.6499298,33.280678,0.0034667372
circle,nmpc,14.100000000000001,-0.20518571,0.9740636,-0.5999912,0.00045038117,-0.00068376964,-2.933375,0.12485617,0.0011008887,-0.00020170333,0.0006966114,0.0064250506,0.12605077,-0.1997099805144073,0.9798550523842469,-0.6,0.0,0.0,-2.9405307237599185,-0.12313221704199351,-0.025096296239257576,0.0,0.0,0.0,0.0,0.007970251761596072,0.24936834517599862,0.007155842015533765,-2.635384753158255,-0.5861189,-0.9684023,2.2045474,-3.7590687,0.8041664,-3.708088,34.668564,0.0036113088
circle,nmpc,14.200000000000001,-0.21738519,0.9713713,-0.5999949,0.00050074514,-2.4899382e-05,-2.9207687,0.12492505,0.0011227664,-0.00012317327,0.00058983715,0.006645478,0.12605904,-0.21200710992205482,0.9772681235681934,-0.6,0.0,0.0,-2.9279643531459225,-0.12280713398030163,-0.02664159909143704,0.0,0.0,0.0,0.0,0.00798099975263077,0.24928318983704112,0.007195615352953767,-2.6293888617744883,-0.7158908,-0.964484,2.2059114,-3.8862865,0.7485245,-3.7663057,36.157345,0.0037663903
circle,nmpc,14.3,-0.22955215,0.96852607,-0.5999987,0.0005491831,0.0006538635,-2.9081614,0.12494723,0.0011117388,-4.1807783e-05,0.0004875186,0.0068507576,0.12606879,-0.22427076094938125,0.9745268727865771,-0.6,0.0,0.0,-2.915397982531373,-0.12246265824841784,-0.028182694926326413,0.0,0.0,0.0,0.0,0.007993920155716651,0.24913814879058413,0.00723658078271594,-2.6234248765058417,-0.84805113,-0.9597085,2.2080889,-4.0158486,0.6936831,-3.8238513,37.745964,0.003931871
circle,nmpc,14.4,-0.24168056,0.96553415,-0.6000026,0.00059594883,0.0013511511,-2.895553,0.12491555,0.0010525802,4.251606e-05,0.00038521562,0.0070421193,0.1260801,-0.23649899702372484,0.9716317329146739,-0.6,0.0,0.0,-2.9028316119172133,-0.1220988442433707,-0.029719340386979987,0.0,0.0,0.0,0.0,0.008001820887528191,0.2489237287112761,0.007278499887183987,-2.6174690589164924,-0.9816334,-0.9546428,2.2105734,-4.1468496,0.6410094,-3.8793938,39.418533,0.004106097
circle,nmpc,14.5,-0.25376344,0.96240205,-0.6000064,0.00064003555,0.002065569,-2.8829434,0.12481872,0.0009486313,0.00012999433,0.00027048975,0.0072193234,0.12609352,-0.24868988716485485,0.9685831611286311,-0.6,0.0,0.0,-2.890265241302371,-0.12171574941530205,-0.03125129281933425,0.0,0.0,0.0,0.0,0.00799669552199611,0.24862843076634636,0.007321849502444078,-2.6115239585040544,-1.1144358,-0.9499227,2.2128103,-4.2771688,0.59243023,-3.9310277,41.138973,0.00428531
circle,nmpc,14.600000000000001,-0.26579455,0.9591367,-0.60001004,0.0006794956,0.0027958702,-2.8703318,0.124660686,0.0007941235,0.00022073626,0.00013410357,0.007383729,0.12610938,-0.2608415062898971,0.9653816388332739,-0.6,0.0,0.0,-2.8776988706882682,-0.12131343425941798,-0.03277831031017753,0.0,0.0,0.0,0.0,0.007970674543263407,0.24825475767124308,0.007367106467076835,-2.6055915657465816,-1.2426332,-0.9463561,2.214116,-4.4031053,0.55038625,-3.9763224,42.843437,0.004462858
circle,nmpc,14.700000000000001,-0.2777706,0.95574033,-0.6000133,0.00070989324,0.0035413606,-2.8577185,0.12448136,0.0006329938,0.0003147767,-4.8678787e-05,0.0075406097,0.12612869,-0.2729519355173255,0.9620276715860858,-0.6,0.0,0.0,-2.8651325000737344,-0.12089196230594124,-0.03430015172589673,0.0,0.0,0.0,0.0,0.007921516248800914,0.2478477151002074,0.007414032361332091,-2.5996685789603293,-1.3604321,-0.9447062,2.2139332,-4.5190716,0.51771355,-4.0124154,44.434258,0.0046285684
circle,nmpc,14.8,-0.28969085,0.95221007,-0.6000161,0.0007251175,0.0043010972,-2.8451025,0.1243186,0.0005040077,0.00041190002,-0.00029452847,0.0076869214,0.12615207,-0.2850192624699763,0.9585217890173758,-0.6,0.0,0.0,-2.8525661294595235,-0.12045140011021638,-0.03581657675000294,0.0,0.0,0.0,0.0,0.007852504273938942,0.24745041386603092,0.007463580860280317,-2.5937509557878657,-1.4592279,-0.94548064,2.2118344,-4.616543,0.49756747,-4.03608,45.765472,0.004767237
circle,nmpc,14.9,-0.30156368,0.94852877,-0.6000184,0.0007158545,0.0050749816,-2.832484,0.12430231,0.0005192036,0.00051149883,-0.00063537,0.007830342,0.12618001,-0.297041581577035,0.954864544746643,-0.6,0.0,0.0,-2.8399997588450026,-0.11999181724212105,-0.03732734592148956,0.0,0.0,0.0,0.0,0.007784073350106841,0.2472089093898951,0.007515751963288685,-2.5878246136125833,-1.5273939,-0.9489937,2.2076352,-4.6840224,0.49315292,-4.043961,46.64406,0.0048587564
circle,nmpc,15.0,-0.31340775,0.9446607,-0.6000203,0.00067049504,0.0058627864,-2.8198621,0.124592714,0.00081647,0.0006124062,-0.0010941505,0.0079684,0.1262116,-0.30901699437494756,0.9510565162951535,-0.6,0.0,0.0,-2.8274333882307476,-0.11951328627507474,-0.03883222067230241,0.0,0.0,0.0,0.0,0.0077579189533105615,0.24730574819502635,0.007571260926670487,-2.581855312280171,-1.5546288,-0.95492804,2.2018082,-4.7113647,0.50674367,-4.0335617,46.900085,0.004885426
circle,nmpc,15.100000000000001,-0.32523236,0.9405802,-0.60002226,0.00058373605,0.006656921,-2.8072371,0.12507989,0.0013218916,0.0007131757,-0.0016077586,0.008025993,0.12624185,-0.3209436098072097,0.9470983049947442,-0.6,0.0,0.0,-2.814867017616046,-0.11901588277465902,-0.04033096336536479,0.0,0.0,0.0,0.0,0.007802543120576236,0.2476251458338311,0.007629869331133854,-2.5758166920680052,-1.5337843,-0.96272457,2.1950467,-4.691555,0.5393829,-4.0036035,46.428024,0.0048362524
circle,nmpc,15.200000000000001,-0.33703858,0.93627244,-0.6000245,0.00045653578,0.0074436064,-2.7946098,0.12565757,0.001948911,0.00081230374,-0.0021125928,0.0079405615,0.12626664,-0.3328195445229868,0.9429905358928644,-0.6,0.0,0.0,-2.8023006470018528,-0.11849968528668264,-0.041823337331714505,0.0,0.0,0.0,0.0,0.007933070903621957,0.2480512779698024,0.007690861921896719,-2.5696924584949907,-1.4615105,-0.9716356,2.188155,-4.6213007,0.5908174,-3.9540858,45.208393,0.004709207
circle,nmpc,15.3,-0.3488224,0.9317321,-0.60002756,0.0002947945,0.008204919,-2.7819808,0.12625219,0.002625397,0.0009081621,-0.002557459,0.0076707858,0.12628326,-0.3446429231745173,0.938733857653874,-0.6,0.0,0.0,-2.789734276387397,-0.11796477532471927,-0.043309106908306916,0.0,0.0,0.0,0.0,0.008154340369256453,0.24850096418790993,0.007753523442450838,-2.563472266255358,-1.338303,-0.9808439,2.1818902,-4.5010366,0.65964717,-3.8862572,43.31122,0.004511585
circle,nmpc,15.4,-0.3605746,0.92696404,-0.6000316,0.000108594155,0.008919884,-2.769351,0.12678006,0.0032739064,0.0009992305,-0.0028982416,0.0071868803,0.12628977,-0.3564118787132508,0.934328942456612,-0.6,0.0,0.0,-2.7771679057733185,-0.11741123735725667,-0.044788037474818854,0.0,0.0,0.0,0.0,0.008459964213316018,0.24887816304499247,0.007816900219119294,-2.5572461128066717,-1.1685023,-0.98952186,2.1769607,-4.334985,0.74347675,-3.8024142,40.886913,0.0042590536
circle,nmpc,15.5,-0.37228423,0.9219843,-0.6000366,-8.8389905e-05,0.009566593,-2.756722,0.12718399,0.0037987756,0.0010839921,-0.0030963235,0.0064807995,0.12628491,-0.368124552684678,0.9297764858882513,-0.6,0.0,0.0,-2.7646015351587305,-0.11683915879429074,-0.04625989549106313,0.0,0.0,0.0,0.0,0.008833018430559147,0.24910708962073458,0.007879561739541074,-2.5510354036712224,-0.9598649,-0.99700373,2.1739268,-4.130795,0.8391717,-3.705666,38.140953,0.003973016
circle,nmpc,15.600000000000001,-0.38393584,0.9168213,-0.6000424,-0.0002804672,0.010122854,-2.7440946,0.12737119,0.004108255,0.0011609895,-0.0031287686,0.005551454,0.12626894,-0.37977909552180145,0.9250772068344579,-0.6,0.0,0.0,-2.752035164544597,-0.11624862997378083,-0.047724448533514874,0.0,0.0,0.0,0.0,0.009243391976968622,0.24907547988375242,0.007940554330363447,-2.5447277603863463,-0.72290397,-1.0029825,2.1729555,-3.8988419,0.9432026,-3.599631,35.29824,0.0036769
circle,nmpc,15.700000000000001,-0.3955083,0.91151816,-0.6000484,-0.00045091912,0.0105673075,-2.7314696,0.12722461,0.0040977634,0.001228781,-0.0029824916,0.004409123,0.12624319,-0.39137366683720265,0.9202318473658703,-0.6,0.0,0.0,-2.739468793930523,-0.11563974414696698,-0.04918146533228196,0.0,0.0,0.0,0.0,0.009644991238759145,0.24864287698602835,0.007999162735454757,-2.53833659826984,-0.46925622,-1.0074948,2.1738226,-3.6505735,1.0519965,-3.4880426,32.560577,0.0033917269
circle,nmpc,15.8,-0.40698287,0.9061183,-0.60005397,-0.00058680156,0.0108837355,-2.718848,0.12675436,0.0037687249,0.0012856621,-0.0026925735,0.0031073664,0.1262114,-0.40290643571366275,0.9152411726209175,-0.6,0.0,0.0,-2.7269024233161425,-0.11501259746399262,-0.05063071580757583,0.0,0.0,0.0,0.0,0.009992372291840645,0.2478148765193842,0.008054433280131779,-2.531887901703148,-0.20924053,-1.0106455,2.1762636,-3.3961492,1.1622767,-3.3743691,30.072392,0.0031325407
circle,nmpc,15.9,-0.41835308,0.90064067,-0.6000585,-0.00068500306,0.011065345,-2.7062294,0.12615806,0.003304903,0.0013296215,-0.0023553648,0.0017420539,0.12617975,-0.4143755809932843,0.9101059706849955,-0.6,0.0,0.0,-2.714336052701516,-0.1143672889586389,-0.05207197110596029,0.0,0.0,0.0,0.0,0.010267225024038146,0.2468214109643813,0.008106604383034455,-2.5253971848370576,0.050035268,-1.0118117,2.1807528,-3.142529,1.2713118,-3.2615297,27.911247,0.0029074217
circle,nmpc,16.0,-0.42961985,0.8950914,-0.6000617,-0.0007475222,0.011111454,-2.6936135,0.12555394,0.0027990611,0.0013590296,-0.002021152,0.00037467433,0.12615117,-0.4257792915650727,0.9048270524660195,-0.6,0.0,0.0,-2.701769682087421,-0.11370392053253187,-0.05350500363637822,0.0,0.0,0.0,0.0,0.010465960804859084,0.24579730769658464,0.008156152882098588,-2.5188730468366485,0.3029969,-1.0111095,2.18705,-2.8951628,1.3770175,-3.1518078,26.109375,0.0027197264
circle,nmpc,16.1,-0.44078767,0.88946784,-0.6000635,-0.0007794049,0.011025508,-2.681,0.12500887,0.0023124067,0.0013729593,-0.0017203472,-0.00095373945,0.12612708,-0.4371157666509331,0.899405251566371,-0.6,0.0,0.0,-2.6892033114730802,-0.113022596939516,-0.054929587106622435,0.0,0.0,0.0,0.0,0.010594298860956157,0.2448213804149906,0.008203317195126125,-2.5123189609247945,0.54594564,-1.0086429,2.194951,-2.6576486,1.4778917,-3.0468671,24.663887,0.0025691548
circle,nmpc,16.2,-0.45186147,0.88376343,-0.60006386,-0.00078702974,0.010813585,-2.6683884,0.124545366,0.0018775486,0.0013711532,-0.0014667251,-0.002217523,0.12610775,-0.4483832160900321,0.8938414241512639,-0.6,0.0,0.0,-2.676636940858746,-0.11232342576802945,-0.05634549655819665,0.0,0.0,0.0,0.0,0.010661531344318924,0.24392340470705012,0.008248574159527067,-2.5057374725468016,0.7773001,-1.0039004,2.2048845,-2.4314847,1.57292,-2.9478192,23.54936,0.0024530583
circle,nmpc,16.3,-0.4628466,0.87796926,-0.6000629,-0.0007770336,0.010483862,-2.655778,0.124179274,0.0015102475,0.0013538278,-0.001263635,-0.0033964652,0.12609273,-0.4595798606214878,0.8881364488135446,-0.6,0.0,0.0,-2.664070570244148,-0.11160651742553318,-0.05775250840273083,0.0,0.0,0.0,0.0,0.010679289114155594,0.2431231096542646,0.008292639030769156,-2.4991327232015985,0.9978005,-0.995064,2.2185993,-2.2158628,1.661469,-2.8553538,22.731514,0.002367866
circle,nmpc,16.400000000000002,-0.47375014,0.8720747,-0.60006076,-0.00075551664,0.01004582,-2.643169,0.12393545,0.0012122054,0.0013215779,-0.0011067318,-0.0044783913,0.12608112,-0.470703932165333,0.8822912264349531,-0.6,0.0,0.0,-2.651504199629671,-0.11087198512013674,-0.059150400456675634,0.0,0.0,0.0,0.0,0.010661146156782016,0.2424457135690977,0.008335273390657427,-2.4925074759521246,1.2083921,-0.9807765,2.2374794,-2.0098639,1.7431935,-2.7698293,22.178679,0.002310279
circle,nmpc,16.5,-0.4845799,0.8660693,-0.6000577,-0.0007276197,0.009509104,-2.6305606,0.12382355,0.0009761317,0.0012752393,-0.0009876129,-0.0054624085,0.12607221,-0.48175367410171543,0.8763066800438635,-0.6,0.0,0.0,-2.638937829015344,-0.11011994484300125,-0.060538951976663036,0.0,0.0,0.0,0.0,0.010620472605879224,0.2418993428889157,0.008377192494958052,-2.485857418286713,1.4098544,-0.96022624,2.2623084,-1.8126804,1.817995,-2.6913607,21.862103,0.0022773023
circle,nmpc,16.6,-0.49533865,0.85994613,-0.6000539,-0.000697347,0.008881579,-2.617953,0.123783626,0.00078923785,0.0012158336,-0.00089612114,-0.0063669817,0.12606531,-0.49272734154829184,0.8701837546695255,-0.6,0.0,0.0,-2.6263714584010502,-0.10935051535007623,-0.06191794369436732,0.0,0.0,0.0,0.0,0.01056554561487378,0.24142327264373736,0.008418396343555123,-2.4791795500297287,1.603253,-0.9331187,2.2933154,-1.6231812,1.8859988,-2.6198177,21.755579,0.0022662065
circle,nmpc,16.7,-0.5060257,0.8537002,-0.60004944,-0.0006679423,0.008169931,-2.6053462,0.12377636,0.00064992206,0.001144324,-0.0008256354,-0.007204386,0.12605959,-0.5036232016357608,0.8639234171928354,-0.6,0.0,0.0,-2.6138050877867007,-0.10856381814311478,-0.0632871578509775,0.0,0.0,0.0,0.0,0.010501812056308842,0.24097970593027798,0.008458884936358935,-2.4724738154171906,1.7920465,-0.8972641,2.3326328,-1.4378506,1.947362,-2.5550508,21.845608,0.002275584
circle,nmpc,16.8,-0.51663977,0.8473265,-0.6000445,-0.00064190704,0.0073800115,-2.5927398,0.123802155,0.00056114414,0.0010616633,-0.0007695659,-0.007983399,0.12605396,-0.5144395337815065,0.8575266561936522,-0.6,0.0,0.0,-2.6012387171727225,-0.10775997745077204,-0.06464637823166974,0.0,0.0,0.0,0.0,0.0104348383813767,0.2405705081825105,0.008498896692375801,-2.465741954680357,1.9774686,-0.8520673,2.3808472,-1.2554462,2.0020514,-2.497077,22.124582,0.002304644
circle,nmpc,16.900000000000002,-0.52718174,0.8408188,-0.60003906,-0.00062073907,0.0065171914,-2.5801342,0.1238832,0.0005193391,0.0009687711,-0.00071860856,-0.008709112,0.1260473,-0.5251746299612958,0.8509944817946917,-0.6,0.0,0.0,-2.588672346557448,-0.10693912020870444,-0.0659953901999688,0.0,0.0,0.0,0.0,0.010371792496215835,0.24021676143207105,0.008538193191359067,-2.458985596458972,2.1593866,-0.7979405,2.4375947,-1.0761487,2.049856,-2.4460447,22.58467,0.0023525695
circle,nmpc,17.0,-0.53765404,0.83417064,-0.6000333,-0.00060491066,0.0055864123,-2.5675294,0.12403947,0.00051864085,0.0008663961,-0.00066318497,-0.00938603,0.1260389,-0.5358267949789969,0.844327925502015,-0.6,0.0,0.0,-2.576105975943222,-0.10610137603994652,-0.06733398073099917,0.0,0.0,0.0,0.0,0.01032038753945416,0.23993653003043358,0.008576536017074421,-2.4522034558471857,2.336153,-0.7363916,2.5014315,-0.9016701,2.0904324,-2.4022427,23.21073,0.0024177844
circle,nmpc,17.1,-0.54805887,0.8273757,-0.6000272,-0.00059398444,0.0045920787,-2.5549257,0.12426691,0.0005533687,0.00075512135,-0.00059482653,-0.010019573,0.1260286,-0.5463943467342695,0.8375280400421415,-0.6,0.0,0.0,-2.5635396053293413,-0.10524687723401094,-0.06866193844590196,0.0,0.0,0.0,0.0,0.010287913993256036,0.2397246469783014,0.00861392516881887,-2.445386995560148,2.5022187,-0.6708632,2.5690694,-0.73771423,2.123188,-2.3661711,23.962189,0.0024960611
circle,nmpc,17.2,-0.5583921,0.8204335,-0.6000209,-0.0005867467,0.0035375566,-2.542323,0.12448385,0.0006097142,0.0006351712,-0.0005063383,-0.010620075,0.12601745,-0.5568756164881881,0.8305958991958126,-0.6,0.0,0.0,-2.55097323471484,-0.10437575872601634,-0.06997905364480861,0.0,0.0,0.0,0.0,0.010274949674994307,0.23949926874813035,0.008650122227046975,-2.4385274307132296,2.6531286,-0.604106,2.6377025,-0.5886801,2.1477659,-2.3381798,24.788036,0.0025820872
circle,nmpc,17.3,-0.5686429,0.8133517,-0.6000144,-0.00058105314,0.0024258615,-2.529722,0.12458865,0.00065923575,0.0005066358,-0.00038884257,-0.011190888,0.1260061,-0.5672689491267566,0.8235325976284273,-0.6,0.0,0.0,-2.538406864100687,-0.10348815807575962,-0.07128511833986995,0.0,0.0,0.0,0.0,0.010273210393598183,0.23915534432517338,0.008684888774149082,-2.4316112084146306,2.7826552,-0.5407977,2.7024481,-0.46059075,2.1639788,-2.318482,25.609165,0.0026676215
circle,nmpc,17.400000000000002,-0.57878906,0.806151,-0.60000765,-0.000573871,0.0012596406,-2.5171218,0.124414064,0.0006637325,0.00036956198,-0.00023384066,-0.011735421,0.12599431,-0.5775727034222679,0.8163392507171838,-0.6,0.0,0.0,-2.5258404934860033,-0.10258421544573348,-0.0725799262885074,0.0,0.0,0.0,0.0,0.010260632369207073,0.23852251256367274,0.00871870164640365,-2.424623654573412,2.883481,-0.4872937,2.7566884,-0.36050126,2.1717877,-2.3071465,26.320797,0.0027417496
circle,nmpc,17.5,-0.5887942,0.7988683,-0.60000086,-0.00056158047,4.1980107e-05,-2.504523,0.12374823,0.0005854014,0.00022392937,-3.5793997e-05,-0.0122489035,0.12598082,-0.587785252292473,0.8090169943749475,-0.6,0.0,0.0,-2.513274122871711,-0.10166407357886653,-0.07386327302533191,0.0,0.0,0.0,0.0,0.010198722796083335,0.23738862851085085,0.008751084007575294,-2.4187993719334013,2.9479814,-0.45023015,2.793748,-0.29599714,2.1714034,-2.304037,26.80952,0.0027926585
circle,nmpc,17.6,-0.59863,0.7915367,-0.59999436,-0.00054167607,-0.0012154408,-2.4919257,0.12267639,0.0004265997,7.028321e-05,0.00019375565,-0.01264495,0.12596515,-0.5979049830575193,0.8015669848708763,-0.6,0.0,0.0,-2.500707752257323,-0.10072787777626324,-0.07513495589511754,0.0,0.0,0.0,0.0,0.01005646740193946,0.2358368489768768,0.008782035857176407,-2.413025647343781,2.9711432,-0.43407625,2.809212,-0.2721454,2.1632261,-2.3088593,26.992228,0.00281169
circle,nmpc,17.7,-0.6082911,0.7841707,-0.5999886,-0.00051352085,-0.0024891777,-2.4793303,0.12148812,0.00021245444,-8.940272e-05,0.00043464216,-0.012805594,0.12594749,-0.6079302976946055,0.7939903986478353,-0.6,0.0,0.0,-2.4881413816434277,-0.09977577587405584,-0.0763947740842763,0.0,0.0,0.0,0.0,0.009826343883637921,0.2341503482893093,0.008811080358637646,-2.4072726126646375,2.9524603,-0.44009036,2.8019834,-0.28961408,2.1479015,-2.3210945,26.84665,0.0027965258
circle,nmpc,17.8,-0.617791,0.7767649,-0.59998375,-0.00047866284,-0.0037477736,-2.4667366,0.1204544,-1.2664294e-05,-0.00025164091,0.00066205673,-0.012650627,0.12592907,-0.6178596130903345,0.7862884321366188,-0.6,0.0,0.0,-2.475575011028901,-0.09880791822020063,-0.07764252865311017,0.0,0.0,0.0,0.0,0.009523763885723922,0.2325992770751516,0.008838455929413682,-2.4015492922901416,2.896149,-0.46623132,2.7742631,-0.34434614,2.126242,-2.3400412,26.416857,0.0027517558
circle,nmpc,17.900000000000002,-0.6271628,0.7692906,-0.59998,-0.00044053636,-0.004954661,-2.454145,0.119872265,-0.00019440289,-0.00041189333,0.0008531763,-0.012129145,0.12591136,-0.6276913612907008,0.7784623015670232,-0.6,0.0,0.0,-2.4630086404144236,-0.09782445765066372,-0.07887802256661969,0.0,0.0,0.0,0.0,0.009186914282286475,0.23148033291031755,0.008863685733027094,-2.3958559249013964,2.8108428,-0.5068533,2.7318504,-0.42786124,2.099178,-2.3648877,25.803051,0.0026878181
circle,nmpc,18.0,-0.6364547,0.7616977,-0.599977,-0.00040372123,-0.006072884,-2.4415545,0.11999501,-0.00027972466,-0.0005651377,0.0009919511,-0.011237694,0.12589571,-0.6374239897486897,0.7705132427757893,-0.6,0.0,0.0,-2.4504422697995505,-0.09682554946516264,-0.08010106072597889,0.0,0.0,0.0,0.0,0.00886869065716116,0.2310474438898003,0.008887723443349316,-2.390143676847001,2.7059078,-0.5552031,2.6814933,-0.5307891,2.0676322,-2.3947775,25.112392,0.0026158744
circle,nmpc,18.1,-0.64568883,0.7539593,-0.59997463,-0.00037045212,-0.007080937,-2.4289658,0.12047661,-0.0003056235,-0.0007075265,0.001097191,-0.010131347,0.12588178,-0.6470559615694444,0.7624425110114478,-0.6,0.0,0.0,-2.4378758991855793,-0.09581135140307451,-0.0813114499992329,0.0,0.0,0.0,0.0,0.008592705513300568,0.23096087804107385,0.008910092224519772,-2.3843830811374853,2.5885315,-0.6061447,2.6284025,-0.6460161,2.0324187,-2.4289265,24.424152,0.0025441826
circle,nmpc,18.2,-0.6548717,0.7460633,-0.5999725,-0.0003414739,-0.007967496,-2.4163783,0.12110537,-0.00029471796,-0.00083660905,0.001181094,-0.008912225,0.12586948,-0.6565857557529566,0.7542513807361036,-0.6,0.0,0.0,-2.4253095285711783,-0.09478202361790089,-0.08250899925199562,0.0,0.0,0.0,0.0,0.00836561613458074,0.2310135406005467,0.008931268912364843,-2.3785569764253864,2.4638484,-0.6562274,2.5760336,-0.7684133,1.9942337,-2.46659,23.788626,0.0024779818
circle,nmpc,18.3,-0.66400033,0.7380074,-0.5999706,-0.00031655843,-0.008728264,-2.4037917,0.121744975,-0.0002623957,-0.00095103745,0.0012519752,-0.007650655,0.12585863,-0.6660118674342519,0.7459411454241819,-0.6,0.0,0.0,-2.4127431579567666,-0.09373772865239882,-0.08369351937725922,0.0,0.0,0.0,0.0,0.008184805355385853,0.23107239695518944,0.008951491925882848,-2.372659532107926,2.3352334,-0.70341533,2.526424,-0.8946065,1.9536762,-2.5071406,23.233852,0.0024201928
circle,nmpc,18.400000000000002,-0.6730686,0.72979397,-0.5999688,-0.00029476712,-0.009362943,-2.391206,0.12234478,-0.00022295772,-0.0010501172,0.0013164011,-0.006386628,0.12584892,-0.6753328081210248,0.7375131173581736,-0.6,0.0,0.0,-2.400176787342295,-0.09267863141293464,-0.08486482332564771,0.0,0.0,0.0,0.0,0.008044438443456719,0.23108529663162897,0.008970761265024496,-2.366689051633493,2.2047513,-0.7466942,2.4806125,-1.0225561,1.91121,-2.5500536,22.773037,0.0023721913
circle,nmpc,18.5,-0.6820689,0.7214282,-0.5999671,-0.0002748241,-0.009874145,-2.3786213,0.12287334,-0.00018567099,-0.0011336561,0.0013777135,-0.005149109,0.12584019,-0.6845471059286887,0.7289686274214114,-0.6,0.0,0.0,-2.3876104167284593,-0.09160489914322723,-0.0860227261345603,0.0,0.0,0.0,0.0,0.0079372838507355,0.2310199164397924,0.008989076930485673,-2.3606478837915903,2.0737648,-0.7853981,2.4393046,-1.1509387,1.8671641,-2.594935,22.412209,0.002334605
circle,nmpc,18.6,-0.69099414,0.712916,-0.5999655,-0.00025543844,-0.010266171,-2.3660374,0.123329856,-0.0001547895,-0.0012018386,0.0014363958,-0.0039548445,0.12583251,-0.6936533058128052,0.7203090248879068,-0.6,0.0,0.0,-2.375044046113704,-0.09051670139792467,-0.08716704495786987,0.0,0.0,0.0,0.0,0.00785677449789648,0.23087426646299242,0.009006677339289837,-2.3545394276271163,1.943118,-0.8192358,2.4028163,-1.2789348,1.8217921,-2.6414754,22.152374,0.002307539
circle,nmpc,18.7,-0.69983745,0.70426357,-0.599964,-0.00023550053,-0.010544635,-2.353454,0.123714656,-0.00013112041,-0.001255093,0.0014911838,-0.002816786,0.12582606,-0.7026499697988491,0.7115356772092855,-0.6,0.0,0.0,-2.3624776754994214,-0.08941421001629202,-0.08829759909434465,0.0,0.0,0.0,0.0,0.00779712490234829,0.23064868652776876,0.009023562492829651,-2.3483681923977247,1.8138094,-0.8477333,2.3716514,-1.405576,1.7752832,-2.6894479,21.993692,0.0022910095
circle,nmpc,18.8,-0.7085927,0.69547623,-0.5999626,-0.00021417176,-0.010716005,-2.3408713,0.12403855,-0.00011314892,-0.001293989,0.0015400787,-0.0017433319,0.12582108,-0.7115356772092856,0.7026499697988489,-0.6,0.0,0.0,-2.3499113048852682,-0.08829759909434465,-0.08941421001629202,0.0,0.0,0.0,0.0,0.007754026327945774,0.23035406003957293,0.009039970809340492,-2.342138683855608,1.6856972,-0.8714273,2.345276,-1.5310069,1.727772,-2.7386644,21.930742,0.0022844523
circle,nmpc,18.900000000000002,-0.71725446,0.6865587,-0.59996134,-0.00019098139,-0.010787263,-2.3282888,0.124309935,-9.607088e-05,-0.0013192416,0.0015802206,-0.0007395233,0.12581776,-0.7203090248879073,0.6936533058128046,-0.6,0.0,0.0,-2.3373449342706794,-0.08716704495786987,-0.09051670139798018,0.0,0.0,0.0,0.0,0.0077243097420820455,0.23000031247121694,0.00905614070683658,-2.3358534393338575,1.5587387,-0.8907306,2.323272,-1.6552647,1.6793697,-2.7889886,21.959301,0.0022874272
circle,nmpc,19.0,-0.72581613,0.67751634,-0.59996015,-0.00016576242,-0.010766033,-2.3157065,0.124518484,-7.525317e-05,-0.001331604,0.0016094532,0.0001882737,0.1258161,-0.7289686274214117,0.6845471059286885,-0.6,0.0,0.0,-2.3247785636565523,-0.08602272613461581,-0.09160489914322723,0.0,0.0,0.0,0.0,0.0077052888759422625,0.22958016110773774,0.009072072186215419,-2.329517850216371,1.4326522,-0.9061362,2.3051493,-1.7786342,1.6301243,-2.8402987,22.075428,0.002299524
circle,nmpc,19.1,-0.73427296,0.66835463,-0.59995914,-0.00013809108,-0.010659762,-2.3031242,0.12467477,-6.1879866e-05,-0.0013320653,0.0016313011,0.0010418582,0.12581582,-0.737513117358174,0.6753328081210243,-0.6,0.0,0.0,-2.312212193042367,-0.0848648233255922,-0.09267863141287913,0.0,0.0,0.0,0.0,0.007693846463235691,0.22909927343002381,0.009088003665536082,-2.323135708039203,1.3066809,-0.91866386,2.2898896,-1.9018735,1.5801178,-2.892492,22.275358,0.00232035
circle,nmpc,19.200000000000003,-0.7426201,0.65907943,-0.5999583,-0.00010770448,-0.010475859,-2.2905416,0.12477452,-5.6669047e-05,-0.0013215545,0.0016450919,0.0018216468,0.12581687,-0.7459411454241824,0.6660118674342513,-0.6,0.0,0.0,-2.299645822427923,-0.08369351937725922,-0.09373772865239882,0.0,0.0,0.0,0.0,0.007686980292758473,0.22855374020326824,0.009104173563176943,-2.316711295435409,1.1808312,-0.92848605,2.2773116,-2.0249677,1.529412,-2.9454784,22.558035,0.0023497955
circle,nmpc,19.3,-0.75085276,0.64969665,-0.5999576,-7.4595046e-05,-0.010221493,-2.277959,0.12481853,-5.704346e-05,-0.0013010208,0.0016492037,0.0025301087,0.12581919,-0.7542513807361039,0.6565857557529564,-0.6,0.0,0.0,-2.2870794518131783,-0.08250899925194011,-0.09478202361790089,0.0,0.0,0.0,0.0,0.007681939927457924,0.2279456523472617,0.009120343460517155,-2.31024861764784,1.0555965,-0.93539137,2.2676585,-2.1474543,1.4780674,-2.999164,22.922745,0.0023877856
circle,nmpc,19.400000000000002,-0.75896615,0.64021134,-0.59995717,-3.917241e-05,-0.0099035,-2.2653763,0.124812394,-5.3957592e-05,-0.0012714386,0.0016403667,0.0031705473,0.1258229,-0.7624425110114482,0.6470559615694439,-0.6,0.0,0.0,-2.274513081198825,-0.0813114499992329,-0.09581135140313002,0.0,0.0,0.0,0.0,0.007676960853232086,0.22728425868803045,0.009136751776827712,-2.3037525044760434,0.9310588,-0.939753,2.2605627,-2.269258,1.4262179,-3.0534296,23.36721,0.0024340847
circle,nmpc,19.5,-0.7669569,0.63062716,-0.599957,-1.7395485e-06,-0.009527965,-2.2527928,0.12477731,-5.0808332e-05,-0.0012336592,0.001620504,0.003750411,0.12582785,-0.7705132427757894,0.6374239897486895,-0.6,0.0,0.0,-2.261946710584517,-0.08010106072592338,-0.09682554946521815,0.0,0.0,0.0,0.0,0.007671127799979364,0.22658777341777842,0.009153875348921314,-2.297264415247285,0.8069779,-0.9422141,2.2553546,-2.3905919,1.3739811,-3.108139,23.888887,0.0024884257
circle,nmpc,19.6,-0.7748228,0.62094736,-0.599957,3.739335e-05,-0.009100462,-2.2402089,0.124722436,-4.748984e-05,-0.0011884499,0.0015903051,0.004274815,0.12583376,-0.7784623015670237,0.6276913612907002,-0.6,0.0,0.0,-2.2493803399702665,-0.07887802256661969,-0.09782445765066372,0.0,0.0,0.0,0.0,0.007663521951089072,0.22586477061403856,0.009171475758230407,-2.2907555712858327,0.68318903,-0.943355,2.2514784,-2.5116453,1.3214486,-3.1631815,24.486126,0.0025506383
circle,nmpc,19.700000000000003,-0.7825634,0.61117226,-0.59995717,7.793407e-05,-0.008625438,-2.2276242,0.124681845,-4.3810905e-05,-0.0011365605,0.0015506474,0.00475495,0.12584051,-0.7862884321366193,0.617859613090334,-0.6,0.0,0.0,-2.2368139693561364,-0.07764252865316568,-0.09880791822020063,0.0,0.0,0.0,0.0,0.007654965217737391,0.22514615910973104,0.009189791423397153,-2.2842254149629766,0.5594987,-0.94353384,2.2485707,-2.632607,1.2686743,-3.2185016,25.158272,0.002620653
circle,nmpc,19.8,-0.79017776,0.60130256,-0.59995747,0.000119484605,-0.008107206,-2.215039,0.12465106,-3.5711622e-05,-0.0010785725,0.0015010302,0.005192128,0.12584804,-0.7939903986478354,0.6079302976946053,-0.6,0.0,0.0,-2.224247598741613,-0.07639477408433182,-0.09977577587405584,0.0,0.0,0.0,0.0,0.007646231455972529,0.22442965699854472,0.00920858392532864,-2.277674595598127,0.429299,-0.9419948,2.2473798,-2.7600765,1.2146665,-3.2750862,25.941994,0.0027022911
circle,nmpc,19.900000000000002,-0.79766566,0.5913442,-0.599958,0.00016192358,-0.007549933,-2.202453,0.12459035,-6.0469523e-05,-0.0010150437,0.0014447657,0.0055877664,0.12585695,-0.8015669848708767,0.5979049830575187,-0.6,0.0,0.0,-2.211681228127367,-0.07513495589511754,-0.10072787777626324,0.0,0.0,0.0,0.0,0.007633236561347998,0.22366304138778198,0.009228330101854088,-2.2711081531351827,0.2895394,-0.9383143,2.2481892,-2.8969653,1.159938,-3.3325183,26.862164,0.002798142
circle,nmpc,20.0,-0.8050291,0.58131045,-0.59995866,0.00020532814,-0.006957412,-2.1898656,0.12445317,-0.00017948881,-0.000946214,0.0013843621,0.005945591,0.12586752,-0.8090169943749473,0.5877852522924732,-0.6,0.0,0.0,-2.1991148575126216,-0.0738632730252764,-0.10166407357886653,0.0,0.0,0.0,0.0,0.007604479480813354,0.22277663402882367,0.009249268370775887,-2.264533804430725,0.1446435,-0.9336857,2.249762,-3.0388055,1.1075623,-3.3877928,27.892294,0.002905447
circle,nmpc,20.1,-0.8122704,0.57121766,-0.59995943,0.0002482739,-0.006333017,-2.177277,0.12421437,-0.00040851225,-0.00087210996,0.0013052787,0.006269799,0.12587984,-0.8163392507171842,0.5775727034222672,-0.6,0.0,0.0,-2.186548486898687,-0.0725799262885074,-0.10258421544573348,0.0,0.0,0.0,0.0,0.007546111196043354,0.22174000843363292,0.009271398733403657,-2.257959053021832,0.003146038,-0.93024546,2.2501576,-3.177258,1.0618612,-3.4366124,28.961397,0.0030168125
circle,nmpc,20.200000000000003,-0.81939083,0.5610786,-0.59996027,0.000286834,-0.0056796274,-2.1646874,0.12389076,-0.0007154104,-0.00079281046,0.0011829116,0.006565151,0.12589416,-0.8235325976284278,0.5672689491267561,-0.6,0.0,0.0,-2.1739821162841158,-0.07128511833992546,-0.10348815807581513,0.0,0.0,0.0,0.0,0.007448228822675293,0.22058215872519388,0.009294721188290556,-2.2513879504683003,-0.12667036,-0.9299151,2.2478147,-3.304401,1.0267993,-3.4749744,29.982288,0.0031231549
circle,nmpc,20.3,-0.8263898,0.550896,-0.599961,0.00031397826,-0.004999295,-2.1520958,0.12355397,-0.0010245213,-0.00070868764,0.0009865914,0.0068394435,0.1259114,-0.8305958991958128,0.5568756164881878,-0.6,0.0,0.0,-2.161415745669854,-0.06997905364469759,-0.10437575872584981,0.0,0.0,0.0,0.0,0.007310870401807381,0.21940148439649443,0.009319950992119796,-2.244816500141189,-0.23552665,-0.9335666,2.2421544,-3.4112484,1.0055832,-3.4995813,30.84916,0.0032134538
circle,nmpc,20.400000000000002,-0.83326256,0.5406548,-0.59996146,0.00031903494,-0.004293311,-2.139502,0.12332844,-0.001203748,-0.0006205304,0.0006801582,0.0070993775,0.12593277,-0.8375280400421419,0.5463943467342688,-0.6,0.0,0.0,-2.1488493750557187,-0.06866193844595747,-0.10524687723401094,0.0,0.0,0.0,0.0,0.007151113592554016,0.21837047227779302,0.009347326563287073,-2.2382302306065216,-0.31232873,-0.94076306,2.2338083,-3.4869008,1.0006295,-3.507886,31.437483,0.003274738
circle,nmpc,20.5,-0.83999914,0.53031486,-0.59996146,0.00028818936,-0.0035624392,-2.126906,0.1234021,-0.0010775077,-0.000529638,0.00023233719,0.0073489035,0.12595864,-0.8443279255020151,0.5358267949789967,-0.6,0.0,0.0,-2.136283004440858,-0.06733398073094365,-0.10610137604000203,0.0,0.0,0.0,0.0,0.007008656961452698,0.21773962552181308,0.009377086319520167,-2.2316030644561904,-0.34482113,-0.9497793,2.2245846,-3.5191858,1.0135282,-3.4980733,31.618183,0.0032935608
circle,nmpc,20.6,-0.8465837,0.51980454,-0.5999611,0.0002057306,-0.0028074528,-2.114307,0.124024265,-0.00044158063,-0.00043796806,-0.0003757541,0.0075861746,0.12598778,-0.850994481794692,0.5251746299612956,-0.6,0.0,0.0,-2.123716633826634,-0.0659953901999133,-0.10693912020875995,0.0,0.0,0.0,0.0,0.006949402306281558,0.21782880188255838,0.00940970709933886,-2.2248980040559085,-0.32119948,-0.95785856,2.2172728,-3.4963315,1.0448642,-3.4692953,31.289047,0.0032592758
circle,nmpc,20.700000000000003,-0.85299534,0.5090168,-0.5999606,5.60565e-05,-0.0020299917,-2.1017048,0.12548862,0.0009108082,-0.00034797002,-0.0011429477,0.0078005367,0.1260174,-0.8575266561936525,0.5144395337815059,-0.6,0.0,0.0,-2.1111502632125734,-0.06464637823172525,-0.10775997745071653,0.0,0.0,0.0,0.0,0.0070668469447653665,0.2189994972718597,0.009445427320849742,-2.2182004064916168,-0.2365511,-0.9628276,2.2141128,-3.4134922,1.0937955,-3.422088,30.444292,0.0031712803
circle,nmpc,20.8,-0.85922694,0.49795458,-0.5999609,-0.00014498505,-0.0012583259,-2.0891018,0.12694612,0.002272078,-0.00026086334,-0.0017545718,0.0077237226,0.12603132,-0.8639234171928355,0.5036232016357606,-0.6,0.0,0.0,-2.098583892597989,-0.0632871578509775,-0.10856381814311478,0.0,0.0,0.0,0.0,0.007361501786703343,0.2201666743492834,0.009482101216153005,-2.2114552910066383,-0.09804107,-0.96450156,2.2153215,-3.277865,1.1578586,-3.3587344,29.213657,0.003043089
circle,nmpc,20.900000000000002,-0.86528856,0.48671567,-0.5999626,-0.0003603785,-0.0005365867,-2.0764995,0.1276575,0.0030236416,-0.0001768645,-0.0019953584,0.0071991202,0.12602238,-0.8701837546695259,0.49272734154829123,-0.6,0.0,0.0,-2.0860175219836394,-0.06191794369436732,-0.10935051535007623,0.0,0.0,0.0,0.0,0.0077527101687673875,0.22037883834427158,0.009518059855953886,-2.204761313233914,0.07976138,-0.9635436,2.220031,-3.103814,1.2334598,-3.282817,27.795288,0.0028953424
circle,nmpc,21.0,-0.87119603,0.4753997,-0.59996563,-0.00055792776,9.803187e-05,-2.0639,0.1276134,0.0031365526,-9.7404394e-05,-0.0019078855,0.006300779,0.12599736,-0.8763066800438636,0.4817536741017152,-0.6,0.0,0.0,-2.073451151368959,-0.060538951976607525,-0.11011994484300125,0.0,0.0,0.0,0.0,0.008154315449144708,0.21960953884619225,0.009551157472474703,-2.1985208410531443,0.2805826,-0.96174437,2.2262187,-2.907381,1.3167137,-3.1983695,26.375896,0.0027474891
circle,nmpc,21.1,-0.8769628,0.46405867,-0.59996957,-0.00072127354,0.0006248335,-2.0513036,0.12719695,0.0028870024,-2.528158e-05,-0.001645806,0.005197737,0.12596714,-0.8822912264349534,0.4707039321653324,-0.6,0.0,0.0,-2.0608847807551225,-0.059150400456675634,-0.11087198512010898,0.0,0.0,0.0,0.0,0.008517793200945643,0.21832646178426376,0.009581155648310968,-2.192225711600856,0.49217218,-0.9594392,2.2332547,-2.7005224,1.4040045,-3.1091964,25.081337,0.0026126392
circle,nmpc,21.200000000000003,-0.882598,0.452717,-0.5999739,-0.0008444658,0.0010333542,-2.03871,0.12662102,0.002453401,3.6925154e-05,-0.001310611,0.003994372,0.12593798,-0.8881364488135447,0.4595798606214876,-0.6,0.0,0.0,-2.0483184101406433,-0.05775250840273083,-0.11160651742550542,0.0,0.0,0.0,0.0,0.008818960023859203,0.21680236476404324,0.009608292800555416,-2.185892229100779,0.7066814,-0.95570636,2.2418003,-2.490826,1.492271,-3.0185566,23.981213,0.0024980428
circle,nmpc,21.3,-0.8881069,0.4413817,-0.5999784,-0.0009283847,0.0013198426,-2.026119,0.12601535,0.001957709,8.718634e-05,-0.0009692994,0.002758556,0.12591301,-0.893841424151264,0.4483832160900319,-0.6,0.0,0.0,-2.035752039525944,-0.05634549655819665,-0.11232342576802945,0.0,0.0,0.0,0.0,0.009050235433421651,0.2152107427546497,0.009633045766788584,-2.1795295458684905,0.91811556,-0.9502047,2.2520092,-2.2840989,1.5790659,-2.9290886,23.107487,0.00240703
circle,nmpc,21.400000000000002,-0.8934922,0.4300497,-0.5999827,-0.0009775574,0.0014851114,-2.0135298,0.12545705,0.0014658099,0.0001241908,-0.00065788446,0.0015358118,0.12589303,-0.8994052515663713,0.43711576665093244,-0.6,0.0,0.0,-2.023185668911513,-0.054929587106622435,-0.11302259693954375,0.0,0.0,0.0,0.0,0.009213777372626072,0.21365146616587277,0.009655891384657611,-2.173145801503492,1.1253167,-0.9401376,2.266578,-2.0813994,1.6625512,-2.842753,22.465117,0.0023401163
circle,nmpc,21.5,-0.8987565,0.41870984,-0.5999866,-0.0009982362,0.0015330199,-2.0009422,0.12501773,0.0010136213,0.00014722104,-0.00039373038,0.00035603184,0.12587778,-0.9048270524660196,0.4257792915650725,-0.6,0.0,0.0,-2.0106192982977156,-0.05350500363654476,-0.11370392053275391,0.0,0.0,0.0,0.0,0.009318198382537349,0.21220391929117158,0.0096770680731062,-2.1667392713721014,1.3273323,-0.9239314,2.2870498,-1.8836496,1.7414075,-2.760955,22.049566,0.0022968296
circle,nmpc,21.6,-0.9038995,0.40735134,-0.5999902,-0.0009972336,0.001467716,-1.9883554,0.12468444,0.000620152,0.00015610614,-0.00018293077,-0.0007786849,0.12586676,-0.9101059706849958,0.4143755809932839,-0.6,0.0,0.0,-1.9980529276833374,-0.05207197110607131,-0.11436728895883319,0.0,0.0,0.0,0.0,0.009373386910190237,0.2108671718001603,0.009697529505236835,-2.1603067841416372,1.5236019,-0.9006177,2.3143356,-1.6913521,1.8147647,-2.6846316,21.849915,0.002276033
circle,nmpc,21.700000000000003,-0.90891874,0.39596525,-0.5999934,-0.0009811996,0.0012932837,-1.9757693,0.12443264,0.000294193,0.00015097782,-2.4387964e-05,-0.001869835,0.12585905,-0.9152411726209178,0.4029064357136623,-0.6,0.0,0.0,-1.9854865570686442,-0.050630715807686855,-0.11501259746421466,0.0,0.0,0.0,0.0,0.009388998905352702,0.20962551531677726,0.009717275681315085,-2.15384578775466,1.7139425,-0.8697686,2.3488789,-1.5047055,1.8821257,-2.614313,21.852497,0.0022763016
circle,nmpc,21.8,-0.91381097,0.3845444,-0.59999627,-0.00095597305,0.0010140261,-1.9631836,0.12424533,3.1913256e-05,0.00013214743,8.949686e-05,-0.0029160643,0.1258538,-0.9202318473658704,0.39137366683720237,-0.6,0.0,0.0,-1.9729201864544612,-0.04918146533239298,-0.11563974414713352,0.0,0.0,0.0,0.0,0.009373716120935245,0.20846295442686186,0.00973654502074539,-2.1473528514593365,1.8982247,-0.8313437,2.390738,-1.3238575,1.9432548,-2.550245,22.042606,0.0022961046
circle,nmpc,21.900000000000002,-0.9185721,0.37308457,-0.59999883,-0.00092650595,0.00063413894,-1.9505982,0.124095306,-0.00017113656,0.0001000495,0.00016705164,-0.003919183,0.1258504,-0.9250772068344583,0.37977909552180056,-0.6,0.0,0.0,-1.9603538158399143,-0.047724448533570385,-0.11624862997397511,0.0,0.0,0.0,0.0,0.009334487677998311,0.20735482262556346,0.009755575941232664,-2.1408262631900836,2.0765553,-0.7854477,2.4398234,-1.1487164,1.9981269,-2.492461,22.406172,0.002333976
circle,nmpc,22.0,-0.9231983,0.36158308,-0.6000011,-0.00089669286,0.00015797513,-1.938013,0.12396936,-0.00032439706,5.5193424e-05,0.00021832301,-0.0048782392,0.12584831,-0.9297764858882515,0.36812455268467775,-0.6,0.0,0.0,-1.947787445225638,-0.04625989549111864,-0.11683915879454054,0.0,0.0,0.0,0.0,0.009277045457604913,0.20628546380674392,0.009774487652701058,-2.13467428601948,2.248924,-0.7324846,2.4957504,-0.9793116,2.0468545,-2.4408393,22.929325,0.0023884713
circle,nmpc,22.1,-0.92768574,0.35004002,-0.60000324,-0.00086932414,-0.00041020763,-1.9254277,0.12384569,-0.0004410868,-1.885131e-06,0.0002538052,-0.005794676,0.1258472,-0.9343289424566121,0.35641187871325036,-0.6,0.0,0.0,-1.9352210746112328,-0.044788037474874365,-0.11741123735745096,0.0,0.0,0.0,0.0,0.009205041172167212,0.20522999251976015,0.009793399364040443,-2.1287341111553375,2.4154854,-0.6729906,2.5580857,-0.81559134,2.0898914,-2.3949459,23.59989,0.0024583219
circle,nmpc,22.200000000000003,-0.93203187,0.3384541,-0.60000515,-0.0008465941,-0.0010653886,-1.9128424,0.12374169,-0.00052551104,-7.053791e-05,0.00027892648,-0.006661214,0.12584744,-0.9387338576538743,0.3446429231745166,-0.6,0.0,0.0,-1.9226547039970983,-0.04330910690836243,-0.11796477532494132,0.0,0.0,0.0,0.0,0.009122402624533697,0.20420076713031948,0.009812311075650504,-2.1228431285826526,2.5758986,-0.60671717,2.6270509,-0.6578699,2.1282532,-2.3537354,24.407082,0.0025424042
circle,nmpc,22.3,-0.93623483,0.32682586,-0.60000694,-0.00083035865,-0.0018027476,-1.9002568,0.12364344,-0.00059181225,-0.00015014966,0.0002964398,-0.007480136,0.12584946,-0.9429905358928645,0.3328195445229865,-0.6,0.0,0.0,-1.9100883333826657,-0.041823337331770016,-0.11849968528690469,0.0,0.0,0.0,0.0,0.009031272001572608,0.2031786023650861,0.009831580414831231,-2.11699804463237,2.7313359,-0.5351002,2.7012331,-0.50499797,2.1630685,-2.3160863,25.341333,0.002639722
circle,nmpc,22.400000000000002,-0.9402925,0.31515583,-0.6000086,-0.00082264974,-0.0026173475,-1.8876708,0.12355136,-0.0006378589,-0.00024007821,0.00030398404,-0.008250505,0.12585363,-0.9470983049947443,0.32094360980720926,-0.6,0.0,0.0,-1.8975219627680768,-0.04033096336536479,-0.11901588277488107,0.0,0.0,0.0,0.0,0.008934075764352647,0.20216535436601618,0.009851207381724292,-2.1111951565480345,2.8825934,-0.45906937,2.7796252,-0.35610148,2.195327,-2.2809987,26.395628,0.0027495448
circle,nmpc,22.5,-0.9442022,0.30344424,-0.6000102,-0.0008257894,-0.0035041987,-1.8750839,0.123467326,-0.000656906,-0.00033969714,0.0002980421,-0.008972055,0.12585971,-0.9510565162951536,0.3090169943749471,-0.6,0.0,0.0,-1.8849555921538845,-0.03883222067235792,-0.11951328627526903,0.0,0.0,0.0,0.0,0.008833889089480436,0.20116683979144956,0.00987166881404078,-2.1054293325614024,3.032146,-0.38132298,2.859647,-0.20882426,2.2260394,-2.2474635,27.56685,0.002871547
circle,nmpc,22.6,-0.94795907,0.29169005,-0.60001177,-0.0008422572,-0.0044582393,-1.8624964,0.123397335,-0.00062565855,-0.000448353,0.00027641535,-0.009644351,0.1258674,-0.9548645447466431,0.2970415815770345,-0.6,0.0,0.0,-1.8723892215396498,-0.037327345921545074,-0.11999181724231534,0.0,0.0,0.0,0.0,0.008736398371138333,0.20020215795824375,0.009892845502052161,-2.099695760069368,3.1815178,-0.30341807,2.9398463,-0.061746612,2.2560797,-2.2145991,28.854973,0.0030057263
circle,nmpc,22.700000000000003,-0.9515598,0.27989247,-0.60001326,-0.00087315973,-0.0054744817,-1.8499078,0.123345576,-0.0005577975,-0.0005653859,0.00025220157,-0.010268447,0.12587585,-0.9585217890173761,0.2850192624699756,-0.6,0.0,0.0,-1.8598228509250232,-0.03581657675005845,-0.12045140011046618,0.0,0.0,0.0,0.0,0.00864602063511415,0.19926712360416832,0.009915095073277591,-2.0939884109831195,3.331691,-0.2263226,3.0192943,0.08607385,2.286184,-2.1816642,30.26123,0.0031522114
circle,nmpc,22.8,-0.95500237,0.26805404,-0.60001475,-0.0009180467,-0.006548763,-1.8373182,0.1232854,-0.0004780373,-0.0006901882,0.00024034097,-0.01085273,0.12588434,-0.9620276715860859,0.27295193551732505,-0.6,0.0,0.0,-1.847256480310898,-0.034300151725952244,-0.12089196230616328,0.0,0.0,0.0,0.0,0.008564141071231445,0.19832598200673054,0.009938298319320804,-2.0883067978235172,3.483225,-0.15069894,3.097373,0.2351529,2.3169305,-2.1480854,31.78702,0.003311148
circle,nmpc,22.900000000000002,-0.958287,0.25617552,-0.60001624,-0.0009755989,-0.007676503,-1.8247277,0.1232397,-0.000400334,-0.00082218903,0.00024899928,-0.0113929855,0.12589268,-0.965381638833274,0.2608415062898966,-0.6,0.0,0.0,-1.8346901096963872,-0.03277831031023304,-0.12131343425964003,0.0,0.0,0.0,0.0,0.008491501685141808,0.19738863806879445,0.009962455239294954,-2.0826472309084956,3.6363492,-0.077054374,3.1735952,0.38569963,2.3487415,-2.1134374,33.432648,0.0034825678
circle,nmpc,23.0,-0.9614143,0.24425943,-0.6000177,-0.0010440069,-0.008853738,-1.812136,0.12319187,-0.00033436186,-0.0009608514,0.00028250678,-0.011895183,0.12590101,-0.9685831611286311,0.24868988716485482,-0.6,0.0,0.0,-1.8221237390819072,-0.03125129281933425,-0.12171574941551022,0.0,0.0,0.0,0.0,0.008427463395182995,0.1964358807689648,0.009987685042905703,-2.07700645897029,3.791069,-0.005785291,3.2475586,0.5377251,2.3819032,-2.0774302,35.1972,0.0036663748
circle,nmpc,23.1,-0.96438444,0.2323097,-0.6000192,-0.0011214921,-0.01007692,-1.7995433,0.12312793,-0.00027932014,-0.0011057397,0.00034006155,-0.0123632755,0.12590958,-0.9716317329146741,0.23649899702372418,-0.6,0.0,0.0,-1.8095573684679431,-0.02971934038709101,-0.12209884424357886,0.0,0.0,0.0,0.0,0.008371014901579502,0.19545717468697457,0.010014106939927991,-2.0713867936328207,3.9512172,0.06391407,3.3201537,0.6949776,2.4168503,-2.0396898,37.12412,0.0038670953
circle,nmpc,23.200000000000003,-0.96719813,0.22032511,-0.60002077,-0.0012061929,-0.011342064,-1.7869494,0.12309783,-0.00022674855,-0.0012562489,0.00042205013,-0.0127926655,0.12591858,-0.9745268727865772,0.22427076094938056,-0.6,0.0,0.0,-1.7969909978536327,-0.028182694926437435,-0.12246265824872316,0.0,0.0,0.0,0.0,0.008323400396128762,0.1944967682434997,0.010041601720209847,-2.0657890797516294,4.121009,0.13271888,3.392275,0.86145276,2.4536545,-2.0002239,39.27128,0.004090758
circle,nmpc,23.3,-0.96985424,0.2082975,-0.6000222,-0.0012963649,-0.012645254,-1.7743541,0.1231658,-0.00014544214,-0.0014114799,0.0005268147,-0.0131838005,0.12592894,-0.9772681235681935,0.21200710992205435,-0.6,0.0,0.0,-1.7844246272388247,-0.02664159909149255,-0.12280713398052368,0.0,0.0,0.0,0.0,0.008290198322057494,0.19362370746415697,0.01007052701146871,-2.060209983362264,4.299802,0.20032072,3.4636931,1.0364296,2.4912064,-1.960133,41.648014,0.004338335
circle,nmpc,23.400000000000002,-0.97234935,0.19621377,-0.60002327,-0.0013899748,-0.013983011,-1.7617571,0.12337658,-6.2453173e-06,-0.0015705596,0.00065676955,-0.013540854,0.12594165,-0.979855052384247,0.19970998051440664,-0.6,0.0,0.0,-1.7718582566244183,-0.025096296239257576,-0.12313221704221555,0.0,0.0,0.0,0.0,0.008280077533243307,0.1928902952015194,0.010101121233182964,-2.054639092897858,4.4789386,0.26495683,3.5323825,1.2115132,2.526934,-1.9218918,44.155647,0.0045995465
circle,nmpc,23.5,-0.9746803,0.18406492,-0.6000236,-0.0014835817,-0.015352749,-1.7491584,0.1236921,0.00017556216,-0.0017330041,0.00082556566,-0.013872469,0.12595648,-0.9822872507286887,0.18738131458572457,-0.6,0.0,0.0,-1.759291886010035,-0.02354703039092465,-0.12343785609944535,0.0,0.0,0.0,0.0,0.008298471577418087,0.19225671067653044,0.010133503594263571,-2.0490628925606584,4.6499248,0.32590622,3.59707,1.3787612,2.557883,-1.8884087,46.67676,0.0048621628
circle,nmpc,23.6,-0.9768462,0.17185327,-0.60002315,-0.0015718068,-0.016752888,-1.7365576,0.124007344,0.00035290362,-0.0018986866,0.0010522272,-0.014188291,0.12597129,-0.9845643345292054,0.17502305897527587,-0.6,0.0,0.0,-1.7467255153955774,-0.021994046193518635,-0.12372400288826468,0.0,0.0,0.0,0.0,0.008343703801559904,0.19161182048471076,0.010167912513192157,-2.0434719560755763,4.8044786,0.38258782,3.6563997,1.5306674,2.5812788,-1.8624653,49.073368,0.005111809
circle,nmpc,23.700000000000003,-0.9788509,0.1595937,-0.6000219,-0.001647367,-0.01818175,-1.7239555,0.12420592,0.00045984247,-0.0020676923,0.0013555271,-0.01448666,0.12598142,-0.9866859442078681,0.1626371651948829,-0.6,0.0,0.0,-1.7341591447815785,-0.02043758888131686,-0.12399061222279073,0.0,0.0,0.0,0.0,0.008405417998807726,0.1908243560280372,0.010203632734764545,-2.037858556459489,4.93215,0.4338399,3.7083633,1.6576271,2.5947664,-1.846397,51.156,0.00532875
circle,nmpc,23.8,-0.9807067,0.14732054,-0.6000203,-0.0017007826,-0.019637594,-1.711353,0.124106005,0.00038693767,-0.0022404047,0.0017570734,-0.014765992,0.12598005,-0.9886517447379141,0.15022558912075668,-0.6,0.0,0.0,-1.7215927741673835,-0.018877904236880294,-0.12423764200227005,0.0,0.0,0.0,0.0,0.00845952695913832,0.18968580211567904,0.010239829793299071,-2.03221548020572,5.0211782,0.4749972,3.7477489,1.7484273,2.5967295,-1.8417627,52.675568,0.0054870374
circle,nmpc,23.900000000000002,-0.98243606,0.13509811,-0.6000197,-0.0017208884,-0.021118954,-1.698752,0.12341784,3.998459e-06,-0.0024177204,0.0022733125,-0.015027846,0.12596017,-0.9904614256966513,0.13779029068463758,-0.6,0.0,0.0,-1.709026403552767,-0.0173152385524733,-0.12446505321787871,0.0,0.0,0.0,0.0,0.008464908734246374,0.18789409099114418,0.010274357921358225,-2.026539675322149,5.0576396,0.49872625,3.7672348,1.7891319,2.5863075,-1.8493749,53.330673,0.0055552777
circle,nmpc,24.0,-0.9840741,0.12302857,-0.60002244,-0.0016955818,-0.022623658,-1.6861548,0.12177133,-0.0008402833,-0.002601019,0.002913256,-0.015263771,0.12591742,-0.9921147013144779,0.1253332335643041,-0.6,0.0,0.0,-1.6964600329385995,-0.015749838591205823,-0.12467280995853702,0.0,0.0,0.0,0.0,0.008364388717235728,0.1850765551432794,0.0103051905618905,-2.0208997402200373,5.03033,0.49845666,3.7608073,1.7679801,2.5635357,-1.8691669,52.887608,0.0055091255
circle,nmpc,24.1,-0.98564255,0.11114816,-0.60003006,-0.0016263663,-0.024125053,-1.6735632,0.11978738,-0.0019007408,-0.0027899276,0.0035405834,-0.015227354,0.1258577,-0.9936113105200084,0.11285638487348143,-0.6,0.0,0.0,-1.6838936623239744,-0.01418195154784252,-0.12486087941767504,0.0,0.0,0.0,0.0,0.008149848458637893,0.18186467829509606,0.010330420365356252,-2.015360246812784,4.9395924,0.47241533,3.7277305,1.684278,2.5296285,-1.9000423,51.364697,0.0053504896
circle,nmpc,24.200000000000003,-0.987129,0.099382855,-0.6000415,-0.0015330008,-0.025569381,-1.660978,0.1185199,-0.002711425,-0.0029788574,0.0039695622,-0.014647902,0.1257924,-0.9949510169813002,0.10036171485121453,-0.6,0.0,0.0,-1.671327291709707,-0.012611825009944955,-0.1250292318962995,0.0,0.0,0.0,0.0,0.007883163166826405,0.1793489597038918,0.010349332076833528,-2.0099141541898287,4.799863,0.42486942,3.67328,1.5514529,2.486958,-1.9398521,49.067173,0.005111164
circle,nmpc,24.3,-0.9884941,0.08759663,-0.60005367,-0.0014426907,-0.026896298,-1.6483989,0.11857086,-0.002976488,-0.003158544,0.004119156,-0.013461925,0.12572965,-0.9961336091431725,0.08785119655074315,-0.6,0.0,0.0,-1.6587609210954617,-0.011039706918680725,-0.12517784080982863,0.0,0.0,0.0,0.0,0.007643939478389407,0.17816297376615917,0.010362044905276147,-2.004454436404961,4.62912,0.36325437,3.6053324,1.3870429,2.4383404,-1.9860003,46.37272,0.0048304913
circle,nmpc,24.400000000000002,-0.98971015,0.075725846,-0.60006464,-0.001369894,-0.028073132,-1.6358258,0.119247265,-0.002916073,-0.0033219445,0.004109254,-0.011949646,0.1256683,-0.9971589002606139,0.07532680552793215,-0.6,0.0,0.0,-1.6461945504809818,-0.0094658455296881,-0.12530668269118694,0.0,0.0,0.0,0.0,0.007459709071988459,0.17764448071600794,0.010368797269006746,-1.9989210933718455,4.441767,0.29301628,3.5295227,1.2052615,2.3864567,-2.035938,43.56556,0.0045380793
circle,nmpc,24.5,-0.9907589,0.0637489,-0.6000734,-0.0013204196,-0.029083846,-1.6232586,0.120147936,-0.0026776905,-0.0034655917,0.004022302,-0.010279228,0.12560903,-0.9980267284282716,0.06279051952931314,-0.6,0.0,0.0,-1.633628179866394,-0.007890489373940657,-0.12541573719473953,0.0,0.0,0.0,0.0,0.007331117046806144,0.17739920186832583,0.010369589168151894,-1.9932857543478781,4.247753,0.21756206,3.449329,1.015987,2.3336918,-2.0873466,40.823975,0.0042524976
circle,nmpc,24.6,-0.99162936,0.051663764,-0.60007966,-0.0012947593,-0.029921636,-1.6106968,0.121088564,-0.0023508028,-0.003587962,0.0039095334,-0.008543683,0.12555343,-0.9987369566060175,0.050244318179769216,-0.6,0.0,0.0,-1.621061809252195,-0.006313887218500902,-0.1255049870995291,0.0,0.0,0.0,0.0,0.007248383993897597,0.1772320830626931,0.010365016649655834,-1.9875342471525246,4.0538025,0.13906254,3.3668916,0.8259739,2.2818623,-2.1384363,38.250652,0.003984443
circle,nmpc,24.700000000000003,-0.9923161,0.039480027,-0.60008323,-0.0012899858,-0.030586015,-1.59814,0.121958666,-0.0019974583,-0.0036886223,0.003804372,-0.006806302,0.12550299,-0.9992894726405893,0.03769018266993409,-0.6,0.0,0.0,-1.608495438637801,-0.004736288027051838,-0.12557441831195434,0.0,0.0,0.0,0.0,0.007199862602151521,0.17702113502653782,0.010355437340803908,-1.9816635274130332,3.8639736,0.058893982,3.283559,0.6393091,2.2322297,-2.1879292,35.89412,0.0037389707
circle,nmpc,24.8,-0.99281704,0.027210996,-0.6000843,-0.0013016248,-0.03108017,-1.5855875,0.12272364,-0.0016480228,-0.0037677987,0.0037223059,-0.005103375,0.1254593,-0.9996841892832999,0.02513009544333737,-0.6,0.0,0.0,-1.5959290680233957,-0.003157940920817115,-0.1256240198680234,0.0,0.0,0.0,0.0,0.007175997029835192,0.17672129561435956,0.010341566497516828,-1.9756759194264903,3.680592,-0.022043042,3.2001138,0.45843554,2.1855679,-2.2350383,33.770237,0.0035177332
circle,nmpc,24.900000000000002,-0.99313295,0.014871147,-0.6000832,-0.0013242977,-0.031409837,-1.5730387,0.12337245,-0.0013283379,-0.0038260536,0.0036728363,-0.0034599288,0.12542318,-0.9999210442038161,0.012566039883352392,-0.6,0.0,0.0,-1.5833626974093498,-0.0015790951391481123,-0.1256537839350756,0.0,0.0,0.0,0.0,0.007169287047394788,0.17630752666525035,0.010324000166612944,-1.969577207731133,3.5044127,-0.10306099,3.1171544,0.28419763,2.1421893,-2.2794406,31.873775,0.0033201848
circle,nmpc,25.0,-0.9932667,0.0024743325,-0.6000801,-0.0013525039,-0.03158241,-1.5604928,0.12391065,-0.0010544906,-0.0038640578,0.0036579503,-0.0018918017,0.12539513,-1.0,-3.216245299353273e-16,-0.6,0.0,0.0,-1.5707963267948966,0.0,-0.12566370581301903,0.0,0.0,0.0,0.0,0.007173983469031123,0.17577325394354268,0.010303572812352613,-1.9633756822766046,3.3353105,-0.18350494,3.035168,0.11663763,2.1019344,-2.321254,30.190168,0.0031448093
circle,nmpc,25.1,-0.99322337,-0.009966654,-0.6000754,-0.0013808525,-0.03160642,-1.547949,0.124347165,-0.0008432239,-0.0038825977,0.0036774864,-0.0004096911,0.12537493,-0.9999210442038161,-0.012566039883353036,-0.6,0.0,0.0,-1.5582299561804434,0.0015790951391481123,-0.1256537839350747,0.0,0.0,0.0,0.0,0.007184799816432748,0.17511353316711603,0.010280999690880366,-1.957081659149694,3.1727717,-0.26258084,2.9547505,-0.04455966,2.064313,-2.3608716,28.703068,0.0029899029
circle,nmpc,25.200000000000003,-0.9930103,-0.022440307,-0.60006934,-0.0014041523,-0.031491164,-1.5354067,0.12469227,-0.0007137642,-0.0038826982,0.003730507,0.000979476,0.12536156,-0.9996841892832999,-0.025130095443338014,-0.6,0.0,0.0,-1.5456635855663974,0.003157940920817115,-0.1256240198680234,0.0,0.0,0.0,0.0,0.007195887912324717,0.1743222307453876,0.010256876849051189,-1.9507077619848152,3.0163927,-0.3395095,2.876496,-0.19961278,2.0286348,-2.3988237,27.397682,0.002853925
circle,nmpc,25.3,-0.9926371,-0.034936644,-0.6000622,-0.0014174079,-0.031246506,-1.5228655,0.124957435,-0.00068708434,-0.003865792,0.0038161702,0.0022705607,0.12535343,-0.9992894726405892,-0.037690182669934735,-0.6,0.0,0.0,-1.533097214951551,0.004736288027107349,-0.12557441831195434,0.0,0.0,0.0,0.0,0.007199995331991163,0.1733923720194142,0.010231681122815584,-1.9442673635133607,2.8657653,-0.4127788,2.801808,-0.34882158,1.9941535,-2.4357824,26.264488,0.0027358842
circle,nmpc,25.400000000000002,-0.9921115,-0.047448866,-0.60005414,-0.0014174671,-0.030882617,-1.5103248,0.12517169,-0.0007395402,-0.003833383,0.003917263,0.0034612187,0.12534963,-0.9987369566060175,-0.05024431817976986,-0.6,0.0,0.0,-1.520530844337157,0.006313887218556413,-0.1255049870995291,0.0,0.0,0.0,0.0,0.007191252002941744,0.17236092691426988,0.010206008559874304,-1.9377685487718403,2.7198408,-0.48134562,2.731667,-0.49317223,1.9601461,-2.4724252,25.28951,0.002634324
circle,nmpc,25.5,-0.99143773,-0.059969235,-0.60004556,-0.0014032373,-0.030410562,-1.4977846,0.1253249,-0.0008358495,-0.0037868964,0.0040144473,0.0045428793,0.1253495,-0.9980267284282716,-0.06279051952931335,-0.6,0.0,0.0,-1.507964473723399,0.007890489373940657,-0.12541573719473953,0.0,0.0,0.0,0.0,0.007167745778637475,0.17124640421729234,0.010179859160410754,-1.931220001204566,2.5775661,-0.5445727,2.6667268,-0.6337334,1.9259871,-2.5093641,24.459793,0.0025478948
circle,nmpc,25.6,-0.9906175,-0.07249155,-0.6000367,-0.001375115,-0.029841239,-1.4852444,0.12543254,-0.00094913325,-0.0037277078,0.004094196,0.0055173426,0.12535238,-0.9971589002606139,-0.07532680552793324,-0.6,0.0,0.0,-1.4953981031088115,0.0094658455296881,-0.12530668269118694,0.0,0.0,0.0,0.0,0.007129499562273549,0.17007930270725272,0.010153709760117646,-1.9246292298519874,2.4380362,-0.602075,2.607367,-0.77140594,1.8911594,-2.5470948,23.76412,0.0024754293
circle,nmpc,25.700000000000003,-0.9896509,-0.085011125,-0.60002756,-0.0013344442,-0.029185127,-1.4727039,0.1255107,-0.0010613461,-0.0036571156,0.00414838,0.006388733,0.1253576,-0.9961336091431724,-0.08785119655074379,-0.6,0.0,0.0,-1.4828317324943316,0.011039706918680725,-0.12517784080982863,0.0,0.0,0.0,0.0,0.0070775857137314584,0.16888423639757782,0.010127798778511332,-1.9180022095113782,2.3006501,-0.65368104,2.5537634,-0.90679467,1.8552837,-2.5859563,23.193521,0.002415992
circle,nmpc,25.8,-0.9885374,-0.097523764,-0.6000185,-0.0012828583,-0.028452385,-1.4601631,0.12556455,-0.0011682498,-0.003576424,0.00417539,0.007160148,0.12536436,-0.9949510169813002,-0.10036171485121517,-0.6,0.0,0.0,-1.470265361880086,0.012611825009944955,-0.1250292318962995,0.0,0.0,0.0,0.0,0.007013498509500991,0.16766827591070585,0.010102245425007926,-1.911344241396524,2.1643293,-0.69925994,2.5060472,-1.0409783,1.8180369,-2.6262784,22.739792,0.0023687284
circle,nmpc,25.900000000000002,-0.98727655,-0.110025264,-0.60000956,-0.0012222596,-0.027652713,-1.4476218,0.12559442,-0.0012669452,-0.0034867541,0.0041737994,0.0078359,0.1253722,-0.9936113105200084,-0.11285638487348207,-0.6,0.0,0.0,-1.457698991265819,0.01418195154784252,-0.12486087941767504,0.0,0.0,0.0,0.0,0.006938621893519821,0.16643424125724124,0.010077168908641188,-1.9046600643390683,2.0272367,-0.73870355,2.4642828,-1.1757499,1.7791542,-2.6683078,22.395706,0.002332886
circle,nmpc,26.0,-0.9858689,-0.122510575,-0.600001,-0.0011546438,-0.026795283,-1.43508,0.12559111,-0.0013651596,-0.0033891744,0.00414387,0.008421048,0.12538068,-0.9921147013144779,-0.12533323356430429,-0.6,0.0,0.0,-1.4451326206514015,0.015749838591205823,-0.12467280995874519,0.0,0.0,0.0,0.0,0.006854035115243825,0.16517072667297467,0.010052569229282327,-1.8979564908066924,1.8887136,-0.7724462,2.4280386,-1.3117715,1.738977,-2.711714,22.157463,0.0023080688
circle,nmpc,26.1,-0.98431647,-0.13497545,-0.59999275,-0.0010819142,-0.025888247,-1.4225376,0.12556006,-0.0014802015,-0.0032846625,0.0040876665,0.00892559,0.12538937,-0.9904614256966512,-0.13779029068463822,-0.6,0.0,0.0,-1.4325662500370264,0.0173152385524733,-0.12446505321787871,0.0,0.0,0.0,0.0,0.006758986064369506,0.1638688627012364,0.010028684805703183,-1.8912393410519757,1.749924,-0.80078644,2.3970633,-1.4479262,1.6984222,-2.755548,22.023577,0.002294123
circle,nmpc,26.200000000000003,-0.9826217,-0.14741495,-0.599985,-0.0010066078,-0.024939235,-1.4099946,0.12549363,-0.0016103602,-0.0031741105,0.0039998684,0.009354441,0.12539837,-0.988651744737914,-0.15022558912075776,-0.6,0.0,0.0,-1.4199998794224096,0.018877904236880294,-0.12423764200227005,0.0,0.0,0.0,0.0,0.006652893228258709,0.16252519299308552,0.010005277219040432,-1.8845141515075832,1.6129647,-0.82455933,2.3706548,-1.5822499,1.6588562,-2.7984269,21.98807,0.0022904237
circle,nmpc,26.3,-0.98078674,-0.15982378,-0.5999779,-0.00093183614,-0.023955433,-1.3974508,0.12538818,-0.0017512218,-0.0030584307,0.0038757005,0.009711797,0.12540804,-0.986685944207868,-0.16263716519488397,-0.6,0.0,0.0,-1.4074335088081968,0.02043758888131686,-0.12399061222277685,0.0,0.0,0.0,0.0,0.006535767114791915,0.1611410814796575,0.009982704097808659,-1.877786668225385,1.4808594,-0.8447791,2.3479264,-1.7118465,1.621911,-2.8387039,22.038609,0.0022956885
circle,nmpc,26.400000000000002,-0.9788111,-0.17219797,-0.5999715,-0.0008616451,-0.022943353,-1.3849063,0.12526064,-0.0018797785,-0.0029385358,0.0037067265,0.010003935,0.12541895,-0.9845643345292053,-0.1750230589752765,-0.6,0.0,0.0,-1.3948671381942352,0.021994046193518635,-0.12372400288827856,0.0,0.0,0.0,0.0,0.0064095110324023635,0.1597455433907841,0.009960846232565322,-1.8710617593052006,1.3576101,-0.8624498,2.3280454,-1.8328856,1.5892739,-2.874647,22.155575,0.0023078725
circle,nmpc,26.5,-0.9766897,-0.1845372,-0.59996563,-0.00080112496,-0.021908669,-1.3723607,0.12515572,-0.0019547387,-0.0028154377,0.0034833304,0.010238773,0.12543188,-0.9822872507286886,-0.18738131458572477,-0.6,0.0,0.0,-1.382300767579779,0.02354703039092465,-0.12343785609945923,0.0,0.0,0.0,0.0,0.006278755635399739,0.15839949404127945,0.00994006125043323,-1.864342201075304,1.2483195,-0.8781872,2.3105347,-1.9404027,1.5625566,-2.9045887,22.311466,0.002324111
circle,nmpc,26.6,-0.9744104,-0.19684689,-0.59996027,-0.00075623015,-0.020856291,-1.3598138,0.12514569,-0.0019188356,-0.0026902384,0.0031975885,0.010423275,0.12544735,-0.9798550523842469,-0.19970998051440725,-0.6,0.0,0.0,-1.369734396965375,0.025096296239257576,-0.12313221704221555,0.0,0.0,0.0,0.0,0.006151663190729598,0.15719351816823052,0.009920587570538595,-1.8576268166879046,1.1595154,-0.89123064,2.2962716,-2.0279875,1.5430802,-2.9271395,22.473606,0.0023410006
circle,nmpc,26.700000000000003,-0.97195035,-0.20914029,-0.59995514,-0.00073385343,-0.019790733,-1.3472652,0.12533362,-0.0016879922,-0.002564076,0.002840729,0.010560697,0.12546572,-0.9772681235681934,-0.212007109922055,-0.6,0.0,0.0,-1.3571680263505135,0.026641599091548063,-0.1228071339805098,0.0,0.0,0.0,0.0,0.006041472085003378,0.15625791623285332,0.00990278282024004,-1.8509062249448258,1.0971396,-0.90074325,2.2861607,-2.0897648,1.5317354,-2.9413328,22.606354,0.0023548284
circle,nmpc,26.8,-0.96928465,-0.22143187,-0.59994996,-0.0007385056,-0.018718736,-1.334715,0.12574348,-0.0012515527,-0.0024380637,0.0024370987,0.010627888,0.12548555,-0.974526872786577,-0.22427076094938164,-0.6,0.0,0.0,-1.3446016557361853,0.028182694926437435,-0.12246265824873703,0.0,0.0,0.0,0.0,0.005961768918552866,0.15561549651942666,0.009886647000528548,-1.8441629436927875,1.0639693,-0.90682197,2.280112,-2.122965,1.5287277,-2.9468646,22.681267,0.0023626322
circle,nmpc,26.900000000000002,-0.9664062,-0.23372073,-0.599945,-0.0007671419,-0.017653475,-1.3221633,0.12619123,-0.00075536227,-0.0023132074,0.0020630248,0.010559941,0.1255031,-0.9716317329146738,-0.23649899702372523,-0.6,0.0,0.0,-1.3320352851223056,0.029719340387035498,-0.12209884424359274,0.0,0.0,0.0,0.0,0.005918419244454722,0.15503682390453782,0.009871941692740194,-1.837394634971132,1.0592668,-0.9100259,2.277512,-2.1282716,1.533465,-2.9442785,22.687084,0.0023632378
circle,nmpc,27.0,-0.96332,-0.24599789,-0.59994054,-0.00081224326,-0.016610734,-1.3096105,0.12657188,-0.00029684018,-0.0021905873,0.0017648777,0.010331123,0.12551649,-0.9685831611286311,-0.24868988716485502,-0.6,0.0,0.0,-1.319468914507458,0.031251292819389764,-0.12171574941551022,0.0,0.0,0.0,0.0,0.00591194278812584,0.15438058265935808,0.009858428476879455,-1.830608504499336,1.079561,-0.9110209,2.2775831,-2.1090434,1.5445906,-2.9348855,22.630173,0.0023573097
circle,nmpc,27.1,-0.9600382,-0.2582512,-0.599937,-0.00086420256,-0.015606264,-1.2970572,0.12683485,6.5461674e-05,-0.0020713466,0.0015655275,0.009942743,0.12552509,-0.9653816388332738,-0.2608415062898973,-0.6,0.0,0.0,-1.3069025438929796,0.03277831031028855,-0.12131343425964003,0.0,0.0,0.0,0.0,0.005938535288479877,0.15357005032486895,0.009845392098545958,-1.8238143093493546,1.1197519,-0.91016525,2.2798629,-2.0702767,1.5601399,-2.9206815,22.530481,0.0023469254
circle,nmpc,27.200000000000003,-0.9565767,-0.2704665,-0.5999345,-0.00091314607,-0.014654489,-1.2845035,0.12694727,0.0003055153,-0.0019564547,0.0014696402,0.009409262,0.12552932,-0.9620276715860858,-0.27295193551732566,-0.6,0.0,0.0,-1.2943361732789556,0.034300151725952244,-0.12089196230619104,0.0,0.0,0.0,0.0,0.005991217096225645,0.15256521426899508,0.00983271334853564,-1.817025290629765,1.1720948,-0.9074624,2.2841241,-2.0194924,1.5774304,-2.9043577,22.416447,0.0023350464
circle,nmpc,27.3,-0.95295274,-0.28263083,-0.59993327,-0.0009501285,-0.01376689,-1.2719499,0.1269127,0.00041453663,-0.0018469628,0.0014697656,0.008761369,0.12552986,-0.9585217890173758,-0.2850192624699762,-0.6,0.0,0.0,-1.2817698026647701,0.03581657675005845,-0.12045140011046618,0.0,0.0,0.0,0.0,0.00605997825676317,0.15136211305634392,0.009819915389074339,-1.8102541646602597,1.2275854,-0.90323657,2.289827,-1.9654788,1.5936314,-2.88883,22.314217,0.0023243977
circle,nmpc,27.400000000000002,-0.9491842,-0.29473275,-0.5999332,-0.0009676809,-0.012951368,-1.2593968,0.12673864,0.00038664948,-0.001743691,0.0015526019,0.008035961,0.12552747,-0.9548645447466427,-0.29704158157703553,-0.6,0.0,0.0,-1.2692034320501433,0.037327345921545074,-0.11999181724231534,0.0,0.0,0.0,0.0,0.006132024019351116,0.14996131102389,0.009806640592013416,-1.8035105162257172,1.277766,-0.89817435,2.2961185,-1.9165273,1.606239,-2.8766766,22.23991,0.0023166575
circle,nmpc,27.5,-0.9452888,-0.3067606,-0.5999342,-0.0009605376,-0.012212255,-1.246844,0.12641829,0.00022999488,-0.001647204,0.0016971304,0.0072696614,0.12552327,-0.9510565162951535,-0.30901699437494773,-0.6,0.0,0.0,-1.2566370614359088,0.03883222067235792,-0.11951328627526903,0.0,0.0,0.0,0.0,0.006193739885907467,0.14836605624534532,0.009793008167476192,-1.7968047478874785,1.3150051,-0.8933277,2.3017907,-1.8801138,1.6132419,-2.8699853,22.199707,0.0023124695
circle,nmpc,27.6,-0.9412841,-0.31870458,-0.5999361,-0.0009254237,-0.011549672,-1.234292,0.12596479,-5.4484106e-05,-0.001557864,0.0018839957,0.0065052714,0.12551802,-0.9470983049947441,-0.3209436098072099,-0.6,0.0,0.0,-1.2440706908217165,0.04033096336536479,-0.11901588277488107,0.0,0.0,0.0,0.0,0.0062307384304446795,0.1465857894799016,0.009778660487243851,-1.7901456969141882,1.3333057,-0.88959855,2.3058684,-1.8621616,1.6131566,-2.8703134,22.194736,0.0023119522
circle,nmpc,27.700000000000003,-0.93718535,-0.33055738,-0.5999388,-0.0008616597,-0.010959453,-1.2217404,0.1254054,-0.0004463833,-0.0014756677,0.002087275,0.0057860436,0.1255129,-0.9429905358928643,-0.3328195445229871,-0.6,0.0,0.0,-1.2315043202071276,0.041823337331770016,-0.11849968528690469,0.0,0.0,0.0,0.0,0.006230679509214002,0.14465379730073133,0.009763955178746286,-1.7835413505317013,1.3280599,-0.88802505,2.3072374,-1.8672029,1.6050651,-2.878668,22.225086,0.002315113
circle,nmpc,27.8,-0.93300295,-0.34231633,-0.59994197,-0.0007712307,-0.0104330145,-1.2091892,0.124794714,-0.00091417105,-0.0014001593,0.0022798039,0.005156234,0.12550887,-0.9387338576538741,-0.3446429231745172,-0.6,0.0,0.0,-1.218937949592695,0.04330910690836243,-0.11796477532494132,0.0,0.0,0.0,0.0,0.006185444411526466,0.14262786752926934,0.009748773033246838,-1.7769968088014803,1.2971259,-0.88926536,2.3052402,-1.89738,1.5886669,-2.895411,22.29478,0.0023223727
circle,nmpc,27.900000000000002,-0.9287406,-0.35398433,-0.5999453,-0.0006587999,-0.009957857,-1.1966382,0.124206476,-0.0014106145,-0.0013304594,0.0024337342,0.00465478,0.12550697,-0.9343289424566119,-0.356411878713251,-0.6,0.0,0.0,-1.2063715789785603,0.044788037474874365,-0.11741123735745096,0.0,0.0,0.0,0.0,0.006093057028116614,0.14058877265740607,0.00973335246946605,-1.7705122000506963,1.2410073,-0.8934367,2.2997947,-1.9522244,1.5642169,-2.9203475,22.413769,0.0023347675
circle,nmpc,28.0,-0.9243904,-0.3655706,-0.5999485,-0.0005321283,-0.0095182415,-1.184087,0.12373993,-0.0018533237,-0.0012652883,0.002516522,0.004313476,0.12550826,-0.9297764858882512,-0.3681245526846783,-0.6,0.0,0.0,-1.1938052083641553,0.04625989549111864,-0.11683915879454054,0.0,0.0,0.0,0.0,0.00596116459324205,0.1386596504946176,0.009718170323994135,-1.764082510064809,1.1630657,-0.89968705,2.2917976,-2.0284195,1.53244,-2.952807,22.59642,0.002353794
circle,nmpc,28.1,-0.9199267,-0.3770933,-0.5999511,-0.00040248854,-0.009095639,-1.1715353,0.12354659,-0.0021153009,-0.0012031066,0.0024910823,0.00415924,0.1255137,-0.9250772068344578,-0.37977909552180156,-0.6,0.0,0.0,-1.181238837749879,0.047724448533570385,-0.11624862997397511,0.0,0.0,0.0,0.0,0.005808929226959173,0.13702868990074016,0.00970358422509876,-1.7576848718784162,1.0687646,-0.90636826,2.2829795,-2.1205838,1.4943811,-2.9917529,22.856392,0.0023808742
circle,nmpc,28.200000000000003,-0.91532576,-0.38856554,-0.5999529,-0.00027884147,-0.008674981,-1.1589829,0.12357975,-0.0022057781,-0.0011424733,0.0023781846,0.004156053,0.12552144,-0.9202318473658702,-0.391373666837203,-0.6,0.0,0.0,-1.1686724671354183,0.04918146533239298,-0.11563974414716127,0.0,0.0,0.0,0.0,0.0056530947432029514,0.13566014281331293,0.00968959417246662,-1.7512961884681297,0.96291155,-0.9122431,2.274677,-2.224009,1.4511764,-3.0360794,23.20345,0.0024170259
circle,nmpc,28.3,-0.91057473,-0.3999917,-0.5999537,-0.00016579288,-0.008246315,-1.1464295,0.12372121,-0.0021971785,-0.0010822024,0.0022194656,0.0042516645,0.12552911,-0.9152411726209174,-0.4029064357136629,-0.6,0.0,0.0,-1.1561060965208414,0.050630715807631343,-0.11501259746399262,0.0,0.0,0.0,0.0,0.005502138329070883,0.13442734306316384,0.009676557794034759,-1.7449035959132262,0.84906477,-0.9168826,2.2673786,-2.3351967,1.4039344,-3.084656,23.641867,0.0024626947
circle,nmpc,28.400000000000002,-0.9056669,-0.41137192,-0.5999536,-6.524344e-05,-0.0078028324,-1.1338756,0.123911396,-0.0021320062,-0.0010214632,0.0020407173,0.00441401,0.12553552,-0.9101059706849955,-0.4143755809932845,-0.6,0.0,0.0,-1.1435397259063642,0.05207197110607131,-0.11436728895880544,0.0,0.0,0.0,0.0,0.005360001037804483,0.13326179122128767,0.009664117462150346,-1.7385221451210726,0.72982925,-0.92018896,2.2612646,-2.4516246,1.3536389,-3.1364775,24.173008,0.0025180217
circle,nmpc,28.5,-0.900599,-0.42270437,-0.5999527,2.2578814e-05,-0.007339868,-1.1213213,0.124119855,-0.0020355142,-0.00095963565,0.0018578098,0.0046214517,0.12554029,-0.9048270524660195,-0.42577929156507266,-0.6,0.0,0.0,-1.1309733552920775,0.05350500363654476,-0.11370392053275391,0.0,0.0,0.0,0.0,0.005228172815304218,0.13212573998977364,0.009652034758325101,-1.7321774987551795,0.60706687,-0.9222003,2.256361,-2.5714948,1.3011196,-3.1907108,24.796282,0.002582946
circle,nmpc,28.6,-0.8953701,-0.433986,-0.5999511,9.844313e-05,-0.0068544154,-1.1087666,0.12432672,-0.0019226932,-0.0008961808,0.0016801335,0.0048573627,0.12554352,-0.899405251566371,-0.43711576665093305,-0.6,0.0,0.0,-1.1184069846777862,0.054929587106677946,-0.113022596939516,0.0,0.0,0.0,0.0,0.005106860160201677,0.13099600725238092,0.009640428891653396,-1.7258035926482516,0.48200995,-0.9231182,2.2524927,-2.6936014,1.2470521,-3.246653,25.509586,0.0026572486
circle,nmpc,28.700000000000003,-0.8899819,-0.44521314,-0.5999488,0.0001640689,-0.006344805,-1.0962117,0.124515496,-0.0018145043,-0.00083071145,0.0015168142,0.0051084612,0.12554531,-0.8938414241512634,-0.4483832160900329,-0.6,0.0,0.0,-1.1058406140634545,0.05634549655825216,-0.11232342576802945,0.0,0.0,0.0,0.0,0.004994771002645463,0.12984629629857186,0.009628942234230832,-1.719401500102762,0.35553777,-0.9231111,2.249536,-2.8171096,1.1919568,-3.3037503,26.310587,0.002740686
circle,nmpc,28.8,-0.8844375,-0.4563816,-0.599946,0.00022144435,-0.0058103525,-1.0836568,0.12467548,-0.0017195526,-0.00076296116,0.0013703364,0.005365123,0.1255461,-0.8881364488135444,-0.45957986062148815,-0.6,0.0,0.0,-1.0932742434492515,0.05775250840273083,-0.11160651742553318,0.0,0.0,0.0,0.0,0.004890200978833028,0.1286639484126048,0.00961745557693705,-1.7129732832577078,0.22820884,-0.9222978,2.2473888,-2.9414783,1.1362187,-3.3615959,27.197083,0.0028330293
circle,nmpc,28.900000000000002,-0.8787401,-0.4674872,-0.59994286,0.00027243164,-0.0052509718,-1.0711018,0.12480509,-0.001638894,-0.0006927611,0.0012393576,0.0056216107,0.12554646,-0.8822912264349531,-0.47070393216533296,-0.6,0.0,0.0,-1.0807078728347745,0.059150400456675634,-0.11087198512013674,0.0,0.0,0.0,0.0,0.00479180710467618,0.12744758431805603,0.009606088128658818,-1.7065217712866623,0.100479834,-0.920868,2.2458577,-3.066246,1.0801597,-3.4198642,28.166052,0.0029339634
circle,nmpc,29.0,-0.8728931,-0.47852618,-0.5999393,0.00031873584,-0.004666958,-1.0585468,0.12490734,-0.001573648,-0.0006199784,0.0011222985,0.0058743428,0.12554671,-0.8763066800438635,-0.4817536741017154,-0.6,0.0,0.0,-1.068141502220447,0.060538951976663036,-0.11011994484300125,0.0,0.0,0.0,0.0,0.004698191050996088,0.12619814558293313,0.009594720680530022,-1.7000494546235836,-0.027296305,-0.9189041,2.24486,-3.1910605,1.0239736,-3.4783204,29.214628,0.0030431903
circle,nmpc,29.1,-0.8668984,-0.48949552,-0.5999355,0.0003614837,-0.004058711,-1.0459917,0.12499473,-0.0015127823,-0.00054462615,0.0010134157,0.006122482,0.12554726,-0.8701837546695256,-0.4927273415482918,-0.6,0.0,0.0,-1.0555751316060449,0.06191794369436732,-0.10935051535004847,0.0,0.0,0.0,0.0,0.004608937173961557,0.12493179965741623,0.00958347244161617,-1.6935592407602829,-0.15494142,-0.9163629,2.2444153,-3.3157196,0.9677722,-3.5368552,30.341053,0.0031605263
circle,nmpc,29.200000000000003,-0.86075854,-0.50039315,-0.5999314,0.00040198964,-0.0034268855,-1.0334365,0.12507297,-0.0014663197,-0.00046672372,0.00091463426,0.006363641,0.12554793,-0.8639234171928352,-0.5036232016357611,-0.6,0.0,0.0,-1.0430087609918042,0.0632871578509775,-0.10856381814311478,0.0,0.0,0.0,0.0,0.004522648676519594,0.1236429485107672,0.009572224202863744,-1.687053478125784,-0.28226075,-0.913144,2.2446227,-3.4400277,0.91161263,-3.59539,31.543493,0.0032857805
circle,nmpc,29.3,-0.8544751,-0.5112174,-0.59992725,0.00044111838,-0.0027723033,-1.0208813,0.12514983,-0.0014276135,-0.00038632294,0.0008215396,0.006596293,0.12554884,-0.857526656193652,-0.5144395337815069,-0.6,0.0,0.0,-1.0304423903772197,0.06464637823172525,-0.10775997745071653,0.0,0.0,0.0,0.0,0.004438406439618889,0.12234127952864547,0.009561095173057144,-1.6805343892495568,-0.40925753,-0.90901524,2.2456925,-3.5639653,0.8554999,-3.6539214,32.821808,0.003418938
circle,nmpc,29.400000000000002,-0.8480493,-0.5219673,-0.5999229,0.00047951305,-0.0020959585,-1.008326,0.1252317,-0.0013962539,-0.00030348208,0.0007320183,0.0068188305,0.1255499,-0.8509944817946916,-0.5251746299612962,-0.6,0.0,0.0,-1.0178760197631593,0.0659953901999133,-0.10693912020875995,0.0,0.0,0.0,0.0,0.004355130166562019,0.12103028093105828,0.009549966143774569,-1.674004225740319,-0.5406342,-0.90287405,2.2485054,-3.6920137,0.7986935,-3.7131908,34.219906,0.0035645736
circle,nmpc,29.5,-0.8414867,-0.53264135,-0.59991854,0.00051801687,-0.0013991958,-0.99577063,0.1252932,-0.0014069446,-0.00021824834,0.0006481943,0.007027832,0.12555043,-0.844327925502015,-0.5358267949789968,-0.6,0.0,0.0,-1.005309649148562,0.06733398073099917,-0.10610137604000203,0.0,0.0,0.0,0.0,0.004269226198328323,0.11966721420853353,0.009539015927889416,-1.6674651021314078,-0.6786623,-0.8941824,2.2535412,-3.826386,0.74161166,-3.7728412,35.76414,0.0037254312
circle,nmpc,29.6,-0.8347995,-0.54323536,-0.59991413,0.0005570714,-0.00068419916,-0.9832152,0.12527104,-0.0014987199,-0.00013045782,0.0005662198,0.0072150035,0.12555023,-0.8375280400421415,-0.5463943467342693,-0.6,0.0,0.0,-0.9927432785344446,0.06866193844590196,-0.10524687723401094,0.0,0.0,0.0,0.0,0.0041750853375407794,0.11818750877931476,0.0095280657124841,-1.6609706437990701,-0.82264256,-0.8834597,2.2604194,-3.9665215,0.6862629,-3.8308926,37.446724,0.0039007005
circle,nmpc,29.700000000000003,-0.82800424,-0.5537442,-0.59990966,0.00059581356,4.6938025e-05,-0.9706598,0.12513305,-0.0016996203,-4.0029805e-05,0.0004733258,0.0073813135,0.12555005,-0.8305958991958124,-0.5568756164881884,-0.6,0.0,0.0,-0.980176907919943,0.06997905364480861,-0.10437575872601634,0.0,0.0,0.0,0.0,0.004065789183355993,0.11655193947619892,0.009517115496694761,-1.655181608363342,-0.96614856,-0.8725807,2.2675953,-4.106324,0.6365733,-3.883422,39.184917,0.0040817624
circle,nmpc,29.8,-0.82111603,-0.5641641,-0.5999051,0.0006310819,0.000792658,-0.9581042,0.124892265,-0.0020015452,5.2938187e-05,0.0003467898,0.0075320066,0.12555155,-0.8235325976284273,-0.5672689491267565,-0.6,0.0,0.0,-0.9676105373056774,0.07128511833992546,-0.10348815807581513,0.0,0.0,0.0,0.0,0.003935591984751042,0.11477482970751145,0.009506344095075558,-1.6494163690186048,-1.099619,-0.8641531,2.2727609,-4.2365327,0.59730583,-3.9256208,40.836845,0.0042538387
circle,nmpc,29.900000000000002,-0.8141391,-0.57449174,-0.5999003,0.00065550284,0.0015520965,-0.945548,0.1246133,-0.002312927,0.00014799827,0.00014468208,0.007673623,0.12555692,-0.8163392507171836,-0.5775727034222681,-0.6,0.0,0.0,-0.9550441666914672,0.07257992628845189,-0.10258421544573348,0.0,0.0,0.0,0.0,0.003787191608633993,0.1129682484508215,0.00949616873995962,-1.6436696988951918,-1.2131349,-0.8601326,2.273987,-4.347254,0.5726235,-3.9532397,42.23716,0.004399704
circle,nmpc,30.0,-0.80706006,-0.5847259,-0.59989536,0.00065772445,0.0023250969,-0.93299085,0.12441405,-0.0025020877,0.00024410372,-0.00017268353,0.0078123147,0.12556645,-0.8090169943749472,-0.5877852522924734,-0.6,0.0,0.0,-0.9424777960771717,0.0738632730252764,-0.10166407357886653,0.0,0.0,0.0,0.0,0.0036331896422085144,0.11130381836877024,0.009486947059074822,-1.6379251240430122,-1.2955918,-0.86131966,2.2703726,-4.427284,0.5658034,-3.96286,43.200256,0.0045000273
circle,nmpc,30.1,-0.7998435,-0.5948677,-0.59989053,0.0006234516,0.003111543,-0.9204325,0.124448895,-0.002409008,0.00033957406,-0.0006347213,0.0079470575,0.12557788,-0.8015669848708763,-0.5979049830575192,-0.6,0.0,0.0,-0.9299114254625164,0.07513495589506203,-0.10072787777620773,0.0,0.0,0.0,0.0,0.0034939187038635594,0.10999354562908435,0.0094789174707256,-1.6321550395272773,-1.3345027,-0.8671117,2.2624528,-4.4640665,0.57905984,-3.9520798,43.533607,0.0045347507
circle,nmpc,30.200000000000003,-0.7924249,-0.60492206,-0.5998863,0.0005364071,0.0039111017,-0.9078732,0.12493573,-0.0018345104,0.00043212308,-0.0012612316,0.008073889,0.12558714,-0.793990398647835,-0.6079302976946058,-0.6,0.0,0.0,-0.9173450548481803,0.07639477408433182,-0.09977577587405584,0.0,0.0,0.0,0.0,0.00339310729312871,0.1093110367139715,0.009471841557012084,-1.6263216543650076,-1.3168257,-0.87547684,2.252464,-4.444766,0.61345565,-3.9195628,43.06933,0.0044863885
circle,nmpc,30.3,-0.7847092,-0.61490035,-0.5998838,0.00038112505,0.004722236,-0.89531374,0.12613153,-0.00059399125,0.00051890383,-0.002044033,0.008178711,0.12558928,-0.7862884321366188,-0.6178596130903344,-0.6,0.0,0.0,-0.9047786842336569,0.07764252865316568,-0.09880791822020063,0.0,0.0,0.0,0.0,0.0033562873176118642,0.10953277321056053,0.009464944457045599,-1.6203535688631119,-1.2344738,-0.8841429,2.2431664,-4.3617826,0.66863173,-3.8654215,41.75113,0.0043490757
circle,nmpc,30.400000000000002,-0.776674,-0.62479836,-0.5998841,0.00016663308,0.0055234795,-0.8827562,0.12748584,0.00081803196,0.0005982982,-0.002737917,0.008060292,0.12557156,-0.7784623015670232,-0.6276913612907007,-0.6,0.0,0.0,-0.892212313619527,0.07887802256661969,-0.09782445765066372,0.0,0.0,0.0,0.0,0.0034030906478533566,0.1099700812918237,0.009456140008839764,-1.6143070719680566,-1.0893321,-0.89175874,2.2363997,-4.2174897,0.7425015,-3.7915626,39.697834,0.0041351914
circle,nmpc,30.5,-0.7683607,-0.63460314,-0.599888,-8.046069e-05,0.0062809144,-0.87020284,0.12853098,0.001957087,0.00067018927,-0.0031643133,0.0075952676,0.12552984,-0.770513242775789,-0.63742398974869,-0.6,0.0,0.0,-0.879645943005276,0.08010106072592338,-0.09682554946521815,0.0,0.0,0.0,0.0,0.0035501079653489954,0.11001779599451139,0.009443103630733751,-1.6082782999201242,-0.8929141,-0.89819515,2.2325265,-4.023635,0.8315641,-3.7014983,37.170452,0.0038719217
circle,nmpc,30.6,-0.75986695,-0.6442965,-0.5998955,-0.00032325674,0.0069546434,-0.85765594,0.12885651,0.0024407117,0.0007353097,-0.003216014,0.006727194,0.12546684,-0.7624425110114476,-0.6470559615694447,-0.6,0.0,0.0,-0.8670795723906826,0.0813114499992329,-0.09581135140307451,0.0,0.0,0.0,0.0,0.003776096429816362,0.10915375078645417,0.009423629950649604,-1.6021310777260667,-0.6622311,-0.90432996,2.2305672,-3.7971277,0.9315123,-3.5996835,34.47541,0.0035911882
circle,nmpc,30.700000000000003,-0.75128114,-0.65386707,-0.5999056,-0.0005333822,0.007514106,-0.8451164,0.12854995,0.0023234964,0.00079330255,-0.0029733318,0.0055540926,0.12539478,-0.7542513807361034,-0.6565857557529569,-0.6,0.0,0.0,-0.8545132017763251,0.08250899925194011,-0.09478202361784538,0.0,0.0,0.0,0.0,0.0040277165605150465,0.10747036957706964,0.009396824899494005,-1.5959115272824524,-0.4129811,-0.9105592,2.2297995,-3.553339,1.0380148,-3.490643,31.859959,0.0033187456
circle,nmpc,30.8,-0.74264735,-0.6633127,-0.59991765,-0.000698842,0.007943587,-0.83258355,0.1279525,0.001899061,0.00084243517,-0.0025963208,0.0042279633,0.12532718,-0.745941145424182,-0.6660118674342518,-0.6,0.0,0.0,-0.8419468311624939,0.0836935193772037,-0.09373772865245433,0.0,0.0,0.0,0.0,0.004259286136959153,0.10538483148465552,0.009363284524005144,-1.5896429653533601,-0.15680149,-0.9164745,2.2302058,-3.3034813,1.1472363,-3.3784323,29.481276,0.003070966
circle,nmpc,30.900000000000002,-0.73398435,-0.67263407,-0.5999307,-0.0008176925,0.008236344,-0.8200562,0.1272438,0.0013471714,0.00088094064,-0.0021836134,0.00284002,0.12527132,-0.7375131173581736,-0.6753328081210247,-0.6,0.0,0.0,-0.8293804605480226,0.0848648233255922,-0.09267863141299015,0.0,0.0,0.0,0.0,0.004442995216866171,0.10313876805454195,0.009324260520556793,-1.583338035077653,0.09837316,-0.921417,2.232038,-3.0550814,1.2560501,-3.2663352,27.42081,0.0028563344
circle,nmpc,31.0,-0.7252955,-0.68183315,-0.59994423,-0.0008938498,0.0083917,-0.8075329,0.12653291,0.00077649695,0.0009072757,-0.0017930238,0.0014511587,0.12523,-0.7289686274214116,-0.6845471059286887,-0.6,0.0,0.0,-0.8168140899335627,0.0860227261345603,-0.09160489914322723,0.0,0.0,0.0,0.0,0.004567347106616754,0.10087725547694186,0.009281183401275149,-1.5770046763805605,0.34759402,-0.9245533,2.235794,-2.812753,1.3620719,-3.1568818,25.707117,0.0026778246
circle,nmpc,31.1,-0.7165741,-0.6909134,-0.5999579,-0.00093423296,0.008413344,-0.7950122,0.12589884,0.00024908799,0.00092040066,-0.0014545221,0.00010452684,0.12520318,-0.7203090248879065,-0.6936533058128054,-0.6,0.0,0.0,-0.8042477193187955,0.08716704495792538,-0.09051670139798018,0.0,0.0,0.0,0.0,0.004632368564068958,0.09868853760860052,0.009235543281960745,-1.5706456828499336,0.58812743,-0.9249173,2.2421832,-2.5789728,1.4635857,-3.0519042,24.336056,0.0025350058
circle,nmpc,31.200000000000003,-0.70780885,-0.69987833,-0.59997135,-0.00094670587,0.008307407,-0.7824927,0.12537575,-0.00020831503,0.0009198755,-0.0011780212,-0.0011763251,0.12518902,-0.7115356772092848,-0.7026499697988497,-0.6,0.0,0.0,-0.7916813487048391,0.08829759909428914,-0.08941421001629202,0.0,0.0,0.0,0.0,0.004644567228249427,0.09660914539261416,0.009188651465916964,-1.5642635862976753,0.81878334,-0.92137915,2.2521517,-2.3547473,1.5594003,-2.9526525,23.286255,0.0024256518
circle,nmpc,31.3,-0.6989863,-0.7087324,-0.5999846,-0.00093898136,0.008081708,-0.7699736,0.1249881,-0.0005868691,0.0009056719,-0.00096275867,-0.0023754945,0.1251849,-0.702649969798849,-0.7115356772092856,-0.6,0.0,0.0,-0.7791149780900614,0.08941421001634753,-0.08829759909434465,0.0,0.0,0.0,0.0,0.00461313232482959,0.09465460449070423,0.009141402021183187,-1.5578610766580485,1.0394617,-0.912919,2.266626,-2.1400828,1.6487942,-2.859882,22.528896,0.0023467601
circle,nmpc,31.400000000000002,-0.6900917,-0.71748114,-0.5999975,-0.0009178103,0.007745156,-0.75745404,0.12475485,-0.0008935789,0.0008781096,-0.0008000706,-0.0034830724,0.12518802,-0.6936533058128046,-0.7203090248879072,-0.6,0.0,0.0,-0.7665486074757829,0.09051670139798018,-0.08716704495786987,0.0,0.0,0.0,0.0,0.004547723398985623,0.09282312794080089,0.009094569809462105,-1.5514360300737275,1.2505934,-0.89859897,2.2864938,-1.9344991,1.7313727,-2.773989,22.034472,0.0022952573
circle,nmpc,31.5,-0.68111277,-0.7261278,-0.60001016,-0.0008889457,0.00730606,-0.74493366,0.124646105,-0.0011345042,0.00083773414,-0.0006810678,-0.0045058737,0.12519604,-0.6845471059286886,-0.7289686274214117,-0.6,0.0,0.0,-0.7539822368616363,0.09160489914317171,-0.0860227261345603,0.0,0.0,0.0,0.0,0.004457025198472675,0.09109573697607086,0.009048572062899773,-1.5449837625050513,1.4530561,-0.8775401,2.3126388,-1.7371227,1.8070035,-2.6951036,21.776188,0.0022683528
circle,nmpc,31.6,-0.67204136,-0.7346722,-0.6000226,-0.000857109,0.0067714145,-0.7324121,0.12460918,-0.0013163994,0.0007851612,-0.00059645483,-0.0054577566,0.1252071,-0.6753328081210243,-0.737513117358174,-0.6,0.0,0.0,-0.7414158662471724,0.09267863141293464,-0.0848648233255922,0.0,0.0,0.0,0.0,0.004347992646570818,0.08944560097373733,0.009003766408915537,-1.53850167998895,1.6495951,-0.84843904,2.3464322,-1.5452759,1.875863,-2.6230774,21.734032,0.0022639614
circle,nmpc,31.700000000000003,-0.66287106,-0.74311227,-0.6000348,-0.00082608964,0.006147249,-0.7198893,0.1246208,-0.0014394464,0.0007210952,-0.00053777185,-0.006348984,0.1252199,-0.666011867434251,-0.7459411454241827,-0.6,0.0,0.0,-0.7288494956330265,0.09373772865239882,-0.08369351937725922,0.0,0.0,0.0,0.0,0.0042271055879414725,0.08786362598034285,0.008960212452789662,-1.5319906717142586,1.843795,-0.80976784,2.389504,-1.3554767,1.938118,-2.5577462,21.900719,0.0022813247
circle,nmpc,31.8,-0.65359455,-0.751447,-0.60004663,-0.00079842267,0.0054389923,-0.70736516,0.124697566,-0.0015070644,0.0006462717,-0.00049321755,-0.007186022,0.12523349,-0.6565857557529561,-0.7542513807361041,-0.6,0.0,0.0,-0.7162831250189048,0.09478202361784538,-0.08250899925199562,0.0,0.0,0.0,0.0,0.004100474853604423,0.0863520166972647,0.008917969798873049,-1.5254533924614915,2.037097,-0.7611314,2.4422972,-1.1663315,1.9935877,-2.4993148,22.275196,0.002320333
circle,nmpc,31.900000000000002,-0.6442006,-0.7596775,-0.6000583,-0.0007756023,0.0046519223,-0.6948396,0.12488458,-0.0015140014,0.00056158437,-0.00045305665,-0.007970702,0.12524734,-0.6470559615694442,-0.7624425110114479,-0.6,0.0,0.0,-0.7037167544040612,0.09581135140290797,-0.08131144999906637,0.0,0.0,0.0,0.0,0.003975107886434575,0.08493056563242549,0.008877157655709178,-1.518887604263042,2.2251272,-0.70484424,2.5024223,-0.98213935,2.041519,-2.4485526,22.837921,0.0023789501
circle,nmpc,32.0,-0.63467866,-0.76780486,-0.6000696,-0.0007579819,0.003790897,-0.68231267,0.12517877,-0.0014655556,0.00046806003,-0.00040653595,-0.00870741,0.1252609,-0.6374239897486895,-0.7705132427757894,-0.6,0.0,0.0,-0.6911503837897846,0.09682554946505162,-0.08010106072581236,0.0,0.0,0.0,0.0,0.0038570712475001485,0.08359226527015566,0.008837716419942021,-1.5122864775276703,2.4030101,-0.6434996,2.5672653,-0.80775464,2.0811462,-2.4062,23.552835,0.0024534205
circle,nmpc,32.1,-0.62502366,-0.77582735,-0.60008043,-0.00074466853,0.0028601245,-0.6697845,0.12552257,-0.0013804934,0.000366615,-0.00034179576,-0.009402684,0.12527387,-0.6276913612907002,-0.7784623015670237,-0.6,0.0,0.0,-0.6785840131751142,0.09782445765016412,-0.0788780225661756,0.0,0.0,0.0,0.0,0.0037504749137238893,0.08229937299934464,0.008799526881321462,-1.5056399107710339,2.565772,-0.5800234,2.633908,-0.64815927,2.11201,-2.372758,24.367762,0.0025383085
circle,nmpc,32.2,-0.61524147,-0.78373927,-0.6000905,-0.00073333137,0.0018631204,-0.65725505,0.1258066,-0.0012968965,0.00025818901,-0.0002449848,-0.01006334,0.12528622,-0.617859613090334,-0.7862884321366191,-0.6,0.0,0.0,-0.6660176425608432,0.09880791821964552,-0.07764252865266608,0.0,0.0,0.0,0.0,0.003655285036755451,0.08097932465969448,0.008762589040640534,-1.4989357050266428,2.7073853,-0.5184258,2.6982315,-0.50927186,2.133808,-2.34853,25.207241,0.002625754
circle,nmpc,32.300000000000004,-0.60535294,-0.7915286,-0.6000995,-0.000720767,0.00080304535,-0.6447245,0.12587346,-0.0012521646,0.0001435366,-0.000107816304,-0.010692637,0.12529798,-0.6079302976946049,-0.7939903986478356,-0.6,0.0,0.0,-0.6534512719465958,0.09977577587350073,-0.07639477408388773,0.0,0.0,0.0,0.0,0.0035655604782009577,0.07954571987901299,0.008726783688233987,-1.4924756987510237,2.8199904,-0.46462998,2.7541335,-0.39877293,2.146436,-2.3336205,25.965471,0.0027047365
circle,nmpc,32.4,-0.59540004,-0.7991747,-0.6001072,-0.0007028932,-0.00031691912,-0.6321928,0.12550159,-0.0012982918,2.3185934e-05,7.8103156e-05,-0.011289966,0.1253085,-0.597904983057519,-0.8015669848708764,-0.6,0.0,0.0,-0.6408849013324645,0.1007278777760412,-0.075134955894951,0.0,0.0,0.0,0.0,0.0034654228686776495,0.07788189914056015,0.008692110824194188,-1.486783708731928,2.8944993,-0.42615134,2.7939038,-0.32555577,2.149961,-2.3279517,26.513308,0.0027618029
circle,nmpc,32.5,-0.5854535,-0.80664545,-0.6001134,-0.00067501934,-0.0014933285,-0.6196603,0.12438726,-0.0014931818,-0.00010264168,0.00031845632,-0.011852181,0.12531666,-0.5877852522924732,-0.8090169943749473,-0.6,0.0,0.0,-0.6283185307177891,0.1016640735787,-0.07386327302516538,0.0,0.0,0.0,0.0,0.0033277750999039196,0.07585369928319362,0.008658212819992461,-1.481077719277839,2.9230793,-0.40994325,2.810508,-0.29737216,2.1446445,-2.3312185,26.733912,0.002784782
circle,nmpc,32.6,-0.5755659,-0.81392103,-0.6001183,-0.0006352007,-0.0027093277,-0.60712725,0.122746356,-0.0018054754,-0.0002333483,0.00058534666,-0.012244591,0.12532242,-0.5775727034222676,-0.8163392507171839,-0.6,0.0,0.0,-0.6157521601034737,0.10258421544556695,-0.07257992628834087,0.0,0.0,0.0,0.0,0.0031446975230839586,0.07359068723841865,0.008624910862598423,-1.4754161579539378,2.9041715,-0.4185625,2.8014705,-0.31586155,2.1310656,-2.3428278,26.587694,0.0027695515
circle,nmpc,32.7,-0.56571865,-0.8210185,-0.60012186,-0.0005867662,-0.003925497,-0.5945937,0.12136557,-0.00211099,-0.0003662214,0.00082391803,-0.012241305,0.12532689,-0.5672689491267557,-0.8235325976284279,-0.6,0.0,0.0,-0.6031857894894941,0.10348815807559308,-0.07128511833981444,0.0,0.0,0.0,0.0,0.002956158822830345,0.07144785504441457,0.00859208574269843,-1.4698371581214245,2.844761,-0.4477263,2.7712154,-0.3741808,2.110096,-2.3619208,26.143946,0.0027233276
circle,nmpc,32.800000000000004,-0.55582356,-0.8279845,-0.6001239,-0.0005373058,-0.0050889505,-0.5820598,0.12098913,-0.0022748732,-0.00049629784,0.0009866215,-0.011708076,0.12533124,-0.5568756164881872,-0.8305958991958132,-0.6,0.0,0.0,-0.5906194188749577,0.10437575872584981,-0.06997905364469759,0.0,0.0,0.0,0.0,0.0028180674237299054,0.06971446357278195,0.00855961825011031,-1.4642790622330908,2.7558384,-0.48979512,2.7275054,-0.46146217,2.0828257,-2.3874855,25.525026,0.002658857
circle,nmpc,32.9,-0.5458228,-0.83484465,-0.60012394,-0.00049195165,-0.006164524,-0.5695256,0.1212513,-0.002325988,-0.0006191798,0.0010913974,-0.0108230775,0.12533456,-0.5463943467342689,-0.8375280400421419,-0.6,0.0,0.0,-0.5780530482604362,0.1052468772338444,-0.06866193844579094,0.0,0.0,0.0,0.0,0.002746382443455646,0.06824209305552953,0.008527448780760949,-1.4586939202261857,2.647256,-0.5381526,2.6770756,-0.5679723,2.0503814,-2.4184573,24.8399,0.0025874896
circle,nmpc,33.0,-0.53568864,-0.84160805,-0.600122,-0.000453001,-0.0071319956,-0.55699134,0.12181365,-0.0023111633,-0.00073235604,0.001162182,-0.009736379,0.12533586,-0.5358267949789963,-0.8443279255020153,-0.6,0.0,0.0,-0.5654866776464639,0.10610137603944692,-0.0673339807306661,0.0,0.0,0.0,0.0,0.0027261147213087514,0.0668982705191988,0.008495338916605477,-1.4530536985372384,2.526258,-0.58814,2.6246998,-0.6865819,2.013792,-2.4538903,24.165268,0.0025172154
circle,nmpc,33.1,-0.5254113,-0.84827405,-0.600118,-0.00042113435,-0.007980832,-0.54445714,0.12247492,-0.0022544006,-0.00083438354,0.0012125976,-0.0085451435,0.12533496,-0.5251746299612953,-0.8509944817946921,-0.6,0.0,0.0,-0.5529203070320338,0.10693912020814933,-0.06599539019958023,0.0,0.0,0.0,0.0,0.0027332532837088894,0.06561227709891308,0.008463169447347485,-1.4473452687818738,2.3978643,-0.63678014,2.573446,-0.8123619,1.9739337,-2.4929523,23.549025,0.0024530233
circle,nmpc,33.2,-0.5149904,-0.85483843,-0.6001121,-0.00039583567,-0.00870643,-0.53192323,0.12313888,-0.0021764652,-0.0009244794,0.0012532854,-0.0073087625,0.1253319,-0.514439533781506,-0.8575266561936525,-0.6,0.0,0.0,-0.5403539364172978,0.10775997745016141,-0.06464637823133668,0.0,0.0,0.0,0.0,0.002746372013783345,0.06434170812139645,0.00843070195455975,-1.4415620716681257,2.2654364,-0.68227017,2.5251968,-0.9420308,1.9315202,-2.534948,23.018469,0.002397757
circle,nmpc,33.300000000000004,-0.50443125,-0.8612951,-0.60010445,-0.00037593875,-0.009308446,-0.5193898,0.12374577,-0.0020904297,-0.0010022626,0.0012901693,-0.006069764,0.12532711,-0.5036232016357602,-0.8639234171928357,-0.6,0.0,0.0,-0.5277875658032497,0.10856381814250415,-0.06328715785064443,0.0,0.0,0.0,0.0,0.002751704673050826,0.06305977887698204,0.008397757625301705,-1.4357043599116248,2.1313596,-0.7235181,2.4811087,-1.073267,1.8871299,-2.5792918,22.58798,0.0023529145
circle,nmpc,33.4,-0.4937411,-0.8676384,-0.60009545,-0.0003599188,-0.009789045,-0.506857,0.1242842,-0.0020065529,-0.0010676547,0.0013267951,-0.004853109,0.12532116,-0.4927273415482917,-0.8701837546695256,-0.6,0.0,0.0,-0.5152211951888308,0.1093505153494656,-0.06191794369403425,0.0,0.0,0.0,0.0,0.002741457813135254,0.061753781941245055,0.008364217249225092,-1.4297733172797251,1.9972459,-0.75994915,2.4418075,-1.2045109,1.8412277,-2.6255207,22.263264,0.00231909
circle,nmpc,33.5,-0.4829287,-0.8738627,-0.6000853,-0.00034621553,-0.010152568,-0.49432474,0.1247394,-0.001929753,-0.0011207041,0.0013637966,-0.0036803286,0.12531474,-0.48175367410171527,-0.8763066800438636,-0.6,0.0,0.0,-0.5026548245743615,0.11011994484241838,-0.06053895197632997,0.0,0.0,0.0,0.0,0.0027131286463229244,0.06041541759020184,0.008330080826650321,-1.423772922641519,1.8640516,-0.7913971,2.407492,-1.3348376,1.7941468,-2.6732721,22.044153,0.002296266
circle,nmpc,33.6,-0.4720021,-0.87996256,-0.6000744,-0.00033358796,-0.010404512,-0.48179317,0.12512076,-0.0018565579,-0.001161635,0.0013985323,-0.0025628277,0.1253086,-0.47070393216533246,-0.8822912264349533,-0.6,0.0,0.0,-0.49008845396017425,0.1108719851199147,-0.05915040045656461,0.0,0.0,0.0,0.0,0.002667099386622682,0.05905049828128787,0.008295288753265073,-1.4177078275038704,1.7322538,-0.8179421,2.378099,-1.4637873,1.746122,-2.722295,21.927593,0.0022841243
circle,nmpc,33.7,-0.460969,-0.88593405,-0.6000629,-0.00032079598,-0.010551253,-0.46926212,0.12543593,-0.0017929637,-0.001190751,0.0014316905,-0.0015092068,0.12530316,-0.45957986062148765,-0.8881364488135446,-0.6,0.0,0.0,-0.4775220833460648,0.11160651742531114,-0.05775250840267532,0.0,0.0,0.0,0.0,0.0026046511408388947,0.05765536643008267,0.008259960238154618,-1.4115822681513273,1.6019441,-0.8398671,2.3533435,-1.5912666,1.6972901,-2.7724102,21.909008,0.0022821883
circle,nmpc,33.800000000000004,-0.44983774,-0.89177346,-0.6000511,-0.00030673775,-0.010599949,-0.45673153,0.12568155,-0.001742401,-0.001208476,0.0014626923,-0.0005271588,0.1252988,-0.44838321609003196,-0.8938414241512639,-0.6,0.0,0.0,-0.46495571273134567,0.11232342576783516,-0.05634549655814114,0.0,0.0,0.0,0.0,0.0025287803557189313,0.056226309843569064,0.008224184687598723,-1.4054017127840723,1.4729244,-0.8576017,2.3327808,-1.7174582,1.6477324,-2.8235047,21.983717,0.0022899706
circle,nmpc,33.9,-0.43861428,-0.897477,-0.6000391,-0.00029102335,-0.010557645,-0.44420123,0.125878,-0.0016915046,-0.0012152997,0.0014853225,0.00038460927,0.12529588,-0.4371157666509325,-0.8994052515663712,-0.6,0.0,0.0,-0.4523893421169917,0.1130225969393217,-0.054929587106566924,0.0,0.0,0.0,0.0,0.002442403620903572,0.05478167511668425,0.008188111114184105,-1.3991710801104535,1.3449496,-0.8716637,2.3158832,-1.8425972,1.5975091,-2.875465,22.1475,0.0023070313
circle,nmpc,34.0,-0.4273038,-0.9030417,-0.6000272,-0.0002733644,-0.010431324,-0.43167114,0.12603667,-0.0016414154,-0.0012118455,0.0014994481,0.0012267495,0.12529436,-0.42577929156507216,-0.9048270524660198,-0.6,0.0,0.0,-0.43982297150237226,0.11370392053253187,-0.05350500363637822,0.0,0.0,0.0,0.0,0.0023478179916631217,0.05332351410251028,0.008151828924247262,-1.3928936320849044,1.217922,-0.88255966,2.3021505,-1.9667882,1.5467057,-2.9281824,22.39695,0.0023330154
circle,nmpc,34.1,-0.41591188,-0.9084648,-0.6000154,-0.00025354864,-0.010228206,-0.41914108,0.126153,-0.0015931411,-0.0011987344,0.0015051828,0.0019969242,0.12529415,-0.41437558099328353,-0.910105970684996,-0.6,0.0,0.0,-0.4272566008882774,0.1143672889586389,-0.05207197110596029,0.0,0.0,0.0,0.0,0.0022480964101717358,0.05185028827656371,0.008115516932512612,-1.38657271743873,1.0916462,-0.8906471,2.2912202,-2.090221,1.4953549,-2.9815884,22.72961,0.0023676679
circle,nmpc,34.2,-0.40444568,-0.9137437,-0.60000396,-0.00023121582,-0.0099556735,-0.406611,0.12621516,-0.0015544123,-0.0011766604,0.0015049098,0.002693562,0.12529506,-0.40290643571366197,-0.9152411726209179,-0.6,0.0,0.0,-0.41469023027377283,0.11501259746357628,-0.0506307158074093,0.0,0.0,0.0,0.0,0.002147506070927329,0.050352413055473805,0.008079234742690677,-1.380213548695976,0.9661173,-0.8961246,2.2829046,-2.212912,1.4435116,-3.0356224,23.143784,0.0024108111
circle,nmpc,34.300000000000004,-0.39291134,-0.9188765,-0.5999929,-0.00020616865,-0.00962056,-0.39408076,0.1262341,-0.0015249356,-0.0011462726,0.001497922,0.0033221573,0.12529708,-0.39137366683720165,-0.9202318473658707,-0.6,0.0,0.0,-0.40212385965984043,0.1156397441465229,-0.04918146533217094,0.0,0.0,0.0,0.0,0.002049729936118273,0.048833381289996945,0.008043101565052837,-1.3738215944532222,0.8409764,-0.89941514,2.2767751,-2.335214,1.3911878,-3.0902371,23.638088,0.0024623005
circle,nmpc,34.4,-0.3813129,-0.923862,-0.5999822,-0.00017851449,-0.009228843,-0.38155022,0.12623136,-0.0014997049,-0.0011082354,0.0014820296,0.0038913346,0.12530021,-0.37977909552180106,-0.925077206834458,-0.6,0.0,0.0,-0.38955748904522847,0.11624862997336449,-0.04772444853334834,0.0,0.0,0.0,0.0,0.0019569539648394718,0.047303382096141586,0.008007266409959302,-1.3674001079662437,0.7111165,-0.90023226,2.2728157,-2.4619315,1.3377463,-3.146101,24.23042,0.0025240022
circle,nmpc,34.5,-0.36965698,-0.92870015,-0.599972,-0.00014844167,-0.0087860245,-0.36901942,0.12618814,-0.0015000696,-0.0010629945,0.0014571605,0.004405823,0.12530354,-0.3681245526846778,-0.9297764858882515,-0.6,0.0,0.0,-0.37699111843096866,0.11683915879390216,-0.046259895490896596,0.0,0.0,0.0,0.0,0.0018728635884185214,0.04573811861486767,0.00797169947611942,-1.3609541912006184,0.5711344,-0.8981324,2.2711728,-2.5981708,1.2831136,-3.2033486,24.949375,0.0025988931
circle,nmpc,34.6,-0.35795566,-0.9333945,-0.5999623,-0.00011624212,-0.008296978,-0.35648847,0.12606469,-0.001576821,-0.0010107687,0.001422955,0.0048718653,0.12530553,-0.3564118787132504,-0.9343289424566121,-0.6,0.0,0.0,-0.3644247478164171,0.11741123735684034,-0.04478803747465232,0.0,0.0,0.0,0.0,0.0018049637774230434,0.0440807564884647,0.007936281553599711,-1.354494046005297,0.4250966,-0.89429396,2.2709777,-2.740175,1.2298629,-3.2593694,25.78242,0.0026856689
circle,nmpc,34.7,-0.34622282,-0.93795097,-0.59995306,-8.330353e-05,-0.0077657597,-0.34395745,0.12584949,-0.0017535179,-0.0009519333,0.0013690686,0.005297618,0.12530634,-0.34464292317451667,-0.9387338576538742,-0.6,0.0,0.0,-0.3518583772018029,0.1179647753243307,-0.04330910690808487,0.0,0.0,0.0,0.0,0.0017638554877266505,0.0423077038900401,0.007900923235662162,-1.3480320991984218,0.28153148,-0.890857,2.2706082,-2.8799338,1.1820332,-3.310028,26.676056,0.0027787557
circle,nmpc,34.800000000000004,-0.33446887,-0.9423746,-0.5999443,-5.306302e-05,-0.007195702,-0.33142635,0.12556931,-0.0020093461,-0.0008872295,0.0012755314,0.00569014,0.12530783,-0.3328195445229862,-0.9429905358928646,-0.6,0.0,0.0,-0.3392920065874505,0.1184996852867104,-0.041823337331658994,0.0,0.0,0.0,0.0,0.0017614696077865723,0.04044651674558767,0.007865654324953564,-1.3415781883117317,0.14858443,-0.88965946,2.268536,-3.0096111,1.1435665,-3.3512845,27.556438,0.0028704621
circle,nmpc,34.9,-0.3226969,-0.9466659,-0.5999359,-3.2000837e-05,-0.0065898173,-0.31889483,0.12527412,-0.0022722257,-0.00081775687,0.0011123444,0.0060521956,0.12531222,-0.32094360980720976,-0.9470983049947442,-0.6,0.0,0.0,-0.32672563597332893,0.11901588277465902,-0.04033096336530928,0.0,0.0,0.0,0.0,0.0018069603769303628,0.038578514686757395,0.00783080264698921,-1.3351389184258189,0.034657884,-0.8918016,2.2637584,-3.120902,1.1178161,-3.37967,28.332825,0.0029513359
circle,nmpc,35.0,-0.3108951,-0.9508167,-0.59992796,-3.0325536e-05,-0.005950305,-0.30636248,0.12507914,-0.002414355,-0.00074510404,0.0008426057,0.006391111,0.12532094,-0.30901699437494756,-0.9510565162951535,-0.6,0.0,0.0,-0.31415926535862543,0.11951328627507474,-0.0388322206722469,0.0,0.0,0.0,0.0,0.001894711419075419,0.036848267864618145,0.007796785433469788,-1.3287129378065996,-0.050010495,-0.89720994,2.256366,-3.2035863,1.1074284,-3.3924391,28.896683,0.003010071
circle,nmpc,35.1,-0.29903287,-0.95480853,-0.59992063,-6.0945393e-05,-0.005279214,-0.29382893,0.12513614,-0.0022844488,-0.00067120936,0.0004395812,0.0067071095,0.12533344,-0.29704158157703414,-0.9548645447466432,-0.6,0.0,0.0,-0.3015928947447907,0.11999181724212105,-0.03732734592148956,0.0,0.0,0.0,0.0,0.0019936534991512457,0.03542483852697794,0.007763960313714625,-1.3222917392079507,-0.09385463,-0.9046679,2.2476516,-3.2461739,1.1141956,-3.3876657,29.134525,0.0030348466
circle,nmpc,35.2,-0.2870526,-0.95860994,-0.5999141,-0.00013891066,-0.004578312,-0.281294,0.12567623,-0.0016878402,-0.00059835956,-0.00011790948,0.00700138,0.12534808,-0.2850192624699752,-0.9585217890173762,-0.6,0.0,0.0,-0.28902652413020674,0.12045140011024413,-0.03581657675000294,0.0,0.0,0.0,0.0,0.002037061992007197,0.034531544060234266,0.007732535902362503,-1.315858103770969,-0.08492655,-0.91179544,2.240209,-3.2369308,1.1388878,-3.364411,28.951172,0.003015747
circle,nmpc,35.300000000000004,-0.2748636,-0.9621761,-0.5999088,-0.00027952832,-0.0038494708,-0.2687577,0.12699775,-0.00042276244,-0.00052906567,-0.0008322284,0.0072709993,0.12536256,-0.2729519355173242,-0.9620276715860862,-0.6,0.0,0.0,-0.2764601535160587,0.12089196230594124,-0.03430015172589673,0.0,0.0,0.0,0.0,0.0019195839358480003,0.034427287243063244,0.007702452595953702,-1.3093512225066184,-0.01639544,-0.9163223,2.2366018,-3.1693194,1.1809716,-3.323088,28.324495,0.0029504683
circle,nmpc,35.4,-0.26244238,-0.9654896,-0.59990585,-0.00047463636,-0.0031144,-0.2562213,0.12855119,0.0010362896,-0.00046449943,-0.0014684951,0.0073156664,0.12536542,-0.26084150628989666,-0.965381638833274,-0.6,0.0,0.0,-0.2638937829015365,0.12131343425900165,-0.032778310310066505,0.0,0.0,0.0,0.0,0.00160727190023751,0.034583637249625425,0.007672488498460306,-1.3027307737900569,0.106461056,-0.9177769,2.2374296,-3.0487452,1.2383276,-3.2657855,27.353397,0.0028493123
circle,nmpc,35.5,-0.24988455,-0.96858716,-0.599906,-0.0006862337,-0.0024185611,-0.24368693,0.129328,0.001861511,-0.0004038491,-0.0017256041,0.006898895,0.1253462,-0.24868988716485443,-0.9685831611286312,-0.6,0.0,0.0,-0.25132741228744576,0.12171574941485797,-0.03125129281922323,0.0,0.0,0.0,0.0,0.0011983555894893503,0.033978922802578145,0.007640482942314841,-1.2960552068106477,0.26910374,-0.9170885,2.2416036,-2.889588,1.3075603,-3.1959698,26.21191,0.0027304075
circle,nmpc,35.6,-0.23728646,-0.97151124,-0.59990966,-0.0008810555,-0.0018004219,-0.231156,0.12931356,0.0020198766,-0.0003473677,-0.0016451505,0.006095399,0.125313,-0.23649899702372423,-0.9716317329146741,-0.6,0.0,0.0,-0.2387610416729863,0.12209884424292661,-0.029719340386924475,0.0,0.0,0.0,0.0,0.0008017364850667454,0.032550739771347766,0.007605035217564865,-1.289397432971261,0.45630798,-0.9148732,2.248187,-2.706752,1.3848542,-3.1176,25.063313,0.0026107617
circle,nmpc,35.7,-0.22469889,-0.9742885,-0.5999163,-0.0010423682,-0.0012820605,-0.21862866,0.12889035,0.0018045764,-0.00029672205,-0.0013875822,0.005073239,0.12527782,-0.22427076094938062,-0.9745268727865772,-0.6,0.0,0.0,-0.22619467105858393,0.12246265824808478,-0.0281826949262709,0.0,0.0,0.0,0.0,0.0004971025793465156,0.030669850196288786,0.00756601121418543,-1.2828008544482263,0.65632737,-0.9110334,2.2569387,-2.5116444,1.4666182,-3.034375,24.021278,0.0025022165
circle,nmpc,35.800000000000004,-0.21214223,-0.97693443,-0.59992534,-0.0011642383,-0.0008744913,-0.20610434,0.12831607,0.0014053931,-0.00025370883,-0.0010581316,0.0039451406,0.12524731,-0.212007109922054,-0.9772681235681936,-0.6,0.0,0.0,-0.213628300444165,0.12280713397987142,-0.02664159909138153,0.0,0.0,0.0,0.0,0.0003676694508079928,0.028584026435934586,0.007523962275067103,-1.2762876064055737,0.86119384,-0.90473497,2.2683952,-2.3119361,1.5497919,-2.9494622,23.152048,0.0024116717
circle,nmpc,35.9,-0.19961913,-0.97945666,-0.59993625,-0.0012473908,-0.00058187934,-0.19358222,0.12774199,0.00094020274,-0.00021976672,-0.0007220193,0.0027803304,0.1252245,-0.1997099805144071,-0.9798550523842469,-0.6,0.0,0.0,-0.20106192983012536,0.1231322170415633,-0.025096296239202065,0.0,0.0,0.0,0.0,0.00041356063764347317,0.026442344937573845,0.007479707964471366,-1.2698674563190897,1.0662683,-0.8945384,2.2837715,-2.1120415,1.631925,-2.8653867,22.48708,0.0023424039
circle,nmpc,36.0,-0.18712108,-0.98185724,-0.5999485,-0.0012965383,-0.00040408442,-0.18106142,0.12726417,0.0004859096,-0.0001959644,-0.00041861946,0.0016217645,0.12521018,-0.18738131458572463,-0.9822872507286887,-0.6,0.0,0.0,-0.18849555921524308,0.1234378560987931,-0.023547030390813628,0.0,0.0,0.0,0.0,0.0005052539689724262,0.024336419193720434,0.007434142350847938,-1.2635369021449157,1.2686228,-0.8792245,2.304127,-1.9147285,1.7111454,-2.7840872,22.036785,0.0022954985
circle,nmpc,36.1,-0.1746403,-0.9841347,-0.5999617,-0.0013178759,-0.0003399713,-0.16854112,0.1268686,7.3068426e-05,-0.00018294892,-0.00016278434,0.00047880042,0.12520356,-0.17502305897527595,-0.9845643345292054,-0.6,0.0,0.0,-0.17592918860098997,0.12372400288804264,-0.021994046193518635,0.0,0.0,0.0,0.0,0.0005766985311686389,0.02229079505625312,0.007388070098373084,-1.2572912755672938,1.4664844,-0.8579451,2.3302066,-1.7216672,1.7861049,-2.7069428,21.798357,0.0022706622
circle,nmpc,36.2,-0.16216965,-0.98628503,-0.59997547,-0.0013181232,-0.0003874307,-0.15602072,0.12654655,-0.00028013694,-0.00018122197,4.009314e-05,-0.0006395968,0.12520334,-0.1626371651948834,-0.9866859442078681,-0.6,0.0,0.0,-0.16336281798698718,0.12399061222255481,-0.02043758888131686,0.0,0.0,0.0,0.0,0.0006163632708991586,0.020319658259405078,0.007342102154276915,-1.2511250999251375,1.6587385,-0.83007336,2.3625665,-1.5339011,1.8558941,-2.6348896,21.761993,0.0022668743
circle,nmpc,36.300000000000004,-0.14970298,-0.9883035,-0.5999896,-0.0013037946,-0.00054354925,-0.1434997,0.12628864,-0.0005671501,-0.00019107106,0.00019179666,-0.0017262265,0.12520796,-0.15022558912075673,-0.9886517447379141,-0.6,0.0,0.0,-0.1507964473722991,0.12423764200206189,-0.018877904236824783,0.0,0.0,0.0,0.0,0.0006281034923363802,0.018426253195012704,0.007296745157104406,-1.2450328304819016,1.8447658,-0.79498833,2.4017642,-1.3519868,1.9199331,-2.568523,21.914959,0.0022828083
circle,nmpc,36.4,-0.13723536,-0.9901853,-0.6000039,-0.0012806141,-0.00080465584,-0.13097778,0.12608594,-0.0007947765,-0.00021259041,0.0002998679,-0.0027743238,0.12521571,-0.13779029068463763,-0.9904614256966513,-0.6,0.0,0.0,-0.13823007675767623,0.12446505321765666,-0.01731523855241779,0.0,0.0,0.0,0.0,0.000619838068088773,0.016601148333725647,0.007252297130829921,-1.2390091647704102,2.0244179,-0.75244844,2.4480314,-1.1760621,1.9780426,-2.5080342,22.243315,0.002317012
circle,nmpc,36.5,-0.12476306,-0.99192655,-0.6000182,-0.0012533738,-0.0011665802,-0.11845478,0.12592863,-0.0009740317,-0.00024569136,0.00037316908,-0.0037796125,0.12522522,-0.12533323356430373,-0.9921147013144779,-0.6,0.0,0.0,-0.1256637061437167,0.12467280995852315,-0.015749838591205823,0.0,0.0,0.0,0.0,0.0006006943315259552,0.014831112784933851,0.0072089294394053205,-1.233050960018659,2.1978638,-0.70254374,2.5013003,-1.0059803,2.0303874,-2.4532597,22.733627,0.0023680863
circle,nmpc,36.6,-0.11228273,-0.993525,-0.6000324,-0.0012257649,-0.00162463,-0.10593065,0.1258175,-0.0011233394,-0.00029016807,0.0004221937,-0.004737467,0.12523538,-0.11285638487348106,-0.9936113105200085,-0.6,0.0,0.0,-0.11309733552927716,0.124860879417453,-0.01418195154784252,0.0,0.0,0.0,0.0,0.0005810102171957647,0.013096818599835422,0.007166686785170864,-1.2271527216241338,2.3655405,-0.6456757,2.561216,-0.84135133,2.0774162,-2.4037557,23.374079,0.0024348
circle,nmpc,36.7,-0.09979372,-0.9949786,-0.6000464,-0.0012009264,-0.0021743933,-0.09340537,0.12572661,-0.0012489664,-0.00034569678,0.00045187454,-0.0056511606,0.12524574,-0.10036171485121415,-0.9949510169813003,-0.6,0.0,0.0,-0.10053096491489745,0.1250292318956403,-0.012611825009889444,0.0,0.0,0.0,0.0,0.000570556800809242,0.011389486293327616,0.007125591520408162,-1.2213098593600673,2.5280337,-0.582563,2.6271145,-0.681644,2.1197634,-2.3588963,24.154491,0.002516093
circle,nmpc,36.800000000000004,-0.087297425,-0.9962854,-0.6000601,-0.0011815692,-0.0028115872,-0.08087896,0.12563643,-0.0013546399,-0.00041192028,0.00046594496,-0.0065223663,0.12525615,-0.08785119655074233,-0.9961336091431725,-0.6,0.0,0.0,-0.08796459430058584,0.12517784080916944,-0.011039706918625214,0.0,0.0,0.0,0.0,0.0005773300706450354,0.009704664060974911,0.0070856361945448865,-1.2155207212432597,2.6861758,-0.5142378,2.6980252,-0.5260872,2.1582103,-2.317893,25.06659,0.0026111028
circle,nmpc,36.9,-0.07479283,-0.9974424,-0.60007346,-0.001170435,-0.0035311114,-0.06835137,0.12557109,-0.0014297506,-0.0004884611,0.00046356596,-0.007343258,0.12526675,-0.07532680552793265,-0.9971589002606139,-0.6,0.0,0.0,-0.07539822368604401,0.1253066826905208,-0.009465845529632588,0.0,0.0,0.0,0.0,0.0006090232825882792,0.00805526696467013,0.00704685060960511,-1.2097795346483124,2.8409235,-0.4418796,2.7728212,-0.37377727,2.1936057,-2.2798975,26.10419,0.0027191862
circle,nmpc,37.0,-0.062280204,-0.998446,-0.60008645,-0.0011700987,-0.004328125,-0.055822596,0.12551825,-0.001465499,-0.0005748618,0.00044576635,-0.008116771,0.12527756,-0.06279051952931321,-0.9980267284282716,-0.6,0.0,0.0,-0.06283185307183034,0.1254157371940734,-0.007890489373940657,0.0,0.0,0.0,0.0,0.0006660884548365597,0.0064514707718326585,0.007009257117888995,-1.2040793381051265,2.993465,-0.36685693,2.8501968,-0.22358856,2.2268717,-2.2439945,27.2635,0.002839948
circle,nmpc,37.1,-0.049760398,-0.99929,-0.6000991,-0.0011832337,-0.0051978934,-0.043292575,0.12547222,-0.0014408133,-0.0006706349,0.00041096396,-0.00884429,0.1252888,-0.05024431817976928,-0.9987369566060175,-0.6,0.0,0.0,-0.05026548245756465,0.12550498709886296,-0.006313887218500902,0.0,0.0,0.0,0.0,0.0007415138150831167,0.004919113175156891,0.006972907873080553,-1.1984112203232664,3.14496,-0.29052696,2.9288628,-0.074429914,2.2589169,-2.20928,28.54258,0.0029731852
circle,nmpc,37.2,-0.037236333,-0.99996763,-0.60011125,-0.0012119416,-0.0061361054,-0.030761257,0.12541427,-0.0013490452,-0.00077527657,0.0003642827,-0.009530388,0.12530029,-0.03769018266993415,-0.9992894726405893,-0.6,0.0,0.0,-0.03769911184310412,0.1255744183112882,-0.004736288027051838,0.0,0.0,0.0,0.0,0.0008235648519012882,0.003478522118948577,0.006937855029101131,-1.1927708739910519,3.296306,-0.21417505,3.0075924,0.0745386,2.2905457,-2.1749318,29.939598,0.0031187085
circle,nmpc,37.300000000000004,-0.024710504,-1.0004755,-0.600123,-0.0012564441,-0.0071382117,-0.018228667,0.12535216,-0.001222681,-0.0008883416,0.00032398256,-0.01017294,0.12531129,-0.025130095443336987,-0.9996841892833,-0.6,0.0,0.0,-0.02513274122854362,0.12562401986780136,-0.003157940920817115,0.0,0.0,0.0,0.0,0.0009040997567343214,0.002146692777590446,0.006904074371658665,-1.187155619617565,3.4483263,-0.13870671,3.085526,0.22409393,2.3224447,-2.140276,31.455414,0.0032766054
circle,nmpc,37.4,-0.012184527,-1.0008128,-0.6001344,-0.0013156428,-0.008199499,-0.0056948476,0.12529641,-0.0010871163,-0.0010093212,0.00030269526,-0.010770342,0.12532158,-0.012566039883352897,-0.9999210442038161,-0.6,0.0,0.0,-0.012566370614475434,0.12565378393485355,-0.0015790951391481123,0.0,0.0,0.0,0.0,0.0009791737733630815,0.0011783402625785055,0.006871523060507004,-1.1884026445363958,3.6014569,-0.06481676,3.1619928,0.3746476,2.3551414,-2.1048033,33.09014,0.0034468893
circle,nmpc,37.5,0.00033952555,-1.0009803,-0.6001453,-0.0013876382,-0.009315514,0.0068401787,0.12524293,-0.0009607301,-0.0011376645,0.00030784495,-0.01132505,0.12533125,-1.8369701987210297e-16,-1.0,-0.6,0.0,0.0,0.0,0.12566370581279698,0.0,0.0,0.0,0.0,0.0,0.001047515968426278,0.0015473629548921777,0.0068401787430048,-1.1953659939820442,3.7558868,0.0070281248,3.2365334,0.52638173,2.3889956,-2.0681393,34.84346,0.0036295273
circle,nmpc,37.6,0.012859533,-1.0009798,-0.60015583,-0.0014703483,-0.010481972,0.019376423,0.12519076,-0.0008500044,-0.0012729252,0.00034069654,-0.011838517,0.1253407,0.01256603988335342,-0.9999210442038161,-0.6,0.0,0.0,0.012566370614475523,0.12565378393485266,0.0015790951391481123,0.0,0.0,0.0,0.0,0.0011096598630460305,0.002781231706507937,0.0068100525954301015,-1.2023503033813843,3.9118423,0.076617725,3.308939,0.6795213,2.4242728,-2.0300424,36.717377,0.0038247267
circle,nmpc,37.7,0.02537468,-1.0008131,-0.600166,-0.0015617936,-0.011694503,0.03191394,0.12515236,-0.0007558569,-0.0014146052,0.00039970185,-0.012309632,0.1253503,0.025130095443338395,-0.9996841892832999,-0.6,0.0,0.0,0.02513274122854362,0.12562401986780136,0.003157940920817115,0.0,0.0,0.0,0.0,0.0011669982529529887,0.0041882431001847905,0.006781198634899753,-1.2093535751438669,4.069685,0.14394213,3.3792057,0.83442163,2.4611485,-1.9903449,38.717068,0.0040330286
circle,nmpc,37.800000000000004,0.03788424,-1.0004814,-0.6001758,-0.0016603158,-0.012949069,0.044452816,0.12512803,-0.0006731614,-0.0015622036,0.0004811048,-0.01274146,0.12536044,0.03769018266993556,-0.9992894726405892,-0.6,0.0,0.0,0.037699111842970916,0.1255744183117323,0.004736288027051838,0.0,0.0,0.0,0.0,0.0012203176821874036,0.005648175390988699,0.006753704404969147,-1.2163728196531909,4.229522,0.20908572,3.4474032,0.9912051,2.4996796,-1.9489837,40.84659,0.004254853
circle,nmpc,37.9,0.05038564,-0.9999862,-0.6001852,-0.0017642648,-0.014242396,0.056993157,0.12509884,-0.00060582254,-0.0017153126,0.0005843224,-0.013141447,0.12537125,0.0502443181797698,-0.9987369566060175,-0.6,0.0,0.0,0.05026548245756465,0.12550498709886296,0.006313887218500902,0.0,0.0,0.0,0.0,0.0012707536240206992,0.0071407027948900935,0.006727674213959396,-1.2234066518792845,4.391201,0.2720196,3.513485,1.1497362,2.5398593,-1.9059757,43.10674,0.0044902856
circle,nmpc,38.0,0.06287561,-0.9993296,-0.60019433,-0.00187208,-0.015571565,0.06953506,0.12505695,-0.0005567537,-0.0018735734,0.0007080551,-0.01351292,0.12538272,0.06279051952931372,-0.9980267284282716,-0.6,0.0,0.0,0.0628318530718269,0.12541573719408033,0.007890489373940657,0.0,0.0,0.0,0.0,0.0013200570532923635,0.008659960725066489,0.006703208645206488,-1.2304555213605517,4.5544934,0.33272833,3.5774193,1.3098029,2.581629,-1.8613856,45.497196,0.004739291
circle,nmpc,38.1,0.07535226,-0.9985134,-0.6002032,-0.0019825364,-0.016933477,0.08207865,0.12501551,-0.00052225083,-0.0020366285,0.00084858923,-0.013853896,0.12539496,0.07532680552793318,-0.9971589002606139,-0.6,0.0,0.0,0.07539822368604401,0.1253066826905208,0.009465845529632588,0.0,0.0,0.0,0.0,0.0013698962363266254,0.010197779420107113,0.006680426907713616,-1.2375180848994194,4.7191186,0.3911776,3.6391551,1.471142,2.6249034,-1.8153058,48.016262,0.005001694
circle,nmpc,38.2,0.087813154,-0.99753904,-0.6002119,-0.0020946204,-0.018325334,0.09462402,0.12496884,-0.00050125044,-0.0022040969,0.0010034275,-0.014167218,0.12540786,0.08785119655074373,-0.9961336091431724,-0.6,0.0,0.0,0.0879645943001458,0.12517784080916944,0.011039706918569703,0.0,0.0,0.0,0.0,0.0014218305664396196,0.011751400786607606,0.006659425859098733,-1.244596320991707,4.8849516,0.44752392,3.698835,1.6336416,2.6695726,-1.7678502,50.665104,0.005277615
circle,nmpc,38.300000000000004,0.1002592,-0.99640733,-0.6002204,-0.0022076804,-0.019743746,0.10717127,0.12495049,-0.00048760886,-0.002375569,0.0011685957,-0.014446872,0.12542138,0.10036171485121555,-0.9949510169813001,-0.6,0.0,0.0,0.10053096491489745,0.1250292318956403,0.012611825009889444,0.0,0.0,0.0,0.0,0.0014764570370206184,0.013313327753020509,0.00664030235614442,-1.2516877408360512,5.0520544,0.50203633,3.7567182,1.7973735,2.7155173,-1.7191322,53.448227,0.005567523
circle,nmpc,38.400000000000006,0.112690076,-0.9951187,-0.6002286,-0.0023212407,-0.02118601,0.11972047,0.12494801,-0.00047863537,-0.0025506348,0.0013419163,-0.014699603,0.12543541,0.11285638487348246,-0.9936113105200083,-0.6,0.0,0.0,0.11309733552879812,0.12486087941700891,0.014181951547731497,0.0,0.0,0.0,0.0,0.00153364780390197,0.014881066434697271,0.006623130906157473,-1.258788644559814,5.220191,0.55479854,3.812869,1.9621216,2.7625985,-1.6692914,56.364574,0.0058713094
circle,nmpc,38.5,0.12510222,-0.9936743,-0.60023665,-0.0024347736,-0.022650398,0.13227168,0.12492838,-0.00047768623,-0.0027289847,0.0015235764,-0.014935114,0.12544966,0.12533323356430423,-0.9921147013144779,-0.6,0.0,0.0,0.12566370614370284,0.12467280995853702,0.015749838591205823,0.0,0.0,0.0,0.0,0.0015942558936398925,0.01645737628481109,0.006607971111927652,-1.2658976628891383,5.3889313,0.6058319,3.8672922,2.1274722,2.8106434,-1.6184994,59.40896,0.006188432
circle,nmpc,38.6,0.13749082,-0.9920758,-0.6002447,-0.0025477833,-0.02413544,0.14482495,0.1248782,-0.00048647707,-0.0029104063,0.0017130229,-0.015155933,0.12546392,0.13779029068463816,-0.9904614256966512,-0.6,0.0,0.0,0.13823007675809856,0.12446505321767054,0.0173152385524733,0.0,0.0,0.0,0.0,0.001660050057701898,0.018042788941722513,0.006594875129032174,-1.2730152190947508,5.5576735,0.6549558,3.9197888,2.292842,2.8594909,-1.566926,62.570515,0.006517762
circle,nmpc,38.7,0.14985266,-0.9903236,-0.6002527,-0.0026602328,-0.02563911,0.15738028,0.124814674,-0.0004941971,-0.0030946403,0.0019054967,-0.015356431,0.12547809,0.15022558912075726,-0.988651744737914,-0.6,0.0,0.0,0.1507964473722991,0.12423764200206189,0.018877904236824783,0.0,0.0,0.0,0.0,0.0017314835936637024,0.019626208911762272,0.006583835506576624,-1.2801423227969246,5.7262096,0.7021918,3.9703832,2.4580202,2.9089983,-1.5146902,65.84492,0.006858845
circle,nmpc,38.800000000000004,0.16218665,-0.9884182,-0.6002608,-0.0027719622,-0.027158905,0.16993769,0.12475874,-0.0005043372,-0.0032814296,0.00210196,-0.015531846,0.12549187,0.16263716519488478,-0.9866859442078679,-0.6,0.0,0.0,0.16336281798698718,0.12399061222255481,0.02043758888131686,0.0,0.0,0.0,0.0,0.0018088006743691124,0.02121136659220006,0.006574867145039492,-1.2872788027562716,5.8943377,0.74774206,4.019261,2.6228206,2.959032,-1.4619486,69.22915,0.007211369
circle,nmpc,38.900000000000006,0.17449273,-0.9863602,-0.60026884,-0.002882784,-0.02869226,0.18249713,0.12472041,-0.00051870453,-0.0034704015,0.0023023696,-0.015681518,0.12550509,0.17502305897527734,-0.9845643345292051,-0.6,0.0,0.0,0.17592918860098997,0.12372400288804264,0.021994046193518635,0.0,0.0,0.0,0.0,0.0018917260711504456,0.0228004486367145,0.006567940243271203,-1.2944242344507262,6.062013,0.79188997,4.0666966,2.7872086,3.009461,-1.4088073,72.72324,0.007575337
circle,nmpc,39.0,0.18677123,-0.9841501,-0.60027695,-0.0029924943,-0.030236779,0.19505855,0.12470332,-0.0005393319,-0.0036612744,0.0025065602,-0.01580709,0.12551758,0.18738131458572513,-0.9822872507286886,-0.6,0.0,0.0,0.18849555921501482,0.12343785609923719,0.02354703039086914,0.0,0.0,0.0,0.0,0.001979685604161251,0.02439588430685087,0.00656299519591963,-1.301575810957846,6.2291307,0.83476985,4.112821,2.9510818,3.0602086,-1.3553658,76.32498,0.007950519
circle,nmpc,39.1,0.1990203,-0.9817888,-0.600285,-0.0031009957,-0.031790797,0.20762193,0.12468516,-0.0005649694,-0.0038537353,0.0027131683,-0.01591587,0.12552929,0.19970998051440764,-0.9798550523842467,-0.6,0.0,0.0,0.20106192982969248,0.1231322170415633,0.025096296239146554,0.0,0.0,0.0,0.0,0.0020727565934423667,0.02599545081424273,0.006560002200031639,-1.3087326126677914,6.3955274,0.8764994,4.15775,3.1142793,3.1111746,-1.3017007,80.03048,0.008336507
circle,nmpc,39.2,0.21123746,-0.9792774,-0.60029316,-0.0032082417,-0.033352856,0.2201872,0.1246592,-0.0005958543,-0.0040476182,0.002921468,-0.016009992,0.12554018,0.21200710992205535,-0.9772681235681933,-0.6,0.0,0.0,0.213628300444165,0.12280713397987142,0.02664159909138153,0.0,0.0,0.0,0.0,0.0021714934071751747,0.027598772447106408,0.006558901651820409,-1.3158956920200127,6.5634604,0.917122,4.2018003,3.278785,3.1625705,-1.2476354,83.88413,0.00873793
circle,nmpc,39.300000000000004,0.2234229,-0.97661424,-0.60030127,-0.0033145864,-0.03492115,0.23275444,0.124656826,-0.0006127759,-0.0042426228,0.0031273058,-0.016085805,0.12555142,0.224270760949382,-0.974526872786577,-0.6,0.0,0.0,0.22619467105858393,0.12246265824808478,0.0281826949262709,0.0,0.0,0.0,0.0,0.002273041606672124,0.029188925329731125,0.006559768056940363,-1.323062627388667,6.735349,0.95637715,4.2450995,3.4466298,3.2143922,-1.1931891,87.93574,0.009159972
circle,nmpc,39.400000000000006,0.23557742,-0.973795,-0.6003093,-0.0034205343,-0.036494285,0.24532393,0.124691725,-0.00058840733,-0.004438356,0.0033290382,-0.016147655,0.12556544,0.2364989970237256,-0.9716317329146738,-0.6,0.0,0.0,0.2387610416729602,0.12209884424294049,0.029719340386924475,0.0,0.0,0.0,0.0,0.002371642851115236,0.030740553110630526,0.006562884537443248,-1.3302322452197788,6.911749,0.99403787,4.287646,3.6181443,3.2659078,-1.1391687,92.19911,0.009604075
circle,nmpc,39.5,0.24770574,-0.9708124,-0.6003168,-0.0035259149,-0.038070556,0.25789624,0.12480994,-0.00050679996,-0.0046341815,0.003533354,-0.016192352,0.12558483,0.24868988716485493,-0.9685831611286311,-0.6,0.0,0.0,0.25132741228744576,0.12171574941485797,0.03125129281922323,0.0,0.0,0.0,0.0,0.0024573023797022837,0.032243233862749396,0.006568832238463662,-1.3373962502288088,7.0910563,1.0299503,4.329237,3.791773,3.3155293,-1.0872135,96.63848,0.010066507
circle,nmpc,39.6,0.25981006,-0.9676588,-0.60032356,-0.0036293045,-0.039649304,0.27047214,0.12498985,-0.0003620109,-0.0048293723,0.0037526602,-0.0162305,0.12561135,0.26084150628989716,-0.9653816388332738,-0.6,0.0,0.0,0.2638937829015365,0.12131343425900165,0.032778310310066505,0.0,0.0,0.0,0.0,0.0025207368948294497,0.03369153864941068,0.006578356218565451,-1.3445482734915095,7.269875,1.0643487,4.369765,3.9644628,3.3609009,-1.0397786,101.17252,0.010538805
circle,nmpc,39.7,0.2718929,-0.9643264,-0.600329,-0.00372779,-0.041229647,0.28305236,0.12523878,-0.00015301828,-0.0050230576,0.0040018037,-0.016259527,0.12564504,0.2729519355173256,-0.9620276715860858,-0.6,0.0,0.0,0.276460153516113,0.1208919623055249,0.03430015172578571,0.0,0.0,0.0,0.0,0.002552223016217804,0.035087701859561206,0.006592201534927622,-1.3516787349637298,7.440898,1.0976484,4.408786,4.129765,3.3987873,-1.000148,105.6162,0.0110016875
circle,nmpc,39.800000000000004,0.2839526,-0.9608135,-0.60033274,-0.0038155573,-0.042811066,0.29563722,0.1255007,6.8938694e-05,-0.005214412,0.0043095592,-0.016282817,0.12568204,0.2850192624699766,-0.9585217890173757,-0.6,0.0,0.0,0.2890265241302697,0.12045140011021638,0.03581657675000294,0.0,0.0,0.0,0.0,0.002549615177161789,0.03647710363262749,0.00661069601400216,-1.3587774761891902,7.5916862,1.1298063,4.444858,4.276639,3.4253743,-0.97213566,109.6348,0.011420291
circle,nmpc,39.900000000000006,0.2959782,-0.9571312,-0.6003348,-0.0038836831,-0.044393267,0.30822626,0.12565129,0.00020972041,-0.005402999,0.004706596,-0.016301788,0.12571375,0.2970415815770355,-0.9548645447466427,-0.6,0.0,0.0,0.30159289474436884,0.11999181724212105,0.03732734592143405,0.0,0.0,0.0,0.0,0.0025259986256264614,0.03793336390969065,0.0066333628182684845,-1.3658353269388892,7.7091036,1.1600776,4.475841,4.393345,3.4373338,-0.95897824,112.84559,0.011754748
circle,nmpc,40.0,0.30794296,-0.9533097,-0.6003364,-0.0039204517,-0.045976307,0.32081774,0.12547807,0.00013862248,-0.0055891476,0.0052202395,-0.016318824,0.12572816,0.30901699437494723,-0.9510565162951536,-0.6,0.0,0.0,0.3141592653590456,0.11951328627507474,0.03883222067230241,0.0,0.0,0.0,0.0,0.002518651847504462,0.039547589104107723,0.006658473412393006,-1.372852099199235,7.7791157,1.1858766,4.498194,4.4668026,3.432186,-0.96299237,114.81427,0.01195982
circle,nmpc,40.1,0.31980285,-0.949405,-0.60033983,-0.003911596,-0.04755932,0.33340856,0.12472738,-0.0003220647,-0.0057741837,0.005875328,-0.0163231,0.1257124,0.32094360980721026,-0.947098304994744,-0.6,0.0,0.0,0.32672563597332893,0.11901588277465902,0.04033096336530928,0.0,0.0,0.0,0.0,0.00259571281495836,0.04145637618052315,0.006682928355818407,-1.3798620801253998,7.7884145,1.2028573,4.5074368,4.48384,3.4084656,-0.98540187,115.11672,0.011991326
circle,nmpc,40.2,0.33153042,-0.9454634,-0.60034716,-0.0038501436,-0.04912914,0.34599513,0.12357355,-0.0011116338,-0.0059593404,0.0065983483,-0.016189832,0.12566093,0.3328195445229875,-0.9429905358928642,-0.6,0.0,0.0,0.33929200658786707,0.1184996852867104,0.041823337331714505,0.0,0.0,0.0,0.0,0.0028102506259561075,0.043642520336591564,0.006703121566887571,-1.386896464867158,7.7286086,1.2066367,4.4998612,4.4353895,3.365991,-1.0261432,113.49166,0.0118220495
circle,nmpc,40.300000000000004,0.3431243,-0.94150376,-0.6003592,-0.0037399882,-0.0506589,0.35857376,0.12234297,-0.0020449632,-0.0061436784,0.007278835,-0.015781222,0.12557457,0.344642923174518,-0.9387338576538737,-0.6,0.0,0.0,0.3518583772022176,0.1179647753243307,0.04330910690814038,0.0,0.0,0.0,0.0,0.003179248025730645,0.045977222804061635,0.0067153873603892356,-1.3939640396565187,7.598473,1.1940717,4.4735994,4.31895,3.305959,-1.083889,109.9332,0.011451376
circle,nmpc,40.400000000000006,0.35460192,-0.93752015,-0.6003755,-0.0035932916,-0.05211317,0.37114128,0.12129219,-0.0029531224,-0.0063238405,0.007830811,-0.0150120165,0.12545872,0.35641187871325175,-0.9343289424566117,-0.6,0.0,0.0,0.3644247478164171,0.11741123735684034,0.04478803747465232,0.0,0.0,0.0,0.0,0.0036879146644130155,0.04831429483504933,0.00671653688779128,-1.401054415465824,7.4039626,1.163667,4.428743,4.1388917,3.2308254,-1.1561658,104.69192,0.010905407
circle,nmpc,40.5,0.36599356,-0.9334816,-0.60039437,-0.0034286263,-0.0534523,0.38369557,0.12063338,-0.0036561566,-0.0064948956,0.008186136,-0.013841726,0.12532362,0.36812455268467825,-0.9297764858882512,-0.6,0.0,0.0,0.37699111843096866,0.11683915879390216,0.046259895490896596,0.0,0.0,0.0,0.0,0.004292357994398646,0.05047961992857053,0.006704454183701135,-1.4081507427468876,7.157839,1.1165987,4.3679914,3.9064507,3.1439776,-1.2397218,98.24267,0.010233611
circle,nmpc,40.6,0.37734956,-0.9293265,-0.6004124,-0.003269069,-0.054633744,0.39623588,0.12067521,-0.0039582457,-0.0066508627,0.00829546,-0.0122436965,0.12518264,0.3797790955218015,-0.9250772068344578,-0.6,0.0,0.0,0.38955748904522847,0.11624862997336449,0.04772444853334834,0.0,0.0,0.0,0.0,0.004912131821475439,0.05229655347642252,0.00667839419070293,-1.4152111967969667,6.8778048,1.0571138,4.296569,3.6383545,3.0493166,-1.3309443,91.18957,0.009498913
circle,nmpc,40.7,0.38872215,-0.9249852,-0.60042536,-0.0031345743,-0.055621505,0.40876248,0.12148101,-0.0038211627,-0.006785867,0.008185305,-0.0102864625,0.12504634,0.3913736668372029,-0.9202318473658702,-0.6,0.0,0.0,0.40212385965975395,0.11563974414655065,0.04918146533217094,0.0,0.0,0.0,0.0,0.005459445608047324,0.053753576103314105,0.006638625129140708,-1.4221668638537779,6.5808897,0.9901051,4.219689,3.3513103,2.9506924,-1.4262624,84.066284,0.008756905
circle,nmpc,40.800000000000004,0.40012667,-0.9204243,-0.6004314,-0.0030331302,-0.056399163,0.42127633,0.12258459,-0.0034566973,-0.0068966122,0.007971231,-0.008168174,0.12491975,0.40290643571366325,-0.9152411726209173,-0.6,0.0,0.0,0.41469023027417706,0.11501259746357628,0.05063071580746481,0.0,0.0,0.0,0.0,0.005897273958709223,0.05504858375828259,0.006586100673698914,-1.428983056168324,6.2794647,0.9188343,4.140561,3.0577419,2.8514698,-1.5226337,77.21926,0.008043673
circle,nmpc,40.900000000000006,0.41155812,-0.9156324,-0.6004302,-0.0029653772,-0.05696233,0.43377873,0.12371838,-0.0029965427,-0.006982185,0.007725053,-0.006010275,0.12480777,0.4143755809932848,-0.9101059706849953,-0.6,0.0,0.0,0.4272566008880421,0.11436728895822257,0.052071971105738246,0.0,0.0,0.0,0.0,0.006218107328864277,0.05629151839358316,0.006522132127018299,-1.4356502634627235,5.9813447,0.84485674,4.0605297,2.7656753,2.7543197,-1.6176515,70.83021,0.007378146
circle,nmpc,41.0,0.42300546,-0.91060966,-0.60042214,-0.0029278556,-0.057312958,0.4462715,0.12478413,-0.0025165793,-0.0070426404,0.0074875345,-0.0038760875,0.124714024,0.4257792915650726,-0.9048270524660196,-0.6,0.0,0.0,0.43982297150227834,0.11370392053255962,0.05350500363637822,0.0,0.0,0.0,0.0,0.006427356909927646,0.05753944313214633,0.00644853742983531,-1.4421685186051125,5.6910305,0.7686495,3.9797816,2.479902,2.6612275,-1.7095385,64.97188,0.0067679044
circle,nmpc,41.1,0.4344549,-0.90536326,-0.600408,-0.0029147067,-0.05745731,0.4587565,0.12572616,-0.0020697424,-0.007078238,0.007283101,-0.0018084595,0.124640346,0.437115766650933,-0.899405251566371,-0.6,0.0,0.0,0.4523893421169917,0.1130225969393217,0.054929587106566924,0.0,0.0,0.0,0.0,0.006537938342737901,0.058825212431771454,0.00636716432603196,-1.4485452711617057,5.410629,0.68997395,3.8977885,2.2028177,2.5735319,-1.7970439,59.648563,0.0062133926
circle,nmpc,41.2,0.44589308,-0.8999035,-0.6003887,-0.0029193892,-0.05740402,0.47123572,0.12653513,-0.0016787251,-0.007089354,0.007119454,0.00016975596,0.12458727,0.4483832160900324,-0.8938414241512637,-0.6,0.0,0.0,0.46495571273134567,0.11232342576783516,0.05634549655814114,0.0,0.0,0.0,0.0,0.006565085693731532,0.06015847282124329,0.006280009572044832,-1.4547883198152243,5.1417484,0.60920954,3.8146024,1.9363586,2.4920201,-1.8792164,54.851006,0.0057136468
circle,nmpc,41.300000000000004,0.45730564,-0.89424217,-0.6003651,-0.0029356494,-0.057163864,0.48371103,0.12719181,-0.0013486578,-0.007076996,0.006994785,0.002037945,0.1245539,0.4595798606214889,-0.8881364488135439,-0.6,0.0,0.0,0.47752208334557095,0.11160651742533889,0.05775250840261981,0.0,0.0,0.0,0.0,0.006525732108009103,0.06152993673350976,0.006188950713953589,-1.460907392915179,4.885449,0.5269978,3.730534,1.6819154,2.4171133,-1.9553936,50.55706,0.005266361
circle,nmpc,41.400000000000006,0.4686776,-0.88839144,-0.6003384,-0.0029581666,-0.05674945,0.49618405,0.12768964,-0.0010710343,-0.0070429267,0.0069010044,0.003778586,0.12453808,0.4707039321653337,-0.8822912264349527,-0.6,0.0,0.0,0.4900884539600703,0.11087198511994245,0.05915040045656461,0.0,0.0,0.0,0.0,0.006436850266777711,0.06292104338422982,0.006095597076764436,-1.4669161500431995,4.641907,0.44353127,3.6455557,1.4398854,2.3490314,-2.0253007,46.727158,0.0048674126
circle,nmpc,41.5,0.47999737,-0.8823622,-0.60030955,-0.0029822206,-0.056174017,0.50865614,0.12805995,-0.0008483942,-0.006989022,0.0068335086,0.00538593,0.12453671,0.4817536741017157,-0.8763066800438634,-0.6,0.0,0.0,0.5026548245743139,0.11011994484283472,0.06053895197655201,0.0,0.0,0.0,0.0,0.006312654027481242,0.06433581119659333,0.006001319567837005,-1.4728295435069623,4.41102,0.3590504,3.5597765,1.2102957,2.2877748,-2.08889,43.320213,0.0045125224
circle,nmpc,41.6,0.49125734,-0.8761637,-0.6002794,-0.003003934,-0.055450782,0.5211284,0.12834577,-0.0006785795,-0.006917041,0.006785345,0.006860927,0.12454677,0.4927273415482921,-0.8701837546695254,-0.6,0.0,0.0,0.5152211951883376,0.10935051534949336,0.06191794369397874,0.0,0.0,0.0,0.0,0.006164329885576353,0.06577985989618827,0.005907220873063723,-1.4786573070252527,4.1925244,0.2737571,3.473339,0.9929443,2.2331922,-2.1462743,40.29587,0.004197486
circle,nmpc,41.7,0.5024495,-0.86980397,-0.6002486,-0.003020729,-0.05459361,0.53360164,0.12854679,-0.0005451836,-0.006828439,0.006745012,0.008197586,0.12456578,0.5036232016357615,-0.8639234171928349,-0.6,0.0,0.0,0.5277875658032497,0.10856381814250415,0.06328715785064443,0.0,0.0,0.0,0.0,0.006001681385795625,0.06723477173308194,0.005814075851718559,-1.4844106135843942,3.9859843,0.18771677,3.3862967,0.78740597,2.1850133,-2.1976545,37.614292,0.0039181556
circle,nmpc,41.800000000000004,0.51356745,-0.863289,-0.6002177,-0.003030973,-0.053616002,0.5460765,0.12868571,-0.00043731573,-0.0067247273,0.0067046424,0.009399778,0.12459151,0.5144395337815072,-0.8575266561936519,-0.6,0.0,0.0,0.5403539364176765,0.10775997745016141,0.06464637823139219,0.0,0.0,0.0,0.0,0.005832025166547647,0.06869494579469054,0.005722540156267608,-1.4900983047342842,3.79139,0.10052706,3.29829,0.5936285,2.1427352,-2.2434769,35.24036,0.0036708706
circle,nmpc,41.900000000000006,0.52460515,-0.8566237,-0.6001873,-0.0030336184,-0.05253119,0.5585534,0.1287712,-0.00034345817,-0.0066073197,0.0066599613,0.01047044,0.12462213,0.5251746299612965,-0.8509944817946914,-0.6,0.0,0.0,0.5529203070320338,0.10693912020814933,0.06599539019958023,0.0,0.0,0.0,0.0,0.0056610586329291215,0.07015083191952284,0.005633090623453296,-1.495729345636847,3.608403,0.012283748,3.209386,0.4113021,2.105468,-2.2845757,33.142334,0.0034523264
circle,nmpc,42.0,0.53555834,-0.8498112,-0.6001577,-0.003027731,-0.05135159,0.57103264,0.12882692,-0.00025600544,-0.006477622,0.0066113723,0.01141789,0.124655835,0.5358267949789968,-0.844327925502015,-0.6,0.0,0.0,0.5654866776460907,0.10610137603944692,0.06733398073061059,0.0,0.0,0.0,0.0,0.00549210231467904,0.07160178763136762,0.00554596567208554,-1.5013105748125983,3.435732,-0.07588245,3.12064,0.23921064,2.0721672,-2.321929,31.290857,0.0032594642
circle,nmpc,42.1,0.5464233,-0.84285474,-0.60012907,-0.0030121922,-0.050089214,0.58351445,0.12885591,-0.00017826307,-0.006336979,0.006562168,0.012246292,0.124690965,0.5463943467342693,-0.8375280400421415,-0.6,0.0,0.0,0.5780530482602759,0.10524687723345583,0.06866193844551338,0.0,0.0,0.0,0.0,0.005328340396742274,0.07305146993946197,0.005461403720314894,-1.506849883283062,3.2719808,-0.16280921,3.0331686,0.076004,2.0418005,-2.3565104,29.660343,0.0030896196
circle,nmpc,42.2,0.557198,-0.8357577,-0.60010165,-0.002985709,-0.04875529,0.59599876,0.12887175,-0.00011823848,-0.006186699,0.0065155155,0.012963583,0.12472627,0.5568756164881883,-0.8305958991958124,-0.6,0.0,0.0,0.5906194188749577,0.10437575872584981,0.06997905364469759,0.0,0.0,0.0,0.0,0.005172829273304989,0.07451147148858132,0.005379345163128212,-1.5123552094921713,3.1155202,-0.24697188,2.9484622,-0.07991301,2.0133474,-2.3892944,28.229572,0.0029405805
circle,nmpc,42.300000000000004,0.5678815,-0.82852525,-0.60007566,-0.002946636,-0.04736059,0.6084856,0.12887317,-9.793947e-05,-0.0060279793,0.0064763045,0.013574571,0.12476089,0.5672689491267568,-0.8235325976284271,-0.6,0.0,0.0,0.6031857894892436,0.1034881580756486,0.07128511833981444,0.0,0.0,0.0,0.0,0.0050306563284004055,0.07600181759431708,0.005299790001418003,-1.5178350558134008,2.9646828,-0.32703602,2.8678145,-0.23016709,1.9858655,-2.4211993,26.9795,0.0028103648
circle,nmpc,42.400000000000006,0.5784736,-0.8211647,-0.6000511,-0.0028934106,-0.045915455,0.62097484,0.1288518,-0.00013594968,-0.005861893,0.006445024,0.014083677,0.1247945,0.5775727034222681,-0.8163392507171836,-0.6,0.0,0.0,0.6157521601034737,0.10258421544556695,0.07257992628834087,0.0,0.0,0.0,0.0,0.004909124100159191,0.07753674267583424,0.005222678630199429,-1.5232978682576068,2.8181581,-0.40206894,2.792129,-0.37603903,1.9585214,-2.4529986,25.894073,0.0026972992
circle,nmpc,42.5,0.5889736,-0.8136802,-0.60002816,-0.0028262956,-0.044429258,0.63346654,0.128819,-0.00020228932,-0.0056895628,0.0064047542,0.014500867,0.12482777,0.5877852522924737,-0.809016994374947,-0.6,0.0,0.0,0.6283185307177891,0.1016640735787,0.07386327302516538,0.0,0.0,0.0,0.0,0.004812291042484698,0.0790915221716977,0.005148011049331269,-1.5287496113818126,2.6750221,-0.47156274,2.7219028,-0.5184427,1.9306787,-2.4853199,24.95999,0.0025999986
circle,nmpc,42.6,0.5993797,-0.806073,-0.6000067,-0.0027468915,-0.042910475,0.64596075,0.12878402,-0.00027059324,-0.005511942,0.006343296,0.014834992,0.12486112,0.5979049830575195,-0.8015669848708761,-0.6,0.0,0.0,0.6408849013322003,0.10072787777609671,0.075134955894951,0.0,0.0,0.0,0.0,0.004741218314372922,0.08064443702480298,0.005075846863447864,-1.534193770971887,2.5346346,-0.53527945,2.6573656,-0.65801,1.9018471,-2.518612,24.165894,0.0025172804
circle,nmpc,42.7,0.60968935,-0.798344,-0.5999869,-0.0026573464,-0.04136709,0.65845746,0.1287399,-0.0003282181,-0.005329998,0.006256227,0.015090822,0.12489456,0.6079302976946062,-0.7939903986478348,-0.6,0.0,0.0,0.6534512719464698,0.0997757758738893,0.07639477408416528,0.0,0.0,0.0,0.0,0.004695576457647422,0.08218118103673584,0.0050061860727868,-1.5396338659018207,2.3965783,-0.59311473,2.5986228,-0.7951589,1.8716918,-2.553216,23.502632,0.002448191
circle,nmpc,42.800000000000004,0.6198994,-0.7904939,-0.5999686,-0.0025598623,-0.039806377,0.67095685,0.12868741,-0.00037158345,-0.005144618,0.0061439956,0.015275237,0.12492792,0.6178596130903351,-0.7862884321366183,-0.6,0.0,0.0,0.6660176425611904,0.09880791821964552,0.07764252865272159,0.0,0.0,0.0,0.0,0.004674151291879574,0.08369858363387395,0.0049392074906894345,-1.5450736414304715,2.2606087,-0.6449883,2.5457413,-0.9301206,1.8399609,-2.589335,22.962399,0.0023919162
circle,nmpc,42.900000000000006,0.6300076,-0.78252244,-0.59995186,-0.002456533,-0.038234722,0.68345886,0.12863675,-0.00039938968,-0.0049567446,0.0060085813,0.01539672,0.12496098,0.6276913612907014,-0.7784623015670228,-0.6,0.0,0.0,0.6785840131754581,0.09782445765016412,0.07887802256623111,0.0,0.0,0.0,0.0,0.004674624768384385,0.08519902946558235,0.004874851513415157,-1.550515823996312,2.1265354,-0.6909694,2.498655,-1.0630888,1.8065194,-2.6271057,22.538223,0.0023477317
circle,nmpc,43.0,0.640012,-0.77442944,-0.5999366,-0.002349265,-0.0366579,0.69596356,0.1285906,-0.000411235,-0.0047671534,0.005852638,0.015461216,0.12499357,0.63742398974869,-0.770513242775789,-0.6,0.0,0.0,0.6911503837894318,0.09682554946471855,0.08010106072547929,0.0,0.0,0.0,0.0,0.00469452387000155,0.08668318099654311,0.004813177745449759,-1.5559616500241062,1.9943973,-0.7311202,2.4573042,-1.1940268,1.7713064,-2.6665769,22.22436,0.0023150377
circle,nmpc,43.1,0.64990985,-0.766215,-0.5999227,-0.002239761,-0.035081323,0.7084708,0.1285428,-0.0004060994,-0.00457653,0.005678922,0.015472083,0.12502557,0.6470559615694447,-0.7624425110114476,-0.6,0.0,0.0,0.7037167544040922,0.0958113514025749,0.08131144999878881,0.0,0.0,0.0,0.0,0.00473101961023117,0.08814788684563037,0.00475406697652303,-1.5614137125429803,1.8637586,-0.7659462,2.4211915,-1.3233789,1.7343049,-2.7077508,22.013496,0.0022930726
circle,nmpc,43.2,0.65969926,-0.75787896,-0.5999102,-0.002129388,-0.033509597,0.7209807,0.12850252,-0.00038685565,-0.0043855943,0.005491466,0.015437213,0.12505685,0.6565857557529569,-0.7542513807361034,-0.6,0.0,0.0,0.7162831250182264,0.09478202361740129,0.08250899925149602,0.0,0.0,0.0,0.0,0.004781349763433515,0.08959926302530734,0.004697578812492553,-1.5668733741642502,1.7346284,-0.79563016,2.3901296,-1.4511311,1.6955578,-2.7505915,21.901134,0.0022813682
circle,nmpc,43.300000000000004,0.66937846,-0.7494214,-0.599899,-0.0020192014,-0.03194687,0.7334932,0.12846793,-0.00035632413,-0.0041948967,0.0052939537,0.015360922,0.12508729,0.6660118674342521,-0.7459411454241818,-0.6,0.0,0.0,0.7288494956327086,0.09373772865189922,0.08369351937675962,0.0,0.0,0.0,0.0,0.004843184824925956,0.09103933435943325,0.0046437132524842495,-1.5723430427508702,1.6066879,-0.8205625,2.3637156,-1.5775901,1.6551178,-2.7950494,21.882427,0.0022794197
circle,nmpc,43.400000000000006,0.67894685,-0.7408428,-0.5998889,-0.0019097874,-0.030396616,0.74600816,0.12844643,-0.0003236687,-0.0040049464,0.005091594,0.015249944,0.12511666,0.675332808121025,-0.7375131173581734,-0.6,0.0,0.0,0.74141586624709,0.09267863141276811,0.08486482332542566,0.0,0.0,0.0,0.0,0.00491534038936872,0.09247947979854833,0.004592291483012544,-1.5778229855231907,1.4796302,-0.8411912,2.3415012,-1.7030622,1.6130567,-2.8410378,21.953403,0.002286813
circle,nmpc,43.5,0.6884027,-0.73214424,-0.59988004,-0.0018016734,-0.028862074,0.7585255,0.12842582,-0.00028848829,-0.003816131,0.004885412,0.01510645,0.12514497,0.6845471059286886,-0.7289686274214116,-0.6,0.0,0.0,0.753982236861597,0.09160489914306069,0.08602272613444928,0.0,0.0,0.0,0.0,0.00499645721932029,0.09391468961678774,0.004543253899206179,-1.5833140524176346,1.3530344,-0.8582218,2.322788,-1.8279754,1.5695043,-2.8884556,22.110603,0.002303188
circle,nmpc,43.6,0.6977441,-0.72332686,-0.5998722,-0.0016954372,-0.027345909,0.77104527,0.1284039,-0.00024696428,-0.003628742,0.0046753148,0.01493615,0.1251723,0.693653305812805,-0.7203090248879068,-0.6,0.0,0.0,0.7665486074757476,0.09051670139781365,0.08716704495770333,0.0,0.0,0.0,0.0,0.005085080508930095,0.09534053048131008,0.004496660106192096,-1.5888139190042025,1.2266418,-0.8721865,2.3070278,-1.9525723,1.5245701,-2.9371753,22.35159,0.0023282904
circle,nmpc,43.7,0.7069667,-0.7143938,-0.5998653,-0.0015915496,-0.025850853,0.78356725,0.1283498,-0.0001990124,-0.0034430507,0.004462709,0.014738319,0.12519854,0.70264996979885,-0.7115356772092846,-0.6,0.0,0.0,0.77911497809036,0.08941421001612548,0.08829759909417811,0.0,0.0,0.0,0.0,0.005178910879911679,0.09674442978740523,0.0044522716845728505,-1.594321774782262,1.1005744,-0.8831949,2.2941158,-2.0767362,1.478364,-2.9870842,22.67533,0.0023620136
circle,nmpc,43.800000000000004,0.7160653,-0.7053503,-0.59985965,-0.0014902388,-0.024379408,0.79609144,0.12824324,-0.00014894648,-0.0032593943,0.004250362,0.0145151755,0.1252235,0.7115356772092861,-0.7026499697988484,-0.6,0.0,0.0,0.791681348704851,0.0882975990941226,0.08941421001612548,0.0,0.0,0.0,0.0,0.00527529535601702,0.09812154044228896,0.004410088634931752,-1.5998402481894505,0.9751924,-0.8911276,2.284192,-2.2001271,1.4310104,-3.0380802,23.080925,0.002404263
circle,nmpc,43.900000000000006,0.7250364,-0.6962,-0.59985507,-0.0013916125,-0.022932997,0.8086178,0.12810653,-9.8864584e-05,-0.0030780607,0.004039798,0.0142774675,0.12524717,0.7203090248879078,-0.693653305812804,-0.6,0.0,0.0,0.8042477193188309,0.08716704495775884,0.09051670139781365,0.0,0.0,0.0,0.0,0.005371651144541211,0.0994821444194758,0.004370051353013604,-1.6053726210679544,0.8501998,-0.8966236,2.2766352,-2.3230588,1.3826314,-3.0900264,23.566376,0.0024548308
circle,nmpc,44.0,0.7338789,-0.68694407,-0.5998515,-0.0012958725,-0.021511802,0.8211461,0.1279765,-4.480122e-05,-0.0028992689,0.0038302615,0.014037628,0.12526967,0.7289686274214119,-0.6845471059286883,-0.6,0.0,0.0,0.8168140899334173,0.08602272613411621,0.09160489914272762,0.0,0.0,0.0,0.0,0.005466110178792521,0.10083745862269779,0.00433198102376653,-1.6109193544291371,0.72527087,-0.90030426,2.2708416,-2.445875,1.3333515,-3.142806,24.130648,0.002513609
circle,nmpc,44.1,0.7425928,-0.6775831,-0.5998487,-0.0012029943,-0.020115608,0.8336763,0.12786114,8.382852e-06,-0.0027230668,0.0036240485,0.013799593,0.12529106,0.7375131173581743,-0.675332808121024,-0.6,0.0,0.0,0.8293804605476458,0.08486482332514811,0.09267863141243504,0.0,0.0,0.0,0.0,0.005557876865494927,0.10219527139012348,0.004295818043510202,-1.6164800524621992,0.6001785,-0.9027497,2.2662468,-2.5688179,1.2832922,-3.1962836,24.772938,0.0025805144
circle,nmpc,44.2,0.75117767,-0.6681172,-0.5998466,-0.0011130782,-0.018743891,0.84620833,0.12776473,6.544408e-05,-0.002549497,0.0034198896,0.013566432,0.12531161,0.7459411454241826,-0.6660118674342511,-0.6,0.0,0.0,0.8419468311618584,0.08369351937681513,0.09373772865189922,0.0,0.0,0.0,0.0,0.0056459930014287445,0.10355321618495403,0.004261502807257789,-1.6220547876491356,0.47487894,-0.90431225,2.2625062,-2.6919394,1.232578,-3.250347,25.492767,0.0026554961
circle,nmpc,44.300000000000004,0.7596342,-0.65854675,-0.5998451,-0.0010258836,-0.017395884,0.8587422,0.12769058,0.00011825967,-0.002378576,0.0032211377,0.013340575,0.12533131,0.7542513807361043,-0.6565857557529559,-0.6,0.0,0.0,0.8545132017766701,0.08250899925149602,0.09478202361740129,0.0,0.0,0.0,0.0,0.0057309842689606,0.10492026201353005,0.004228975709749561,-1.6276442959176984,0.34939486,-0.9050476,2.2595584,-2.8152108,1.1812811,-3.3049257,26.290163,0.0027385587
circle,nmpc,44.400000000000006,0.7679637,-0.6488715,-0.59984404,-0.0009410671,-0.0160705,0.87127775,0.12764898,0.0001633273,-0.002210284,0.0030287274,0.013125267,0.12535022,0.7624425110114484,-0.6470559615694437,-0.6,0.0,0.0,0.8670795723908045,0.08131144999878881,0.0958113514025749,0.0,0.0,0.0,0.0,0.00581412473180067,0.10630426379882008,0.004198177147617166,-1.6332455215242192,0.22374284,-0.905036,2.2573214,-2.9386144,1.1294588,-3.3599563,27.165089,0.0028296968
circle,nmpc,44.5,0.7761652,-0.63909227,-0.59984344,-0.00085868925,-0.0147671895,0.883815,0.1276151,0.00021154886,-0.002044512,0.0028384933,0.012915124,0.12536868,0.7705132427757893,-0.6374239897486896,-0.6,0.0,0.0,0.8796459430048428,0.0801010607255348,0.09682554946466304,0.0,0.0,0.0,0.0,0.0058950941771499015,0.10768485741951044,0.0041690475156345155,-1.6388575932565357,0.097936176,-0.9043665,2.2557025,-3.0621326,1.0771775,-3.4153974,28.11757,0.0029289136
circle,nmpc,44.6,0.78423756,-0.62921,-0.59984314,-0.00077875523,-0.01348529,0.8963539,0.12758766,0.0002625939,-0.0018812214,0.0026509212,0.012711334,0.12538666,0.7784623015670236,-0.6276913612907004,-0.6,0.0,0.0,0.8922123136195051,0.0788780225661756,0.09782445765010861,0.0,0.0,0.0,0.0,0.005973650852059574,0.10906184090430322,0.0041415868130815214,-1.6444812489072684,-0.027893115,-0.9031154,2.2546241,-3.1856325,1.0245042,-3.4711666,29.146585,0.003036103
circle,nmpc,44.7,0.79218084,-0.61922526,-0.59984314,-0.0007010477,-0.012223796,0.9088945,0.12757765,0.00031111026,-0.00172045,0.002468155,0.012517283,0.12540399,0.7862884321366191,-0.6178596130903341,-0.6,0.0,0.0,0.90477868423388,0.07764252865299914,0.0988079182200341,0.0,0.0,0.0,0.0,0.00605062233419194,0.11044499639301188,0.004115795040869785,-1.6501150931166682,-0.15726432,-0.90084016,2.2544134,-3.3125174,0.9710846,-3.5277104,30.27914,0.0031540773
circle,nmpc,44.800000000000004,0.7999951,-0.60914236,-0.59984344,-0.00062507443,-0.010981987,0.9214366,0.12755476,0.00033144507,-0.0015618476,0.002292817,0.012330162,0.12542048,0.7939903986478356,-0.607930297694605,-0.6,0.0,0.0,0.9173450548478076,0.0763947740842208,0.0997757758738338,0.0,0.0,0.0,0.0,0.006127833498565139,0.1118434548473635,0.004091552989869407,-1.655760013460095,-0.29294494,-0.8970273,2.255437,-3.4454088,0.91707546,-3.5849607,31.541283,0.0032855503
circle,nmpc,44.900000000000006,0.80768096,-0.59897023,-0.5998439,-0.00055063725,-0.009759158,0.93398017,0.12748472,0.00029389284,-0.0014048355,0.0021218795,0.012149892,0.1254359,0.8015669848708769,-0.5979049830575185,-0.6,0.0,0.0,0.9299114254624322,0.075134955894951,0.1007278777760412,0.0,0.0,0.0,0.0,0.00620804865794834,0.11326719342460895,0.00406874144964664,-1.6614208211476396,-0.43489072,-0.89162076,2.2577043,-3.5842152,0.8638101,-3.641607,32.935413,0.0034307726
circle,nmpc,45.0,0.8152404,-0.5887219,-0.5998446,-0.00047814837,-0.008554461,0.9465251,0.12734073,0.00016424882,-0.0012488958,0.0019491487,0.0119778905,0.12544994,0.8090169943749478,-0.5877852522924726,-0.6,0.0,0.0,0.9424777960767502,0.07386327302522089,0.1016640735787,0.0,0.0,0.0,0.0,0.006295393560658082,0.11473278955658381,0.004047300816560351,-1.6671029101398653,-0.57952684,-0.8855982,2.2604096,-3.725534,0.8140861,-3.694839,34.423763,0.0035858087
circle,nmpc,45.1,0.82267386,-0.5784122,-0.5998452,-0.00041007268,-0.0073672687,0.95907134,0.12709633,-5.313003e-05,-0.0010936544,0.0017540058,0.011811935,0.12546334,0.8163392507171844,-0.577572703422267,-0.6,0.0,0.0,0.955044166691423,0.07257992628834087,0.10258421544556695,0.0,0.0,0.0,0.0,0.006391863914511159,0.11622245270076058,0.004027171485304293,-1.67281416074181,-0.7177394,-0.88103724,2.2619374,-3.8607135,0.772146,-3.7402582,35.898586,0.0037394362
circle,nmpc,45.2,0.8299794,-0.5680492,-0.5998457,-0.00035213277,-0.0061966013,0.971619,0.12678842,-0.0002944513,-0.0009395501,0.0015038118,0.011655218,0.12547813,0.8235325976284279,-0.5672689491267557,-0.6,0.0,0.0,0.9676105373060171,0.07128511833975892,0.1034881580756486,0.0,0.0,0.0,0.0,0.006495698633732548,0.1176959197861979,0.004008472665601559,-1.6785622933705533,-0.8398122,-0.8799192,2.2608511,-3.9805818,0.74226767,-3.7734647,37.226017,0.0038777099
circle,nmpc,45.300000000000004,0.8371533,-0.557627,-0.59984607,-0.00031320038,-0.0050407117,0.9841686,0.12652186,-0.0004647944,-0.0007876944,0.0011669642,0.0115147075,0.12549713,0.8305958991958132,-0.5568756164881872,-0.6,0.0,0.0,0.9801769079196846,0.06997905364447554,0.10437575872546123,0.0,0.0,0.0,0.0,0.006602122066367712,0.1191186404154758,0.00399168119545823,-1.6843483192708906,-0.93526053,-0.8830638,2.2567155,-4.075039,0.7281027,-3.7906535,38.252407,0.003984626
circle,nmpc,45.400000000000006,0.8441875,-0.54712045,-0.5998463,-0.00030548545,-0.0038977477,0.9967207,0.12643671,-0.00042172748,-0.00063975336,0.0007098631,0.011390324,0.12552322,0.8375280400421423,-0.5463943467342682,-0.6,0.0,0.0,0.9927432785346206,0.06866193844551338,0.10524687723345583,0.0,0.0,0.0,0.0,0.006700688987198392,0.1204333324985873,0.003977393119126926,-1.690167181937314,-0.99236006,-0.8900012,2.2501543,-4.1325145,0.73233277,-3.788979,38.810425,0.0040427526
circle,nmpc,45.5,0.8510698,-0.5364778,-0.5998467,-0.00034357182,-0.0027658695,1.0092762,0.1267401,5.7282327e-06,-0.00049795996,0.000108517335,0.011280429,0.12555765,0.8443279255020153,-0.5358267949789963,-0.6,0.0,0.0,1.0053096491488058,0.06733398073061059,0.10610137603944692,0.0,0.0,0.0,0.0,0.00677497507239226,0.12159613980971067,0.003966502508298664,-1.696004676137833,-0.99810505,-0.8990426,2.2428224,-4.1399693,0.75654894,-3.766675,38.7343,0.004034823
circle,nmpc,45.6,0.8577825,-0.52561235,-0.5998479,-0.00044378053,-0.0016435098,1.0218358,0.12771273,0.0010366226,-0.0003648812,-0.00065470504,0.011180445,0.1255995,0.8509944817946921,-0.5251746299612954,-0.6,0.0,0.0,1.017876019763095,0.06599539019958023,0.10693912020820484,0.0,0.0,0.0,0.0,0.006803800028720986,0.12257447433135207,0.003959784222500763,-1.7018095105198572,-0.94286984,-0.9082128,2.2365952,-4.087677,0.80089706,-3.723439,37.930748,0.0039511193
circle,nmpc,45.7,0.86431336,-0.51448596,-0.599851,-0.0006040788,-0.0005448972,1.0343992,0.12899387,0.002344714,-0.00024206124,-0.0013965036,0.0109303715,0.12563772,0.8575266561936525,-0.514439533781506,-0.6,0.0,0.0,1.030442390377599,0.06464637823133668,0.10775997745016141,0.0,0.0,0.0,0.0,0.0067885017160426425,0.12350318176244594,0.003956761424463995,-1.7080531023011638,-0.825597,-0.9161147,2.2327218,-3.9744327,0.86392325,-3.6606739,36.448933,0.0037967637
circle,nmpc,45.800000000000004,0.8706601,-0.50312144,-0.5998571,-0.00080468075,0.00050178444,1.0469648,0.13011876,0.0035237127,-0.0001294412,-0.0019375496,0.010390908,0.12566304,0.8639234171928356,-0.5036232016357602,-0.6,0.0,0.0,1.0430087609918695,0.06328715785064443,0.10856381814255966,0.0,0.0,0.0,0.0,0.006756880952644018,0.12449860724858007,0.003956003603162284,-1.7146973103520846,-0.65454245,-0.92235243,2.2314136,-3.8083076,0.9427382,-3.5813296,34.47625,0.003591276
circle,nmpc,45.900000000000006,0.8768337,-0.49159124,-0.59986657,-0.0010143332,0.0014616741,1.0595311,0.130721,0.0042169066,-2.5978863e-05,-0.0021595804,0.009497774,0.12567104,0.870183754669526,-0.49272734154829095,-0.6,0.0,0.0,1.0555751316061606,0.061917943694256294,0.10935051534988194,0.0,0.0,0.0,0.0,0.006747591438146263,0.12564607954597423,0.003955961037577227,-1.7211974245598898,-0.44496956,-0.9272359,2.2320795,-3.6042843,1.0334265,-3.4894626,32.275127,0.0033619928
circle,nmpc,46.0,0.88285375,-0.47999632,-0.59987915,-0.0012000317,0.002300587,1.0720966,0.13057749,0.004229039,6.9261296e-05,-0.0020406512,0.00826167,0.1256631,0.8763066800438636,-0.4817536741017153,-0.6,0.0,0.0,1.0681415022204763,0.06053895197655201,0.11011994484280696,0.0,0.0,0.0,0.0,0.006779894149233802,0.12695780999325915,0.003955084006940668,-1.7276036293856505,-0.21311721,-0.9313371,2.233837,-3.3782907,1.1317836,-3.3894525,30.085005,0.0031338546
circle,nmpc,46.1,0.8887328,-0.46838897,-0.59989405,-0.0013466056,0.0030003304,1.0846608,0.13005474,0.0038860224,0.0001553229,-0.0017547878,0.0068466547,0.12564953,0.8822912264349533,-0.4707039321653325,-0.6,0.0,0.0,1.080707872835112,0.0591504004565091,0.1108719851199147,0.0,0.0,0.0,0.0,0.006845729155276811,0.12834892291661656,0.003952895673799084,-1.7339448799521175,0.028030269,-0.93510854,2.2359848,-3.1430624,1.2339662,-3.2852871,28.069468,0.0029239028
circle,nmpc,46.2,0.89447725,-0.4567913,-0.5999102,-0.0014502271,0.003553249,1.0972236,0.1293792,0.003396126,0.00023085116,-0.0014131439,0.0053600087,0.12563583,0.888136448813545,-0.4595798606214869,-0.6,0.0,0.0,1.0932742434492242,0.05775250840261981,0.11160651742531114,0.0,0.0,0.0,0.0,0.006927467578358787,0.12976873570365272,0.0039493960389960225,-1.7402370420192215,0.27026236,-0.93830395,2.23863,-2.906671,1.3367683,-3.180237,26.314514,0.0027410954
circle,nmpc,46.300000000000004,0.90009046,-0.44520894,-0.5999269,-0.0015131093,0.0039583035,1.1097857,0.12867647,0.0028685415,0.00029447052,-0.0010751777,0.0038683647,0.12562433,0.8938414241512643,-0.44838321609003123,-0.6,0.0,0.0,1.1058406140635508,0.05634549655814114,0.11232342576783516,0.0,0.0,0.0,0.0,0.007009407433747671,0.13119538372495895,0.003945061938951611,-1.7464886985012582,0.5085959,-0.9406244,2.242029,-2.674057,1.4376521,-3.0769248,24.855028,0.0025890653
circle,nmpc,46.400000000000006,0.90557307,-0.4336375,-0.5999434,-0.0015408081,0.004218865,1.122347,0.12802343,0.0023729652,0.00034513182,-0.0007742026,0.00241555,0.12561604,0.8994052515663716,-0.43711576665093177,-0.6,0.0,0.0,1.1184069846783022,0.05492958710651141,0.1130225969393217,0.0,0.0,0.0,0.0,0.00708120954954854,0.1326128579299491,0.003940012582745123,-1.7527063786657082,0.73894197,-0.9397323,2.2483282,-2.4491181,1.5345974,-2.977411,23.702257,0.0024689853
circle,nmpc,46.5,0.9109255,-0.42206642,-0.5999593,-0.0015403037,0.004341284,1.134908,0.12747543,0.0019361693,0.00038209584,-0.00052488595,0.0010306459,0.12561068,0.9048270524660197,-0.4257792915650722,-0.6,0.0,0.0,1.1309733552924068,0.05350500363621169,0.11370392053214329,0.0,0.0,0.0,0.0,0.007139903544469095,0.13402909956109404,0.003934605599316798,-1.7588940296936064,0.96013975,-0.93412507,2.258986,-2.232971,1.6262369,-2.8831058,22.84058,0.0023792272
circle,nmpc,46.6,0.91614765,-0.4104816,-0.5999742,-0.0015190826,0.0043334854,1.1474689,0.12706392,0.0015740724,0.00040501892,-0.00033309238,-0.00027145643,0.12560774,0.9101059706849959,-0.4143755809932836,-0.6,0.0,0.0,1.1435397259064524,0.05207197110579376,0.11436728895822257,0.0,0.0,0.0,0.0,0.007187879935767525,0.13544838651622593,0.003929198615947538,-1.76505450527674,1.1726974,-0.92320627,2.2746859,-2.0251944,1.7117462,-2.7948444,22.244368,0.0023171215
circle,nmpc,46.7,0.92123985,-0.39886767,-0.599988,-0.0014838404,0.0042040283,1.1600299,0.12680541,0.0012818614,0.00041381604,-0.00019190533,-0.0014853815,0.12560669,0.9152411726209179,-0.402906435713662,-0.6,0.0,0.0,1.1561060965207195,0.05063071580746481,0.11501259746357628,0.0,0.0,0.0,0.0,0.007231594880702646,0.13688475284488835,0.003923791632356678,-1.7711841309901106,1.3766223,-0.90531284,2.2970314,-1.8257216,1.7906518,-2.713131,21.891808,0.0022803966
circle,nmpc,46.800000000000004,0.92620057,-0.3872139,-0.6000005,-0.00144053,0.0039604194,1.1725911,0.12665188,0.0010537426,0.0004087186,-9.496913e-05,-0.0026224714,0.12560703,0.9202318473658706,-0.3913736668372017,-0.6,0.0,0.0,1.1686724671354627,0.049181465332115426,0.1156397441465229,0.0,0.0,0.0,0.0,0.007275260320974495,0.13831769385964143,0.003918623066868854,-1.777279654046687,1.5725642,-0.8797724,2.326695,-1.6339028,1.8627899,-2.6381423,21.759888,0.002266655
circle,nmpc,46.900000000000006,0.93102765,-0.37551472,-0.6000117,-0.0013938423,0.0036091865,1.1851525,0.12655519,0.0008706661,0.00039002797,-3.0607887e-05,-0.0036932756,0.12560819,0.9250772068344584,-0.3797790955218003,-0.6,0.0,0.0,1.181238837749668,0.04772444853334834,0.11624862997336449,0.0,0.0,0.0,0.0,0.00732071405628614,0.1397372977597202,0.003913692920497924,-1.7833392114171487,1.7611024,-0.84630394,2.3639696,-1.449171,1.9282882,-2.5697632,21.82814,0.0022737642
circle,nmpc,47.0,0.93571824,-0.36376846,-0.60002166,-0.0013476224,0.0031561705,1.1977142,0.12647931,0.0007226153,0.00035811108,8.823954e-06,-0.0047052447,0.12560987,0.9297764858882515,-0.36812455268467786,-0.6,0.0,0.0,1.193805208363928,0.046259895490896596,0.11683915879390216,0.0,0.0,0.0,0.0,0.007367526670504913,0.14113233091927035,0.003909001192651695,-1.7893648062760723,1.9427127,-0.8050327,2.408744,-1.271064,1.9873474,-2.507815,22.078547,0.0022998487
circle,nmpc,47.1,0.9402708,-0.35197473,-0.6000303,-0.0013046646,0.002607186,1.2102762,0.12641701,0.0005925898,0.0003134359,3.3100623e-05,-0.005659127,0.12561175,0.9343289424566121,-0.3564118787132505,-0.6,0.0,0.0,1.2063715789784222,0.044788037474818854,0.11741123735725667,0.0,0.0,0.0,0.0,0.007415840906351095,0.14251310109934806,0.00390466709243964,-1.79535795925001,2.117917,-0.7561939,2.4607768,-1.0990534,2.0403717,-2.4518876,22.495613,0.002343293
circle,nmpc,47.2,0.94468313,-0.3401339,-0.6000377,-0.0012674924,0.001967886,1.2228385,0.12636091,0.00048267894,0.00025651953,4.420093e-05,-0.006556891,0.12561385,0.9387338576538742,-0.3446429231745167,-0.6,0.0,0.0,1.2189379495925008,0.043309106908306916,0.11796477532471927,0.0,0.0,0.0,0.0,0.007465022283002861,0.1438739394868436,0.0039005714112223533,-1.8013199968368963,2.2873778,-0.7004142,2.5194666,-0.9325027,2.087881,-2.4014676,23.066244,0.0024027338
circle,nmpc,47.300000000000004,0.9489529,-0.32824695,-0.6000438,-0.0012382268,0.0012437261,1.235401,0.12630497,0.00039251414,0.00018792463,4.5438785e-05,-0.0074008224,0.12561609,0.9429905358928646,-0.33281954452298623,-0.6,0.0,0.0,1.231504320207446,0.041823337331658994,0.1184996852867104,0.0,0.0,0.0,0.0,0.007514018290703716,0.1452118635467756,0.0038967141477175282,-1.8072538838758416,2.4518158,-0.6383912,2.584179,-0.77075404,2.1304927,-2.3559206,23.780348,0.0024771194
circle,nmpc,47.400000000000006,0.9530784,-0.3163143,-0.6000487,-0.001218534,0.00044019785,1.2479639,0.126256,0.00031962522,0.000108181855,4.0681127e-05,-0.008190833,0.12561852,0.9470983049947448,-0.32094360980720815,-0.6,0.0,0.0,1.2440706908215677,0.04033096336530928,0.11901588277465902,0.0,0.0,0.0,0.0,0.007562684620242016,0.1465330197063891,0.0038932145129049185,-1.8135990319593782,2.612177,-0.5711622,2.6539054,-0.61289054,2.1689587,-2.3145115,24.629889,0.0025656132
circle,nmpc,47.5,0.9570574,-0.30433577,-0.6000525,-0.0012097976,-0.00043726218,1.2605271,0.1262211,0.00026761804,1.7918841e-05,3.2060412e-05,-0.008927681,0.12562117,0.9510565162951538,-0.3090169943749468,-0.6,0.0,0.0,1.256637061435851,0.03883222067230241,0.11951328627507474,0.0,0.0,0.0,0.0,0.007611004526609741,0.14783892213007582,0.0038900725057993135,-1.8204259065971224,2.7693462,-0.4998858,2.7275734,-0.4581127,2.2041507,-2.2763493,25.608736,0.0026675768
circle,nmpc,47.6,0.96088606,-0.29231235,-0.6000552,-0.0012134861,-0.0013838657,1.2730907,0.12618254,0.00025113838,-8.230595e-05,1.8051576e-05,-0.0096180225,0.12562446,0.9548645447466432,-0.2970415815770342,-0.6,0.0,0.0,1.269203432050106,0.03732734592148956,0.11999181724212105,0.0,0.0,0.0,0.0,0.007656846883361513,0.1491076211530623,0.0038872881265907826,-1.8272878079666397,2.9241898,-0.4256026,2.8042371,-0.3056496,2.2370055,-2.2405148,26.713293,0.0027826345
circle,nmpc,47.7,0.96455824,-0.28024492,-0.600057,-0.0012313166,-0.0023950355,1.2856548,0.12613761,0.00029060515,-0.00019190498,-4.434348e-06,-0.010264154,0.12562901,0.9585217890173762,-0.2850192624699753,-0.6,0.0,0.0,1.2817698026645294,0.035816576749891915,0.12045140010980004,0.0,0.0,0.0,0.0,0.007696519549407795,0.15032146648925337,0.0038849805843719216,-1.8341765153973633,3.077272,-0.3493537,2.8829284,-0.15500985,2.268436,-2.2060921,27.9396,0.0029103747
circle,nmpc,47.800000000000004,0.9680658,-0.26813462,-0.6000579,-0.0012652361,-0.0034664688,1.2982198,0.12607907,0.00040638645,-0.00031030198,-3.82613e-05,-0.010869038,0.12563547,0.9620276715860862,-0.2729519355173243,-0.6,0.0,0.0,1.2943361732787835,0.03430015172578571,0.1208919623055249,0.0,0.0,0.0,0.0,0.007724559464321652,0.1514603567738592,0.0038836267166388883,-1.8410868463422987,3.2295015,-0.27242017,2.9623919,-0.0053100693,2.2993152,-2.1722035,29.285006,0.0030505212
circle,nmpc,47.900000000000006,0.9714036,-0.25598285,-0.60005796,-0.0013156289,-0.004593725,1.3107857,0.12601659,0.0005693324,-0.0004369265,-6.833791e-05,-0.01143154,0.12564333,0.9653816388332742,-0.2608415062898959,-0.6,0.0,0.0,1.3069025438933601,0.032778310310066505,0.12131343425900165,0.0,0.0,0.0,0.0,0.007737825313188455,0.15255394221163457,0.0038831073136100795,-1.848013812374013,3.3817978,-0.1960268,3.0414548,0.14431645,2.3303978,-2.1380956,30.748463,0.0032029648
circle,nmpc,48.0,0.9745692,-0.24379297,-0.60005736,-0.001381433,-0.0057727704,1.3233526,0.12593853,0.00074747496,-0.00057121395,-8.075362e-05,-0.011955776,0.12565228,0.9685831611286312,-0.2486898871648545,-0.6,0.0,0.0,1.319468914507451,0.03125129281922323,0.12171574941485797,0.0,0.0,0.0,0.0,0.0077340679043105395,0.1536207130966753,0.0038836607946730606,-1.854956419015414,3.5348287,-0.1211222,3.1191866,0.2945203,2.3622863,-2.1031888,32.32955,0.0033676617
circle,nmpc,48.1,0.9775626,-0.23156725,-0.60005605,-0.0014608504,-0.0069992566,1.3359207,0.12586303,0.00092280295,-0.00071255676,-6.864685e-05,-0.012438467,0.1256624,0.9716317329146741,-0.2364989970237243,-0.6,0.0,0.0,1.3320352851223396,0.029719340386868964,0.12209884424292661,0.0,0.0,0.0,0.0,0.007713659500040649,0.15468597182288113,0.003885406367833743,-1.8619133674970525,3.6890602,-0.04826796,3.195029,0.44576368,2.395388,-2.0670638,34.029045,0.0035446922
circle,nmpc,48.2,0.98038536,-0.21930806,-0.6000542,-0.0015515448,-0.008269027,1.3484902,0.12579213,0.0010784983,-0.0008604099,-2.717594e-05,-0.012881305,0.12567373,0.9745268727865772,-0.2242707609493807,-0.6,0.0,0.0,1.3446016557363127,0.0281826949262709,0.12246265824808478,0.0,0.0,0.0,0.0,0.007678099633786609,0.15576410550724087,0.0038885824533845255,-1.8688850035016105,3.8448043,0.02218326,3.268616,0.59837216,2.4300003,-2.0294476,35.84847,0.0037342154
circle,nmpc,48.300000000000004,0.98303986,-0.20701626,-0.6000518,-0.0016512304,-0.009577834,1.3610613,0.12574175,0.0012111309,-0.001014184,4.2641394e-05,-0.013283098,0.12568648,0.9772681235681936,-0.21200710992205404,-0.6,0.0,0.0,1.3571680263507082,0.02664159909138153,0.12280713397985754,0.0,0.0,0.0,0.0,0.007630476310510825,0.15686763990912478,0.0038933082592771395,-1.8758696257759402,4.002351,0.09013527,3.3398356,0.75265115,2.4662917,-1.9901723,37.7913,0.003936594
circle,nmpc,48.400000000000006,0.98552793,-0.19469316,-0.600049,-0.0017578994,-0.010921969,1.3736342,0.1257051,0.0013232626,-0.001173334,0.00013750204,-0.01364893,0.12570082,0.979855052384247,-0.1997099805144063,-0.6,0.0,0.0,1.3697343969650222,0.025096296239257576,0.12313221704199351,0.0,0.0,0.0,0.0,0.007573138773815803,0.15799027854554706,0.003899822204594505,-1.882863812524616,4.161787,0.15562275,3.4086957,0.9087148,2.5043173,-1.9492003,39.86064,0.0041521504
circle,nmpc,48.5,0.9878508,-0.18234278,-0.60004574,-0.0018697834,-0.012298665,1.3862091,0.12565418,0.001416593,-0.0013373572,0.0002545562,-0.013987975,0.12571672,0.9822872507286887,-0.18738131458572468,-0.6,0.0,0.0,1.3823007675794272,0.02354703039092465,0.12343785609922331,0.0,0.0,0.0,0.0,0.007506118373493338,0.15911268440368234,0.003908362707743196,-1.8898687514545425,4.32303,0.21870852,3.475224,1.0665154,2.544034,-1.9065564,42.05812,0.0043810545
circle,nmpc,48.6,0.9900099,-0.169967,-0.6000421,-0.0019853471,-0.013704834,1.3987861,0.12560926,0.0014927288,-0.001505872,0.00039112498,-0.014296809,0.12573393,0.9845643345292054,-0.175023058975276,-0.6,0.0,0.0,1.3948671381939066,0.021994046193518635,0.12372400288804264,0.0,0.0,0.0,0.0,0.007431000897941051,0.16024626461712205,0.003918929768739865,-1.896882867919828,4.4858,0.27936295,3.539373,1.225791,2.5853667,-1.8623272,44.38255,0.0046231826
circle,nmpc,48.7,0.99200726,-0.15756959,-0.6000382,-0.0021029906,-0.015138017,1.4113654,0.12555215,0.0015443393,-0.0016784801,0.000547479,-0.014581522,0.12575209,0.9866859442078683,-0.16263716519488258,-0.6,0.0,0.0,1.4074335088079095,0.02043758888131686,0.12399061222255481,0.0,0.0,0.0,0.0,0.007348343886816867,0.16138456399580914,0.003931881016004057,-1.9039060158251386,4.6496716,0.33760446,3.601116,1.3861611,2.6281877,-1.8166399,46.830452,0.004878172
circle,nmpc,48.800000000000004,0.99384445,-0.14515413,-0.60003406,-0.0022214889,-0.016595807,1.423947,0.1254828,0.0015752995,-0.001854847,0.0007195521,-0.014842438,0.12577091,0.9886517447379142,-0.15022558912075593,-0.6,0.0,0.0,1.4199998794225974,0.018877904236824783,0.12423764200206189,0.0,0.0,0.0,0.0,0.007258443747814288,0.16252413362215712,0.003947097239084707,-1.9109395389929102,4.814383,0.39359364,3.660608,1.54737,2.6723595,-1.7696391,49.400738,0.0051459097
circle,nmpc,48.900000000000006,0.99552304,-0.13272248,-0.6000297,-0.0023399708,-0.018075498,1.4365311,0.12541813,0.0015896546,-0.0020345957,0.0009035128,-0.01507638,0.12579015,0.9904614256966514,-0.13779029068463683,-0.6,0.0,0.0,1.4325662500372356,0.01731523855241779,0.12446505321767054,0.0,0.0,0.0,0.0,0.007162643406645605,0.16367265369260361,0.003964816857295661,-1.9179829970856965,4.979813,0.44748464,3.7179852,1.7093139,2.7177582,-1.7214285,52.093475,0.005426403
circle,nmpc,49.0,0.99704397,-0.12027602,-0.6000252,-0.0024579412,-0.019574525,1.4491177,0.12536076,0.0015937563,-0.0022173966,0.0010952556,-0.015284694,0.12580957,0.9921147013144779,-0.1253332335643038,-0.6,0.0,0.0,1.4451326206516273,0.0157498385910948,0.12467280995809293,0.0,0.0,0.0,0.0,0.007062132531708046,0.16482695097271555,0.003985039870833651,-1.925036808526544,5.145884,0.49953428,3.7735028,1.8719171,2.764255,-1.6721377,54.910202,0.0057198126
circle,nmpc,49.1,0.9984087,-0.10781533,-0.6000205,-0.002574913,-0.021090375,1.4617066,0.12531887,0.0015845359,-0.0024029166,0.0012943711,-0.015467829,0.1258288,0.9936113105200085,-0.11285638487348111,-0.6,0.0,0.0,1.4576989912656657,0.014181951547787008,0.12486087941701585,0.0,0.0,0.0,0.0,0.00695897522002072,0.1659947152863136,0.00400764707051593,-1.9320986371334716,5.3124638,0.54992366,3.8273594,2.0350294,2.8117251,-1.6218983,57.851067,0.0060261525
circle,nmpc,49.2,0.99961764,-0.09534288,-0.60001576,-0.0026907313,-0.02262124,1.4742982,0.12527248,0.0015681457,-0.0025908363,0.0014972312,-0.01563276,0.12584789,0.9949510169813002,-0.10036171485121421,-0.6,0.0,0.0,1.4702653618799937,0.012611825009889444,0.12502923189563336,0.0,0.0,0.0,0.0,0.0068531939080994485,0.16715793733217996,0.004032876874278779,-1.9391666703348354,5.479364,0.59870034,3.8795958,2.1984706,2.8600585,-1.5708071,60.91378,0.006345185
circle,nmpc,49.300000000000004,1.0006706,-0.08286205,-0.600011,-0.002805577,-0.02416563,1.4868923,0.1252111,0.001552904,-0.00278093,0.0017002417,-0.015782634,0.12586679,0.9961336091431725,-0.08785119655074239,-0.6,0.0,0.0,1.4828317324943059,0.011039706918625214,0.1251778408091625,0.0,0.0,0.0,0.0,0.006743557182306822,0.16830319857036505,0.00406061007313796,-1.9462416331935632,5.6464953,0.64589286,3.9302554,2.362135,2.909176,-1.5189478,64.09718,0.00667679
circle,nmpc,49.400000000000006,1.0015671,-0.07037435,-0.6000062,-0.0029196178,-0.025721652,1.499489,0.12515378,0.001539043,-0.0029729428,0.0019033501,-0.015913466,0.12588535,0.997158900260614,-0.07532680552793183,-0.6,0.0,0.0,1.4953981031088526,0.009465845529632588,0.1253066826905208,0.0,0.0,0.0,0.0,0.006630183232875047,0.16944310311429903,0.004090846666843229,-1.9533244631070832,5.8138843,0.69154286,3.97939,2.5260396,2.959027,-1.4663645,67.40197,0.007021038
circle,nmpc,49.5,1.0023077,-0.05787938,-0.6000014,-0.003032938,-0.027287165,1.5120881,0.12511954,0.0015252337,-0.0031665976,0.002107148,-0.016022772,0.12590349,0.9980267284282716,-0.06279051952931326,-0.6,0.0,0.0,1.5079644737230697,0.007890489373940657,0.12541573719408033,0.0,0.0,0.0,0.0,0.006515029056447591,0.17059171674621085,0.004123586655958578,-1.9604124534872513,5.9814987,0.7357607,4.0271053,2.6901565,3.0095408,-1.4131217,70.82844,0.007377962
circle,nmpc,49.6,1.0028917,-0.045378502,-0.5999966,-0.0031457052,-0.028860686,1.5246898,0.12509082,0.0015148551,-0.0033616521,0.0023105342,-0.016117208,0.12592125,0.9987369566060175,-0.05024431817976934,-0.6,0.0,0.0,1.5205308443375096,0.006313887218500902,0.12550498709930705,0.0,0.0,0.0,0.0,0.006398260085355085,0.1717347196058186,0.004158949249221333,-1.9675032773810595,6.1492796,0.7786938,4.073525,2.854451,3.0606525,-1.3593029,74.37679,0.0077475826
circle,nmpc,49.7,1.0033191,-0.0328748,-0.59999186,-0.0032578914,-0.030441253,1.5372939,0.12505046,0.00150348,-0.0035578816,0.0025152683,-0.016201906,0.12593842,0.9992894726405892,-0.037690182669934215,-0.6,0.0,0.0,1.5330972149519257,0.004736288027051838,0.1255744183117323,0.0,0.0,0.0,0.0,0.006279030758862289,0.17286340013156323,0.004196696028298863,-1.9745977124240588,6.317136,0.82027847,4.1186013,3.018816,3.1123126,-1.3049382,78.04454,0.00812964
circle,nmpc,49.800000000000004,1.0035908,-0.020370547,-0.5999872,-0.0033692745,-0.032027703,1.5499004,0.12500685,0.0014857198,-0.0037551746,0.0027231718,-0.016274929,0.12595487,0.9996841892832999,-0.02513009544333705,-0.6,0.0,0.0,1.545663585566353,0.003157940920817115,0.12562401986780136,0.0,0.0,0.0,0.0,0.006157535910146081,0.17398728869030836,0.004236826993156306,-1.9816947685106974,6.4848223,0.8603475,4.162172,3.1830008,3.1644762,-1.2500825,81.8249,0.008523427
circle,nmpc,49.900000000000006,1.0037063,-0.007868181,-0.59998274,-0.003479977,-0.033618934,1.5625094,0.124957815,0.0014713361,-0.0039533684,0.0029306528,-0.016336838,0.12597083,0.9999210442038161,-0.012566039883351183,-0.6,0.0,0.0,1.5582299561804211,0.0015790951391481123,0.12565378393485266,0.0,0.0,0.0,0.0,0.006033126084691674,0.17509773823858069,0.004279461353453362,-1.9887938094989344,6.652083,0.89871943,4.204038,3.346768,3.2170935,-1.1947877,85.70991,0.0089281155
circle,nmpc,50.0,1.0036652,0.0046304087,-0.5999784,-0.0035900802,-0.03521368,1.5751208,0.12490904,0.0014610714,-0.0041522747,0.003137979,-0.016385969,0.12598619,1.0,6.432490598706546e-16,-0.6,0.0,0.0,1.5707963267948966,0.0,0.12566370581279698,0.0,0.0,0.0,0.0,0.0059054980863020926,0.17619819770471187,0.004324479899134204,-1.9958936552758326,6.8187523,0.935507,4.244303,3.5099595,3.2700589,-1.139147,89.69542,0.009343273
circle,nmpc,50.1,1.0034677,0.017122734,-0.5999742,-0.0036994715,-0.03681081,1.5877345,0.12485463,0.0014506432,-0.0043517547,0.003346922,-0.016423805,0.1260008,0.9999210442038161,0.012566039883353357,-0.6,0.0,0.0,1.583362697409372,-0.0015790951391481123,0.12565378393485355,0.0,0.0,0.0,0.0,0.00577431794794654,0.1772874649574409,0.00437176342131651,-2.002993786397095,6.9846816,0.9707519,4.2830043,3.6724331,3.3232868,-1.0832485,93.77669,0.009768405
circle,nmpc,50.2,1.0031141,0.029606216,-0.59997034,-0.0038079396,-0.03840922,1.6003505,0.124793634,0.0014374483,-0.004551689,0.003558324,-0.016450368,0.12601458,0.9996841892832999,0.025130095443338333,-0.6,0.0,0.0,1.595929068023529,-0.003157940920817115,0.12562401986735727,0.0,0.0,0.0,0.0,0.00563922411783885,0.1783665548986556,0.004421431129608244,-2.010096286922913,7.152232,1.0044765,4.32036,3.8363528,3.377027,-1.0268701,98.00529,0.010208883
circle,nmpc,50.300000000000004,1.0026041,0.042081796,-0.59996665,-0.0039152377,-0.040007308,1.6129688,0.12476137,0.0014293618,-0.004751853,0.0037724138,-0.01646092,0.12602815,0.9992894726405892,0.0376901826699355,-0.6,0.0,0.0,1.6084954386380008,-0.004736288027051838,0.1255744183112882,0.0,0.0,0.0,0.0,0.005502209557603704,0.1794553407854204,0.004473363814086584,-2.0172003684399793,7.325861,1.0366173,4.356866,4.005617,3.4314604,-0.9698572,102.4856,0.010675583
circle,nmpc,50.400000000000006,1.0019329,0.054553993,-0.59996283,-0.0040215454,-0.04160368,1.6255897,0.124795645,0.0014678476,-0.0049518826,0.003984862,-0.016457353,0.12604453,0.9987369566060175,0.050244318179770625,-0.6,0.0,0.0,1.6210618092524613,-0.006313887218500902,0.12550498709886296,0.0,0.0,0.0,0.0,0.0053654891505745955,0.18055315748099984,0.004527919102946366,-2.024300979417932,7.506333,1.066787,4.392583,4.180542,3.4854994,-0.913318,107.23763,0.0111705875
circle,nmpc,50.5,1.0010924,0.06702856,-0.59995866,-0.004126348,-0.043197643,1.6382139,0.12491227,0.0015801692,-0.0051513556,0.004202591,-0.016446711,0.12606765,0.9980267284282716,0.06279051952931367,-0.6,0.0,0.0,1.633628179866727,-0.007890489373940657,0.1254157371940734,0.0,0.0,0.0,0.0,0.005230797666432511,0.1816544992808248,0.004585693042818972,-2.0313936177536482,7.6906714,1.0949124,4.42741,4.358179,3.5367064,-0.85975194,112.188416,0.0116862925
circle,nmpc,50.6,1.0000741,0.07951417,-0.5999534,-0.0042273887,-0.04478827,1.6508424,0.12514383,0.0017706718,-0.0053497464,0.0044431053,-0.016426755,0.1261004,0.9971589002606139,0.07532680552793311,-0.6,0.0,0.0,1.646194550481381,-0.0094658455296881,0.1253066826905208,0.0,0.0,0.0,0.0,0.005102435392985819,0.1827827383633281,0.004647877726016381,-2.038468612959996,7.8721585,1.1218554,4.461413,4.5326066,3.58146,-0.81280446,117.16568,0.012204758
circle,nmpc,50.7,0.99887043,0.09201715,-0.5999466,-0.004320242,-0.04637496,1.6634761,0.1254691,0.0020249186,-0.005546588,0.0047279825,-0.016400317,0.12614192,0.9961336091431724,0.08785119655074367,-0.6,0.0,0.0,1.6587609210954872,-0.011039706918625214,0.1251778408091625,0.0,0.0,0.0,0.0,0.004984799993555397,0.18393494014490774,0.0047151884092124785,-2.0455111615057113,8.038578,1.1489656,4.4942784,4.693271,3.6152651,-0.77699363,121.83806,0.012691464
circle,nmpc,50.800000000000004,0.99748206,0.104531944,-0.5999381,-0.0043971953,-0.047958244,1.676115,0.12576434,0.0022672103,-0.0057416772,0.0050896965,-0.016378129,0.12618446,0.9949510169813001,0.10036171485121549,-0.6,0.0,0.0,1.6713272917098845,-0.012611825009944955,0.12502923189607745,0.0,0.0,0.0,0.0,0.00487860917934925,0.18507145619185567,0.00478774430085771,-2.0525076897411747,8.176928,1.1771249,4.5248184,4.82924,3.6341896,-0.75620973,125.822495,0.013106511
circle,nmpc,50.900000000000006,0.99592394,0.11703462,-0.5999288,-0.0044471934,-0.049539573,1.688758,0.12583163,0.0023776065,-0.005935523,0.0055610305,-0.016368411,0.12621334,0.9936113105200083,0.11285638487348239,-0.6,0.0,0.0,1.6838936623241676,-0.01418195154784252,0.12486087941745994,0.0,0.0,0.0,0.0,0.004776083111774947,0.18612142991335973,0.0048643533084618005,-2.059455659421025,8.273213,1.2058073,4.5506797,4.928347,3.635196,-0.75339305,128.67957,0.013404123
circle,nmpc,51.0,0.9942325,0.1294831,-0.5999207,-0.0044556153,-0.05111951,1.7014016,0.12546021,0.0021737225,-0.006129518,0.0061767953,-0.016360817,0.1262092,0.9921147013144779,0.12533323356430418,-0.6,0.0,0.0,1.6964600329385995,-0.015749838591205823,0.12467280995853702,0.0,0.0,0.0,0.0,0.0046596868172045815,0.1870397672424773,0.004941558362364873,-2.0663603834088518,8.311843,1.2313757,4.5673523,4.975873,3.616215,-0.77037776,129.89352,0.013530576
circle,nmpc,51.1,0.9924698,0.1418107,-0.59991765,-0.004405839,-0.052697275,1.7140408,0.124360666,0.0014500864,-0.0063261827,0.006956006,-0.016339889,0.12615454,0.9904614256966511,0.13779029068463897,-0.6,0.0,0.0,1.7090264035529952,-0.0173152385524733,0.12446505321767054,0.0,0.0,0.0,0.0,0.004494885144833214,0.18773589027806056,0.00501435267259076,-2.0732634762836852,8.277857,1.2470821,4.5687065,4.956239,3.5763323,-0.80780333,128.9582,0.013433147
circle,nmpc,51.2,0.99069214,0.15396708,-0.59992343,-0.004290293,-0.0542587,1.7266697,0.12268283,0.0002695522,-0.006527751,0.0078074937,-0.01616977,0.12604423,0.9886517447379138,0.15022558912075806,-0.6,0.0,0.0,1.7215927741671957,-0.018877904236824783,0.12423764200206189,0.0,0.0,0.0,0.0,0.004262375252615053,0.18828207806618988,0.005076894984110459,-2.080225672610644,8.163961,1.2466915,4.550501,4.860159,3.5160966,-0.8649511,125.64378,0.013087894
circle,nmpc,51.300000000000004,0.9889076,0.16596824,-0.5999383,-0.004120571,-0.055766027,1.7392837,0.12114033,-0.00097301364,-0.006732443,0.008538046,-0.015613487,0.12588833,0.9866859442078679,0.16263716519488472,-0.6,0.0,0.0,1.7341591447818658,-0.02043758888131686,0.12399061222256869,0.0,0.0,0.0,0.0,0.0040044364132165704,0.18895909870007202,0.005124536133966684,-2.0872512710872,7.9743166,1.2270575,4.5120816,4.6892986,3.4377549,-0.9395571,120.14473,0.0125150755
circle,nmpc,51.400000000000006,0.9870855,0.1778666,-0.59996,-0.0039204434,-0.0571714,1.7518795,0.12015501,-0.0019610785,-0.0069337157,0.009021804,-0.014571847,0.12570302,0.9845643345292051,0.17502305897527726,-0.6,0.0,0.0,1.7467255153960508,-0.021994046193463124,0.12372400288761243,0.0,0.0,0.0,0.0,0.0038004823081940354,0.18987145472247252,0.005153938263006808,-2.094311046801538,7.7227006,1.188582,4.4561768,4.4551125,3.3448935,-1.0282234,113.00393,0.011771243
circle,nmpc,51.5,0.985165,0.18973577,-0.5999845,-0.0037193212,-0.058425378,1.7644558,0.11999925,-0.0024571165,-0.007122899,0.009197383,-0.013031887,0.12550797,0.9822872507286886,0.18738131458572507,-0.6,0.0,0.0,1.759291886010119,-0.023547030390813628,0.12343785609880698,0.0,0.0,0.0,0.0,0.003718217507598539,0.19106494989183623,0.0051639092779669485,-2.1013540912207915,7.4292035,1.1354128,4.388371,4.176252,3.241859,-1.1269807,104.960846,0.010933421
circle,nmpc,51.6,0.9830729,0.20165406,-0.6000064,-0.003544037,-0.05948502,1.7770133,0.120762154,-0.0023796477,-0.007291381,0.009085436,-0.011062611,0.12532045,0.9798550523842467,0.19970998051440758,-0.6,0.0,0.0,1.771858256624589,-0.025096296239146554,0.1231322170415633,0.0,0.0,0.0,0.0,0.0037595062638230868,0.1925644828678783,0.005155045224776167,-2.1082955651728787,7.113643,1.0730866,4.314561,3.872175,3.1330574,-1.2317232,96.6978,0.010072688
circle,nmpc,51.7,0.9807713,0.2136479,-0.60002315,-0.0034059875,-0.060330067,1.7895534,0.121884055,-0.002003633,-0.0074340017,0.008835608,-0.008894051,0.12514901,0.9772681235681934,0.2120071099220553,-0.6,0.0,0.0,1.7844246272390851,-0.02664159909138153,0.12280713397985754,0.0,0.0,0.0,0.0,0.0038684624847319794,0.19414649617064625,0.005128776615284991,-2.1150951548839303,6.7902045,1.0051452,4.238085,3.5572705,3.0223758,-1.3389181,88.660194,0.009235436
circle,nmpc,51.800000000000004,0.9782446,0.22571726,-0.6000341,-0.0033070417,-0.06095339,1.8020785,0.12306967,-0.0015018467,-0.0075488933,0.008541272,-0.006659049,0.12500109,0.974526872786577,0.22427076094938195,-0.6,0.0,0.0,1.7969909978534806,-0.0281826949262709,0.12246265824808478,0.0,0.0,0.0,0.0,0.003989366269245576,0.1957075907171959,0.005087487635411003,-2.1217423830253344,6.468441,0.93395156,4.160831,3.2415671,2.912989,-1.445679,81.10876,0.008448829
circle,nmpc,51.900000000000006,0.97548985,0.2378544,-0.60003924,-0.0032434948,-0.06135474,1.8145913,0.12422001,-0.0009821822,-0.0076355874,0.008257702,-0.0044265282,0.12488133,0.9716317329146738,0.23649899702372554,-0.6,0.0,0.0,1.809557368467883,-0.029719340386924475,0.12209884424292661,0.0,0.0,0.0,0.0,0.0040894716999060315,0.19724240411313282,0.0050339200987064014,-2.1282330411310224,6.1537056,0.86010075,4.0828867,2.9309247,2.8073015,-1.5498326,74.15107,0.0077240705
circle,nmpc,52.0,0.97251105,0.25004357,-0.60003906,-0.003209333,-0.06153955,1.8270947,0.12524155,-0.0004914908,-0.0076939007,0.0080082305,-0.002252836,0.124792024,0.9685831611286311,0.24868988716485488,-0.6,0.0,0.0,1.8221237390823424,-0.03125129281922323,0.12171574941485797,0.0,0.0,0.0,0.0,0.004154794965042938,0.1987053467991584,0.0049709350280702225,-2.1345726310503976,5.8485556,0.7832471,4.003455,2.628352,2.707006,-1.6498309,67.80479,0.007062999
circle,nmpc,52.1,0.9693154,0.26226723,-0.6000344,-0.0031978209,-0.061516177,1.8395916,0.1261084,-4.940448e-05,-0.0077238074,0.0078008403,-0.00016658253,0.12473315,0.9653816388332739,0.2608415062898971,-0.6,0.0,0.0,1.8346901096963641,-0.03277831031017753,0.12131343425944574,0.0,0.0,0.0,0.0,0.004184307707928981,0.20008393323537757,0.004901512656235951,-2.140771537762319,5.5548635,0.7037001,3.922356,2.3362117,2.6131105,-1.7444649,62.065968,0.0064652045
circle,nmpc,52.2,0.9659126,0.27450895,-0.600026,-0.003201772,-0.061294746,1.8520849,0.12682313,0.0003206665,-0.0077262395,0.007640979,0.0018155278,0.124702096,0.9620276715860858,0.27295193551732555,-0.6,0.0,0.0,1.847256480310895,-0.03430015172589673,0.12089196230596899,0.0,0.0,0.0,0.0,0.004185390964363326,0.201389779243756,0.004828394795916457,-2.146840973299662,5.274169,0.62239945,3.8400674,2.0565047,2.5262036,-1.8328575,56.92064,0.005929233
circle,nmpc,52.300000000000004,0.96231186,0.28675318,-0.6000147,-0.0032149903,-0.060887143,1.8645766,0.1273928,0.0006271518,-0.007702977,0.0075197984,0.0036768194,0.1246951,0.9585217890173757,0.28501926246997655,-0.6,0.0,0.0,1.8598228509251662,-0.03581657675000294,0.12045140011021638,0.0,0.0,0.0,0.0,0.004167894568299204,0.20261906760594858,0.004753727215092596,-2.152792586070627,5.007209,0.53990614,3.7568681,1.7902502,2.446622,-1.9145576,52.33418,0.0054514767
circle,nmpc,52.400000000000006,0.95852244,0.29898503,-0.60000134,-0.003232216,-0.060307022,1.8770686,0.12782185,0.00087542675,-0.007656022,0.0074291327,0.005400287,0.124707624,0.9548645447466425,0.29704158157703625,-0.6,0.0,0.0,1.8723892215392655,-0.03732734592143405,0.11999181724212105,0.0,0.0,0.0,0.0,0.004142125104017125,0.20376846012728078,0.004679417262309249,-2.158639693690754,4.754043,0.45642507,3.6727898,1.5376813,2.374466,-1.9894024,48.258907,0.0050269696
circle,nmpc,52.5,0.9545519,0.31119215,-0.5999868,-0.0032493568,-0.059568625,1.8895626,0.12813751,0.0010770031,-0.0075873774,0.00735873,0.006980868,0.12473518,0.9510565162951534,0.309016994374948,-0.6,0.0,0.0,1.8849555921540104,-0.03883222067230241,0.11951328627504698,0.0,0.0,0.0,0.0,0.004116920488929057,0.2048502227698656,0.004607014657513009,-2.164395616436357,4.5145664,0.3722161,3.5879927,1.2987925,2.309646,-2.0574272,44.64788,0.0046508205
circle,nmpc,52.6,0.9504066,0.32336554,-0.5999715,-0.0032632353,-0.05868619,1.9020593,0.12837335,0.0012380184,-0.00749894,0.0073009334,0.008418966,0.1247735,0.947098304994744,0.3209436098072102,-0.6,0.0,0.0,1.8975219627682256,-0.04033096336530928,0.11901588277465902,0.0,0.0,0.0,0.0,0.0041001761794987705,0.2058859061827078,0.004537353866906236,-2.1700698660324718,4.2884183,0.28738338,3.5025516,1.0732527,2.2519195,-2.1187792,41.453224,0.0043180445
circle,nmpc,52.7,0.9460926,0.3354958,-0.59995604,-0.0032715905,-0.057674464,1.9145595,0.12852572,0.001366593,-0.007392542,0.007248126,0.009709979,0.124819085,0.9429905358928642,0.33281954452298745,-0.6,0.0,0.0,1.9100883333826166,-0.04182333733154797,0.11849968528629407,0.0,0.0,0.0,0.0,0.00409720776606725,0.20686616931596832,0.004471150145520575,-2.175674622719593,4.074902,0.20185679,3.416398,0.86036295,2.2009673,-2.1737242,38.626907,0.004023636
circle,nmpc,52.800000000000004,0.94161516,0.34757626,-0.5999409,-0.003272751,-0.056547496,1.9270636,0.12862188,0.0014638,-0.0072700204,0.0071960487,0.010861222,0.124868944,0.9387338576538737,0.34464292317451795,-0.6,0.0,0.0,1.9226547039971142,-0.04330910690814038,0.1179647753243307,0.0,0.0,0.0,0.0,0.004112163592150641,0.2078114371774573,0.004408880330583509,-2.1812185856065716,3.8729432,0.115392,3.329276,0.6590611,2.156398,-2.2226048,36.12147,0.003762653
circle,nmpc,52.900000000000006,0.93697864,0.3596004,-0.5999264,-0.003265891,-0.05531891,1.9395717,0.1286641,0.0015395704,-0.0071329563,0.0071378606,0.011877071,0.12492083,0.9343289424566117,0.3564118787132517,-0.6,0.0,0.0,1.9352210746113139,-0.04478803747465232,0.11741123735684034,0.0,0.0,0.0,0.0,0.0041464368373129055,0.20871695760299327,0.004350663631789153,-2.1867102614041016,3.683392,0.028546004,3.2417638,0.47017607,2.1174388,-2.2661035,33.91706,0.0035330274
circle,nmpc,53.0,0.93218666,0.37156242,-0.59991276,-0.0032504445,-0.054001782,1.9520838,0.12866229,0.0016006327,-0.0069830082,0.0070725363,0.012763205,0.124972716,0.9297764858882513,0.3681245526846782,-0.6,0.0,0.0,1.9477874452254547,-0.046259895490841085,0.11683915879390216,0.0,0.0,0.0,0.0,0.004199464913542211,0.2095863799223372,0.0042963808396088154,-2.1921586078394553,3.5057814,-0.05853303,3.154059,0.29319087,2.0829594,-2.3052697,31.980967,0.0033313502
circle,nmpc,53.1,0.92724156,0.38345873,-0.5999001,-0.0032257915,-0.052608173,1.9646,0.12864046,0.0016540766,-0.0068218587,0.0070021595,0.013529782,0.12502313,0.9250772068344579,0.37977909552180145,-0.6,0.0,0.0,1.960353815840125,-0.04772444853334834,0.11624862997336449,0.0,0.0,0.0,0.0,0.004270146586254163,0.21043533369161352,0.004246151162743628,-2.197568131893156,3.3392375,-0.14580348,3.066304,0.12713118,2.0519686,-2.3410585,30.281279,0.0031543
circle,nmpc,53.2,0.92214537,0.39528474,-0.5998887,-0.0031910746,-0.051149793,1.9771198,0.12859027,0.0017057498,-0.0066509605,0.006930582,0.014180427,0.12507144,0.9202318473658702,0.39137366683720287,-0.6,0.0,0.0,1.972920186454244,-0.049181465332115426,0.11563974414655065,0.0,0.0,0.0,0.0,0.0043555088774738715,0.2112533562910645,0.004199616974405851,-2.2029466592313343,3.1813495,-0.23148353,2.9802103,-0.030343244,2.0234573,-2.3744364,28.789474,0.0029989034
circle,nmpc,53.300000000000004,0.9169007,0.40703845,-0.59987843,-0.0031450456,-0.049637154,1.9896431,0.12853292,0.0017422899,-0.0064717764,0.0068631573,0.014727199,0.12511721,0.9152411726209173,0.4029064357136632,-0.6,0.0,0.0,1.9854865570689517,-0.050630715807631343,0.11501259746399262,0.0,0.0,0.0,0.0,0.004454473668932852,0.21206521059698807,0.0041565398548764065,-2.2083013320379647,3.0297232,-0.31392962,2.8973453,-0.18155082,1.9964173,-2.406374,27.48166,0.0028626733
circle,nmpc,53.400000000000006,0.9115134,0.41871843,-0.5998694,-0.0030859741,-0.048080266,2.0021698,0.12846014,0.0017328078,-0.0062855748,0.0068060183,0.015175351,0.1251602,0.9101059706849954,0.41437558099328475,-0.6,0.0,0.0,1.998052927683174,-0.05207197110596029,0.1143672889586389,0.0,0.0,0.0,0.0,0.004567078179743104,0.21287996049269645,0.0041169198052293235,-2.213640997284002,2.8826678,-0.39206356,2.8187108,-0.32810575,1.9699377,-2.4377453,26.339529,0.0027437008
circle,nmpc,53.5,0.90598804,0.4303248,-0.5998615,-0.0030131433,-0.04648794,2.0146995,0.12838914,0.0016822416,-0.0060936105,0.0067503066,0.015536966,0.12520088,0.9048270524660196,0.42577929156507255,-0.6,0.0,0.0,2.010619298297575,-0.053505003636433734,0.11370392053255962,0.0,0.0,0.0,0.0,0.00469346886703168,0.21370883538094254,0.004080160778352937,-2.2189712419125085,2.7392223,-0.46508202,2.7450986,-0.47095758,1.9432667,-2.4692822,25.350649,0.0026406925
circle,nmpc,53.6,0.90032697,0.44185653,-0.5998547,-0.0029273957,-0.044868376,2.0272322,0.12831777,0.0016166552,-0.00589691,0.0066815796,0.015818322,0.12524003,0.8994052515663706,0.4371157666509337,-0.6,0.0,0.0,2.023185668911491,-0.05492958710651141,0.1130225969393217,0.0,0.0,0.0,0.0,0.004831722047602925,0.21453590031954792,0.004046501193489593,-2.2242966729139546,2.5986593,-0.5324424,2.6770136,-0.6107959,1.9157945,-2.5015562,24.504051,0.0025525053
circle,nmpc,53.7,0.8945314,0.45331213,-0.599849,-0.0028303324,-0.043229114,2.0397677,0.12824605,0.0015484818,-0.005696532,0.0065932907,0.016025962,0.12527783,0.8938414241512633,0.4483832160900332,-0.6,0.0,0.0,2.0357520395262423,-0.05634549655814114,0.11232342576783516,0.0,0.0,0.0,0.0,0.004979266219985249,0.2153545431448242,0.004015702630740137,-2.2296220076347293,2.460816,-0.59360206,2.6150193,-0.7478049,1.8870804,-2.5349908,23.792767,0.0024784133
circle,nmpc,53.800000000000004,0.8886013,0.46469048,-0.59984434,-0.0027240077,-0.041576907,2.0523064,0.12818341,0.001487749,-0.00549345,0.0064818584,0.01616747,0.12531449,0.888136448813544,0.45957986062148887,-0.6,0.0,0.0,2.0483184101404674,-0.05775250840261981,0.11160651742533889,0.0,0.0,0.0,0.0,0.005134074101742833,0.21616772824554625,0.003988003510045246,-2.234950209317585,2.3248541,-0.6489351,2.5587318,-0.88281214,1.8568403,-2.5698805,23.20467,0.0024171532
circle,nmpc,53.900000000000006,0.88253564,0.47599062,-0.5998405,-0.0026106588,-0.039917763,2.0648477,0.12813489,0.0014413364,-0.0052884715,0.0063463,0.016250018,0.12535006,0.8822912264349527,0.4707039321653336,-0.6,0.0,0.0,2.0608847807548636,-0.05915040045634257,0.11087198511955387,0.0,0.0,0.0,0.0,0.0052947400322461285,0.21697653182345863,0.003962926993549498,-2.2402831906509855,2.1905308,-0.6985563,2.5080817,-1.016107,1.8248883,-2.6063805,22.73279,0.0023679992
circle,nmpc,54.0,0.8763341,0.48721087,-0.59983754,-0.0024922835,-0.03825732,2.0773919,0.12809159,0.001406904,-0.0050824103,0.006189773,0.016277175,0.12538463,0.8763066800438634,0.48175367410171566,-0.6,0.0,0.0,2.073451151369258,-0.06053895197632997,0.11011994484241838,0.0,0.0,0.0,0.0,0.005459682022062759,0.2177747391146135,0.0039407115000047455,-2.2456221933854597,2.0577621,-0.7425263,2.4630103,-1.1477742,1.7911423,-2.6445742,22.371498,0.0023303644
circle,nmpc,54.1,0.8699963,0.49834847,-0.59983534,-0.002370866,-0.03660078,2.0899389,0.12804548,0.0013895399,-0.0048759608,0.006013123,0.016252866,0.1254184,0.8701837546695254,0.49272734154829206,-0.6,0.0,0.0,2.0860175219836186,-0.06191794369403425,0.10935051534949336,0.0,0.0,0.0,0.0,0.005626667364238337,0.21855308561510772,0.003921357029442962,-2.2509702292788756,1.927005,-0.78058255,2.4237902,-1.2773675,1.7555846,-2.684464,22.117508,0.0023039072
circle,nmpc,54.2,0.86352164,0.50940204,-0.59983397,-0.0022480474,-0.034952585,2.1024885,0.12801005,0.0013866593,-0.0046698772,0.0058204397,0.016184555,0.12545139,0.8639234171928349,0.5036232016357614,-0.6,0.0,0.0,2.098583892597542,-0.06328715785058892,0.10856381814255966,0.0,0.0,0.0,0.0,0.00579516439288394,0.21932481083747288,0.00390462516368828,-2.2563283606847393,1.7979661,-0.81323886,2.3899262,-1.4051987,1.7182603,-2.7260253,21.964005,0.0022879168
circle,nmpc,54.300000000000004,0.85690916,0.5203698,-0.5998332,-0.0021252958,-0.033316765,2.115041,0.12798375,0.0014003047,-0.004464677,0.0056140106,0.01607614,0.12548383,0.8575266561936519,0.5144395337815071,-0.6,0.0,0.0,2.1111502632121946,-0.06464637823133668,0.10775997745016141,0.0,0.0,0.0,0.0,0.005964689315461057,0.22008788973276966,0.003890754320154066,-2.2616968674578355,1.6704751,-0.8408664,2.3610284,-1.5314194,1.6792259,-2.7691772,21.905386,0.002281811
circle,nmpc,54.400000000000006,0.8501594,0.5312494,-0.59983313,-0.00200357,-0.031697158,2.1275961,0.127954,0.0014225381,-0.0042609153,0.005399441,0.01592936,0.12551558,0.8509944817946914,0.5251746299612965,-0.6,0.0,0.0,2.123716633826698,-0.06599539019958023,0.10693912020820484,0.0,0.0,0.0,0.0,0.0061341727112936145,0.22083539767629712,0.0038795060811387394,-2.267076137763586,1.5441594,-0.864087,2.3364704,-1.6563978,1.6385901,-2.8138304,21.936441,0.0022850458
circle,nmpc,54.5,0.8432735,0.54203755,-0.5998337,-0.0018836879,-0.030097201,2.140154,0.12791131,0.0014541477,-0.0040590195,0.005178621,0.015748061,0.12554672,0.8443279255020151,0.5358267949789967,-0.6,0.0,0.0,2.1362830044410592,-0.06733398073083263,0.10610137603977998,0.0,0.0,0.0,0.0,0.006301813457267873,0.2215586678236762,0.003870880446636083,-2.2724687804722996,1.4185051,-0.8837115,2.3154197,-1.7806259,1.596478,-2.8598652,22.052471,0.0022971323
circle,nmpc,54.6,0.8362523,0.5527326,-0.599835,-0.0017660412,-0.028519263,2.1527143,0.12787166,0.0014872662,-0.0038594587,0.0049562366,0.015542847,0.12557697,0.8375280400421417,0.5463943467342692,-0.6,0.0,0.0,2.148849375055333,-0.06866193844579094,0.1052468772338444,0.0,0.0,0.0,0.0,0.006467465016272023,0.2222755239912352,0.0038648774165910282,-2.2778732006738265,1.2929884,-0.90045273,2.2971442,-1.9046082,1.5530094,-2.90717,22.250513,0.0023177618
circle,nmpc,54.7,0.8290984,0.56333077,-0.59983695,-0.0016508931,-0.026965745,2.1652772,0.1278053,0.0015204314,-0.0036624412,0.004733872,0.015313385,0.12560622,0.8305958991958124,0.5568756164881883,-0.6,0.0,0.0,2.161415745669854,-0.06997905364469759,0.10437575872584981,0.0,0.0,0.0,0.0,0.006628580629672904,0.22296026431441243,0.003861496990668289,-2.2832874187622116,1.1678002,-0.91435057,2.281594,-2.0281444,1.5082986,-2.9556348,22.529577,0.0023468311
circle,nmpc,54.800000000000004,0.8218161,0.57382566,-0.5998396,-0.0015385085,-0.025439024,2.1778429,0.12768343,0.0015556574,-0.0034681752,0.004511817,0.015059831,0.12563434,0.8235325976284267,0.5672689491267575,-0.6,0.0,0.0,2.1739821162843906,-0.07128511833981444,0.10348815807559308,0.0,0.0,0.0,0.0,0.006779568699260171,0.2235861054072033,0.0038607391691005684,-2.2887125486205395,1.0435213,-0.9250594,2.2691333,-2.1506712,1.4624466,-3.0051422,22.888655,0.002384235
circle,nmpc,54.900000000000006,0.814409,0.58421177,-0.5998431,-0.0014291381,-0.023940707,2.1904106,0.12751548,0.0015947048,-0.0032770087,0.0042905095,0.014789859,0.12566127,0.8163392507171832,0.5775727034222687,-0.6,0.0,0.0,2.1865484868983702,-0.07257992628834087,0.10258421544556695,0.0,0.0,0.0,0.0,0.006915748974266276,0.22416019189633488,0.00386212711530165,-2.2941520637622648,0.91998744,-0.93306565,2.25933,-2.272408,1.415567,-3.0555854,23.325832,0.002429774
circle,nmpc,55.0,0.8068796,0.5944864,-0.5998473,-0.001322862,-0.022471232,2.202981,0.12733372,0.0016347729,-0.0030892028,0.004071875,0.01451513,0.12568709,0.809016994374947,0.5877852522924736,-0.6,0.0,0.0,2.199114857513043,-0.07386327302522089,0.1016640735787,0.0,0.0,0.0,0.0,0.007035441642631821,0.22471233252716855,0.0038661376651796253,-2.2996077136516426,0.79676914,-0.93903303,2.2514904,-2.393754,1.3677729,-3.106865,23.839304,0.0024832608
circle,nmpc,55.1,0.79922837,0.6046492,-0.59985226,-0.0012197229,-0.021030152,2.2155533,0.12716539,0.0016763763,-0.0029048421,0.00385634,0.014244506,0.12571181,0.8015669848708761,0.5979049830575195,-0.6,0.0,0.0,2.2116812281271754,-0.07513495589467345,0.10072787777570813,0.0,0.0,0.0,0.0,0.007139693250810626,0.22526666158600386,0.0038720555642308696,-2.3050801520478768,0.6735647,-0.94350004,2.245119,-2.5150542,1.3191625,-3.158895,24.428745,0.0025446613
circle,nmpc,55.2,0.7914556,0.6147006,-0.5998577,-0.0011196374,-0.019616636,2.228128,0.12702134,0.0017170978,-0.0027238692,0.0036451232,0.01398182,0.12573561,0.7939903986478348,0.607930297694606,-0.6,0.0,0.0,2.2242475987418433,-0.07639477408394324,0.09977577587350073,0.0,0.0,0.0,0.0,0.007230665566659605,0.2258340990562752,0.003880357648537558,-2.310569781286646,0.550168,-0.94682413,2.2398262,-2.6364822,1.2698251,-3.2115703,25.093658,0.0026139228
circle,nmpc,55.300000000000004,0.7835614,0.6246423,-0.5998635,-0.0010223138,-0.018229568,2.2407048,0.12690969,0.0017511721,-0.0025462552,0.0034402055,0.013729875,0.1257584,0.7862884321366184,0.6178596130903351,-0.6,0.0,0.0,2.236813969355814,-0.07764252865272159,0.09880791821970103,0.0,0.0,0.0,0.0,0.007311654650548638,0.22642461165516495,0.0038908055007533804,-2.316074873860388,0.42655003,-0.94926965,2.2353578,-2.7580771,1.2198704,-3.2647953,25.833843,0.0026910251
circle,nmpc,55.400000000000006,0.7755466,0.63447464,-0.59986967,-0.0009274802,-0.01686811,2.2532835,0.12681605,0.0017783566,-0.002371847,0.0032412582,0.013486,0.12578028,0.7784623015670228,0.6276913612907012,-0.6,0.0,0.0,2.2493803399702883,-0.0788780225661756,0.09782445765010861,0.0,0.0,0.0,0.0,0.007384513893691117,0.22702539582440787,0.003903160701098418,-2.3215959928737724,0.30273256,-0.9509416,2.231634,-2.8798428,1.1693755,-3.318493,26.649456,0.0027759848
circle,nmpc,55.5,0.7674112,0.6441985,-0.59987605,-0.0008350509,-0.015531075,2.2658641,0.12675095,0.0018031001,-0.002200578,0.0030463208,0.013253686,0.12580153,0.770513242775789,0.6374239897486899,-0.6,0.0,0.0,2.2619467105843283,-0.08010106072547929,0.09682554946471855,0.0,0.0,0.0,0.0,0.007451971979285526,0.22764415461523765,0.003917423250510588,-2.3271317153068685,0.17888734,-0.95187485,2.2286222,-3.0016093,1.1184253,-3.3725858,27.539692,0.0028687182
circle,nmpc,55.6,0.7591551,0.65381396,-0.59988266,-0.0007450239,-0.014217465,2.2784467,0.12670633,0.0018281861,-0.00203232,0.0028544124,0.013031036,0.12582228,0.7624425110114477,0.6470559615694446,-0.6,0.0,0.0,2.2745130811989887,-0.08131144999878881,0.0958113514025749,0.0,0.0,0.0,0.0,0.007516075616338308,0.22827256361618461,0.003933593147935177,-2.3326812929759364,0.055135973,-0.9520507,2.2263365,-3.123251,1.0670831,-3.4270236,28.503868,0.002969153
circle,nmpc,55.7,0.75077844,0.6633209,-0.59988934,-0.0006574087,-0.012926306,2.2910314,0.12668109,0.0018547606,-0.0018669495,0.0026652988,0.012817836,0.12584257,0.7542513807361035,0.6565857557529567,-0.6,0.0,0.0,2.2870794518134563,-0.08250899925155153,0.09478202361740129,0.0,0.0,0.0,0.0,0.007578637167322619,0.22890927221939147,0.003951908812764415,-2.338242858520508,-0.06855162,-0.95159584,2.2246294,-3.2447765,1.0154014,-3.481738,29.541325,0.003077221
circle,nmpc,55.800000000000004,0.7422824,0.6727183,-0.5998962,-0.00057209784,-0.0116569195,2.3036177,0.1266611,0.0018802356,-0.0017043983,0.002480026,0.012611129,0.12586229,0.7459411454241818,0.6660118674342521,-0.6,0.0,0.0,2.299645822427523,-0.08369351937709268,0.0937377286522878,0.0,0.0,0.0,0.0,0.007640243436395133,0.22954252942397185,0.003971893408048377,-2.343815280354118,-0.19216816,-0.9506608,2.2233794,-3.3662078,0.9634569,-3.536681,30.651817,0.0031928977
circle,nmpc,55.900000000000006,0.7336686,0.6820044,-0.5999031,-0.00048899127,-0.010408737,2.3162062,0.12663665,0.0019050153,-0.0015445374,0.0022984396,0.012409808,0.1258815,0.7375131173581735,0.6753328081210249,-0.6,0.0,0.0,2.3122121930423125,-0.08486482332548118,0.09267863141276811,0.0,0.0,0.0,0.0,0.0077006194877028535,0.230163224568199,0.0039940237698212755,-2.349398386492239,-0.31567618,-0.94940305,2.222395,-3.4874737,0.91133106,-3.5917597,31.833792,0.00331602
circle,nmpc,56.0,0.7249385,0.6911779,-0.59991014,-0.0004079645,-0.00918092,2.3287961,0.12661386,0.0019289072,-0.001387332,0.002120713,0.012216603,0.12590002,0.728968627421411,0.6845471059286893,-0.6,0.0,0.0,2.3247785636561717,-0.08602272613439377,0.09160489914306069,0.0,0.0,0.0,0.0,0.0077599869485406115,0.23077700059757525,0.00401758464399915,-2.3549930581190504,-0.4389455,-0.9477633,2.2217808,-3.608489,0.8590795,-3.6469312,33.086555,0.0034465163
circle,nmpc,56.1,0.7160934,0.70023847,-0.59991723,-0.00032868423,-0.007972431,2.341388,0.1266006,0.0019454719,-0.0012326948,0.0019488318,0.012033522,0.12591785,0.7203090248879063,0.6936533058128056,-0.6,0.0,0.0,2.3373449342709622,-0.08716704495775884,0.09051670139781365,0.0,0.0,0.0,0.0,0.007819367290180821,0.23139357254998777,0.0040430528658785825,-2.360597593124475,-0.5685047,-0.94516164,2.222231,-3.7358966,0.8059441,-3.703063,34.473984,0.0035910401
circle,nmpc,56.2,0.70714074,0.709185,-0.59992445,-0.00025071937,-0.006782603,2.3539817,0.12654752,0.0019181616,-0.0010801125,0.001783659,0.011856889,0.12593654,0.7115356772092847,0.7026499697988499,-0.6,0.0,0.0,2.3499113048849423,-0.0882975990941226,0.08941421001612548,0.0,0.0,0.0,0.0,0.007875774493565465,0.23198092237014425,0.00407042843720129,-2.366213202247871,-0.7073091,-0.9407725,2.2243578,-3.8724387,0.75239575,-3.759828,36.031296,0.0037532598
circle,nmpc,56.300000000000004,0.69809437,0.71801543,-0.59993166,-0.00017426701,-0.005610863,2.3665774,0.12640102,0.0018065333,-0.00092871685,0.0016188329,0.0116858175,0.12595697,0.7026499697988484,0.7115356772092861,-0.6,0.0,0.0,2.362477675499767,-0.08941421001584793,0.08829759909384505,0.0,0.0,0.0,0.0,0.007921199746907132,0.23250329326259714,0.004099711356312152,-2.371846591912914,-0.8525277,-0.9353499,2.2272174,-4.0150943,0.70103127,-3.8146975,37.726524,0.0039298465
circle,nmpc,56.400000000000006,0.6889728,0.7267283,-0.59993863,-0.00010068267,-0.004456479,2.3791752,0.12612967,0.0015811371,-0.00077764026,0.001442689,0.011521886,0.12597874,0.693653305812804,0.7203090248879077,-0.6,0.0,0.0,2.375044046113798,-0.09051670139748058,0.08716704495742578,0.0,0.0,0.0,0.0,0.007944716609798116,0.23294034307100656,0.004131140043428516,-2.377508926031561,-0.99459344,-0.9309005,2.2289286,-4.154422,0.6563771,-3.86308,39.43735,0.004108058
circle,nmpc,56.5,0.67978823,0.73532236,-0.59994525,-3.42852e-05,-0.0033179526,2.3917754,0.12577483,0.0012854348,-0.0006264777,0.0012254965,0.011372581,0.12600152,0.6845471059286884,0.7289686274214119,-0.6,0.0,0.0,2.387610416728636,-0.09160489914272762,0.0860227261340607,0.0,0.0,0.0,0.0,0.007938497973142077,0.2333125541163458,0.0041649529155289855,-2.383228289674215,-1.1237925,-0.92973274,2.2278724,-4.2813964,0.62310725,-3.9002159,41.021027,0.004273024
circle,nmpc,56.6,0.6705407,0.74379724,-0.5999512,1.726393e-05,-0.0021930123,2.4043782,0.12543061,0.0010022016,-0.0004753632,0.00093364384,0.011245081,0.1260272,0.675332808121024,0.7375131173581743,-0.6,0.0,0.0,2.4001767873425424,-0.09267863141243504,0.08486482332514811,0.0,0.0,0.0,0.0,0.007902974333201727,0.23367671712122715,0.004201388392931271,-2.38899806903002,-1.2297505,-0.93308175,2.2236152,-4.3864465,0.60521364,-3.9219615,42.316372,0.0044079553
circle,nmpc,56.7,0.66121364,0.7521497,-0.5999562,4.2605854e-05,-0.0010798178,2.416984,0.12519917,0.0008619836,-0.0003250533,0.0005298712,0.011134122,0.12606,0.6660118674342511,0.7459411454241826,-0.6,0.0,0.0,2.4127431579570846,-0.09373772865189922,0.08369351937675962,0.0,0.0,0.0,0.0,0.007846725562908137,0.23408232334396012,0.0042409233112259415,-2.394791062566257,-1.300588,-0.94081223,2.216768,-4.458167,0.6058071,-3.9249964,43.13857,0.004493601
circle,nmpc,56.800000000000004,0.6517664,0.7603748,-0.59996045,2.7206584e-05,2.3234084e-05,2.4295948,0.125256,0.0010342504,-0.00017720446,-1.7822837e-05,0.011035891,0.12610395,0.6565857557529559,0.7542513807361043,-0.6,0.0,0.0,2.425309528571567,-0.09478202361740129,0.08250899925149602,0.0,0.0,0.0,0.0,0.007792537491330752,0.23463780343881416,0.004285226601162595,-2.4016723617214035,-1.323185,-0.95144665,2.2087212,-4.483351,0.6268551,-3.9071403,43.293648,0.004509755
circle,nmpc,56.900000000000006,0.64212525,0.7684654,-0.59996414,-4.602274e-05,0.0011173153,2.4422107,0.12584959,0.0017397586,-3.4127235e-05,-0.00073522446,0.010944244,0.12616014,0.6470559615694437,0.7624425110114484,-0.6,0.0,0.0,2.437875899185752,-0.0958113514025194,0.0813114499987333,0.0,0.0,0.0,0.0,0.007783855202227949,0.23551056885375252,0.004334775100136578,-2.4085847721244082,-1.2840695,-0.9625463,2.2015808,-4.4481955,0.66901803,-3.8674269,42.613308,0.004438886
circle,nmpc,57.0,0.6321749,0.77641714,-0.59996825,-0.00019418435,0.0022035295,2.4548333,0.12733223,0.0032049483,0.00010114374,-0.0016226489,0.010856332,0.1262252,0.6374239897486896,0.7705132427757893,-0.6,0.0,0.0,2.450442269800009,-0.09682554946505162,0.08010106072581236,0.0,0.0,0.0,0.0,0.007899988148536912,0.23698044305871205,0.004390999319253908,-2.4153902373880287,-1.1766925,-0.9718859,2.1971703,-4.3457475,0.73146605,-3.8064353,41.06624,0.004277733
circle,nmpc,57.1,0.6219147,0.78422165,-0.599974,-0.00040121583,0.003254773,2.4674609,0.12882666,0.0047006523,0.00022770993,-0.0023485709,0.010487916,0.12627916,0.6276913612907004,0.7784623015670236,-0.6,0.0,0.0,2.4630086404142792,-0.09782445765049719,0.07887802256650867,0.0,0.0,0.0,0.0,0.008157251597428812,0.23848074252206003,0.004452230328518603,-2.422029439923396,-1.0073856,-0.9788007,2.1958582,-4.1820436,0.8115797,-3.7266688,38.83088,0.0040448834
circle,nmpc,57.2,0.6114338,0.791877,-0.5999817,-0.00062932743,0.00422904,2.4800916,0.12966721,0.00561621,0.00034634952,-0.0026922168,0.009691991,0.12631057,0.6178596130903341,0.786288432136619,-0.6,0.0,0.0,2.4755750110287766,-0.0988079182200341,0.07764252865299914,0.0,0.0,0.0,0.0,0.008516051354612407,0.2395595827010097,0.0045165607790846884,-2.428500047835776,-0.7924803,-0.9839403,2.1966543,-3.9730737,0.9053616,-3.6321611,36.21904,0.0037728169
circle,nmpc,57.300000000000004,0.6008551,0.79938483,-0.59999114,-0.0008390848,0.0050850273,2.4927232,0.12959333,0.005742637,0.00045755118,-0.002631765,0.0084803775,0.12631968,0.6079302976946044,0.7939903986478362,-0.6,0.0,0.0,2.4881413816433233,-0.0997757758738893,0.07639477408416528,0.0,0.0,0.0,0.0,0.008897091957814268,0.24000441553988225,0.004581844903917886,-2.434864720473044,-0.5499885,-0.9880283,2.1985192,-3.7365348,1.0083238,-3.5275767,33.53438,0.0034931647
circle,nmpc,57.400000000000006,0.5902434,0.8067521,-0.6000013,-0.0010104476,0.0058007357,2.5053544,0.12906897,0.0054250704,0.0005594363,-0.0023559264,0.0070510968,0.1263166,0.5979049830575177,0.8015669848708774,-0.6,0.0,0.0,2.5007077522573287,-0.1007278777760412,0.075134955894951,0.0,0.0,0.0,0.0,0.009251223711651688,0.2401382365708644,0.0046466521921342254,-2.441159955666092,-0.29422727,-0.9912496,2.201085,-3.486561,1.1162205,-3.417348,30.994246,0.0032285673
circle,nmpc,57.5,0.57962614,0.81398493,-0.6000113,-0.001136764,0.006366309,2.5179849,0.12837279,0.0049075317,0.00064970966,-0.0019958168,0.005528109,0.12630762,0.5877852522924726,0.8090169943749478,-0.6,0.0,0.0,2.513274122872004,-0.1016640735787,0.07386327302516538,0.0,0.0,0.0,0.0,0.0095525693786198,0.2401505241964154,0.004710744223943131,-2.447403551066291,-0.035077266,-0.9931448,2.204695,-3.232916,1.2254353,-3.305283,28.726582,0.0029923522
circle,nmpc,57.6,0.56901103,0.8210876,-0.6000204,-0.0012191266,0.0067790817,2.5306141,0.12764598,0.0043304395,0.0007263416,-0.0016276459,0.003984162,0.12629578,0.577572703422267,0.8163392507171844,-0.6,0.0,0.0,2.525840493485976,-0.10258421544517837,0.07257992628811882,0.0,0.0,0.0,0.0,0.009790272397772897,0.24013426430014445,0.004773644163559965,-2.453604655965541,0.22084731,-0.99332315,2.2097445,-2.9822195,1.3331093,-3.1943982,26.793427,0.0027909821
circle,nmpc,57.7,0.55839473,0.8280623,-0.60002816,-0.0012627993,0.007041106,2.5432425,0.1269661,0.0037723344,0.00078774366,-0.0012927991,0.0024662898,0.12628272,0.5672689491267559,0.8235325976284279,-0.6,0.0,0.0,2.538406864100615,-0.10348815807526002,0.07128511833953688,0.0,0.0,0.0,0.0,0.009963469419749661,0.24014113225206765,0.0048355904281938145,-2.4597690137820596,0.46874884,-0.9917731,2.21622,-2.7392435,1.4371161,-3.0869637,25.213074,0.0026263616
circle,nmpc,57.800000000000004,0.54776835,0.83491135,-0.6000343,-0.0012746336,0.007157805,2.5558696,0.12637858,0.0032640856,0.0008329204,-0.0010074212,0.0010075398,0.12626901,0.5568756164881872,0.8305958991958131,-0.6,0.0,0.0,2.5509732347151943,-0.10437575872551674,0.06997905364442003,0.0,0.0,0.0,0.0,0.01007801982450622,0.2402064653240333,0.00489634459999122,-2.4658988729731366,0.70573974,-0.98827803,2.2243655,-2.506903,1.5359442,-2.984611,23.974152,0.0024973077
circle,nmpc,57.900000000000006,0.5371206,0.8416355,-0.6000386,-0.0012621563,0.0071367077,2.5684955,0.1258978,0.0028262676,0.0008614967,-0.00077895506,-0.00037190167,0.12625517,0.5463943467342682,0.8375280400421423,-0.6,0.0,0.0,2.5635396053291473,-0.10524687723345583,0.06866193844556889,0.0,0.0,0.0,0.0,0.010142763949385136,0.24033921280951193,0.004955906679519728,-2.471996990509627,0.9315095,-0.98143023,2.2356114,-2.2855318,1.6285911,-2.8884063,23.04773,0.002400805
circle,nmpc,58.0,0.52643853,0.8482357,-0.60004115,-0.0012326274,0.0069867247,2.58112,0.12553895,0.0024644774,0.0008735082,-0.00060569,-0.0016591705,0.12624156,0.5358267949789964,0.8443279255020152,-0.6,0.0,0.0,2.5761059759437024,-0.10610137603944692,0.06733398073061059,0.0,0.0,0.0,0.0,0.010169171070381788,0.24055364037361435,0.005014038246971442,-2.478067667153685,1.1474814,-0.9696224,2.2516623,-2.0738027,1.7144824,-2.7989914,22.401325,0.0023334713
circle,nmpc,58.1,0.5157073,0.8547136,-0.60004205,-0.0011924396,0.0067177583,2.5937436,0.12532684,0.0021765663,0.00086943613,-0.00048008474,-0.0028452575,0.12622868,0.5251746299612954,0.8509944817946921,-0.6,0.0,0.0,2.5886723465579915,-0.10693912020820484,0.06599539019958023,0.0,0.0,0.0,0.0,0.010171716608397887,0.2408756430987151,0.0050712161403727585,-2.484106734468803,1.3539915,-0.95121497,2.2740893,-1.8713124,1.7932643,-2.7167373,22.007853,0.0022924847
circle,nmpc,58.2,0.50491685,0.8610683,-0.6000414,-0.0011470123,0.0063383984,2.606366,0.12520798,0.0019548046,0.00085002714,-0.00039366618,-0.0039441097,0.12621678,0.5144395337815061,0.8575266561936525,-0.6,0.0,0.0,2.6012387171721922,-0.10775997745054999,0.06464637823161423,0.0,0.0,0.0,0.0,0.010160048295525102,0.2412571720190338,0.005127201940966942,-2.4901120648864046,1.5518458,-0.9254431,2.303674,-1.677271,1.864874,-2.6417139,21.841228,0.0022751282
circle,nmpc,58.300000000000004,0.4940607,0.86729735,-0.6000393,-0.00110076,0.005856307,2.6189876,0.12514733,0.0017901459,0.0008160614,-0.00033746735,-0.004965673,0.12620617,0.5036232016357604,0.8639234171928356,-0.6,0.0,0.0,2.613805087786574,-0.10856381814289273,0.06328715785086647,0.0,0.0,0.0,0.0,0.01014034054644641,0.24166805367435495,0.005182472485642631,-2.4960792352893297,1.7405185,-0.89294523,2.3397408,-1.4921672,1.9294573,-2.5737674,21.874788,0.0022786239
circle,nmpc,58.400000000000006,0.48313788,0.87339664,-0.6000359,-0.0010569993,0.0052780397,2.631608,0.12509018,0.0016674938,0.00076830474,-0.00030148667,-0.005921592,0.12619682,0.492727341548291,0.870183754669526,-0.6,0.0,0.0,2.6263714584009485,-0.10935051534985418,0.061917943694256294,0.0,0.0,0.0,0.0,0.010113443678124787,0.24206021460186342,0.005236550937430362,-2.5020100537611976,1.9216901,-0.852668,2.3833485,-1.3143262,1.9873382,-2.512582,22.090319,0.002301075
circle,nmpc,58.5,0.47214884,0.8793631,-0.6000313,-0.0010180696,0.0046099466,2.6442277,0.12503123,0.0015713332,0.000707533,-0.00027677466,-0.0068143145,0.12618868,0.4817536741017146,0.8763066800438639,-0.6,0.0,0.0,2.638937829015373,-0.11011994484280696,0.06053895197655201,0.0,0.0,0.0,0.0,0.01007947047187132,0.24243299493973197,0.005289914133430606,-2.5079077484541363,2.096192,-0.8045144,2.434564,-1.1428865,2.0389438,-2.4577289,22.472279,0.0023408623
circle,nmpc,58.6,0.46109387,0.88519484,-0.60002565,-0.0009856927,0.0038582762,2.6568468,0.12497788,0.0014923525,0.00063456333,-0.0002579632,-0.00764517,0.12618172,0.4707039321653318,0.8822912264349537,-0.6,0.0,0.0,2.651504199629619,-0.1108719851199147,0.05915040045656461,0.0,0.0,0.0,0.0,0.010039166289877504,0.24279623490025884,0.00534256207387207,-2.5137726009168624,2.2646027,-0.748992,2.4928794,-0.9772687,2.0848465,-2.4086313,23.007008,0.002396563
circle,nmpc,58.7,0.44997558,0.89088935,-0.600019,-0.0009611598,0.0030284347,2.6694653,0.12490818,0.0014238709,0.00055020634,-0.00024152636,-0.008422791,0.12617587,0.459579860621487,0.888136448813545,-0.6,0.0,0.0,2.664070570244121,-0.11160651742531114,0.05775250840261981,0.0,0.0,0.0,0.0,0.00999104664620938,0.243130458344697,0.0053947331768995355,-2.5196087426531615,2.427586,-0.68692756,2.557492,-0.81683314,2.1257625,-2.3645604,23.683037,0.002466983
circle,nmpc,58.800000000000004,0.43879583,0.8964455,-0.60001135,-0.0009454109,0.0021258902,2.6820834,0.12483479,0.0013597293,0.0004552043,-0.00022463904,-0.009146719,0.12617102,0.4483832160900313,0.8938414241512642,-0.6,0.0,0.0,2.6766369408585415,-0.11232342576741883,0.056345496557919095,0.0,0.0,0.0,0.0,0.00993475146770543,0.2434495050444754,0.005446427442850066,-2.525419288948237,2.5860746,-0.6193342,2.627465,-0.6607246,2.1625166,-2.3246765,24.492086,0.0025512588
circle,nmpc,58.900000000000006,0.42755526,0.9018618,-0.600003,-0.00093953166,0.0011559989,2.694701,0.12476713,0.0013080369,0.0003502717,-0.00020944588,-0.009818196,0.1261675,0.4371157666509318,0.8994052515663715,-0.6,0.0,0.0,2.689203311473039,-0.11302259693893313,0.05492958710634488,0.0,0.0,0.0,0.0,0.009871058901372439,0.24376084299990214,0.005497644871565566,-2.531205040638302,2.7411127,-0.547432,2.7016973,-0.50801647,2.1960757,-2.2880259,25.42844,0.0026487957
circle,nmpc,59.0,0.4162544,0.9071354,-0.59999394,-0.00094480196,0.00012366456,2.7073185,0.12470112,0.0012807372,0.00023615615,-0.00019856165,-0.010441885,0.12616591,0.42577929156507227,0.9048270524660197,-0.6,0.0,0.0,2.7017696820873036,-0.11370392053214329,0.05350500363621169,0.0,0.0,0.0,0.0,0.009800620693991785,0.24405817565403315,0.005548862300513768,-2.5379308898778503,2.893674,-0.47252762,2.778964,-0.35781738,2.2274125,-2.25361,26.487429,0.0027591072
circle,nmpc,59.1,0.40489414,0.91226137,-0.5999842,-0.0009628442,-0.00096675474,2.7199364,0.12462492,0.0012970893,0.0001134779,-0.00019602611,-0.0110234,0.12616691,0.41437558099328364,0.9101059706849959,-0.6,0.0,0.0,2.7143360527017513,-0.11436728895822257,0.052071971105738246,0.0,0.0,0.0,0.0,0.009723355452541882,0.24432637765465773,0.005600318147858108,-2.544805641771131,3.0448573,-0.39586592,2.8580892,-0.20909767,2.2574651,-2.2204773,27.66693,0.002881972
circle,nmpc,59.2,0.39347407,0.91723263,-0.59997404,-0.0009956077,-0.0021109707,2.7325547,0.12454438,0.001380799,-1.7205843e-05,-0.00020564786,-0.0115636485,0.12617104,0.4029064357136621,0.9152411726209179,-0.6,0.0,0.0,2.7269024233160204,-0.11501259746357628,0.0506307158074093,0.0,0.0,0.0,0.0,0.00964033548322862,0.2445671708509816,0.005652250832539174,-2.551702032912872,3.195778,-0.31864735,2.9379244,-0.060793597,2.2870772,-2.1877997,28.96682,0.0030173764
circle,nmpc,59.300000000000004,0.38199314,0.9220453,-0.5999634,-0.0010435508,-0.0033045139,2.7451737,0.124478996,0.0015068408,-0.00015525507,-0.0002130471,-0.0120610595,0.12617782,0.39137366683720176,0.9202318473658706,-0.6,0.0,0.0,2.7394687939303592,-0.1156397441465229,0.049181465332115426,0.0,0.0,0.0,0.0,0.009554271721277277,0.2448058479713224,0.005704898772887823,-2.558615929656328,3.3473902,-0.24184209,3.0175126,0.08803575,2.3169463,-2.154879,30.388386,0.0031654567
circle,nmpc,59.400000000000006,0.3704519,0.9266975,-0.5999525,-0.0011057975,-0.004543371,2.7577937,0.12442494,0.0016486736,-0.00030002938,-0.00020543735,-0.01252026,0.12618686,0.37977909552180034,0.9250772068344584,-0.6,0.0,0.0,2.752035164544597,-0.11624862997378083,0.047724448533514874,0.0,0.0,0.0,0.0,0.009467006154892798,0.24504455763401203,0.005758500387654131,-2.5655441312079064,3.5003006,-0.1661621,3.096128,0.23801088,2.3476114,-2.121184,31.933073,0.003326362
circle,nmpc,59.5,0.35885313,0.9311892,-0.5999413,-0.0011804726,-0.005824162,2.770415,0.12436753,0.0017822734,-0.00045093778,-0.00017331814,-0.012947472,0.12619781,0.3681245526846779,0.9297764858882515,-0.6,0.0,0.0,2.7646015351592226,-0.1168391587943185,0.04625989549100762,0.0,0.0,0.0,0.0,0.009378613827562774,0.24527357746625478,0.005813532513506913,-2.5724849140121275,3.6547666,-0.09212491,3.173207,0.38943496,2.3794508,-2.086327,33.601254,0.003500131
circle,nmpc,59.6,0.3472008,0.9355211,-0.59992987,-0.0012653434,-0.007143848,2.783038,0.12429912,0.0018957617,-0.0006075161,-0.00011353931,-0.013345857,0.12621042,0.35641187871325053,0.9343289424566121,-0.6,0.0,0.0,2.7771679057733185,-0.11741123735725667,0.044788037474818854,0.0,0.0,0.0,0.0,0.009288163948314847,0.24548729402200453,0.005869995151364105,-2.5794379860131027,3.8109922,-0.020115275,3.2483459,0.54253155,2.4127388,-2.0500357,35.39411,0.0036868865
circle,nmpc,59.7,0.33549887,0.93969464,-0.5999183,-0.0013581914,-0.008499483,2.7956624,0.12422076,0.001984969,-0.00076935306,-2.6611957e-05,-0.013716067,0.12622449,0.34464292317451595,0.9387338576538745,-0.6,0.0,0.0,2.789734276387397,-0.11796477532471927,0.043309106908306916,0.0,0.0,0.0,0.0,0.00919475402244074,0.24568701462692316,0.005928126719292327,-2.5864041691762223,3.968973,0.04959078,3.3212523,0.6973119,2.4476366,-2.01216,37.311882,0.003886654
circle,nmpc,59.800000000000004,0.32374978,0.94371146,-0.5999067,-0.0014570139,-0.009887901,2.8082886,0.12414744,0.0020502424,-0.00093601685,8.493477e-05,-0.014055663,0.12623984,0.33281954452298546,0.9429905358928649,-0.6,0.0,0.0,2.802300647001926,-0.1184996852867104,0.041823337331714505,0.0,0.0,0.0,0.0,0.009098849143465393,0.24588696877215116,0.005987927216823952,-2.593383052577371,4.1285725,0.11691853,3.3918602,0.8536314,2.4841821,-1.972664,39.354748,0.0040994524
circle,nmpc,59.900000000000006,0.31195593,0.94757324,-0.599895,-0.0015601497,-0.011306183,2.820917,0.12407752,0.0020948476,-0.0011070844,0.00021729954,-0.01436679,0.1262564,0.3209436098072082,0.9470983049947447,-0.6,0.0,0.0,2.8148670176164643,-0.11901588277465902,0.04033096336530928,0.0,0.0,0.0,0.0,0.009000833425199197,0.24608459779302902,0.006049873481558166,-2.6003725299503113,4.2895617,0.18171386,3.459973,1.0113032,2.522369,-1.9315434,41.520714,0.0043250746
circle,nmpc,60.0,0.30012116,0.9512807,-0.5998834,-0.0016662322,-0.012751916,2.8335474,0.12399427,0.0021214995,-0.0012822209,0.00036716802,-0.014654356,0.12627396,0.30901699437494684,0.9510565162951538,-0.6,0.0,0.0,2.827433388230916,-0.11951328627463065,0.038832220672135875,0.0,0.0,0.0,0.0,0.008899424890048257,0.2462625638624748,0.006113965513590892,-2.6073740181973495,4.4518514,0.24396086,3.5255625,1.1702502,2.5621648,-1.8888404,43.809982,0.0045635398
circle,nmpc,60.1,0.28824687,0.9548349,-0.59987175,-0.0017742539,-0.0142222205,2.8461802,0.1239208,0.0021358635,-0.0014610644,0.00053065433,-0.014913494,0.12629223,0.29704158157703425,0.9548645447466432,-0.6,0.0,0.0,2.8399997588452184,-0.11999181724167696,0.03732734592132303,0.0,0.0,0.0,0.0,0.008795696559349022,0.24644256767770462,0.006180441731563846,-2.614386646259076,4.615254,0.30378407,3.588731,1.3303077,2.6034658,-1.8446429,46.2223,0.004814823
circle,nmpc,60.2,0.27633464,0.9582368,-0.5998603,-0.0018833344,-0.015714455,2.8588152,0.12385564,0.0021377564,-0.0016432891,0.00070611556,-0.015146484,0.12631081,0.28501926246997533,0.9585217890173762,-0.6,0.0,0.0,2.8525661294594262,-0.12045140010980004,0.035816576749891915,0.0,0.0,0.0,0.0,0.008690416168262825,0.24662298075616743,0.006249063716843306,-2.6214090935794525,4.7796407,0.36129776,3.6495974,1.4913422,2.6461833,-1.7990621,48.75807,0.0050789663
circle,nmpc,60.300000000000004,0.26438653,0.9614871,-0.59984905,-0.0019928028,-0.017226337,2.8714526,0.12379124,0.0021295054,-0.001828527,0.0008911282,-0.015356759,0.12632947,0.27295193551732433,0.9620276715860862,-0.6,0.0,0.0,2.8651325000736803,-0.1208919623055249,0.03430015172578571,0.0,0.0,0.0,0.0,0.008583768443179093,0.24679579324472137,0.006320069887867597,-2.6284402866503873,4.944828,0.41658,3.708212,1.6531972,2.6902173,-1.7521908,51.4162,0.005355854
circle,nmpc,60.400000000000006,0.25240535,0.9645863,-0.59983796,-0.002102058,-0.018755838,2.8840923,0.12372113,0.002109986,-0.0020164738,0.0010847058,-0.015546835,0.12634785,0.26084150628989594,0.9653816388332741,-0.6,0.0,0.0,2.8776988706882567,-0.12131343425900165,0.032778310310066505,0.0,0.0,0.0,0.0,0.008475116706805954,0.24695455058867058,0.006393460244360494,-2.6354793970027597,5.110646,0.46965596,3.7645943,1.8157088,2.7354727,-1.7041115,54.195053,0.005645318
circle,nmpc,60.5,0.24039477,0.96753526,-0.5998272,-0.0022104266,-0.020301208,2.8967345,0.123635896,0.0020739383,-0.0022069092,0.001287297,-0.015719356,0.12636556,0.24868988716485457,0.9685831611286312,-0.6,0.0,0.0,2.890265241302375,-0.12171574941487184,0.03125129281922323,0.0,0.0,0.0,0.0,0.00836282984259096,0.24709030364333814,0.006469234787102707,-2.642528304339667,5.276873,0.5206026,3.8188422,1.978635,2.7818382,-1.6549416,57.092426,0.005947128
circle,nmpc,60.6,0.22835547,0.9703345,-0.5998167,-0.0023177816,-0.02186006,2.9093788,0.123564444,0.0020334278,-0.0023995666,0.0014932308,-0.015867919,0.12638271,0.23649899702372434,0.971631732914674,-0.6,0.0,0.0,2.902831611917262,-0.12209884424294049,0.029719340386868964,0.0,0.0,0.0,0.0,0.008248246640756662,0.24723009343843522,0.006547155096287671,-2.649586006967973,5.4434633,0.56952566,3.871089,2.1419015,2.8292086,-1.6047815,60.10847,0.006261299
circle,nmpc,60.7,0.21628755,0.97298366,-0.59980655,-0.00242432,-0.023430176,2.9220254,0.12350936,0.0019974601,-0.0025941303,0.0016989572,-0.01599417,0.12639943,0.22427076094938075,0.9745268727865772,-0.6,0.0,0.0,2.915397982531547,-0.12246265824851499,0.028182694926326413,0.0,0.0,0.0,0.0,0.00813329816960581,0.24737548574013052,0.00662745959186628,-2.656651242716478,5.6103935,0.616553,3.9214432,2.305505,2.8774977,-1.5537251,63.243782,0.006587893
circle,nmpc,60.800000000000004,0.20419183,0.9754833,-0.5997967,-0.0025298516,-0.025009668,2.9346743,0.12346602,0.0019561048,-0.0027902853,0.0019080668,-0.016101431,0.1264154,0.2120071099220541,0.9772681235681936,-0.6,0.0,0.0,2.9279643531459225,-0.12280713398030163,0.02664159909143704,0.0,0.0,0.0,0.0,0.008019069083652706,0.24752298243287096,0.006709909854565765,-2.6637213732932126,5.777528,0.6617017,3.9699314,2.4693,2.9266045,-1.5018604,66.49608,0.006926674
circle,nmpc,60.900000000000006,0.19207089,0.9778329,-0.59978724,-0.0026343672,-0.026597226,2.9473252,0.12341494,0.0019144104,-0.0029878283,0.0021185093,-0.016195497,0.12643075,0.19970998051440636,0.979855052384247,-0.6,0.0,0.0,2.9405307237599407,-0.12313221704200739,0.025096296239257576,0.0,0.0,0.0,0.0,0.007905066247875686,0.24765263607237437,0.006794505884834655,-2.6707963801906898,5.944836,0.7051151,4.0166945,2.6332586,2.976424,-1.4492959,69.86571,0.0072776773
circle,nmpc,61.0,0.17992598,0.98003155,-0.59977823,-0.0027381163,-0.028191326,2.9599786,0.12336765,0.0018813072,-0.003186557,0.0023275325,-0.016274145,0.12644553,0.18738131458572388,0.9822872507286888,-0.6,0.0,0.0,2.9530970943743444,-0.12343785609923719,0.02354703039092465,0.0,0.0,0.0,0.0,0.007792265825216668,0.2477751332972138,0.006881486100509093,-2.6778741898459715,6.1121097,0.7469603,4.061859,2.7972128,3.026827,-1.396177,73.34992,0.007640617
circle,nmpc,61.1,0.16775998,0.982079,-0.5997696,-0.002840863,-0.029790845,2.972634,0.12331062,0.0018449364,-0.0033862253,0.0025397812,-0.016341511,0.12645932,0.17502305897527518,0.9845643345292056,-0.6,0.0,0.0,2.9656634649888227,-0.12372400288805652,0.021994046193518635,0.0,0.0,0.0,0.0,0.007679979058747888,0.24787810939121527,0.006970612083320837,-2.6849546782085714,6.2791014,0.7872712,4.1054425,2.960933,3.0776832,-1.3426034,76.943405,0.008014938
circle,nmpc,61.2,0.15557586,0.9839758,-0.59976155,-0.0029422354,-0.031394664,2.9852915,0.12324345,0.0018007659,-0.0035867537,0.0027564697,-0.01639757,0.1264719,0.16263716519488264,0.9866859442078683,-0.6,0.0,0.0,2.978229835602806,-0.12399061222255481,0.02043758888131686,0.0,0.0,0.0,0.0,0.007567276361975174,0.24796144468567732,0.0070616454152605534,-2.6920378449529716,6.445526,0.8261519,4.1475525,3.1241283,3.1288753,-1.2887205,80.640366,0.008400038
circle,nmpc,61.300000000000004,0.14337645,0.9857225,-0.59975404,-0.0030418977,-0.03300163,2.9979508,0.1231675,0.0017477957,-0.0037879685,0.0029770827,-0.016441863,0.12648323,0.15022558912075598,0.9886517447379142,-0.6,0.0,0.0,2.990796206217383,-0.12423764200160392,0.018877904236769272,0.0,0.0,0.0,0.0,0.0074533026036840856,0.24802639690647257,0.007154586095238891,-2.6991250958135242,6.6113358,0.86381865,4.1884046,3.2867525,3.1802864,-1.2346281,84.43994,0.008795828
circle,nmpc,61.400000000000006,0.13116221,0.98731905,-0.5997471,-0.0031398921,-0.034610126,3.010612,0.12310524,0.0016951967,-0.0039897105,0.0031976975,-0.016469814,0.12649347,0.13779029068463688,0.9904614256966514,-0.6,0.0,0.0,3.0033625768320826,-0.12446505321722645,0.017315238552362278,0.0,0.0,0.0,0.0,0.007339611368004167,0.24809464925773944,0.007249434123727917,-2.706217126490319,6.777676,0.9006233,4.228398,3.4499047,3.2319524,-1.1803204,88.36788,0.009204988
circle,nmpc,61.5,0.11893188,0.9887659,-0.5997407,-0.003236107,-0.036218546,3.023275,0.12307377,0.0016425563,-0.00419167,0.0034196402,-0.0164815,0.12650262,0.12533323356430384,0.9921147013144779,-0.6,0.0,0.0,3.015928947446524,-0.12467280995809293,0.0157498385910948,0.0,0.0,0.0,0.0,0.007229041902560721,0.2481833076260112,0.007345951082528668,-2.7133154829662236,6.951517,0.93695974,4.2683578,3.620123,3.28449,-1.1252866,92.579796,0.009643729
circle,nmpc,61.6,0.10667838,0.9900601,-0.59973437,-0.0033306123,-0.03782544,3.0359397,0.12312759,0.0016266266,-0.0043931976,0.0036409488,-0.016478388,0.1265122,0.11285638487348118,0.9936113105200085,-0.6,0.0,0.0,3.028495318060556,-0.12486087941700891,0.014181951547787008,0.0,0.0,0.0,0.0,0.007130879771403728,0.24834495347209168,0.007444375390371682,-2.720417438154514,7.135769,0.9727589,4.3088374,3.7996943,3.337095,-1.0703393,97.15104,0.0101199
circle,nmpc,61.7,0.094389305,0.9911941,-0.59972763,-0.0034233395,-0.039429963,3.0486069,0.123315655,0.001698067,-0.0045936177,0.003862964,-0.016466737,0.12652604,0.10036171485121427,0.9949510169813002,-0.6,0.0,0.0,3.041061688674896,-0.1250292318956403,0.012611825009889444,0.0,0.0,0.0,0.0,0.007061025254136828,0.24862701811112253,0.007545183883697959,-2.7275108588147496,7.3255553,1.0075796,4.349525,3.9836144,3.3868437,-1.0183215,101.97422,0.010622312
circle,nmpc,61.800000000000004,0.08205476,0.99215716,-0.5997199,-0.0035129415,-0.041032698,3.061277,0.1236137,0.0018805973,-0.0047926293,0.004098537,-0.01646068,0.12654784,0.08785119655074246,0.9961336091431725,-0.6,0.0,0.0,3.0536280592896428,-0.1251778408091625,0.011039706918569703,0.0,0.0,0.0,0.0,0.0070348646299164845,0.24900620373159757,0.0076488533995662245,-2.734582780495385,7.508687,1.0412264,4.3893304,4.1605873,3.4292011,-0.9736211,106.748604,0.011119646
circle,nmpc,61.900000000000006,0.069671415,0.99294144,-0.59971076,-0.003595284,-0.04263445,3.073951,0.123962805,0.002135187,-0.0049906564,0.004375626,-0.016462283,0.12657684,0.07532680552793189,0.997158900260614,-0.6,0.0,0.0,3.066194429903571,-0.12530668269095796,0.0094658455296881,0.0,0.0,0.0,0.0,0.0070607422347520096,0.24942718885200116,0.007756576032098117,-2.7416197774703956,7.6736937,1.0748439,4.4275503,4.320992,3.4598413,-0.94052386,111.17012,0.011580221
circle,nmpc,62.0,0.057249777,0.99354863,-0.5997005,-0.0036621124,-0.044236414,3.086629,0.124234095,0.0023561346,-0.0051886076,0.004735183,-0.016474938,0.12660424,0.06279051952931332,0.9980267284282716,-0.6,0.0,0.0,3.078760800517744,-0.12541573719451748,0.007890489373996168,0.0,0.0,0.0,0.0,0.007130418789830283,0.24976506872326076,0.007868113361650499,-2.7486119736943313,7.8088884,1.1093607,4.462974,4.4552803,3.4751687,-0.92259717,114.90507,0.011969279
circle,nmpc,62.1,0.044818766,0.9939926,-0.5996902,-0.0037017856,-0.0458398,3.0993085,0.1242492,0.0024156317,-0.0053879432,0.0052105268,-0.01649765,0.1266144,0.0502443181797694,0.9987369566060175,-0.6,0.0,0.0,3.091327171132406,-0.12550498709930705,0.006313887218500902,0.0,0.0,0.0,0.0,0.00721396252024823,0.2498427086686234,0.007981319620767646,-2.7555579754707606,7.900381,1.1435003,4.492686,4.5512004,3.472403,-0.922512,117.52988,0.012242694
circle,nmpc,62.2,0.032429963,0.9943054,-0.5996823,-0.0036993814,-0.04744493,3.1119869,0.12378296,0.0021330921,-0.0055908905,0.00583366,-0.016519986,0.12658831,0.03769018266993339,0.9992894726405893,-0.6,0.0,0.0,3.1038935417468223,-0.1255744183117323,0.004736288027051838,0.0,0.0,0.0,0.0,0.007253420953195519,0.24943363462312923,0.008093333787235315,-2.7624650866039673,7.932132,1.1729991,4.511675,4.593461,3.4497378,-0.9419106,118.53762,0.012347668
circle,nmpc,62.300000000000004,0.020162452,0.9945399,-0.5996809,-0.0036384105,-0.049050152,3.124658,0.12255336,0.0013084359,-0.005800437,0.0066193044,-0.016520347,0.12650934,0.02513009544333622,0.9996841892833,-0.6,0.0,0.0,3.1164599123612495,-0.12562401986780136,0.003157940920817115,0.0,0.0,0.0,0.0,0.007158410997758295,0.24825204798137904,0.008198195396318832,-2.769361819960406,7.8875237,1.1896367,4.512737,4.5644293,3.406533,-0.9812617,117.39442,0.012228586
circle,nmpc,62.400000000000006,0.008107715,0.9947612,-0.5996916,-0.003506699,-0.05064622,3.1373165,0.12041729,-0.00014963862,-0.0060194675,0.0075235865,-0.01642058,0.12637283,0.012566039883351244,0.9999210442038161,-0.6,0.0,0.0,3.129026282975318,-0.12565378393485355,0.0015790951391481123,0.0,0.0,0.0,0.0,0.006826085854804147,0.24615075799006164,0.008290182402489688,-2.7679799540460888,7.7585588,1.1854603,4.4904246,4.4536,3.3437932,-1.0395745,113.86069,0.011860489
circle,nmpc,62.5,-0.0037613166,0.994972,-0.59971476,-0.0033216786,-0.05218785,-3.1332273,0.11853434,-0.0015783339,-0.0062456285,0.008249924,-0.015858905,0.12619832,-5.82016719913287e-16,1.0,-0.6,0.0,0.0,3.141592653589793,-0.12566370581235292,0.0,0.0,0.0,0.0,0.0,0.006285677827046381,0.24428300248233,0.008365305262156642,-2.7624464610456974,7.553665,1.1584431,4.445522,4.266592,3.264397,-1.1142439,108.264145,0.011277515
circle,nmpc,62.6,-0.015558943,0.99511886,-0.5997455,-0.0031193586,-0.05361122,-3.1206045,0.117783226,-0.0024335466,-0.0064682746,0.008607808,-0.014652357,0.1260087,-0.012566039883353296,0.9999210442038161,-0.6,0.0,0.0,-3.1290262829752735,-0.12565378393440946,-0.0015790951391481123,0.0,0.0,0.0,0.0,0.005664207052204384,0.24352442691692425,0.008421767899589927,-2.756973248560483,7.294146,1.1132375,4.384581,4.0228076,3.1725209,-1.2015047,101.35989,0.010558323
circle,nmpc,62.7,-0.027410228,0.9951289,-0.5997773,-0.0029350603,-0.054859575,-3.1080003,0.11829737,-0.0025674137,-0.0066744722,0.008596993,-0.012876115,0.12582104,-0.025130095443338274,0.9996841892832999,-0.6,0.0,0.0,-3.1164599123611607,-0.12562401986735727,-0.003157940920817115,0.0,0.0,0.0,0.0,0.005098921244750861,0.24401340311904562,0.00845963388826032,-2.7514463126284867,7.0027304,1.056272,4.31473,3.7442775,3.072682,-1.2972261,93.91462,0.009782773
circle,nmpc,62.800000000000004,-0.03936437,0.99496037,-0.5998068,-0.0027855875,-0.055904865,-3.095414,0.119334586,-0.002310105,-0.0068555237,0.008396082,-0.010821708,0.1256429,-0.037690182669935436,0.9992894726405892,-0.6,0.0,0.0,-3.103893541746689,-0.1255744183112882,-0.004736288027051838,0.0,0.0,0.0,0.0,0.004645577428174844,0.2450169482809837,0.008479618483139271,-2.7458095057194627,6.696785,0.9923927,4.2407713,3.4484105,2.9690711,-1.3973948,86.47554,0.00900787
circle,nmpc,62.900000000000006,-0.051432688,0.9945921,-0.59983253,-0.0026760465,-0.056734893,-3.0828438,0.12052158,-0.0018721366,-0.007007836,0.008119095,-0.008649845,0.12548183,-0.05024431817977056,0.9987369566060175,-0.6,0.0,0.0,-3.0913271711322285,-0.12550498709886296,-0.006313887218500902,0.0,0.0,0.0,0.0,0.004315130020955081,0.24616643138595315,0.008483390614650421,-2.740040394109955,6.3878527,0.924296,4.165048,3.1471045,2.8651953,-1.4987178,79.36637,0.00826733
circle,nmpc,63.0,-0.063611664,0.9940153,-0.5998539,-0.0026048704,-0.057346,-3.0702877,0.12171,-0.0013741197,-0.007130024,0.007831706,-0.006446539,0.12534355,-0.0627905195293136,0.9980267284282716,-0.6,0.0,0.0,-3.078760800517963,-0.1254157371940734,-0.007890489373940657,0.0,0.0,0.0,0.0,0.004097240313386451,0.24731443851457527,0.008473096050189532,-2.734128129888527,6.083578,0.8537113,4.0888433,2.8484497,2.7638137,-1.598558,72.76511,0.0075796973
circle,nmpc,63.1,-0.075887114,0.99322957,-0.59987086,-0.002566767,-0.057741154,-3.0577428,0.122790456,-0.00088943046,-0.007221804,0.007571042,-0.004277756,0.12523118,-0.07532680552793306,0.9971589002606139,-0.6,0.0,0.0,-3.066194429903575,-0.1253066826909649,-0.0094658455296881,0.0,0.0,0.0,0.0,0.0039711804717544995,0.24835035632115252,0.008451595812388302,-2.7280727347025917,5.787818,0.780739,4.0118136,2.556747,2.6669257,-1.6950221,66.725586,0.0069505814
circle,nmpc,63.2,-0.088241376,0.99223804,-0.59988385,-0.0025550984,-0.057927087,-3.0452068,0.12372489,-0.00044808508,-0.0072833463,0.0073510827,-0.002180543,0.12514572,-0.08785119655074361,0.9961336091431724,-0.6,0.0,0.0,-3.053628059289078,-0.12517784080961353,-0.011039706918680725,0.0,0.0,0.0,0.0,0.0039167782450542955,0.24923442850504204,0.008421274087051511,-2.721879812477668,5.502284,0.70481235,3.9330506,2.2740493,2.575888,-1.7868018,61.239933,0.0063791606
circle,nmpc,63.300000000000004,-0.10065639,0.99104655,-0.5998933,-0.0025627592,-0.057912733,-3.0326772,0.12450589,-6.9455346e-05,-0.007315013,0.007177399,-0.00017607099,0.12508635,-0.10036171485121542,0.9949510169813001,-0.6,0.0,0.0,-3.0410616886752506,-0.1250292318960844,-0.012611825009889444,0.0,0.0,0.0,0.0,0.003917027358208471,0.24995719375282413,0.008384515060748665,-2.715556717383455,5.228161,0.6260688,3.852338,2.0018945,2.491439,-1.8729056,56.288757,0.0058634127
circle,nmpc,63.400000000000006,-0.11311427,0.9896618,-0.59989965,-0.002583057,-0.057708617,-3.0201516,0.125132,0.00024218157,-0.0073180716,0.007046891,0.0017206641,0.12505093,-0.11285638487348322,0.9936113105200083,-0.6,0.0,0.0,-3.028495318060516,-0.124860879417453,-0.01418195154784252,0.0,0.0,0.0,0.0,0.003959179974854361,0.2505155619717549,0.008343702917693818,-2.7091125781222223,4.966697,0.54505265,3.7698855,1.7418671,2.4140275,-1.9526029,51.851486,0.0054011964
circle,nmpc,63.5,-0.12559848,0.9880903,-0.5999035,-0.002610256,-0.057326593,-3.007628,0.12561472,0.000494666,-0.007294613,0.006951151,0.0034972986,0.1250362,-0.125333233564305,0.9921147013144778,-0.6,0.0,0.0,-3.01592894744609,-0.12467280995853702,-0.015749838591205823,0.0,0.0,0.0,0.0,0.004034309626595537,0.25092019002009475,0.0083009834263148,-2.7025578842410436,4.717905,0.46159104,3.6852906,1.494208,2.3438554,-2.025578,47.882347,0.004987744
circle,nmpc,63.6,-0.13809448,0.9863379,-0.59990543,-0.002639563,-0.056779526,-2.995105,0.12597264,0.0006954683,-0.0072469013,0.0068820138,0.005144296,0.12503827,-0.1377902906846389,0.9904614256966511,-0.6,0.0,0.0,-3.0033625768316945,-0.12446505321767054,-0.0173152385524733,0.0,0.0,0.0,0.0,0.004135811908818589,0.25118905842648415,0.008257548679228677,-2.6959020244670895,4.481754,0.37565365,3.5984576,1.2589519,2.280851,-2.091841,44.33917,0.0046186633
circle,nmpc,63.7,-0.15058908,0.9844098,-0.59990597,-0.0026671921,-0.056080922,-2.9825811,0.12621814,0.0008558952,-0.007177134,0.006830818,0.006655987,0.1250537,-0.150225589120758,0.9886517447379138,-0.6,0.0,0.0,-2.990796206217383,-0.12423764200160392,-0.018877904236769272,0.0,0.0,0.0,0.0,0.004258519058248392,0.251334503988359,0.008215067606543336,-2.6891577214470095,4.2590914,0.28852457,3.5106075,1.0370102,2.224685,-2.151649,41.201675,0.0042918413
circle,nmpc,63.800000000000004,-0.1630739,0.9823099,-0.5999054,-0.0026901502,-0.055243954,-2.9700558,0.12639943,0.0009846016,-0.0070875,0.0067911153,0.008036102,0.12507927,-0.16263716519488378,0.986685944207868,-0.6,0.0,0.0,-2.978229835602945,-0.1239906122229989,-0.02043758888137237,0.0,0.0,0.0,0.0,0.0043988232607158105,0.25140468365962726,0.008174017045205595,-2.682331578628416,4.0495405,0.2007109,3.4222517,0.82800126,2.174864,-2.2054133,38.43034,0.00400316
circle,nmpc,63.900000000000006,-0.17553975,0.9800412,-0.59990406,-0.0027062946,-0.05428253,-2.9575279,0.12650895,0.0010938048,-0.006980009,0.006755904,0.00927768,0.1251126,-0.1750230589752772,0.9845643345292052,-0.6,0.0,0.0,-2.965663464988639,-0.12372400288761243,-0.021994046193463124,0.0,0.0,0.0,0.0,0.004553555045799036,0.25139272203973556,0.00813558908837031,-2.675433517215322,3.8522532,0.112538815,3.3336575,0.6311358,2.1307604,-2.2537053,35.98345,0.003748276
circle,nmpc,64.0,-0.1879802,0.9776059,-0.5999023,-0.0027140654,-0.053209987,-2.9449973,0.12657478,0.0011912361,-0.006856679,0.0067209513,0.010386809,0.12515132,-0.18738131458572502,0.9822872507286886,-0.6,0.0,0.0,-2.9530970943745523,-0.1234378560996674,-0.02354703039098016,0.0,0.0,0.0,0.0,0.004720535840487347,0.25132711024259596,0.00809978373612452,-2.668471205677946,3.6663024,0.024407305,3.245222,0.44548896,2.0916595,-2.2971814,33.82438,0.0035233728
circle,nmpc,64.10000000000001,-0.20039023,0.9750057,-0.59990025,-0.002712199,-0.052039206,-2.9324632,0.12661031,0.0012781853,-0.006719389,0.0066848435,0.01136803,0.12519366,-0.1997099805144084,0.9798550523842466,-0.6,0.0,0.0,-2.9405307237602827,-0.1231322170433119,-0.02509629623947962,0.0,0.0,0.0,0.0,0.004897861586107991,0.2512212027707437,0.008067554662382292,-2.661452472191815,3.490566,-0.06305654,3.1574733,0.2700371,2.0567605,-2.3365998,31.920547,0.0033250572
circle,nmpc,64.2,-0.21276549,0.97224295,-0.5998981,-0.0026995656,-0.050782632,-2.919926,0.1266214,0.00135119,-0.006569865,0.0066477438,0.012226148,0.12523773,-0.21200710992205524,0.9772681235681934,-0.6,0.0,0.0,-2.927964353145533,-0.12280713398160614,-0.026641599091770107,0.0,0.0,0.0,0.0,0.005083096679355892,0.251080366845854,0.008038425029688323,-2.6543847881108373,3.3237972,-0.14915082,3.0710902,0.10355695,2.0251734,-2.3727968,30.243685,0.003150384
circle,nmpc,64.3,-0.22510202,0.96932137,-0.59989595,-0.0026748558,-0.04945217,-2.907385,0.12660792,0.0013959433,-0.0064097852,0.0066129235,0.012966421,0.12528206,-0.224270760949381,0.9745268727865772,-0.6,0.0,0.0,-2.915397982531292,-0.1224626582498195,-0.02818269492665948,0.0,0.0,0.0,0.0,0.00527248318356872,0.25090264342878504,0.00801287167618936,-2.647278086898459,3.1644816,-0.23310877,2.9867506,-0.055377,1.9959645,-2.406661,28.76792,0.0029966587
circle,nmpc,64.4,-0.23739764,0.9662461,-0.59989387,-0.0026366012,-0.04805879,-2.894841,0.1265821,0.0013945455,-0.0062407297,0.006583386,0.01359864,0.12532526,-0.23649899702372548,0.9716317329146738,-0.6,0.0,0.0,-2.9028316119167092,-0.12209884424378703,-0.02971934038714652,0.0,0.0,0.0,0.0,0.005461095523175227,0.2506974932584279,0.007990656182456313,-2.640142779280481,3.0113611,-0.3139102,2.9054234,-0.207972,1.968176,-2.4391112,27.474552,0.0028619326
circle,nmpc,64.5,-0.2496511,0.96302456,-0.599892,-0.002583215,-0.046612717,-2.8822935,0.12654668,0.0013262643,-0.006064127,0.0065616453,0.014130247,0.12536629,-0.24868988716485482,0.9685831611286311,-0.6,0.0,0.0,-2.8902652413027665,-0.12171574941571839,-0.031251292819389764,0.0,0.0,0.0,0.0,0.00564213450207789,0.2504641794538436,0.00797177854947062,-2.6329874781282765,2.863279,-0.3905178,2.828103,-0.35534143,1.9409333,-2.471012,26.348427,0.0027446281
circle,nmpc,64.60000000000001,-0.26186097,0.95966136,-0.59989035,-0.00251466,-0.045123473,-2.869743,0.12650338,0.0012166487,-0.005881226,0.006533487,0.014568529,0.12540512,-0.26084150628989794,0.9653816388332737,-0.6,0.0,0.0,-2.8776988706882793,-0.12131343425983432,-0.03277831031028855,0.0,0.0,0.0,0.0,0.005811442174273797,0.25020675165857126,0.007955761938889692,-2.625817925843032,2.717717,-0.46226078,2.755529,-0.5000727,1.9133438,-2.5032384,25.36977,0.0026426844
circle,nmpc,64.7,-0.27402425,0.95615965,-0.59988904,-0.0024322106,-0.04359996,-2.85719,0.12644038,0.0010854119,-0.0056931498,0.0064870194,0.014919753,0.12544236,-0.2729519355173255,0.9620276715860858,-0.6,0.0,0.0,-2.865132500073849,-0.12089196230638533,-0.034300151726007755,0.0,0.0,0.0,0.0,0.00596622399569756,0.24991565709036165,0.00794260635131483,-2.6186399871464827,2.5724623,-0.5283087,2.6885273,-0.64437366,1.8848246,-2.5363944,24.525928,0.0025547843
circle,nmpc,64.8,-0.28613728,0.9525229,-0.5998881,-0.0023378471,-0.04205021,-2.8446338,0.12634888,0.00093267695,-0.0055008605,0.0064163334,0.015192363,0.1254785,-0.2850192624699756,0.9585217890173761,-0.6,0.0,0.0,-2.852566129459684,-0.12045140011066047,-0.03581657675011396,0.0,0.0,0.0,0.0,0.00610323496861858,0.24958194408805906,0.007932311786954305,-2.6114595433181687,2.4266357,-0.58845484,2.6272075,-0.78902656,1.8554741,-2.5703773,23.809246,0.00248013
circle,nmpc,64.9,-0.29819524,0.9487556,-0.5998877,-0.0022340969,-0.040481534,-2.832075,0.1262139,0.00075272936,-0.0053052106,0.0063169594,0.015393357,0.12551355,-0.29704158157703536,0.9548645447466428,-0.6,0.0,0.0,-2.839999758845143,-0.11999181724253738,-0.037327345921600585,0.0,0.0,0.0,0.0,0.006217915846628056,0.2491896653036612,0.007924639826588198,-2.6042835271292946,2.2810087,-0.64295363,2.571315,-0.93326,1.8261032,-2.6043954,23.216553,0.0024183912
circle,nmpc,65.0,-0.31019345,0.9448628,-0.5998881,-0.0021241233,-0.038900338,-2.8195136,0.1260345,0.00054372475,-0.0051069334,0.0061834464,0.01553151,0.12554738,-0.3090169943749471,0.9510565162951536,-0.6,0.0,0.0,-2.827433388230931,-0.11951328627549107,-0.03883222067241343,0.0,0.0,0.0,0.0,0.006305466156643942,0.24873733196790546,0.00791982888950038,-2.5971193525326246,2.1382046,-0.69200754,2.5207946,-1.0745977,1.7980367,-2.637107,22.747229,0.0023695028
circle,nmpc,65.10000000000001,-0.32212824,0.9408475,-0.5998891,-0.0020121047,-0.037312206,-2.8069494,0.12582539,0.00032022316,-0.0049067144,0.006006471,0.015614614,0.12558046,-0.32094360980721015,0.9470983049947441,-0.6,0.0,0.0,-2.8148670176162724,-0.11901588277507535,-0.040330963365475814,0.0,0.0,0.0,0.0,0.006363018239811058,0.24824150292429484,0.007917640556335925,-2.589973664356856,2.0022569,-0.7359277,2.4756796,-1.2093507,1.772892,-2.6668427,22.397339,0.002333056
circle,nmpc,65.2,-0.33399832,0.9367089,-0.5998907,-0.0019034394,-0.035722066,-2.7943823,0.12562051,0.00011452259,-0.0047053313,0.0057745976,0.015648687,0.12561448,-0.33281954452298657,0.9429905358928645,-0.6,0.0,0.0,-2.8023006470021956,-0.11849968528712673,-0.04182333733182553,0.0,0.0,0.0,0.0,0.006392188230095739,0.24774098573468284,0.007918313246702446,-2.5828523159137315,1.8787663,-0.7747706,2.4362922,-1.3322967,1.7524211,-2.6918046,22.15736,0.0023080583
circle,nmpc,65.3,-0.34580716,0.93243825,-0.5998926,-0.0018049339,-0.03413412,-2.7818122,0.12549292,-1.6122685e-05,-0.0045036376,0.0054744445,0.015640318,0.12565205,-0.3446429231745179,0.9387338576538737,-0.6,0.0,0.0,-2.7897342763877857,-0.11796477532516336,-0.04330910690841794,0.0,0.0,0.0,0.0,0.006403250030813935,0.24731803909436698,0.007922085378264221,-2.575757042079694,1.7742131,-0.80838,2.4031148,-1.437282,1.7382721,-2.710284,22.009281,0.0022926333
circle,nmpc,65.4,-0.35756442,0.92801565,-0.59989417,-0.0017246808,-0.03255223,-2.769238,0.12554157,8.400708e-06,-0.0043025357,0.005093755,0.015592034,0.1256961,-0.3564118787132525,0.9343289424566114,-0.6,0.0,0.0,-2.7771679057732612,-0.117411237357673,-0.04478803747498539,0.0,0.0,0.0,0.0,0.006418506163108844,0.24708560909579666,0.007929910625556147,-2.568686620594237,1.6959169,-0.8358089,2.3771865,-1.5170789,1.7317872,-2.7208436,21.92933,0.0022843054
circle,nmpc,65.5,-0.3692889,0.9234065,-0.5998945,-0.0016715896,-0.030979969,-2.7566593,0.12591214,0.00028572607,-0.004103099,0.0046248757,0.015505763,0.1257485,-0.368124552684679,0.929776485888251,-0.6,0.0,0.0,-2.76460153515921,-0.11683915879473483,-0.04625989549117415,0.0,0.0,0.0,0.0,0.006476400472581398,0.24720745477264583,0.007942265826324403,-2.561617995257918,1.650577,-0.8553959,2.36006,-1.5648794,1.7337629,-2.7225912,21.893274,0.0022805494
circle,nmpc,65.60000000000001,-0.38098815,0.91858476,-0.59989333,-0.0016494986,-0.029427698,-2.744075,0.12647665,0.00076486846,-0.0039061802,0.004118858,0.015312435,0.12580706,-0.37977909552180306,0.9250772068344573,-0.6,0.0,0.0,-2.752035164545038,-0.11624862997419716,-0.047724448533625896,0.0,0.0,0.0,0.0,0.00660492292335006,0.24755207824757552,0.007960104654290756,-2.554534534522663,1.6417919,-0.86561817,2.35294,-1.5767667,1.7441981,-2.7154074,21.88296,0.002279475
circle,nmpc,65.7,-0.39265627,0.91354626,-0.5998909,-0.0016543618,-0.027912812,-2.7314854,0.12703428,0.0012916072,-0.0037130807,0.0036556793,0.01494125,0.1258669,-0.39137366683720365,0.9202318473658698,-0.6,0.0,0.0,-2.739468793930514,-0.11563974414735556,-0.04918146533244849,0.0,0.0,0.0,0.0,0.006808376496197509,0.24789513593523,0.007983427109224728,-2.5474365480723122,1.668926,-0.8659696,2.3559742,-1.5530182,1.7622579,-2.7000332,21.893429,0.0022805657
circle,nmpc,65.8,-0.40428093,0.9083011,-0.59988785,-0.0016774646,-0.026455646,-2.7188904,0.1274712,0.0017596739,-0.0035254487,0.0032841063,0.01436337,0.12592383,-0.40290643571366314,0.9152411726209173,-0.6,0.0,0.0,-2.7269024233157713,-0.1150125974643812,-0.05063071580779788,0.0,0.0,0.0,0.0,0.007075748299710791,0.2481039513784271,0.008011994772680442,-2.5403343927076802,1.7278508,-0.85668474,2.3685822,-1.4974167,1.7863579,-2.6780202,21.934683,0.0022848628
circle,nmpc,65.9,-0.41584778,0.9028673,-0.5998847,-0.001708247,-0.02507649,-2.706291,0.12773451,0.0021103502,-0.0033450746,0.0030250822,0.013580265,0.12597449,-0.41437558099328553,0.910105970684995,-0.6,0.0,0.0,-2.714336052701591,-0.11436728895902748,-0.052071971106126824,0.0,0.0,0.0,0.0,0.0073877443045978885,0.2481132715825063,0.008045092389701303,-2.5332431169225575,1.8119485,-0.838761,2.3894758,-1.4162885,1.8143395,-2.6515107,22.024483,0.002294217
circle,nmpc,66.0,-0.42734286,0.89726603,-0.5998819,-0.0017363103,-0.023793506,-2.6936874,0.12781109,0.0023216354,-0.0031739103,0.0028795316,0.012614585,0.12601633,-0.4257792915650733,0.9048270524660192,-0.6,0.0,0.0,-2.7017696820872326,-0.1137039205329482,-0.05350500363660027,0.0,0.0,0.0,0.0,0.0077219012400521715,0.2479035845562358,0.00808224312238881,-2.526179400836046,1.9120095,-0.81399065,2.4166625,-1.318644,1.8435842,-2.6231663,22.177246,0.0023101296
circle,nmpc,66.10000000000001,-0.43875414,0.89151865,-0.59987974,-0.0017525438,-0.022621168,-2.6810813,0.12771127,0.0023898892,-0.003013896,0.0028368672,0.011504547,0.1260477,-0.4371157666509345,0.8994052515663703,-0.6,0.0,0.0,-2.6892033114725638,-0.11302259693971028,-0.05492958710678897,0.0,0.0,0.0,0.0,0.008055878564848868,0.24748211821268942,0.008122016459136017,-2.5191537917823648,2.016694,-0.785079,2.4473748,-1.2157604,1.8712628,-2.5958912,22.391396,0.002332437
circle,nmpc,66.2,-0.45006743,0.885647,-0.5998786,-0.0017500751,-0.021570094,-2.668473,0.12740913,0.0023278082,-0.0028666952,0.0028765767,0.010289804,0.12606847,-0.4483832160900331,0.8938414241512633,-0.6,0.0,0.0,-2.6766369408587574,-0.11232342576902865,-0.05634549655869625,0.0,0.0,0.0,0.0,0.008366595495713194,0.24682478215554726,0.008163935563957558,-2.51217621222717,2.1147664,-0.75544935,2.477998,-1.1186816,1.8948945,-2.572284,22.642132,0.0023585556
circle,nmpc,66.3,-0.46126813,0.8796728,-0.59987855,-0.0017243001,-0.020645736,-2.6558638,0.12689595,0.0021464792,-0.002733692,0.0029773533,0.009022949,0.12607855,-0.45957986062148803,0.8881364488135445,-0.6,0.0,0.0,-2.66407057024417,-0.11160651742650463,-0.05775250840323043,0.0,0.0,0.0,0.0,0.008631217516239261,0.24592435503075236,0.008206808342314353,-2.505253646347897,2.1967235,-0.7283595,2.50515,-1.0367866,1.9125077,-2.5543923,22.88941,0.0023843136
circle,nmpc,66.4,-0.47234118,0.8736166,-0.5998799,-0.0016731443,-0.019847935,-2.6432545,0.1261694,0.0018669314,-0.0026158537,0.003114623,0.0077606146,0.12607807,-0.47070393216533357,0.8822912264349527,-0.6,0.0,0.0,-2.651504199629802,-0.11087198512110819,-0.059150400457175234,0.0,0.0,0.0,0.0,0.008828621401644868,0.24478270975975577,0.008249681120890973,-2.498394101046828,2.2545843,-0.70721436,2.525403,-0.9780336,1.9227511,-2.5436983,23.084885,0.0024046756
circle,nmpc,66.5,-0.48327547,0.86749566,-0.59988284,-0.0015967098,-0.019169934,-2.6306465,0.12527525,0.0015071278,-0.0025134513,0.0032666307,0.006569092,0.12606746,-0.4817536741017156,0.8763066800438634,-0.6,0.0,0.0,-2.63893782901569,-0.11011994484400045,-0.060538951977162636,0.0,0.0,0.0,0.0,0.008942244847616987,0.24344800924646162,0.008291361806827881,-2.49160258140352,2.2823043,-0.6952838,2.5356293,-0.9486093,1.9248488,-2.5410857,23.183767,0.0024149758
circle,nmpc,66.60000000000001,-0.4940647,0.86132336,-0.5998874,-0.0014969326,-0.018598765,-2.6180403,0.12427124,0.0010840732,-0.0024258671,0.0034142265,0.005510445,0.12604794,-0.4927273415482928,0.870183754669525,-0.6,0.0,0.0,-2.626371458401015,-0.10935051535104767,-0.06191794369492243,0.0,0.0,0.0,0.0,0.008961463947468268,0.24197987899512083,0.008331135143568869,-2.4848843917019554,2.2766943,-0.6946188,2.5340192,-0.95194435,1.9185401,-2.54692,23.160881,0.002412592
circle,nmpc,66.7,-0.504711,0.85510474,-0.59989333,-0.001377793,-0.01811518,-2.6054366,0.12327007,0.00063237717,-0.0023515709,0.0035353869,0.004647206,0.12602195,-0.5036232016357614,0.863923417192835,-0.6,0.0,0.0,-2.6138050877866665,-0.10856381814405847,-0.0632871578515326,0.0,0.0,0.0,0.0,0.008886147220360014,0.24049571614016615,0.008368524294845248,-2.478246164615373,2.237904,-0.70565593,2.5204055,-0.98815805,1.9040467,-2.5610688,23.019531,0.002397868
circle,nmpc,66.8,-0.51523024,0.8488307,-0.5999003,-0.001245296,-0.017693842,-2.592836,0.12246093,0.00020378629,-0.002288185,0.003607499,0.0040397975,0.12599277,-0.5144395337815063,0.8575266561936523,-0.6,0.0,0.0,-2.6012387171726465,-0.10775997745093857,-0.06464637823178077,0.0,0.0,0.0,0.0,0.008732399921791588,0.23919123429876302,0.00840281400492193,-2.471691312412844,2.1699662,-0.72647774,2.4969747,-1.0534868,1.8820022,-2.58299,22.795012,0.0023744802
circle,nmpc,66.9,-0.5256548,0.84247005,-0.59990746,-0.0011081515,-0.017304583,-2.5802379,0.12209795,-0.000106900865,-0.0022324747,0.0036003892,0.0037357383,0.12596446,-0.5251746299612964,0.8509944817946914,-0.6,0.0,0.0,-2.588672346558,-0.10693912020892649,-0.06599539020002432,0.0,0.0,0.0,0.0,0.008538446008090821,0.23833643236011254,0.00843448111000189,-2.465199411954191,2.0799115,-0.75311893,2.4677882,-1.1409963,1.8533365,-2.611819,22.541525,0.0023480756
circle,nmpc,67.0,-0.5360159,0.83598465,-0.599914,-0.0009751721,-0.016920323,-2.5676425,0.122214906,-0.00025244406,-0.002180834,0.0035092684,0.0037030315,0.12593946,-0.5358267949789967,0.8443279255020151,-0.6,0.0,0.0,-2.5761059759436593,-0.10610137604022407,-0.06733398073111019,0.0,0.0,0.0,0.0,0.008345864625334118,0.2379769173804154,0.008463525611017708,-2.458729881324568,1.9748799,-0.78173876,2.4367306,-1.2435901,1.8191245,-2.6465216,22.30873,0.0023238258
circle,nmpc,67.10000000000001,-0.54632527,0.8293541,-0.5999196,-0.0008513035,-0.016524412,-2.5550492,0.122556284,-0.00029177108,-0.0021302714,0.0033693966,0.0038363123,0.12591788,-0.5463943467342699,0.8375280400421412,-0.6,0.0,0.0,-2.5635396053295665,-0.10524687723423298,-0.06866193844601298,0.0,0.0,0.0,0.0,0.008174619787057951,0.23785142030687562,0.008490424345069414,-2.452259297831946,1.8606435,-0.80942774,2.4067018,-1.3554868,1.7804092,-2.6860476,22.131433,0.0023053577
circle,nmpc,67.2,-0.5565841,0.8225686,-0.59992427,-0.00073877367,-0.016106756,-2.5424578,0.12298076,-0.00026584923,-0.0020789057,0.0032058498,0.004069382,0.12589979,-0.5568756164881882,0.8305958991958126,-0.6,0.0,0.0,-2.550973234714723,-0.10437575872623839,-0.06997905364497514,0.0,0.0,0.0,0.0,0.008032951636110208,0.2378134535001008,0.008515415729737798,-2.4457735851752727,1.7407405,-0.8348835,2.378987,-1.4731307,1.7381266,-2.7294497,22.027882,0.0022945711
circle,nmpc,67.3,-0.5667878,0.81562597,-0.599928,-0.00063787133,-0.01566174,-2.5298681,0.12339928,-0.00020631943,-0.002025497,0.0030367477,0.004357165,0.12588513,-0.5672689491267561,0.8235325976284278,-0.6,0.0,0.0,-2.538406864100234,-0.10348815807598166,-0.07128511834009199,0.0,0.0,0.0,0.0,0.007921586671538389,0.23776923235518868,0.008538738184706851,-2.4392670941579935,1.6175374,-0.85739297,2.354295,-1.5941513,1.6930435,-2.775925,22.007729,0.0022924717
circle,nmpc,67.4,-0.5769305,0.80852765,-0.59993106,-0.00054766773,-0.015186223,-2.5172794,0.12378313,-0.00013542044,-0.001969296,0.0028735548,0.004674875,0.12587394,-0.577572703422268,0.8163392507171837,-0.6,0.0,0.0,-2.5258404934863026,-0.10258421544595553,-0.07257992628861842,0.0,0.0,0.0,0.0,0.007838257353845803,0.2376852078730135,0.008561106965916832,-2.432737281869777,1.4925137,-0.8766962,2.3328133,-1.7169968,1.6457723,-2.8248274,22.074507,0.0022994278
circle,nmpc,67.5,-0.587006,0.80127645,-0.5999335,-0.00046682145,-0.014678808,-2.5046916,0.124120235,-6.0002127e-05,-0.0019097958,0.002719998,0.0050052246,0.12586607,-0.5877852522924729,0.8090169943749477,-0.6,0.0,0.0,-2.5132741228720348,-0.10166407357908858,-0.07386327302544293,0.0,0.0,0.0,0.0,0.007779961221927597,0.23754815157349043,0.00858252207247423,-2.42618183014196,1.3662317,-0.89314437,2.3141942,-1.8411078,1.5968043,-2.8756306,22.228504,0.002315469
circle,nmpc,67.60000000000001,-0.5970066,0.7938775,-0.5999356,-0.0003936308,-0.01413968,-2.4921045,0.12438739,9.648083e-06,-0.0018467035,0.002579497,0.005332521,0.12586133,-0.5979049830575194,0.8015669848708762,-0.6,0.0,0.0,-2.5007077522574073,-0.10072787777642978,-0.07513495589522856,0.0,0.0,0.0,0.0,0.007742070430011423,0.23733311192742754,0.008603221922934612,-2.4195995443808416,1.2389296,-0.9071907,2.2979693,-1.9662312,1.5465237,-2.9279263,22.469158,0.0023405373
circle,nmpc,67.7,-0.6069239,0.7863373,-0.59993744,-0.00032650123,-0.013569998,-2.4795175,0.124569334,7.272241e-05,-0.0017798793,0.0024509975,0.0056472817,0.12585962,-0.6079302976946067,0.7939903986478344,-0.6,0.0,0.0,-2.4881413816429125,-0.09977577587416686,-0.07639477408444284,0.0,0.0,0.0,0.0,0.007719227134672213,0.23702568290241224,0.008623921773527776,-2.4129916284693826,1.1116064,-0.91833603,2.2845805,-2.091311,1.4952128,-2.9813888,22.796242,0.0023746083
circle,nmpc,67.8,-0.61674976,0.7786626,-0.5999392,-0.00026394203,-0.012971436,-2.4669304,0.12466777,0.00012705366,-0.0017093912,0.002333596,0.005944526,0.12586044,-0.6178596130903351,0.7862884321366184,-0.6,0.0,0.0,-2.4755750110286776,-0.09880791822036716,-0.0776425286532767,0.0,0.0,0.0,0.0,0.007706389563527168,0.23662716178799337,0.008644621624380733,-2.406361880840448,0.98482513,-0.9264275,2.2741866,-2.21579,1.4430888,-3.0357778,23.208252,0.0024175262
circle,nmpc,67.9,-0.6264788,0.7708593,-0.59994096,-0.00020450231,-0.012345629,-2.4543433,0.12470671,0.00016720236,-0.0016353827,0.0022270957,0.00622485,0.12586333,-0.6276913612907019,0.7784623015670222,-0.6,0.0,0.0,-2.4630086404145675,-0.09782445765083025,-0.07887802256673071,0.0,0.0,0.0,0.0,0.007699313516278892,0.23615872141410663,0.008665321475358478,-2.3997149643869875,0.85849434,-0.9318858,2.2663848,-2.3397772,1.3903011,-3.0909064,23.703121,0.002469075
circle,nmpc,68.0,-0.6361083,0.762931,-0.5999428,-0.0001470593,-0.011693782,-2.4417555,0.12472423,0.00019490115,-0.0015580476,0.0021284136,0.0064927316,0.1258681,-0.6374239897486905,0.7705132427757886,-0.6,0.0,0.0,-2.4504422697999964,-0.09682554946538469,-0.08010106072608991,0.0,0.0,0.0,0.0,0.0076957737701856465,0.23565690001081305,0.008686736581612564,-2.3930527663834766,0.73237324,-0.9352275,2.2606204,-2.4634755,1.3369906,-3.146641,24.27903,0.0025290656
circle,nmpc,68.10000000000001,-0.6456362,0.7548804,-0.5999447,-9.085151e-05,-0.011017347,-2.4291673,0.12472748,0.0002139193,-0.0014774465,0.0020340811,0.006745841,0.1258744,-0.6470559615694459,0.7624425110114466,-0.6,0.0,0.0,-2.437875899185426,-0.09581135140324104,-0.08131144999939943,0.0,0.0,0.0,0.0,0.0076944052380814336,0.23512963423088973,0.008708628525025741,-2.3863765635343714,0.60625184,-0.93702316,2.256354,-2.5871265,1.2832716,-3.2028444,24.93491,0.0025973863
circle,nmpc,68.2,-0.65506035,0.7467098,-0.5999466,-3.5516106e-05,-0.010317883,-2.4165785,0.124721356,0.00023086398,-0.0013937154,0.0019402895,0.0069831912,0.12588207,-0.6565857557529574,0.754251380736103,-0.6,0.0,0.0,-2.425309528571382,-0.09478202361806742,-0.08250899925210664,0.0,0.0,0.0,0.0,0.00769446512245647,0.23458380370018092,0.008730997306123367,-2.3797063428988663,0.48000634,-0.9377334,2.2531543,-2.7108824,1.229235,-3.2594047,25.670074,0.002673966
circle,nmpc,68.3,-0.66437876,0.73842126,-0.5999487,1.925784e-05,-0.009597043,-2.4039888,0.12470582,0.00024434083,-0.0013070648,0.0018467107,0.0072039436,0.12589091,-0.666011867434252,0.7459411454241818,-0.6,0.0,0.0,-2.412743157956661,-0.09373772865256536,-0.08369351937742575,0.0,0.0,0.0,0.0,0.007695344105063501,0.23401892508910385,0.008754319760860163,-2.373059195472974,0.35358816,-0.9377064,2.2506506,-2.83477,1.1749831,-3.316242,26.483715,0.0027587202
circle,nmpc,68.4,-0.6735899,0.7300161,-0.5999508,7.356923e-05,-0.008856261,-2.391398,0.12468981,0.00025847333,-0.0012176193,0.0017514263,0.007410238,0.12590066,-0.6753328081210256,0.7375131173581729,-0.6,0.0,0.0,-2.4001767873428643,-0.09267863141310118,-0.08486482332570322,0.0,0.0,0.0,0.0,0.0076970959588813954,0.23344484903951912,0.00877883430941706,-2.3664012311871367,0.22701941,-0.9372309,2.248541,-2.9587536,1.1205751,-3.3732643,27.3747,0.0028515316
circle,nmpc,68.5,-0.6826927,0.7214957,-0.5999529,0.00012760685,-0.008096867,-2.3788064,0.124677636,0.00027030235,-0.001125594,0.0016555099,0.0076031974,0.12591088,-0.6845471059286892,0.728968627421411,-0.6,0.0,0.0,-2.3876104167284002,-0.09160489914339376,-0.08602272613472683,0.0,0.0,0.0,0.0,0.007699729976714439,0.23286452846621591,0.008804064113043797,-2.359733013035764,0.10024801,-0.9363855,2.2467833,-3.082922,1.066007,-3.4304676,28.34379,0.0029524781
circle,nmpc,68.60000000000001,-0.691686,0.7128614,-0.5999551,0.00018150723,-0.0073202197,-2.3662138,0.12466679,0.00028025688,-0.0010311834,0.0015586037,0.00778255,0.12592147,-0.6936533058128063,0.7203090248879057,-0.6,0.0,0.0,-2.375044046113975,-0.09051670139814672,-0.0871670449580364,0.0,0.0,0.0,0.0,0.007703197213684464,0.2322757583372577,0.008830247591025575,-2.353055299511357,-0.03143392,-0.93436307,2.246164,-3.2119622,1.0105284,-3.4886305,29.427689,0.0030653842
circle,nmpc,68.7,-0.70056874,0.7041186,-0.5999573,0.00023559274,-0.006527678,-2.35362,0.124631934,0.0002592657,-0.00093447964,0.0014627378,0.007948273,0.1259328,-0.7026499697988499,0.7115356772092847,-0.6,0.0,0.0,-2.362477675499677,-0.08941421001712468,-0.0882975990951218,0.0,0.0,0.0,0.0,0.007703652032145251,0.23164400114953168,0.008857623162030315,-2.346370769006466,-0.17255238,-0.9302952,2.2474425,-3.3502913,0.9540835,-3.547857,30.668238,0.0031946078
circle,nmpc,68.8,-0.7093402,0.69527996,-0.59995955,0.00029015722,-0.0057207164,-2.341025,0.12452028,0.00015391858,-0.00083542505,0.0013677996,0.008099287,0.12594536,-0.7115356772092855,0.7026499697988491,-0.6,0.0,0.0,-2.3499113048853273,-0.08829759909517731,-0.08941421001712468,0.0,0.0,0.0,0.0,0.007690175350338467,0.23089953882679246,0.008886190825879048,-2.3396880575268897,-0.3218009,-0.92453736,2.2501976,-3.496537,0.8989385,-3.6059933,32.05876,0.0033394545
circle,nmpc,68.9,-0.7180017,0.6863626,-0.5999618,0.00034449223,-0.0049002455,-2.3284287,0.124312125,-7.675183e-05,-0.00073370116,0.00126395,0.00824126,0.12595946,-0.7203090248879077,0.6936533058128042,-0.6,0.0,0.0,-2.337344934270538,-0.08716704495864702,-0.09051670139881285,0.0,0.0,0.0,0.0,0.007647165319741562,0.23000730897946212,0.008916189000762744,-2.3330154384709725,-0.46967146,-0.9190944,2.252533,-3.6412997,0.8497416,-3.6584454,33.504578,0.0034900599
circle,nmpc,69.0,-0.72655433,0.6773803,-0.5999639,0.0003951562,-0.0040668435,-2.3158307,0.124025784,-0.0004055497,-0.00062891655,0.0011239687,0.008377417,0.1259753,-0.7289686274214118,0.6845471059286884,-0.6,0.0,0.0,-2.3247785636565053,-0.08602272613533746,-0.09160489914400438,0.0,0.0,0.0,0.0,0.007562597871542478,0.22899365420196918,0.008947856106456431,-2.3263555972340537,-0.6069633,-0.9161779,2.2526038,-3.7757459,0.8110402,-3.7006235,34.890667,0.0036344447
circle,nmpc,69.10000000000001,-0.73499715,0.6683376,-0.59996575,0.0004350306,-0.0032210117,-2.3032308,0.12371103,-0.0007504462,-0.0005210403,0.0009111579,0.008508104,0.12599388,-0.7375131173581748,0.6753328081210235,-0.6,0.0,0.0,-2.3122121930421553,-0.08486482332636935,-0.09267863141376731,0.0,0.0,0.0,0.0,0.007434003976784029,0.22793628087624995,0.008981430560465853,-2.319703455666142,-0.7239201,-0.91715866,2.2494388,-3.8905184,0.7866053,-3.7286892,36.083218,0.003758669
circle,nmpc,69.2,-0.7433268,0.65922266,-0.59996706,0.00045324484,-0.0023630345,-2.2906287,0.123472,-0.0009852375,-0.00041054373,0.0005880566,0.008634595,0.12601659,-0.7459411454241826,0.6660118674342512,-0.6,0.0,0.0,-2.299645822427794,-0.08369351937798086,-0.09373772865323149,0.0,0.0,0.0,0.0,0.007275251140447475,0.22698181559678743,0.009017150781675642,-2.3130441345722703,-0.8093062,-0.92228574,2.243057,-3.9746497,0.7793544,-3.7395632,36.92646,0.0038465064
circle,nmpc,69.3,-0.75153774,0.6499995,-0.5999678,0.0004354816,-0.0014929029,-2.278024,0.123481154,-0.0009355946,-0.00029862678,0.000120224504,0.008758445,0.12604427,-0.7542513807361036,0.6565857557529566,-0.6,0.0,0.0,-2.2870794518133075,-0.08250899925210664,-0.09478202361806742,0.0,0.0,0.0,0.0,0.007123458209028401,0.22636074048843244,0.009055493607130758,-2.3063496411771824,-0.85055,-0.930449,2.2346306,-4.0156302,0.79118294,-3.7311368,37.255383,0.003880769
circle,nmpc,69.4,-0.75962174,0.64060056,-0.599968,0.00036489495,-0.00061077834,-2.265416,0.12397176,-0.00038440913,-0.00018719812,-0.0005176411,0.0088761505,0.12607612,-0.7624425110114483,0.6470559615694437,-0.6,0.0,0.0,-2.274513081198927,-0.08131144999934392,-0.09581135140324104,0.0,0.0,0.0,0.0,0.0070448532907062345,0.22637917919987166,0.009097174292798993,-2.299865651648918,-0.8349252,-0.93933004,2.226438,-4.000694,0.82298917,-3.7022142,36.92572,0.0038464293
circle,nmpc,69.5,-0.767571,0.63092184,-0.59996825,0.00022471666,0.0002826173,-2.2528048,0.1252438,0.00087941263,-7.890035e-05,-0.0013247567,0.008979973,0.12610872,-0.7705132427757893,0.6374239897486897,-0.6,0.0,0.0,-2.2619467105846938,-0.08010106072608991,-0.09682554946538469,0.0,0.0,0.0,0.0,0.007136939481113062,0.22740443444984063,0.009141954420142984,-2.2938581465639274,-0.75467056,-0.9464185,2.2210667,-3.9221563,0.8742704,-3.6529565,35.89012,0.0037385544
circle,nmpc,69.60000000000001,-0.7753781,0.6209256,-0.5999693,2.1660035e-05,0.0011676414,-2.2401917,0.12681413,0.0024038474,2.4420813e-05,-0.002066213,0.008878585,0.12612866,-0.778462301567024,0.6276913612906997,-0.6,0.0,0.0,-2.249380339970122,-0.07887802256673071,-0.09782445765083025,0.0,0.0,0.0,0.0,0.007435633448306025,0.2288120934558042,0.009188641895781391,-2.2878814674995827,-0.6133547,-0.950652,2.2196417,-3.7836487,0.9428294,-3.585293,34.266006,0.003569375
circle,nmpc,69.7,-0.7830393,0.61068386,-0.599972,-0.00021047723,0.0020037652,-2.227579,0.12785389,0.0034731312,0.00012259196,-0.0024686414,0.00836397,0.12612465,-0.786288432136619,0.6178596130903342,-0.6,0.0,0.0,-2.2368139693560125,-0.0776425286532767,-0.09880791822036716,0.0,0.0,0.0,0.0,0.007877136637161018,0.22954346919041876,0.009234852534723448,-2.281759248996355,-0.4254584,-0.9527484,2.2213497,-3.599557,1.0250381,-3.502807,32.30031,0.0033646154
circle,nmpc,69.8,-0.7905558,0.60032517,-0.5999761,-0.00042995973,0.0027463285,-2.2149694,0.1279302,0.003719414,0.00021551794,-0.0024474922,0.007399092,0.12609762,-0.793990398647835,0.6079302976946058,-0.6,0.0,0.0,-2.224247598741509,-0.07639477408444284,-0.09977577587422237,0.0,0.0,0.0,0.0,0.00834477194197309,0.22904146653207164,0.009278202150322379,-2.275534476884384,-0.20851128,-0.9537675,2.2248838,-3.387163,1.116616,-3.4098852,30.250278,0.0031510706
circle,nmpc,69.9,-0.79793394,0.58991903,-0.59998125,-0.000615031,0.003370466,-2.2023635,0.12751545,0.003497109,0.00030062482,-0.0021969127,0.006187174,0.12606163,-0.8015669848708769,0.5979049830575185,-0.6,0.0,0.0,-2.2116812281269285,-0.07513495589517305,-0.10072787777642978,0.0,0.0,0.0,0.0,0.008773530101972848,0.22788182312843186,0.009317737068578857,-2.2692446645048703,0.023771267,-0.9537469,2.229945,-3.1599212,1.2135451,-3.3107893,28.301971,0.002948122
circle,nmpc,70.0,-0.80518055,0.57949835,-0.5999867,-0.00075706874,0.0038636485,-2.1897612,0.12688978,0.003036821,0.00037520283,-0.0018451327,0.0048543187,0.1260252,-0.8090169943749472,0.5877852522924734,-0.6,0.0,0.0,-2.199114857512655,-0.07386327302544293,-0.10166407357908858,0.0,0.0,0.0,0.0,0.009131879614585246,0.2264160031303468,0.009353695708455678,-2.262911632725803,0.2604704,-0.95329833,2.235659,-2.9284873,1.3123881,-3.209192,26.572107,0.002767928
circle,nmpc,70.10000000000001,-0.8123013,0.5690733,-0.599992,-0.00085581955,0.004221594,-2.1771622,0.12622292,0.0024881007,0.0004369762,-0.0014742925,0.0034840717,0.12599283,-0.8163392507171844,0.5775727034222671,-0.6,0.0,0.0,-2.186548486898387,-0.07257992628861842,-0.10258421544595553,0.0,0.0,0.0,0.0,0.00940982546424498,0.22486208129733076,0.00938631648823085,-2.2565447719595015,0.4944799,-0.95229614,2.2419553,-2.6997721,1.4103994,-3.1080673,25.115818,0.002616231
circle,nmpc,70.2,-0.81929886,0.5586412,-0.5999967,-0.00091612805,0.004445185,-2.1645656,0.1256004,0.001949757,0.00048442115,-0.0011348601,0.002128105,0.1259666,-0.8235325976284283,0.5672689491267552,-0.6,0.0,0.0,-2.1739821162844555,-0.07128511834009199,-0.10348815807598166,0.0,0.0,0.0,0.0,0.00961054902436169,0.2233412075250924,0.009416553082551182,-2.250148448680427,0.7222874,-0.9494333,2.2499645,-2.4771109,1.5054599,-3.0096755,23.946098,0.0024943852
circle,nmpc,70.3,-0.8261751,0.5481941,-0.60000074,-0.0009446172,0.004538354,-2.1519709,0.12506017,0.001456974,0.00051660364,-0.0008447456,0.00081630837,0.1259462,-0.8305958991958131,0.5568756164881873,-0.6,0.0,0.0,-2.161415745669846,-0.06997905364491963,-0.10437575872618288,0.0,0.0,0.0,0.0,0.009742282601351635,0.2219034323606625,0.009444882327561022,-2.243725507140422,0.94181144,-0.9436268,2.2606754,-2.2624912,1.5960491,-2.9156797,23.055521,0.002401617
circle,nmpc,70.4,-0.83293134,0.53772116,-0.6000041,-0.00094846624,0.004507078,-2.1393776,0.12462617,0.0010267874,0.00053324853,-0.0006100144,-0.00043171935,0.12593083,-0.8375280400421428,0.5463943467342676,-0.6,0.0,0.0,-2.1488493750557347,-0.0686619384460685,-0.10524687723417747,0.0,0.0,0.0,0.0,0.009816001689373932,0.22057803134329526,0.009471781061594077,-2.237278496504305,1.1524798,-0.93357664,2.275341,-2.0564382,1.6811404,-2.8271885,22.425117,0.0023359498
circle,nmpc,70.5,-0.839569,0.5272094,-0.60000676,-0.0009346458,0.004358604,-2.1267855,0.12431708,0.0006653007,0.00053455035,-0.0004293354,-0.0016041673,0.12591943,-0.8443279255020156,0.5358267949789957,-0.6,0.0,0.0,-2.136283004441267,-0.06733398073111019,-0.10610137604016856,0.0,0.0,0.0,0.0,0.009844143196091322,0.2193844525080832,0.009497487702375462,-2.230803809588437,1.3553416,-0.91738224,2.2958636,-1.857905,1.7601024,-2.744882,22.03368,0.0022951749
circle,nmpc,70.60000000000001,-0.8460869,0.51664907,-0.6000087,-0.0009094813,0.0040996824,-2.114194,0.12409713,0.0003731669,0.00052105804,-0.00029716585,-0.0027068998,0.12591118,-0.850994481794693,0.5251746299612939,-0.6,0.0,0.0,-2.1237166338266897,-0.06599539020002432,-0.10693912020892649,0.0,0.0,0.0,0.0,0.009837147079473979,0.21829192645433984,0.009522717505888956,-2.2243005113454872,1.5509723,-0.89410764,2.3231485,-1.6662842,1.8325944,-2.6691003,21.860964,0.0022771836
circle,nmpc,70.7,-0.85248345,0.50603175,-0.6000102,-0.0008783183,0.0037369097,-2.101603,0.123951636,0.00014453949,0.0004933734,-0.00020455697,-0.0037422394,0.12590508,-0.8575266561936529,0.5144395337815053,-0.6,0.0,0.0,-2.111150263212043,-0.06464637823178077,-0.10775997745093857,0.0,0.0,0.0,0.0,0.00980432659404966,0.21728515656031241,0.009547232053595867,-2.2177656745410603,1.7398466,-0.86332905,2.3576603,-1.4811431,1.898522,-2.5999653,21.888954,0.0022800996
circle,nmpc,70.8,-0.85875607,0.49535298,-0.6000113,-0.00084520946,0.0032761106,-2.0890124,0.12384645,-3.6095673e-05,0.0004522705,-0.0001394083,-0.004718573,0.12590046,-0.8639234171928356,0.5036232016357605,-0.6,0.0,0.0,-2.098583892598085,-0.06328715785108852,-0.10856381814328131,0.0,0.0,0.0,0.0,0.009751828584943872,0.21632720099556035,0.009571508183412014,-2.211198713847885,1.922337,-0.8248837,2.3995645,-1.3021119,1.9579324,-2.537425,22.101242,0.0023022129
circle,nmpc,70.9,-0.86490196,0.48460993,-0.60001194,-0.00081330247,0.0027228037,-2.0764222,0.123767264,-0.00017643305,0.00039852248,-9.339905e-05,-0.00563948,0.12589692,-0.8701837546695264,0.4927273415482903,-0.6,0.0,0.0,-2.0860175219837553,-0.06191794369447834,-0.10935051535024276,0.0,0.0,0.0,0.0,0.009684515539331105,0.21540226436130858,0.009595307475698702,-2.2046000237004812,2.098763,-0.7789086,2.4487667,-1.1289127,2.0109878,-2.481293,22.483294,0.0023420097
circle,nmpc,71.0,-0.87091845,0.47380036,-0.60001236,-0.0007850552,0.0020823965,-2.0638323,0.12371066,-0.00028026025,0.00033285213,-6.0328566e-05,-0.006506464,0.12589444,-0.8763066800438639,0.48175367410171466,-0.6,0.0,0.0,-2.0734511513689884,-0.06053895197671855,-0.11011994484319554,0.0,0.0,0.0,0.0,0.009606681690646027,0.21450591460005902,0.009618868348968855,-2.1979686471282673,2.2693756,-0.7257404,2.5049453,-0.96131045,2.0579512,-2.431312,23.022074,0.002398133
circle,nmpc,71.10000000000001,-0.8768026,0.46292388,-0.6000125,-0.0007621825,0.0013598483,-2.0512424,0.123660445,-0.00035493844,0.0002560221,-3.3444663e-05,-0.007324318,0.12589297,-0.8822912264349541,0.4707039321653311,-0.6,0.0,0.0,-2.0608847807548876,-0.059150400457175234,-0.11087198512110819,0.0,0.0,0.0,0.0,0.009521242766590776,0.2136208989045033,0.009642429222905147,-2.1913035858863488,2.4343758,-0.6658066,2.5677533,-0.79918456,2.0993474,-2.3869286,23.706224,0.0024693983
circle,nmpc,71.2,-0.88255113,0.45198217,-0.60001236,-0.0007458709,0.00055967405,-2.0386524,0.123598054,-0.00040785235,0.00016867384,-8.086792e-06,-0.008097699,0.12589295,-0.8881364488135449,0.45957986062148704,-0.6,0.0,0.0,-2.04831841014052,-0.05775250840323043,-0.11160651742650463,0.0,0.0,0.0,0.0,0.009429782396784324,0.21272799079698548,0.00966599009657454,-2.1849206335385096,2.5935054,-0.59915674,2.637124,-0.64277595,2.1362703,-2.3470387,24.525085,0.0025546963
circle,nmpc,71.3,-0.8881621,0.44097722,-0.6000121,-0.00073721,-0.00031349246,-2.0260623,0.123527154,-0.0004501423,7.140312e-05,1.6145026e-05,-0.0088255685,0.12589486,-0.8938414241512639,0.4483832160900321,-0.6,0.0,0.0,-2.035752039526327,-0.05634549655875176,-0.11232342576902865,0.0,0.0,0.0,0.0,0.009332951184666092,0.21182494467549165,0.009689789388998005,-2.1791362241255094,2.7476885,-0.5270248,2.7118247,-0.49116126,2.169851,-2.310519,25.469532,0.0026530763
circle,nmpc,71.4,-0.89363337,0.42991087,-0.6000117,-0.0007376133,-0.0012550189,-2.0134716,0.12344913,-0.00048117831,-3.515693e-05,3.543698e-05,-0.00950808,0.12589899,-0.8994052515663715,0.4371157666509319,-0.6,0.0,0.0,-2.0231856689116134,-0.054929587107122035,-0.11302259694054295,0.0,0.0,0.0,0.0,0.009231758391768475,0.21091358305677213,0.009714065518058757,-2.1733883870362645,2.8979886,-0.45091256,2.7903285,-0.3432529,2.2010946,-2.276342,26.531965,0.0027637463
circle,nmpc,71.5,-0.8989626,0.41878358,-0.6000112,-0.0007489442,-0.002260073,-2.0008802,0.123375535,-0.00049075024,-0.00015043502,4.4714146e-05,-0.010143416,0.12590525,-0.9048270524660197,0.4257792915650723,-0.6,0.0,0.0,-2.010619298297128,-0.053505003636933335,-0.11370392053375311,0.0,0.0,0.0,0.0,0.009128624019075412,0.21000945100199359,0.009739056903085075,-2.1676714529639156,3.0466611,-0.3733724,2.8702004,-0.19691207,2.2310174,-2.2435029,27.709122,0.0028863663
circle,nmpc,71.60000000000001,-0.90414476,0.40759474,-0.60001075,-0.00077349856,-0.003324007,-1.9882882,0.123304866,-0.00045013038,-0.00027378942,3.904895e-05,-0.010733642,0.12591352,-0.9101059706849962,0.4143755809932829,-0.6,0.0,0.0,-1.9980529276831673,-0.0520719711065154,-0.11436728895986015,0.0,0.0,0.0,0.0,0.009028615656642168,0.20912730348482908,0.00976476354437339,-2.1619804201751203,3.1952052,-0.29595023,2.949991,-0.05073627,2.2604954,-2.2111266,29.000866,0.0030209234
circle,nmpc,71.7,-0.90917593,0.3963444,-0.6000102,-0.0008122294,-0.0044422927,-1.9756949,0.12323975,-0.00037360127,-0.00040456565,3.1290376e-05,-0.011280262,0.12592292,-0.9152411726209178,0.40290643571366214,-0.6,0.0,0.0,-1.9854865570689189,-0.05063071580779788,-0.1150125974643812,0.0,0.0,0.0,0.0,0.008935750743033816,0.2082623378539638,0.009791662278269442,-2.1563133316902805,3.3446648,-0.21947223,3.0289006,0.0962916,2.2902377,-2.178485,30.409447,0.0031676507
circle,nmpc,71.8,-0.9140553,0.38503227,-0.6000097,-0.0008645723,-0.005610347,-1.9631006,0.123194516,-0.00028634668,-0.0005421709,3.604648e-05,-0.011782834,0.12593265,-0.9202318473658703,0.3913736668372026,-0.6,0.0,0.0,-1.9729201864541763,-0.04918146533244849,-0.11563974414735556,0.0,0.0,0.0,0.0,0.008852307104864272,0.20741306394546952,0.009819633895277402,-2.1506667456856343,3.4957292,-0.14450316,3.1064,0.24482591,2.3208075,-2.1450186,31.937916,0.0033268668
circle,nmpc,71.9,-0.9187828,0.37365955,-0.60000914,-0.0009291112,-0.006824173,-1.9505051,0.12315945,-0.00020287198,-0.00068603357,6.12587e-05,-0.012247154,0.12594247,-0.9250772068344584,0.3797790955218004,-0.6,0.0,0.0,-1.9603538158400604,-0.04772444853368141,-0.11624862997419716,0.0,0.0,0.0,0.0,0.008778885697088332,0.20656329898645764,0.00984867839651793,-2.145037394175077,3.6497762,-0.07120903,3.1823547,0.39621237,2.3526793,-2.110267,33.59863,0.0034998572
circle,nmpc,72.0,-0.92335826,0.3622288,-0.60000867,-0.0010040374,-0.0080805,-1.9379084,0.123121835,-0.0001269219,-0.00083563436,0.000110351866,-0.012680298,0.1259524,-0.9297764858882513,0.368124552684678,-0.6,0.0,0.0,-1.9477874452254798,-0.04625989549117415,-0.11683915879473483,0.0,0.0,0.0,0.0,0.008715127700382628,0.20570030444104598,0.009879034199478776,-2.139425639691659,3.808913,0.0005640916,3.2569783,0.55249864,2.3861654,-2.073956,35.416058,0.0036891727
circle,nmpc,72.10000000000001,-0.9277821,0.35073954,-0.60000825,-0.0010873497,-0.009376008,-1.9253104,0.1231114,-5.2559983e-05,-0.0009903911,0.0001848452,-0.01308156,0.12596259,-0.9343289424566124,0.35641187871324975,-0.6,0.0,0.0,-1.935221074611016,-0.044788037474929876,-0.117411237357673,0.0,0.0,0.0,0.0,0.008662356255156963,0.20485180042218118,0.009910701304741476,-2.1338303889744914,3.973373,0.07050759,3.3300447,0.71383595,2.4210625,-2.0362935,37.39946,0.003895777
circle,nmpc,72.2,-0.9320544,0.3391884,-0.6000077,-0.0011770012,-0.010707494,-1.912711,0.12315361,3.2999564e-05,-0.001149717,0.00028478616,-0.013451845,0.1259736,-0.9387338576538742,0.34464292317451684,-0.6,0.0,0.0,-1.9226547039969801,-0.04330910690841794,-0.1179647753251356,0.0,0.0,0.0,0.0,0.008623634074483435,0.2040456652815617,0.009943679712617337,-2.1282500107757665,4.141638,0.13813066,3.40106,0.8787084,2.4565787,-1.9980394,39.53852,0.0041185957
circle,nmpc,72.3,-0.93617517,0.32756898,-0.60000706,-0.00127071,-0.012071572,-1.9001101,0.123277545,0.00013860158,-0.0013131291,0.0004121294,-0.013789072,0.12598586,-0.9429905358928643,0.3328195445229872,-0.6,0.0,0.0,-1.9100883333825678,-0.04182333733182553,-0.11849968528709898,0.0,0.0,0.0,0.0,0.008603356517846276,0.20331027705744,0.00997820784088077,-2.1226766069906424,4.3108406,0.20310216,3.4695399,1.0444031,2.4914212,-1.9604961,41.803806,0.004354563
circle,nmpc,72.4,-0.94014347,0.31587905,-0.6000061,-0.0013653951,-0.013465923,-1.8875076,0.12344216,0.00025540037,-0.001480175,0.00057444477,-0.0141036315,0.1259991,-0.9470983049947445,0.3209436098072091,-0.6,0.0,0.0,-1.897521962767999,-0.0403309633654203,-0.11901588277507535,0.0,0.0,0.0,0.0,0.008603465582169314,0.2026066761417494,0.010014404899041374,-2.1171025774846903,4.4765573,0.26492277,3.5346754,1.2068049,2.52391,-1.9253212,44.137043,0.0045976085
circle,nmpc,72.5,-0.94395894,0.30412272,-0.6000048,-0.001456916,-0.014888838,-1.8749032,0.123588085,0.00035980195,-0.0016506424,0.0007820223,-0.014401222,0.12601182,-0.9510565162951534,0.3090169943749478,-0.6,0.0,0.0,-1.8849555921537586,-0.03883222067241343,-0.11951328627549107,0.0,0.0,0.0,0.0,0.008621461468872335,0.20187282544540303,0.010052390096873864,-2.1115211512646788,4.632707,0.32261127,3.595053,1.3602655,2.552194,-1.8943454,46.44302,0.0048378147
circle,nmpc,72.60000000000001,-0.94762266,0.2923133,-0.6000032,-0.0015398507,-0.016338706,-1.8622975,0.123632774,0.0004087125,-0.0018245392,0.0010474183,-0.0146822985,0.12602128,-0.9548645447466432,0.2970415815770343,-0.6,0.0,0.0,-1.8723892215395468,-0.037327345921600585,-0.11999181724253738,0.0,0.0,0.0,0.0,0.008648787566132075,0.20101685659512147,0.010091686596919835,-2.105927365160422,4.771496,0.37445128,3.6485178,1.4974298,2.5744483,-1.8693609,48.58366,0.0050607976
circle,nmpc,72.7,-0.9511394,0.28047693,-0.6000017,-0.0016074225,-0.017813543,-1.8496913,0.123460755,0.00033606784,-0.0020021237,0.0013839061,-0.014942436,0.12602381,-0.9585217890173764,0.28501926246997455,-0.6,0.0,0.0,-1.8598228509250059,-0.03581657675011396,-0.12045140011066047,0.0,0.0,0.0,0.0,0.00866790723535926,0.19990720157989422,0.01013157914308449,-2.1003160467038287,4.8837056,0.41767806,3.691945,1.6094391,2.5891109,-1.8519089,50.37885,0.0052477974
circle,nmpc,72.8,-0.9545178,0.26865947,-0.60000116,-0.0016518097,-0.019311082,-1.8370852,0.12288959,5.7625384e-05,-0.0021838788,0.0018015826,-0.015177966,0.12601566,-0.9620276715860862,0.27295193551732444,-0.6,0.0,0.0,-1.8472564803108407,-0.034300151726007755,-0.12089196230638533,0.0,0.0,0.0,0.0,0.00865006855300618,0.19834865266173246,0.010171233271045743,-2.0947024935951157,4.9601135,0.44874972,3.7216692,1.6871947,2.595091,-1.8430585,51.63291,0.0053784284
circle,nmpc,72.9,-0.9577684,0.2569011,-0.6000025,-0.0016683133,-0.020822149,-1.8244808,0.121970445,-0.00041394366,-0.0023700187,0.0022688645,-0.015318811,0.12599571,-0.9653816388332743,0.26084150628989516,-0.6,0.0,0.0,-1.8346901096968369,-0.03277831031034406,-0.12131343425983432,0.0,0.0,0.0,0.0,0.00857255059172718,0.19639114302779637,0.010209337678404262,-2.0891196870681927,4.995048,0.46509647,3.735298,1.7248474,2.5920072,-1.8432033,52.21027,0.0054385695
circle,nmpc,73.0,-0.9608988,0.24520025,-0.6000061,-0.0016596597,-0.022324214,-1.8118789,0.12109294,-0.00093229115,-0.002559148,0.0027103242,-0.015230833,0.12596604,-0.9685831611286314,0.24868988716485377,-0.6,0.0,0.0,-1.8221237390818956,-0.031251292819389764,-0.12171574941573227,0.0,0.0,0.0,0.0,0.008439595948484225,0.19443239868542775,0.010244819480455192,-2.083571954806655,4.9882135,0.46638817,3.732851,1.7217515,2.5802796,-1.8519788,52.086067,0.0054256315
circle,nmpc,73.10000000000001,-0.9639122,0.23353446,-0.60001177,-0.0016327697,-0.023789681,-1.7992805,0.12044753,-0.0014051326,-0.002748088,0.003081172,-0.0148637025,0.12592867,-0.9716317329146744,0.23649899702372268,-0.6,0.0,0.0,-1.8095573684675252,-0.02971934038709101,-0.12209884424380091,0.0,0.0,0.0,0.0,0.008269220290852242,0.19267748541676225,0.010276844213680025,-2.078045081286258,4.9437604,0.4540389,3.7161624,1.6816376,2.56106,-1.8683267,51.33436,0.0053473287
circle,nmpc,73.2,-0.96680564,0.22187501,-0.60001904,-0.0015967257,-0.02519152,-1.7866861,0.120082125,-0.0017687612,-0.0029329504,0.0033563445,-0.01422394,0.12588608,-0.9745268727865775,0.22427076094937995,-0.6,0.0,0.0,-1.7969909978532363,-0.028182694926437435,-0.1224626582489452,0.0,0.0,0.0,0.0,0.008084396064289642,0.19120166273130262,0.010304935040431173,-2.0725209396410076,4.8687167,0.4304176,3.6879947,1.6111405,2.5360568,-1.8906262,50.09279,0.0052179988
circle,nmpc,73.3,-0.9695728,0.21019109,-0.6000273,-0.0015607384,-0.026505345,-1.7740959,0.12001446,-0.0019952385,-0.0031099278,0.0035311931,-0.0133392075,0.12584065,-0.9772681235681936,0.21200710992205415,-0.6,0.0,0.0,-1.784424627239337,-0.026641599091603574,-0.12280713398073184,0.0,0.0,0.0,0.0,0.007906766947291316,0.19003469443840457,0.01032873433314796,-2.0669768858081463,4.771733,0.39848256,3.6516562,1.5185602,2.5073435,-1.9168998,48.530117,0.0050552203
circle,nmpc,73.4,-0.9722052,0.19845696,-0.6000359,-0.0015327012,-0.027711976,-1.76151,0.12019533,-0.002086172,-0.0032757132,0.0036158878,-0.012262651,0.1257947,-0.9798550523842472,0.19970998051440556,-0.6,0.0,0.0,-1.7718582566244983,-0.025096296239313087,-0.1231322170424376,0.0,0.0,0.0,0.0,0.007751855586080519,0.18913627814242873,0.01034824209050167,-2.06139433642947,4.662073,0.36142364,3.6105964,1.4129009,2.4771616,-1.9449686,46.81748,0.004876821
circle,nmpc,73.5,-0.9746943,0.18665187,-0.60004413,-0.0015186137,-0.028797735,-1.7489285,0.12058025,-0.0020567272,-0.003427823,0.0036270248,-0.011050328,0.12575038,-0.9822872507286888,0.18738131458572393,-0.6,0.0,0.0,-1.7592918860101379,-0.02354703039098016,-0.1234378560996674,0.0,0.0,0.0,0.0,0.007628024673029485,0.1884616697313714,0.010363339104620284,-2.055757932975296,4.548906,0.32254353,3.5683296,1.3031207,2.4477563,-1.9726261,45.110447,0.0046990043
circle,nmpc,73.60000000000001,-0.9770329,0.17476188,-0.60005146,-0.0015220173,-0.02975503,-1.7363509,0.12110985,-0.0019421017,-0.0035646774,0.0035875388,-0.009763878,0.12570956,-0.9845643345292057,0.17502305897527437,-0.6,0.0,0.0,-1.7467255153957901,-0.02199404619374068,-0.12372400288936103,0.0,0.0,0.0,0.0,0.007536137799751735,0.1879421817419823,0.01037462142148593,-2.0500585424751074,4.4412103,0.28529105,3.5284224,1.1980793,2.4212766,-1.9977305,43.544403,0.0045358757
circle,nmpc,73.7,-0.97921544,0.16277812,-0.60005736,-0.0015444851,-0.03058205,-1.7237767,0.121740095,-0.0017719601,-0.003685565,0.0035162347,-0.008461494,0.1256739,-0.9866859442078683,0.1626371651948827,-0.6,0.0,0.0,-1.734159144781485,-0.020437588881483393,-0.1239906122238732,0.0,0.0,0.0,0.0,0.0074720510107474485,0.1875246016139052,0.010382446668997236,-2.0442925406266363,4.3479886,0.25315332,3.4944947,1.1066482,2.399686,-2.018274,42.23718,0.004399706
circle,nmpc,73.8,-0.9812374,0.15069461,-0.6000616,-0.0015862072,-0.031282376,-1.7112051,0.122446656,-0.0015646594,-0.0037906033,0.0034267958,-0.007197313,0.12564501,-0.9886517447379141,0.15022558912075692,-0.6,0.0,0.0,-1.721592774167383,-0.018877904237046828,-0.1242376420033664,0.0,0.0,0.0,0.0,0.007429408504741516,0.18717815236156224,0.010387649312341596,-2.0384575645702117,4.2765703,0.2288402,3.4693646,1.0360466,2.384598,-2.0326076,41.269104,0.0042988653
circle,nmpc,73.9,-0.9830942,0.13851,-0.600064,-0.0016465249,-0.031865224,-1.6986356,0.123184405,-0.0013271822,-0.0038805183,0.0033282314,-0.0060277465,0.12562446,-0.9904614256966514,0.13779029068463694,-0.6,0.0,0.0,-1.7090264035528622,-0.017315238552639833,-0.12446505321898893,0.0,0.0,0.0,0.0,0.007402558196597635,0.18686397090621812,0.010390825397344594,-2.032554099397906,4.232389,0.21427754,3.4550447,0.99162275,2.377141,-2.0395393,40.690205,0.004238563
circle,nmpc,74.0,-0.9847812,0.12622738,-0.60006446,-0.0017240361,-0.032344695,-1.6860671,0.12391167,-0.0010661612,-0.003956641,0.0032292006,-0.0050015505,0.12561347,-0.9921147013144779,0.1253332335643039,-0.6,0.0,0.0,-1.6964600329381612,-0.015749838591316845,-0.12467280995985541,0.0,0.0,0.0,0.0,0.007388085612600286,0.18654649817629415,0.010392928598561557,-2.0265882637730543,4.2189994,0.21070321,3.4527645,0.9769389,2.3779354,-2.0383775,40.529903,0.004221865
circle,nmpc,74.10000000000001,-0.9862944,0.11385028,-0.6000632,-0.0018166605,-0.032738075,-1.6734985,0.12462515,-0.00078913075,-0.0040207743,0.003138302,-0.004150375,0.12561266,-0.9936113105200085,0.11285638487348035,-0.6,0.0,0.0,-1.6838936623238614,-0.014181951547953542,-0.12486087941877833,0.0,0.0,0.0,0.0,0.007384386739759151,0.18621862388582855,0.010395151009469306,-2.0205653799994545,4.2383556,0.21894076,3.4632208,0.994076,2.3871388,-2.0289314,40.808674,0.0042509036
circle,nmpc,74.2,-0.9876305,0.101385914,-0.6000603,-0.0019217221,-0.033065807,-1.6609291,0.12529045,-0.0005040926,-0.0040748804,0.0030636725,-0.0035055378,0.12562183,-0.9949510169813002,0.10036171485121433,-0.6,0.0,0.0,-1.6713272917099693,-0.012611825010000466,-0.12502923189652154,0.0,0.0,0.0,0.0,0.007392075780205903,0.18584981400567208,0.010398207885811583,-2.0144917339912336,4.2904634,0.23904802,3.4862812,1.0432308,2.4044635,-2.0114198,41.534966,0.004326558
circle,nmpc,74.3,-0.9887881,0.08884655,-0.600056,-0.002035554,-0.033350706,-1.6483576,0.12585925,-0.00023489921,-0.0041212505,0.003017758,-0.0030904328,0.12563959,-0.9961336091431724,0.0878511965507434,-0.6,0.0,0.0,-1.6587609210953114,-0.011039706918680725,-0.12517784081004374,0.0,0.0,0.0,0.0,0.007412823831422788,0.18538890629421412,0.010403291319310391,-2.0083738258044925,4.3732777,0.27028042,3.5209112,1.1226476,2.4292808,-1.9864182,42.703026,0.004448232
circle,nmpc,74.4,-0.9897686,0.07625271,-0.60005105,-0.002153686,-0.033617377,-1.6357837,0.1262509,-8.785509e-06,-0.0041624103,0.0030113976,-0.002922503,0.12566367,-0.997158900260614,0.07532680552793196,-0.6,0.0,0.0,-1.6461945504812892,-0.00946584552974361,-0.125306682691409,0.0,0.0,0.0,0.0,0.007448226409981681,0.1847590912015269,0.01041087814852548,-2.002218050836176,4.4824615,0.31064942,3.564841,1.2282705,2.4607217,-1.9547734,44.281998,0.004612708
circle,nmpc,74.5,-0.9905781,0.06363734,-0.6000463,-0.002270436,-0.033891495,-1.6232069,0.12634327,0.00012370393,-0.0042011025,0.0030596992,-0.0030119172,0.12569086,-0.9980267284282716,0.06279051952931339,-0.6,0.0,0.0,-1.633628179866724,-0.007890489373996168,-0.12541573719496157,0.0,0.0,0.0,0.0,0.0074967383756903,0.18383824792405357,0.010421326000146891,-1.9960399700848308,4.6116095,0.35699138,3.6147048,1.3538966,2.4977217,-1.9174861,46.208878,0.0048134252
circle,nmpc,74.60000000000001,-0.99122685,0.05103774,-0.6000429,-0.0023801448,-0.034196235,-1.610627,0.12609157,0.00013180153,-0.0042403825,0.0031655752,-0.0033328366,0.12571849,-0.9987369566060176,0.05024431817976857,-0.6,0.0,0.0,-1.6210618092525473,-0.006313887218556413,-0.12550498709975114,0.0,0.0,0.0,0.0,0.0075520215092234584,0.18257543238826643,0.010434754084395426,-1.9898706456055326,4.754531,0.40632066,3.667444,1.4934083,2.5391943,-1.8756186,48.416527,0.005043388
circle,nmpc,74.7,-0.9917224,0.038472008,-0.6000412,-0.0024800522,-0.034546293,-1.5980443,0.12568201,6.211946e-05,-0.004282963,0.003302926,-0.0037998892,0.12574558,-0.9992894726405892,0.03769018266993433,-0.6,0.0,0.0,-1.6084954386377344,-0.004736288027051838,-0.1255744183121764,0.0,0.0,0.0,0.0,0.0076074609714990886,0.18114032179954667,0.010451162400246572,-1.9837279946776898,4.9062457,0.45641598,3.7208157,1.641847,2.5841105,-1.8301561,50.846794,0.0052965414
circle,nmpc,74.8,-0.9920697,0.025947489,-0.6000415,-0.002569544,-0.03495075,-1.5854586,0.12521847,-4.8797247e-05,-0.004330661,0.003452108,-0.00435652,0.12577137,-0.9996841892832999,0.02513009544333806,-0.6,0.0,0.0,-1.5959290680233513,-0.003157940920817115,-0.12562401986824545,0.0,0.0,0.0,0.0,0.007658327415296152,0.1796340529991902,0.010470431739476815,-1.977623830591704,5.063367,0.50593394,3.7734885,1.7958133,2.6316147,-1.7819554,53.458576,0.0055686017
circle,nmpc,74.9,-0.9922717,0.013463102,-0.6000436,-0.0026493059,-0.035414252,-1.5728701,0.124783084,-0.00017812646,-0.0043845843,0.0036012386,-0.0049582417,0.12579519,-0.9999210442038161,0.012566039883352193,-0.6,0.0,0.0,-1.5833626974093276,-0.0015790951391481123,-0.12565378393529764,0.0,0.0,0.0,0.0,0.007701867395461151,0.1781313152250401,0.010492562102015546,-1.9715616049468987,5.2237883,0.5542096,3.824816,1.9531832,2.6810114,-1.7317013,56.225864,0.0058568604
circle,nmpc,75.0,-0.99232954,0.001015854,-0.60004735,-0.0027208563,-0.035939112,-1.5602791,0.124394044,-0.00030802973,-0.004445337,0.0037425675,-0.005581944,0.12581663,-1.0,3.6739403974420594e-16,-0.6,0.0,0.0,-1.5707963267948966,0.0,-0.1256637058132411,0.0,0.0,0.0,0.0,0.007737582993272886,0.17665696929694652,0.010517195859227613,-1.9655429607041859,5.3861046,0.60085803,3.874454,2.1125097,2.7317617,-1.6799445,59.129974,0.006159373
circle,nmpc,75.10000000000001,-0.99224323,-0.011398995,-0.6000525,-0.0027859681,-0.036525685,-1.5476859,0.1240687,-0.00043074315,-0.0045132167,0.0038738365,-0.0062081357,0.12583543,-0.9999210442038161,-0.012566039883355012,-0.6,0.0,0.0,-1.5582299561804656,0.0015790951391481123,-0.12565378393529675,0.0,0.0,0.0,0.0,0.007766181331734658,0.17522808653907854,0.010544094592941144,-1.9595662748463534,5.549256,0.6457166,3.9222665,2.2727075,2.7834263,-1.6271218,62.155556,0.0064745364
circle,nmpc,75.2,-0.9920127,-0.02378509,-0.6000588,-0.0028463476,-0.037173323,-1.5350904,0.12379622,-0.0005446397,-0.0045883316,0.003995741,-0.006827022,0.12585153,-0.9996841892832999,-0.0251300954433391,-0.6,0.0,0.0,-1.5456635855664418,0.003157940920817115,-0.12562401986824545,0.0,0.0,0.0,0.0,0.007788745557307122,0.17383756158219846,0.01057313909427382,-1.9536325477348508,5.7150517,0.689196,3.9688442,2.4354053,2.8358812,-1.5733948,65.337524,0.006805992
circle,nmpc,75.3,-0.99163646,-0.036149163,-0.60006595,-0.0029035674,-0.03788,-1.5224931,0.123608105,-0.0006401618,-0.0046705697,0.004109566,-0.007425047,0.12586556,-0.9992894726405892,-0.037690182669935374,-0.6,0.0,0.0,-1.5330972149516175,0.004736288027107349,-0.1255744183121764,0.0,0.0,0.0,0.0,0.00780690523170687,0.17251345313930497,0.010604090943438838,-1.9477393124683273,5.8856063,0.73165786,4.014812,2.602454,2.8888807,-1.5190498,68.720314,0.0071583665
circle,nmpc,75.4,-0.99111015,-0.048499968,-0.6000735,-0.0029591501,-0.038643226,-1.5098939,0.12352655,-0.00069289457,-0.004759535,0.0042156195,-0.007997805,0.12587924,-0.9987369566060174,-0.05024431817977139,-0.6,0.0,0.0,-1.5205308443372458,0.006313887218556413,-0.12550498709975114,0.0,0.0,0.0,0.0,0.007824091120898116,0.17128782831449021,0.010636950141689194,-1.941877875361697,6.061185,0.77305776,4.0602837,2.7739608,2.9416416,-1.4649202,72.31558,0.0075328737
circle,nmpc,75.5,-0.99042755,-0.060843118,-0.6000812,-0.003013968,-0.03946137,-1.4972926,0.1235229,-0.0006848121,-0.0048546614,0.004320168,-0.008554009,0.12589443,-0.9980267284282714,-0.06279051952931443,-0.6,0.0,0.0,-1.507964473723069,0.007890489373996168,-0.12541573719496157,0.0,0.0,0.0,0.0,0.007845153031843136,0.17015353600295105,0.01067183589805687,-1.936043304117695,6.239971,0.8132561,4.105072,2.9481575,2.9926548,-1.4125746,76.09323,0.007926377
circle,nmpc,75.60000000000001,-0.98958117,-0.07318679,-0.6000885,-0.0030676676,-0.040331952,-1.4846889,0.12362584,-0.0006088942,-0.0049553183,0.004435315,-0.009085349,0.12591228,-0.9971589002606138,-0.07532680552793476,-0.6,0.0,0.0,-1.4953981031085,0.00946584552974361,-0.12530668269140205,0.0,0.0,0.0,0.0,0.007874612056517577,0.16913484958168667,0.010709225049112758,-1.930225374871591,6.418545,0.8523887,4.149,3.1219358,3.039702,-1.3642778,79.98601,0.008331876
circle,nmpc,75.7,-0.9885655,-0.085535415,-0.6000948,-0.0031177094,-0.04125294,-1.4720825,0.12379887,-0.00048541525,-0.0050607864,0.0045825946,-0.00959627,0.12593223,-0.9961336091431724,-0.08785119655074443,-0.6,0.0,0.0,-1.4828317324944869,0.011039706918680725,-0.12517784081005068,0.0,0.0,0.0,0.0,0.007915051464285687,0.1681916802583902,0.010749236805094764,-1.9244139275264247,6.589276,0.8903467,4.191271,3.2883542,3.0797303,-1.32307,83.826546,0.008731932
circle,nmpc,75.8,-0.98737985,-0.09788712,-0.60010004,-0.0031591228,-0.042222347,-1.4594736,0.12397655,-0.0003582212,-0.0051706405,0.0047859475,-0.010086794,0.12595125,-0.9949510169813001,-0.10036171485121537,-0.6,0.0,0.0,-1.470265361879824,0.012611825010000466,-0.12502923189652154,0.0,0.0,0.0,0.0,0.007965940457403165,0.16724741738974652,0.010791751955507634,-1.9186011209768843,6.740862,0.9264166,4.230174,3.4371068,3.1093285,-1.2923398,87.34361,0.009098292
circle,nmpc,75.9,-0.9860324,-0.11023139,-0.6001043,-0.0031843488,-0.0432374,-1.4468627,0.12406302,-0.00030623295,-0.005284775,0.005070747,-0.010548486,0.12596321,-0.9936113105200083,-0.11285638487348315,-0.6,0.0,0.0,-1.4576989912655793,0.01418195154789803,-0.12486087941789709,0.0,0.0,0.0,0.0,0.00802128075902639,0.16617953707839897,0.010836293664260976,-1.9127786396108892,6.8613544,0.9596161,4.263665,3.5573082,3.1254106,-1.2750849,90.22636,0.009398579
circle,nmpc,76.0,-0.984546,-0.12253957,-0.6001086,-0.003183221,-0.044295475,-1.4342515,0.12385746,-0.0004476176,-0.0054036537,0.005462317,-0.01098192,0.12595937,-0.9921147013144778,-0.12533323356430492,-0.6,0.0,0.0,-1.4451326206511845,0.015749838591261334,-0.12467280995896723,0.0,0.0,0.0,0.0,0.008068549719792368,0.16476758143560125,0.010881073791443319,-1.9069417591413966,6.9373446,0.9870007,4.2880645,3.636284,3.1256316,-1.2735357,92.10245,0.0095940055
circle,nmpc,76.10000000000001,-0.982965,-0.13475582,-0.6001157,-0.0031430044,-0.045394372,-1.4216427,0.12305357,-0.0009482676,-0.0055285753,0.0059855427,-0.011389906,0.1259304,-0.990461425696651,-0.13779029068463974,-0.6,0.0,0.0,-1.4325662500369312,0.017315238552639833,-0.12446505321898893,0.0,0.0,0.0,0.0,0.008088134070382067,0.1626885271484492,0.010923588942265638,-1.901127076759635,6.955964,1.0038549,4.2985473,3.661275,3.1086738,-1.2888787,92.60066,0.009645902
circle,nmpc,76.2,-0.9813246,-0.14684588,-0.60012764,-0.0030583856,-0.04651859,-1.4090387,0.12186472,-0.0017266705,-0.0056605707,0.0065657026,-0.011637862,0.12587363,-0.9886517447379138,-0.15022558912075795,-0.6,0.0,0.0,-1.4199998794224267,0.018877904237046828,-0.12423764200338028,0.0,0.0,0.0,0.0,0.008070043512341769,0.16014763392980774,0.010961216511965244,-1.8953655156184666,6.9090943,1.0058497,4.2912965,3.6236506,3.0744772,-1.3211061,91.49112,0.0095303245
circle,nmpc,76.3,-0.97963965,-0.15880662,-0.6001451,-0.002933605,-0.04763901,-1.3964425,0.120620966,-0.0026157305,-0.005798057,0.0071052583,-0.011588924,0.12579067,-0.986685944207868,-0.16263716519488372,-0.6,0.0,0.0,-1.4074335088078722,0.020437588881538904,-0.1239906122238732,0.0,0.0,0.0,0.0,0.008021495250478456,0.1574871055684507,0.010990976268504538,-1.8896644955472792,6.795818,0.99044997,4.2647696,3.5215015,3.0242896,-1.3689783,88.77379,0.0092472695
circle,nmpc,76.4,-0.97790456,-0.1706575,-0.6001677,-0.0027804994,-0.048718244,-1.3838563,0.119575426,-0.003452651,-0.005936869,0.0075247134,-0.011161123,0.12568668,-0.9845643345292052,-0.17502305897527715,-0.6,0.0,0.0,-1.3948671381935682,0.02199404619379619,-0.12372400288936103,0.0,0.0,0.0,0.0,0.007964850357629361,0.15499216169533245,0.011010841654261583,-1.8840149897540905,6.6221933,0.9571463,4.219652,3.359691,2.960502,-1.4302114,84.67263,0.008820067
circle,nmpc,76.5,-0.9760936,-0.18243714,-0.6001936,-0.0026162278,-0.049714707,-1.3712816,0.118955895,-0.004081493,-0.006071131,0.0077664685,-0.010313826,0.12556969,-0.9822872507286886,-0.18738131458572496,-0.6,0.0,0.0,-1.3823007675796575,0.023547030391146695,-0.1234378561005417,0.0,0.0,0.0,0.0,0.007927408964253785,0.1529236790162675,0.011019143739325443,-1.8783983825053225,6.4009285,0.90791106,4.1590867,3.1497557,2.8863385,-1.5017873,79.60146,0.008291819
circle,nmpc,76.60000000000001,-0.97415507,-0.19420874,-0.6002195,-0.002462194,-0.05058457,-1.3587188,0.11906282,-0.0043137227,-0.0061938465,0.0077833505,-0.009026857,0.12545012,-0.9798550523842466,-0.19970998051440833,-0.6,0.0,0.0,-1.3697343969649531,0.025096296239535132,-0.1231322170433119,0.0,0.0,0.0,0.0,0.007924747732269996,0.15161103406308923,0.011015644103930189,-1.8727664181465966,6.1481166,0.8481109,4.089004,2.907226,2.8054025,-1.5803382,74.058304,0.0077144057
circle,nmpc,76.7,-0.9720397,-0.20602821,-0.6002416,-0.0023346685,-0.051293604,-1.3461676,0.11983442,-0.004183995,-0.0062986757,0.0076215244,-0.0073989667,0.12533371,-0.9772681235681934,-0.21200710992205518,-0.6,0.0,0.0,-1.3571680263504564,0.026641599091603574,-0.12280713398073184,0.0,0.0,0.0,0.0,0.007946197549588948,0.15098352506132384,0.01100046195836657,-1.8670563413059569,5.880079,0.7809713,4.0130444,2.6480083,2.7212853,-1.6625247,68.4711,0.007132406
circle,nmpc,76.80000000000001,-0.96972173,-0.21791287,-0.60025835,-0.0022400727,-0.051825237,-1.3336275,0.12085612,-0.0038603153,-0.0063816938,0.00737543,-0.0056086923,0.12522376,-0.9745268727865768,-0.2242707609493827,-0.6,0.0,0.0,-1.3446016557361262,0.028182694926492946,-0.1224626582489452,0.0,0.0,0.0,0.0,0.00797363816908158,0.15065060803187508,0.010974193349041261,-1.8612385005476606,5.6083436,0.7091318,3.9339373,2.3835409,2.6370258,-1.7455016,63.114197,0.0065743946
circle,nmpc,76.9,-0.9671908,-0.22986186,-0.60026926,-0.0021781996,-0.05217322,-1.3210974,0.121921964,-0.0034590056,-0.006441311,0.007109529,-0.0037601357,0.12512372,-0.9716317329146738,-0.23649899702372543,-0.6,0.0,0.0,-1.332035285122268,0.02971934038709101,-0.12209884424380091,0.0,0.0,0.0,0.0,0.007990370074126894,0.15039356899758535,0.010937911159865754,-1.8553011624487208,5.33953,0.6343306,3.8532639,2.120599,2.5549676,-1.8270848,58.123634,0.0060545453
circle,nmpc,77.0,-0.9644462,-0.24186559,-0.6002744,-0.0021450615,-0.052337814,-1.3085763,0.122926876,-0.0030533033,-0.0064769695,0.006861059,-0.001918304,0.12503634,-0.9685831611286311,-0.24868988716485477,-0.6,0.0,0.0,-1.3194689145078975,0.031251292819389764,-0.12171574941573227,0.0,0.0,0.0,0.0,0.007985040402888742,0.1500904386815697,0.010892569064171909,-1.8492403090419507,5.0777364,0.5568298,3.7711875,1.8633807,2.4768064,-1.9056736,53.553673,0.005578508
circle,nmpc,77.10000000000001,-0.9614916,-0.25390923,-0.6002741,-0.0021352821,-0.05232368,-1.2960628,0.123809054,-0.0026702546,-0.0064885495,0.006644114,-0.00012670203,0.12496403,-0.9653816388332737,-0.2608415062898979,-0.6,0.0,0.0,-1.3069025438933828,0.03277831031028855,-0.12131343425983432,0.0,0.0,0.0,0.0,0.007953872957776274,0.14968267017667972,0.010839716783092257,-1.843055903331228,4.8257313,0.4767181,3.6876152,1.6148359,2.4036458,-1.9799858,49.419003,0.0051478124
circle,nmpc,77.2,-0.95833397,-0.26597378,-0.60026914,-0.0021429188,-0.05213878,-1.2835553,0.12451908,-0.002324103,-0.0064769587,0.0064650495,0.001582305,0.124907814,-0.9620276715860858,-0.27295193551732544,-0.6,0.0,0.0,-1.2943361732789527,0.034300151726007755,-0.12089196230638533,0.0,0.0,0.0,0.0,0.007900036443366272,0.14912995433880416,0.010780904037619665,-1.8367557226428408,4.585044,0.3945816,3.6028464,1.376781,2.3360965,-2.0492058,45.710945,0.004761556
circle,nmpc,77.30000000000001,-0.9549808,-0.27804244,-0.6002604,-0.002162114,-0.05179246,-1.2710522,0.12507612,-0.0020198682,-0.0064439694,0.0063240067,0.0031955948,0.12486721,-0.9585217890173755,-0.2850192624699773,-0.6,0.0,0.0,-1.2817698026647872,0.03581657675011396,-0.12045140011066047,0.0,0.0,0.0,0.0,0.00782831899974815,0.1484412937063981,0.010717561339408821,-1.8303496087315807,4.3563643,0.3107708,3.5170374,1.1500994,2.2745228,-2.1129022,42.404575,0.0044171433
circle,nmpc,77.4,-0.95143944,-0.29010186,-0.6002485,-0.0021873922,-0.051295158,-1.2585524,0.12551145,-0.0017603086,-0.006391446,0.006218283,0.0047031497,0.124840945,-0.9548645447466428,-0.2970415815770353,-0.6,0.0,0.0,-1.2692034320502465,0.037327345921600585,-0.11999181724253738,0.0,0.0,0.0,0.0,0.007742925286643864,0.1476346059526353,0.010650999990004848,-1.8238470090801384,4.139992,0.2257529,3.430537,0.93520945,2.2190156,-2.170934,39.470684,0.00411153
circle,nmpc,77.5,-0.9477163,-0.30214125,-0.6002342,-0.0022141035,-0.050658092,-1.2460546,0.12585124,-0.0015394568,-0.0063211713,0.0061408593,0.0060976106,0.12482761,-0.9510565162951536,-0.30901699437494706,-0.6,0.0,0.0,-1.2566370614360347,0.03883222067241343,-0.11951328627549107,0.0,0.0,0.0,0.0,0.007647731692377524,0.14673136007130705,0.010582412083007364,-1.8172566897848765,3.9357822,0.14005728,3.3437667,0.7320739,2.16937,-2.2234626,36.876656,0.0038413184
circle,nmpc,77.60000000000001,-0.94381636,-0.31415182,-0.600218,-0.0022385977,-0.049893003,-1.2335577,0.12611799,-0.001346505,-0.0062347963,0.0060830577,0.0073745176,0.12482562,-0.9470983049947436,-0.32094360980721176,-0.6,0.0,0.0,-1.2440706908217942,0.0403309633654203,-0.11901588277507535,0.0,0.0,0.0,0.0,0.00754632506804664,0.14575448187404977,0.010512989710954379,-1.810584621316729,3.7431602,0.054106127,3.257044,0.54022336,2.125135,-2.270888,34.587486,0.003602863
circle,nmpc,77.7,-0.9397447,-0.326124,-0.6002004,-0.002257918,-0.049012464,-1.2210608,0.12630178,-0.0011772267,-0.006133882,0.0060393047,0.008525984,0.124833174,-0.942990535892864,-0.3328195445229882,-0.6,0.0,0.0,-1.2315043202068825,0.04182333733188104,-0.11849968528712673,0.0,0.0,0.0,0.0,0.0074435002011286775,0.1447024227125226,0.010443567338230153,-1.8038407564209877,3.5611773,-0.031600907,3.1707973,0.3587799,2.0857558,-2.3137052,32.56927,0.0033926324
circle,nmpc,77.80000000000001,-0.9355064,-0.33805087,-0.60018206,-0.0022695207,-0.048028577,-1.2085631,0.12642805,-0.0010362295,-0.006020079,0.0060069324,0.009556994,0.12484842,-0.9387338576538732,-0.3446429231745195,-0.6,0.0,0.0,-1.2189379495928894,0.04330910690841794,-0.11796477532516336,0.0,0.0,0.0,0.0,0.0073419849318432095,0.14358720462465038,0.010374860222161829,-1.797034043331707,3.3887131,-0.11622922,3.0857627,0.18672177,2.050435,-2.3526773,30.793058,0.0032076102
circle,nmpc,77.9,-0.931107,-0.34992695,-0.6001633,-0.0022711873,-0.04695318,-1.1960641,0.12650701,-0.0009320465,-0.005894832,0.0059840977,0.010470595,0.12486955,-0.9343289424566114,-0.3564118787132524,-0.6,0.0,0.0,-1.2063715789787774,0.044788037474929876,-0.117411237357673,0.0,0.0,0.0,0.0,0.0072430651150359624,0.14240836378112706,0.010307464408159772,-1.7901757410550765,3.224693,-0.19887961,3.00272,0.023093909,2.018246,-2.3886695,29.234118,0.0030452206
circle,nmpc,78.0,-0.926553,-0.36174953,-0.6001444,-0.002260789,-0.045797423,-1.1835635,0.12655972,-0.00088034914,-0.0057595707,0.0059712785,0.011273926,0.12489464,-0.929776485888251,-0.3681245526846789,-0.6,0.0,0.0,-1.1938052083639028,0.04625989549122966,-0.11683915879473483,0.0,0.0,0.0,0.0,0.00714510702705925,0.14116543457697492,0.010241737523448702,-1.7832775234309701,3.0681312,-0.27878466,2.9223363,-0.1329895,1.9882048,-2.4226189,27.870928,0.0029032214
circle,nmpc,78.10000000000001,-0.9218524,-0.37351805,-0.6001256,-0.0022360645,-0.04457192,-1.1710609,0.12659802,-0.00090292544,-0.0056156055,0.005971087,0.011972624,0.124921754,-0.9250772068344573,-0.379779095521803,-0.6,0.0,0.0,-1.1812388377497327,0.04772444853368141,-0.11624862997419716,0.0,0.0,0.0,0.0,0.00704384755006321,0.13984708124766657,0.010177917988074991,-1.7763489279216735,2.91777,-0.35518494,2.845307,-0.28272176,1.9593807,-2.4554281,26.68354,0.0027795353
circle,nmpc,78.2,-0.9170134,-0.38523102,-0.6001071,-0.0021955532,-0.043287158,-1.1585565,0.12661009,-0.0009965503,-0.0054640584,0.0059767864,0.012568299,0.12494971,-0.9202318473658698,-0.3913736668372036,-0.6,0.0,0.0,-1.168672467135617,0.04918146533244849,-0.11563974414735556,0.0,0.0,0.0,0.0,0.006935557561700794,0.1384489401447631,0.010116005801388495,-1.769396906343479,2.7721176,-0.42733413,2.7723582,-0.4275743,1.9309134,-2.487913,25.654177,0.00267231
circle,nmpc,78.30000000000001,-0.91204137,-0.3968846,-0.6000892,-0.0021396533,-0.041953243,-1.1460497,0.12658314,-0.0011250363,-0.0053060707,0.005971075,0.013064768,0.12497819,-0.9152411726209166,-0.4029064357136647,-0.6,0.0,0.0,-1.1561060965213679,0.050630715807742366,-0.11501259746440895,0.0,0.0,0.0,0.0,0.006819775523134713,0.136993804016062,0.010056358591070014,-1.7624307179269416,2.6298475,-0.49472728,2.703976,-0.56885564,1.902116,-2.5207677,24.768251,0.0025800262
circle,nmpc,78.4,-0.9069385,-0.40847704,-0.60007197,-0.002069848,-0.040578797,-1.133541,0.12654781,-0.0012658967,-0.005142725,0.005944345,0.0134770265,0.12500665,-0.9101059706849951,-0.4143755809932855,-0.6,0.0,0.0,-1.1435397259062925,0.052071971106182335,-0.11436728895902748,0.0,0.0,0.0,0.0,0.006695588116104897,0.13551761374790453,0.009998737937847668,-1.755456030828737,2.490493,-0.5566077,2.6409633,-0.7070779,1.8724314,-2.5545068,24.018518,0.002501929
circle,nmpc,78.5,-0.9017045,-0.42000708,-0.6000555,-0.0019884214,-0.039171558,-1.1210301,0.1265188,-0.0013984021,-0.0049749487,0.005889644,0.013813607,0.12503488,-0.9048270524660192,-0.42577929156507327,-0.6,0.0,0.0,-1.130973355292665,0.053505003636933335,-0.11370392053375311,0.0,0.0,0.0,0.0,0.0065629189697074975,0.13404586587542514,0.009943263053285191,-1.7484753860191975,2.3536081,-0.61276954,2.58356,-0.8427215,1.841501,-2.589489,23.3965,0.0024371352
circle,nmpc,78.60000000000001,-0.8963383,-0.4314724,-0.60003984,-0.0018979304,-0.03773893,-1.108517,0.1264896,-0.001511061,-0.004803524,0.0058052144,0.014077629,0.12506276,-0.8994052515663703,-0.43711576665093443,-0.6,0.0,0.0,-1.1184069846780833,0.054929587107122035,-0.1130225969405152,0.0,0.0,0.0,0.0,0.006423049675980725,0.13258480743620532,0.009889933934980279,-1.7414901190366698,2.2187383,-0.663214,2.5317862,-0.9762621,1.8090591,-2.6259637,22.894062,0.002384798
circle,nmpc,78.7,-0.89083916,-0.44286913,-0.60002506,-0.0018008187,-0.036288038,-1.0960019,0.12644614,-0.0016003557,-0.004629228,0.005693097,0.01427153,0.12509017,-0.8938414241512633,-0.44838321609003307,-0.6,0.0,0.0,-1.105840614063466,0.05634549655875176,-0.11232342576902865,0.0,0.0,0.0,0.0,0.00627848721682103,0.13113019710366272,0.009838750583851752,-1.7345027085674578,2.0854256,-0.70812833,2.4854589,-1.1081617,1.7749352,-2.6640968,22.50378,0.002344144
circle,nmpc,78.80000000000001,-0.8852063,-0.4541937,-0.60001117,-0.0016993175,-0.03482521,-1.0834845,0.12639213,-0.0016646287,-0.0044528306,0.0055563073,0.014402989,0.12511699,-0.8881364488135437,-0.45957986062148953,-0.6,0.0,0.0,-1.093274243449375,0.05775250840323043,-0.11160651742653238,0.0,0.0,0.0,0.0,0.006131607148904715,0.12968594258405114,0.009789713000461386,-1.727517245966777,1.9536319,-0.74751717,2.444569,-1.2384545,1.739044,-2.7039516,22.220776,0.0023146642
circle,nmpc,78.9,-0.8794378,-0.46544483,-0.59999824,-0.0015952847,-0.033355586,-1.0709652,0.12635344,-0.0017063628,-0.004275119,0.005399361,0.014483592,0.12514305,-0.8822912264349527,-0.47070393216533357,-0.6,0.0,0.0,-1.0807078728349058,0.059150400457175234,-0.11087198512110819,0.0,0.0,0.0,0.0,0.005983322241455363,0.12826401918364036,0.009742701974615242,-1.7205360832315455,1.8231037,-0.7816675,2.4088254,-1.3673894,1.7013824,-2.74554,22.039595,0.0022957914
circle,nmpc,79.0,-0.8735321,-0.4766224,-0.599986,-0.0014900792,-0.031883646,-1.0584437,0.12633978,-0.0017328734,-0.004096667,0.005227883,0.014519769,0.12516819,-0.8763066800438635,-0.48175367410171555,-0.6,0.0,0.0,-1.0681415022204066,0.06053895197721815,-0.11011994484400045,0.0,0.0,0.0,0.0,0.005833381986361596,0.12686326767274844,0.009697836715951036,-1.71355925575759,1.6940291,-0.8105051,2.3782866,-1.4947628,1.6619762,-2.7888002,21.956787,0.0022871655
circle,nmpc,79.10000000000001,-0.8674885,-0.48772475,-0.59997463,-0.0013848286,-0.030413914,-1.0459203,0.12633403,-0.0017455968,-0.0039179754,0.0050447523,0.014510775,0.1251923,-0.870183754669525,-0.49272734154829273,-0.6,0.0,0.0,-1.0555751316064221,0.06191794369442283,-0.10935051535024276,0.0,0.0,0.0,0.0,0.005682511106682062,0.12547350618280365,0.009654878806434342,-1.7065874617989707,1.5660955,-0.83452773,2.352474,-1.6209064,1.6209185,-2.8336613,21.967575,0.0022882894
circle,nmpc,79.2,-0.86130756,-0.49874943,-0.599964,-0.001280291,-0.028950678,-1.0333949,0.12632427,-0.0017510907,-0.0037394823,0.004854227,0.014458974,0.12521537,-0.863923417192835,-0.5036232016357614,-0.6,0.0,0.0,-1.0430087609917085,0.06328715785108852,-0.10856381814328131,0.0,0.0,0.0,0.0,0.005531509526291424,0.1240831152466893,0.009613828244821265,-1.6996224522850998,1.4388449,-0.8544592,2.3306718,-1.7462863,1.5783246,-2.8800025,22.067446,0.0022986922
circle,nmpc,79.30000000000001,-0.8549898,-0.50969434,-0.5999542,-0.0011770786,-0.02749752,-1.0208678,0.12631193,-0.0017511178,-0.0035616218,0.0046583097,0.014371248,0.12523742,-0.8575266561936514,-0.5144395337815078,-0.6,0.0,0.0,-1.0304423903773712,0.06464637823183628,-0.10775997745093857,0.0,0.0,0.0,0.0,0.005380937391735755,0.1226914973234706,0.009574565822927816,-1.6926649008884365,1.3118825,-0.871013,2.3121884,-1.8713192,1.5343282,-2.9276931,22.2533,0.0023180519
circle,nmpc,79.4,-0.8485371,-0.5205566,-0.5999451,-0.0010755492,-0.026057592,-1.0083389,0.12628599,-0.0017511992,-0.0033847396,0.00446,0.014251856,0.12525858,-0.8509944817946915,-0.5251746299612964,-0.6,0.0,0.0,-1.0178760197629595,0.06599539020007983,-0.106939120208982,0.0,0.0,0.0,0.0,0.0052314179305543215,0.1212885444435509,0.009537091540303244,-1.6857137587389375,1.1811316,-0.88394856,2.297048,-1.9998653,1.4884979,-2.9772027,22.531689,0.002347051
circle,nmpc,79.5,-0.8419538,-0.53133094,-0.5999369,-0.0009762814,-0.024633722,-0.9958083,0.12621096,-0.0017617764,-0.0032089723,0.0042574774,0.014103957,0.12527859,-0.8443279255020151,-0.5358267949789965,-0.6,0.0,0.0,-1.005309649148526,0.06733398073111019,-0.10610137604016856,0.0,0.0,0.0,0.0,0.005084591490385642,0.11984802035036306,0.009501345792355398,-1.6787701209927954,1.0443474,-0.8925232,2.2858438,-2.1340199,1.4410703,-3.0283298,22.913849,0.002386859
circle,nmpc,79.60000000000001,-0.83525044,-0.54201037,-0.59992963,-0.00087976607,-0.023228528,-0.9832762,0.1260395,-0.0018195864,-0.0030344005,0.0040519657,0.013929623,0.12529671,-0.8375280400421412,-0.5463943467342699,-0.6,0.0,0.0,-0.9927432785344287,0.06866193844601298,-0.10524687723417747,0.0,0.0,0.0,0.0,0.004940820307033195,0.11831566770255245,0.009467090160863001,-1.6718410194645086,0.9016765,-0.8972253,2.2781265,-2.2736757,1.3936265,-3.0795066,23.403051,0.0024378179
circle,nmpc,79.7,-0.8284414,-0.552589,-0.5999234,-0.0007869232,-0.021843633,-0.97074276,0.12575804,-0.0019617819,-0.0028611433,0.0038394995,0.013738723,0.12531267,-0.8305958991958126,-0.5568756164881882,-0.6,0.0,0.0,-0.9801769079201933,0.06997905364491963,-0.10437575872623839,0.0,0.0,0.0,0.0,0.004798219010247814,0.1166537773767412,0.009434145831417662,-1.664936717261179,0.7595733,-0.9001859,2.2721407,-2.4127536,1.3495786,-3.1272533,23.972366,0.0024971215
circle,nmpc,79.80000000000001,-0.82153916,-0.56306314,-0.59991825,-0.0007003473,-0.020479612,-0.9582081,0.12539072,-0.0021797223,-0.0026895446,0.0036035725,0.013541589,0.12532768,-0.8235325976284268,-0.5672689491267574,-0.6,0.0,0.0,-0.9676105373057016,0.07128511834003648,-0.10348815807598166,0.0,0.0,0.0,0.0,0.004655024592010067,0.1148827632950798,0.009402453199256255,-1.658067807590562,0.62544453,-0.9036439,2.2659886,-2.5441883,1.312655,-3.1677823,24.57326,0.0025597145
circle,nmpc,79.9,-0.8145478,-0.5734322,-0.599914,-0.0006252057,-0.019135855,-0.94567204,0.12500991,-0.0024181649,-0.0025201868,0.0033185717,0.013349787,0.12534362,-0.8163392507171837,-0.577572703422268,-0.6,0.0,0.0,-0.9550441666911508,0.07257992628861842,-0.10258421544590002,0.0,0.0,0.0,0.0,0.004512258937070393,0.11308621554730383,0.00937213147386562,-1.6512390425564933,0.50718254,-0.9089726,2.2584894,-2.6602798,1.2860487,-3.1978004,25.141176,0.0026188728
circle,nmpc,80.0,-0.80745894,-0.5836969,-0.5999106,-0.00056942186,-0.0178115,-0.9331344,0.1246972,-0.0025844972,-0.0023539318,0.002956881,0.013165177,0.12536195,-0.8090169943749477,-0.5877852522924728,-0.6,0.0,0.0,-0.9424777960772359,0.07386327302538742,-0.10166407357903307,0.0,0.0,0.0,0.0,0.004376087449589943,0.11138398303449462,0.009343419074519854,-1.6444515386706093,0.41386965,-0.9163701,2.2495484,-2.752049,1.272312,-3.214683,25.598228,0.002666482
circle,nmpc,80.10000000000001,-0.8002447,-0.5938619,-0.5999077,-0.00054353825,-0.016505115,-0.9205948,0.12460311,-0.0025470937,-0.0021919424,0.0024922015,0.012992463,0.12538312,-0.8015669848708752,-0.5979049830575208,-0.6,0.0,0.0,-0.9299114254625106,0.07513495589522856,-0.10072787777642978,0.0,0.0,0.0,0.0,0.004254842600217816,0.10996076122947346,0.009316614022996439,-1.63769833355069,0.35574535,-0.92491066,2.2401996,-2.809365,1.2732359,-3.2165215,25.86018,0.0026937688
circle,nmpc,80.2,-0.79285145,-0.60393643,-0.59990495,-0.000560194,-0.015215188,-0.9080531,0.1249277,-0.0021374342,-0.002035643,0.0019033671,0.0128310975,0.1254067,-0.7939903986478344,-0.6079302976946066,-0.6,0.0,0.0,-0.9173450548479337,0.07639477408449835,-0.09977577587422237,0.0,0.0,0.0,0.0,0.004154177532914693,0.10905427301289777,0.009291954738833376,-1.6309649273500695,0.3439129,-0.9322382,2.232968,-2.8212936,1.2898438,-3.2021544,25.850677,0.0026927788
circle,nmpc,80.30000000000001,-0.78519285,-0.6139376,-0.5999019,-0.0006331479,-0.013940195,-0.8955092,0.12594801,-0.0011610813,-0.0018866863,0.0011789663,0.012679672,0.12543164,-0.7862884321366173,-0.6178596130903363,-0.6,0.0,0.0,-0.9047786842337809,0.0776425286532767,-0.09880791822036716,0.0,0.0,0.0,0.0,0.004073326089427683,0.10895817575887343,0.009269500826951105,-1.6241975401401774,0.3849533,-0.9364515,2.229905,-2.7814033,1.3220717,-3.171499,25.540089,0.002660426
circle,nmpc,80.4,-0.77723616,-0.62386703,-0.5998991,-0.0007580525,-0.0126953535,-0.8829639,0.12722856,3.4227593e-05,-0.0017457012,0.00049973786,0.012368981,0.12544878,-0.7784623015670223,-0.6276913612907019,-0.6,0.0,0.0,-0.8922123136196709,0.07887802256673071,-0.09782445765083025,0.0,0.0,0.0,0.0,0.004017345476218804,0.10916567241132576,0.009248417821941413,-1.6173677954457388,0.47685838,-0.9368939,2.2316895,-2.691725,1.3684982,-3.125899,24.975018,0.0026015642
circle,nmpc,80.5,-0.76901716,-0.63371116,-0.5998976,-0.0009132195,-0.011510066,-0.8704186,0.12822753,0.0010065029,-0.0016126818,4.0953604e-05,0.0117577845,0.12545156,-0.7705132427757886,-0.6374239897486905,-0.6,0.0,0.0,-0.8796459430050997,0.08010106072608991,-0.09682554946538469,0.0,0.0,0.0,0.0,0.004004229683519525,0.10904067332598982,0.009227334816470534,-1.6104830878229413,0.6092943,-0.93414724,2.2375832,-2.562436,1.426481,-3.068015,24.264294,0.0025275303
circle,nmpc,80.60000000000001,-0.7606323,-0.6434457,-0.59989864,-0.0010663983,-0.0104209995,-0.857875,0.12846231,0.0013725117,-0.0014875527,-8.80356e-05,0.010776117,0.12543821,-0.7624425110114466,-0.6470559615694459,-0.6,0.0,0.0,-0.8670795723908664,0.08131144999934392,-0.09581135140324104,0.0,0.0,0.0,0.0,0.004039978255018517,0.10802833007971101,0.009204582881283896,-1.60360977866658,0.76887155,-0.9289102,2.246633,-2.4066718,1.4926993,-3.001282,23.529312,0.00245097
circle,nmpc,80.7,-0.75214696,-0.6530594,-0.5999024,-0.0011972346,-0.009451093,-0.8453336,0.12821423,0.0013108253,-0.0013721036,-1.4467197e-06,0.009565323,0.12541756,-0.754251380736103,-0.6565857557529574,-0.6,0.0,0.0,-0.8545132017764856,0.08250899925210664,-0.09478202361806742,0.0,0.0,0.0,0.0,0.004107692769687383,0.10641750780350163,0.009179625574093018,-1.596795700880802,0.9444638,-0.9209643,2.2587807,-2.2352812,1.5638494,-2.9291272,22.864172,0.0023816845
circle,nmpc,80.80000000000001,-0.7435938,-0.6625509,-0.5999086,-0.0012967418,-0.008611774,-0.8327943,0.12775713,0.001021095,-0.0012682207,0.00019000343,0.008243066,0.12539653,-0.7459411454241807,-0.6660118674342532,-0.6,0.0,0.0,-0.8419468311617643,0.08369351937742575,-0.09373772865256536,0.0,0.0,0.0,0.0,0.004182875106316887,0.1045105018649978,0.009152522499349725,-1.590067578905427,1.1286831,-0.9089064,2.275196,-2.0554194,1.6369793,-2.8546088,22.329796,0.0023260203
circle,nmpc,80.9,-0.73498386,-0.67192423,-0.5999168,-0.0013633168,-0.007907285,-0.8202569,0.12726837,0.00063427474,-0.0011773803,0.00041393263,0.0068823104,0.12537879,-0.7375131173581729,-0.6753328081210255,-0.6,0.0,0.0,-0.8293804605476418,0.08486482332575873,-0.09267863141310118,0.0,0.0,0.0,0.0,0.004245284026411768,0.10250241843702634,0.009123571681217246,-1.5834333299181005,1.3164035,-0.8915881,2.2968676,-1.8720522,1.7096738,-2.780245,21.960775,0.0022875806
circle,nmpc,81.0,-0.72631866,-0.6811823,-0.5999266,-0.0013996849,-0.0073387707,-0.80772066,0.12680127,0.00022890467,-0.0011005354,0.00062758324,0.005514237,0.12536587,-0.7289686274214111,-0.6845471059286892,-0.6,0.0,0.0,-0.8168140899332881,0.08602272613533746,-0.09160489914400438,0.0,0.0,0.0,0.0,0.004283629475102268,0.10048655689926826,0.009093428769958002,-1.5768948887567158,1.503982,-0.8682864,2.3243918,-1.6886965,1.780052,-2.70799,21.772171,0.0022679344
circle,nmpc,81.10000000000001,-0.717595,-0.69032735,-0.5999377,-0.0014106155,-0.0069053075,-0.79518515,0.12638167,-0.000157025,-0.0010383453,0.0008106396,0.0041591744,0.12535784,-0.7203090248879057,-0.6936533058128062,-0.6,0.0,0.0,-0.8042477193189371,0.08716704495870253,-0.09051670139881285,0.0,0.0,0.0,0.0,0.004293241642221577,0.09850754154418359,0.009062570602964226,-1.5704516516928995,1.6891086,-0.8384371,2.3582602,-1.5075887,1.8467501,-2.6392887,21.766611,0.002267355
circle,nmpc,81.2,-0.70880646,-0.6993615,-0.59994966,-0.0014017818,-0.0066042985,-0.7826499,0.12603208,-0.00050199125,-0.0009910802,0.0009539307,0.0028332686,0.12535414,-0.7115356772092847,-0.7026499697988499,-0.6,0.0,0.0,-0.7916813487044698,0.0882975990951218,-0.08941421001706917,0.0,0.0,0.0,0.0,0.004273780589154589,0.09659325159777067,0.009031474017274999,-1.5640982192786024,1.8703941,-0.8017474,2.398724,-1.3300774,1.9088321,-2.5751069,21.93897,0.0022853094
circle,nmpc,81.30000000000001,-0.6999468,-0.7082846,-0.5999624,-0.0013790409,-0.0064325994,-0.7701144,0.12573801,-0.00079345534,-0.0009587393,0.0010552813,0.00154127,0.12535402,-0.7026499697988479,-0.7115356772092867,-0.6,0.0,0.0,-0.7791149780904267,0.08941421001706917,-0.0882975990951218,0.0,0.0,0.0,0.0,0.0042282175374354115,0.09474868224019908,0.009000556245944313,-1.5578294690154058,2.0469835,-0.75818825,2.445793,-1.1569978,1.9657357,-2.516065,22.280237,0.002320858
circle,nmpc,81.4,-0.6910101,-0.7170959,-0.59997565,-0.0013477996,-0.006386407,-0.75757855,0.12549287,-0.0010295896,-0.000941066,0.0011187904,0.00028905272,0.12535658,-0.6936533058128042,-0.7203090248879076,-0.6,0.0,0.0,-0.7665486074756414,0.09051670139881285,-0.08716704495864702,0.0,0.0,0.0,0.0,0.004160665218319515,0.09297246503051015,0.00897005570638476,-1.551640785476032,2.218261,-0.70768213,2.4995143,-0.98893565,2.0171845,-2.4624286,22.77965,0.0023728802
circle,nmpc,81.5,-0.68199056,-0.7257946,-0.59998924,-0.0013127326,-0.0064612236,-0.7450421,0.12529784,-0.0012157153,-0.00093774777,0.001151293,-0.00091712474,0.12536089,-0.6845471059286885,-0.7289686274214118,-0.6,0.0,0.0,-0.7539822368616086,0.09160489914400438,-0.08602272613533746,0.0,0.0,0.0,0.0,0.00407558442809423,0.09125964615650128,0.008940151214025582,-1.5455275227579857,2.3833952,-0.6495895,2.560458,-0.82665217,2.0634313,-2.4139383,23.426685,0.0024402796
circle,nmpc,81.60000000000001,-0.6728842,-0.7343802,-0.600003,-0.0012778469,-0.0066521913,-0.73250496,0.12514418,-0.0013670065,-0.0009483885,0.0011589035,-0.0020742537,0.12536609,-0.6753328081210235,-0.7375131173581748,-0.6,0.0,0.0,-0.7414158662472548,0.09267863141310118,-0.08486482332575873,0.0,0.0,0.0,0.0,0.003976282882414974,0.08959239334170328,0.008910902372437857,-1.5394845703561861,2.543204,-0.5850731,2.6275983,-0.66946733,2.105144,-2.3699205,24.210812,0.0025219594
circle,nmpc,81.7,-0.6636888,-0.74285144,-0.60001695,-0.0012467338,-0.006954202,-0.71996707,0.1250146,-0.0014893579,-0.00097255094,0.0011451681,-0.0031803136,0.1253721,-0.6660118674342512,-0.7459411454241824,-0.6,0.0,0.0,-0.7288494956328029,0.09373772865256536,-0.08369351937737024,0.0,0.0,0.0,0.0,0.0038656605219841806,0.08795858625547388,0.008882428391134178,-1.5335083012867738,2.6986864,-0.51524407,2.699887,-0.5164447,2.143144,-2.3295777,25.124489,0.002617134
circle,nmpc,81.80000000000001,-0.65440184,-0.7512071,-0.60003084,-0.001222623,-0.0073615834,-0.70742834,0.12491201,-0.0015845603,-0.0010096898,0.0011130683,-0.004230132,0.12537888,-0.6565857557529553,-0.7542513807361049,-0.6,0.0,0.0,-0.716283125018411,0.09478202361806742,-0.08250899925210664,0.0,0.0,0.0,0.0,0.0037467330900421013,0.0863573986235796,0.008854788874917306,-1.527593205516476,2.8510494,-0.44139683,2.7760782,-0.36642554,2.1782775,-2.2920437,26.162548,0.0027252657
circle,nmpc,81.9,-0.6450207,-0.75944465,-0.60004467,-0.0012086973,-0.0078685535,-0.6948887,0.124829434,-0.0016405559,-0.0010592573,0.0010623639,-0.0052230023,0.12538657,-0.6470559615694438,-0.7624425110114483,-0.6,0.0,0.0,-0.7037167544040303,0.09581135140324104,-0.08131144999934392,0.0,0.0,0.0,0.0,0.003623718611842706,0.08479753828797418,0.008828043428383281,-1.5217303423682964,3.0017753,-0.36536855,2.854397,-0.21799019,2.2114804,-2.2563982,27.321232,0.0028459614
circle,nmpc,82.0,-0.63554317,-0.76755804,-0.6000584,-0.0012081072,-0.008469639,-0.6823481,0.12474475,-0.0016348982,-0.0011206432,0.000992658,-0.0061624274,0.12539518,-0.6374239897486897,-0.7705132427757893,-0.6,0.0,0.0,-0.691150383789797,0.09682554946538469,-0.08010106072608991,0.0,0.0,0.0,0.0,0.00350344597755062,0.08329271447894503,0.008802311260957874,-1.5159129612584143,3.1519697,-0.28861976,2.9334345,-0.07008449,2.2436059,-2.2217872,28.59827,0.0029789864
circle,nmpc,82.10000000000001,-0.62596714,-0.7755417,-0.6000719,-0.0012228789,-0.009159132,-0.66980636,0.124659665,-0.0015716441,-0.0011932515,0.00091450725,-0.0070464336,0.1254041,-0.6276913612906998,-0.778462301567024,-0.6,0.0,0.0,-0.6785840131752257,0.09782445765083025,-0.07887802256673071,0.0,0.0,0.0,0.0,0.003392325609391804,0.08184026118435833,0.008777651976800359,-1.5101366461182688,3.302415,-0.21225613,3.0121267,0.07803233,2.2753985,-2.187462,29.99242,0.0031242103
circle,nmpc,82.2,-0.6162922,-0.78339285,-0.60008526,-0.0012531634,-0.009931071,-0.65726364,0.12458247,-0.0014812256,-0.001276451,0.00084594445,-0.007872759,0.12541254,-0.6178596130903342,-0.786288432136619,-0.6,0.0,0.0,-0.6660176425611156,0.09880791822036716,-0.0776425286532767,0.0,0.0,0.0,0.0,0.0032937115059765033,0.08041455653163183,0.008754005972065326,-1.504398204808161,3.4537475,-0.1369963,3.0897892,0.22696231,2.307484,-2.1528049,31.5045,0.0032817188
circle,nmpc,82.30000000000001,-0.6065183,-0.7911109,-0.6000984,-0.0012978885,-0.0107794,-0.64471996,0.124522045,-0.001385519,-0.0013695699,0.00079845334,-0.008640481,0.1254202,-0.6079302976946045,-0.793990398647836,-0.6,0.0,0.0,-0.6534512719466122,0.09977577587422237,-0.07639477408444284,0.0,0.0,0.0,0.0,0.0032085824769689983,0.0789977335820425,0.008731313641253347,-1.4986943038458094,3.606554,-0.063308224,3.165989,0.37725708,2.3403676,-2.1173115,33.137375,0.00345181
circle,nmpc,82.4,-0.59664655,-0.798696,-0.60011125,-0.0013553634,-0.011698333,-0.63217527,0.12447803,-0.0012964437,-0.001471952,0.00077746355,-0.009352115,0.12542726,-0.5979049830575186,-0.8015669848708767,-0.6,0.0,0.0,-0.6408849013326502,0.10072787777637426,-0.07513495589522856,0.0,0.0,0.0,0.0,0.0031366696589782647,0.0775781033374527,0.008709634589943891,-1.493021369025368,3.761138,0.008477868,3.2404082,0.52920794,2.374421,-2.0806215,34.8934,0.0036347292
circle,nmpc,82.5,-0.58667856,-0.8061483,-0.60012376,-0.0014237207,-0.012682554,-0.6196297,0.12444206,-0.001218191,-0.0015829654,0.00078402064,-0.010012239,0.12543409,-0.587785252292472,-0.8090169943749482,-0.6,0.0,0.0,-0.6283185307176608,0.10166407357903307,-0.07386327302538742,0.0,0.0,0.0,0.0,0.0030772611550171076,0.07614887088114455,0.00868884960727867,-1.4873751960619024,3.91756,0.078145854,3.3128397,0.6828666,2.4098635,-2.0425055,36.77387,0.003830611
circle,nmpc,82.60000000000001,-0.57661796,-0.81346697,-0.60013604,-0.0015010862,-0.013727465,-0.6070831,0.12439334,-0.0011531679,-0.001702102,0.00081753486,-0.010627706,0.12544106,-0.5775727034222656,-0.8163392507171854,-0.6,0.0,0.0,-0.6157521601037458,0.10258421544590002,-0.07257992628861842,0.0,0.0,0.0,0.0,0.003029862749762008,0.0747015175380726,0.008669077904649103,-1.4817546700090602,4.0756736,0.1454941,3.3830643,0.838104,2.4468277,-2.0028536,38.77821,0.004039397
circle,nmpc,82.7,-0.56646734,-0.8206519,-0.6001481,-0.0015857196,-0.014828324,-0.59453535,0.12434295,-0.0011016994,-0.0018288451,0.0008760916,-0.011196922,0.12544845,-0.5672689491267552,-0.8235325976284283,-0.6,0.0,0.0,-0.603185789489195,0.10348815807598166,-0.07128511834003648,0.0,0.0,0.0,0.0,0.002993823784753557,0.07323919194088163,0.008650438689634443,-1.4761587558439357,4.2354655,0.21044187,3.450991,0.9949168,2.485378,-1.9616075,40.90766,0.0042612148
circle,nmpc,82.80000000000001,-0.5562286,-0.82770354,-0.6001598,-0.0016760495,-0.015980387,-0.5819865,0.12430144,-0.001063551,-0.0019626578,0.0009574184,-0.011719575,0.12545641,-0.5568756164881858,-0.8305958991958141,-0.6,0.0,0.0,-0.5906194188750703,0.10437575872623839,-0.06997905364497514,0.0,0.0,0.0,0.0,0.002968159326155931,0.07176511225796671,0.00863293196329662,-1.4705860031172269,4.401218,0.27353942,3.5175273,1.1572304,2.5258656,-1.9184494,43.21817,0.0045018927
circle,nmpc,82.9,-0.5458997,-0.83462167,-0.6001713,-0.001771033,-0.017179262,-0.5694362,0.12429477,-0.0010123706,-0.00210291,0.0010556644,-0.012199056,0.12546657,-0.5463943467342676,-0.8375280400421427,-0.6,0.0,0.0,-0.5780530482608379,0.10524687723417747,-0.0686619384460685,0.0,0.0,0.0,0.0,0.002953140442295964,0.0703115110606757,0.008616855748325714,-1.4650361549872162,4.5768743,0.3350369,3.5833402,1.3285716,2.5682096,-1.8735492,45.77134,0.0047678486
circle,nmpc,83.0,-0.5354719,-0.84140706,-0.6001823,-0.0018694552,-0.018420612,-0.556884,0.124386765,-0.000920469,-0.0022486807,0.0011720507,-0.012635754,0.1254815,-0.5358267949789958,-0.8443279255020156,-0.6,0.0,0.0,-0.5654866776461338,0.10610137604022407,-0.06733398073111019,0.0,0.0,0.0,0.0,0.0029479860922141535,0.06892145208168994,0.008602686881515886,-1.4595041392972057,4.762264,0.39494243,3.6485333,1.5086737,2.611081,-1.8282977,48.583443,0.0050607757
circle,nmpc,83.10000000000001,-0.52493185,-0.8480599,-0.6001925,-0.0019694115,-0.019700771,-0.5443291,0.12461554,-0.0007629622,-0.0023988527,0.0013129952,-0.013036239,0.12550354,-0.5251746299612939,-0.850994481794693,-0.6,0.0,0.0,-0.5529203070317932,0.10693912020892649,-0.06599539020002432,0.0,0.0,0.0,0.0,0.0029508994927940173,0.06762750966715526,0.008591200224084439,-1.4539780774194608,4.9474835,0.4521048,3.7112339,1.6883556,2.651434,-1.7857795,51.5249,0.005367177
circle,nmpc,83.2,-0.5142705,-0.8545791,-0.6002014,-0.0020674164,-0.021017008,-0.5317709,0.124938674,-0.00055570493,-0.0025522828,0.0014938562,-0.01340961,0.12553163,-0.5144395337815054,-0.8575266561936529,-0.6,0.0,0.0,-0.5403539364171468,0.10775997745093857,-0.06464637823178077,0.0,0.0,0.0,0.0,0.0029592720450910084,0.06640207960627166,0.008583051426454658,-1.4484454816049805,5.1232877,0.5063106,3.7703934,1.859206,2.6859565,-1.749316,54.45141,0.0056720213
circle,nmpc,83.30000000000001,-0.5034874,-0.8609625,-0.6002088,-0.0021582255,-0.0223669,-0.5192091,0.12527879,-0.00033738546,-0.0027080167,0.0017318235,-0.013758541,0.12556179,-0.5036232016357589,-0.8639234171928365,-0.6,0.0,0.0,-0.5277875658028065,0.10856381814328131,-0.063287157851033,0.0,0.0,0.0,0.0,0.002971366010000369,0.06518740172311938,0.008578478907817488,-1.442892874673959,5.280537,0.5569805,3.8245869,2.0129318,2.711692,-1.7218716,57.191772,0.005957477
circle,nmpc,83.4,-0.4925993,-0.8672072,-0.6002146,-0.0022342503,-0.023748687,-0.5066442,0.12548526,-0.00018522565,-0.002865365,0.002049896,-0.01408895,0.12558745,-0.49272734154829034,-0.8701837546695264,-0.6,0.0,0.0,-0.5152211951885024,0.10935051535101992,-0.06191794369486692,0.0,0.0,0.0,0.0,0.002986996837755362,0.0638707183248374,0.008577005830744831,-1.437312320463265,5.408758,0.60227334,3.871191,2.1398416,2.7262414,-1.7057996,59.524586,0.006200477
circle,nmpc,83.5,-0.48164505,-0.8733124,-0.60021913,-0.002285225,-0.02516039,-0.49407744,0.12537017,-0.00022038407,-0.0030241732,0.0024744142,-0.014397699,0.12560041,-0.4817536741017147,-0.8763066800438639,-0.6,0.0,0.0,-0.5026548245745964,0.1101199448439727,-0.06053895197721815,0.0,0.0,0.0,0.0,0.0030042384840355254,0.06229000535326035,0.00857738049805834,-1.4316995077438595,5.494812,0.63816726,3.9055262,2.2274547,2.7278352,-1.7027353,61.1553,0.0063703437
circle,nmpc,83.60000000000001,-0.47069535,-0.87927896,-0.60022384,-0.0022987386,-0.026599713,-0.4815109,0.12465595,-0.000597263,-0.003185105,0.0030263192,-0.014680253,0.12559226,-0.47070393216533113,-0.8822912264349541,-0.6,0.0,0.0,-0.49008845395999096,0.11087198512110819,-0.059150400457175234,0.0,0.0,0.0,0.0,0.003020586003082419,0.06023796484926435,0.008577546548415638,-1.4260575022780269,5.523932,0.65818465,3.9209666,2.2611516,2.7154794,-1.7135103,61.743763,0.0064316425
circle,nmpc,83.7,-0.4598586,-0.8851093,-0.6002312,-0.0022617646,-0.028062852,-0.46894732,0.123001665,-0.0014793597,-0.0033496444,0.0037112199,-0.014920068,0.12555733,-0.4595798606214871,-0.8881364488135449,-0.6,0.0,0.0,-0.4775220833456232,0.11160651742650463,-0.05775250840323043,0.0,0.0,0.0,0.0,0.0030487260979440286,0.05751292696918951,0.008574762169094252,-1.420456393031868,5.485353,0.6555258,3.911353,2.229527,2.689199,-1.7379075,61.0404,0.0063583744
circle,nmpc,83.80000000000001,-0.44917446,-0.8908136,-0.6002426,-0.002176533,-0.029521452,-0.45638892,0.12103661,-0.0025899815,-0.003517863,0.004376105,-0.014869885,0.12550142,-0.44838321609003057,-0.8938414241512647,-0.6,0.0,0.0,-0.46495571273143055,0.11232342576902865,-0.05634549655875176,0.0,0.0,0.0,0.0,0.0031389042505639846,0.05457059979148916,0.008566792185852545,-1.414951538463921,5.379754,0.6275206,3.8752713,2.132005,2.6503308,-1.7745624,59.072033,0.0061533363
circle,nmpc,83.9,-0.43857786,-0.8964038,-0.60025686,-0.0020633535,-0.030922638,-0.44383678,0.11970052,-0.0034721515,-0.0036849412,0.0048368312,-0.014284915,0.125436,-0.43711576665093194,-0.8994052515663715,-0.6,0.0,0.0,-0.452389342117114,0.11302259694054295,-0.05492958710717755,0.0,0.0,0.0,0.0,0.003348502695713064,0.05201962271274403,0.008552563714785522,-1.4095466850710099,5.221473,0.5783924,3.8180854,1.9817812,2.601405,-1.8210694,56.18715,0.0058528283
circle,nmpc,84.0,-0.4279187,-0.90188915,-0.60026985,-0.0019525622,-0.032202713,-0.431291,0.119757235,-0.0037594892,-0.003842203,0.0049867723,-0.013059468,0.12537083,-0.4257792915650724,-0.9048270524660197,-0.6,0.0,0.0,-0.4398229715025605,0.1137039205329482,-0.05350500363660027,0.0,0.0,0.0,0.0,0.003644337781331884,0.05025953989523239,0.008531957546490554,-1.404128774671434,5.029593,0.5156459,3.747853,1.7973875,2.5455666,-1.874491,52.83333,0.0055034715
circle,nmpc,84.10000000000001,-0.4171238,-0.9072649,-0.6002794,-0.0018604154,-0.03332726,-0.4187518,0.120471306,-0.0036993485,-0.0039830403,0.004958739,-0.011490141,0.12530497,-0.414375580993283,-0.9101059706849962,-0.6,0.0,0.0,-0.4272566008881106,0.11436728895905524,-0.052071971106126824,0.0,0.0,0.0,0.0,0.003962636269552264,0.048918649306692194,0.008504794867373933,-1.3986370510236412,4.8199735,0.44468707,3.6702642,1.5943979,2.4859638,-1.9318873,49.355038,0.0051411497
circle,nmpc,84.2,-0.40616345,-0.91252196,-0.6002843,-0.0017937607,-0.034278948,-0.40621907,0.121440515,-0.0034540494,-0.0041046212,0.0048425877,-0.009749884,0.12523974,-0.4029064357136622,-0.9152411726209178,-0.6,0.0,0.0,-0.41469023027352886,0.11501259746440895,-0.050630715807742366,0.0,0.0,0.0,0.0,0.004252423888857839,0.04778916086718121,0.008471165084167287,-1.3930404674614674,4.6038046,0.3689824,3.5888774,1.3839108,2.425319,-1.9906721,45.971363,0.0047886837
circle,nmpc,84.30000000000001,-0.39503258,-0.91765064,-0.60028446,-0.0017535777,-0.035050966,-0.39369258,0.12244401,-0.0031230522,-0.004206072,0.004694943,-0.007944758,0.12517741,-0.39137366683720104,-0.9202318473658709,-0.6,0.0,0.0,-0.40212385965919323,0.11563974414738332,-0.04918146533244849,0.0,0.0,0.0,0.0,0.004486783591715044,0.04674790385675601,0.008431276813505362,-1.387327682948642,4.3886476,0.29051563,3.5056932,1.1734715,2.365824,-2.0488074,42.806282,0.0044589876
circle,nmpc,84.4,-0.38373622,-0.9226431,-0.60028,-0.0017373774,-0.035642464,-0.3811718,0.12339868,-0.0027649815,-0.004287304,0.004549759,-0.0061343685,0.12512031,-0.37977909552180045,-0.9250772068344583,-0.6,0.0,0.0,-0.38955748904516385,0.11624862997419716,-0.04772444853368141,0.0,0.0,0.0,0.0,0.004654245854982667,0.045725898772763514,0.008385696299573642,-1.381493203784412,4.179205,0.21042052,3.4217873,0.9678395,2.309041,-2.104806,39.91725,0.004158047
circle,nmpc,84.5,-0.3722877,-0.9274925,-0.60027146,-0.001740685,-0.036057435,-0.36865607,0.12423278,-0.0024165607,-0.004348656,0.0044268905,-0.004367044,0.12507029,-0.36812455268467803,-0.9297764858882513,-0.6,0.0,0.0,-0.37699111843099375,0.11683915879473483,-0.04625989549122966,0.0,0.0,0.0,0.0,0.004756259507771946,0.044674538630414734,0.008335049390695293,-1.3755408460583898,3.9779978,0.12921114,3.3375995,0.7696104,2.255997,-2.1577075,37.318256,0.0038873183
circle,nmpc,84.60000000000001,-0.3607015,-0.93219423,-0.6002595,-0.0017581419,-0.0363023,-0.35614464,0.12494399,-0.0020986402,-0.004390625,0.004335761,-0.0026662515,0.12502873,-0.3564118787132498,-0.9343289424566124,-0.6,0.0,0.0,-0.36442474781653195,0.117411237357673,-0.04478803747498539,0.0,0.0,0.0,0.0,0.004798455856333096,0.04357068437214662,0.008280110947101404,-1.369475354037397,3.7861161,0.04722201,3.2533646,0.57997453,2.2071655,-2.207062,35.00036,0.0036458708
circle,nmpc,84.7,-0.3489923,-0.93674433,-0.60024464,-0.0017845574,-0.03638532,-0.34363657,0.12553121,-0.0018118173,-0.004413667,0.004275563,-0.0010499904,0.1249966,-0.3446429231745169,-0.9387338576538742,-0.6,0.0,0.0,-0.35185837720208346,0.1179647753251356,-0.04330910690841794,0.0,0.0,0.0,0.0,0.004789053749171131,0.0424117490762228,0.00822180484109103,-1.3633036452291905,3.6036885,-0.035232283,3.169249,0.3992078,2.1625662,-2.2527928,32.94309,0.0034315714
circle,nmpc,84.80000000000001,-0.33717346,-0.94113976,-0.6002275,-0.0018150249,-0.036315765,-0.33113098,0.12601015,-0.0015578379,-0.004418442,0.004244514,0.00047251556,0.12497398,-0.33281954452298557,-0.9429905358928649,-0.6,0.0,0.0,-0.33929200658759756,0.11849968528712673,-0.04182333733182553,0.0,0.0,0.0,0.0,0.004736424998459152,0.041197574531215427,0.008161025142285061,-1.357033273069225,3.4304783,-0.11736112,3.0858579,0.22726007,2.1218407,-2.295114,31.125877,0.0032422787
circle,nmpc,84.9,-0.32525814,-0.94537926,-0.6002087,-0.0018448344,-0.03610384,-0.3186271,0.12638684,-0.0013452221,-0.0044060135,0.0042417897,0.0018924699,0.12496007,-0.32094360980720915,-0.9470983049947443,-0.6,0.0,0.0,-0.32672563597310234,0.11901588277507535,-0.0403309633654203,0.0,0.0,0.0,0.0,0.004649066076514017,0.03992031976096641,0.008098546711093668,-1.350673517604288,3.2658048,-0.19815084,3.004018,0.06363652,2.0843866,-2.3345304,29.527617,0.0030757936
circle,nmpc,85.0,-0.31325895,-0.9494635,-0.60018873,-0.0018694006,-0.035760574,-0.3061242,0.1266713,-0.0011897236,-0.0043776603,0.004267377,0.003202125,0.124953434,-0.3090169943749461,-0.951056516295154,-0.6,0.0,0.0,-0.314159265358862,0.11951328627549107,-0.03883222067241343,0.0,0.0,0.0,0.0,0.004535142368437143,0.03856628898535229,0.008035055001196003,-1.3442366854315597,3.108549,-0.27663648,2.924556,-0.092642926,2.0494356,-2.3717332,28.12652,0.0029298458
circle,nmpc,85.10000000000001,-0.30118722,-0.95339614,-0.60016805,-0.0018843687,-0.0352973,-0.2936218,0.1268829,-0.0011098583,-0.004334744,0.004320296,0.004399161,0.124952495,-0.29704158157703264,-0.9548645447466436,-0.6,0.0,0.0,-0.3015928947446502,0.11999181724253738,-0.037327345921600585,0.0,0.0,0.0,0.0,0.004401220694511169,0.03712119854631417,0.007971086454168608,-1.337735706648816,2.957382,-0.3518533,2.8483372,-0.24280797,2.0161605,-2.4075067,26.902882,0.0028023834
circle,nmpc,85.2,-0.289053,-0.9571826,-0.6001471,-0.0018860293,-0.0347254,-0.2811195,0.12703593,-0.0011172193,-0.0042785546,0.0043954616,0.005483545,0.12495595,-0.2850192624699746,-0.9585217890173764,-0.6,0.0,0.0,-0.28902652413010926,0.12045140011066047,-0.03581657675011396,0.0,0.0,0.0,0.0,0.004252774782425732,0.03557678285347808,0.007907028499844981,-1.331180868703229,2.8110297,-0.42296076,2.776151,-0.38808143,1.9837824,-2.442606,25.840122,0.0026916794
circle,nmpc,85.30000000000001,-0.27686423,-0.9608253,-0.60012627,-0.0018730196,-0.034056135,-0.26861686,0.12713987,-0.001174094,-0.0042102323,0.004470819,0.0064570135,0.124963515,-0.2729519355173228,-0.9620276715860866,-0.6,0.0,0.0,-0.276460153515944,0.12089196230638533,-0.034300151726007755,0.0,0.0,0.0,0.0,0.004094830383703856,0.033972018762408934,0.007843298371443264,-1.3245802646576925,2.668416,-0.48936138,2.708569,-0.52951396,1.9516042,-2.477685,24.924332,0.0025962845
circle,nmpc,85.4,-0.26462698,-0.96432424,-0.60010576,-0.0018457198,-0.033300396,-0.25611353,0.12720333,-0.0012492181,-0.0041309046,0.0045303246,0.0073232893,0.124974675,-0.2608415062898952,-0.9653816388332743,-0.6,0.0,0.0,-0.2638937829019403,0.12131343425983432,-0.03277831031034406,0.0,0.0,0.0,0.0,0.003931805760524251,0.03233943263171867,0.007780253696618057,-1.3179402182050954,2.5269063,-0.5506595,2.6458642,-0.66961724,1.9188728,-2.5134945,24.137196,0.0025142909
circle,nmpc,85.5,-0.25234747,-0.9676784,-0.60008585,-0.0018054141,-0.03246861,-0.24360926,0.1272227,-0.0013335585,-0.004041586,0.004566252,0.008087202,0.12498834,-0.24868988716485382,-0.9685831611286314,-0.6,0.0,0.0,-0.25132741228699906,0.12171574941573227,-0.031251292819389764,0.0,0.0,0.0,0.0,0.003768795680010834,0.030687648533849587,0.007718147794010476,-1.311268227749145,2.3835602,-0.6063101,2.5883992,-0.8111489,1.8850592,-2.5505624,23.46556,0.002444329
circle,nmpc,85.60000000000001,-0.24003215,-0.9708883,-0.6000668,-0.0017538252,-0.03157023,-0.23110399,0.12719843,-0.0014385391,-0.003943207,0.0045754653,0.008758146,0.12500288,-0.23649899702372273,-0.9716317329146744,-0.6,0.0,0.0,-0.23876104167305773,0.12209884424380091,-0.02971934038714652,0.0,0.0,0.0,0.0,0.003611136512372722,0.02900617790550972,0.007657055171364002,-1.3045711514764493,2.2375438,-0.65603244,2.5364041,-0.95489275,1.850442,-2.5885856,22.907059,0.0023861518
circle,nmpc,85.7,-0.22768997,-0.9739558,-0.6000488,-0.0016930829,-0.030614235,-0.21859773,0.12710905,-0.0015826361,-0.0038366301,0.0045550237,0.009340692,0.12501688,-0.22427076094938,-0.9745268727865775,-0.6,0.0,0.0,-0.22619467105833982,0.1224626582489452,-0.028182694926437435,0.0,0.0,0.0,0.0,0.003466909165428874,0.02727401366010522,0.007596946024579747,-1.2978572815137808,2.0900843,-0.7000952,2.489711,-1.0997218,1.816205,-2.6263244,22.462814,0.0023398765
circle,nmpc,85.80000000000001,-0.21533108,-0.97688335,-0.60003203,-0.0016262899,-0.029609008,-0.20609057,0.12694195,-0.001770506,-0.0037228207,0.0044963015,0.009840604,0.12502979,-0.2120071099220525,-0.9772681235681939,-0.6,0.0,0.0,-0.2136283004440085,0.12280713398073184,-0.026641599091548063,0.0,0.0,0.0,0.0,0.003346316824975685,0.02548582665009374,0.0075377309478537055,-1.2911365475124295,1.9460754,-0.73919433,2.4479563,-1.2410753,1.78447,-2.66153,22.13445,0.002305672
circle,nmpc,85.9,-0.20296356,-0.9796724,-0.6000167,-0.0015578484,-0.028562192,-0.19358255,0.12671435,-0.0019858887,-0.0036031336,0.004387375,0.010264807,0.12504224,-0.1997099805144056,-0.9798550523842472,-0.6,0.0,0.0,-0.2010619298295327,0.12313221704329802,-0.02509629623947962,0.0,0.0,0.0,0.0,0.0032587476321110803,0.023662315535671007,0.0074793801383324365,-1.2844184767849167,1.8118552,-0.773999,2.4108605,-1.3730043,1.7576454,-2.6916685,21.91368,0.0022826747
circle,nmpc,86.0,-0.19058914,-0.98232067,-0.60000294,-0.0014940061,-0.027480671,-0.1810735,0.12647977,-0.0021778557,-0.0034792265,0.004210794,0.010620412,0.1250561,-0.187381314585724,-0.9822872507286888,-0.6,0.0,0.0,-0.1884955592152599,0.12343785610052782,-0.023547030391146695,0.0,0.0,0.0,0.0,0.0032080056298580935,0.021863209116745864,0.007422057509136548,-1.2777104726301287,1.6943847,-0.80472696,2.3785307,-1.488873,1.7379435,-2.7144346,21.78128,0.0022688832
circle,nmpc,86.10000000000001,-0.17819917,-0.9848204,-0.59999067,-0.00144277,-0.026370604,-0.16856307,0.12633157,-0.0022714091,-0.003352938,0.0039498797,0.010913812,0.12507355,-0.17502305897527443,-0.9845643345292057,-0.6,0.0,0.0,-0.17592918860089343,0.12372400288936103,-0.02199404619374068,0.0,0.0,0.0,0.0,0.0031864343376965705,0.020174835806513112,0.0073661206878380125,-1.2710160320759942,1.6015952,-0.83072144,2.3518763,-1.5810025,1.7271727,-2.7279408,21.710884,0.0022615502
circle,nmpc,86.2,-0.16576855,-0.9871546,-0.5999795,-0.0014141233,-0.025237367,-0.15605067,0.12641935,-0.0021518946,-0.0032261459,0.003585684,0.011151909,0.12509686,-0.16263716519488275,-0.9866859442078683,-0.6,0.0,0.0,-0.16336281798658847,0.1239906122238732,-0.020437588881483393,0.0,0.0,0.0,0.0,0.0031663265902973103,0.018726275699629445,0.00731215081987857,-1.2643333541851471,1.5426469,-0.85006255,2.332969,-1.6403846,1.726621,-2.7308207,21.674572,0.002257768
circle,nmpc,86.30000000000001,-0.15324971,-0.9892945,-0.59996885,-0.0014195103,-0.024085682,-0.14353555,0.12695512,-0.0016780632,-0.0031007086,0.0031042795,0.011339908,0.12512743,-0.15022558912075523,-0.9886517447379143,-0.6,0.0,0.0,-0.1507964473720498,0.1242376420033664,-0.018877904236991316,0.0,0.0,0.0,0.0,0.0030918366325519238,0.017687103273172758,0.007260892963022708,-1.2576365793787898,1.5256808,-0.8601407,2.3244007,-1.6588607,1.7368933,-2.7224135,21.650534,0.002255264
circle,nmpc,86.4,-0.1406074,-0.99121445,-0.5999586,-0.0014637542,-0.02292803,-0.13101733,0.12783484,-0.000913855,-0.0029780252,0.0025723686,0.011398866,0.12516221,-0.137790290684637,-0.9904614256966514,-0.6,0.0,0.0,-0.13823007675796556,0.12446505321898893,-0.017315238552639833,0.0,0.0,0.0,0.0,0.002916312842740447,0.017006748402364994,0.0072127494493107736,-1.250901118754871,1.5543258,-0.85882175,2.3281355,-1.6326313,1.7577107,-2.7029946,21.63493,0.0022536386
circle,nmpc,86.5,-0.12784204,-0.9929088,-0.59994924,-0.0015395875,-0.021787774,-0.118496165,0.12874135,-0.00011662822,-0.0028591463,0.0021122708,0.011219305,0.12519525,-0.12533323356430395,-0.9921147013144779,-0.6,0.0,0.0,-0.12566370614327377,0.12467280995896723,-0.015749838591205823,0.0,0.0,0.0,0.0,0.002631964070432653,0.016405030714359198,0.007167541463746486,-1.2441251248341143,1.6261231,-0.84517866,2.3448193,-1.5638748,1.7878368,-2.6738038,21.648073,0.0022550076
circle,nmpc,86.60000000000001,-0.114983365,-0.9943903,-0.59994185,-0.0016317428,-0.020694604,-0.105972596,0.12940736,0.0004939721,-0.0027450998,0.0018068379,0.010738927,0.12522264,-0.11285638487348042,-0.9936113105200085,-0.6,0.0,0.0,-0.11309733552888455,0.12486087941789015,-0.01418195154784252,0.0,0.0,0.0,0.0,0.0022658914509362227,0.015607331739921435,0.0071247400160175806,-1.2373200392244532,1.7331574,-0.819769,2.3735793,-1.4601909,1.8252969,-2.6368928,21.726805,0.0022632086
circle,nmpc,86.7,-0.10208994,-0.99568754,-0.5999375,-0.0017210057,-0.019681528,-0.093447305,0.12955616,0.0007430582,-0.0026369926,0.0016992453,0.009926413,0.12524243,-0.1003617148512144,-0.9949510169813002,-0.6,0.0,0.0,-0.10053096491506713,0.12502923189652848,-0.012611825010000466,0.0,0.0,0.0,0.0,0.001879666550938864,0.014345722416455688,0.007083659652978358,-1.230527856972922,1.8647923,-0.78409743,2.4126306,-1.3319356,1.8676933,-2.5947182,21.90794,0.0022820772
circle,nmpc,86.80000000000001,-0.08920716,-0.99682415,-0.59993684,-0.001794572,-0.018773418,-0.0809207,0.12930147,0.00070901605,-0.0025369618,0.0017296054,0.008865536,0.12525727,-0.0878511965507417,-0.9961336091431726,-0.6,0.0,0.0,-0.0879645943004098,0.12517784081005068,-0.011039706918680725,0.0,0.0,0.0,0.0,0.001522977051821675,0.012707203200468989,0.007043890591284282,-1.2237880142419586,2.011637,-0.739709,2.4602528,-1.1883249,1.9127722,-2.5496008,22.217974,0.0023143722
circle,nmpc,86.9,-0.0763573,-0.99781495,-0.5999397,-0.0018470563,-0.01798532,-0.06839291,0.12885575,0.00051538553,-0.0024470468,0.0018269141,0.0076561975,0.12526979,-0.07532680552793201,-0.9971589002606139,-0.6,0.0,0.0,-0.07539822368595624,0.12530668269140205,-0.0094658455296881,0.0,0.0,0.0,0.0,0.0012230924535877037,0.010872391184179871,0.007005313622689482,-1.2171233382812097,2.166772,-0.6877844,2.515175,-1.0361876,1.9586535,-2.5034313,22.671228,0.0023615866
circle,nmpc,87.0,-0.06354885,-0.9986683,-0.5999457,-0.001878021,-0.01732573,-0.055863954,0.12834635,0.00024416152,-0.00236874,0.001943604,0.0063645146,0.12528126,-0.06279051952931344,-0.9980267284282716,-0.6,0.0,0.0,-0.06283185307182744,0.12541573719496157,-0.007890489373996168,0.0,0.0,0.0,0.0,0.00099480591024646,0.008965042558199184,0.0069678989449925705,-1.2105460581327347,2.3254955,-0.62929577,2.576403,-0.880203,2.0039566,-2.457607,23.272224,0.0024241903
circle,nmpc,87.10000000000001,-0.050782308,-0.9993881,-0.5999545,-0.001890057,-0.01679868,-0.043333817,0.12784746,-5.4104912e-05,-0.0023030809,0.0020504687,0.005035183,0.12529223,-0.050244318179768634,-0.9987369566060176,-0.6,0.0,0.0,-0.050265482457652104,0.12550498709974767,-0.006313887218556413,0.0,0.0,0.0,0.0,0.0008458667803191151,0.00706938815171195,0.006931665184273732,-1.2040619428616082,2.4849656,-0.56499684,2.6432028,-0.7232342,2.0477905,-2.4130495,24.020119,0.0025020957
circle,nmpc,87.2,-0.038053226,-0.9999749,-0.59996545,-0.0018875937,-0.01640502,-0.030802483,0.12740572,-0.00034452262,-0.0022506884,0.0021296332,0.0036997977,0.12530288,-0.037690182669934395,-0.9992894726405892,-0.6,0.0,0.0,-0.03769911184283877,0.12557441831217292,-0.004736288027051838,0.0,0.0,0.0,0.0,0.0007764104874867453,0.0052637306204032985,0.006896629103747852,-1.197670217986187,2.64354,-0.49579054,2.7147176,-0.5669685,2.0896904,-2.3702462,24.91013,0.002594805
circle,nmpc,87.30000000000001,-0.025357002,-1.0004272,-0.59997815,-0.0018758863,-0.01614389,-0.018269934,0.12702213,-0.00060611113,-0.0022118422,0.0021729486,0.0023747494,0.12531334,-0.025130095443336345,-0.9996841892833,-0.6,0.0,0.0,-0.025132741228896763,0.12562401986824373,-0.003157940920872626,0.0,0.0,0.0,0.0,0.0007772371941942215,0.003654969162031233,0.0068628074687305946,-1.1913680521367014,2.8005257,-0.42275494,2.789929,-0.41215813,2.1295736,-2.3293078,25.936,0.002701667
circle,nmpc,87.4,-0.012688287,-1.0007409,-0.5999921,-0.0018605859,-0.016012814,-0.0057361573,0.12670456,-0.00081812276,-0.0021866038,0.0021763553,0.0010756843,0.12532367,-0.012566039883350479,-0.9999210442038161,-0.6,0.0,0.0,-0.012566370614431116,0.12565378393529675,-0.0015790951391481123,0.0,0.0,0.0,0.0,0.0008289432202409591,0.002542526893072431,0.006830213316343042,-1.191947505295536,2.9558342,-0.34716538,2.8676271,-0.25895837,2.167646,-2.2900429,27.090809,0.0028219596
circle,nmpc,87.5,-4.3426e-05,-1.0009098,-0.6000069,-0.0018473793,-0.016008453,0.006798862,0.12643762,-0.0009593292,-0.0021748375,0.00213919,-0.00018960382,0.125334,1.3477304596986769e-15,-1.0,-0.6,0.0,0.0,0.0,0.1256637058132411,0.0,0.0,0.0,0.0,0.0,0.0009108670646891927,0.00249983456267767,0.006798862013965845,-1.19834029081077,3.1129766,-0.26964262,2.9474683,-0.10413432,2.204521,-2.2518013,28.392265,0.0029575273
circle,nmpc,87.60000000000001,0.012583167,-1.0009239,-0.60002226,-0.0018417716,-0.016126422,0.019335225,0.12624343,-0.0009956737,-0.0021764508,0.0020628683,-0.0014112394,0.12534517,0.01256603988335495,-0.9999210442038161,-0.6,0.0,0.0,0.012566370614431027,0.12565378393529764,0.0015790951391481123,0.0,0.0,0.0,0.0,0.0010032209483134364,0.003422579741678437,0.006768854610063907,-1.2048031862619564,3.2745497,-0.19106334,3.02884,0.05464649,2.2406034,-2.2141964,29.859009,0.0031103136
circle,nmpc,87.7,0.025198733,-1.0007743,-0.60003775,-0.0018470103,-0.016361667,0.031873092,0.1261421,-0.0009391237,-0.002191152,0.0019694343,-0.0025833352,0.12535782,0.025130095443339037,-0.9996841892832999,-0.6,0.0,0.0,0.025132741228454814,0.12562401986824545,0.003157940920817115,0.0,0.0,0.0,0.0,0.0010928861452340049,0.004674985750243206,0.0067403508268659255,-1.211328924390827,3.441193,-0.11247552,3.110829,0.2178885,2.2757094,-2.1774566,31.499367,0.0032811838
circle,nmpc,87.80000000000001,0.0378126,-1.0004524,-0.600053,-0.001864175,-0.016708499,0.044412736,0.12615779,-0.0007988279,-0.002218388,0.001879957,-0.0036998834,0.12537304,0.03769018266993709,-0.9992894726405892,-0.6,0.0,0.0,0.03769911184283773,0.1255744183121764,0.004736288027051838,0.0,0.0,0.0,0.0,0.0011705533121444496,0.0059915838365973825,0.006713624006781181,-1.2179092284988247,3.6113875,-0.03474787,3.192488,0.38415188,2.3089736,-2.1425366,33.3047,0.0034692397
circle,nmpc,87.9,0.050435048,-0.9999508,-0.60006756,-0.0018921634,-0.017160827,0.056954492,0.12630263,-0.0005885772,-0.0022572589,0.0018155572,-0.0047570453,0.1253914,0.050244318179771326,-0.9987369566060174,-0.6,0.0,0.0,0.050265482457652104,0.12550498709974767,0.006313887218556413,0.0,0.0,0.0,0.0,0.0012306180659942272,0.007305851498624345,0.006689009425864209,-1.2245302732287888,3.779043,0.04062025,3.271868,0.5477954,2.3387506,-2.111165,35.21479,0.003668207
circle,nmpc,88.0,0.06307017,-0.9992649,-0.600081,-0.0019276442,-0.017713036,0.06949858,0.12651585,-0.00034003053,-0.002306617,0.0017977571,-0.0057594064,0.12541182,0.06279051952931436,-0.9980267284282714,-0.6,0.0,0.0,0.06283185307182744,0.12541573719496157,0.007890489373996168,0.0,0.0,0.0,0.0,0.0012719389690552022,0.00861813143447955,0.006666730602603407,-1.2311785347093076,3.9364069,0.11190796,3.3466077,0.7017075,2.3632228,-2.085229,37.133003,0.003868021
circle,nmpc,88.10000000000001,0.075712845,-0.99839616,-0.60009307,-0.0019650413,-0.018359523,0.08204492,0.12670282,-0.0001082045,-0.0023652972,0.0018482495,-0.006706665,0.12543099,0.0753268055279347,-0.9971589002606138,-0.6,0.0,0.0,0.07539822368639257,0.125306682691409,0.00946584552974361,0.0,0.0,0.0,0.0,0.0012994209973586817,0.009960233475984761,0.006646698129002788,-1.2378389526949456,4.074995,0.1767872,3.4137359,0.83804667,2.3807864,-2.0663476,38.930687,0.0040552807
circle,nmpc,88.2,0.088342115,-0.9973555,-0.6001037,-0.0019965908,-0.01909501,0.0945929,0.1266974,2.584088e-05,-0.0024323545,0.001988125,-0.0076013873,0.12544392,0.08785119655074437,-0.9961336091431724,-0.6,0.0,0.0,0.0879645943004098,0.12517784081005068,0.011039706918680725,0.0,0.0,0.0,0.0,0.0013209155519011762,0.011381154264401717,0.006628304783681385,-1.244498646782998,4.184959,0.23163195,3.4690666,0.94752467,2.3901923,-2.0557508,40.438892,0.0042123846
circle,nmpc,88.30000000000001,0.10091647,-0.99616724,-0.6001132,-0.0020127106,-0.019914063,0.10714132,0.1262789,-4.174857e-05,-0.002507274,0.0022347788,-0.008441002,0.12544478,0.10036171485121707,-0.9949510169813,-0.6,0.0,0.0,0.10053096491463316,0.12502923189652154,0.012611825009944955,0.0,0.0,0.0,0.0,0.0013415559606582428,0.012959978221754187,0.006610358472989672,-1.2511466781755245,4.2548265,0.27075756,3.5066693,1.0189153,2.3906069,-2.054181,41.446434,0.004317337
circle,nmpc,88.4,0.11336764,-0.99487203,-0.60012287,-0.0020026679,-0.020810612,0.119688526,0.125156,-0.00043225204,-0.0025901974,0.0025989197,-0.009217959,0.1254288,0.1128563848734831,-0.9936113105200083,-0.6,0.0,0.0,0.11309733552940368,0.12486087941877833,0.014181951548009053,0.0,0.0,0.0,0.0,0.0013659797743636832,0.014844903679044974,0.006591190266532904,-1.257826919975797,4.2750525,0.28831726,3.5209312,1.0424393,2.3817627,-2.0618014,41.766655,0.0043506934
circle,nmpc,88.5,0.12566924,-0.99349535,-0.6001332,-0.0019640033,-0.021760622,0.13223292,0.12375089,-0.0010145014,-0.0026807794,0.0029970242,-0.009751254,0.12539758,0.12533323356430487,-0.9921147013144778,-0.6,0.0,0.0,0.12566370614326444,0.12467280995985541,0.015749838591316845,0.0,0.0,0.0,0.0,0.0014271703987645565,0.0170023414699405,0.006569213192100853,-1.2645636189999017,4.242671,0.28122514,3.5093472,1.0145493,2.3641455,-2.0780396,41.331608,0.0043053757
circle,nmpc,88.60000000000001,0.13783343,-0.9920412,-0.60014397,-0.0019024032,-0.022726953,0.14477335,0.12246591,-0.0016177666,-0.0027764197,0.0033446597,-0.009909529,0.12535535,0.1377902906846397,-0.990461425696651,-0.6,0.0,0.0,0.13823007675798074,0.12446505321897505,0.017315238552639833,0.0,0.0,0.0,0.0,0.0015868781170919651,0.01923964056243549,0.006543272407935702,-1.271361080422795,4.1618953,0.24984874,3.473037,0.93870735,2.3389893,-2.1016436,40.21473,0.0041890345
circle,nmpc,88.7,0.14990512,-0.9904912,-0.60015434,-0.001829652,-0.023665098,0.15730917,0.12165617,-0.002073008,-0.002872804,0.0035762785,-0.009619855,0.12530781,0.1502255891207579,-0.9886517447379138,-0.6,0.0,0.0,0.15079644737248651,0.1242376420033664,0.018877904237046828,0.0,0.0,0.0,0.0,0.001873542633420869,0.02130393667439619,0.006512727165172177,-1.2782116737469318,4.043946,0.19797337,3.4165018,0.825418,2.3081675,-2.130821,38.61453,0.0040223463
circle,nmpc,88.80000000000001,0.16196136,-0.9888054,-0.6001624,-0.0017607847,-0.024527723,0.16984038,0.12167891,-0.0022323031,-0.0029646312,0.003653916,-0.008855454,0.12526089,0.1626371651948854,-0.9866859442078678,-0.6,0.0,0.0,0.16336281798658847,0.1239906122238732,0.020437588881483393,0.0,0.0,0.0,0.0,0.002230522087394329,0.022979490951883744,0.006477562562842376,-1.2850548477197223,3.9022112,0.13170932,3.3462029,0.68771815,2.2736723,-2.1637037,36.765827,0.0038297742
circle,nmpc,88.9,0.17404972,-0.98695254,-0.60016686,-0.001705283,-0.025282938,0.18236715,0.122238204,-0.0021647222,-0.0030475364,0.0036272414,-0.0077726366,0.12521654,0.1750230589752771,-0.9845643345292052,-0.6,0.0,0.0,0.17592918860089343,0.12372400288936103,0.02199404619374068,0.0,0.0,0.0,0.0,0.0025843317721241724,0.024395515289673268,0.006437957414273804,-1.2918398838429916,3.747736,0.056459893,3.2676299,0.5365665,2.2371867,-2.1987538,34.853546,0.0036305774
circle,nmpc,89.0,0.18618491,-0.9849158,-0.6001674,-0.0016664703,-0.025913656,0.19488983,0.12299391,-0.0019730348,-0.0031191576,0.003553891,-0.006520649,0.12517588,0.1873813145857249,-0.9822872507286886,-0.6,0.0,0.0,0.18849555921524117,0.1234378560996674,0.02354703039098016,0.0,0.0,0.0,0.0,0.002892858751950066,0.025713808771840728,0.006394269347495346,-1.2985430419464752,3.5881906,-0.023825191,3.1846874,0.37967825,2.1999536,-2.2348573,32.996452,0.0034371305
circle,nmpc,89.10000000000001,0.19836724,-0.9826873,-0.6001641,-0.0016436893,-0.026411258,0.20740888,0.12379198,-0.0017237167,-0.003178385,0.0034715873,-0.005184568,0.1251399,0.19970998051440825,-0.9798550523842466,-0.6,0.0,0.0,0.2010619298296236,0.12313221704242372,0.025096296239313087,0.0,0.0,0.0,0.0,0.0031387077788260108,0.02701574562830512,0.006346945397350895,-1.3051519943638126,3.4282935,-0.10633721,3.1000972,0.22185934,2.1627872,-2.2713108,31.26083,0.0032563366
circle,nmpc,89.2,0.21058792,-0.980266,-0.6001573,-0.0016336712,-0.026773233,0.2199248,0.12453205,-0.0014659102,-0.0032246416,0.0034054096,-0.0038253868,0.12510943,0.21200710992205513,-0.9772681235681934,-0.6,0.0,0.0,0.2136283004444402,0.12280713398073184,0.026641599091603574,0.0,0.0,0.0,0.0,0.003320537079538898,0.028344412738398977,0.006296492202921555,-1.311666843479395,3.2705338,-0.18888907,3.0159287,0.065716214,2.1260862,-2.3077662,29.678242,0.0030914836
circle,nmpc,89.30000000000001,0.22283725,-0.9776549,-0.60014766,-0.0016317153,-0.027000366,0.23243816,0.12519707,-0.0012350334,-0.003257687,0.0033693921,-0.002475689,0.12508495,0.22427076094938264,-0.9745268727865768,-0.6,0.0,0.0,0.22619467105874555,0.12246265824895908,0.028182694926492946,0.0,0.0,0.0,0.0,0.0034440005014916126,0.02972359768497818,0.0062434909104393255,-1.3180918039356417,3.115867,-0.2695359,2.9339888,-0.08765759,2.0899353,-2.3442035,28.260372,0.0029437887
circle,nmpc,89.4,0.23510492,-0.97486174,-0.60013556,-0.0016320981,-0.02709627,0.24494953,0.125769,-0.0010731593,-0.003277305,0.0033738802,-0.00116312,0.12506646,0.23649899702372537,-0.9716317329146738,-0.6,0.0,0.0,0.23876104167262852,0.12209884424380091,0.02971934038709101,0.0,0.0,0.0,0.0,0.0035206228795346627,0.03118314990921261,0.006188492862779504,-1.3244345978319159,2.9644003,-0.34685847,2.855557,-0.23801504,2.0541713,-2.3807619,27.006485,0.0028131753
circle,nmpc,89.5,0.24738103,-0.9718951,-0.60012156,-0.0016298648,-0.027066398,0.25745952,0.12624821,-0.0009847304,-0.0032834709,0.003411658,9.462138e-05,0.12505427,0.2486898871648547,-0.9685831611286312,-0.6,0.0,0.0,0.25132741228699906,0.12171574941573227,0.031251292819389764,0.0,0.0,0.0,0.0,0.003563258309422567,0.03271827594798214,0.006132109006641073,-1.330701825639684,2.816034,-0.4197841,2.781574,-0.38532376,2.0185196,-2.4176366,25.911283,0.002699092
circle,nmpc,89.60000000000001,0.2596548,-0.9687615,-0.60010624,-0.0016219441,-0.026917761,0.26996875,0.12662894,-0.0009433168,-0.0032764706,0.0034645856,0.0012825669,0.12504853,0.26084150628989783,-0.9653816388332737,-0.6,0.0,0.0,0.2638937829015139,0.12131343425983432,0.03277831031028855,0.0,0.0,0.0,0.0,0.0035837227085658944,0.034294867622904145,0.0060749651911374825,-1.3369012182519815,2.6705859,-0.48748168,2.7127645,-0.5296602,1.9826701,-2.4550562,24.967579,0.0026007895
circle,nmpc,89.7,0.27191657,-0.9654654,-0.60009,-0.0016066785,-0.026658243,0.28247774,0.12692556,-0.0009299523,-0.0032568835,0.0035193912,0.0023923672,0.1250487,0.2729519355173254,-0.9620276715860858,-0.6,0.0,0.0,0.276460153515944,0.12089196230638533,0.034300151726007755,0.0,0.0,0.0,0.0,0.00359141317901324,0.03589111025600902,0.0060175829571395,-1.3430397869728816,2.5277894,-0.5494622,2.6495612,-0.67123383,1.9463278,-2.4932592,24.16689,0.0025173847
circle,nmpc,89.80000000000001,0.2841576,-0.9620098,-0.6000734,-0.0015835488,-0.026296433,0.294987,0.12715025,-0.0009280896,-0.0032254125,0.0035656528,0.0034171678,0.1250539,0.2850192624699772,-0.9585217890173756,-0.6,0.0,0.0,0.28902652413010926,0.12045140011066047,0.03581657675011396,0.0,0.0,0.0,0.0,0.00359360213822326,0.03748931066096515,0.005960468944307851,-1.3491245207066154,2.3873806,-0.6055547,2.5921054,-0.8102795,1.9092565,-2.5324538,23.50043,0.0024479611
circle,nmpc,89.9,0.29637066,-0.9583963,-0.60005665,-0.0015527438,-0.025841147,0.30749694,0.12732089,-0.0009280805,-0.0031828107,0.0035973357,0.004354829,0.12506308,0.2970415815770369,-0.9548645447466423,-0.6,0.0,0.0,0.3015928947446502,0.11999181724253738,0.037327345921600585,0.0,0.0,0.0,0.0,0.0035953798516782055,0.03908098233863028,0.005904040384515474,-1.355162177197317,2.2491276,-0.65573806,2.5404077,-0.9470181,1.8712583,-2.5727952,22.959965,0.002391663
circle,nmpc,90.0,0.30855012,-0.95462626,-0.6000401,-0.0015147937,-0.025301179,0.3200078,0.12745439,-0.00092697336,-0.0031298946,0.0036120957,0.0052054734,0.1250752,0.3090169943749487,-0.9510565162951532,-0.6,0.0,0.0,0.314159265358862,0.11951328627549107,0.03883222067241343,0.0,0.0,0.0,0.0,0.003600370014396691,0.040665105454444,0.005848535697046186,-1.361157489295533,2.113005,-0.7000295,2.4944596,-1.0814841,1.8321987,-2.6143844,22.538727,0.002347784
circle,nmpc,90.10000000000001,0.3206903,-0.95070034,-0.60002387,-0.0014705699,-0.024685487,0.33251983,0.12755199,-0.0009188061,-0.00306746,0.003607592,0.0059674447,0.12508947,0.3209436098072117,-0.9470983049947436,-0.6,0.0,0.0,0.32672563597310234,0.11901588277507535,0.0403309633654203,0.0,0.0,0.0,0.0,0.0036110121420570803,0.04223526821979122,0.005794193300121542,-1.3671158141076005,1.9788629,-0.7385325,2.4541626,-1.2138321,1.7919662,-2.6572893,22.22996,0.002315621
circle,nmpc,90.2,0.33278623,-0.94661975,-0.6000083,-0.0014208015,-0.024002867,0.34503317,0.12761834,-0.00090947,-0.0029964037,0.0035863447,0.00664224,0.125105,0.3328195445229881,-0.942990535892864,-0.6,0.0,0.0,0.33929200658759756,0.11849968528712673,0.04182333733182553,0.0,0.0,0.0,0.0,0.003629375569662638,0.043797501886243366,0.005741162205127048,-1.3730431177897446,1.8465196,-0.77150184,2.4192736,-1.3442559,1.7505097,-2.7015464,22.027397,0.0022945206
circle,nmpc,90.30000000000001,0.34483436,-0.94238514,-0.5999934,-0.0013664009,-0.023261508,0.35754785,0.12767017,-0.00089521747,-0.0029175412,0.0035476035,0.0072358064,0.1251213,0.34464292317451944,-0.9387338576538732,-0.6,0.0,0.0,0.3518583772020073,0.11796477532516336,0.04330910690841794,0.0,0.0,0.0,0.0,0.0036563003179582456,0.04535117423187341,0.005689472214725488,-1.3789444761924308,1.715902,-0.7991425,2.3896077,-1.4728483,1.7077947,-2.7471433,21.925814,0.002283939
circle,nmpc,90.4,0.35683218,-0.9379968,-0.59997934,-0.0013082054,-0.022469126,0.37006396,0.12771735,-0.0008781628,-0.0028317233,0.0034931279,0.00775285,0.12513794,0.35641187871325236,-0.9343289424566115,-0.6,0.0,0.0,0.36442474781653195,0.117411237357673,0.04478803747498539,0.0,0.0,0.0,0.0,0.003691922333774335,0.046900281221844135,0.00563921273568363,-1.3848226469488916,1.5867336,-0.8219931,2.3646467,-1.5999063,1.6638525,-2.7940443,21.919739,0.002283306
circle,nmpc,90.5,0.3687763,-0.9334547,-0.5999661,-0.0012473316,-0.021633176,0.38258153,0.12775384,-0.0008491614,-0.002739654,0.003421087,0.008195778,0.12515484,0.36812455268467886,-0.929776485888251,-0.6,0.0,0.0,0.37699111843099375,0.11683915879473483,0.04625989549122966,0.0,0.0,0.0,0.0,0.0037356545765175543,0.04843448345753219,0.005590413570501608,-1.3906801682973058,1.4586649,-0.84069175,2.3437636,-1.7257904,1.618727,-2.8421805,22.004313,0.002292116
circle,nmpc,90.60000000000001,0.38066274,-0.9287593,-0.5999538,-0.0011846909,-0.020760693,0.39510053,0.12777275,-0.0008106925,-0.002642089,0.0033344585,0.008568712,0.12517172,0.37977909552180295,-0.9250772068344573,-0.6,0.0,0.0,0.38955748904516385,0.11624862997419716,0.04772444853368141,0.0,0.0,0.0,0.0,0.003786898884808081,0.04995443780272406,0.005543044917085904,-1.3965200944942493,1.3281986,-0.8556095,2.3264372,-1.8538481,1.572149,-2.891868,22.179794,0.0023103955
circle,nmpc,90.7,0.39248717,-0.9239136,-0.5999423,-0.0011207857,-0.019857926,0.40762097,0.12776038,-0.0007858887,-0.0025395683,0.0032381918,0.0088793505,0.12518786,0.39137366683720354,-0.9202318473658698,-0.6,0.0,0.0,0.40212385965968617,0.11563974414735556,0.049181465332504004,0.0,0.0,0.0,0.0,0.0038468818463879817,0.051479080234690944,0.005497106774792593,-1.4023453713099636,1.1927086,-0.86684185,2.3124025,-1.9865357,1.5242827,-2.9429684,22.451998,0.0023387496
circle,nmpc,90.80000000000001,0.404243,-0.91892517,-0.59993196,-0.0010561114,-0.018930634,0.42014265,0.1276786,-0.00080344325,-0.0024324418,0.0031331251,0.009132607,0.12520239,0.40290643571366463,-0.9152411726209166,-0.6,0.0,0.0,0.41469023027377827,0.11501259746521386,0.050630715808130944,0.0,0.0,0.0,0.0,0.0039195435997492365,0.0530265705669394,0.005452420330469776,-1.4081604525980291,1.0521187,-0.8746497,2.3013687,-2.1238997,1.4762712,-2.994355,22.824753,0.0023775783
circle,nmpc,90.9,0.41592097,-0.913806,-0.5999226,-0.0009915803,-0.01798419,0.43266535,0.12748301,-0.00089160714,-0.0023209986,0.0030157983,0.009332216,0.12521464,0.4143755809932854,-0.9101059706849951,-0.6,0.0,0.0,0.4272566008883622,0.11436728895983239,0.0520719711065154,0.0,0.0,0.0,0.0,0.004010561180890189,0.05461272563217971,0.005408747164616312,-1.413973933306952,0.9101965,-0.87981457,2.292776,-2.2623942,1.4304577,-3.0435927,23.287447,0.0024257756
circle,nmpc,91.0,0.42751193,-0.90856826,-0.5999143,-0.00092962856,-0.017023044,0.44518894,0.127171,-0.0010465374,-0.0022058731,0.0028716614,0.009487285,0.1252251,0.4257792915650732,-0.9048270524660192,-0.6,0.0,0.0,0.43982297150263117,0.11370392053375311,0.053505003636988846,0.0,0.0,0.0,0.0,0.004123837605189691,0.056232540397661616,0.005365968068749449,-1.4197973335607819,0.77401197,-0.88412005,2.2852807,-2.3953888,1.3901619,-3.0872273,23.80468,0.002479654
circle,nmpc,91.10000000000001,0.4390105,-0.90321875,-0.59990716,-0.0008746578,-0.016050296,0.4577134,0.12679736,-0.0012334513,-0.0020881859,0.002681649,0.009611068,0.12523544,0.4371157666509344,-0.8994052515663703,-0.6,0.0,0.0,0.45238934211681325,0.1130225969405152,0.054929587107122035,0.0,0.0,0.0,0.0,0.0042592697044082865,0.05786528828170235,0.005324053240318705,-1.4256405450602254,0.65116256,-0.8891586,2.2777464,-2.5157423,1.3587108,-3.1218262,24.323599,0.002533708
circle,nmpc,91.2,0.4504171,-0.89775264,-0.59990096,-0.00083385414,-0.015067708,0.470239,0.12646389,-0.0013694756,-0.0019693398,0.0024183486,0.009716331,0.12524857,0.448383216090033,-0.8938414241512634,-0.6,0.0,0.0,0.46495571273143055,0.11232342576902865,0.05634549655875176,0.0,0.0,0.0,0.0,0.004409549651053543,0.05945459648842709,0.005283300702025873,-1.4315087787848195,0.55024254,-0.89563465,2.2698202,-2.6152124,1.3389915,-3.1443825,24.776386,0.002580874
circle,nmpc,91.30000000000001,0.46173933,-0.8921487,-0.59989566,-0.0008169617,-0.01407617,0.48276636,0.12631126,-0.0013418455,-0.0018510481,0.0020564345,0.009810926,0.1252673,0.4595798606214895,-0.8881364488135437,-0.6,0.0,0.0,0.4775220833456232,0.11160651742650463,0.05775250840323043,0.0,0.0,0.0,0.0,0.004557647338656288,0.06092453053806112,0.005244276698856187,-1.4374002735779907,0.48111632,-0.90303457,2.2622328,-2.684151,1.3332169,-3.152594,25.085625,0.0026130856
circle,nmpc,91.4,0.47299385,-0.8863622,-0.59989095,-0.00083618995,-0.013076042,0.49529615,0.12653369,-0.0009943044,-0.0017351564,0.0015713761,0.009898927,0.12529379,0.47070393216533346,-0.8822912264349528,-0.6,0.0,0.0,0.49008845396017375,0.11087198512033103,0.059150400456786656,0.0,0.0,0.0,0.0,0.004672087819559037,0.06217463472159345,0.005207696485764357,-1.4433044304043212,0.4546609,-0.9096358,2.256771,-2.711746,1.3427564,-3.1449661,25.174541,0.002622348
circle,nmpc,91.5,0.48420814,-0.8803212,-0.5998868,-0.0009050659,-0.012067932,0.50782925,0.12736854,-0.00014863662,-0.0016236593,0.0009500248,0.009976307,0.1253285,0.4817536741017155,-0.8763066800438635,-0.6,0.0,0.0,0.5026548245743726,0.1101199448432233,0.06053895197677406,0.0,0.0,0.0,0.0,0.0047067626805848105,0.06311207253524297,0.00517442433080928,-1.4491759364843348,0.4784413,-0.9137747,2.2550108,-2.690344,1.3679134,-3.1211393,24.999613,0.0026041262
circle,nmpc,91.60000000000001,0.49539015,-0.8739918,-0.59988356,-0.0010223264,-0.0110664265,0.5203656,0.12847821,0.00093163666,-0.0015176485,0.00034023687,0.009901591,0.12536344,0.4927273415482927,-0.870183754669525,-0.6,0.0,0.0,0.5152211951883656,0.10935051535027052,0.06191794369442283,0.0,0.0,0.0,0.0,0.0046481399903856675,0.06393357305304663,0.005144400629200296,-1.4549907056435716,0.5528002,-0.91464096,2.2575562,-2.619397,1.407677,-3.0821018,24.580864,0.0025605066
circle,nmpc,91.7,0.50652903,-0.8673891,-0.59988225,-0.0011722139,-0.010097592,0.5329045,0.12946588,0.0019071109,-0.0014175646,-0.000111292036,0.0095601585,0.12539145,0.5036232016357612,-0.863923417192835,-0.6,0.0,0.0,0.5277875658031882,0.10856381814328131,0.06328715785108852,0.0,0.0,0.0,0.0,0.0045242194979556285,0.06485688674420167,0.005116939926487096,-1.4607504976853058,0.6705391,-0.9122457,2.2640834,-2.50579,1.4598109,-3.03016,23.99979,0.002499978
circle,nmpc,91.80000000000001,0.51759833,-0.8605732,-0.5998836,-0.0013293783,-0.00919397,0.54544497,0.12996428,0.0024728917,-0.0013233324,-0.00030538396,0.008889218,0.12540838,0.5144395337815078,-0.8575266561936515,-0.6,0.0,0.0,0.5403539364177528,0.10775997745088306,0.06464637823183628,0.0,0.0,0.0,0.0,0.0043900805204679216,0.06603275369583095,0.005091028944796072,-1.4664882286105476,0.81968075,-0.90698636,2.2738554,-2.361161,1.5212431,-2.9684768,23.366035,0.002433962
circle,nmpc,91.9,0.5285683,-0.8536194,-0.5998881,-0.0014693368,-0.008385421,0.55798596,0.12985277,0.0025372044,-0.0012354482,-0.00024658605,0.007918777,0.12541531,0.5251746299612963,-0.8509944817946915,-0.6,0.0,0.0,0.5529203070317932,0.10693912020892649,0.06599539020002432,0.0,0.0,0.0,0.0,0.004291839390009694,0.06747964954156432,0.005065654405432163,-1.4722636356836851,0.98913723,-0.89886665,2.286659,-2.1963882,1.5886595,-2.9004662,22.77583,0.002372482
circle,nmpc,92.0,0.5394294,-0.846567,-0.5998954,-0.0015799643,-0.0076879025,0.57052726,0.12947272,0.0023218542,-0.0011556073,-5.464756e-05,0.0067909076,0.12541851,0.5358267949789965,-0.8443279255020151,-0.6,0.0,0.0,0.5654866776457608,0.10610137604022407,0.06733398073105468,0.0,0.0,0.0,0.0,0.0042430216005203995,0.0690950912019473,0.005040577889364961,-1.4781103447612238,1.1697125,-0.88560134,2.3044636,-2.0203524,1.6589243,-2.8293347,22.302057,0.002323131
circle,nmpc,92.10000000000001,0.55018264,-0.83943313,-0.5999051,-0.0016573421,-0.0071092104,0.5830688,0.12902467,0.001965642,-0.0010851648,0.00019039601,0.005588768,0.12542102,0.5463943467342698,-0.8375280400421412,-0.6,0.0,0.0,0.5780530482602266,0.10524687723423298,0.06866193844601298,0.0,0.0,0.0,0.0,0.004241410442183196,0.0708163607649539,0.005015739791378593,-1.4840410125044823,1.3555743,-0.8663565,2.328022,-1.8388042,1.7294638,-2.757701,21.985,0.0022901043
circle,nmpc,92.2,0.56083,-0.83222306,-0.5999164,-0.0017030179,-0.0066533554,0.59561086,0.1285751,0.0015666983,-0.0010251652,0.00043487427,0.004350685,0.12542446,0.5568756164881881,-0.8305958991958126,-0.6,0.0,0.0,0.5906194188747035,0.10437575872623839,0.06997905364491963,0.0,0.0,0.0,0.0,0.004276886704702553,0.07257347667514093,0.004991438135184212,-1.49005918847352,1.5423642,-0.8404375,2.3579493,-1.6560224,1.798278,-2.6875868,21.844484,0.0022754672
circle,nmpc,92.30000000000001,0.5713721,-0.82493603,-0.59992903,-0.0017215995,-0.006322019,0.60815346,0.12814586,0.0011815061,-0.0009765358,0.0006486844,0.0030997624,0.12542915,0.5672689491267588,-0.8235325976284258,-0.6,0.0,0.0,0.603185789489195,0.10348815807598166,0.07128511834003648,0.0,0.0,0.0,0.0,0.004337100931333126,0.07432006640573209,0.0049676729207781545,-1.496166648617866,1.7271533,-0.8076047,2.3944707,-1.474922,1.8639307,-2.6204846,21.885345,0.0022797235
circle,nmpc,92.4,0.5818107,-0.8175677,-0.5999424,-0.0017188787,-0.00611463,0.62069684,0.127766,0.00083244743,-0.00093994784,0.00082019717,0.001857943,0.12543479,0.5775727034222693,-0.8163392507171827,-0.6,0.0,0.0,0.6157521601034907,0.10258421544595553,0.07257992628861842,0.0,0.0,0.0,0.0,0.004412838724713513,0.07604410831222665,0.00494468256695002,-1.5023621244612935,1.9081568,-0.7678252,2.4376123,-1.2972807,1.9254922,-2.5573308,22.10297,0.0023023926
circle,nmpc,92.5,0.59214777,-0.8101129,-0.59995615,-0.0017007899,-0.006029188,0.63324106,0.12744327,0.00052374153,-0.0009158499,0.0009479138,0.00063880126,0.12544076,0.5877852522924742,-0.8090169943749467,-0.6,0.0,0.0,0.6283185307180181,0.10166407357903307,0.07386327302544293,0.0,0.0,0.0,0.0,0.004498272644937146,0.07774376226980573,0.0049225266779169274,-1.5086422978840668,2.0843422,-0.72128844,2.4871843,-1.1241306,1.9823922,-2.4987214,22.487982,0.002342498
circle,nmpc,92.60000000000001,0.60238445,-0.80256647,-0.5999699,-0.0016730767,-0.0060627633,0.645786,0.12717289,0.00025785543,-0.0009044323,0.0010334873,-0.00054911093,0.12544659,0.5979049830575207,-0.8015669848708752,-0.6,0.0,0.0,0.6408849013320319,0.10072787777642978,0.07513495589517305,0.0,0.0,0.0,0.0,0.004589714499175396,0.07941496522963694,0.004901086045134839,-1.5150029672368106,2.255447,-0.6683473,2.5428693,-0.9557698,2.0344684,-2.4447992,23.029514,0.002398908
circle,nmpc,92.7,0.6125209,-0.7949239,-0.5999836,-0.0016409687,-0.0062117833,0.6583317,0.12694395,3.340087e-05,-0.00090582366,0.0010816905,-0.0017000934,0.1254519,0.6079302976946066,-0.7939903986478344,-0.6,0.0,0.0,0.653451271946963,0.09977577587422237,0.07639477408449835,0.0,0.0,0.0,0.0,0.0046845580563909354,0.08105547049742037,0.004880420271817564,-1.5214403783275756,2.421442,-0.60957575,2.604129,-0.7922628,2.0818865,-2.3954182,23.716413,0.0024704596
circle,nmpc,92.80000000000001,0.62255716,-0.7871813,-0.5999968,-0.0016089531,-0.0064717685,0.670878,0.1267542,-0.00015562806,-0.0009199817,0.0010995019,-0.0028057236,0.12545641,0.6178596130903363,-0.7862884321366174,-0.6,0.0,0.0,0.6660176425611156,0.09880791822036716,0.0776425286532767,0.0,0.0,0.0,0.0,0.004781655824145003,0.08267039320346958,0.004860350545726422,-1.5279490049532107,2.5827248,-0.54579306,2.6701863,-0.6332543,2.124997,-2.3502195,24.538406,0.002556084
circle,nmpc,92.9,0.6324919,-0.779336,-0.6000095,-0.0015809169,-0.006837888,0.6834249,0.12658581,-0.00030909534,-0.00094676984,0.0010923607,-0.00386306,0.12546004,0.6276913612907018,-0.7784623015670223,-0.6,0.0,0.0,0.6785840131758468,0.09782445765077474,0.07887802256678622,0.0,0.0,0.0,0.0,0.004879389312512864,0.0842538514466435,0.004840876865504495,-1.534523773010508,2.7400334,-0.477984,2.74013,-0.47808066,2.1644406,-2.3085718,25.487432,0.0026549408
circle,nmpc,93.0,0.642323,-0.7713842,-0.60002154,-0.0015603959,-0.0073046936,0.69597226,0.12643972,-0.00041790976,-0.0009859496,0.001063177,-0.00486641,0.12546305,0.6374239897486904,-0.7705132427757886,-0.6,0.0,0.0,0.691150383789797,0.09682554946538469,0.08010106072608991,0.0,0.0,0.0,0.0,0.004975888277105478,0.08579787773869993,0.004821880023221814,-1.541158317582293,2.8943508,-0.40709487,2.8131113,-0.32585534,2.2009962,-2.2697015,26.558699,0.0027665312
circle,nmpc,93.10000000000001,0.6520474,-0.763321,-0.6000329,-0.0015507734,-0.007866326,0.70852005,0.12631945,-0.00046500648,-0.0010371727,0.0010127969,-0.005812104,0.12546597,0.6470559615694458,-0.7624425110114466,-0.6,0.0,0.0,0.7037167544040303,0.09581135140324104,0.08131144999934392,0.0,0.0,0.0,0.0,0.005068255214183564,0.0872880795528379,0.004803300413169453,-1.5478444774239006,3.046682,-0.33394426,2.888408,-0.17567012,2.235549,-2.232742,27.750366,0.0028906632
circle,nmpc,93.2,0.6616607,-0.75513935,-0.6000436,-0.0015554264,-0.008516718,0.72106844,0.12623002,-0.00042775864,-0.0010999527,0.00094055565,-0.0066984976,0.1254696,0.6565857557529573,-0.7542513807361031,-0.6,0.0,0.0,0.7162831250187011,0.09478202361801191,0.08250899925210664,0.0,0.0,0.0,0.0,0.005152199399001691,0.08870564780664175,0.004785316849127308,-1.554572564817946,3.1981213,-0.25951436,2.9650974,-0.026490277,2.2689512,-2.196848,29.062113,0.0030273034
circle,nmpc,93.30000000000001,0.6711578,-0.74683434,-0.6000534,-0.0015764495,-0.009250224,0.7336174,0.12615597,-0.00031814046,-0.0011737422,0.0008585195,-0.007530235,0.12547398,0.6660118674342532,-0.7459411454241807,-0.6,0.0,0.0,0.7288494956328969,0.09373772865323149,0.08369351937798086,0.0,0.0,0.0,0.0,0.005223125082523345,0.09005708851927699,0.00476792933200787,-1.561337156928811,3.3497438,-0.1848189,3.0422106,0.12271448,2.3019633,-2.1612532,30.495096,0.0031765727
circle,nmpc,93.4,0.6805361,-0.73840386,-0.60006255,-0.0016139438,-0.010061243,0.7461672,0.12609926,-0.00017333771,-0.0012580239,0.00078591675,-0.008308018,0.12547886,0.6753328081210255,-0.7375131173581729,-0.6,0.0,0.0,0.7414158662472586,0.09267863141376731,0.08486482332636935,0.0,0.0,0.0,0.0,0.005279345148030096,0.09137838794190307,0.004751316675104644,-1.5681327027717598,3.5023942,-0.11065438,3.1189582,0.27278185,2.3352377,-2.1253426,32.051735,0.0033387225
circle,nmpc,93.5,0.6897935,-0.7298488,-0.60007095,-0.0016666896,-0.010944706,0.75871766,0.12604411,-2.0448777e-05,-0.0013521825,0.0007352572,-0.009037171,0.12548423,0.6845471059286892,-0.7289686274214111,-0.6,0.0,0.0,0.7539822368616086,0.09160489914400438,0.08602272613533746,0.0,0.0,0.0,0.0,0.005320214019204788,0.09268934973267343,0.004735419273950492,-1.5749581816668397,3.656603,-0.037582498,3.1947813,0.4242397,2.369264,-2.088642,33.734604,0.003514021
circle,nmpc,93.60000000000001,0.69893044,-0.7211698,-0.60007864,-0.0017328428,-0.01189525,0.7712691,0.12601031,0.00012610473,-0.0014556077,0.0007121537,-0.009714599,0.12549034,0.6936533058128062,-0.7203090248879058,-0.6,0.0,0.0,0.766548607476266,0.09051670139875734,0.08716704495870253,0.0,0.0,0.0,0.0,0.00534746097051333,0.09401085351742663,0.004720475546805325,-1.5818092730361695,3.8126974,0.034035098,3.2692912,0.57744175,2.4044013,-2.0508053,35.54647,0.0037027579
circle,nmpc,93.7,0.7079462,-0.7123701,-0.60008556,-0.0018102159,-0.01290835,0.78382146,0.12597392,0.00025535395,-0.0015676843,0.0007193726,-0.010348489,0.12549736,0.7026499697988497,-0.7115356772092848,-0.6,0.0,0.0,0.7791149780901163,0.08941421001712468,0.0882975990951218,0.0,0.0,0.0,0.0,0.005362222822928232,0.09534415201356056,0.0047064854947835855,-1.5886832392174999,3.9706712,0.10382791,3.3421018,0.7323978,2.4408803,-2.0115993,37.48749,0.0039049468
circle,nmpc,93.80000000000001,0.71683943,-0.7034539,-0.6000919,-0.0018966517,-0.013979949,0.796375,0.12591986,0.00036354957,-0.0016879273,0.0007560537,-0.010943202,0.12550545,0.7115356772092866,-0.702649969798848,-0.6,0.0,0.0,0.7916813487044698,0.0882975990951218,0.08941421001706917,0.0,0.0,0.0,0.0,0.005365124850804238,0.09668662787711972,0.004693627930509425,-1.5955789171149428,4.130329,0.17141752,3.4128168,0.88893056,2.4788606,-1.9708939,39.55569,0.004120385
circle,nmpc,93.9,0.72560894,-0.6944262,-0.6000976,-0.0019901171,-0.01510607,0.80892986,0.1258451,0.0004480848,-0.0018158196,0.00082044984,-0.011499287,0.12551472,0.7203090248879076,-0.6936533058128043,-0.6,0.0,0.0,0.8042477193190783,0.0871670449580364,0.09051670139814672,0.0,0.0,0.0,0.0,0.005356865690214303,0.09803899829155942,0.004682141272810081,-1.6024966536422667,4.2915106,0.23658319,3.481199,1.0468955,2.5184073,-1.928619,41.749718,0.004348929
circle,nmpc,94.0,0.7342546,-0.6852901,-0.6001028,-0.002088921,-0.01628238,0.8214862,0.1257669,0.00051207916,-0.001950873,0.0009086564,-0.0120129185,0.12552518,0.7289686274214117,-0.6845471059286885,-0.6,0.0,0.0,0.8168140899335038,0.08602272613472683,0.09160489914339376,0.0,0.0,0.0,0.0,0.005338922473502628,0.09940476530401907,0.004672085126768422,-1.609436144489473,4.4540415,0.29922706,3.5471523,1.206117,2.5595195,-1.8847802,44.068565,0.0045904755
circle,nmpc,94.10000000000001,0.74277663,-0.67604774,-0.6001075,-0.0021918132,-0.017504424,0.8340441,0.12569803,0.00056240585,-0.0020925542,0.001015718,-0.012482718,0.12553696,0.7375131173581747,-0.6753328081210235,-0.6,0.0,0.0,0.8293804605476418,0.08486482332575873,0.09267863141310118,0.0,0.0,0.0,0.0,0.005312934681653338,0.100782580644513,0.004663638306423135,-1.616395801039486,4.617775,0.35940576,3.6107173,1.3664643,2.602145,-1.8394363,46.512203,0.0048450218
circle,nmpc,94.2,0.7511753,-0.6667005,-0.6001117,-0.0022978263,-0.018767986,0.8466038,0.1256401,0.0006027598,-0.0022403062,0.001138264,-0.012910827,0.12554999,0.7459411454241824,-0.6660118674342513,-0.6,0.0,0.0,0.8419468311617643,0.08369351937742575,0.09373772865256536,0.0,0.0,0.0,0.0,0.0052804245295815936,0.10216974374042201,0.0046569796254366524,-1.6233733938434738,4.782725,0.41714135,3.671912,1.5279553,2.6462379,-1.7926309,49.08215,0.005112724
circle,nmpc,94.30000000000001,0.75945014,-0.6572503,-0.6001155,-0.0024061326,-0.020069283,0.8591655,0.12558605,0.00063433143,-0.0023936185,0.0012743679,-0.013301521,0.12556416,0.7542513807361048,-0.6565857557529553,-0.6,0.0,0.0,0.8545132017764856,0.08250899925210664,0.09478202361806742,0.0,0.0,0.0,0.0,0.005242328450519461,0.10356229749484956,0.004652287897128904,-1.630367822517184,4.9486985,0.47243822,3.7307215,1.6904165,2.691706,-1.7444506,51.77699,0.0053934376
circle,nmpc,94.4,0.767601,-0.64769846,-0.6001189,-0.0025160953,-0.021404635,0.8717292,0.12554076,0.0006603798,-0.0025520364,0.0014216489,-0.013655734,0.12557925,0.7624425110114483,-0.6470559615694438,-0.6,0.0,0.0,0.8670795723905296,0.08131144999939943,0.09581135140324104,0.0,0.0,0.0,0.0,0.005199719498276162,0.10495928936087752,0.004649622727420866,-1.637376658894861,5.1154847,0.52546245,3.78729,1.8536582,2.738418,-1.6950448,54.596024,0.0056870854
circle,nmpc,94.5,0.7756271,-0.63804716,-0.60012186,-0.0026270612,-0.02277084,0.88429505,0.12549381,0.00067849027,-0.0027150747,0.001579812,-0.0139781,0.125595,0.7705132427757891,-0.6374239897486897,-0.6,0.0,0.0,0.87964594300544,0.0801010607260344,0.09682554946538469,0.0,0.0,0.0,0.0,0.005153104407107574,0.10635849882352869,0.0046491033240583235,-1.6443990175373802,5.282841,0.57627326,3.8416543,2.0174618,2.786241,-1.6445302,57.53658,0.0059933937
circle,nmpc,94.60000000000001,0.78352773,-0.6282984,-0.6001246,-0.0027384728,-0.024164785,0.8968631,0.12544765,0.0006891943,-0.0028823502,0.0017474928,-0.0142694935,0.12561111,0.778462301567024,-0.6276913612906998,-0.6,0.0,0.0,0.8922123136193271,0.07887802256678622,0.09782445765083025,0.0,0.0,0.0,0.0,0.005103195781166758,0.10776036903571258,0.004650789293575763,-1.651435102745224,5.4554296,0.625198,3.8945513,2.186078,2.8355863,-1.5925345,60.67577,0.0063203922
circle,nmpc,94.7,0.79130274,-0.6184508,-0.600127,-0.0028499065,-0.025583562,0.9094336,0.12543018,0.0007119606,-0.0030533727,0.0019230009,-0.014531842,0.12562887,0.7862884321366189,-0.6178596130903342,-0.6,0.0,0.0,0.9047786842337809,0.0776425286532767,0.09880791822036716,0.0,0.0,0.0,0.0,0.00505063754416317,0.10915951521717797,0.004654919052962225,-1.6584848546941975,5.6400423,0.67216617,3.9467487,2.3654616,2.8865843,-1.5389624,64.134895,0.0066807177
circle,nmpc,94.80000000000001,0.79895157,-0.608494,-0.60012877,-0.0029611643,-0.027024385,0.92200714,0.12551168,0.0008020071,-0.0032275284,0.0021038295,-0.014766388,0.12565272,0.793990398647837,-0.6079302976946032,-0.6,0.0,0.0,0.9173450548482843,0.07639477408444284,0.09977577587422237,0.0,0.0,0.0,0.0,0.004994747973330515,0.1105382011195291,0.004662088649182716,-1.6655435900873783,5.8334823,0.7168921,3.9981353,2.5522416,2.9368863,-1.4862195,67.87662,0.0070704813
circle,nmpc,94.9,0.8064737,-0.598411,-0.60012954,-0.0030712702,-0.028484521,0.9345848,0.12574707,0.0009961862,-0.0034039468,0.0022975614,-0.014973611,0.12568687,0.8015669848708779,-0.5979049830575172,-0.6,0.0,0.0,0.9299114254625106,0.07513495589522856,0.10072787777642978,0.0,0.0,0.0,0.0,0.004934413976972119,0.11189094347009891,0.004673370966169821,-1.6725975473857755,6.024405,0.759222,4.0476537,2.7359757,2.9823503,-1.4385046,71.70266,0.007469025
circle,nmpc,95.0,0.81386685,-0.5881901,-0.6001288,-0.003176914,-0.029962141,0.94716763,0.12608814,0.0012715958,-0.0035816417,0.0025272262,-0.015162435,0.12573095,0.8090169943749482,-0.587785252292472,-0.6,0.0,0.0,0.9424777960771382,0.07386327302544293,0.10166407357908858,0.0,0.0,0.0,0.0,0.004868430660084773,0.11322064620359375,0.004689838886851039,-1.6796318611603678,6.2023206,0.79994476,4.0946317,2.9076362,3.019079,-1.3997672,75.40324,0.007854504
circle,nmpc,95.10000000000001,0.8211283,-0.57783335,-0.60012645,-0.0032713115,-0.03145631,0.9597559,0.1264221,0.0015478457,-0.0037598112,0.0028271812,-0.015341357,0.12577823,0.8163392507171853,-0.5775727034222657,-0.6,0.0,0.0,0.9550441666914059,0.07257992628861842,0.10258421544595553,0.0,0.0,0.0,0.0,0.004797812464539698,0.11454896178677773,0.004711730830566752,-1.6866362610651249,6.357136,0.83994734,4.1383324,3.0587537,3.0438805,-1.3732321,78.75143,0.008203274
circle,nmpc,95.2,0.8282558,-0.56735885,-0.60012233,-0.0033449633,-0.032965932,0.97234887,0.12662165,0.0017293426,-0.0039379667,0.0032241042,-0.015507859,0.12581708,0.8235325976284283,-0.5672689491267553,-0.6,0.0,0.0,0.9676105373057016,0.07128511834003648,0.10348815807598166,0.0,0.0,0.0,0.0,0.004725614183010533,0.1158986440520171,0.0047383315411917435,-1.6936003047052506,6.4769616,0.87830335,4.1763873,3.1788802,3.054285,-1.3612837,81.45169,0.00848455
circle,nmpc,95.30000000000001,0.8352462,-0.556812,-0.6001175,-0.0033856758,-0.034490522,0.9849441,0.1264533,0.0016752591,-0.004116333,0.003744265,-0.015666911,0.12583241,0.830595899195814,-0.556875616488186,-0.6,0.0,0.0,0.9801769079201933,0.06997905364491963,0.10437575872623839,0.0,0.0,0.0,0.0,0.004652225597540817,0.1172760708755056,0.004767197228122133,-1.700522638794782,6.5475345,0.9113176,4.2042747,3.2545803,3.048518,-1.3655393,83.1271,0.008659071
circle,nmpc,95.4,0.84209824,-0.5462718,-0.60011405,-0.0033789526,-0.036028817,0.99753785,0.12563744,0.0011982163,-0.0042961263,0.004410013,-0.015809007,0.12580957,0.8375280400421427,-0.5463943467342677,-0.6,0.0,0.0,0.9927432785344287,0.06866193844601298,0.10524687723417747,0.0,0.0,0.0,0.0,0.004573260998193281,0.11870462722936988,0.004794572799189489,-1.7074070881053793,6.5531187,0.9317489,4.2149644,3.2699063,3.0255978,-1.3867092,83.34694,0.008681973
circle,nmpc,95.5,0.8488089,-0.5358603,-0.60011584,-0.0033098904,-0.037578445,1.0101253,0.123786844,0.00010540268,-0.004479732,0.0052247536,-0.015921222,0.12573984,0.8443279255020156,-0.5358267949789959,-0.6,0.0,0.0,1.005309649148899,0.06733398073105468,0.10610137604016856,0.0,0.0,0.0,0.0,0.004482581300480464,0.12017545578495735,0.00481563027767562,-1.7143300555244851,6.4818673,0.9304893,4.200995,3.2113645,2.9857213,-1.4243208,81.78485,0.008519256
circle,nmpc,95.60000000000001,0.8553882,-0.5256296,-0.60012525,-0.0031809218,-0.03911106,1.0227026,0.121540256,-0.0013024884,-0.0046680206,0.0060149096,-0.015742054,0.12563226,0.850994481794693,-0.525174629961294,-0.6,0.0,0.0,1.0178760197631034,0.06599539020002432,0.10693912020892649,0.0,0.0,0.0,0.0,0.004419008891743757,0.12175084536192586,0.0048265549668160546,-1.7213792079620305,6.3368883,0.9039656,4.1611695,3.0796876,2.9307177,-1.4764982,78.54227,0.008181485
circle,nmpc,95.7,0.86185926,-0.51546377,-0.6001389,-0.0030238936,-0.04056111,1.0352678,0.12038787,-0.002245823,-0.0048546884,0.006483441,-0.014899836,0.1255099,0.8575266561936529,-0.5144395337815054,-0.6,0.0,0.0,1.030442390377295,0.06464637823228037,0.10775997745166022,0.0,0.0,0.0,0.0,0.004454191914234652,0.12341781757833764,0.004825439517724517,-1.7285083728286936,6.136544,0.8569109,4.1019897,2.8914688,2.8638425,-1.5401514,74.15204,0.007724172
circle,nmpc,95.80000000000001,0.868238,-0.5052092,-0.6001515,-0.0028732142,-0.041865923,1.0478208,0.12063472,-0.0025131796,-0.0050291684,0.0065970183,-0.013427308,0.12538634,0.8639234171928364,-0.503623201635759,-0.6,0.0,0.0,1.0430087609919925,0.0632871578515326,0.10856381814411398,0.0,0.0,0.0,0.0,0.004599320177662391,0.12510849214406194,0.004812045511303432,-1.7355985485669743,5.9024086,0.7966695,4.0315714,2.6675098,2.788946,-1.611708,69.21811,0.0072102193
circle,nmpc,95.9,0.8745203,-0.4947936,-0.6001603,-0.002746908,-0.042993154,1.0603617,0.12150184,-0.0023891714,-0.0051845293,0.0065119034,-0.011632314,0.12526652,0.8701837546695264,-0.4927273415482904,-0.6,0.0,0.0,1.0555751316060098,0.06191794369492243,0.10935051535101992,0.0,0.0,0.0,0.0,0.004806322525140792,0.1267394086889813,0.004786611367317838,-1.7425878703037934,5.6512537,0.7286102,3.9554498,2.424417,2.7097251,-1.6877692,64.1821,0.006685635
circle,nmpc,96.0,0.8806952,-0.48418975,-0.6001642,-0.0026522703,-0.0439277,1.0728915,0.12257486,-0.0020581952,-0.005318033,0.0063316883,-0.009689271,0.12515642,0.8763066800438639,-0.48175367410171477,-0.6,0.0,0.0,1.0681415022203002,0.06053895197721815,0.1101199448439727,0.0,0.0,0.0,0.0,0.005022024449794296,0.12829914363326614,0.004749971549841359,-1.749449130214497,5.3946505,0.6559988,3.876735,2.173917,2.6293843,-1.7653337,59.31764,0.0061789216
circle,nmpc,96.10000000000001,0.8867521,-0.4733946,-0.60016316,-0.0025896213,-0.044664327,1.0854117,0.123652555,-0.0016447599,-0.0054290523,0.0061245374,-0.007698012,0.12506081,0.8822912264349541,-0.4707039321653312,-0.6,0.0,0.0,1.0807078728349058,0.059150400457175234,0.11087198512110819,0.0,0.0,0.0,0.0,0.005212099091889341,0.12980762869253673,0.0047037949888857344,-1.7561726547716907,5.1400194,0.5806009,3.7968855,1.9237374,2.550514,-1.842055,54.77229,0.0057054474
circle,nmpc,96.2,0.8926817,-0.46241647,-0.6001575,-0.0025556393,-0.04520385,1.0979239,0.12464357,-0.0012140536,-0.0055175466,0.005926461,-0.0057188896,0.12498298,0.8881364488135449,-0.45957986062148715,-0.6,0.0,0.0,1.0932742434488811,0.05775250840328594,0.11160651742650463,0.0,0.0,0.0,0.0,0.005360096072611234,0.13127581236431557,0.0046496314061603705,-1.7627595693825855,4.8920555,0.50335926,3.716536,1.6788808,2.4750497,-1.9161205,50.614246,0.005272317
circle,nmpc,96.30000000000001,0.898477,-0.451268,-0.6001479,-0.0025451363,-0.045550782,1.11043,0.1255215,-0.00080399204,-0.0055838,0.0057563633,-0.0037885788,0.124924414,0.8938414241512646,-0.4483832160900306,-0.6,0.0,0.0,1.105840614063358,0.056345496558363184,0.11232342576822374,0.0,0.0,0.0,0.0,0.005461914547912321,0.13271891489404106,0.004589388149166318,-1.7692161598391525,4.653292,0.4244918,3.6355908,1.4421952,2.4043686,-1.9862764,46.85705,0.004880943
circle,nmpc,96.4,0.9041336,-0.43996322,-0.60013497,-0.002552117,-0.04571215,1.122932,0.12628402,-0.0004383369,-0.005628019,0.0056229443,-0.0019315586,0.124884956,0.8994052515663715,-0.437115766650932,-0.6,0.0,0.0,1.1184069846781612,0.05492958710673346,0.11302259693973804,0.0,0.0,0.0,0.0,0.005521201313505936,0.1341510825013774,0.004524972566711805,-1.7755481420552088,4.4247932,0.34386724,3.5536487,1.2150139,2.3393216,-2.0517187,43.48369,0.004529551
circle,nmpc,96.5,0.9096474,-0.42851946,-0.6001195,-0.002570577,-0.045697484,1.1354314,0.12690222,-0.0001290119,-0.0056503788,0.0055271555,-0.00017201659,0.124863386,0.9048270524660196,-0.42577929156507244,-0.6,0.0,0.0,1.1309733552923362,0.05350500363660027,0.1137039205329482,0.0,0.0,0.0,0.0,0.005546042120975392,0.13556184950808237,0.004458053589804889,-1.781766087527275,4.2070785,0.26157027,3.470533,0.99811727,2.2803068,-2.1118894,40.46864,0.004215483
circle,nmpc,96.60000000000001,0.9150153,-0.41695237,-0.6001021,-0.002595224,-0.045517113,1.1479298,0.12739404,0.00012653378,-0.0056516435,0.0054629897,0.0014827845,0.124857605,0.9101059706849962,-0.41437558099328303,-0.6,0.0,0.0,1.1435397259067859,0.052071971106126824,0.11436728895905524,0.0,0.0,0.0,0.0,0.005545412521351965,0.13695365857451142,0.004390061729017348,-1.7878796759596232,4.000641,0.17810607,3.3865252,0.7922233,2.2274683,-2.1664507,37.788143,0.003936265
circle,nmpc,96.7,0.9202345,-0.4052769,-0.6000836,-0.0026216237,-0.045182467,1.1604284,0.12776501,0.00033322527,-0.005633083,0.0054230415,0.0030224149,0.12486487,0.9152411726209178,-0.40290643571366225,-0.6,0.0,0.0,1.1561060965208745,0.05063071580779788,0.1150125974643812,0.0,0.0,0.0,0.0,0.005528055201897904,0.13832132919250698,0.004322308287169951,-1.7938996176687494,3.805294,0.09379939,3.301747,0.5973479,2.180711,-2.2154005,35.41092,0.0036886372
circle,nmpc,96.80000000000001,0.9253029,-0.3935062,-0.60006446,-0.0026462383,-0.044705704,1.1729281,0.12803224,0.00049707625,-0.005596146,0.0053996285,0.004440238,0.124881975,0.9202318473658709,-0.3913736668372011,-0.6,0.0,0.0,1.1686724671357034,0.04918146533244849,0.11563974414738332,0.0,0.0,0.0,0.0,0.005501604664451366,0.13966601253803965,0.004255627728188216,-1.7998380139005399,3.6213455,0.008277845,3.2157588,0.413866,2.1393137,-2.2593963,33.308136,0.0034695975
circle,nmpc,96.9,0.9302195,-0.38164955,-0.6000452,-0.0026660813,-0.04409878,1.1854296,0.12823512,0.0006283813,-0.0055423146,0.005388591,0.0057387543,0.12490569,0.9250772068344583,-0.3797790955218005,-0.6,0.0,0.0,1.1812388377497327,0.04772444853368141,0.11624862997419716,0.0,0.0,0.0,0.0,0.005472069345320335,0.14099903127708133,0.004190735309349325,-1.8057031621180402,3.4478903,-0.07780641,3.129178,0.24090694,2.1022508,-2.2994173,31.450571,0.003276101
circle,nmpc,97.0,0.93498296,-0.36971495,-0.6000262,-0.0026785417,-0.043373894,1.1979332,0.12838237,0.00073570566,-0.0054729143,0.0053875456,0.006915792,0.124933355,0.9297764858882513,-0.3681245526846781,-0.6,0.0,0.0,1.1938052083639028,0.04625989549122966,0.11683915879473483,0.0,0.0,0.0,0.0,0.005444020643746592,0.1423167784203083,0.004127988657581571,-1.8115028622764173,3.2843413,-0.16418353,3.042378,0.077780925,2.068565,-2.3363678,29.813543,0.0031055773
circle,nmpc,97.10000000000001,0.9395924,-0.35770968,-0.6000078,-0.0026809585,-0.042543177,1.2104391,0.1284824,0.00081987877,-0.0053892843,0.0053984276,0.007972485,0.12496322,0.9343289424566124,-0.35641187871324986,-0.6,0.0,0.0,1.2063715789783647,0.04478803747498539,0.117411237357673,0.0,0.0,0.0,0.0,0.005421120293192515,0.14362219825365102,0.004067506982023517,-1.8172466364796636,3.1279297,-0.2485523,2.9575524,-0.078174196,2.037203,-2.3712497,28.371971,0.0029554134
circle,nmpc,97.2,0.9440498,-0.34564084,-0.59999007,-0.0026705256,-0.04161838,1.2229474,0.12854475,0.0008594792,-0.0052927304,0.0054241405,0.008912887,0.12499388,0.9387338576538741,-0.34464292317451695,-0.6,0.0,0.0,1.2189379495928132,0.04330910690841794,0.1179647753251356,0.0,0.0,0.0,0.0,0.005408781425870089,0.14493715142072439,0.0040094094922698,-1.8229437788983676,2.9767027,-0.32908857,2.8764412,-0.22882624,2.0071528,-2.405002,27.10803,0.0028237533
circle,nmpc,97.30000000000001,0.94835794,-0.33351615,-0.5999734,-0.0026450402,-0.04061102,1.235458,0.12856637,0.000842574,-0.0051845205,0.0054600816,0.009739734,0.12502463,0.9429905358928654,-0.33281954452298396,-0.6,0.0,0.0,1.2315043202068825,0.04182333733188104,0.11849968528712673,0.0,0.0,0.0,0.0,0.005412484884357478,0.14626834485103088,0.003953696188686351,-1.8286045782356577,2.8296044,-0.40456328,2.8002224,-0.37518063,1.9775627,-2.4384356,26.00906,0.0027092772
circle,nmpc,97.4,0.9525185,-0.32133988,-0.59995776,-0.0026042154,-0.03953162,1.247971,0.12857276,0.0007957151,-0.005065936,0.0054885303,0.010463292,0.1250555,0.947098304994745,-0.32094360980720754,-0.6,0.0,0.0,1.244070690821376,0.040330963365475814,0.11901588277507535,0.0,0.0,0.0,0.0,0.0054348478114885496,0.14760855932815412,0.0039003670704698123,-1.8342345706328438,2.68568,-0.47444636,2.7294166,-0.5181824,1.9477345,-2.4722028,25.06166,0.0026105894
circle,nmpc,97.5,0.9565311,-0.3091168,-0.59994334,-0.0025490327,-0.038390532,1.2604866,0.12855153,0.0007370517,-0.0049381326,0.0054981103,0.011085149,0.12508631,0.951056516295154,-0.3090169943749462,-0.6,0.0,0.0,1.2566370614360347,0.03883222067241343,0.11951328627549107,0.0,0.0,0.0,0.0,0.005475794160927891,0.1489353320483399,0.003849541347168417,-1.8398411428649775,2.544237,-0.53847814,2.6642942,-0.6585351,1.9171299,-2.506805,24.25469,0.0025265303
circle,nmpc,97.60000000000001,0.96039486,-0.2968493,-0.59993005,-0.002481267,-0.037197016,1.2730044,0.12852418,0.00067942496,-0.004802314,0.005482165,0.011616263,0.12511683,0.9548645447466436,-0.2970415815770327,-0.6,0.0,0.0,1.2692034320502465,0.037327345921600585,0.11999181724253738,0.0,0.0,0.0,0.0,0.005534098002712902,0.1502510315733556,0.0038009806008154623,-1.8454291878754059,2.4048977,-0.596571,2.6049914,-0.7966644,1.8853576,-2.5425894,23.579418,0.0024561894
circle,nmpc,97.7,0.964108,-0.28453916,-0.599918,-0.0024031857,-0.035959713,1.2855248,0.12849374,0.00063390477,-0.0046596006,0.0054369303,0.012062575,0.125147,0.9585217890173763,-0.28501926246997467,-0.6,0.0,0.0,1.281769802664364,0.03581657675016947,0.12045140011066047,0.0,0.0,0.0,0.0,0.005607393555228753,0.15154867491812468,0.0037550424589269933,-1.851004207765066,2.2675855,-0.64862716,2.5516183,-0.9326597,1.8521816,-2.5797894,23.029161,0.002398871
circle,nmpc,97.80000000000001,0.9676692,-0.27218607,-0.59990704,-0.00231702,-0.034686256,1.2980475,0.12848097,0.00060173427,-0.004511057,0.0053638257,0.012433787,0.12517665,0.9620276715860866,-0.27295193551732283,-0.6,0.0,0.0,1.2943361732789527,0.034300151726007755,0.12089196230638533,0.0,0.0,0.0,0.0,0.0056940239605075445,0.15284016255210564,0.0037113692930688114,-1.8565674516165451,2.1321785,-0.69477725,2.5040963,-1.0666947,1.8174396,-2.6185331,22.597038,0.0023538582
circle,nmpc,97.9,0.9710759,-0.25979176,-0.5998972,-0.0022250914,-0.03338431,1.3105727,0.12846455,0.00059035275,-0.0043575885,0.00526292,0.012729405,0.125206,0.9653816388332743,-0.2608415062898953,-0.6,0.0,0.0,1.3069025438933828,0.03277831031028855,0.12131343425983432,0.0,0.0,0.0,0.0,0.005791118606276733,0.15410680520550607,0.0036701995224497352,-1.8621208156501659,1.9983736,-0.7354182,2.4620214,-1.1990657,1.7810656,-2.658884,22.275503,0.0023203648
circle,nmpc,98.0,0.9743252,-0.24735838,-0.5998884,-0.0021295063,-0.032060962,1.3231002,0.12843937,0.0006012751,-0.0042001237,0.005137315,0.012954821,0.12523498,0.9685831611286313,-0.24868988716485388,-0.6,0.0,0.0,1.3194689145078975,0.031251292819389764,0.12171574941573227,0.0,0.0,0.0,0.0,0.005895434340709795,0.15534438724744118,0.003631294728247525,-1.8676691590936605,1.8664261,-0.77057534,2.425381,-1.3295299,1.7430499,-2.7008183,22.060097,0.0022979267
circle,nmpc,98.10000000000001,0.97741556,-0.23488632,-0.59988064,-0.0020317757,-0.03072221,1.3356302,0.12842733,0.0006257546,-0.0040396834,0.0049938434,0.013120801,0.12526341,0.9716317329146744,-0.2364989970237228,-0.6,0.0,0.0,1.3320352851218389,0.02971934038714652,0.12209884424380091,0.0,0.0,0.0,0.0,0.006005635284063832,0.15657361562424035,0.0035948933296992003,-1.8732143555127159,1.7361537,-0.8006281,2.3937774,-1.4582517,1.7034457,-2.7442973,21.9448,0.0022859166
circle,nmpc,98.2,0.98034626,-0.22237712,-0.5998738,-0.001932869,-0.029373743,1.3481625,0.12841915,0.00065433607,-0.0038769967,0.004838665,0.013230132,0.12529111,0.9745268727865775,-0.22427076094938006,-0.6,0.0,0.0,1.3446016557363705,0.02818269492665948,0.12246265824980562,0.0,0.0,0.0,0.0,0.006121037318659595,0.15779621215008185,0.0035608761163516967,-1.8787581775442488,1.6073768,-0.82596177,2.3668268,-1.5854117,1.6623089,-2.789238,21.924393,0.0022837908
circle,nmpc,98.30000000000001,0.9831161,-0.2098329,-0.5998679,-0.0018337152,-0.028020808,1.3606972,0.12840821,0.0006900325,-0.0037127654,0.004672898,0.01328715,0.12531815,0.9772681235681939,-0.21200710992205254,-0.6,0.0,0.0,1.3571680263506363,0.026641599091770107,0.12280713398160614,0.0,0.0,0.0,0.0,0.0062404591196056165,0.15900570395650654,0.0035291238797714453,-1.88430209607112,1.4797311,-0.8471336,2.343972,-1.7113743,1.619731,-2.8355615,21.994183,0.002291061
circle,nmpc,98.4,0.985724,-0.19725673,-0.59986293,-0.0017349906,-0.026668161,1.373234,0.12838611,0.00072969694,-0.0035476016,0.004499731,0.013296655,0.1253445,0.9798550523842471,-0.1997099805144057,-0.6,0.0,0.0,1.369734396965364,0.02509629623947962,0.12313221704329802,0.0,0.0,0.0,0.0,0.006362503555792962,0.16019908877772593,0.003499636619230806,-1.8898473773263713,1.3499517,-0.8647383,2.324587,-1.8393736,1.5755591,-2.8834891,22.154037,0.0023077123
circle,nmpc,98.5,0.9881702,-0.18465403,-0.59985894,-0.0016371091,-0.02531989,1.3857732,0.12833251,0.0007556573,-0.0033818376,0.004322384,0.013265225,0.12537026,0.9822872507286888,-0.18738131458572405,-0.6,0.0,0.0,1.3823007675796575,0.023547030391146695,0.1234378561005417,0.0,0.0,0.0,0.0,0.006485920407800554,0.1613764406058754,0.0034724143356257287,-1.8953951236940316,1.2144494,-0.878961,2.3083344,-1.9728457,1.529902,-2.932992,22.41103,0.0023344823
circle,nmpc,98.60000000000001,0.9904574,-0.17203517,-0.59985596,-0.0015405262,-0.02397959,1.3983146,0.12820217,0.0007386215,-0.0032154862,0.0041409535,0.013197715,0.12539536,0.9845643345292057,-0.17502305897527448,-0.6,0.0,0.0,1.3948671381940032,0.02199404619374068,0.12372400288936103,0.0,0.0,0.0,0.0,0.006608828721576734,0.1625297172029703,0.0034474570284699353,-1.9009470199045382,1.0731832,-0.88975364,2.2951055,-2.1116757,1.4839153,-2.9829447,22.770031,0.0023718781
circle,nmpc,98.7,0.99258965,-0.15941657,-0.59985405,-0.0014463655,-0.022650724,1.4108582,0.12793678,0.00065567344,-0.0030484693,0.003949197,0.013095469,0.12541924,0.9866859442078681,-0.1626371651948828,-0.6,0.0,0.0,1.407433508808308,0.020437588881483393,0.1239906122238732,0.0,0.0,0.0,0.0,0.006726611193360537,0.1636364154990832,0.003424645488566913,-1.9065116033073863,0.9313843,-0.8976225,2.284486,-2.250724,1.4401517,-3.0307124,23.217093,0.002418447
circle,nmpc,98.80000000000001,0.994572,-0.14681365,-0.5998533,-0.0013569209,-0.021335702,1.4234036,0.12754515,0.0005049417,-0.0028811635,0.0037358426,0.012968784,0.12544142,0.9886517447379143,-0.1502255891207553,-0.6,0.0,0.0,1.4199998794226751,0.018877904236880294,0.1242376420024921,0.0,0.0,0.0,0.0,0.006834626137451243,0.1647017065138094,0.0034037412972345304,-1.9121012718222012,0.79605067,-0.90445226,2.2750716,-2.3834732,1.4019568,-3.0728333,23.716413,0.0024704598
circle,nmpc,98.9,0.99640757,-0.13423352,-0.5998536,-0.0012764082,-0.020035287,1.435951,0.12710398,0.0003222622,-0.0027143576,0.0034820044,0.012833928,0.12546313,0.9904614256966514,-0.13779029068463708,-0.6,0.0,0.0,1.4325662500368324,0.01731523855252881,0.12446505321810075,0.0,0.0,0.0,0.0,0.006930272407035859,0.1657479079897888,0.0033847444547447925,-1.9177246623150819,0.67469555,-0.91184723,2.2659802,-2.5031316,1.3726485,-3.1058843,24.217695,0.0025226763
circle,nmpc,99.0,0.99809283,-0.12167207,-0.5998546,-0.0012118391,-0.018749217,1.4485008,0.12671417,0.00019074194,-0.002549047,0.0031598932,0.012700542,0.1254883,0.9921147013144779,-0.125333233564304,-0.6,0.0,0.0,1.4451326206511985,0.015749838591261334,0.12467280995898111,0.0,0.0,0.0,0.0,0.007011652928390732,0.1667793924348845,0.003368131797837126,-1.9233848137232428,0.57605207,-0.9203215,2.257323,-2.6015923,1.3550758,-3.12688,24.656227,0.002568357
circle,nmpc,99.10000000000001,0.99961376,-0.10911083,-0.599856,-0.0011730968,-0.017476851,1.4610536,0.12650713,0.00023076193,-0.0023865942,0.0027408528,0.012571554,0.12552209,0.9936113105200085,-0.11285638487348047,-0.6,0.0,0.0,1.4576989912660183,0.01418195154784252,0.12486087941789709,0.0,0.0,0.0,0.0,0.007076674207302004,0.16779543635205324,0.003354618582004143,-1.9290808213354713,0.51033914,-0.9290889,2.2502236,-2.6689732,1.3513856,-3.1335561,24.955994,0.0025995828
circle,nmpc,99.2,1.0009427,-0.096509695,-0.5998575,-0.0011723583,-0.01621702,1.4736109,0.12668924,0.00059406145,-0.0022286945,0.0022019015,0.012451024,0.12556893,0.9949510169813002,-0.10036171485121445,-0.6,0.0,0.0,1.470265361879824,0.012611825010000466,0.12502923189652154,0.0,0.0,0.0,0.0,0.007124514733769532,0.16882753155445365,0.003345516110898616,-1.9348029489769512,0.4883946,-0.9364642,2.2462978,-2.6943672,1.3628756,-3.124513,25.040974,0.002608435
circle,nmpc,99.30000000000001,1.0020351,-0.083802894,-0.59985864,-0.0012230887,-0.014968782,1.4861742,0.1275114,0.0014595742,-0.0020770733,0.0015299896,0.012335095,0.12563044,0.9961336091431726,-0.08785119655074175,-0.6,0.0,0.0,1.4828317324944869,0.011039706918680725,0.12517784081005068,0.0,0.0,0.0,0.0,0.007157989651216711,0.16992992177766578,0.0033424933127030876,-1.9405095046996983,0.51817787,-0.94045347,2.2471144,-2.66939,1.38978,-3.099435,24.866112,0.00259022
circle,nmpc,99.4,1.0028638,-0.0709534,-0.5998595,-0.0013251893,-0.013743714,1.4987439,0.12872106,0.002605649,-0.0019326201,0.00086046604,0.012096946,0.12569852,0.9971589002606139,-0.07532680552793207,-0.6,0.0,0.0,1.4953981031089403,0.0094658455296881,0.12530668269140205,0.0,0.0,0.0,0.0,0.0071897086948090804,0.17111716597774607,0.0033457886070631378,-1.9461633802954394,0.5990377,-0.9418747,2.2513828,-2.5942197,1.4310595,-3.0593257,24.45208,0.0025470916
circle,nmpc,99.5,1.0034406,-0.057985134,-0.59986115,-0.0014598933,-0.012569138,1.5113198,0.12974893,0.0035852254,-0.0017952735,0.00038129435,0.011579113,0.12576208,0.9980267284282716,-0.06279051952931351,-0.6,0.0,0.0,1.507964473723069,0.007890489373996168,0.12541573719496157,0.0,0.0,0.0,0.0,0.007240249484585388,0.17232346060109285,0.003355282784804458,-1.9517646737879062,0.7212915,-0.9408693,2.2582881,-2.477866,1.4843075,-3.0066822,23.888489,0.002488384
circle,nmpc,99.60000000000001,1.0038095,-0.044968426,-0.59986466,-0.0015982826,-0.011479627,1.5239006,0.13014545,0.0040578474,-0.0016647236,0.00019736296,0.010711445,0.1258138,0.9987369566060176,-0.050244318179768696,-0.6,0.0,0.0,1.5205308443372458,0.006313887218556413,0.12550498709975114,0.0,0.0,0.0,0.0,0.007320079401723333,0.17345441434831885,0.0033697837526589502,-1.9573619144405934,0.87130076,-0.93712795,2.2675858,-2.333413,1.5463036,-2.9448264,23.287193,0.002425749
circle,nmpc,99.7,1.0040132,-0.031963993,-0.59987026,-0.001717846,-0.010501345,1.5364853,0.12998764,0.0040641474,-0.0015419929,0.00024901066,0.009581684,0.12585418,0.9992894726405893,-0.03769018266993268,-0.6,0.0,0.0,1.533097214952059,0.004736288027051838,0.1255744183121764,0.0,0.0,0.0,0.0,0.007424250745135389,0.17451368256718527,0.003388099417142687,-1.9630086937057198,1.0389863,-0.9292904,2.2803922,-2.170696,1.6137406,-2.8771222,22.737173,0.0023684555
circle,nmpc,99.80000000000001,1.004077,-0.018999834,-0.5998777,-0.0018080015,-0.009647911,1.5490732,0.12957923,0.0038123718,-0.001428932,0.00042031618,0.008318098,0.12588625,0.9996841892833,-0.025130095443334628,-0.6,0.0,0.0,1.5456635855660001,0.003157940920872626,0.12562401986824545,0.0,0.0,0.0,0.0,0.007542643971495443,0.17556327088677517,0.003409633733316264,-1.9687336383632377,1.2173015,-0.91636145,2.2977145,-1.9967743,1.6837105,-2.806548,22.299734,0.002322889
circle,nmpc,99.9,1.0040137,-0.00608547,-0.5998865,-0.001865901,-0.008925735,1.5616636,0.12909257,0.0034397303,-0.0013270368,0.00063570327,0.0069941273,0.12591162,0.9999210442038161,-0.01256603988335054,-0.6,0.0,0.0,1.5582299561804656,0.0015790951391481123,0.12565378393529675,0.0,0.0,0.0,0.0,0.007665517565935977,0.17662877246506814,0.0034336714440461606,-1.9745478466144744,1.399965,-0.89698505,2.3208694,-1.8178895,1.753725,-2.7356427,22.014935,0.0022932224
