trajectory,controller,time,x,y,z,roll,pitch,yaw,u,v,w,p,q,r,x_ref,y_ref,z_ref,roll_ref,pitch_ref,yaw_ref,u_ref,v_ref,w_ref,p_ref,q_ref,r_ref,tracking_error_m,velocity_error,yaw_error,reward,T1,T2,T3,T4,T5,T6,control_effort,control_effort_normalized
figure_eight_depth,pid,0.0,0.0,0.0,0.0,0.0,0.0,0.0,0.0,0.0,0.0,0.0,0.0,0.0,0.0,0.0,-0.6,0.0,0.0,0.7853981606558915,0.052359877464131496,0.05235987717703634,0.006544984691991829,0.0,0.0,0.0,0.6,0.0743367360776057,-0.7853981606558915,0.9928553840185055,2.104875,-2.0011694,2.0363808,-1.9326751,-2.24465,2.3082044,26.683521,0.0027795332
figure_eight_depth,pid,0.1,2.575597e-05,3.3189e-05,-0.0030470097,-0.00013317382,4.7455052e-07,0.0019663863,0.0002575597,0.00033189,-0.030470097,-0.0013317382,4.745505e-06,0.019663863,0.010471784116245794,0.01047120994167848,-0.5986910090421451,0.0,0.0,0.7853159064358647,0.10471401307765756,0.1046967875814337,0.01308978994990495,0.0,0.0,0.0,0.5958270266955583,0.1539501422065729,-0.783349520100894,0.9821963020966991,2.2153416,-1.9783691,2.036973,-1.8000005,-2.1291044,2.2859313,25.96951,0.0027051575
figure_eight_depth,pid,0.2,0.00015893753,0.00015111409,-0.008888239,-0.00037582903,2.5682498e-06,0.0057592355,0.0013341595,0.0011844088,-0.058412135,-0.00242657,1.5885911e-05,0.03792849,0.02094241988335696,0.020937826864599815,-0.5973820539709386,0.0,0.0,0.7850690535490393,0.10469678815549534,0.10462789733749721,0.013089251652664835,0.0,0.0,0.0,0.589227469469632,0.16277848925858515,-0.7793098180775523,0.9684146220096602,2.2335143,-1.9676713,2.015305,-1.749462,-2.0501068,2.2347183,25.17929,0.0026228428
figure_eight_depth,pid,0.30000000000000004,0.00043970146,0.00037775925,-0.017250437,-0.00069499755,1.1766822e-05,0.011203684,0.0028208606,0.0022816716,-0.08362112,-0.0031918252,7.152389e-05,0.05444452,0.03141075907812829,0.03139525976465669,-0.5960731706720448,0.0,0.0,0.7846573311162532,0.1046680820506879,0.10451311383980269,0.013088354506918254,0.0,0.0,0.0,0.5804800155292595,0.17371484430334425,-0.7734536472034992,0.9519096978692344,2.2471426,-1.9529274,1.9905577,-1.6963423,-1.9662397,2.17774,24.312122,0.0025325129
figure_eight_depth,pid,0.4,0.00094062026,0.00074678054,-0.027846335,-0.0010642156,3.9579463e-05,0.018104067,0.0050514634,0.0037075016,-0.10595637,-0.0036929918,0.00023016884,0.06900401,0.04187565372919963,0.04183892166615775,-0.5947643950291608,0.0,0.0,0.7840802870087799,0.10462789791118587,0.10435248743619757,0.01308709853742318,0.0,0.0,0.0,0.5698774678641393,0.18497628619592255,-0.7659762199365076,0.9330615830622854,2.2562447,-1.9349786,1.9631302,-1.6418642,-1.8789308,2.116151,23.392859,0.002436756
figure_eight_depth,pid,0.5,0.001763407,0.0013044516,-0.040387306,-0.0014642659,0.00010115907,0.026257161,0.00833244,0.005560307,-0.12540352,-0.00400373,0.0005290293,0.08153154,0.05233595624294383,0.05226423163382673,-0.5934557629230317,0.0,0.0,0.7833372868513121,0.10457624014362232,0.10414608858271349,0.013085483778374485,0.0,0.0,0.0,0.5577088842371007,0.19534899694975605,-0.7570801258002771,0.9122273547507375,2.260731,-1.9146341,1.9333209,-1.587224,-1.7894924,2.0508337,22.441938,0.0023377023
figure_eight_depth,pid,0.6000000000000001,0.0029970997,0.0021012875,-0.054593723,-0.0018799702,0.0002050241,0.03546345,0.0125562465,0.007849725,-0.14205158,-0.0041663563,0.0009038447,0.09206429,0.06279051952931337,0.06266661678215212,-0.592147310230468,0.0,0.0,0.7824275126232177,0.10451311441286859,0.10389400781271596,0.013083510274236598,0.0,0.0,0.0,0.5442492728804478,0.2043219648191987,-0.7469640640093357,0.8897332809866206,2.2580442,-1.8894254,1.8988117,-1.5301929,-1.6989253,1.982589,21.432674,0.0022325702
figure_eight_depth,pid,0.7000000000000001,0.004713981,0.0031894473,-0.07020269,-0.0022992885,0.00035368893,0.04553286,0.017575838,0.010559439,-0.15606652,-0.0042138277,0.0012973439,0.10069674,0.07323819712763169,0.07304151428120581,-0.5908390728233609,0.0,0.0,0.7813499608548116,0.10443852764135259,0.10359635569717057,0.013081178079077382,0.0,0.0,0.0,0.5297519410988442,0.2116883068823429,-0.7358171009929608,0.8658688069047925,2.2488608,-1.8600218,1.8604496,-1.4716105,-1.6080158,1.9120663,20.38568,0.0021235084
figure_eight_depth,pid,0.8,0.006970685,0.004621611,-0.086973116,-0.0027131333,0.0005453512,0.056291096,0.023254845,0.013665154,-0.16766506,-0.0041765007,0.001669255,0.10758646,0.0836778433323155,0.08338437335805114,-0.5895310865677,0.0,0.0,0.780103440413824,0.10435248800837182,0.10325326279610886,0.013078487256790172,0.0,0.0,0.0,0.5144434612874923,0.21741915370430256,-0.7238123445013674,0.8408829666093816,2.2360609,-1.8292944,1.8212433,-1.4144768,-1.5173851,1.8397566,19.35112,0.0020157418
figure_eight_depth,pid,0.9,0.009810015,0.0064503443,-0.104688406,-0.0031153057,0.00077538716,0.06758529,0.029473804,0.017141452,-0.17709099,-0.0040833144,0.0019939248,0.11294777,0.09410831331851431,0.0936906572928623,-0.5882233873225893,0.0,0.0,0.7786865698791186,0.10425500494912893,0.10286487960144142,0.013075437881204799,0.0,0.0,0.0,0.4985209659959134,0.2215942314696546,-0.7111012804008165,0.8149850104348434,2.2198393,-1.7974371,1.7814902,-1.3590878,-1.4275277,1.7660102,18.33592,0.0019099917
figure_eight_depth,pid,1.0,0.013263425,0.00872739,-0.12315728,-0.003502004,0.0010376722,0.079284444,0.036136225,0.020961426,-0.18459632,-0.0039576977,0.0022583737,0.116999134,0.10452846326765346,0.10395584540887964,-0.586916010939264,0.0,0.0,0.7770977744934099,0.10414608915375323,0.10243137647086842,0.013072030035865545,0.0,0.0,0.0,0.48215135439741064,0.2243556753849658,-0.6978133300420778,0.7883478449124757,2.2003324,-1.7646068,1.7414067,-1.305681,-1.3388249,1.691076,17.34479,0.001806749
figure_eight_depth,pid,1.1,0.017351624,0.011502538,-0.14221314,-0.0038711608,0.0013251773,0.0912783,0.043149244,0.02509342,-0.19042723,-0.003816025,0.0024550094,0.11994778,0.11493715049286661,0.11417543505532787,-0.5856089932601082,0.0,0.0,0.7753352826909853,0.1040257525660726,0.1019529435531824,0.013068263814197678,0.0,0.0,0.0,0.46547238923722145,0.22588437584121182,-0.6840569830016925,0.7611122420958403,2.1776516,-1.7309166,1.7011611,-1.2544261,-1.2515606,1.6151353,16.380838,0.0017063376
figure_eight_depth,pid,1.2000000000000002,0.022085356,0.014822527,-0.16171256,-0.004221814,0.0016304558,0.103475295,0.050424833,0.029501181,-0.19481483,-0.0036681641,0.002580599,0.12198078,0.12533323356430426,0.12434494358242741,-0.5843023701176716,0.0,0.0,0.773397122191584,0.10389400838235752,0.10142979070485586,0.01306413931950745,0.0,0.0,0.0,0.4485949555677573,0.22637655338194965,-0.6699218271843551,0.7333898992234953,2.151893,-1.6964464,1.6608853,-1.2054387,-1.1659386,1.5383248,15.446053,0.0016089637
figure_eight_depth,pid,1.3,0.027468542,0.01873094,-0.18153319,-0.0045537897,0.0019465414,0.11580021,0.057904035,0.03415084,-0.19796973,-0.0035207067,0.0026404946,0.12326123,0.13571557243430438,0.13445991030763285,-0.5829961773336879,0.0,0.0,0.7712811156541809,0.10375087104985692,0.10086214739807309,0.013059656664815567,0.0,0.0,0.0,0.43160531308092115,0.22602153676986056,-0.6554809063107475,-0.294732247981129,2.1231148,-1.6612743,1.62066,-1.1588196,-1.082109,1.4607433,14.541581,0.0015147481
figure_eight_depth,pid,1.4000000000000001,0.033499673,0.023268119,-0.20157142,-0.0048674266,0.0022672256,0.12819166,0.06553966,0.039010964,-0.20007953,-0.0033775773,0.0026425319,0.12392767,0.14608302856241162,0.1445158984722358,-0.581690450718092,0.0,0.0,0.7689848758804891,0.10359635626518149,0.1002502626199081,0.013054815973079226,0.0,0.0,0.0,0.4145678638475732,0.22499958570855974,-0.6407932110655401,-0.3231864519851545,2.091357,-1.6254665,1.5805384,-1.1146477,-1.0001814,1.3824638,13.668025,0.0014237528
figure_eight_depth,pid,1.5,0.040170398,0.02847062,-0.22174002,-0.0051632957,0.002586627,0.14059985,0.073267885,0.044050615,-0.20130838,-0.0032400093,0.0025900207,0.12409549,0.15643446504023087,0.15450849718747373,-0.5803852260680388,0.0,0.0,0.7665058005618615,0.10343048097261054,0.09959440476324521,0.013049617376914568,0.0,0.0,0.0,0.3975289447534364,0.22348209717489917,-0.6259059537219567,-0.3519217739641446,2.0566761,-1.5890496,1.5405835,-1.0729569,-0.9202341,1.3035429,12.825684,0.0013360087
figure_eight_depth,pid,1.6,0.04746725,0.034371454,-0.24196589,-0.005442107,0.002899563,0.15298438,0.08104063,0.04924303,-0.20179811,-0.0031084577,0.0024898734,0.123859435,0.16676874671610228,0.16443332336929165,-0.5790805391669211,0.0,0.0,0.7638410665588227,0.10325326336224627,0.0988948615090468,0.013044061018929742,0.0,0.0,0.0,0.38051967564417444,0.22162099307889668,-0.6108566858367768,-0.38089619068441294,2.0191116,-1.5520488,1.5008376,-1.0337746,-0.83848035,1.2201786,11.998756,0.0012498704
figure_eight_depth,pid,1.7000000000000002,0.05537325,0.04099978,-0.26218534,-0.005704459,0.0032017417,0.1653126,0.08882336,0.054559503,-0.20164402,-0.0029809792,0.0023508337,0.12329634,0.1770847403195833,0.1742860236609076,-0.5777764257833896,0.0,0.0,0.7609876237044549,0.10306472286801538,0.09815193970008629,0.013038147051391835,0.0,0.0,0.0,0.36356106144493844,0.21952573653566387,-0.5956750205884195,-0.41008077163140844,1.9786974,-1.5144918,1.4613239,-0.99711823,-0.75906485,1.1365259,11.2065115,0.0011673449
figure_eight_depth,pid,1.8,0.06386688,0.048380528,-0.2823455,-0.0059507233,0.0034893663,0.17755803,0.09656916,0.059971377,-0.20095466,-0.0028547107,0.0021776704,0.12246808,0.1873813145857246,0.18406227634233896,-0.5764729216703715,0.0,0.0,0.7579421881239599,0.10286488016544859,0.09736596520640295,0.01303187563650443,0.0,0.0,0.0,0.34666452038110135,0.21732056756938872,-0.5803841534655279,-0.43945619704470357,1.9354833,-1.4763823,1.4220763,-0.9629752,-0.68203545,1.0526558,10.44868,0.0010884041
figure_eight_depth,pid,1.9000000000000001,0.07292462,0.0565347,-0.30240253,-0.0061810385,0.0037595967,0.18969913,0.10425498,0.06545158,-0.19982165,-0.0027268003,0.001979783,0.12142413,0.19765734037912616,0.1937577932260515,-0.5751700625640902,0.0,0.0,0.7547012350591811,0.10265375716961289,0.09653728278240237,0.013025246946130054,0.0,0.0,0.0,0.3298341361929479,0.21511087133823692,-0.5650021067890318,-0.4690094417724387,1.8895022,-1.4377415,1.3831015,-0.9313408,-0.60739416,0.96860677,9.724812,0.0010130011
figure_eight_depth,pid,2.0,0.08252096,0.06547904,-0.3223201,-0.0063951984,0.0040103095,0.20171827,0.1118557,0.07097084,-0.19832169,-0.0025934696,0.0017641797,0.12020388,0.20791169081775931,0.2033683215379001,-0.5738678841830867,0.0,0.0,0.7512609911929495,0.10243137703248861,0.09566625591558853,0.013018261162067724,0.0,0.0,0.0,0.31306960048773497,0.21298651208755848,-0.5495427204142935,-0.4987332676725064,1.8407964,-1.3985846,1.3444042,-0.9021924,-0.5351279,0.8844227,9.03451,0.0009410947
figure_eight_depth,pid,2.1,0.09262897,0.07522712,-0.34206823,-0.006593024,0.0042400793,0.21360102,0.119352125,0.076510884,-0.19651885,-0.0024547891,0.0015377384,0.118838765,0.21814324139654254,0.21288964578253633,-0.5725664222272386,0.0,0.0,0.7476174264628714,0.10219776414061021,0.09475326666716355,0.013010918475775402,0.0,0.0,0.0,0.2963683894550461,0.2110208091096575,-0.5340164035041159,-0.5286243656235704,1.7893978,-1.3589219,1.3059869,-0.8755108,-0.46523336,0.8001301,8.377384,0.0008726443
figure_eight_depth,pid,2.2,0.10322069,0.08578933,-0.3616221,-0.006774301,0.0044480893,0.22533537,0.12672791,0.0820533,-0.19446644,-0.0023103142,0.0013064159,0.1173536,0.22835087011065575,0.22231758959246375,-0.5712657123767834,0.0,0.0,0.7437662453610214,0.10195294411219358,0.09379871550431462,0.013003219088592033,0.0,0.0,0.0,0.27972839459432186,0.20927353820759503,-0.518430870886496,-0.5586808739008355,1.7353404,-1.3187624,1.2678479,-0.85126996,-0.39770064,0.7157571,7.7531133,0.000807616
figure_eight_depth,pid,2.3000000000000003,0.11426692,0.0971719,-0.38096124,-0.006938464,0.004633863,0.23691128,0.1339611,0.0875712,-0.19220877,-0.0021565356,0.0010735234,0.11576782,0.23853345757858088,0.23164801755993086,-0.5699657902913382,0.0,0.0,0.7397028777141106,0.10169694379456862,0.09280302112479877,0.012995163211571015,0.0,0.0,0.0,0.2631515130884964,0.20779076111736342,-0.5027915957707894,-0.5889021855339396,1.6786764,-1.2781103,1.2299873,-0.8294212,-0.3324992,0.63134825,7.1614847,0.000745988
figure_eight_depth,pid,2.4000000000000004,0.125737,0.10937763,-0.40006876,-0.0070849406,0.0047971457,0.24832022,0.14102782,0.09304652,-0.18978268,-0.0019934366,0.00084119535,0.11409686,0.2486898871648548,0.24087683705085763,-0.5686666916089239,0.0,0.0,0.7354224689417319,0.10142979126102902,0.09176662027300664,0.012986751065591218,0.0,0.0,0.0,0.2466469487466631,0.20660368844562102,-0.48710224704079197,-0.6192882099886177,1.6194576,-1.2369583,1.1924115,-0.80991226,-0.2696091,0.54693437,6.6023383,0.00068774354
figure_eight_depth,pid,2.5,0.1375997,0.12240555,-0.41893068,-0.007212972,0.0049379957,0.25955492,0.14791109,0.09845633,-0.18721879,-0.0018192572,0.00061251153,0.112352684,0.25881904510252074,0.24999999999999997,-0.5673684519449871,0.0,0.0,0.7309198697956227,0.10115151580789017,0.09068996754869885,0.012977982881301475,0.0,0.0,0.0,0.2302351919360018,0.20573166953004682,-0.47136494721490374,-0.6498418482828685,1.5577404,-1.1953067,1.1551172,-0.79268336,-0.20899652,0.46255773,6.0755954,0.0006328745
figure_eight_depth,pid,2.6,0.14982522,0.13625288,-0.43753543,-0.0073221186,0.0050571915,0.27060896,0.1546161,0.10379193,-0.1845426,-0.001637315,0.00039461686,0.110544845,0.2689198206152657,0.25901350468656514,-0.5660711068914239,0.0,0.0,0.7261896255810268,0.10086214795115844,0.0895735352073046,0.012968858899009561,0.0,0.0,0.0,0.21395119750549302,0.205188755376129,-0.455580663998843,-0.6805652943355263,1.4935516,-1.1531731,1.1180801,-0.7777016,-0.15064617,0.37824023,5.5811872,0.00058137364
figure_eight_depth,pid,2.7,0.16238481,0.15091366,-0.45587358,-0.0074117756,0.0051558893,0.2814767,0.1611415,0.109032355,-0.1817753,-0.0014461677,0.00019121946,0.10868051,0.2789911060392293,0.26791339748949833,-0.5647746920156043,0.0,0.0,0.7212259648723643,0.10056171942324221,0.08841781295285123,0.012959379368959745,0.0,0.0,0.0,0.19785201731426608,0.204979182267202,-0.43974925860596115,-0.7114601511211871,1.4269378,-1.1105733,1.0812762,-0.7649117,-0.0945189,0.29402515,5.119157,0.00053324556
figure_eight_depth,pid,2.8000000000000003,0.17525057,0.16637918,-0.47393724,-0.007481334,0.005235446,0.2921531,0.16748291,0.114160575,-0.17893451,-0.0012460436,4.2583783e-06,0.106765255,0.2890317969444716,0.27669577462167205,-0.5634792428593971,0.0,0.0,0.7160227877374715,0.10025026316962116,0.08722330772345521,0.012949544550888703,0.0,0.0,0.0,0.18202660917605737,0.20509836087782907,-0.42386969749890036,-0.7425267692319935,1.3579483,-1.0675174,1.0446844,-0.7542535,-0.040579934,0.20995107,4.6896067,0.00048850075
figure_eight_depth,pid,2.9000000000000004,0.18839468,0.18263826,-0.49172008,-0.007530343,0.005297184,0.3026334,0.1736286,0.119164355,-0.176035,-0.0010387794,-0.00016668977,0.10480335,0.2990407922560867,0.28535678384221586,-0.5621847949381952,0.0,0.0,0.7105736534893188,0.09992781334486334,0.08599054346850044,0.01293935471452512,0.0,0.0,0.0,0.1666101246111623,0.20553251555774923,-0.4079402487575683,-0.7737652521553041,1.2866374,-1.0240027,1.0082946,-0.7456599,0.01119888,0.12604736,4.2926974,0.000447156
figure_eight_depth,pid,3.0,0.20179038,0.19967757,-0.5092168,-0.0075585158,0.005342595,0.31291327,0.17957671,0.12403271,-0.17308915,-0.00082627166,-0.00031999618,0.10279793,0.3090169943749474,0.2938926261462365,-0.5608913837399423,0.0,0.0,0.7048717679970388,0.09959440530935004,0.08472006091922446,0.012928810139256619,0.0,0.0,0.0,0.15180345177320786,0.2062652029009311,-0.3919584991924886,-0.8051729652992549,1.2130526,-0.9800361,0.9720851,-0.7390685,0.06084671,0.042344157,3.9286346,0.0004092327
figure_eight_depth,pid,3.1,0.2154106,0.21748134,-0.5264231,-0.007565682,0.005372955,0.3229886,0.18531069,0.12875439,-0.17010733,-0.00060994,-0.0004579342,0.1007512,0.31895930929807,0.3022995574311874,-0.5595990447241597,0.0,0.0,0.6989099705948144,0.09925007562491817,0.08341241735113081,0.012917911114185276,0.0,0.0,0.0,0.1379025266170155,0.2072693054251674,-0.37592137105601126,-0.8367497292468059,1.1372564,-0.93560433,0.936052,-0.73440003,0.108392335,-0.041130327,3.5976849,0.00037475885
figure_eight_depth,pid,3.2,0.22923124,0.23603277,-0.5433356,-0.0075519015,0.0053901076,0.33285537,0.19084841,0.13332248,-0.16709836,-0.00039233218,-0.0005749482,0.098664604,0.32886664673858323,0.31057389013915515,-0.5583078133209745,0.0,0.0,0.6926807206399102,0.09889486205130749,0.0820681863400452,0.012906657937961086,0.0,0.0,0.0,0.12533060282665232,0.20852880667055892,-0.3598253470189232,-0.8684916928319504,1.0592809,-0.8907334,0.9001515,-0.73160404,0.15386532,-0.12434859,3.3001363,0.0003437642
figure_eight_depth,pid,3.3000000000000003,0.24322882,0.25531283,-0.5599516,-0.007517251,0.0053957268,0.34250963,0.19618201,0.13772531,-0.16406964,-0.00017386778,-0.0006728709,0.09653892,0.33873792024529137,0.3187119948743448,-0.5570177249301476,0.0,0.0,0.6861760837823649,0.098528803541581,0.08068795751001168,0.012895050919281559,0.0,0.0,0.0,0.11467366476197308,0.21001407011448914,-0.3436664564401408,-0.9003945282224436,0.9791848,-0.84542006,0.8643672,-0.73060244,0.19733386,-0.20731257,3.0363677,0.0003162883
figure_eight_depth,pid,3.4000000000000004,0.2573801,0.27530178,-0.576269,-0.0074623004,0.0053913365,0.35194752,0.20130385,0.14196603,-0.16102724,4.0266295e-05,-0.0007533552,0.09437464,0.3485720473218152,0.3267103019950527,-0.5557288149201042,0.0,0.0,0.6793877180299676,0.09815194023823914,0.07927233627508246,0.01288309037611457,0.0,0.0,0.0,0.10668038857462273,0.211696997860929,-0.327440201827041,-0.9324534059445704,0.89701176,-0.7996516,0.82868934,-0.73132926,0.23897578,-0.29018515,2.8069582,0.0002923915
figure_eight_depth,pid,3.5,0.2716642,0.29597843,-0.592286,-0.0073875333,0.005378703,0.36116517,0.2062238,0.14603402,-0.15797523,0.0002507201,-0.00081416505,0.092171445,0.3583679495453002,0.33456530317942906,-0.5544411186269631,0.0,0.0,0.6723068597058418,0.09776431346858461,0.07782194357347505,0.012870776636697556,0.0,0.0,0.0,0.10217006001373591,0.2135525795032963,-0.3111416938046577,-0.964662001371006,0.81280714,-0.7534412,0.79308236,-0.7337164,0.27882293,-0.37292716,2.6124656,0.0002721318
figure_eight_depth,pid,3.6,0.28606173,0.3173204,-0.6080013,-0.007293535,0.0053595756,0.37015855,0.21094401,0.14992397,-0.15491712,0.00045625822,-0.0008556417,0.08992876,0.3681245526846779,0.3422735529643443,-0.5531546713535689,0.0,0.0,0.6649243094231979,0.09736596574025369,0.07633741559537333,0.012858110038316273,0.0,0.0,0.0,0.10180922113242713,0.21555389344352902,-0.2947657562997238,-0.9970078962144259,0.7266174,-0.70679027,0.7575207,-0.7376936,0.3168979,-0.45550963,2.453468,0.00025556958
figure_eight_depth,pid,3.7,0.30055216,0.33930245,-0.62341374,-0.007180691,0.0053349836,0.37892365,0.21543573,0.1536226,-0.15185598,0.0006586681,-0.0008851835,0.08764559,0.3778407868184671,0.3498316702566827,-0.5518695083685231,0.0,0.0,0.6572304182230806,0.09695694073658112,0.07481940350381744,0.012845090928359504,0.0,0.0,0.0,0.1058441008409645,0.2176547903373021,-0.2783067636668062,-1.0294766402778612,0.6385236,-0.6596624,0.7220151,-0.7431539,0.35323173,-0.5378954,2.3305545,0.00024276607
figure_eight_depth,pid,3.8000000000000003,0.3151151,0.36189663,-0.6385226,-0.0070491796,0.005305663,0.38745627,0.21968244,0.1571155,-0.1487946,0.0008599061,-0.000905885,0.08532059,0.387515586452103,0.3572363398164017,-0.5505856649052184,0.0,0.0,0.6492150740558397,0.09653728331174283,0.07326857314912671,0.012831719663763952,0.0,0.0,0.0,0.1140020112485213,0.21981380017353835,-0.2617588059837114,-1.0620624540958912,0.5486043,-0.61203295,0.68656355,-0.7499922,0.3878635,-0.6200416,2.2442985,0.0002337811
figure_eight_depth,pid,3.9000000000000004,0.32973537,0.38507748,-0.6533274,-0.006899932,0.005273539,0.39575207,0.22373262,0.16041619,-0.14573556,0.0010523283,-0.0009060038,0.08295256,0.3971478906347806,0.3644843137107058,-0.5493031761608719,0.0,0.0,0.6408676888165151,0.09610703948592647,0.0716856047766612,0.01281799661112526,0.0,0.0,0.0,0.12565654290717382,0.22203746495149618,-0.2451156164822256,-1.0947573919980287,0.45685768,-0.56394696,0.6510924,-0.7581817,0.42079863,-0.7019397,2.1953068,0.00022867777
figure_eight_depth,pid,4.0,0.34439972,0.40882048,-0.66782784,-0.0067343507,0.005240642,0.4038066,0.2276003,0.16353527,-0.14268093,0.0012310583,-0.00088470784,0.08053992,0.40673664307580015,0.37157241273869707,-0.5480220772955602,0.0,0.0,0.6321771861940786,0.09566625644019666,0.07007119272872675,0.012803922146586988,0.0,0.0,0.0,0.1400954400821367,0.22431599444894218,-0.22837058919967856,-1.1275503535018228,0.36330318,-0.5154082,0.61556745,-0.7676725,0.45203802,-0.7835863,2.1842248,0.00022752344
figure_eight_depth,pid,4.1000000000000005,0.35909548,0.4331006,-0.6820239,-0.0065538757,0.0052086385,0.41161513,0.23128082,0.16647455,-0.1396325,0.001395534,-0.0008458754,0.07808061,0.4162807922604012,0.37849752782587825,-0.5467424034312558,0.0,0.0,0.6231319906266831,0.09521498251136018,0.06842604513976336,0.012789496656118171,0.0,0.0,0.0,0.15669312316043454,0.22662719220954775,-0.21151685734116066,-1.160431425779925,0.26798132,-0.46639803,0.57997614,-0.77839285,0.4815927,-0.8649685,2.211711,0.00023038655
figure_eight_depth,pid,4.2,0.37381244,0.45789278,-0.6959158,-0.0063598063,0.0051793167,0.41917282,0.23478875,0.16923185,-0.13659188,0.001547042,-0.00078852096,0.075572185,0.42577929156507266,0.3852566213878946,-0.5454641896508643,0.0,0.0,0.6137200177226044,0.09475326718672017,0.06675088362587123,0.012774720535069228,0.0,0.0,0.0,0.1749635887669307,0.22895996347207995,-0.19454719429349676,-1.193386910075447,0.17092226,-0.416921,0.5442817,-0.79028046,0.50948703,-0.9460619,2.2784336,0.00023733683
figure_eight_depth,pid,4.3,0.38853985,0.48317125,-0.709504,-0.006153517,0.0051538865,0.42647445,0.23810937,0.1718117,-0.13356055,0.0016847198,-0.000718657,0.073012136,0.43523109937232746,0.39184672866291986,-0.5441874709972622,0.0,0.0,0.6039286665577726,0.09428116109858053,0.06504644296834172,0.012759594188671564,0.0,0.0,0.0,0.19455024853603378,0.2312897703712895,-0.17745421453903476,-1.2264030703056659,0.072168805,-0.3669407,0.5084871,-0.803259,0.53572685,-1.0268608,2.3850844,0.0002484463
figure_eight_depth,pid,4.4,0.40326855,0.50890964,-0.7227891,-0.005936095,0.0051334985,0.43351454,0.2412461,0.1742093,-0.13053992,0.001811383,-0.0006370828,0.07039749,0.4446351791849275,0.3982649590120982,-0.542912282472336,0.0,0.0,0.5937448143284533,0.09379871601866707,0.06331347079108207,0.012744118031537965,0.0,0.0,0.0,0.2151955320461235,0.23359994257753733,-0.16023027890135977,-1.2594641747562054,-0.028238028,-0.3164429,0.4725729,-0.8172538,0.56034,-1.1073399,2.5323448,0.0002637859
figure_eight_depth,pid,4.5,0.41799015,0.53508055,-0.7357719,-0.005708377,0.005119084,0.44028735,0.24419545,0.17641999,-0.12753129,0.0019295032,-0.00054617156,0.06772506,0.4539904997395468,0.4045084971874737,-0.5416386590360236,0.0,0.0,0.5831548139235037,0.09330598485252084,0.06155272723304406,0.012728292487940163,0.0,0.0,0.0,0.2367124836993431,0.23587044696561837,-0.1428674623152273,-1.2925552265055,-0.13025196,-0.26540253,0.436529,-0.8321835,0.5833536,-1.1874743,2.7208877,0.0002834258
figure_eight_depth,pid,4.6000000000000005,0.4326978,0.5616567,-0.74845344,-0.00547119,0.0051116,0.44678673,0.24696328,0.17844543,-0.1245359,0.0020391599,-0.00044584277,0.06499152,0.4632960351198617,0.410574604566852,-0.5403666356053548,0.0,0.0,0.5721444950508262,0.09280302163366949,0.059764984614463224,0.012712117991753313,0.0,0.0,0.0,0.25896365170765695,0.2380912674188652,-0.12535776356927408,-1.3256622658108463,-0.23384023,-0.21380232,0.40033743,-0.84797996,0.6047876,-1.2672493,2.9514217,0.00030743974
figure_eight_depth,pid,4.7,0.44738635,0.5886117,-0.76083475,-0.0052255513,0.005112126,0.45300624,0.24956124,0.1802939,-0.121554896,0.0021384729,-0.0003350144,0.06219335,0.47255076486905395,0.4164606203550497,-0.5390962470534943,0.0,0.0,0.5606991696651462,0.09228988151768758,0.05795102709840738,0.012695594986511516,0.0,0.0,0.0,0.28184608318361476,0.24026080067388228,-0.10769293191986119,-1.358770259134771,-0.33898386,-0.16162802,0.36397576,-0.86458766,0.62465066,-1.3466603,3.2247062,0.00033590687
figure_eight_depth,pid,4.800000000000001,0.462053,0.61591864,-0.7729173,-0.0049720504,0.005121831,0.458939,0.2520017,0.18195708,-0.1185893,0.002231722,-0.00021296594,0.05932641,0.4817536741017153,0.4221639627510076,-0.5378275282087863,0.0,0.0,0.5488036425295769,0.09176662077625686,0.05611165034657972,0.01267872392501923,0.0,0.0,0.0,0.30528048915729034,0.24237088771938134,-0.08986465646657339,-1.3918623029825394,-0.44564658,-0.10887039,0.3274177,-0.8819347,0.6429815,-1.4256756,3.541441,0.00036890013
figure_eight_depth,pid,4.9,0.47669554,0.6435502,-0.7847025,-0.004711184,0.0051415795,0.46457767,0.25428116,0.18343444,-0.11564005,0.002319856,-8.286869e-05,0.056386467,0.4909037536151409,0.4276821300802533,-0.5365605138537985,0.0,0.0,0.5364422278746165,0.09123329679061598,0.054247661170320205,0.012661505269961904,0.0,0.0,0.0,0.32920410037283776,0.24440769324445671,-0.07186455300889383,-1.4249226052843662,-0.5537906,-0.055496708,0.2906596,-0.8999469,0.65980154,-1.5042809,3.9023504,0.00040649483
figure_eight_depth,pid,5.0,0.49131265,0.67147994,-0.7961919,-0.0044437377,0.005172157,0.4699146,0.2564037,0.18473673,-0.112708084,0.0024000646,5.4344528e-05,0.053369086,0.49999999999999994,0.4330127018922193,-0.5352952387243698,0.0,0.0,0.5235987732239428,0.09068996804600937,0.052359877177055036,0.012643939493350853,0.0,0.0,0.0,0.3535663256997579,0.24636924810714916,-0.0536841878719988,-1.4579352752124963,-0.66339666,-0.0014775605,0.2536942,-0.91856843,0.6751135,-1.5824808,4.30825,0.00044877603
figure_eight_depth,pid,5.1000000000000005,0.5059044,0.69968176,-0.80738723,-0.0041704234,0.005214362,0.47494143,0.25837752,0.18586633,-0.10979426,0.0024731506,0.00019866897,0.050269224,0.5090414157503713,0.4381533400219318,-0.5340317375086567,0.0,0.0,0.5102566915945831,0.0901366941242765,0.050449126411056255,0.012626027076745316,0.0,0.0,0.0,0.3783254970012325,0.24825293688537295,-0.03531525911853939,-1.4908862099370142,-0.7744404,0.0532122,0.21651155,-0.93773973,0.6889345,-1.6602672,4.7599406,0.0004958271
figure_eight_depth,pid,5.2,0.52047276,0.7281308,-0.81829053,-0.00389206,0.0052691363,0.47964945,0.26021776,0.18683109,-0.10689935,0.0025381423,0.0003513986,0.047081504,0.5180270093731302,0.44310178961560737,-0.5327700448461835,0.0,0.0,0.49639900340862586,0.08957353569849502,0.048516246991009426,0.012607768511196937,0.0,0.0,0.0,0.40344699377245863,0.2500647845078752,-0.016749549053385993,-1.5237590074711702,-0.8869103,0.10859177,0.17909652,-0.95741504,0.70127344,-1.7376419,5.258305,0.00054774014
figure_eight_depth,pid,5.300000000000001,0.53502053,0.7568021,-0.8289038,-0.0036093022,0.0053372057,0.48402926,0.26192573,0.18763204,-0.10402407,0.0025967986,0.0005102256,0.043799955,0.5269557954966776,0.4478558801197065,-0.5315101953268919,0.0,0.0,0.4820083895846335,0.08900055452493172,0.04656208674144735,0.012589164297305278,0.0,0.0,0.0,0.4289006275864639,0.25179851595853997,0.002020873673346857,-1.556538018617692,-1.0007938,0.16471285,0.14143899,-0.9775199,0.71214545,-1.8146002,5.8041935,0.0006046035
figure_eight_depth,pid,5.4,0.5495515,0.7856713,-0.83922905,-0.0033228374,0.0054192226,0.48807088,0.2635075,0.18827568,-0.10116909,0.0026489391,0.0006742922,0.04041806,0.5358267949789967,0.4524135262330098,-0.5302522234901926,0.0,0.0,0.4670672574147901,0.08841781343771338,0.04458750282176904,0.012570214945162306,0.0,0.0,0.0,0.4546600756846749,0.2534547578461447,0.021003617991475154,-1.5892073617248266,-1.1161972,0.22173426,0.10341942,-0.9978824,0.7215563,-1.8911471,6.398608,0.0006665217
figure_eight_depth,pid,5.5,0.56407034,0.81471467,-0.8492687,-0.0030333425,0.005515734,0.49176338,0.26496753,0.18876815,-0.09833506,0.0026948466,0.0008424157,0.036927503,0.544639035015027,0.4567727288213004,-0.5289961638240194,0.0,0.0,0.4515578209483146,0.0878253763408332,0.04259336134970759,0.012550920974185864,0.0,0.0,0.0,0.480702080785473,0.2550335498368709,0.04020556220178611,-1.6217528158898105,-1.2331022,0.2796953,0.065049775,-1.0184567,0.7295111,-1.9672909,7.042676,0.0007336121
figure_eight_depth,pid,5.6000000000000005,0.57858425,0.8439093,-0.859025,-0.0027412823,0.0056275437,0.49509504,0.26632622,0.18911001,-0.09552258,0.002736836,0.0010170301,0.033319354,0.5533915492433441,0.46093157579425026,-0.527742050763882,0.0,0.0,0.4354621977069694,0.08722330820176705,0.040580537021661645,0.012531282913397224,0.0,0.0,0.0,0.5070059376848485,0.25654335898087227,0.05963284666749652,-1.6541556416563459,-1.3514937,0.33861512,0.026326621,-1.0392052,0.736027,-2.043027,7.73753,0.0008059928
figure_eight_depth,pid,5.7,0.59309965,0.87323165,-0.86850053,-0.002447031,0.0057548475,0.49805316,0.26756817,0.18930453,-0.09273219,0.002776044,0.001191944,0.02958421,0.5620833778521306,0.4648882429441257,-0.526489918691924,0.0,0.0,0.4187625236371848,0.08661167504397937,0.0385499127288913,0.012511301301088018,0.0,0.0,0.0,0.5335518772372826,0.25796976749794476,0.079290639652839,-1.6864002629927957,-1.4713359,0.3985595,-0.012701977,-1.0600744,0.7411051,-2.1183681,8.484319,0.0008837832
figure_eight_depth,pid,5.800000000000001,0.6076248,0.90265906,-0.87769777,-0.0021508816,0.005898083,0.50062406,0.26871023,0.18935503,-0.08996449,0.0028135453,0.001369445,0.025711894,0.5707135676844317,0.4686409947459458,-0.5252398019359783,0.0,0.0,0.40144108823195734,0.08599054394003991,0.036502379170272325,0.012490976685208821,0.0,0.0,0.0,0.5603219942452221,0.25932130105657636,0.099182972398841,-1.7184666567892097,-1.5926108,0.4595566,-0.052018575,-1.0810356,0.74475336,-2.193321,9.28426,0.00096711033
figure_eight_depth,pid,5.9,0.62216717,0.93216825,-0.8866194,-0.0018531628,0.0060571125,0.5027929,0.2697351,0.18926817,-0.08721995,0.0028492685,0.0015436397,0.021691496,0.5792811723426788,0.4721881851187405,-0.5239917347686274,0.0,0.0,0.3834804917418303,0.08535998300396308,0.034438834461691936,0.012470309622925058,0.0,0.0,0.0,0.5872986295170672,0.26058483312159963,0.11931240309841018,-1.750336401732642,-1.7152796,0.52167916,-0.091553405,-1.1020471,0.7469623,-2.26791,10.138592,0.0010561032
figure_eight_depth,pid,6.0,0.6367351,0.96173644,-0.8952681,-0.0015540799,0.0062319045,0.5045437,0.27065036,0.18904641,-0.08449919,0.0028847798,0.0017154703,0.017511,0.5877852522924731,0.4755282581475768,-0.5227457514062631,0.0,0.0,0.36486382628565533,0.08472006138382504,0.03236018374219718,0.012449300680728026,0.0,0.0,0.0,0.6144651086831142,0.2617625996782158,0.13967989539021747,-1.7818902917728618,-1.8393098,0.58497095,-0.13125567,-1.1230831,0.7477336,-2.342149,11.048563,0.001150892
figure_eight_depth,pid,6.1000000000000005,0.6513119,0.9912967,-0.9036464,-0.0012450924,0.0064127175,0.50585884,0.27101806,0.18843104,-0.081803,0.00300792,0.0017876928,0.013153552,0.5962248749656158,0.4786597487660337,-0.5215018860081487,0.0,0.0,0.3455748824793469,0.08407084925421415,0.030267338776590602,0.012427950434712454,0.0,0.0,0.0,0.6417676113052388,0.26238233055603133,0.1602839560788501,-1.8129567579399504,-1.9640287,0.64997965,-0.170549,-1.1435,0.7474037,-2.4157171,12.010863,0.0012511316
figure_eight_depth,pid,6.2,0.665857,1.0207362,-0.9117564,-0.00091037824,0.0065826573,0.5067188,0.27040136,0.18714318,-0.07913472,0.0032919925,0.0016886885,0.008601975,0.6045991148623748,0.48158128339882905,-0.5202601726754825,0.0,0.0,0.3255983828999017,0.08341241780851494,0.028161217555749962,0.012406259470132408,0.0,0.0,0.0,0.6691112513258424,0.26195396126646014,0.18112043147311468,-1.843330026576977,-2.0886154,0.7172564,-0.2088361,-1.1625229,0.7463898,-2.4882154,13.020157,0.0013562664
figure_eight_depth,pid,6.300000000000001,0.680313,1.049902,-0.9195998,-0.0005294623,0.0067215394,0.5071026,0.2684496,0.18492226,-0.07649994,0.0037838966,0.0013853271,0.0038389731,0.6129070536529765,0.4842915805643156,-0.5190206454504627,0.0,0.0,0.3049202432235818,0.08274483925135856,0.02604274389425565,0.012384228381734363,0.0,0.0,0.0,0.6963636266635416,0.2600564489581824,0.20218236545714333,-1.872770489097716,-2.2122009,0.7872489,-0.24560533,-1.1793466,0.7451442,-2.5592158,14.069599,0.0014655832
figure_eight_depth,pid,6.4,0.69460386,1.0786061,-0.9271778,-8.035828e-05,0.0068072896,0.5069873,0.26482877,0.18155468,-0.0739058,0.004498793,0.00085811294,-0.0011529076,0.6211477802783104,0.48678945143658015,-0.5177833383153542,0.0,0.0,0.2835278612462018,0.0820681867900741,0.02391284702457641,0.012361857773368623,0.0,0.0,0.0,0.723357857256189,0.25630935716450426,0.22345941244688294,-1.9014725401720038,-2.33387,0.86039126,-0.2803398,-1.1931388,0.7440711,-2.6283398,15.151204,0.0015782506
figure_eight_depth,pid,6.5,0.70863867,1.1066314,-0.93449163,0.0004583345,0.006817862,0.50634813,0.25926098,0.1768605,-0.07136067,0.005430433,0.0001062343,-0.006390855,0.6293203910498374,0.4890738003669028,-0.5165482851915573,0.0,0.0,0.26141043318529034,0.0813825346273056,0.021772461189811798,0.012339148258488919,0.0,0.0,0.0,0.7498969388069849,0.25039708541637073,0.24493769990186787,-1.9289918385431284,-2.45268,0.9370503,-0.31257015,-1.2030597,0.7435535,-2.695233,16.255909,0.0016933238
figure_eight_depth,pid,6.6000000000000005,0.7223447,1.1337857,-0.94154274,0.0010965317,0.0067437813,0.5051633,0.2520317,0.17096618,-0.06887267,0.006462754,-0.0007462342,-0.011848124,0.6374239897486896,0.4911436253643443,-0.5153155199386772,0.0,0.0,0.2385592956090069,0.08068795795246331,0.01962252523396435,0.012316100459597301,0.0,0.0,0.0,0.7758028365981655,0.2426009068987649,0.2666040163493061,-1.955126966056028,-2.5684032,1.01697,-0.3425116,-1.2089216,0.74360013,-2.759918,17.379818,0.0018103976
figure_eight_depth,pid,6.7,0.73566943,1.1599066,-0.9483334,0.0018338411,0.0065860013,0.50341517,0.24346873,0.16402435,-0.06644626,0.0074909823,-0.0015969677,-0.017479109,0.6454576877239505,0.4929980185352525,-0.514085076353596,0.0,0.0,0.21496829007322044,0.07998453293389662,0.017463982190102367,0.012292715008577204,0.0,0.0,0.0,0.8009224937760533,0.23325276343983384,0.2884468772584751,-1.9797759638006298,-2.6809485,1.0998365,-0.3704721,-1.2106398,0.74414486,-2.822486,18.520203,0.0019291877
figure_eight_depth,pid,6.800000000000001,0.74857575,1.1848562,-0.9548669,0.0026625642,0.006351941,0.50109076,0.23383838,0.1561636,-0.06408252,0.008440314,-0.002383225,-0.023238989,0.6534206039901055,0.49463616648149417,-0.5128569881695462,0.0,0.0,0.19063414607197735,0.07927233670979028,0.015297778866413259,0.012268992546582425,0.0,0.0,0.0,0.8251247864449732,0.22262837908011138,0.3104566189274123,-2.002854494601687,-2.790229,1.1853832,-0.3967213,-1.2081245,0.7451191,-2.8830283,19.674519,0.002049429
figure_eight_depth,pid,6.9,0.76103884,1.2085176,-0.9611473,0.0035702358,0.006052827,0.49818146,0.22336848,0.14748983,-0.061780054,0.009261514,-0.0030685873,-0.029084569,0.6613118653236518,0.49605735065723894,-0.5116312890551857,0.0,0.0,0.1655568762190927,0.07855144738072584,0.013124865431257682,0.01224493372398161,0.0,0.0,0.0,0.8482980954345261,0.2109635417005599,0.3326245860688101,-2.024292848310417,-2.8961637,1.2733629,-0.4215129,-1.201288,0.74647,-2.9416184,20.84032,0.0021708666
figure_eight_depth,pid,7.0,0.7730437,1.2307911,-0.96717995,0.0045416863,0.005701625,0.4946826,0.21224774,0.13808858,-0.05953581,0.009926283,-0.003636918,-0.03497498,0.6691306063588581,0.4972609476841367,-0.510408012613675,0.0,0.0,0.13974017572724604,0.07782194400018927,0.010946194996364067,0.012220539200302749,0.0,0.0,0.0,0.8703476365092186,0.19845517457368597,0.35494243430769656,-2.0440346386212416,-2.9986675,1.3635464,-0.4450815,-1.1900396,0.74817115,-2.9983075,22.015163,0.002293246
figure_eight_depth,pid,7.1000000000000005,0.78458166,1.2515928,-0.9729706,0.005560124,0.005311568,0.49059352,0.20063086,0.12804356,-0.057345603,0.010417517,-0.004086237,-0.040872067,0.6768759696826607,0.4982464296247522,-0.5091871923817554,0.0,0.0,0.11319181631123623,0.07708390656663289,0.008762723198663114,0.012195809644455213,0.0,0.0,0.0,0.8911937253759071,0.1852775645191654,0.3774017064758579,-2.062035665609734,-3.0976675,1.4557215,-0.46764112,-1.1743048,0.7501962,-3.0531466,23.196848,0.0024163383
figure_eight_depth,pid,7.2,0.79564995,1.2708511,-0.9785258,0.006608692,0.0048954636,0.48591694,0.18865666,0.11741633,-0.05520479,0.010734081,-0.0044209976,-0.046741392,0.6845471059286886,0.4990133642141358,-0.5079688618288305,0.0,0.0,0.08592402272885366,0.07633741601403843,0.006575407780901044,0.01217074573423016,0.0,0.0,0.0,0.9107695835104933,0.1715831719615235,0.3999929196291633,-2.0782650472418247,-3.1930828,1.5496643,-0.48940718,-1.1540112,0.7525651,-3.1061454,24.382992,0.002539895
figure_eight_depth,pid,7.300000000000001,0.80625075,1.2885072,-0.9838526,0.007671017,0.004465293,0.48065868,0.17645313,0.10626645,-0.05310847,0.010880669,-0.0046491046,-0.052552253,0.6921431738704068,0.49956141504942914,-0.5067530543560478,0.0,0.0,0.05795381838884101,0.07558255420342386,0.00438520817189203,0.01214534815685564,0.0,0.0,0.0,0.9290210048519326,0.15752053854533446,0.42270486181173583,-2.092698983803867,-3.2848458,1.645135,-0.510597,-1.1291138,0.7553115,-3.1573021,25.57134,0.0026636813
figure_eight_depth,pid,7.4,0.81638765,1.3045115,-0.9889583,0.008731658,0.0040312842,0.47482735,0.16410753,0.09465024,-0.051051717,0.010866793,-0.004787277,-0.058278013,0.6996633405133654,0.49989034173742275,-0.5055398032953832,0.0,0.0,0.02930332496829312,0.07481940391412811,0.002193085065743672,0.012119617608663535,0.0,0.0,0.0,0.945903426070658,0.14321771018123808,0.44552402421765047,-2.1053239715524703,-3.3728766,1.7419173,-0.53138804,-1.0995713,0.75847703,-3.2066095,26.759636,0.0027874622
figure_eight_depth,pid,7.5,0.8260661,1.3188237,-0.99385005,0.009776617,0.0036021199,0.46843365,0.1517058,0.08261493,-0.049029905,0.0107073365,-0.0048497445,-0.063896395,0.7071067811865475,0.5,-0.5043291419087276,0.0,0.0,0.0,0.07404804883398564,0.0,0.012093554795034045,0.0,0.0,0.0,0.9613814433204512,0.12881005525774594,0.4684336483478546,-2.116140114935223,-3.4539819,1.8366548,-0.55492395,-1.0624032,0.7649485,-3.2512157,27.895481,0.0029057795
figure_eight_depth,pid,7.6000000000000005,0.8352917,1.3314147,-0.9985352,0.010792399,0.0031851497,0.46149033,0.13933349,0.07023801,-0.047038656,0.010407926,-0.0048483093,-0.069388784,0.7144726796328034,0.49989034173742275,-0.5031211033869742,0.0,0.0,-0.02992320389244821,0.07326857355088867,-0.0021930850657714274,0.012067160430506707,0.0,0.0,0.0,0.975430741884123,0.11447416143233163,0.49141353697274,-2.1251563455849443,-3.5301008,1.9310611,-0.57950366,-1.019536,0.7729654,-3.2929175,29.006668,0.003021528
figure_eight_depth,pid,7.7,0.84407055,1.3422647,-1.0030206,0.01176699,0.002786239,0.45401144,0.12706019,0.057575285,-0.0450739,0.009984122,-0.0047960076,-0.07474108,0.7217602280983622,0.49956141504942914,-0.5019157208491096,0.0,0.0,-0.060427773898527715,0.07248106354301731,-0.00438520817189203,0.012040435238669378,0.0,0.0,0.0,0.9880357817177868,0.10039935820456433,0.5144392141756273,-2.132388189891409,-3.6022403,2.0259337,-0.60427,-0.9720366,0.7816265,-3.332651,30.108044,0.0031362541
figure_eight_depth,pid,7.800000000000001,0.8524071,1.3513595,-1.007313,0.012690307,0.0024094097,0.4460121,0.114926964,0.044668928,-0.043131977,0.0094560515,-0.004709285,-0.07994305,0.7289686274214116,0.4990133642141358,-0.5007130273413049,0.0,0.0,-0.09146968025820588,0.07168560516973566,-0.0065754077808455325,0.012013379952213743,0.0,0.0,0.0,0.9991869263719391,0.08681478833677442,0.537481789776257,-2.137867023262827,-3.670321,2.1210241,-0.6293321,-0.9199646,0.7910089,-3.3703725,31.197498,0.00324974
figure_eight_depth,pid,7.9,0.8603064,1.3586924,-1.0114183,0.013554086,0.0020576953,0.43750817,0.10299569,0.031559877,-0.041209634,0.0088426825,-0.0045960047,-0.08498773,0.7360970871197342,0.4982464296247521,-0.49951305583600997,0.0,0.0,-0.12299953932126959,0.0708822856619884,-0.008762723198635358,0.011985995312852049,0.0,0.0,0.0,1.0088816841502342,0.07407400413954245,0.5605077051576038,-2.1416400388263144,-3.7342806,2.216038,-0.65481716,-0.8634255,0.8011995,-3.406027,32.272907,0.0033617609
figure_eight_depth,pid,8.0,0.86777294,1.3642633,-1.0153424,0.014351502,0.0017330763,0.42851585,0.09131607,0.018295422,-0.03930393,0.008159195,-0.0044646794,-0.089870736,0.7431448254773942,0.4972609476841367,-0.49831583923104994,0.0,0.0,-0.1549629041484695,0.07007119311291943,-0.010946194996391823,0.011958282071400372,0.0,0.0,0.0,1.0171242087955825,0.0627234491506127,0.5834787556461196,-2.1437745105179125,-3.7940617,2.3106785,-0.68082666,-0.8025564,0.81227213,-3.4395695,33.332184,0.0034721026
figure_eight_depth,pid,8.1,0.8748109,1.3680776,-1.01909,0.0150773395,0.0014365582,0.4190516,0.07993013,0.0049142283,-0.037412338,0.0074223974,-0.0043230904,-0.09459019,0.7501110696304596,0.496057350657239,-0.4971214103487228,0.0,0.0,-0.18730068553347146,0.06925241646776881,-0.013124865431257682,0.011930240987584328,0.0,0.0,0.0,1.0239241604950222,0.0536107498196373,0.606352273115106,-2.144359896777228,-3.8495967,2.4046407,-0.70744467,-0.7375115,0.82431155,-3.470941,34.373016,0.0035805225
figure_eight_depth,pid,8.200000000000001,0.8814217,1.3701457,-1.0226656,0.015727773,0.0011678649,0.4091318,0.068854585,-0.008544252,-0.03553267,0.006646851,-0.004182208,-0.099145904,0.7569950556517564,0.4946361664814941,-0.49592980193489966,0.0,0.0,-0.21994970072221262,0.06842604551487996,-0.015297778866357747,0.011901872830205606,0.0,0.0,0.0,1.0292956395956079,0.04791481455573897,0.6290814958901357,-2.14351137239495,-3.9008067,2.4976397,-0.7347113,-0.6684556,0.83739036,-3.50009,35.392982,0.003686769
figure_eight_depth,pid,8.3,0.88760555,1.3704834,-1.026073,0.016299985,0.0009260464,0.3987728,0.058117826,-0.02203414,-0.033663027,0.0058430843,-0.004047057,-0.10353901,0.7637960286346421,0.4929980185352524,-0.49474104665812724,0.0,0.0,-0.2528433410502577,0.06759217087498604,-0.017463982190046856,0.011873178376975435,0.0,0.0,0.0,1.0332584436151542,0.046735378075258856,0.6516161469794417,-2.1413472898556067,-3.947631,2.5893722,-0.7626657,-0.59559315,0.84637433,-3.52178,36.34431,0.0037858656
figure_eight_depth,pid,8.4,0.8933606,1.3691115,-1.0293186,0.016792115,0.0007095119,0.38799068,0.047738522,-0.035511754,-0.031836722,0.0050211432,-0.0039224643,-0.107771635,0.7705132427757893,0.49114362536434436,-0.4935551771087318,0.0,0.0,-0.2859123435833277,0.06675088399182849,-0.019622525233936594,0.011844158414570094,0.0,0.0,0.0,1.0358385717086231,0.05021908820797579,0.6739030269005122,-2.1379399992582635,-3.9864385,2.675971,-0.7877536,-0.5227139,0.8556136,-3.5402696,37.211884,0.003876238
figure_eight_depth,pid,8.5,0.8986835,1.3660551,-1.0324086,0.017203216,0.0005160605,0.37680465,0.03773109,-0.048942026,-0.030055875,0.0041903877,-0.003812521,-0.11181188,0.7771459614569708,0.4890738003669028,-0.4923722257979262,0.0,0.0,-0.3190856461894937,0.0659022771220541,-0.021772461189811798,0.011814813738575403,0.0,0.0,0.0,1.0370664900608437,0.05731453277873834,0.6958902960193583,-2.133282109725668,-4.0192423,2.7592134,-0.8120609,-0.44796807,0.86610055,-3.5564506,38.026157,0.003961058
figure_eight_depth,pid,8.6,0.90356773,1.3613428,-1.0353484,0.01753312,0.00034275255,0.36523452,0.02809222,-0.062285107,-0.02831642,0.0033587394,-0.0037231632,-0.11565459,0.7836934573258397,0.48678945143658015,-0.4911922251569181,0.0,0.0,-0.3522913006911922,0.06504644332494536,-0.023912847024493145,0.011785145153458965,0.0,0.0,0.0,1.0369760551606437,0.0666796849922157,0.7175258247028041,-2.1273159201047296,-4.0473595,2.8402054,-0.83694553,-0.37020847,0.8778863,-3.5702996,38.803143,0.004041994
figure_eight_depth,pid,8.700000000000001,0.9080054,1.355007,-1.0381424,0.017782599,0.00018645579,0.3532989,0.018829547,-0.075507216,-0.026614808,0.0025357043,-0.0036553037,-0.119310275,0.7901550123756904,0.4842915805643156,-0.4900152075360212,0.0,0.0,-0.38545741536195416,0.06418347645231748,-0.02604274389425565,0.01175515347268119,0.0,0.0,0.0,1.035604951992205,0.07730437797006458,0.7387563178735508,-2.1199807011153267,-4.0707445,2.9186735,-0.8623938,-0.289677,0.89102626,-3.5817835,39.54035,0.0041187867
figure_eight_depth,pid,8.8,0.91198665,1.3470842,-1.0407945,0.017952967,4.38815e-05,0.34101558,0.009945616,-0.08856781,-0.024947919,0.0017265977,-0.0036096964,-0.12278846,0.7965299180241963,0.48158128339882905,-0.4888412052037681,0.0,0.0,-0.4185130962157353,0.0633134711381933,-0.028161217555722207,0.011724839518389985,0.0,0.0,0.0,1.0329946392339813,0.08855492851425562,0.7595286735320195,-2.1113277748231285,-4.0893283,2.9944012,-0.8883372,-0.20658974,0.9055533,-3.5908878,40.235367,0.004191184
figure_eight_depth,pid,8.9,0.91549826,1.3376131,-1.0433075,0.018046288,-8.879007e-05,0.3284014,0.0014198315,-0.101436034,-0.023313101,0.0009387342,-0.0035910036,-0.12609786,0.8028174751911146,0.4786597487660337,-0.48767025034602585,0.0,0.0,-0.45138935669452496,0.06243652278847822,-0.030267338776562847,0.01169420412172606,0.0,0.0,0.0,1.029189306590102,0.1000676331691251,0.7797907434323484,-2.101295866472541,-4.1015205,3.0687187,-0.9131674,-0.119634666,0.92149955,-3.5975938,40.879536,0.004258285
figure_eight_depth,pid,9.0,0.9185272,1.3266368,-1.045684,0.018065033,-0.0002152882,0.3154724,-0.0067333616,-0.11407643,-0.021708062,0.0001759659,-0.0035978523,-0.12924607,0.8090169943749475,0.4755282581475768,-0.4865023750651133,0.0,0.0,-0.48401996715975715,0.06155272757046859,-0.032360183742169424,0.011663248122545378,0.0,0.0,0.0,1.0242374160419228,0.11159829258031168,0.7994923613877387,-2.0898544255866356,-4.1089687,3.1397414,-0.9385025,-0.030724818,0.93888617,-3.6018915,41.478462,0.004320673
figure_eight_depth,pid,9.1,0.92105836,1.3142002,-1.0479255,0.018012393,-0.00033938975,0.30224398,-0.014529157,-0.1264661,-0.020130882,-0.00055487186,-0.0036303974,-0.13223997,0.8151277957285541,0.47218818511874056,-0.4853376113789213,0.0,0.0,-0.5163422192244066,0.060662182402249076,-0.03443883446166418,0.011631972369530175,0.0,0.0,0.0,1.0181898426507883,0.1230107038860486,0.8185861970095171,-2.077029571506918,-4.1116557,3.2072778,-0.9642839,0.05990607,0.9577384,-3.6037621,42.03014,0.0043781395
figure_eight_depth,pid,9.200000000000001,0.9230745,1.3003502,-1.0500336,0.017892074,-0.00046486847,0.288731,-0.021986164,-0.13858072,-0.018579936,-0.0012490599,-0.0036884658,-0.13508543,0.821149209133704,0.4686409947459458,-0.4841759912200345,0.0,0.0,-0.5482975847254014,0.05976498494214555,-0.0365023791701613,0.011600377720105692,0.0,0.0,0.0,1.0111002643140385,0.1342165798208655,0.837028593493483,-2.062855847347187,-4.1095767,3.2711618,-0.9904471,0.15203229,0.9780717,-3.6031966,42.532867,0.0044305073
figure_eight_depth,pid,9.3,0.92455846,1.2851366,-1.0520091,0.017708097,-0.0005949167,0.2749477,-0.029101795,-0.15039274,-0.017053869,-0.00190385,-0.0037662578,-0.13778752,0.8270805742745618,0.4648882429441257,-0.4830175464348566,0.0,0.0,-0.5798322549293082,0.05886123357790041,-0.03854991272883579,0.011568465040467935,0.0,0.0,0.0,1.0030257564233938,0.14513976207708107,0.8547799578139823,-2.0473745816921887,-4.102764,3.331226,-1.016952,0.24541394,0.99989134,-3.6001916,42.98532,0.0044776374
figure_eight_depth,pid,9.4,0.9254923,1.2686116,-1.0538528,0.017464805,-0.00073251134,0.260908,-0.035888374,-0.16187955,-0.015551619,-0.0025164278,-0.0038617651,-0.14035068,0.8329212407100994,0.46093157579425026,-0.4818623087827365,0.0,0.0,-0.6108975516494539,0.057951027416069945,-0.04058053702163389,0.011536235205528156,0.0,0.0,0.0,0.9940268899389403,0.15573386498469635,0.871805559271219,-2.030632510672734,-4.0912533,3.387343,-1.043745,0.33983478,1.0231977,-3.5947483,43.386486,0.004519426
figure_eight_depth,pid,9.5,0.9259005,1.2508634,-1.0555646,0.01715943,-0.0008692391,0.24662586,-0.041851226,-0.17279953,-0.014072491,-0.0031583754,-0.0038612913,-0.14277579,0.8386705679454239,0.4567727288213004,-0.4807103099350979,0.0,0.0,-0.6414502080363884,0.05703446627114417,-0.04259336134967984,0.011503689098829595,0.0,0.0,0.0,0.9841984625373345,0.1654876639085975,0.8880760636014595,-2.01270921241217,-4.075809,3.438911,-1.0712832,0.43438506,1.047647,-3.5872085,43.740295,0.0045562806
figure_eight_depth,pid,9.600000000000001,0.9258494,1.232019,-1.057144,0.016782131,-0.0009886421,0.23211521,-0.046515394,-0.18286122,-0.012617926,-0.0038991186,-0.0036836753,-0.14506455,0.8443279255020151,0.4524135262330097,-0.4795615814745712,0.0,0.0,-0.6714525223251679,0.05611165065422252,-0.04458750282171353,0.011470827612741763,0.0,0.0,0.0,0.9736692782421736,0.17387409315028002,0.9035677314277986,-1.9937198809472971,-4.057388,3.485413,-1.0999736,0.52799886,1.0727366,-3.578076,44.052616,0.004588814
figure_eight_depth,pid,9.700000000000001,0.9254357,1.2122383,-1.0585898,0.016317662,-0.0010713763,0.21738973,-0.04954232,-0.19176507,-0.011191924,-0.004790269,-0.0032983555,-0.14722003,0.849892692986864,0.4478558801197064,-0.47841615489412737,0.0,0.0,-0.7008723925820739,0.055182681762411256,-0.04656208674139184,0.011437651648099623,0.0,0.0,0.0,0.9625947891895178,0.18045312362375487,0.9182621251813323,-1.9738118813758465,-4.0369797,3.5265543,-1.1300322,0.6196066,1.0978636,-3.5679574,44.330303,0.0046177395
figure_eight_depth,pid,9.8,0.9247779,1.1917099,-1.0599003,0.015747394,-0.0010987268,0.20246266,-0.050713304,-0.19922042,-0.009800931,-0.0058626067,-0.00270911,-0.1492464,0.8553642601605067,0.44310178961560737,-0.47727406159621477,0.0,0.0,-0.7296832442132781,0.0542476614677212,-0.048516246990953915,0.011404162114453387,0.0,0.0,0.0,0.9511496405793795,0.18487349132497727,0.9321459024993728,-1.953160754293675,-4.0155787,3.5622497,-1.1614934,0.70816416,1.1223669,-3.5575218,44.580727,0.004643826
figure_eight_depth,pid,9.9,0.9240104,1.170645,-1.0610737,0.015051538,-0.0010543332,0.1873466,-0.049889486,-0.20496155,-0.008453412,-0.0071246517,-0.0019364029,-0.15114863,0.8607420270039435,0.43815334002193185,-0.47613533289189813,0.0,0.0,-0.7578638645917659,0.053306692305687964,-0.05044912641108401,0.011370359929957496,0.0,0.0,0.0,0.9395210289529098,0.18685963514161133,0.9452104720384364,-1.931970177082677,-3.9941769,3.5925786,-1.1942546,0.79265654,1.1455722,-3.5474572,44.811405,0.0046678553
figure_eight_depth,pid,10.0,0.92326057,1.1492511,-1.0621089,0.014216977,-0.0009300993,0.17205325,-0.047224354,-0.20893072,-0.0071586417,-0.008506846,-0.0010595992,-0.15293485,0.8660254037844386,0.4330127018922194,-0.475,0.0,0.0,-0.7853981606558101,0.0523598774641032,-0.052359877176999525,0.011336246021287355,0.0,0.0,0.0,0.9278847677946604,0.18647656038295118,0.957451408346011,-1.9104469559056192,-3.9733362,3.6179163,-1.2279311,0.8725113,1.1671227,-3.5381417,45.026432,0.0046902536
figure_eight_depth,pid,10.100000000000001,0.9226372,1.1277151,-1.0630056,0.013241163,-0.00072737026,0.15659322,-0.04302065,-0.21121864,-0.0059241443,-0.009901934,-0.00017078845,-0.15461342,0.8712138111201895,0.42768213008025324,-0.4738680940462452,0.0,0.0,-0.8122748558202384,0.051407320771912346,-0.054247661170320205,0.011301821323722594,0.0,0.0,0.0,0.9163915664396337,0.18399256494838037,0.9688680742660163,-1.8887825567367027,-3.9533045,3.6387718,-1.2620181,0.9474853,1.1869271,-3.5296872,45.22718,0.0047111646
figure_eight_depth,pid,10.200000000000001,0.9222328,1.1062028,-1.0637643,0.012130655,-0.00045373288,0.14097643,-0.03754936,-0.21194099,-0.00475441,-0.011218676,0.0006683504,-0.15619038,0.8763066800438636,0.4221639627510076,-0.47273964606240715,0.0,0.0,-0.8384871421873734,0.05044912668766832,-0.05611165034641319,0.011267086780952784,0.0,0.0,0.0,0.9051677066842976,0.17967527669431993,0.9794635711729691,-1.8671507929840985,-3.934272,3.655634,-1.2960508,1.0174127,1.2049683,-3.522129,45.41437,0.004730664
figure_eight_depth,pid,10.3,0.9221247,1.0848598,-1.064387,0.010899067,-0.00012087782,0.12521233,-0.03106254,-0.21122031,-0.0036510187,-0.01238741,0.0014160635,-0.15766983,0.8813034520649922,0.41646062035504977,-0.4716146869854575,0.0,0.0,-0.8640323030143757,0.04948540028820725,-0.057951027098379626,0.011232043345410503,0.0,0.0,0.0,0.8943169867132241,0.17378420234442665,0.9892446296602269,-1.84596589975887,-3.9163785,3.6689854,-1.32959,1.0821967,1.2212648,-3.5154672,45.58843,0.0047487947
figure_eight_depth,pid,10.4,0.9223784,1.0638115,-1.0648766,0.009565442,0.00025754762,0.109310046,-0.02376932,-0.20919272,-0.0026130283,-0.013355471,0.002050864,-0.15905458,0.8862035792312146,0.410574604566852,-0.4704932476567174,0.0,0.0,-0.8889113188598796,0.048516247256935596,-0.05976498461440771,0.011196691977660711,0.0,0.0,0.0,0.8839222994561465,0.1665669857744009,0.9982213646982356,-1.825260963168216,-3.899734,3.679262,-1.36226,1.1417879,1.235879,-3.509659,45.74943,0.0047655655
figure_eight_depth,pid,10.5,0.923049,1.0431651,-1.0652369,0.008152207,0.0006672175,0.093278594,-0.01585709,-0.2059896,-0.0016375263,-0.014091052,0.0025630554,-0.16034639,0.8910065241883679,0.4045084971874738,-0.4693753588210128,0.0,0.0,-0.9131284690911183,0.0475417738724504,-0.06155272723298855,0.011161033646955865,0.0,0.0,0.0,0.8740480344186145,0.15825684497644368,1.0064070634061704,-1.8050219327332062,-3.8844209,3.686881,-1.3937199,1.1961802,1.2488757,-3.5046594,45.89745,0.004780985
figure_eight_depth,pid,10.600000000000001,0.9241805,1.023009,-1.065473,0.006683953,0.001093754,0.07712687,-0.0075067,-0.20175134,-0.0007201862,-0.014574778,0.0029485153,-0.16154663,0.8957117602394128,0.39826495901209813,-0.4682610511258306,0.0,0.0,-0.9366909384335769,0.04656208699671538,-0.06331347079102656,0.011125069330875093,0.0,0.0,0.0,0.8647413366314096,0.14909321406805656,1.0138178065027488,-1.7853407295582453,-3.8704667,3.6922433,-1.4236581,1.2454349,1.2603463,-3.5003994,46.032356,0.0047950367
figure_eight_depth,pid,10.700000000000001,0.9258104,1.0034149,-1.06559,0.005186123,0.0015242071,0.06086373,0.0011542814,-0.19661792,0.00014421872,-0.014800426,0.0032174233,-0.16265643,0.9003187714021935,0.3918467286629199,-0.46715035512047925,0.0,0.0,-0.9596084363728085,0.045577294063403606,-0.06504644296831397,0.011088800015379707,0.0,0.0,0.0,0.8560347252848453,0.13929910439873444,1.020472165939144,-1.7662961579902567,-3.8579056,3.6956816,-1.451842,1.2896179,1.2703902,-3.4968035,46.153984,0.004807707
figure_eight_depth,pid,10.8,0.92796934,0.98443645,-1.0655944,0.0036844886,0.001947124,0.044497974,0.01000601,-0.19074321,0.00096141436,-0.014766893,0.0033803696,-0.1636771,0.9048270524660196,0.3852566213878946,-0.46604330125525084,0.0,0.0,-0.9818928353389534,0.04458750306624015,-0.06675088362581572,0.011052226694868716,0.0,0.0,0.0,0.8479466945802835,0.1291193272539629,1.0263908095558913,-1.7479527583020806,-3.846724,3.6974924,-1.4780835,1.3288519,1.2791419,-3.4937665,46.26192,0.00481895
figure_eight_depth,pid,10.9,0.9306842,0.96611387,-1.0654923,0.0022031646,0.0023532787,0.028038379,0.018969005,-0.18424667,0.0017367111,-0.01449275,0.0034550698,-0.16460948,0.9092361090470685,0.3784975278258782,-0.46493991988058625,0.0,0.0,-1.003557831972051,0.043592822546845156,-0.06842604513970785,0.011015350371929022,0.0,0.0,0.0,0.8404856389197013,0.11877223433688447,1.0315962107769732,-1.7303647096977182,-3.8369408,3.6979342,-1.5022422,1.3632356,1.2866815,-3.4912372,46.35626,0.004828777
figure_eight_depth,pid,11.0,0.9339764,0.94847286,-1.0652905,0.00076467,0.0027351705,0.01149363,0.02795886,-0.17725883,0.002474998,-0.013995603,0.003454402,-0.16545504,0.9135454576426008,0.37157241273869723,-0.46384024124624323,0.0,0.0,-1.0246186342481562,0.042593361583243006,-0.07007119272864348,0.010978172057640734,0.0,0.0,0.0,0.8336509472786514,0.10851572735182756,1.0361122640240976,-1.7193131005028752,-3.8285277,3.6972425,-1.5242052,1.39292,1.2931174,-3.4891438,46.436935,0.00483718
figure_eight_depth,pid,11.100000000000001,0.9378643,0.9315292,-1.0649954,-0.00061167276,0.0030873632,-0.0051276656,0.036920574,-0.16986953,0.0031806948,-0.013308807,0.0033948272,-0.16621497,0.9177546256839811,0.3644843137107057,-0.46274429550046703,0.0,0.0,-1.0450916760647193,0.04158922977748336,-0.07168560477663344,0.010940692771188587,0.0,0.0,0.0,0.8274362403928541,0.09860069242351996,1.0399640104779497,-1.7213411878130331,-3.8214908,3.6956327,-1.5438862,1.4180282,1.2984896,-3.487481,46.504482,0.004844217
figure_eight_depth,pid,11.200000000000001,0.94236374,0.9152903,-1.0646139,-0.0019098207,0.0034063892,-0.021817042,0.04581488,-0.16215919,0.003857518,-0.012466218,0.0032923436,-0.16689098,0.9218631515885005,0.3572363398164016,-0.46165211268916395,0.0,0.0,-1.0649943597936213,0.04058053724415034,-0.0732685731490712,0.010902913540139503,0.0,0.0,0.0,0.8218317682870139,0.08932288409528126,1.0431773182326138,-1.7241973157301465,-3.8158383,3.6932952,-1.5612266,1.4386834,1.3028257,-3.4862604,46.559654,0.0048499643
figure_eight_depth,pid,11.3,0.9474888,0.89975435,-1.0641522,-0.0031165157,0.0036904814,-0.038566258,0.05461123,-0.15421297,0.004508547,-0.011496409,0.0031607952,-0.16748545,0.9258705848099947,0.34983167025668266,-0.4605637227550774,0.0,0.0,-1.084344826571984,0.03956739459748393,-0.07481940350378968,0.010864835400192785,0.0,0.0,0.0,0.8168239677464297,0.08105588931486088,1.0457785687673518,-1.727883701847591,-3.8115654,3.6903887,-1.5762004,1.4550235,1.3061656,-3.4854794,46.603138,0.0048544933
figure_eight_depth,pid,11.4,0.9532511,0.8849136,-1.0636164,-0.0042217793,0.0039392156,-0.05536731,0.06328224,-0.146092,0.005136225,-0.010432599,0.0030109333,-0.16800082,0.9297764858882513,0.3422735529643444,-0.45947915553696733,0.0,0.0,-1.1031617534039384,0.03854991294022225,-0.07633741559534557,0.0108264593953189,0.0,0.0,0.0,0.8123983682155396,0.07422781358076044,1.0477944438038236,-1.7324003545578108,-3.8086438,3.6871,-1.5887549,1.4672109,1.3085111,-3.485174,46.63596,0.0048579127
figure_eight_depth,pid,11.5,0.9596606,0.8707537,-1.0630122,-0.0052183033,0.004153307,-0.072212495,0.07180836,-0.1378609,0.0057424014,-0.009301672,0.002852054,-0.16844004,0.9335804264972017,0.33456530317942923,-0.45839844076879177,0.0,0.0,-1.1214641757863704,0.03752820385050093,-0.0778219435734473,0.01078778657759294,0.0,0.0,0.0,0.8085394404232829,0.06931998734775946,1.049251680876607,-1.7377444085733804,-3.807066,3.6835582,-1.5988936,1.4753859,1.3098757,-3.485369,46.65915,0.004860328
figure_eight_depth,pid,11.600000000000001,0.96672535,0.85725343,-1.0623451,-0.0061009,0.004334387,-0.08909447,0.080175415,-0.12958835,0.0063284864,-0.008124808,0.002691717,-0.16880648,0.9372819894918916,0.32671030199505263,-0.45732160807889205,0.0,0.0,-1.1392713341830838,0.03650237937036227,-0.0792723362750547,0.010748818007250138,0.0,0.0,0.0,0.8052306547441365,0.06677255909426048,1.0501768667219746,-1.7439000568186331,-3.8068144,3.6798644,-1.6066464,1.4796963,1.3102865,-3.4860735,46.673607,0.004861835
figure_eight_depth,pid,11.700000000000001,0.9744439,0.84438246,-1.0616198,-0.006865089,0.004483172,-0.10600625,0.08829962,-0.121375605,0.006895682,-0.0069088684,0.0025195796,-0.16910404,0.9408807689542255,0.31871199487434493,-0.4562486869891803,0.0,0.0,-1.1566025425551902,0.03547255199298771,-0.08068795750998392,0.010709554752602601,0.0,0.0,0.0,0.8024525294355423,0.06678869019489872,1.050596292769767,-1.7508223754205205,-3.80775,3.6761403,-1.6120173,1.4804075,1.3098431,-3.4872193,46.67956,0.0048624543
figure_eight_depth,pid,11.8,0.9827915,0.8320929,-1.0608405,-0.0075036553,0.004596927,-0.1229414,0.09597422,-0.11342745,0.0074452627,-0.0056264377,0.0023001155,-0.16933793,0.944376370237481,0.3105738901391552,-0.4551797069143303,0.0,0.0,-1.1734770770156033,0.03443883465054087,-0.0820681863400452,0.010669997890122573,0.0,0.0,0.0,0.8001767055313544,0.06914048293782213,1.050535679885114,-1.7584409020849205,-3.8094754,3.6725078,-1.6149999,1.4780321,1.3088648,-3.4885156,46.67509,0.004861988
figure_eight_depth,pid,11.9,0.9917253,0.82032585,-1.0600106,-0.008009467,0.004671694,-0.13989374,0.103055075,-0.10588902,0.007978391,-0.004278834,0.0020196633,-0.16951123,0.9477684100095857,0.30229955743118747,-0.45411469716097064,0.0,0.0,-1.1899140826839723,0.03340134070178857,-0.08341241735113081,0.010630148504220394,0.0,0.0,0.0,0.7983691120749128,0.07323846165794862,1.0500203422683991,-1.7666714695312655,-3.8116462,3.6690447,-1.615632,1.4730306,1.3075911,-3.4897435,46.658726,0.004860284
figure_eight_depth,pid,12.0,1.0011901,0.80901533,-1.0591329,-0.008376692,0.0047037597,-0.15685736,0.10945134,-0.09887438,0.0084956745,-0.0028797667,0.0016793152,-0.16962637,0.9510565162951535,0.29389262614623657,-0.4530536869268817,0.0,0.0,-1.2059324968536598,0.03236018391961082,-0.0847200609191967,0.01059000768746654,0.0,0.0,0.0,0.7969923650176702,0.07840776232917933,1.0490751404245597,-1.7754208161744605,-3.8139586,3.6657772,-1.6140028,1.4658214,1.3062248,-3.4907205,46.629196,0.0048572076
figure_eight_depth,pid,12.100000000000001,1.0111201,0.79809135,-1.05821,-0.008601756,0.0046902336,-0.17382658,0.11510208,-0.09246512,0.0089970855,-0.0014524464,0.0012861713,-0.16968548,0.9542403285162768,0.28535678384221586,-0.4519967053001951,0.0,0.0,-1.2215509866480927,0.03131547847862182,-0.08599054346847268,0.010549576540314076,0.0,0.0,0.0,0.7960066713435303,0.084050730812858,1.0477244113688569,-1.7845970217782305,-3.8161337,3.662706,-1.6102229,1.4567952,1.3049256,-3.4913049,46.5854,0.004852646
figure_eight_depth,pid,12.200000000000001,1.0214461,0.78748584,-1.0572436,-0.008684951,0.004629956,-0.19079588,0.119999066,-0.08668249,0.009481933,-3.604914e-05,0.0008568721,-0.16969019,0.9573194975320672,0.27669577462167205,-0.450943781258596,0.0,0.0,-1.2367878994694375,0.030267338942513433,-0.0872233077233997,0.010508856171181913,0.0,0.0,0.0,0.7953729714946327,0.08973923274604978,1.0459920159330987,-1.7941150251449522,-3.817978,3.6598215,-1.6044146,1.4462583,1.303748,-3.491458,46.5271,0.0048465724
figure_eight_depth,pid,12.3,1.0320976,0.77713484,-1.0562354,-0.008630479,0.004523655,-0.20776005,0.12416431,-0.08152167,0.009948912,0.001330152,0.00041032277,-0.16964257,0.9602936856769431,0.26791339748949833,-0.449894943668529,0.0,0.0,-1.251661224643952,0.029215880251565185,-0.08841781295279572,0.010467847696427057,0.0,0.0,0.0,0.7950541243595244,0.09519995279364878,1.0439011737511221,-1.8039040163014874,-3.8193443,3.657102,-1.5967087,1.4344666,1.3026994,-3.4911892,46.454384,0.004838999
figure_eight_depth,pid,12.4,1.0430093,0.76697946,-1.0551872,-0.008446552,0.004374454,-0.22471406,0.12766935,-0.07695514,0.010396347,0.0026062038,-2.8776678e-05,-0.16954498,0.9631625667976582,0.25901350468656514,-0.44885022128440627,0.0,0.0,-1.2661885648162783,0.02816121771015423,-0.08957353520722133,0.010426552240344611,0.0,0.0,0.0,0.7950153884827097,0.10030500024498386,1.0414745091588915,-1.8139076678239103,-3.8201673,3.654496,-1.5872645,1.4215931,1.3017309,-3.4905663,46.367912,0.0048299907
figure_eight_depth,pid,12.5,1.0541235,0.75696707,-1.0541005,-0.008145281,0.0041876547,-0.24165325,0.13060959,-0.07293456,0.010822448,0.0037537052,-0.00043717975,-0.16940008,0.9659258262890682,0.25000000000000017,-0.44780964274781987,0.0,0.0,-1.2803871157744535,0.027103466973876778,-0.09068996754865721,0.010384970935084503,0.0,0.0,0.0,0.795225163701437,0.10501886837648383,1.0387338671067365,-1.8240830958354384,-3.8204381,3.6519465,-1.5762424,1.407751,1.3007406,-3.489708,46.268753,0.0048196614
figure_eight_depth,pid,12.600000000000001,1.0653913,0.74705285,-1.0529772,-0.0077421144,0.0039700377,-0.2585733,0.13308035,-0.06939107,0.011225487,0.004740217,-0.00079794176,-0.16921093,0.9685831611286311,0.24087683705085758,-0.44677323658675583,0.0,0.0,-1.2942736535134138,0.026042744037058085,-0.091766620272965,0.01034310492059598,0.0,0.0,0.0,0.7956564717656898,0.10935489248226889,1.0357003598275007,-1.8344045150039052,-3.820182,3.64942,-1.563778,1.3930159,1.2995901,-3.4887726,46.158424,0.0048081684
figure_eight_depth,pid,12.700000000000001,1.0767754,0.73720014,-1.0518192,-0.007255325,0.0037298845,-0.27547014,0.13520312,-0.066234194,0.011603936,0.0055387025,-0.0010933083,-0.16898075,0.9711342799096361,0.2316480175599308,-0.4457410312148128,0.0,0.0,-1.3078645274861447,0.024979165219818356,-0.09280302112474326,0.01030095534465536,0.0,0.0,0.0,0.7962874829406321,0.11338836463779589,1.0323943898900143,-1.8448646422923163,-3.8194942,3.6468878,-1.549999,1.3773925,1.2980964,-3.4879625,46.03897,0.004795726
figure_eight_depth,pid,12.8,1.0882535,0.7273797,-1.0506288,-0.006704923,0.003476824,-0.2923402,0.13711934,-0.06336975,0.011956552,0.0061332486,-0.0013065817,-0.16871315,0.9735789028731603,0.2223175895924637,-0.44471305493042235,0.0,0.0,-1.3211756590958728,0.023912847155582728,-0.09379871550428687,0.010258523362810523,0.0,0.0,0.0,0.7971021547538971,0.11723700240966294,1.0288354698773516,-1.8554714978105653,-3.8185284,3.6443174,-1.535034,1.3608229,1.2960649,-3.4874935,45.912773,0.0047825803
figure_eight_depth,pid,12.9,1.0998181,0.7175695,-1.0494082,-0.006111909,0.0032212297,-0.30918014,0.13896857,-0.0606952,0.012282512,0.0065156366,-0.0014267949,-0.16841176,0.9759167619387473,0.21288964578253647,-0.44368933591607373,0.0,0.0,-1.334222544613836,0.022843906778313716,-0.09475326666712192,0.01021581013838091,0.0,0.0,0.0,0.7980906018174752,0.12103371828136437,1.0250424041185358,-1.866247361857517,-3.8174763,3.6416974,-1.5189881,1.3432091,1.2932833,-3.4875977,45.78254,0.0047690147
figure_eight_depth,pid,13.0,1.1114769,0.7077542,-1.04816,-0.005497608,0.0029736815,-0.325987,0.1408844,-0.058101557,0.012581391,0.006684399,-0.0014482249,-0.16808009,0.9781476007338056,0.20336832153790022,-0.44266990223754066,0.0,0.0,-1.347020261803805,0.021772461309133018,-0.09566625591556077,0.010172816842374255,0.0,0.0,0.0,0.799249658728319,0.1249182197271095,1.0210332506095758,-1.8772316018585522,-3.8165607,3.6390412,-1.5019394,1.3244199,1.2895269,-3.4885201,45.651318,0.0047553456
figure_eight_depth,pid,13.100000000000001,1.1232547,0.69792557,-1.0468867,-0.0048834635,0.0027449627,-0.3427582,0.14301217,-0.05546419,0.012853141,0.006640164,-0.0013651466,-0.16772127,0.9802711746217219,0.19375779322605138,-0.44165478184311247,0.0,0.0,-1.3595834796082267,0.020698628244275596,-0.09653728278236073,0.010129544653403322,0.0,0.0,0.0,0.800584208252396,0.12905432380424156,1.0168252710949668,-1.8884752031957206,-3.8160632,3.6363869,-1.4839399,1.3042635,1.2845358,-3.4905405,45.522736,0.0047419514
figure_eight_depth,pid,13.200000000000001,1.135191,0.68808055,-1.0455911,-0.004289944,0.0025452483,-0.35949138,0.14547148,-0.05267136,0.013097952,0.006394511,-0.0011799712,-0.16733861,0.9822872507286886,0.18406227634233907,-0.44064400256282754,0.0,0.0,-1.3719264703831184,0.01962252534154496,-0.09736596520636132,0.01008599475788019,0.0,0.0,0.0,0.8021065857268583,0.13358383034710894,1.0124350923141945,-1.9000410753602486,-3.816265,3.6337974,-1.4650135,1.2825459,1.2780721,-3.493917,45.400475,0.0047292165
figure_eight_depth,pid,13.3,1.1473395,0.6782198,-1.044276,-0.003735767,0.002383955,-0.3761844,0.148376,-0.049623426,0.013316256,0.0059666513,-0.0008967985,-0.16693519,0.9841956079692419,0.17428602366090767,-0.43963759210771053,0.0,0.0,-1.3840631241915622,0.018544270607823155,-0.09815193970003078,0.010042168349710945,0.0,0.0,0.0,0.8038362810973723,0.13864348163181114,1.0078787202952304,-1.9119884042368895,-3.8174672,3.6313457,-1.4451729,1.2590514,1.2699155,-3.4988894,45.288376,0.0047175386
figure_eight_depth,pid,13.4,1.1597584,0.6683435,-1.0429441,-0.0032356773,0.0022679572,-0.3928356,0.15175584,-0.04628364,0.013508645,0.005397855,-0.0005379249,-0.16651465,0.9859960370705049,0.16443332336929167,-0.4386355780690123,0.0,0.0,-1.3960069647775177,0.017463982285803592,-0.09889486150900517,0.009998066630434455,0.0,0.0,0.0,0.805796242183214,0.1442725466919876,1.0031713775144104,-1.9243531560094098,-3.8198636,3.6291099,-1.4244177,1.233664,1.2599746,-3.5055678,45.189228,0.0047072116
figure_eight_depth,pid,13.5,1.1724948,0.658448,-1.041598,-0.0027979326,0.0021992929,-0.4094436,0.15551154,-0.0427059,0.013675965,0.004754109,-0.00014926105,-0.16608094,0.9876883405951378,0.15450849718747378,-0.43763798791745406,0.0,0.0,-1.4077711668688584,0.016381778841334516,-0.09959440476320358,0.009953690809111349,0.0,0.0,0.0,0.8080074690202791,0.15035707003646825,0.9983275798041155,-1.9371656933871497,-3.8234463,3.627165,-1.4027423,1.206461,1.2483594,-3.5138588,45.103905,0.0046983236
figure_eight_depth,pid,13.600000000000001,1.1855888,0.6485262,-1.0402402,-0.0024260567,0.0021773071,-0.42600727,0.1595858,-0.038928345,0.013819672,0.004083042,0.00024358253,-0.16563621,0.9892723329629883,0.14451589847223584,-0.4366448490024736,0.0,0.0,-1.419368574538162,0.015297778950207341,-0.10025026261986647,0.009909042102296262,0.0,0.0,0.0,0.810489885886536,0.15682698979068976,0.9933613037251736,-1.9504456110612192,-3.8282466,3.625568,-1.3801585,1.17748,1.2351596,-3.523687,45.0335,0.0046909894
figure_eight_depth,pid,13.700000000000001,1.1990727,0.6385676,-1.0388732,-0.0021194906,0.0021991248,-0.4425256,0.16391034,-0.034998234,0.013941638,0.0034253148,0.0006189189,-0.16518192,0.9907478404714436,0.13445991030763288,-0.43565618855147603,0.0,0.0,-1.430811720374366,0.014212101485278072,-0.10086214739804533,0.0098641217341211,0.0,0.0,0.0,0.8132617057302245,0.16359781497795334,0.9882861249478065,-1.9642056244469508,-3.834263,3.624368,-1.3566848,1.1467896,1.2204962,-3.5349443,44.97878,0.004685289
figure_eight_depth,pid,13.8,1.2129717,0.62855977,-1.0374993,-0.0018749429,0.0022604773,-0.45899767,0.16842651,-0.0309495,0.014044071,0.0028077182,0.0009626459,-0.16471866,0.9921147013144779,0.12434494358242741,-0.434672033669087,0.0,0.0,-1.4421128452754657,0.013124865503255645,-0.1014297907048281,0.009818930936045245,0.0,0.0,0.0,0.8163400768148149,0.17059872562078252,0.9831151784396808,-1.9784529677212066,-3.8414953,3.6236165,-1.3323355,1.1144568,1.204473,-3.5475364,44.940582,0.004681311
figure_eight_depth,pid,13.9,1.2273047,0.618487,-1.0361204,-0.0016867251,0.0023564822,-0.47542262,0.1730907,-0.026826419,0.014129287,0.0022534605,0.0012680048,-0.1642469,0.9933727656003964,0.11417543505532787,-0.4336924113364098,0.0,0.0,-1.4532839186947766,0.012036190231712318,-0.10195294355314077,0.009773470947022078,0.0,0.0,0.0,0.8197400824830762,0.17776816860004752,0.9778612979214611,-1.9931926625747396,-3.8499439,3.6233375,-1.307151,1.0805447,1.1872132,-3.5613472,44.91953,0.004679118
figure_eight_depth,pid,14.0,1.2420869,0.60833156,-1.0347387,-0.0015479862,0.0024823155,-0.49179956,0.17787756,-0.022655936,0.014199718,0.0017733084,0.0015345657,-0.16376665,0.9945218953682733,0.10395584540887987,-0.4327173484102854,0.0,0.0,-1.464336659208055,0.010946195056427133,-0.10243137647081985,0.009727743013332457,0.0,0.0,0.0,0.8234761364272435,0.18506809599831933,0.9725370960385755,-2.00842268467406,-3.8596277,3.6235561,-1.2811702,1.0450987,1.16881,-3.5762918,44.916496,0.0046788016
figure_eight_depth,pid,14.100000000000001,1.2573276,0.59807545,-1.0333554,-0.0014513078,0.0026328417,-0.5081276,0.18274045,-0.018459672,0.014257776,0.0013720981,0.0017580139,-0.16327786,0.99556196460308,0.09369065729286227,-0.43174687162255665,0.0,0.0,-1.4752825553130022,0.0098549995073971,-0.10286487960139978,0.009681748388695732,0.0,0.0,0.0,0.8275614849199429,0.19244364898975352,0.9671549255560747,-2.024137834632436,-3.8705308,3.6243129,-1.2544152,1.0081971,1.1493509,-3.5922844,44.932186,0.0046804356
figure_eight_depth,pid,14.200000000000001,1.2730309,0.5876995,-1.031972,-0.001388726,0.0028029503,-0.524406,0.18763952,-0.014268023,0.01430567,0.0010544014,0.0019373333,-0.16278078,0.9964928592495044,0.08338437335805109,-0.4307810075793348,0.0,0.0,-1.4861328863472594,0.00876272324668026,-0.10325326279606029,0.009635488334047704,0.0,0.0,0.0,0.8320082122448751,0.19984266753399185,0.961726870474304,-2.0403304960107778,-3.8826337,3.6256294,-1.2269242,0.96991974,1.1289377,-3.6092281,44.967148,0.0046840776
figure_eight_depth,pid,14.3,1.2891965,0.5771849,-1.0305902,-0.0013525885,0.0029877576,-0.5406339,0.19253933,-0.01009527,0.014345453,0.0008162336,0.0020734314,-0.1622754,0.9973144772244581,0.07304151428120575,-0.42981978276027055,0.0,0.0,-1.496898743495662,0.0076694860545734045,-0.10359635569701098,0.009588964117568377,0.0,0.0,0.0,0.8368277870835482,0.20722436617792667,0.9562648266408036,-2.056992525153225,-3.8959167,3.6275403,-1.1987224,0.9303461,1.1076423,-3.627055,45.022095,0.0046898015
figure_eight_depth,pid,14.4,1.3058208,0.5665122,-1.0292104,-0.0013354499,0.0031830461,-0.5568105,0.19742268,-0.005963006,0.014378905,0.00065470213,0.002171685,-0.16176216,0.9980267284282716,0.06266661678215227,-0.4288632235178278,0.0,0.0,-1.5075910508125054,0.006575407816955536,-0.10389400781266045,0.00954217701482074,0.0,0.0,0.0,0.842029924488811,0.21456131427025205,0.9507805525748956,-2.0741149242769166,-3.9103746,3.630058,-1.1698562,0.88953954,1.0855381,-3.6456907,45.09765,0.004697672
figure_eight_depth,pid,14.5,1.3228979,0.5556623,-1.0278338,-0.0013306442,0.00338513,-0.572935,0.20226999,-0.001880173,0.014407616,0.0005613058,0.0022361716,-0.16124132,0.9986295347545738,0.05226423163382687,-0.4279113560765615,0.0,0.0,-1.5182205862445766,0.005480608511687635,-0.10414608858266491,0.00949512830847321,0.0,0.0,0.0,0.8476240506780554,0.22182991057962614,0.9452856010837489,-2.0916859716254175,-3.9259977,3.6332066,-1.1403588,0.84756786,1.0626767,-3.6650863,45.194576,0.004707768
figure_eight_depth,pid,14.600000000000001,1.3404179,0.5446147,-1.0264609,-0.0013315652,0.0035908415,-0.5890067,0.20706403,0.0021220057,0.014432915,0.0005348389,0.002270969,-0.16071378,0.9991228300988584,0.041838921666157644,-0.4269642065323983,0.0,0.0,-1.5287980026174566,0.004385208195956114,-0.104352487436149,0.009447819288382897,0.0,0.0,0.0,0.8536170237531838,0.22899863471796994,0.9397912806440374,-2.109696900723566,-3.9427686,3.6369789,-1.1102928,0.80450296,1.0391424,-3.6851568,45.313213,0.004720126
figure_eight_depth,pid,14.700000000000001,1.3583704,0.5333492,-1.0250921,-0.0013328302,0.0037979034,-0.6050251,0.21180761,0.0060423594,0.014455968,0.00056254456,0.0022839098,-0.16017994,0.9995065603657316,0.03139525976465679,-0.42602180085192143,0.0,0.0,-1.5393338485876435,0.0032893269927836144,-0.10451311383975412,0.009400251251540093,0.0,0.0,0.0,0.8600152902702523,0.23606767397604006,0.9343087359587068,-2.128132564947591,-3.9606967,3.6413875,-1.0797005,0.7603913,1.0149603,-3.7058775,45.45444,0.004734838
figure_eight_depth,pid,14.8,1.3767408,0.5218452,-1.0237279,-0.0013291675,0.0040040906,-0.6209896,0.2164737,0.009849466,0.014477734,0.00064294174,0.0022746476,-0.15964094,0.9997806834748455,0.020937826864599905,-0.4250841648716586,0.0,0.0,-1.5498385895474731,0.002193085077761836,-0.10462789733744864,0.009352425502096029,0.0,0.0,0.0,0.8668226298871065,0.2429969484060993,0.9288489688618957,-2.1469843648688873,-3.9797463,3.646421,-1.0486466,0.715321,0.99021363,-3.7271643,45.618385,0.0047519156
figure_eight_depth,pid,14.9,1.3955152,0.510082,-1.0223684,-0.0013167098,0.004208225,-0.63689977,0.22107929,0.013547117,0.014498974,0.00076163124,0.0022528109,-0.1590973,0.9999451693655121,0.010471209941678555,-0.424151324297374,0.0,0.0,-1.5603226284817082,0.0010966026662839745,-0.10469678758138252,0.009304343351168587,0.0,0.0,0.0,0.874042508542453,0.24980189715603127,0.9234228591755254,-2.166239777415973,-3.9999382,3.652084,-1.0171797,0.66932577,0.9649088,-3.7490098,45.806,0.0047714585
figure_eight_depth,pid,15.0,1.4146775,0.4980391,-1.0210136,-0.0012922261,0.004409345,-0.6527552,0.22561477,0.017121697,0.0145203,0.0009120668,0.0022199692,-0.15855013,1.0,6.123233995736766e-17,-0.4232233047033631,0.0,0.0,-1.5707963267948966,0.0,-0.10471975435402178,0.00925600611695332,0.0,0.0,0.0,0.8816766013882268,0.2564665222228845,0.918041125932012,-2.185820882652522,-4.021258,3.6583722,-0.9853573,0.6224717,0.93908614,-3.771371,46.017723,0.004793513
figure_eight_depth,pid,15.100000000000001,1.434174,0.48569602,-1.0196633,-0.0012459187,0.0046004886,-0.668556,0.2297894,0.020343015,0.014542161,0.0011597833,0.0021156154,-0.15800373,0.9999451693655121,-0.010471209941678434,-0.42230013153175183,0.0,0.0,-1.5812700251080851,-0.0010966026662839745,-0.10469678758138166,0.009207415124640184,0.0,0.0,0.0,0.889707446304368,0.2626247527501997,0.912714050147758,-2.2056120390434915,-4.0432844,3.6651196,-0.95337576,0.575211,0.913269,-3.7937214,46.24743,0.0048174406
figure_eight_depth,pid,15.200000000000001,1.4539117,0.4730342,-1.0183171,-0.0011627203,0.004770206,-0.68430245,0.23330602,0.022967855,0.014564369,0.0015563954,0.0018933543,-0.15746064,0.9997806834748455,-0.02093782686459978,-0.42138183009179914,0.0,0.0,-1.5917540640423202,-0.002193085077761836,-0.10462789733744864,0.009158571706413543,0.0,0.0,0.0,0.8980952246793208,0.26789872575443263,0.9074516148159408,-2.225471278852045,-4.065517,3.6721141,-0.92147726,0.5280745,0.88804495,-3.8154702,46.48727,0.004842424
figure_eight_depth,pid,15.3,1.4737641,0.4600389,-1.016974,-0.0010248412,0.0049048117,-0.6999949,0.23590934,0.024781248,0.014585847,0.0021273526,0.0015285166,-0.15692158,0.9995065603657316,-0.03139525976465667,-0.4204684255592028,0.0,0.0,-1.6022588050021498,-0.0032893269927836144,-0.10451311383975412,0.009109477201313387,0.0,0.0,0.0,0.9067781309986926,0.2719614423795873,0.9022638833178847,-2.245232720863288,-4.0874395,3.6791253,-0.88992316,0.48160896,0.86397254,-3.8360546,46.728798,0.004867583
figure_eight_depth,pid,15.4,1.4935739,0.44670147,-1.0156325,-0.0008136938,0.0049896687,-0.71563387,0.23736691,0.02559146,0.014604513,0.0028785306,0.001008844,-0.1563863,0.9991228300988584,-0.04183892166615774,-0.41955994297540944,0.0,0.0,-1.612794650972338,-0.004385208195956114,-0.10435248743614553,0.00906013295526309,0.0,0.0,0.0,0.915672474902244,0.2745182295260014,0.8971607818011955,-2.2647165646831646,-4.108505,3.685911,-0.8589868,0.43639293,0.8415879,-3.8549337,46.96283,0.004891962
figure_eight_depth,pid,15.5,1.5131593,0.43301865,-1.0142914,-0.0005113179,0.005011017,-0.73121953,0.23750949,0.025226172,0.014617214,0.0038014275,0.0003402992,-0.15585425,0.9986295347545738,-0.05226423163382652,-0.4186564072469281,0.0,0.0,-1.6233720673452168,-0.005480608511687635,-0.10414608858266491,0.009010540321152671,0.0,0.0,0.0,0.9246736638761025,0.2753412503256188,0.892152537239626,-2.283732547804013,-4.128192,3.6921973,-0.82897395,0.39297947,0.8213914,-3.8716073,47.179947,0.0049145776
figure_eight_depth,pid,15.600000000000001,1.5323198,0.4189957,-1.012949,-0.00010240631,0.004956515,-0.7467521,0.23619471,0.02356032,0.014620061,0.004867454,-0.0004656008,-0.1553244,0.9980267284282716,-0.06266661678215214,-0.4177578431446471,0.0,0.0,-1.634001602777288,-0.006575407816955536,-0.10389400781266045,0.008960700658477982,0.0,0.0,0.0,0.9336595556621853,0.27425164774967203,0.8872495194757437,-2.30250234033626,-4.1459737,3.6977348,-0.80016917,0.35193053,0.80380607,-3.8856514,47.370857,0.004934464
figure_eight_depth,pid,15.700000000000001,1.5508368,0.4046508,-1.011604,0.00042469788,0.004814723,-0.7622319,0.23326628,0.02050059,0.014608567,0.0060382956,-0.001402067,-0.1547959,0.9973144772244581,-0.07304151428120585,-0.4168642753031553,0.0,0.0,-1.6446939100940523,-0.0076694860545734045,-0.103596355697122,0.008910615333701521,0.0,0.0,0.0,0.9424925464248244,0.2710766705267549,0.882462023707181,-2.320646946398071,-4.161266,3.7022989,-0.77282965,0.31386265,0.7892183,-3.896684,47.525936,0.0049506184
figure_eight_depth,pid,15.8,1.5684944,0.3900159,-1.0102556,0.0010740336,0.0045781964,-0.7776588,0.22870912,0.01608511,0.014578105,0.0072361194,-0.0024307831,-0.15426691,0.9964928592495044,-0.08338437335805098,-0.41597572822006645,0.0,0.0,-1.6554597672426188,-0.00876272324668026,-0.1032532627959562,0.008860285719891614,0.0,0.0,0.0,0.9510321565679324,0.26583305951752945,0.8778009470903361,-2.337943623710948,-4.1736403,3.705782,-0.74710697,0.2792487,0.7777395,-3.9046025,47.63904,0.0049624
figure_eight_depth,pid,15.9,1.5851117,0.3751317,-1.008904,0.0018371365,0.0042483425,-0.7930328,0.22277242,0.010545493,0.014525133,0.008334878,-0.0034636548,-0.15373464,0.99556196460308,-0.09369065729286216,-0.4150922262553476,0.0,0.0,-1.6663100982767909,-0.0098549995073971,-0.10286487960139978,0.00880971319686119,0.0,0.0,0.0,0.9591536545302228,0.2588630810191787,0.8732772732836573,-2.3542913644296073,-4.183011,3.7082572,-0.722986,0.248232,0.7690294,-3.90976,47.710712,0.0049698655
figure_eight_depth,pid,16.0,1.6005368,0.36004296,-1.0075501,0.0026981079,0.0038325049,-0.8083538,0.21568139,0.0040522264,0.01444758,0.0092605995,-0.004439837,-0.1532004,0.9945218953682734,-0.10395584540887953,-0.4142137936306514,0.0,0.0,-1.6772559943810879,-0.010946195056371621,-0.10243137647093087,0.008758899151140032,0.0,0.0,0.0,0.9667455613367126,0.2504619344760606,0.8689022126809536,-2.369610180675246,-4.1893272,3.70975,-0.7004953,0.22091806,0.7628258,-3.912432,47.741234,0.004973045
figure_eight_depth,pid,16.1,1.6146455,0.34479633,-1.0061961,0.0036363688,0.0033419614,-0.823622,0.20764999,-0.0032413816,0.014344967,0.009967762,-0.0053173658,-0.15266718,0.9933727656003964,-0.11417543505532797,-0.41334045442865214,0.0,0.0,-1.6883087348959795,-0.01203619023182334,-0.10195294355323792,0.00870784497569721,0.0,0.0,0.0,0.9737108057840431,0.24091028992860908,0.8646867465994708,-2.38383635089903,-4.1925745,3.7102833,-0.6796629,0.19737162,0.7588853,-3.91288,47.73132,0.0049720122
figure_eight_depth,pid,16.2,1.627337,0.32943922,-1.0048448,0.004629112,0.0027899717,-0.8388381,0.19886276,-0.0112040425,0.014218147,0.010435946,-0.006073169,-0.1521389,0.9921147013144779,-0.1243449435824273,-0.4124722325923851,0.0,0.0,-1.6994798083141884,-0.013124865503255645,-0.10142979070493913,0.008656552070385182,0.0,0.0,0.0,0.9799656382554442,0.23045687423403352,0.8606417078808388,-2.396923186797583,-4.192656,3.7099705,-0.66042507,0.17773968,0.7570064,-3.9113235,47.681507,0.0049668234
figure_eight_depth,pid,16.3,1.6385318,0.31401843,-1.0035,0.005653102,0.0021906078,-0.8540031,0.18948992,-0.019721791,0.0140689695,0.010663001,-0.0066955728,-0.15161973,0.9907478404714436,-0.13445991030763277,-0.4116091519245905,0.0,0.0,-1.7107809332157007,-0.014212101485333584,-0.10086214739823962,0.008605021841245897,0.0,0.0,0.0,0.9854398214554891,0.21933564245426818,0.8567778614307275,-2.4088374641495003,-4.1894164,3.7090018,-0.64264095,0.16222629,0.7570232,-3.9079523,47.592384,0.0049575404
figure_eight_depth,pid,16.400000000000002,1.6481684,0.2985795,-1.0021656,0.006686084,0.0015576469,-0.8691183,0.17967722,-0.028698599,0.01389998,0.010660932,-0.0071839793,-0.1511137,0.9892723329629883,-0.14451589847223595,-0.4107512360870609,0.0,0.0,-1.7222240790518628,-0.015297778950262853,-0.10025026262007464,0.008553255701093665,0.0,0.0,0.0,0.9900750114489805,0.2077582189634605,0.8531058057936536,-2.4195571076553213,-4.1831636,3.7071075,-0.6266289,0.15057276,0.75881004,-3.9029129,47.465363,0.004944309
figure_eight_depth,pid,16.5,1.6562003,0.28316703,-1.000846,0.007707702,0.00090373546,-0.88418543,0.1695388,-0.03805295,0.013714134,0.010450876,-0.0075463634,-0.15062442,0.9876883405951378,-0.15450849718747367,-0.4098985085999922,0.0,0.0,-1.7338214867212989,-0.016381778841390027,-0.0995944047633146,0.008501255069126579,0.0,0.0,0.0,0.9938244654581699,0.19591065535590726,0.8496360533335425,-2.4290690393952152,-4.173928,3.7042875,-0.6124377,0.14279747,0.7622839,-3.896313,47.301224,0.004927211
figure_eight_depth,pid,16.6,1.6625924,0.26782507,-0.99954575,0.008700069,0.0002398926,-0.8992065,0.15916413,-0.0477158,0.013514573,0.010059421,-0.0077959993,-0.15015502,0.985996037070505,-0.1644333233692916,-0.40905099284133944,0.0,0.0,-1.7455856888124595,-0.017463982285859103,-0.09889486150921334,0.008449021370982024,0.0,0.0,0.0,0.9966514090341992,0.18396316550251662,0.8463791696855674,-2.4377958933997244,-4.161736,3.7005403,-0.6001185,0.1389229,0.76739603,-3.8882244,47.100674,0.0049063205
figure_eight_depth,pid,16.7,1.6673224,0.2525966,-0.9982691,0.0096476115,-0.0004242887,-0.9141837,0.14864187,-0.057615373,0.013304559,0.00951135,-0.007944566,-0.14970784,0.984195607969242,-0.17428602366090737,-0.4082087120461751,0.0,0.0,-1.7575295293978184,-0.018544270607823155,-0.09815193970025282,0.008396556038625658,0.0,0.0,0.0,0.9985300258834179,0.17210028217627893,0.84334585315499,-2.4455503481052325,-4.146637,3.6958783,-0.5897107,0.13895196,0.7740951,-3.878721,46.864883,0.0048817587
figure_eight_depth,pid,16.8,1.6703777,0.23752405,-0.9970198,0.010537136,-0.001080883,-0.92911917,0.13804038,-0.06768492,0.01308731,0.008831878,-0.008006535,-0.1492848,0.9822872507286887,-0.18406227634233896,-0.40737168930605266,0.0,0.0,-1.7696661832068086,-0.019622525341600472,-0.09736596520656948,0.00834386051040692,0.0,0.0,0.0,0.9994440777992746,0.16050251133503188,0.8405470134947419,-2.4520973596913898,-4.128677,3.6903207,-0.58124834,0.14289215,0.782346,-3.8678565,46.595085,0.004853655
figure_eight_depth,pid,16.900000000000002,1.6717548,0.22264849,-0.99580157,0.011358151,-0.0017234404,-0.94401556,0.12742282,-0.07787296,0.012865856,0.008049138,-0.007994838,-0.14888762,0.9802711746217219,-0.19375779322605147,-0.4065399475683734,0.0,0.0,-1.78200917398191,-0.020698628244331108,-0.09653728278245788,0.008290936231114543,0.0,0.0,0.0,0.9993863629887071,0.14936281845382562,0.8379936114475777,-2.457446269622848,-4.1079183,3.6838784,-0.5747756,0.1507358,0.7921385,-3.8556583,46.292625,0.0048221485
figure_eight_depth,pid,17.0,1.6714576,0.20800912,-0.99461734,0.0121027585,-0.0023468756,-0.95887536,0.116844125,-0.088134885,0.012643099,0.007189975,-0.007921713,-0.1485177,0.9781476007338057,-0.2033683215378999,-0.40571350963575725,0.0,0.0,-1.79457239178632,-0.02177246130918853,-0.09566625591565792,0.008237784651532465,0.0,0.0,0.0,0.998357626028971,0.1388909153577476,0.8356970336816144,-2.461608206709879,-4.084431,3.6765614,-0.57033926,0.16246954,0.8034744,-3.842138,45.958958,0.0047873915
figure_eight_depth,pid,17.1,1.669497,0.19364394,-0.9934694,0.0127652455,-0.002947382,-0.97370136,0.10634966,-0.09842491,0.012421822,0.006276918,-0.0077989306,-0.14817603,0.9759167619387474,-0.21288964578253636,-0.40489239816541756,0.0,0.0,-1.8073701089754566,-0.022843906778313716,-0.09475326666733008,0.008184407229022694,0.0,0.0,0.0,0.9963664137173253,0.12931517645272103,0.8336687511339649,-2.464592893081488,-4.0582876,3.66839,-0.56797713,0.17807934,0.8163539,-3.8273041,45.595783,0.0047495607
figure_eight_depth,pid,17.2,1.6658901,0.1795916,-0.9923595,0.013341492,-0.0035226392,-0.9884963,0.095961764,-0.10868945,0.012204637,0.0053264033,-0.0076406547,-0.14786334,0.9735789028731603,-0.22231758959246356,-0.40407663566854,0.0,0.0,-1.820416994494536,-0.02391284715569375,-0.09379871550448116,0.008130805426775911,0.0,0.0,0.0,0.9934296828467252,0.12086460431696282,0.8319206909361865,-2.4664113526842923,-4.029545,3.6594074,-0.5677072,0.19757,0.83077073,-3.8111672,45.204994,0.004708854
figure_eight_depth,pid,17.3,1.6606598,0.16588965,-0.99128866,0.0138291465,-0.0040712333,-1.0032631,0.085712075,-0.11888736,0.011993844,0.0043563675,-0.00745549,-0.14758046,0.9711342799096361,-0.2316480175599307,-0.40326624450966564,0.0,0.0,-1.8337281261033482,-0.024979165219818356,-0.09280302112485428,0.008076980714394333,0.0,0.0,0.0,0.9895716195063063,0.11379053181703244,0.8304650102204748,-2.467073679108533,-3.9982843,3.64965,-0.5695559,0.22092168,0.8467256,-3.7937267,44.788734,0.004665493
figure_eight_depth,pid,17.400000000000002,1.6538334,0.15257517,-0.9902572,0.014227538,-0.0045927423,-1.0180047,0.07561724,-0.12898454,0.011791518,0.0033837564,-0.007253145,-0.14732826,0.9685831611286311,-0.2408768370508577,-0.4024612469060774,0.0,0.0,-1.8473190000757838,-0.026042744037058085,-0.09176662027317317,0.008022934567558648,0.0,0.0,0.0,0.9848230499991331,0.10832417988736975,0.8293143442377711,-2.466591529889314,-3.9645846,3.639154,-0.57355183,0.24812114,0.8642305,-3.7749665,44.349167,0.0046197046
figure_eight_depth,pid,17.5,1.6454438,0.13968351,-0.98926485,0.014537069,-0.005087092,-1.032724,0.0657103,-0.13893871,0.01159958,0.0024192878,-0.0070371153,-0.14710745,0.9659258262890683,-0.2499999999999999,-0.4016616649271912,0.0,0.0,-1.8612055378159178,-0.0271034669739878,-0.09068996754883762,0.007968668467861484,0.0,0.0,0.0,0.9792218403568995,0.10466861887011426,0.8284815149506223,-2.464995077148629,-3.9285486,3.6279733,-0.57970774,0.27913252,0.8832691,-3.7548947,43.88906,0.0045717773
figure_eight_depth,pid,17.6,1.635562,0.1272272,-0.9883102,0.0147534935,-0.0055469116,-1.0474242,0.056367014,-0.14854169,0.011420208,0.0014164395,-0.006734566,-0.14691642,0.9631625667976581,-0.2590135046865652,-0.4008675204939509,0.0,0.0,-1.8754040887737242,-0.02816121771020974,-0.08957353520733236,0.00791418390314047,0.0,0.0,0.0,0.9728266687453633,0.10312398967437422,0.8279798915767638,-2.462333284816924,-3.8906574,3.6163895,-0.58782977,0.31356192,0.903371,-3.733964,43.41792,0.0045227
figure_eight_depth,pid,17.7,1.6243147,0.11518328,-0.98739046,0.014865079,-0.0059553683,-1.0621073,0.048153244,-0.15746371,0.011254675,0.00030138963,-0.0062502925,-0.14675358,0.9602936856769432,-0.26791339748949805,-0.40007883537822736,0.0,0.0,-1.8899314289461266,-0.029215880251620696,-0.08841781295287898,0.007859482367034154,0.0,0.0,0.0,0.9657234947246487,0.10375377212521199,0.8278241043459069,-2.458679315551362,-3.851612,3.6049151,-0.5975099,0.3508128,0.923735,-3.71295,42.9497,0.004473927
figure_eight_depth,pid,17.8,1.6118803,0.10349741,-0.9865015,0.014854359,-0.0062906477,-1.0767761,0.04155513,-0.16536725,0.011101987,-0.0009807714,-0.005532837,-0.14661944,0.9573194975320672,-0.27669577462167194,-0.39929563120222133,0.0,0.0,-1.9048047541202338,-0.030267338942568944,-0.08722330772359399,0.007804565359259552,0.0,0.0,0.0,0.9580226790289532,0.10618764019156778,0.8280286072315008,-2.4541376801964363,-3.8121681,3.5940652,-0.6083353,0.39023262,0.94353455,-3.6926522,42.498222,0.0044268984
figure_eight_depth,pid,17.900000000000002,1.5984864,0.09208854,-0.9856378,0.014698797,-0.0065290425,-1.0914332,0.036991533,-0.17187755,0.010958503,-0.0024776338,-0.0045607635,-0.14651549,0.9542403285162768,-0.28535678384221597,-0.398517929437871,0.0,0.0,-1.9200416669409741,-0.03131547847862182,-0.08599054346866697,0.007749434385417864,0.0,0.0,0.0,0.9498566887596412,0.10978489644781111,0.8286084994833935,-2.448851538146992,-3.7731006,3.584439,-0.61981416,0.43115246,0.96187425,-3.6739352,42.077557,0.004383079
figure_eight_depth,pid,18.0,1.5844,0.08085917,-0.9847931,0.01437357,-0.0066492334,-1.1060812,0.034723215,-0.17663804,0.010817597,-0.00420865,-0.0033547557,-0.14644481,0.9510565162951536,-0.2938926261462365,-0.3977457514062631,0.0,0.0,-1.9356601567356966,-0.03236018391961082,-0.08472006091930773,0.007694090956883448,0.0,0.0,0.0,0.9413753611056267,0.11383695794029111,0.8295789094059847,-2.442998442358498,-3.7351098,3.5766568,-0.63142943,0.47297627,0.9779375,-3.6575894,41.70025,0.0043437765
figure_eight_depth,pid,18.1,1.5698571,0.06973145,-0.9839617,0.013867928,-0.0066463635,-1.1207248,0.03435352,-0.17974332,0.010670761,-0.0060301004,-0.0020759865,-0.14641748,0.9477684100095857,-0.3022995574311874,-0.39697911827704846,0.0,0.0,-1.951678570905132,-0.03340134070178857,-0.08341241735129734,0.007638536590942602,0.0,0.0,0.0,0.932711095826431,0.11781153757627862,0.8309537736562917,-2.436758604142567,-3.6983757,3.5707402,-0.64322114,0.5155857,0.9919256,-3.6433964,41.365986,0.004308957
figure_eight_depth,pid,18.2,1.5550654,0.058641832,-0.98313844,0.013182986,-0.0065261233,-1.135369,0.035558246,-0.1813018,0.010511835,-0.007822702,-0.000828431,-0.14643979,0.9443763702374811,-0.310573890139155,-0.39621805106786145,0.0,0.0,-1.9681155765741618,-0.034438834650596384,-0.08206818634018398,0.007582772810654781,0.0,0.0,0.0,0.9239788299092035,0.12147214195796405,0.8327466333597453,-2.430307854374803,-3.6631103,3.5667138,-0.6552302,0.55883366,1.0040548,-3.6311207,41.074608,0.0042786053
figure_eight_depth,pid,18.3,1.5402066,0.047537677,-0.9823191,0.012329698,-0.006300837,-1.150019,0.03805849,-0.18144047,0.010337421,-0.009488965,0.0003214417,-0.14651543,0.9408807689542255,-0.3187119948743448,-0.3954625706437441,0.0,0.0,-1.9849901110342925,-0.03547255199304322,-0.08068795751017821,0.007526801144908113,0.0,0.0,0.0,0.9152763633732584,0.12476290695569832,0.8349710613898222,-2.4238149328963066,-3.6295376,3.5645888,-0.667514,0.6025652,1.0145639,-3.6205018,40.82587,0.0042526945
figure_eight_depth,pid,18.400000000000002,1.525438,0.036369808,-0.9815006,0.011327034,-0.0059855673,-1.1646812,0.0416626,-0.18030958,0.010146858,-0.010950473,0.0013447324,-0.14664644,0.9372819894918916,-0.3267103019950527,-0.39471269771657397,0.0,0.0,-2.0023213194068883,-0.03650237937041778,-0.07927233627513797,0.007470623128003062,0.0,0.0,0.0,0.9066833370974126,0.12777108667166537,0.8376401231941197,-2.4174352331741518,-3.5979407,3.5643528,-0.68015456,0.6465666,1.0236899,-3.611281,40.619736,0.004231223
figure_eight_depth,pid,18.5,1.5108945,0.025092116,-0.9806805,0.010199386,-0.005596793,-1.1793613,0.046199434,-0.1780554,0.009941884,-0.012155166,0.0022247406,-0.14683324,0.9335804264972019,-0.33456530317942895,-0.3939684528444961,0.0,0.0,-2.020128477803743,-0.03752820385061195,-0.07782194357361383,0.0074142403002352975,0.0,0.0,0.0,0.8982628217973716,0.1306271532058719,0.8407671344199539,-2.411309787443558,-3.5685833,3.5659902,-0.6932393,0.6906463,1.031656,-3.6032104,40.456085,0.0042141755
figure_eight_depth,pid,18.6,1.496691,0.013660772,-0.97985744,0.008974143,-0.005151107,-1.1940653,0.051523946,-0.17481367,0.009725948,-0.013075368,0.0029569622,-0.14707525,0.9297764858882513,-0.3422735529643443,-0.39322985643135955,0.0,0.0,-2.0384309001855563,-0.038549912940277764,-0.0763374155955121,0.00735765420734058,0.0,0.0,0.0,0.8900636068480354,0.1334783959022099,0.8443655677728367,-2.405564621487235,-3.5417137,3.5694911,-0.70685184,0.7346293,1.0386544,-3.5960767,40.334892,0.0042015514
figure_eight_depth,pid,18.7,1.4829237,0.0020349831,-0.9790307,0.0076797213,-0.0046645887,-1.2087989,0.057499465,-0.17070872,0.009503534,-0.013703155,0.0035428114,-0.14737123,0.9258705848099948,-0.3498316702566826,-0.39249692872615816,0.0,0.0,-2.057247827018049,-0.03956739459759495,-0.07481940350395622,0.007300866400661299,0.0,0.0,0.0,0.8821225903296128,0.13646093629446054,0.84844894167259,-2.400310658039775,-3.5175505,3.5748508,-0.7210718,0.7783721,1.0448496,-3.5896957,40.256153,0.0041933493
figure_eight_depth,pid,18.8,1.4696722,-0.009823046,-0.9782003,0.0063440884,-0.004152221,-1.2235675,0.0640039,-0.16585524,0.009279575,-0.014045224,0.0039893594,-0.14771983,0.9218631515885006,-0.35723633981640157,-0.3917696898224751,0.0,0.0,-2.0765982937955294,-0.04058053724415034,-0.07326857314918223,0.007243878436952178,0.0,0.0,0.0,0.8744664851406082,0.1396937367724697,0.8530308079862032,-2.3956447956990226,-3.4962885,3.582067,-0.7359751,0.82175344,1.0503762,-3.5839164,40.219925,0.0041895756
figure_eight_depth,pid,18.900000000000002,1.4570013,-0.021948377,-0.9773667,0.0049935644,-0.0036274362,-1.2383766,0.07093251,-0.16035464,0.009058967,-0.014120142,0.004308256,-0.14811964,0.9177546256839811,-0.36448431371070583,-0.3910481596579324,0.0,0.0,-2.09650097752614,-0.041589229777649894,-0.07168560477674446,0.007186691878713347,0.0,0.0,0.0,0.8671143458645728,0.1432719278357986,0.8581243600944993,-2.3916493715045473,-3.4781048,3.5911477,-0.7516261,0.86466885,1.0553324,-3.5786283,40.22645,0.0041902554
figure_eight_depth,pid,19.0,1.4449621,-0.034372047,-0.9765308,0.0036521878,-0.0031022737,-1.2532312,0.07817758,-0.15430117,0.008846257,-0.013952609,0.004509794,-0.14856954,0.913545457642601,-0.371572412738697,-0.39033235801364397,0.0,0.0,-2.1169740193409847,-0.04259336158329852,-0.07007119272883777,0.007129308293690739,0.0,0.0,0.0,0.8600792890254669,0.14725235627342195,0.8637428515477108,-2.3883959095346183,-3.4631426,3.6020994,-0.7680897,0.9070465,1.0598015,-3.5737407,40.275974,0.004195414
figure_eight_depth,pid,19.1,1.4335912,-0.04712416,-0.97569364,0.0023423014,-0.0025867508,-1.2681364,0.08566436,-0.14781164,0.008645532,-0.013561263,0.0046108305,-0.14906919,0.9092361090470686,-0.37849752782587814,-0.3896223045136734,0.0,0.0,-2.1380348216174,-0.04359282254690067,-0.06842604513984663,0.007071729255042625,0.0,0.0,0.0,0.8533675843536933,0.15169696314034536,0.8698984395144338,-2.385941239911503,-3.451563,3.614894,-0.7854587,0.94878966,1.0638744,-3.5691571,40.368603,0.004205063
figure_eight_depth,pid,19.200000000000003,1.4229143,-0.06023314,-0.9748565,0.0010832474,-0.0020889237,-1.2830971,0.09332892,-0.14096995,0.008460279,-0.012977537,0.004627835,-0.14961797,0.9048270524660195,-0.3852566213878946,-0.3889180186244962,0.0,0.0,-2.1596998182502625,-0.044587503066295664,-0.06675088362598225,0.007013956341395122,0.0,0.0,0.0,0.8469820098232612,0.1566253548716489,0.8766026703086731,-2.3844398786007375,-3.4434934,3.6295328,-0.80379295,0.98983234,1.0675895,-3.5648375,40.50482,0.0042192526
figure_eight_depth,pid,19.3,1.4129479,-0.073726125,-0.9740206,-0.00010894327,-0.0016148996,-1.2981182,0.10112193,-0.1338451,0.008293196,-0.012235685,0.004577522,-0.15021548,0.9003187714021935,-0.3918467286629198,-0.38821951965446566,0.0,0.0,-2.1819842172165544,-0.04557729406345912,-0.06504644296845274,0.006955991136592399,0.0,0.0,0.0,0.8409234453859618,0.1620361290732533,0.8838659835358293,-2.3848217221477244,-3.4390464,3.6460285,-0.8231358,1.0301181,1.0709534,-3.560776,40.685326,0.0042380556
figure_eight_depth,pid,19.400000000000002,1.4037015,-0.087628506,-0.97318697,-0.0012217954,-0.0011691002,-1.3132044,0.108999416,-0.12648787,0.008146168,-0.01137215,0.00447443,-0.15086153,0.8957117602394128,-0.39826495901209824,-0.387526826753284,0.0,0.0,-2.2049017151563084,-0.0465620869968264,-0.06331347079116534,0.0068978352297521806,0.0,0.0,0.0,0.8351924503826395,0.1679045676461817,0.8916973074643528,-2.386020044701602,-3.4383075,3.6644068,-0.84350926,1.0696083,1.0739422,-3.556998,40.910995,0.004261561
figure_eight_depth,pid,19.5,1.3951766,-0.10196339,-0.97235674,-0.0022453428,-0.0007547484,-1.3283606,0.11691129,-0.11896535,0.008020398,-0.010412664,0.004328692,-0.15155667,0.8910065241883679,-0.40450849718747367,-0.38683995891147693,0.0,0.0,-2.228464184498932,-0.04754177387256142,-0.06155272723309957,0.006839490215293509,0.0,0.0,0.0,0.8297897033006129,0.17419074231163742,0.9001036269427796,-2.3880428912979648,-3.44135,3.6846602,-0.8649564,1.1082665,1.0765573,-3.5535069,41.182404,0.0042898334
figure_eight_depth,pid,19.6,1.3873668,-0.11675059,-0.9715307,-0.00317223,-0.0003741741,-1.3435917,0.12480495,-0.111331716,0.007916514,-0.009383827,0.004147722,-0.15230137,0.8862035792312146,-0.41057460456685213,-0.3861589349598733,0.0,0.0,-2.2526813347306844,-0.04851624725710213,-0.059764984614518735,0.0067809576927702064,0.0,0.0,0.0,0.8247164190200557,0.18083322466903726,0.909089644667208,-2.390895545684401,-3.4482124,3.7067833,-0.88750625,1.1460773,1.0787863,-3.5503185,41.500114,0.0043229284
figure_eight_depth,pid,19.700000000000003,1.3802602,-0.13201003,-0.9707094,-0.003997439,-2.812878e-05,-1.3589025,0.13266787,-0.10363714,0.007834566,-0.00830938,0.0039461288,-0.15309621,0.8813034520649923,-0.4164606203550497,-0.3854837735690888,0.0,0.0,-2.2775603505758157,-0.04948540028831827,-0.05795102709846289,0.0067222392668708775,0.0,0.0,0.0,0.8199750115025469,0.1877984864071037,0.918657896199595,-2.394859315511109,-3.4589527,3.7307785,-0.91117007,1.1829959,1.0805892,-3.5474777,41.865044,0.0043609417
figure_eight_depth,pid,19.8,1.3738402,-0.1477585,-0.9698932,-0.00471836,0.00028322192,-1.374298,0.14046063,-0.0959174,0.0077742147,-0.0072135404,0.0037289076,-0.15394163,0.8763066800438637,-0.42216396275100737,-0.38481449324901407,0.0,0.0,-2.3031055114015464,-0.050449126687779344,-0.05611165034663523,0.0066633365473633965,0.0,0.0,0.0,0.8155704065125926,0.1950186284710884,0.9288075349077111,-2.399639631034332,-3.4735744,3.7566419,-0.9359468,1.2190143,1.0819255,-3.545028,42.277855,0.004403943
figure_eight_depth,pid,19.900000000000002,1.3680854,-0.1640105,-0.96908236,-0.005334331,0.0005603705,-1.3897833,0.14815457,-0.0882081,0.0077347,-0.0061158533,0.0035021037,-0.1548381,0.8712138111201895,-0.42768213008025335,-0.38415111234830707,0.0,0.0,-2.3293177977696113,-0.05140732077202337,-0.05424766117043123,0.006604251149122664,0.0,0.0,0.0,0.8115101051067622,0.20243403454739772,0.9395345345631294,-2.4052008060573042,-3.4920728,3.7843626,-0.96182626,1.254116,1.082751,-3.5430179,42.739216,0.0044520013
figure_eight_depth,pid,20.0,1.3629693,-0.18077898,-0.9682766,-0.0058459146,0.0008044761,-1.4053634,0.15573046,-0.08055452,0.007714997,-0.0050285286,0.0032721136,-0.15578617,0.8660254037844387,-0.4330127018922192,-0.38349364905389033,0.0,0.0,-2.356194492933718,-0.05235987746421422,-0.0523598771771383,0.006544984691991829,0.0,0.0,0.0,0.8078033106749001,0.20999498538435452,0.9508310524201073,-2.411532422086711,-3.51444,3.8139076,-0.98880064,1.2882681,1.083032,-3.5414824,43.2496,0.004505167
figure_eight_depth,pid,20.1,1.3584627,-0.19807479,-0.9674757,-0.006255346,0.0010171488,-1.4210435,0.16316864,-0.07298027,0.007713906,-0.0039681694,0.00304333,-0.15678576,0.8607420270039436,-0.4381533400219318,-0.38284212139045215,0.0,0.0,-2.383728788997694,-0.053306692305798986,-0.05044912641122279,0.006485538800810042,0.0,0.0,0.0,0.8044625575524763,0.2176481802081095,0.9626852737923106,-2.418621319356122,-3.5406346,3.8452559,-1.0168303,1.3214517,1.0827116,-3.5404801,43.80953,0.0045634923
figure_eight_depth,pid,20.200000000000003,1.3545325,-0.21590625,-0.96667904,-0.0065659136,0.0012002288,-1.4368286,0.17044711,-0.0655155,0.0077300486,-0.0029451202,0.0028181728,-0.15783677,0.8553642601605065,-0.4431017896156074,-0.3821965472199526,0.0,0.0,-2.411909409377188,-0.05424766146788773,-0.04851624699103718,0.0064259151053014385,0.0,0.0,0.0,0.8015026554591327,0.2253406672386232,0.9750807960959378,-2.426453990886115,-3.5705976,3.878363,-1.0458753,1.3536408,1.0817472,-3.5400536,44.419224,0.0046270024
figure_eight_depth,pid,20.3,1.3511424,-0.23428059,-0.965886,-0.0067816675,0.0013560122,-1.4527239,0.17755936,-0.058190584,0.0077619436,-0.0019667582,0.0026014603,-0.15893869,0.8498926929868639,-0.44785588011970645,-0.3815569442411337,0.0,0.0,-2.440720261007536,-0.05518268176252228,-0.04656208674150286,0.0063661152401028875,0.0,0.0,0.0,0.7989406255168185,0.2330365393978761,0.9879964002668742,-2.4350175301046244,-3.604266,3.9131758,-1.0758806,1.3847907,1.0800931,-3.540248,45.078796,0.004695708
figure_eight_depth,pid,20.400000000000002,1.3482556,-0.2532042,-0.96509564,-0.006907931,0.0014872511,-1.4687341,0.18450709,-0.051013004,0.0078080865,-0.0010455338,0.0023981156,-0.16009034,0.8443279255020152,-0.4524135262330097,-0.3809233299890341,0.0,0.0,-2.4701401312641433,-0.05611165065416701,-0.04458750282171353,0.006306140844597463,0.0,0.0,0.0,0.7967965735124789,0.2407092016431265,1.0014059860996536,-2.4443003675846042,-3.64155,3.949658,-1.1067508,1.4148587,1.0776738,-3.5411372,45.78844,0.004769629
figure_eight_depth,pid,20.5,1.3458349,-0.27268285,-0.964307,-0.006951171,0.0015970169,-1.4848644,0.19129466,-0.043982603,0.007866927,-0.00019250365,0.002211882,-0.16129008,0.8386705679454243,-0.4567727288213003,-0.38029572183450866,0.0,0.0,-2.5001424455537173,-0.05703446627114417,-0.04259336134965208,0.0062459935631087315,0.0,0.0,0.0,0.7950936298889092,0.24833829747042824,1.0152780914201114,-2.4542913892451574,-3.682341,3.987768,-1.138368,1.443795,1.0744061,-3.5428011,46.548145,0.004848765
figure_eight_depth,pid,20.6,1.3438427,-0.29272103,-0.96351916,-0.0069185086,0.0016883858,-1.501119,0.19791976,-0.03710236,0.007936911,0.00058621384,0.0020435457,-0.16253605,0.8329212407100995,-0.4609315757942502,-0.37967413698375196,0.0,0.0,-2.5306951019405965,-0.05795102741618097,-0.0405805370216894,0.006185675044539929,0.0,0.0,0.0,0.793858032805508,0.25590041507384914,1.0295760843395834,-2.464975923741069,-3.7265143,4.0274463,-1.1706069,1.4715389,1.0702189,-3.545309,47.35757,0.0049330792
figure_eight_depth,pid,20.700000000000003,1.3422393,-0.31332037,-0.962731,-0.0068169013,0.0017639918,-1.5175025,0.20436369,-0.030392693,0.008016523,0.0012926911,0.0018895274,-0.16382615,0.8270805742745617,-0.46488824294412573,-0.3790585924778266,0.0,0.0,-2.5617603986606894,-0.05886123357801143,-0.0385499127288913,0.006125186942540495,0.0,0.0,0.0,0.7931171265460537,0.26335807782329157,1.0442578523502646,-2.4761140984949197,-3.7739275,4.0685887,-1.2033576,1.498019,1.065077,-3.5486925,48.215675,0.0050224666
figure_eight_depth,pid,20.8,1.3408824,-0.33437714,-0.96194065,-0.0066217678,0.001802401,-1.5340204,0.20953153,-0.024822472,0.008104157,0.002242707,0.0015100782,-0.16517164,0.8211492091337041,-0.4686409947459457,-0.3784491051921963,0.0,0.0,-2.5932950688627754,-0.05976498494220106,-0.03650237917032784,0.006064530915450561,0.0,0.0,0.0,0.7928504097092778,0.26955740329316524,1.0592746449736152,-2.487371165839026,-3.8242114,4.109374,-1.2381305,1.523293,1.0608224,-3.5510995,49.100586,0.0051146443
figure_eight_depth,pid,20.900000000000002,1.3395555,-0.3556918,-0.9611452,-0.0062915604,0.0017687151,-1.5506777,0.2124999,-0.021151468,0.008197321,0.0036023024,0.0007661436,-0.16657092,0.8151277957285542,-0.4721881851187406,-0.37784569183626276,0.0,0.0,-2.6252504343644425,-0.0606621824023601,-0.03443883446180296,0.00600370862618993,0.0,0.0,0.0,0.79299065006326,0.27349385770434526,1.0745727772370621,-2.498468844824073,-3.8767264,4.148231,-1.2761761,1.5476809,1.0590577,-3.5509136,49.99136,0.005207434
figure_eight_depth,pid,21.0,1.3380474,-0.3770295,-0.96034163,-0.0057965536,0.0016335371,-1.5674778,0.2130159,-0.019423794,0.00829095,0.005247218,-0.00029476662,-0.16800712,0.8090169943749475,-0.4755282581475767,-0.37724836895290803,0.0,0.0,-2.657572686430797,-0.061552727570635124,-0.03236018374219718,0.005942721742230317,0.0,0.0,0.0,0.79345630754463,0.27488323900790396,1.0900948641270252,-2.509236865292171,-3.930625,4.18474,-1.317619,1.5717342,1.0601498,-3.54776,50.878845,0.0052998797
figure_eight_depth,pid,21.1,1.3361914,-0.39817527,-0.9595272,-0.0051297504,0.0013841207,-1.584423,0.21138142,-0.01931016,0.008377798,0.006944836,-0.0015118995,-0.16946204,0.8028174751911145,-0.4786597487660337,-0.3766571529180406,0.0,0.0,-2.6902032968952683,-0.06243652278847822,-0.030267338776562847,0.005881571935512087,0.0,0.0,0.0,0.7941681165248541,0.2740484573617554,1.105780350919011,-2.5195480970097432,-3.9851694,4.219223,-1.3618472,1.5959008,1.063633,-3.542107,51.762783,0.005391957
figure_eight_depth,pid,21.200000000000003,1.3338578,-0.41893417,-0.95870036,-0.0043000234,0.0010197371,-1.6015139,0.207876,-0.020548198,0.0084507,0.008533825,-0.0027670723,-0.17092511,0.7965299180241963,-0.48158128339882905,-0.3760720599401468,0.0,0.0,-2.723079557373245,-0.06331347113830432,-0.02816121755583323,0.005820260882583028,0.0,0.0,0.0,0.7950481882077107,0.2713090577308007,1.1215656947633819,-2.529310938173804,-4.039723,4.251923,-1.4083041,1.6205043,1.0690804,-3.534393,52.642433,0.005483587
figure_eight_depth,pid,21.3,1.3309484,-0.43913206,-0.9578608,-0.0033270675,0.0005482436,-1.618751,0.20276871,-0.022914633,0.008503895,0.0099053355,-0.0039736917,-0.17239031,0.7901550123756905,-0.4842915805643155,-0.3754931060598461,0.0,0.0,-2.7561352382276993,-0.0641834764524285,-0.02604274389431116,0.005758790264237534,0.0,0.0,0.0,0.7960207169781828,0.2669846292533834,1.1373841891859513,-2.5384768810992835,-4.093723,4.2830367,-1.4564583,1.6457722,1.076092,-3.525034,53.516644,0.0055746506
figure_eight_depth,pid,21.400000000000002,1.3273895,-0.45861596,-0.9570095,-0.0022366885,-1.675846e-05,-1.6361346,0.19631608,-0.026236221,0.008533436,0.010999094,-0.0050716246,-0.1738544,0.7836934573258398,-0.4867894514365801,-0.37492030714945157,0.0,0.0,-2.789301352898026,-0.06504644332505638,-0.02391284702457641,0.005697161765766401,0.0,0.0,0.0,0.7970112490653012,0.26138823659701504,1.1531667284168248,-2.547610439534827,-4.146686,4.312698,-1.5058268,1.6718385,1.0843294,-3.5143876,54.383617,0.005664961
figure_eight_depth,pid,21.5,1.3231283,-0.47725368,-0.9561487,-0.0010575434,-0.00065814226,-1.6536648,0.18876192,-0.030371184,0.008537291,0.011788513,-0.006021728,-0.17531517,0.777145961456971,-0.4890738003669028,-0.37435367891253485,0.0,0.0,-2.8225070074018115,-0.06590227712222063,-0.021772461189756287,0.005635377076679271,0.0,0.0,0.0,0.7979485596679141,0.2548258469817336,1.1688421800550097,-2.556296654937068,-4.198186,4.340995,-1.5559597,1.6987686,1.093507,-3.5027637,55.240936,0.0057542645
figure_eight_depth,pid,21.6,1.318129,-0.49493152,-0.95528156,0.0001811045,-0.0013574341,-1.6713411,0.18031563,-0.03519812,0.008515155,0.012270144,-0.00680598,-0.17677042,0.7705132427757893,-0.49114362536434436,-0.3737932368834951,0.0,0.0,-2.855680310006758,-0.06675088399199502,-0.01962252523396435,0.00557343789092668,0.0,0.0,0.0,0.798765277550885,0.24757446248344772,1.184339248414656,-2.565407964457088,-4.247828,4.36797,-1.6064523,1.726594,1.1033989,-3.4904132,56.08549,0.0058422387
figure_eight_depth,pid,21.700000000000003,1.3123703,-0.5115518,-0.9544123,0.0014509652,-0.0020963603,-1.689163,0.17115529,-0.04061173,0.008468038,0.012456686,-0.0074215373,-0.17821737,0.763796028634642,-0.4929980185352525,-0.37323899642713376,0.0,0.0,-2.8887493125395483,-0.06759217087509706,-0.01746398219007461,0.005511345906539233,0.0,0.0,0.0,0.7994000009588443,0.23988520113337725,1.1995863429503149,-2.573835705578717,-4.2952456,4.393628,-1.6569368,1.7553192,1.1138328,-3.4775364,56.913574,0.0059284973
figure_eight_depth,pid,21.8,1.3058426,-0.52703106,-0.9535454,0.002726071,-0.00285778,-1.7071294,0.16143592,-0.04652872,0.008397834,0.012374417,-0.007874878,-0.17965263,0.7569950556517564,-0.49463616648149417,-0.3726909727382328,0.0,0.0,-2.9216429528671535,-0.06842604551499099,-0.015297778866413259,0.00544910282584965,0.0,0.0,0.0,0.7997968203978509,0.23199264747526235,1.2145135936218532,-2.5815401101586035,-4.3401084,4.417939,-1.7070901,1.7849207,1.1246918,-3.464279,57.72099,0.0060126022
figure_eight_depth,pid,21.900000000000002,1.2985464,-0.54129726,-0.95268583,0.0039832233,-0.0036265675,-1.7252388,0.15127824,-0.0528729,0.008307096,0.012053995,-0.008181519,-0.18107197,0.7501110696304597,-0.4960573506572389,-0.3721491808411387,0.0,0.0,-2.954291968056855,-0.06925241646782432,-0.013124865431229926,0.005386710355215207,0.0,0.0,0.0,0.7999067457404453,0.22410311561157445,1.229053168008027,-2.5884944247375428,-4.3820996,4.440844,-1.7566276,1.8153722,1.1359034,-3.4507425,58.50311,0.006094074
figure_eight_depth,pid,22.0,1.2904905,-0.55428916,-0.9518387,0.005202475,-0.004389616,-1.7434891,0.14079532,-0.059582546,0.008198694,0.011530658,-0.008357368,-0.18247046,0.7431448254773945,-0.4972609476841366,-0.3716136355893498,0.0,0.0,-2.9866297494415894,-0.07007119311286392,-0.010946194996364067,0.005324170205212031,0.0,0.0,0.0,0.7996878181978735,0.21642191208266567,1.2431406032089845,-2.5946816625182203,-4.420941,4.4622746,-1.8052939,1.8466278,1.1474271,-3.4369967,59.25527,0.0061724237
figure_eight_depth,pid,22.1,1.2816902,-0.56595427,-0.9510087,0.0063673314,-0.0051362077,-1.7618778,0.130073,-0.066608354,0.008075678,0.010841375,-0.008422462,-0.18384273,0.7360970871197344,-0.49824642962475213,-0.3710843516651097,0.0,0.0,-3.0185931142687146,-0.07088228566209942,-0.008762723198635358,0.005261484090413049,0.0,0.0,0.0,0.7991047887586666,0.2091340765562164,1.2567153390764538,-2.6000980997907703,-4.4563756,4.4821367,-1.8528783,1.8786392,1.1592621,-3.4230685,59.972565,0.0062471423
figure_eight_depth,pid,22.200000000000003,1.2721665,-0.5762515,-0.9502004,0.007464273,-0.0058569987,-1.7804012,0.11922559,-0.0738975,0.007941277,0.010018016,-0.008387195,-0.18518296,0.7289686274214114,-0.4990133642141358,-0.3705613435790047,0.0,0.0,-3.0501229733308897,-0.07168560516979117,-0.006575407780901044,0.005198653729304725,0.0,0.0,0.0,0.7981297265767477,0.20245214622767252,1.2697217434724912,-2.604745234132171,-4.4881887,4.5003724,-1.8991615,1.9113451,1.1713942,-3.4089963,60.650665,0.0063177776
figure_eight_depth,pid,22.3,1.2619456,-0.5851468,-0.9494179,0.008482803,-0.006544968,-1.7990558,0.1083169,-0.081408136,0.007798676,0.009092709,-0.008271888,-0.18648529,0.7217602280983623,-0.49956141504942914,-0.3700446256695656,0.0,0.0,-3.081164879690595,-0.07248106354312833,-0.004385208171947541,0.005135680844536861,0.0,0.0,0.0,0.7967424148557483,0.19653886616768532,1.2821090649475528,-2.6086307849637285,-4.5161743,4.516886,-1.9439857,1.9446975,1.1838554,-3.3947692,61.28499,0.006383853
figure_eight_depth,pid,22.400000000000002,1.251058,-0.5926136,-0.94866467,0.009414907,-0.00719484,-1.8178368,0.09741555,-0.089094445,0.00765101,0.008091838,-0.008091587,-0.18774392,0.7144726796328033,-0.49989034173742275,-0.36953421210287485,0.0,0.0,-3.111669449697769,-0.0732685735509997,-0.002193085065743672,0.005072567162478503,0.0,0.0,0.0,0.7949298506395377,0.19155042496534705,1.2938326882231594,-2.611766255508263,-4.5401525,4.5316033,-1.9872036,1.9786543,1.1966726,-3.380376,61.871437,0.006444941
figure_eight_depth,pid,22.5,1.2395381,-0.5986322,-0.9479435,0.010254937,-0.007802978,-1.8367392,0.086578734,-0.09691727,0.007501227,0.007040318,-0.007860682,-0.18895338,0.7071067811865476,-0.5,-0.3690301168721783,0.0,0.0,3.141592653589793,-0.07404804883409666,0.0,0.005009314413439991,0.0,0.0,0.0,0.7926866407037625,0.18761697843936598,1.3048534711175643,-2.61416420260418,-4.55997,4.544449,-2.0286963,2.0131748,1.2098864,-3.3657882,62.406178,0.006500643
figure_eight_depth,pid,22.6,1.2274228,-0.60318875,-0.9472567,0.010999587,-0.008367188,-1.8557574,0.075855784,-0.10484766,0.007352053,0.00596253,-0.007592021,-0.1901088,0.6996633405133653,-0.49989034173742275,-0.36853235379750127,0.0,0.0,3.112289328621827,-0.07481940391401709,0.002193085065715916,0.004945924331450913,0.0,0.0,0.0,0.7900142371452615,0.18484188732344398,1.3151386228677568,-2.6158361539596573,-4.5755053,4.555347,-2.0683765,2.048218,1.223552,-3.3509586,62.885815,0.006550606
figure_eight_depth,pid,22.700000000000003,1.2147524,-0.60627496,-0.9466057,0.01164713,-0.008886522,-1.8748854,0.065288864,-0.11284583,0.0072061107,0.0048749675,-0.007296912,-0.19120552,0.6921431738704068,-0.49956141504942914,-0.36804093652527,0.0,0.0,3.0836388352003476,-0.07558255420359039,0.004385208171947541,0.004882398654509901,0.0,0.0,0.0,0.7869214616878819,0.18328467634290982,1.324661032106497,-2.6167917081789307,-4.586646,4.564241,-2.1061678,2.0837626,1.2377154,-3.3358445,63.307426,0.006594524
figure_eight_depth,pid,22.8,1.2015703,-0.60788476,-0.94599116,0.012197428,-0.009361767,-1.894117,0.05488275,-0.12088025,0.0070657143,0.003793981,-0.006991924,-0.19223963,0.6845471059286888,-0.4990133642141358,-0.36755587852793714,0.0,0.0,3.0556686308613625,-0.07633741601409394,0.006575407780873288,0.0048187391241405475,0.0,0.0,0.0,0.783424093101717,0.18294459944323738,1.3333996785994133,-2.6170429317079953,-4.5932956,4.571052,-2.1420445,2.119801,1.2524475,-3.3203716,63.66829,0.006632114
figure_eight_depth,pid,22.900000000000002,1.187921,-0.60801804,-0.94541335,0.012651674,-0.009794106,-1.9134454,0.044681147,-0.12892097,0.0069329604,0.0027330148,-0.00668046,-0.19320783,0.6768759696826607,-0.4982464296247522,-0.36707719310361275,0.0,0.0,3.0284008372789932,-0.0770839065666884,0.008762723198635358,0.004754947485585692,0.0,0.0,0.0,0.7795444756091918,0.18381586429426616,1.3413391163925976,-2.616602570710522,-4.595395,4.57575,-2.175962,2.1563168,1.2677953,-3.304489,63.96661,0.0066631883
figure_eight_depth,pid,23.0,1.1738522,-0.6066769,-0.9448718,0.013012242,-0.010185813,-1.9328636,0.034688745,-0.13694148,0.006809723,0.0017038652,-0.0063732965,-0.1941075,0.6691306063588585,-0.4972609476841367,-0.36660489337569957,0.0,0.0,3.001852477862744,-0.07782194400030029,0.010946194996364067,0.00469102548775191,0.0,0.0,0.0,0.7753117655723368,0.18583301018029078,1.3484692362153405,-2.6154865516076544,-4.592895,4.5782824,-2.2079222,2.1933095,1.2838254,-3.2881193,64.20081,0.006687585
figure_eight_depth,pid,23.1,1.1594131,-0.60386646,-0.94436526,0.0132822115,-0.010539847,-1.9523644,0.024912607,-0.14490922,0.0066976673,0.00071340904,-0.0060773506,-0.19493644,0.6613118653236519,-0.496057350657239,-0.36613899229253316,0.0,0.0,2.9760357773704715,-0.07855144738078135,0.013124865431285437,0.004626974883098489,0.0,0.0,0.0,0.7707614825676284,0.18890174644968813,1.354785085076449,-2.6137175043671768,-4.5857596,4.57862,-2.237932,2.2307918,1.3005909,-3.2711954,64.36998,0.0067052064
figure_eight_depth,pid,23.200000000000003,1.1446537,-0.59959614,-0.94389224,0.013465712,-0.010859201,-1.9719409,0.01537755,-0.15280734,0.0065982062,-0.00022828055,-0.005793206,-0.19569337,0.6534206039901053,-0.4946361664814941,-0.3656795026270271,0.0,0.0,2.950958507518959,-0.07927233670984579,0.015297778866329992,0.004562797427554166,0.0,0.0,0.0,0.7659350493557012,0.19293023354059566,1.3602859246072223,-2.6113222253544643,-4.573992,4.5767503,-2.2660007,2.268759,1.3181438,-3.2536488,64.4738,0.006716022
figure_eight_depth,pid,23.3,1.1296245,-0.5938786,-0.94345075,0.013567437,-0.011147065,-1.9915855,0.0060960483,-0.1606127,0.0065126047,-0.0011159431,-0.0055234255,-0.19637732,0.6454576877239505,-0.4929980185352525,-0.36522643697632273,0.0,0.0,2.9266243635175666,-0.07998453293389662,0.0174639821900191,0.004498494880655901,0.0,0.0,0.0,0.7608795834921772,0.19780098251571332,1.3649754505742513,-2.6083336082039175,-4.5575995,4.5726657,-2.2921555,2.307222,1.3365325,-3.235412,64.51244,0.006720047
figure_eight_depth,pid,23.400000000000002,1.1143771,-0.58672976,-0.9430382,0.013592642,-0.011406785,-2.0112908,-0.00292387,-0.1683028,0.006441915,-0.0019444781,-0.0052702273,-0.19698791,0.6374239897486899,-0.4911436253643444,-0.3647798077614436,0.0,0.0,2.903033357981278,-0.0806879579524078,0.01962252523390884,0.004434069005215813,0.0,0.0,0.0,0.7556479443990619,0.2033893170157117,1.3688611605477956,-2.604791229546432,-4.536606,4.566368,-2.3164344,2.3461964,1.3558053,-3.2164137,64.48654,0.006717348
figure_eight_depth,pid,23.5,1.0989629,-0.57816726,-0.942652,0.013547321,-0.011641892,-2.0310497,-0.011682221,-0.175866,0.0063869967,-0.0027070148,-0.005036341,-0.19752537,0.6293203910498377,-0.4890738003669029,-0.3643396272269554,0.0,0.0,2.880182220404651,-0.08138253462725009,0.021772461189784043,0.004369521567515466,0.0,0.0,0.0,0.7502978869095295,0.20957853539700305,1.3719533583813812,-2.6007400139034993,-4.5110536,4.5578504,-2.3388953,2.385692,1.376021,-3.1965718,64.397064,0.0067080283
figure_eight_depth,pid,23.6,1.083434,-0.5682105,-0.942289,0.013437759,-0.011856122,-2.0508547,-0.02018723,-0.18328667,0.0063485606,-0.0034012445,-0.0048248963,-0.19799004,0.6211477802783105,-0.4867894514365802,-0.36390590744062973,0.0,0.0,2.8580647923440847,-0.08206818679012962,0.023912847024548656,0.004304854337222608,0.0,0.0,0.0,0.7448925531770485,0.21625232486603813,1.374265831913139,-2.596229392752479,-4.4809923,4.5471144,-2.3596065,2.4257286,1.3972299,-3.1758108,64.24547,0.006692236
figure_eight_depth,pid,23.700000000000003,1.0678422,-0.556883,-0.9419461,0.013270002,-0.012052689,-2.0706987,-0.028421493,-0.19054012,0.0063271294,-0.004030255,-0.0046318253,-0.1983825,0.6129070536529765,-0.4842915805643156,-0.36347866029311365,0.0,0.0,2.8366724103659853,-0.08274483925146958,0.02604274389431116,0.004240069087141363,0.0,0.0,0.0,0.7394999024409604,0.22330140769169002,1.375814158715457,-2.591314417650242,-4.4464755,4.534199,-2.3786085,2.4663322,1.4194515,-3.1540854,64.03378,0.0066701844
figure_eight_depth,pid,23.8,1.0522394,-0.5442109,-0.94161993,0.01305002,-0.012234619,-2.0905747,-0.036381092,-0.19761007,0.0063229823,-0.0045953575,-0.0044564134,-0.19870377,0.6045991148623749,-0.48158128339882905,-0.36305789749760353,0.0,0.0,2.8159942706896004,-0.08341241780868147,0.02816121755583323,0.0041751675934897925,0.0,0.0,0.0,0.7341923043517284,0.23062790573413264,1.3766162951264607,-2.5860558750712324,-4.4075747,4.519134,-2.3959632,2.507522,1.442711,-3.1313436,63.76432,0.0066421176
figure_eight_depth,pid,23.900000000000002,1.0366783,-0.53022134,-0.9413072,0.012783536,-0.012405267,-2.1104758,-0.04408787,-0.20447929,0.0063361716,-0.005099576,-0.004303139,-0.19895507,0.5962248749656157,-0.47865974876603357,-0.362643630589524,0.0,0.0,2.796017771110949,-0.08407084925426966,0.030267338776562847,0.00411015163542805,0.0,0.0,0.0,0.729046872125574,0.2381377219547376,1.3766917574889261,-2.580518838284277,-4.364364,4.50193,-2.4117565,2.5493226,1.4670376,-3.107531,63.439613,0.006608293
figure_eight_depth,pid,24.0,1.0212116,-0.51494205,-0.94100446,0.012476037,-0.012568013,-2.1303947,-0.051558338,-0.21113397,0.0063665602,-0.0055459347,-0.0041734176,-0.1991379,0.5877852522924732,-0.4755282581475768,-0.36223587092621157,0.0,0.0,2.7767288273040704,-0.08472006138388055,0.032360183742224935,0.0040450229955024675,0.0,0.0,0.0,0.7241442817690167,0.24575291089668586,1.3760617826861845,-2.574725023778128,-4.316928,4.482611,-2.4260724,2.5917554,1.4924526,-3.0826006,63.06253,0.006569013
figure_eight_depth,pid,24.1,1.0058719,-0.49848792,-0.9407072,0.012123467,-0.012707774,-2.1503246,-0.057971314,-0.217283,0.0064130477,-0.006030426,-0.0038836943,-0.19925015,0.5792811723426787,-0.4721881851187405,-0.3618346296866034,0.0,0.0,2.7581121618477913,-0.08535998300385206,0.03443883446166418,0.003979783459229225,0.0,0.0,0.0,0.7195587387817888,0.25321915351528274,1.3747485622782067,-2.568667535895827,-4.2652235,4.462206,-2.4380195,2.635002,1.5182778,-3.0572002,62.642227,0.0065252315
figure_eight_depth,pid,24.200000000000003,0.9906625,-0.48109493,-0.9404089,0.011708377,-0.012789413,-2.1702578,-0.062196683,-0.2224472,0.0064711166,-0.00668389,-0.0032326716,-0.19929056,0.5707135676844317,-0.4686409947459458,-0.36143991787093077,0.0,0.0,2.7401515653583,-0.08599054394015093,0.036502379170272325,0.00391443481520537,0.0,0.0,0.0,0.7153441719622465,0.2600530134789295,1.3727759350433326,-2.5623601673243495,-4.2091746,4.4421206,-2.4463446,2.6792905,1.5434889,-3.0323188,62.1901,0.006478135
figure_eight_depth,pid,24.3,0.9755738,-0.4630767,-0.9401019,0.011204613,-0.012774402,-2.1901867,-0.06359059,-0.22617595,0.006531714,-0.0075863665,-0.0021830176,-0.19926202,0.5620833778521308,-0.46488824294412584,-0.3610517463004175,0.0,0.0,2.7228301299527877,-0.08661167504414591,0.03854991272894681,0.003848978854970042,0.0,0.0,0.0,0.7115312349123378,0.265738497612298,1.3701684382589028,-2.5558993628020668,-4.148845,4.4232106,-2.4503334,2.7246988,1.5673106,-3.0087032,61.71459,0.0064286026
figure_eight_depth,pid,24.400000000000002,0.9606083,-0.4447041,-0.93977964,0.010594701,-0.012647838,-2.2101057,-0.06266938,-0.22845449,0.0065835905,-0.008643577,-0.00096605235,-0.1991749,0.5533915492433441,-0.46093157579425026,-0.3606701256169832,0.0,0.0,2.7061304558822643,-0.08722330820187807,0.04058053702177267,0.003783417373004472,0.0,0.0,0.0,0.7081360357991382,0.27016768801738894,1.3669491937198075,-2.549384230121924,-4.0847516,4.4049025,-2.4506607,2.7708113,1.5899088,-2.9861722,61.21653,0.0063767214
figure_eight_depth,pid,24.5,0.94577503,-0.42621297,-0.93943655,0.009869728,-0.012409992,-2.2300096,-0.059843153,-0.22930652,0.0066175344,-0.009767069,0.00026979795,-0.19903582,0.5446390350150273,-0.4567727288213006,-0.3602950662829517,0.0,0.0,2.690034832641463,-0.08782537634094423,0.042593361349763104,0.0037177521667597357,0.0,0.0,0.0,0.7051587417286789,0.27335134630186686,1.363140918721473,-2.542907994589015,-4.0174403,4.386771,-2.4478588,2.8171895,1.6114227,-2.9645748,60.697544,0.006322661
figure_eight_depth,pid,24.6,0.93108374,-0.40781254,-0.9390685,0.009028453,-0.012069886,-2.2498934,-0.05541721,-0.22877865,0.0066269427,-0.010880286,0.0014385764,-0.19884887,0.5358267949789967,-0.4524135262330098,-0.3599265785807642,0.0,0.0,2.674525396174757,-0.0884178134378244,0.04458750282185231,0.0036519850364624684,0.0,0.0,0.0,0.7025828497536533,0.27536692103576405,1.3587664841096878,-2.536557935877141,-3.9474692,4.368535,-2.4423256,2.8633916,1.6319535,-2.9437985,60.1598,0.0062666456
figure_eight_depth,pid,24.700000000000003,0.91654235,-0.38968617,-0.9386726,0.008076753,-0.0116422055,-2.2697535,-0.04966406,-0.22695203,0.006607919,-0.011914043,0.002483725,-0.19861679,0.5269557954966774,-0.44785588011970634,-0.35956467261269714,0.0,0.0,2.6595842640054275,-0.08900055452504274,0.046562086741475106,0.003586117785170373,0.0,0.0,0.0,0.7003766086905563,0.27634482753989587,1.3538475870584359,-2.530409375429408,-3.8754065,4.349958,-2.434411,2.9089625,1.6516125,-2.923723,59.605312,0.006208887
figure_eight_depth,pid,24.8,0.9021555,-0.3719962,-0.93824744,0.0070257816,-0.011144228,-2.2895856,-0.042799197,-0.22390792,0.006559058,-0.012818544,0.0033779426,-0.19834091,0.5180270093731302,-0.4431017896156073,-0.3592093583005854,0.0,0.0,2.6451936501811875,-0.08957353569855053,0.04851624699103718,0.0035201522186056877,0.0,0.0,0.0,0.6984953972054684,0.27642720420580913,1.3484060666358497,-2.5245275973681913,-3.8017952,4.330887,-2.4243834,2.9534752,1.6704789,-2.9042623,59.036118,0.0061495956
figure_eight_depth,pid,24.900000000000002,0.8879225,-0.35488433,-0.9377928,0.0058913096,-0.010594065,-2.3093858,-0.035010915,-0.21975537,0.0064810975,-0.013551241,0.0041104853,-0.19802223,0.5090414157503714,-0.43815334002193185,-0.35886064538555046,0.0,0.0,2.6313359619949757,-0.0901366941242765,0.05044912641108401,0.0034540901452939643,0.0,0.0,0.0,0.6968838052823062,0.27578702331642213,1.342463568664835,-2.518964618016459,-3.7271805,4.311205,-2.4124782,2.9965026,1.6886343,-2.8853312,58.454063,0.0060889646
figure_eight_depth,pid,25.0,0.8738367,-0.33847427,-0.9373096,0.0046919878,-0.010009205,-2.3291497,-0.026454292,-0.21459936,0.0063764607,-0.014087002,0.0046842094,-0.19766112,0.5000000000000003,-0.4330127018922195,-0.3585185434277329,0.0,0.0,2.6179938803656824,-0.0906899680459261,0.05235987717702728,0.003387933376397534,0.0,0.0,0.0,0.6954786145635528,0.2745949481505967,1.3360417037609251,-2.513761685467171,-3.6520705,4.290841,-2.398884,3.0376546,1.706136,-2.8668716,57.86078,0.0060271644
figure_eight_depth,pid,25.1,0.85988605,-0.3228725,-0.93679994,0.003448181,-0.009405883,-2.3488739,-0.017269831,-0.20854822,0.006248747,-0.014412264,0.0051077483,-0.19725776,0.490903753615141,-0.4276821300802534,-0.35818306180603077,0.0,0.0,2.6051504257150797,-0.09123329679078251,0.05424766117043123,0.0033216837255767295,0.0,0.0,0.0,0.6942121373539887,0.273021676912433,1.3291610277810355,-2.5089489704405015,-3.5769439,4.2697463,-2.3837636,3.0765657,1.7230297,-2.8488417,57.257572,0.005964331
figure_eight_depth,pid,25.200000000000003,0.84605354,-0.30816928,-0.9362664,0.0021808227,-0.0087986505,-2.368554,-0.007583348,-0.20170748,0.006102282,-0.014524644,0.00539371,-0.19681218,0.4817536741017152,-0.4221639627510075,-0.3578542097178422,0.0,0.0,2.5927890110601797,-0.09176662077634012,0.05611165034663523,0.0032553430091009083,0.0,0.0,0.0,0.6930150569477048,0.2712298538917361,1.3218421808239962,-2.5045474013125295,-3.5022452,4.2478933,-2.3672562,3.112904,1.7393444,-2.831219,56.64551,0.0059005744
figure_eight_depth,pid,25.3,0.83231765,-0.2944395,-0.9357124,0.00091065624,-0.008200155,-2.388186,0.0024920793,-0.19418353,0.0059417444,-0.014428989,0.0055568274,-0.19632448,0.4725507648690541,-0.4164606203550498,-0.35753199617881326,0.0,0.0,2.5808934839248927,-0.09228988151782636,0.05795102709846289,0.0031889130457374293,0.0,0.0,0.0,0.6918192993850109,0.2693752628976335,1.3141058453189027,-2.5009122329501237,-3.4283898,4.225274,-2.3494837,3.146368,1.7550961,-2.8139975,56.025448,0.005835984
figure_eight_depth,pid,25.400000000000002,0.8186524,-0.28174442,-0.9351417,-0.00034257642,-0.007620819,-2.4077656,0.012865547,-0.18607606,0.0057718335,-0.014137868,0.005615057,-0.19579482,0.4632960351198616,-0.4105746045668519,-0.35721643002259096,0.0,0.0,2.5694481585388775,-0.09280302163378051,0.05976498461454649,0.0031223956567794087,0.0,0.0,0.0,0.6905598843600632,0.2676017285509594,1.3059715217333603,-2.4985821280049954,-3.3557496,4.2019067,-2.3305354,3.1766922,1.7702816,-2.7971947,55.398037,0.005770629
figure_eight_depth,pid,25.5,0.8050304,-0.2701317,-0.93455803,-0.0015610234,-0.0070695113,-2.4272888,0.023430338,-0.17746848,0.0055970023,-0.013672275,0.0055799563,-0.19522327,0.45399049973954686,-0.4045084971874737,-0.35690751990058084,0.0,0.0,2.558437839666215,-0.09330598485263186,0.061552727233127325,0.0030557926657126533,0.0,0.0,0.0,0.6891779548959999,0.26601684857536534,1.297458696837712,-2.4966311506465395,-3.2846556,4.177797,-2.3105097,3.2036512,1.7848849,-2.7808409,54.76368,0.0057045496
figure_eight_depth,pid,25.6,0.7914228,-0.25963846,-0.9339655,-0.002729179,-0.006552997,-2.446751,0.03411316,-0.16843297,0.005421191,-0.013057437,0.005468938,-0.19461001,0.44463517918492734,-0.398264959012098,-0.3566052742817099,0.0,0.0,2.547847839261335,-0.0937987160185838,0.06331347079102656,0.0029891058985487273,0.0,0.0,0.0,0.687621832684309,0.26471451470510704,1.2885863502119526,-2.4950424933792856,-3.2153952,4.1529956,-2.2894597,3.2270603,1.7988633,-2.7649972,54.1228,0.0056377924
figure_eight_depth,pid,25.700000000000003,0.77779853,-0.25029242,-0.93336797,-0.003833914,-0.0060760444,-2.4661484,0.044853963,-0.1590378,0.005247791,-0.012318447,0.005298887,-0.19395564,0.43523109937232757,-0.39184672866292,-0.35630970145219454,0.0,0.0,2.537663987031973,-0.09428116109869156,0.06504644296842499,0.0029223371835473966,0.0,0.0,0.0,0.6858471488683335,0.2637759235023563,1.2793729436827699,-2.4937996569070577,-3.1482253,4.1275663,-2.2674208,3.246762,1.8121614,-2.749737,53.475773,0.0055703926
figure_eight_depth,pid,25.8,0.76412517,-0.24211083,-0.93276894,-0.0048638787,-0.005641864,-2.4854767,0.055591684,-0.14936407,0.0050797365,-0.011474036,0.0050827847,-0.1932612,0.4257792915650729,-0.38525662138789474,-0.3560208095153131,0.0,0.0,2.5278726358668995,-0.09475326718685895,0.06675088362601,0.0028554883512166285,0.0,0.0,0.0,0.683817999168928,0.26327594719412467,1.269835939058659,-2.492884233696407,-3.0833907,4.1015663,-2.2444289,3.2626047,1.8247322,-2.7351253,52.82275,0.0055023697
figure_eight_depth,pid,25.900000000000002,0.75036955,-0.23510304,-0.9321718,-0.005810224,-0.005252188,-2.504732,0.06627715,-0.13946854,0.0049194284,-0.010549799,0.0048332443,-0.1925275,0.4162807922604012,-0.37849752782587825,-0.35573860639118404,0.0,0.0,2.518460662963278,-0.0952149825114712,0.06842604513981887,0.0027885612342015698,0.0,0.0,0.0,0.6815075404608554,0.26325729819281707,1.2599927506768795,-2.4922781113733867,-3.0210867,4.0750694,-2.220503,3.2744858,1.8365068,-2.7212486,52.163998,0.0054337494
figure_eight_depth,pid,26.0,0.7364985,-0.2292713,-0.9315794,-0.006666463,-0.0049074637,-2.52391,0.07686871,-0.12940265,0.004768729,-0.009569658,0.0045614582,-0.19175553,0.40673664307580043,-0.3715724127386973,-0.35546309981654856,0.0,0.0,2.50941546739589,-0.09566625644030768,0.07007119272878226,0.002721557667395569,0.0,0.0,0.0,0.6788979884028365,0.2637466993934124,1.2498597941599174,-2.4919636269156697,-2.96148,4.048155,-2.1956503,3.2823255,1.8474095,-2.7081983,51.499725,0.0053645545
figure_eight_depth,pid,26.1,0.722477,-0.22461107,-0.93099415,-0.007427745,-0.0046067736,-2.5430074,0.08734412,-0.11922954,0.0046290737,-0.008550009,0.004279926,-0.19094679,0.3971478906347806,-0.3644843137107058,-0.35519429734455854,0.0,0.0,2.500724964773228,-0.09610703948606525,0.07168560477677222,0.00265447948766262,0.0,0.0,0.0,0.6759800579273015,0.2647769223336796,1.2394529685965436,-2.491920763611132,-2.9047232,4.0209184,-2.1698592,3.2860541,1.8573676,-2.6960611,50.8302,0.005294813
figure_eight_depth,pid,26.200000000000003,0.70827144,-0.22111277,-0.9304181,-0.008091636,-0.004348454,-2.5620203,0.09767089,-0.10898215,0.004501509,-0.0075147892,0.0039953217,-0.19010226,0.38751558645210277,-0.3572363398164015,-0.3549322063445695,0.0,0.0,2.4923775795340983,-0.0965372833118816,0.07326857314920998,0.0025873285340871632,0.0,0.0,0.0,0.6727539888876172,0.2663377669203586,1.2287874258266405,-2.4921292737154923,-2.850925,3.9934413,-2.1431265,3.285643,1.8662944,-2.6849353,50.155724,0.0052245543
figure_eight_depth,pid,26.3,0.69384897,-0.21876016,-0.92985266,-0.00865713,-0.0041304706,-2.580945,0.107811205,-0.098709814,0.0043867375,-0.0064778826,0.00371107,-0.1892235,0.3778407868184671,-0.3498316702566827,-0.3546768340019387,0.0,0.0,2.484362235366646,-0.09695694073674765,0.07481940350395622,0.002520106647585507,0.0,0.0,0.0,0.6692295169577789,0.26841361230397515,1.217878056859327,-2.4925685424803143,-2.8001962,3.9657967,-2.115457,3.2810576,1.8741183,-2.674902,49.47656,0.0051538083
figure_eight_depth,pid,26.400000000000002,0.6791781,-0.21753144,-0.92929894,-0.009124572,-0.0039503593,-2.5997787,0.117737375,-0.08845646,0.004285189,-0.00545233,0.0034314601,-0.18831201,0.36812455268467814,-0.3422735529643445,-0.3544281873178278,0.0,0.0,2.4766683441664568,-0.09736596574022593,0.07633741559537333,0.0024528156710723614,0.0,0.0,0.0,0.6654256489127237,0.2709793831500841,1.2067383108219671,-2.4932175075429073,-2.7526178,3.9380615,-2.0868423,3.272286,1.880766,-2.6660407,48.793053,0.00508261
figure_eight_depth,pid,26.5,0.6642277,-0.21739988,-0.92875755,-0.009495365,-0.0038051752,-2.6185179,0.12743315,-0.07826662,0.0041970643,-0.004448195,0.0031616138,-0.18736927,0.35836794954530066,-0.3345653031794294,-0.35418627310901135,0.0,0.0,2.4692857938840507,-0.0977643134687789,0.07782194357361383,0.002385457449405326,0.0,0.0,0.0,0.6613698574232287,0.27400879511916654,1.1953816376241486,-2.4940549814219306,-2.708253,3.9103227,-2.0572648,3.2593346,1.8861663,-2.6584265,48.105713,0.0050110114
figure_eight_depth,pid,26.6,0.6489669,-0.21833342,-0.92822844,-0.009771573,-0.0036916516,-2.6371596,0.13688506,-0.068189934,0.004122416,-0.0034714343,0.0029052477,-0.1863969,0.34857204732181535,-0.3267103019950528,-0.35395109800768954,0.0,0.0,2.4622049355599374,-0.09815194023843343,0.07927233627522123,0.0023180338291628466,0.0,0.0,0.0,0.6570974688586492,0.2774721053991376,1.1838207856668908,-2.495060987609218,-2.66715,3.8826618,-2.0267074,3.242219,1.890258,-2.6521208,47.4151,0.0049390728
figure_eight_depth,pid,26.700000000000003,0.6333668,-0.22029561,-0.92771155,-0.009956238,-0.0036065483,-2.6557012,0.14607228,-0.058261495,0.0040611643,-0.0025311285,0.0026627437,-0.18539616,0.3387379202452913,-0.31871199487434476,-0.3537226684613065,0.0,0.0,2.4554165698074137,-0.09852880354174753,0.08068795751015045,0.002250546658894015,0.0,0.0,0.0,0.6526524401796654,0.2813181836271456,1.172067576941265,-2.496208673289214,-2.6293309,3.8551452,-1.9951637,3.220978,1.8929815,-2.6471822,46.72185,0.0048668603
figure_eight_depth,pid,26.8,0.61740905,-0.22322975,-0.927206,-0.010049719,-0.0035499649,-2.6741397,0.15482774,-0.04861916,0.0040132236,-0.0015998068,0.0024015515,-0.18436988,0.3288666467385834,-0.3105738901391553,-0.35350099073237373,0.0,0.0,2.4489119329497133,-0.09889486205147402,0.08206818634021174,0.0021829977887022345,0.0,0.0,0.0,0.6480919162435675,0.2854079405854602,1.1601336361469878,-2.4974546551033616,-2.5949523,3.8276753,-1.9627869,3.19551,1.8943977,-2.6435437,46.025757,0.0047943494
figure_eight_depth,pid,26.900000000000002,0.6011034,-0.2270329,-0.9267106,-0.010044857,-0.0035303372,-2.6924732,0.16271776,-0.039566185,0.003978391,-0.0006022099,0.0020386863,-0.1833222,0.31895930929806987,-0.30229955743118736,-0.35328607089829817,0.0,0.0,2.4426826829949335,-0.09925007562514021,0.0834124173513251,0.0021153890705782885,0.0,0.0,0.0,0.6434951971884884,0.28940344536744234,1.1480294510431739,-2.4987670689457198,-2.564376,3.799872,-1.9300041,3.1655002,1.8947752,-2.6409283,45.325035,0.0047213575
figure_eight_depth,pid,27.0,0.5844837,-0.23157251,-0.9262239,-0.009932202,-0.0035591505,-2.7106993,0.1694411,-0.031305313,0.003955403,0.0004831098,0.0015426257,-0.18225363,0.3090169943749475,-0.2938926261462366,-0.35307791485121554,0.0,0.0,2.4367208855927713,-0.09959440530951658,0.08472006091936324,0.002047722358011761,0.0,0.0,0.0,0.6389538201004629,0.2929942523297767,1.1357651017473371,-2.500128752310585,-2.5377085,3.7715192,-1.8970783,3.130889,1.8943087,-2.6391337,44.619125,0.0046478254
figure_eight_depth,pid,27.1,0.56760293,-0.23670067,-0.9257437,-0.009703659,-0.003647399,-2.7288158,0.17481285,-0.02395436,0.003941659,0.0016406401,0.00091687875,-0.18116295,0.29904079225608654,-0.28535678384221574,-0.3528765282978291,0.0,0.0,2.431019000100497,-0.09992781334483558,0.08599054346847268,0.0019799995060187925,0.0,0.0,0.0,0.6345627124393132,0.2959293222947629,1.123350513088001,-2.5015364127269883,-2.514852,3.742538,-1.8641354,3.0918212,1.8931218,-2.6380284,43.90854,0.0045738057
figure_eight_depth,pid,27.200000000000003,0.5505298,-0.24226525,-0.9252682,-0.009355221,-0.003803776,-2.74682,0.17873037,-0.017556425,0.0039333943,0.0028276946,0.00018333834,-0.18004844,0.2890317969444717,-0.2766957746216721,-0.35268191675925287,0.0,0.0,2.425569865852219,-0.10025026316975993,0.08722330772359399,0.0019122223713918807,0.0,0.0,0.0,0.6304138925465302,0.29801521852892343,1.1107954683354235,-2.5030023823796625,-2.4955575,3.7129388,-1.83121,3.0485911,1.8912697,-2.637555,43.194557,0.004499433
figure_eight_depth,pid,27.3,0.5333397,-0.24812111,-0.9247953,-0.008888288,-0.004032456,-2.7647097,0.1812174,-0.01209567,0.003926072,0.0039888495,-0.00061311695,-0.17890877,0.27899110603922955,-0.26791339748949855,-0.3524940855708606,0.0,0.0,2.420366688717472,-0.10056171942340875,0.08841781295299,0.001844392812228035,0.0,0.0,0.0,0.6265888964188964,0.2991768157463864,1.0981089073872854,-2.5045483564456976,-2.4794333,3.6828613,-1.798203,3.001631,1.8887389,-2.637726,42.479313,0.004424928
figure_eight_depth,pid,27.400000000000002,0.516106,-0.25413767,-0.9243236,-0.008309818,-0.0043320265,-2.7824821,0.18240125,-0.007516282,0.0039151404,0.005068032,-0.0014159459,-0.17774354,0.26891982061526576,-0.25901350468656514,-0.3523130398821391,0.0,0.0,2.415403028008834,-0.10086214795129722,0.08957353520741562,0.0017765126880953108,0.0,0.0,0.0,0.6231539839634603,0.299448095143469,1.0853001319539557,-2.5062005728890497,-2.466,3.6525397,-1.7649213,2.951461,1.8854705,-2.6386037,41.765503,0.0043505733
figure_eight_depth,pid,27.5,0.4988948,-0.2602046,-0.9238518,-0.0076323017,-0.0046956204,-2.8001351,0.1824736,-0.00372026,0.003896777,0.006010434,-0.002168911,-0.17655304,0.258819045102521,-0.2500000000000002,-0.35213878465654735,0.0,0.0,2.410672783794092,-0.10115151580802895,0.09068996754883762,0.001708583860005053,0.0,0.0,0.0,0.6201582585026039,0.2989335804494363,1.07237738773486,-2.507987671316486,-2.454724,3.622247,-1.7311265,2.8986495,1.8813704,-2.6402843,41.055965,0.004276663
figure_eight_depth,pid,27.6,0.48175606,-0.2662347,-0.9233792,-0.006872428,-0.00511088,-2.8176668,0.18170542,-0.00060102,0.0038682444,0.006775526,-0.0028144512,-0.17533869,0.24868988716485482,-0.24087683705085766,-0.3519713246713805,0.0,0.0,2.4061701846479755,-0.10142979126119556,0.09176662027317317,0.0016406081901620961,0.0,0.0,0.0,0.6176324172905246,0.2978292942245025,1.059348353503901,-2.509936752395431,-2.445052,3.5923088,-1.6965239,2.8437808,1.8763312,-2.642879,40.353672,0.0042035077
figure_eight_depth,pid,27.700000000000003,0.46471816,-0.27216652,-0.9229055,-0.006050558,-0.0055606253,-2.8350744,0.18042055,0.0019768272,0.0038283253,0.0073290206,-0.0033010384,-0.1741021,0.2385334575785807,-0.23164801755993067,-0.3518106645176386,0.0,0.0,2.4018897758757536,-0.10169694379473515,0.09280302112493755,0.0015725875422423208,0.0,0.0,0.0,0.6155896250981887,0.2963861752575659,1.0462211065601805,-2.5120729784460987,-2.436425,3.563066,-1.6608056,2.7874465,1.8702283,-2.6465144,39.661533,0.00413141
figure_eight_depth,pid,27.8,0.4477822,-0.27796543,-0.9224308,-0.0051896186,-0.006023632,-2.8523567,0.17898723,0.0041606226,0.0037772863,0.0076483903,-0.003584325,-0.1728453,0.22835087011065575,-0.22231758959246375,-0.3516568085999009,0.0,0.0,2.397826408228769,-0.10195294411237399,0.09379871550448116,0.0015045237810040746,0.0,0.0,0.0,0.6140274829026036,0.29490258949940973,1.0330022266638308,-2.5144162465869897,-2.4283032,3.534858,-1.6236576,2.7302125,1.8629336,-2.6513178,38.98221,0.004060647
figure_eight_depth,pid,27.900000000000002,0.43091986,-0.28362244,-0.9219552,-0.0043140636,-0.006476107,-2.8695118,0.17777942,0.006106358,0.0037166958,0.0077221887,-0.0036344216,-0.1715704,0.21814324139654276,-0.2128896457825365,-0.351509761136205,0.0,0.0,2.393975227126943,-0.1021977641405547,0.09475326666710804,0.0014364187725657285,0.0,0.0,0.0,0.6129315188871841,0.2936846921322613,1.019698237324982,-2.5169829138784587,-2.4202063,3.5079842,-1.5848062,2.672584,1.8543247,-2.6574078,38.318005,0.0039914586
figure_eight_depth,pid,28.0,0.41407308,-0.28915372,-0.92147905,-0.0034493627,-0.0068931254,-2.8865385,0.17716193,0.007989134,0.0036490876,0.007544353,-0.0034356217,-0.17027923,0.20791169081775973,-0.20336832153790046,-0.35136952615793166,0.0,0.0,2.390331662396849,-0.1024313770326829,0.09566625591576894,0.0013682743839338318,0.0,0.0,0.0,0.612279771637388,0.29302712898086836,1.006315139228538,-2.5197887763475992,-2.41172,3.482686,-1.5440333,2.6149993,1.8442783,-2.6649015,37.67082,0.0039240434
figure_eight_depth,pid,28.1,0.39715323,-0.2946004,-0.9210024,-0.002621629,-0.0072495495,-2.9034352,0.17749566,0.010004082,0.0035775239,0.0071126423,-0.0029814101,-0.1689733,0.19765734037912633,-0.19375779322605163,-0.3512361075096934,0.0,0.0,2.3868914185306283,-0.1026537571697933,0.0965372827825689,0.001300092483363935,0.0,0.0,0.0,0.6120469382131946,0.2932181382778485,0.9928586583938313,-2.5228219062569686,-2.4024992,3.4591587,-1.5011666,2.5578263,1.832664,-2.6739206,37.042267,0.0038585693
figure_eight_depth,pid,28.200000000000003,0.3800697,-0.3000046,-0.92052555,-0.0018519948,-0.0075282557,-2.9202006,0.1787923,0.012205332,0.003504414,0.00648094,-0.002347538,-0.16765606,0.18738131458572457,-0.18406227634233893,-0.35110950884923,0.0,0.0,2.3836504654658515,-0.10286488016564288,0.09736596520658336,0.0012318749401107887,0.0,0.0,0.0,0.6122140692716846,0.2942588382276086,0.9793342553947648,-2.5260625810844415,-2.3926146,3.437254,-1.4563758,2.5010152,1.8194963,-2.6844454,36.43224,0.003795025
figure_eight_depth,pid,28.3,0.3627459,-0.30539834,-0.92004895,-0.0011546878,-0.007722219,-2.9368339,0.18088426,0.014573511,0.0034312936,0.00572089,-0.0016315911,-0.16633064,0.17708474031958343,-0.17428602366090773,-0.35098973364730757,0.0,0.0,2.380605029885298,-0.10306472286818191,0.09815193970025282,0.0011636236244005893,0.0,0.0,0.0,0.6127714950691017,0.29600256630695776,0.9657464188042983,-2.5295023484469263,-2.382326,3.416672,-1.4099777,2.4443238,1.8048695,-2.6963792,35.839897,0.0037333223
figure_eight_depth,pid,28.400000000000002,0.3451166,-0.31080604,-0.91957325,-0.00053847214,-0.007831164,-2.953334,0.18363748,0.01709756,0.00335916,0.0048879874,-0.00089892576,-0.16499835,0.16676874671610217,-0.16443332336929153,-0.3508767851876239,0.0,0.0,2.3777515870309993,-0.10325326336244056,0.09889486150922722,0.001095340407375467,0.0,0.0,0.0,0.6137170266238722,0.29833240645883424,0.9520996270547146,-2.533141397601133,-2.3718507,3.3971725,-1.3622328,2.3875546,1.7888755,-2.7096322,35.264732,0.0036734098
figure_eight_depth,pid,28.5,0.3271255,-0.31624606,-0.91909903,-7.662167e-06,-0.007859148,-2.9697003,0.18694445,0.019767374,0.0032887273,0.0040264293,-0.00019172093,-0.16365963,0.15643446504023098,-0.1545084971874738,-0.35077066656671796,0.0,0.0,2.3750868530278955,-0.10343048097280483,0.0995944047634395,0.0010270271609547077,0.0,0.0,0.0,0.615054142248664,0.30115622780825896,0.9383981176953926,-2.5374237530017636,-2.3613758,3.3785622,-1.3133551,2.3305414,1.7716044,-2.7241163,34.706493,0.0036152601
figure_eight_depth,pid,28.6,0.30872482,-0.32173148,-0.91862714,0.00043704527,-0.007813061,-2.9859324,0.1907087,0.022571784,0.0032205887,0.0031713962,0.00046212264,-0.16231425,0.1460830285624115,-0.1445158984722357,-0.3506713806938855,0.0,0.0,2.37260777770938,-0.10359635626513986,0.10025026261985259,0.0009586857581400654,0.0,0.0,0.0,0.6167912628845076,0.30439206068105806,0.9246451793115151,-2.5418470773807442,-2.3510697,3.360675,-1.2635273,2.2731328,1.7531475,-2.7397447,34.165028,0.0035588567
figure_eight_depth,pid,28.700000000000003,0.28987458,-0.32726938,-0.91815823,0.00079822156,-0.007701599,-3.002029,0.1948396,0.025486907,0.0031552683,0.0023541364,0.0010442678,-0.16096185,0.1357155724343045,-0.13445991030763296,-0.35057893029109866,0.0,0.0,2.3703115379355855,-0.10375087105005121,0.10086214739826738,0.0008903180724328941,0.0,0.0,0.0,0.6189400258014431,0.30796562198722416,0.9108448271358471,-2.546424467044444,-2.3410966,3.3433723,-1.2129092,2.215185,1.7336017,-2.7564237,33.640312,0.0035041987
figure_eight_depth,pid,28.8,0.2705416,-0.33286244,-0.9176932,0.0010807358,-0.007534342,-3.0179894,0.19926041,0.02849486,0.003093294,0.0015959406,0.0015451731,-0.15960166,0.12533323356430454,-0.12434494358242767,-0.3504933178929321,0.0,0.0,2.3681955313982206,-0.1038940083825518,0.10142979070504321,0.0008219259782504817,0.0,0.0,0.0,0.6215148596397019,0.31181287169580535,0.8970003787324158,-2.5511824387949114,-2.331594,3.3265378,-1.1616352,2.156579,1.7130586,-2.774067,33.13243,0.003451295
figure_eight_depth,pid,28.900000000000002,0.2506983,-0.33850977,-0.91723263,0.0012910232,-0.007320923,-3.033813,0.20391077,0.031581305,0.003035186,0.00091068755,0.0019631851,-0.15823276,0.11493715049286667,-0.11417543505532793,-0.3504145458464929,0.0,0.0,2.366257370898858,-0.10402575256625995,0.10195294355335588,0.0007535113505374724,0.0,0.0,0.0,0.6245316051192024,0.31588332383192264,0.8831149365553872,-2.5561516445219747,-2.3226733,3.31008,-1.109814,2.097221,1.6916025,-2.7925928,32.641556,0.003400162
figure_eight_depth,pid,29.0,0.23032168,-0.34420732,-0.9167772,0.0014366712,-0.007070558,-3.0494986,0.20874043,0.034729414,0.0029814497,0.0003081647,0.0023011472,-0.15685427,0.10452846326765373,-0.10395584540887992,-0.35034261631135655,0.0,0.0,2.3644948790964033,-0.1041460891539267,0.10243137647103495,0.0006850760648768883,0.0,0.0,0.0,0.6280070317824211,0.320135599035258,0.8691918700387495,-2.561366946294631,-2.3144329,3.2939272,-1.0575361,2.0370302,1.669314,-2.811924,32.167957,0.0033508288
figure_eight_depth,pid,29.1,0.20939218,-0.34994912,-0.9163274,0.0015256796,-0.0067915865,-3.065045,0.21371499,0.037931524,0.002932582,-0.00020913249,0.0025663634,-0.15546519,0.09410831331851435,-0.09369065729286234,-0.35027753125950745,0.0,0.0,2.362906083710697,-0.1042550049493024,0.10286487960160795,0.0006166219975733966,0.0,0.0,0.0,0.63195825991705,0.3245406293792122,0.8552341051369796,-2.5668640511351732,-2.3069446,3.2780237,-1.004873,1.9759521,1.6462622,-2.831994,31.711956,0.0033033288
figure_eight_depth,pid,29.200000000000003,0.187894,-0.3557259,-0.91588366,0.0015667387,-0.006491615,-3.0804515,0.21879493,0.041162904,0.0028890702,-0.0006357408,0.002764666,-0.1540649,0.08367784333231529,-0.08338437335805093,-0.3502192924752854,0.0,0.0,2.361489213175994,-0.1043524880085453,0.10325326279627539,0.0005481510252369759,0.0,0.0,0.0,0.6364016810001224,0.3290667779367153,0.8412446055087195,-2.572681120693539,-2.3002892,3.2623215,-0.95188963,1.9139221,1.6225204,-2.8527308,31.273909,0.0032576986
figure_eight_depth,pid,29.3,0.16581461,-0.3615268,-0.91544616,0.0015684046,-0.0061773327,-3.0957165,0.22394958,0.04441368,0.0028513628,-0.00097428524,0.0029036603,-0.15265256,0.07323819712763169,-0.07304151428120581,-0.35016790155533595,0.0,0.0,2.3602426927349835,-0.10443852764130401,0.103596355697122,0.0004796650250882273,0.0,0.0,0.0,0.6413529891052946,0.33368692572262015,0.8272261380041732,-2.578857519786383,-2.2945223,3.246777,-0.8986445,1.8508992,1.5981497,-2.8740735,30.854164,0.0032139756
figure_eight_depth,pid,29.400000000000002,0.14314453,-0.36733922,-0.91501516,0.0015389775,-0.005854557,-3.1108391,0.22914998,0.04767102,0.0028198427,-0.0012284361,0.0029905776,-0.15122747,0.06279051952931358,-0.06266661678215232,-0.3501233599085671,0.0,0.0,2.359165140966571,-0.10451311441303512,0.1038940078128825,0.0004111658746808189,0.0,0.0,0.0,0.6468268020335661,0.33837536584280453,0.8131810377187529,-2.585431984329129,-2.2898588,3.2311878,-0.8453528,1.786682,1.573205,-2.8959677,30.452484,0.0031721338
figure_eight_depth,pid,29.5,0.11987799,-0.37314874,-0.91459066,0.001486442,-0.0055283806,-3.1258178,0.23436263,0.05091794,0.0027948192,-0.0014022846,0.003031242,-0.14978912,0.05233595624294425,-0.05226423163382715,-0.3500856687561107,0.0,0.0,2.3582553667384945,-0.1045762401437958,0.10414608858288349,0.00034265545195699687,0.0,0.0,0.0,0.6528358711260274,0.3431017460734798,0.7991121647147736,-2.5924422278026666,-2.2862854,3.2155836,-0.79200065,1.7212988,1.547737,-2.918362,30.06954,0.0031322436
figure_eight_depth,pid,29.6,0.09601474,-0.3789399,-0.91417253,0.0014180682,-0.005203663,-3.1406512,0.23953575,0.05414432,0.0027764924,-0.0015037837,0.0030266852,-0.14833686,0.04187565372919981,-0.04183892166615793,-0.3500548291312886,0.0,0.0,2.357512366581011,-0.10462789791135588,0.10435248743636757,0.00027413563510880756,0.0,0.0,0.0,0.6593913015316936,0.34781566637964934,0.7850217145548747,-2.5861821601762225,-2.2837217,3.2000473,-0.7385167,1.6548424,1.5217854,-2.9412148,29.70617,0.0030943928
figure_eight_depth,pid,29.700000000000003,0.07155757,-0.3846965,-0.9137606,0.0013403428,-0.0048844307,3.1278472,0.24464397,0.057340033,0.0027648273,-0.0015415008,0.0029840556,-0.14687026,0.031410759078128236,-0.03139525976465663,-0.35003084187958483,0.0,0.0,2.356935322473539,-0.10466808205086137,0.10451311383997616,0.00020560830271687536,0.0,0.0,0.0,0.666501901691664,0.35249221233625033,0.7709118721980919,-2.579642504021452,-2.282191,3.1845562,-0.6849351,1.5873002,1.4953827,-2.9644928,29.36284,0.003058629
figure_eight_depth,pid,29.8,0.04651127,-0.39040127,-0.9133546,0.0012591596,-0.004573789,3.1133087,0.24967201,0.06048842,0.00275968,-0.0015219612,0.0029115458,-0.14538905,0.02094241988335711,-0.020937826864599964,-0.35001370765862194,0.0,0.0,2.3565236000407532,-0.10469678815566881,0.10462789733767068,0.00013707533347284695,0.0,0.0,0.0,0.674173522453146,0.3571168112458235,0.7567850680958434,-2.573804111180176,-2.281708,3.1691024,-0.63127625,1.5186707,1.4685601,-2.9881625,29.040054,0.0030250058
figure_eight_depth,pid,29.900000000000002,0.02088173,-0.39603764,-0.91295403,0.0011791149,-0.0042738793,3.0989196,0.25461456,0.06359271,0.00276082,-0.0014585695,0.002817917,-0.14389277,0.010471784116245709,-0.010471209941678395,-0.3500034269381433,0.0,0.0,2.3562767471539283,-0.10471401307782756,0.10469678758160371,6.853860626265806e-05,0.0,0.0,0.0,0.6824098634695044,0.36168192977701386,0.7426428828967309,-2.568704841114167,-2.2822611,3.1536744,-0.5775602,1.4489734,1.4413328,-3.0122066,28.738304,0.0029935737
figure_eight_depth,pid,30.0,-0.005324716,-0.4015892,-0.9125585,0.0011039131,-0.0039859614,3.0846815,0.2594721,0.06664822,0.002767969,-0.0013605286,0.0027112984,-0.1423812,1.2246467991473532e-16,-1.2246467991473532e-16,-0.35,0.0,0.0,2.3561944929339016,-0.10471975492843412,0.10471975435424383,0.0,0.0,0.0,0.0,0.6912122043684122,0.36618685365383086,0.7284870179913914,-2.5643786667898647,-2.2838383,3.1382697,-0.5237973,1.3782288,1.4137158,-3.036607,28.458107,0.002964386
figure_eight_depth,pid,30.1,-0.0320997,-0.4070387,-0.91216743,0.0010368105,-0.0037109489,3.0705962,0.26423016,0.06963935,0.0027808426,-0.0012324575,0.0025946351,-0.14085448,-0.010471784116245463,0.010471209941678149,-0.3500034269381433,0.0,0.0,2.3562767471539288,-0.10471401307760637,0.10469678758138252,-6.853860626265806e-05,0.0,0.0,0.0,0.7005787953485391,0.3706169819807818,0.7143194709552021,-2.560856617373125,-2.2864447,3.1228793,-0.47000653,1.3064411,1.3857273,-3.061343,28.199959,0.0029374957
figure_eight_depth,pid,30.200000000000003,-0.05943289,-0.41236818,-0.9117802,0.0009805327,-0.003449461,3.0566652,0.26887524,0.07255297,0.0027990744,-0.0010797515,0.0024704398,-0.13931257,-0.020942419883356867,0.02093782686459972,-0.35001370765862194,0.0,0.0,2.3565236000407532,-0.10469678815566881,0.10462789733767068,-0.00013707533347284695,0.0,0.0,0.0,0.7105048756306093,0.37495797500045247,0.7001415820728942,-2.558162961340659,-2.290084,3.1074846,-0.41621265,1.2336135,1.3573825,-3.086395,27.964302,0.002912948
figure_eight_depth,pid,30.3,-0.08730918,-0.41755673,-0.91139627,0.00093825336,-0.0032024393,3.0428898,0.27336866,0.07534732,0.0028222355,-0.0008979717,0.002335143,-0.13775592,-0.031410759078127994,0.03139525976465639,-0.35003084187958483,0.0,0.0,2.356935322473539,-0.10466808205086137,0.10451311383997616,-0.00020560830271687536,0.0,0.0,0.0,0.7209810425181314,0.379172239501578,0.6859545109767783,-2.5562235222968037,-2.2948146,3.0920353,-0.3624718,1.1596924,1.328715,-3.1117275,27.751461,0.002890777
figure_eight_depth,pid,30.400000000000002,-0.115631476,-0.42253882,-0.91101533,0.00092961267,-0.0029869857,3.0292706,0.2769457,0.07749062,0.0028501283,-0.000522548,0.0020267537,-0.1361918,-0.04187565372919957,0.041838921666157686,-0.3500548291312886,0.0,0.0,2.357512366581011,-0.10462789791135588,0.10435248743636757,-0.00027413563510880756,0.0,0.0,0.0,0.7319585308751093,0.38253070376656156,0.6717582823752877,-2.5549430802566935,-2.3014739,3.076227,-0.30909172,1.0838448,1.3000385,-3.1370244,27.561234,0.002870962
figure_eight_depth,pid,30.5,-0.14422508,-0.42721397,-0.91063684,0.0009846303,-0.0028303429,3.0158086,0.27890402,0.07850908,0.002878859,0.0001480651,0.0014412838,-0.13462216,-0.052335956242943564,0.052264231633826465,-0.3500856687561107,0.0,0.0,2.3582553667384776,-0.1045762401437958,0.10414608858288696,-0.0003426554519292413,0.0,0.0,0.0,0.7433441808642237,0.384349769115125,0.6575532155674306,-2.554197350697452,-2.3105955,3.059826,-0.25631258,1.005543,1.2717044,-3.1619425,27.39331,0.00285347
figure_eight_depth,pid,30.6,-0.17284383,-0.4314594,-0.9102602,0.0011374091,-0.0027651938,3.002504,0.2786101,0.07802492,0.0029007948,0.0011512253,0.0005204909,-0.13304503,-0.06279051952931335,0.06266661678215209,-0.3501233599085671,0.0,0.0,2.359165140966571,-0.10451311441303512,0.1038940078128825,-0.0004111658746808189,0.0,0.0,0.0,0.7550003500939798,0.3840098752353947,0.6433389693697329,-2.5538909740528015,-2.322408,3.0426412,-0.2043271,0.92456037,1.2440614,-3.1861525,27.247063,0.0028382356
figure_eight_depth,pid,30.700000000000003,-0.20122926,-0.43516222,-0.90988475,0.0014119681,-0.00281543,2.9893587,0.27598882,0.07602753,0.0029049153,0.0023820968,-0.0006518781,-0.13145241,-0.0732381971276319,0.07304151428120602,-0.35016790155533595,0.0,0.0,2.3602426927350084,-0.10443852764152606,0.1035963556973371,-0.0004796650250882273,0.0,0.0,0.0,0.7667696494349461,0.38143998268279644,0.6291159708239515,-2.553950539389491,-2.3363311,3.0247238,-0.15308374,0.8414764,1.2172935,-3.2095008,27.121613,0.0028251682
figure_eight_depth,pid,30.8,-0.22915524,-0.4382348,-0.90951,0.0018163356,-0.0029890402,2.9763749,0.2713801,0.07272347,0.0028808147,0.003678121,-0.0019194279,-0.12983611,-0.08367784333231548,0.08338437335805113,-0.3502192924752854,0.0,0.0,2.3614892131759717,-0.10435248800832325,0.10325326279606029,-0.0005481510252369759,0.0,0.0,0.0,0.7784962144442963,0.3769864735078848,0.6148856514022754,-2.554281615519872,-2.351317,3.0062978,-0.10235647,0.7573374,1.1914544,-3.2319634,27.015705,0.0028141364
figure_eight_depth,pid,30.900000000000002,-0.25642437,-0.44060963,-0.90913624,0.002347042,-0.0032830094,2.9635549,0.26508224,0.06827886,0.0028215756,0.004923876,-0.0031725385,-0.1281926,-0.0941083133185141,0.09369065729286209,-0.35027753125950745,0.0,0.0,2.362906083710663,-0.10425500494930934,0.10286487960162183,-0.0006166219975733966,0.0,0.0,0.0,0.7900293375305931,0.3709690213153533,0.6006487754507139,-2.5547804980467395,-2.3664525,2.9875405,-0.05195813,0.6730461,1.1665787,-3.25353,26.927551,0.002804953
figure_eight_depth,pid,31.0,-0.28286737,-0.44223484,-0.9087646,0.0029926451,-0.0036866064,2.9509017,0.25738272,0.062832,0.0027235379,0.006040625,-0.0043329336,-0.12652135,-0.10452846326765305,0.10395584540887925,-0.35034261631135655,0.0,0.0,2.364494879096403,-0.10414608915393364,0.10243137647104189,-0.0006850760648768883,0.0,0.0,0.0,0.8012266522356558,0.3637070384184294,0.586406867653475,-2.5553408569339022,-2.3809218,2.9686048,-0.0017283182,0.5894113,1.142697,-3.2741904,26.854889,0.0027973845
figure_eight_depth,pid,31.1,-0.3083426,-0.44307065,-0.9083975,0.00373658,-0.004183916,2.938418,0.24856225,0.05649952,0.0025859212,0.0069791144,-0.0053466693,-0.12482356,-0.11493715049286643,0.11417543505532769,-0.3504145458464929,0.0,0.0,2.366257370898824,-0.10402575256625302,0.10195294355335588,-0.0007535113505374724,0.0,0.0,0.0,0.8119567980840093,0.35552139568756713,0.5721605406307169,-2.555854290079541,-2.3939857,2.949614,0.04846993,0.5071584,1.119849,-3.2939255,26.794956,0.0027911414
figure_eight_depth,pid,31.200000000000003,-0.33273113,-0.44308677,-0.9080381,0.0045595034,-0.0047568134,2.9261053,0.23884892,0.04937858,0.002410279,0.0077140927,-0.0061889957,-0.12310139,-0.12533323356430429,0.12434494358242744,-0.3504933178929321,0.0,0.0,2.3681955313982224,-0.10389400838253793,0.10142979070502933,-0.0008219259782504817,0.0,0.0,0.0,0.8221002378856423,0.3466878908742842,0.5579097294507767,-2.5562175023861524,-2.405023,2.9306302,0.098715015,0.42689213,1.0980844,-3.312705,26.744514,0.0027858869
figure_eight_depth,pid,31.3,-0.35593373,-0.44226083,-0.9076905,0.005440952,-0.0053867055,2.9139664,0.22843993,0.041554548,0.0021997597,0.008237064,-0.0068523195,-0.12135725,-0.13571557243430424,0.1344599103076327,-0.35057893029109866,0.0,0.0,2.370311537935656,-0.10375087105003733,0.10086214739823962,-0.0008903180724328941,0.0,0.0,0.0,0.8315504664463453,0.3374576511528614,0.543654879376966,-2.55633336047471,-2.4135013,2.9116743,0.1490412,0.3491318,1.0774668,-3.3304868,26.700018,0.0027812521
figure_eight_depth,pid,31.400000000000002,-0.37786773,-0.44057643,-0.9073595,0.0063607097,-0.0060558757,2.902003,0.21749774,0.033099324,0.001958529,0.008553148,-0.00734251,-0.11959353,-0.1460830285624117,0.1445158984722359,-0.3506713806938855,0.0,0.0,2.372607777709342,-0.10359635626537578,0.10025026262008851,-0.0009586857581400654,0.0,0.0,0.0,0.8402135595504965,0.32805361603148425,0.5293952721411217,-2.5561164766993114,-2.4189684,2.8927264,0.19944707,0.27431086,1.0580746,-3.3472145,26.657667,0.00277684
figure_eight_depth,pid,31.5,-0.3984658,-0.4380226,-0.9070502,0.007299477,-0.0067479373,2.890217,0.20617236,0.024082463,0.0016913667,0.008673928,-0.007670138,-0.11781221,-0.15643446504023073,0.1545084971874736,-0.35077066656671796,0.0,0.0,2.375086853027898,-0.10343048097279095,0.09959440476342563,-0.0010270271609547077,0.0,0.0,0.0,0.8480089627982113,0.3186900741106437,0.5151302127832591,-2.55549252365897,-2.4210277,2.8737426,0.249905,0.20280974,1.0399973,-3.3628232,26.61353,0.0027722425
figure_eight_depth,pid,31.6,-0.41767377,-0.43459305,-0.9067679,0.008239383,-0.007448409,2.87861,0.19458814,0.014570045,0.0014033663,0.008615825,-0.0078517655,-0.1160148,-0.16676874671610195,0.1644333233692913,-0.3508767851876239,0.0,0.0,2.3777515870309767,-0.10325326336221852,0.09889486150901905,-0.0010953404073477113,0.0,0.0,0.0,0.8548689161633287,0.3095584266609332,0.5008583086752001,-2.5543996189614218,-2.4193451,2.8546467,0.30035803,0.13494357,1.0233318,-3.3772397,26.56362,0.0027670434
figure_eight_depth,pid,31.700000000000003,-0.43544817,-0.430286,-0.9065179,0.009164273,-0.00814508,2.8671832,0.18284328,0.0046261977,0.0010996595,0.008397801,-0.007907926,-0.11420233,-0.17708474031958318,0.1742860236609075,-0.35098973364730757,0.0,0.0,2.380605029885298,-0.10306472286818191,0.09815193970025282,-0.0011636236244005893,0.0,0.0,0.0,0.8607383752719003,0.30082482373541825,0.48657817858027824,-2.552788973942138,-2.413649,2.8353372,0.35072142,0.070966646,1.0081779,-3.3903875,26.504032,0.0027608369
figure_eight_depth,pid,31.8,-0.45175448,-0.42510298,-0.9063054,0.0100602135,-0.008828032,2.8559384,0.17101844,-0.005697498,0.00078515545,0.008043529,-0.007859674,-0.11237552,-0.18738131458572432,0.18406227634233868,-0.35110950884923,0.0,0.0,2.383650465465855,-0.102864880165629,0.09736596520656948,-0.0012318749401107887,0.0,0.0,0.0,0.8655737556160502,0.2926400810820381,0.47228796913497506,-2.550628278106756,-2.403718,2.815703,0.40090275,0.011082133,0.99464476,-3.4021816,26.431046,0.0027532338
figure_eight_depth,pid,31.900000000000002,-0.4665679,-0.41904834,-0.90613484,0.010915317,-0.009489046,2.8448775,0.15920155,-0.016346976,0.00046457566,0.0075745634,-0.0077225203,-0.11053458,-0.19765734037912608,0.1937577932260514,-0.35123610750969336,0.0,0.0,2.3868914185305568,-0.1026537571697933,0.09653728278258278,-0.001300092483363935,0.0,0.0,0.0,0.8693427715886031,0.28515639666052334,0.4579860629300145,-2.547899232322697,-2.3893507,2.7956321,0.4508058,-0.044524428,0.98284256,-3.412531,26.34111,0.0027438656
figure_eight_depth,pid,32.0,-0.47987264,-0.41212922,-0.9060104,0.01171959,-0.010121551,2.8340015,0.14746885,-0.027267234,0.00014241082,0.0070107295,-0.007511737,-0.10867927,-0.20791169081775907,0.20336832153789985,-0.3513695261579316,0.0,0.0,2.390331662396853,-0.10243137703246086,0.09566625591556077,-0.0013682743839615874,0.0,0.0,0.0,0.8720243545247556,0.2785050245329486,0.4436698787408422,-2.5445963059977665,-2.3703825,2.7749984,0.5003242,-0.09570839,0.9728776,-3.421346,26.230915,0.0027323868
figure_eight_depth,pid,32.1,-0.49166003,-0.40435565,-0.9059356,0.012464829,-0.010720692,2.8233123,0.13587771,-0.038404044,-0.00017715868,0.0063704867,-0.0072436268,-0.10680905,-0.2181432413965425,0.2128896457825363,-0.351509761136205,0.0,0.0,2.393975227126955,-0.10219776414033266,0.09475326666689987,-0.0014364187725657285,0.0,0.0,0.0,0.8736081369068852,0.2727863415566776,0.42933705543530065,-2.540723979967449,-2.3466966,2.7536635,0.5493367,-0.14236984,0.96485025,-3.42854,26.097511,0.0027184905
figure_eight_depth,pid,32.2,-0.5019264,-0.3957398,-0.9059132,0.013144809,-0.011283393,2.8128116,0.12446452,-0.049714215,-0.00049035496,0.005674069,-0.006935377,-0.10492327,-0.22835087011065594,0.22231758959246392,-0.3516568085999009,0.0,0.0,2.39782640822881,-0.1019529441119299,0.09379871550406482,-0.0015045237810040746,0.0,0.0,0.0,0.8740930331207706,0.26807062042815594,0.4149852048540757,-2.536294752843941,-2.3182225,2.7314863,0.59771866,-0.18445468,0.9588578,-3.4340246,25.938396,0.0027019165
figure_eight_depth,pid,32.300000000000004,-0.51067346,-0.38629702,-0.90594506,0.013754623,-0.011807938,2.802501,0.11326445,-0.061142273,-0.0007936189,0.004934792,-0.0066001625,-0.103020824,-0.23853345757858088,0.23164801755993086,-0.3518106645176386,0.0,0.0,2.401889775875732,-0.10169694379430494,0.09280302112454897,-0.0015725875422145652,0.0,0.0,0.0,0.8734879392814682,0.2644015144017685,0.40061118733532775,-2.531325177045824,-2.2849057,2.7083192,0.6453414,-0.22192785,0.9549821,-3.437721,25.75142,0.0026824398
figure_eight_depth,pid,32.4,-0.5179076,-0.376045,-0.90603256,0.014290808,-0.0122937355,2.7923825,0.10230603,-0.07264116,-0.0010838056,0.0041670995,-0.0062491293,-0.10110061,-0.24868988716485457,0.24087683705085744,-0.3519713246713805,0.0,0.0,2.4061701846480075,-0.10142979126098739,0.09176662027297888,-0.0016406081901620961,0.0,0.0,0.0,0.8718110927194552,0.26179861014973194,0.38621229406598173,-2.525829310657598,-2.2467234,2.6840236,0.69208246,-0.25478208,0.9533,-3.4395523,25.534943,0.0026598896
figure_eight_depth,pid,32.5,-0.5236387,-0.3650042,-0.906176,0.014751097,-0.012741307,2.7824583,0.09160387,-0.084162876,-0.0013581234,0.003382861,-0.0058933627,-0.09916136,-0.25881904510252035,0.24999999999999964,-0.35213878465654735,0.0,0.0,2.4106727837940234,-0.10115151580761261,0.0906899675484768,-0.0017085838599772973,0.0,0.0,0.0,0.8690896658345092,0.2602465707706725,0.37178552156486333,-2.5198570200158743,-2.2036831,2.6584592,0.73781806,-0.28304195,0.9538741,-3.4394495,25.2878,0.002634146
figure_eight_depth,pid,32.6,-0.5279407,-0.3531961,-0.9063739,0.015127677,-0.013139384,2.7727306,0.08174439,-0.0954619,-0.0016132694,0.002526399,-0.0054151006,-0.09719902,-0.26891982061526554,0.259013504686565,-0.3523130398821391,0.0,0.0,2.4154030280089387,-0.10086214795088089,0.08957353520702704,-0.0017765126880675552,0.0,0.0,0.0,0.8653761525197794,0.25996785359702906,0.3573275609040252,-2.513476051677272,-2.1552134,2.6316528,0.78259975,-0.30616045,0.95673656,-3.4373596,25.007523,0.0026049505
figure_eight_depth,pid,32.7,-0.5310079,-0.34064558,-0.9066219,0.015400442,-0.013457109,2.7632031,0.07382173,-0.10604461,-0.0018458666,0.0014758426,-0.004617998,-0.09520769,-0.2789911060392293,0.26791339748949833,-0.3524940855708606,0.0,0.0,2.4203666887174613,-0.10056171942296466,0.08841781295260143,-0.001844392812228035,0.0,0.0,0.0,0.8607636687604378,0.2611995842111588,0.342836455356025,-2.5067400656914742,-2.1003613,2.6036553,0.82650244,-0.32320845,0.9618146,-3.4333103,24.690815,0.0025719602
figure_eight_depth,pid,32.800000000000004,-0.53313917,-0.32739195,-0.90691245,0.0155375125,-0.01365433,2.7538798,0.06872207,-0.11533241,-0.0020549626,0.000116095856,-0.0034076134,-0.09318312,-0.28903179694447184,0.2766957746216722,-0.35268191675925287,0.0,0.0,2.425569865852369,-0.1002502631693436,0.08722330772320541,-0.0019122223713918807,0.0,0.0,0.0,0.8553840485728987,0.2637811368907422,0.32830991968535095,-2.4996833176549664,-2.0386593,2.5742412,0.8693233,-0.33374152,0.9688579,-3.4274936,24.336353,0.0025350368
figure_eight_depth,pid,32.9,-0.5346079,-0.31349462,-0.90723795,0.0155122215,-0.013711906,2.744764,0.06608812,-0.12315536,-0.0022444618,-0.0014975719,-0.0019918696,-0.091129296,-0.2990407922560863,0.2853567838422155,-0.3528765282978291,0.0,0.0,2.4310190001003558,-0.09992781334461354,0.08599054346830615,-0.0019799995060187925,0.0,0.0,0.0,0.849371206193167,0.26702690770716736,0.3137450894839949,-2.4923799789690833,-1.9711968,2.5428212,0.91048044,-0.33885592,0.9775408,-3.4201891,23.948635,0.0024946493
figure_eight_depth,pid,33.0,-0.5356508,-0.29902533,-0.9075909,0.015307134,-0.013627841,2.7358584,0.065487444,-0.12947138,-0.0024204564,-0.003271976,-0.00054072595,-0.08905056,-0.3090169943749473,0.29389262614623646,-0.35307791485121554,0.0,0.0,2.43672088559281,-0.09959440530910024,0.08472006091900242,-0.0020477223579840054,0.0,0.0,0.0,0.8428518585838138,0.2704258270104868,0.29913755480635995,-2.484931603536113,-1.8991326,2.508974,0.9495624,-0.33972085,0.9875955,-3.4116275,23.53328,0.0024513835
figure_eight_depth,pid,33.1,-0.5364755,-0.2840647,-0.9079646,0.014913715,-0.013410791,2.727165,0.06656863,-0.13426045,-0.0025890886,-0.0051188753,0.0008396995,-0.08694957,-0.31895930929806965,0.30229955743118714,-0.3532860708982981,0.0,0.0,2.442682682995005,-0.09925007562489041,0.08341241735110305,-0.0021153890705782885,0.0,0.0,0.0,0.8359453302029628,0.2736376111110407,0.28448230075438463,-2.477456497128352,-1.8234951,2.4724324,0.98631144,-0.33737418,0.99880266,-3.4019961,23.095871,0.0024058202
figure_eight_depth,pid,33.2,-0.5372648,-0.2686958,-0.9083526,0.014332479,-0.013075456,2.7186854,0.069052525,-0.13755658,-0.0027554939,-0.006949502,0.0020885281,-0.08482799,-0.3288666467385831,0.3105738901391551,-0.35350099073237373,0.0,0.0,2.4489119329498052,-0.09889486205105769,0.08206818633985091,-0.0021829977887022345,0.0,0.0,0.0,0.8287602181143308,0.27648090656439905,0.26977345561525823,-2.4700780421161754,-1.7451909,2.4330814,1.0206257,-0.33273506,1.010998,-3.391428,22.641865,0.0023585279
figure_eight_depth,pid,33.300000000000004,-0.5381793,-0.25300136,-0.9087496,0.013571858,-0.012640156,2.7104216,0.07269244,-0.1394209,-0.002923133,-0.008686719,0.00316827,-0.08268605,-0.3387379202452915,0.31871199487434493,-0.3537226684613065,0.0,0.0,2.4554165698075345,-0.0985288035413312,0.08068795750978963,-0.0022505466588662593,0.0,0.0,0.0,0.8213938706953513,0.2788638986817003,0.2550049923872897,-2.462919955910609,-1.6650461,2.390896,1.0524906,-0.3266406,1.0240467,-3.3800275,22.17645,0.002310047
figure_eight_depth,pid,33.4,-0.53935975,-0.23706022,-0.90915114,0.012647066,-0.01212432,2.702375,0.077291474,-0.13994278,-0.0030936433,-0.010265005,0.0040659285,-0.08052297,-0.34857204732181474,0.32671030199505235,-0.3539510980076895,0.0,0.0,2.462204935559918,-0.0981519402380171,0.07927233627488817,-0.0023180338291628466,0.0,0.0,0.0,0.8139313425750332,0.28077795558786506,0.24016999959022867,-2.4560995979807743,-1.5837805,2.3459353,1.08198,-0.31982532,1.0378468,-3.367869,21.70441,0.0022608761
figure_eight_depth,pid,33.5,-0.5409286,-0.22094673,-0.9095536,0.011578359,-0.011547446,2.6945472,0.08266376,-0.13922215,-0.003266899,-0.011636094,0.004778413,-0.07833677,-0.3583679495453,0.3345653031794289,-0.3541862731090113,0.0,0.0,2.4692857938838872,-0.09776431346836256,0.07782194357330852,-0.0023854574493775704,0.0,0.0,0.0,0.8064458220039891,0.28224670574855637,0.22526138247719674,-2.4497272569190716,-1.5020521,2.2982953,1.1092049,-0.3129617,1.0523033,-3.355019,21.230097,0.0022114685
figure_eight_depth,pid,33.6,-0.5429923,-0.20473008,-0.90995437,0.010389115,-0.010927759,2.686941,0.088661976,-0.13735758,-0.003441411,-0.012770754,0.0053158496,-0.07612446,-0.3681245526846779,0.3422735529643443,-0.35442818731782777,0.0,0.0,2.4766683441665474,-0.09736596574003165,0.07633741559520679,-0.0024528156710723614,0.0,0.0,0.0,0.7990000240459955,0.2833247653126373,0.21027256426545948,-2.4439048628963587,-1.4204279,2.2481093,1.1343102,-0.30662885,1.0673265,-3.3415432,20.75739,0.0021622276
figure_eight_depth,pid,33.7,-0.54564196,-0.18847208,-0.91035146,0.009105139,-0.010281805,2.6795585,0.09515268,-0.13447309,-0.003614596,-0.013646466,0.0056922813,-0.07388279,-0.3778407868184673,0.3498316702566828,-0.3546768340019387,0.0,0.0,2.4843622353667225,-0.09695694073633132,0.07481940350362315,-0.002520106647585507,0.0,0.0,0.0,0.7916454020116311,0.2840962012520191,0.19519628018198354,-2.4387229965612907,-1.3394107,2.1955466,1.1574816,-0.30134547,1.0828397,-3.3274946,20.28978,0.0021135188
figure_eight_depth,pid,33.800000000000004,-0.5489537,-0.17222781,-0.91074383,0.007753047,-0.009624325,2.672403,0.10201149,-0.13068712,-0.0037831552,-0.0142566245,0.005923064,-0.07160777,-0.38751558645210293,0.3572363398164016,-0.3549322063445695,0.0,0.0,2.4923775795339846,-0.09653728331149303,0.07326857314893243,-0.0025873285340871632,0.0,0.0,0.0,0.7844240710613918,0.28464182392706405,0.18002551761872532,-2.434261916135167,-1.2594439,2.14078,1.1789062,-0.2975701,1.0987623,-3.3129358,19.830328,0.0020656593
figure_eight_depth,pid,33.9,-0.552994,-0.1560472,-0.9111309,0.006358146,-0.008967456,2.6654782,0.10915723,-0.12608635,-0.003943673,-0.014615472,0.006031621,-0.06929456,-0.3971478906347804,0.3644843137107056,-0.35519429734455854,0.0,0.0,2.500724964773234,-0.0961070394858432,0.07168560477660568,-0.00265447948766262,0.0,0.0,0.0,0.7773715826223015,0.285041801998747,0.16475326474947094,-2.4305935522964983,-1.1808805,2.083975,1.1987664,-0.2956718,1.1149976,-3.297948,19.381573,0.0020189139
figure_eight_depth,pid,34.0,-0.5578187,-0.13997298,-0.91151243,0.0049447,-0.008321044,2.658788,0.116514914,-0.12078027,-0.0040927497,-0.014734394,0.006038639,-0.0669387,-0.4067366430757998,0.37157241273869684,-0.35546309981654856,0.0,0.0,2.5094154673956535,-0.0956662564399191,0.07007119272853246,-0.0027215576673678132,0.0,0.0,0.0,0.7705162863334993,0.28538922326855193,0.1493724983788827,-2.4277792601221715,-1.1040301,2.0253184,1.2172658,-0.29597744,1.1314595,-3.2826045,18.945827,0.0019735238
figure_eight_depth,pid,34.1,-0.5634732,-0.12404183,-0.9118888,0.0035352206,-0.00769306,2.6523373,0.12400904,-0.11487195,-0.0042271866,-0.014631555,0.0059608067,-0.064535536,-0.416280792260401,0.3784975278258781,-0.35573860639118404,0.0,0.0,2.5184606629632666,-0.09521498251108262,0.06842604513954131,-0.002788561234173814,0.0,0.0,0.0,0.763881165448025,0.2857610848848218,0.1338766497350976,-2.425869740279444,-1.0291659,1.9649847,1.2345952,-0.29877645,1.148057,-3.266989,18.525091,0.001929697
figure_eight_depth,pid,34.2,-0.5699925,-0.108284295,-0.9122603,0.0021502913,-0.0070898784,2.6461313,0.13156757,-0.10846665,-0.0043441523,-0.014326731,0.005812387,-0.06208042,-0.42577929156507266,0.38525662138789457,-0.3560208095153131,0.0,0.0,2.52787263586718,-0.09475326718644261,0.06675088362567694,-0.0028554883511611173,0.0,0.0,0.0,0.7574842865048097,0.28622459644394405,0.11825864121717045,-2.4249064615926845,-0.9565182,1.9031439,1.2509445,-0.3043187,1.164701,-3.2511845,18.121084,0.001887613
figure_eight_depth,pid,34.300000000000004,-0.5774035,-0.09272608,-0.91262764,0.0008077266,-0.0065161497,2.6401753,0.13913852,-0.10164826,-0.0044414075,-0.0138479,0.0056092106,-0.05956837,-0.43523109937232773,0.39184672866292003,-0.35630970145219454,0.0,0.0,2.5376639870318414,-0.09428116109830298,0.06504644296817519,-0.002922337183519641,0.0,0.0,0.0,0.7513410954772584,0.2868347611385765,0.10251135552797308,-2.425399765211001,-0.8862607,1.8399483,1.2664868,-0.31279925,1.1812971,-3.235283,17.735218,0.0018474185
figure_eight_depth,pid,34.4,-0.5857261,-0.077389665,-0.9129914,-0.00047779022,-0.005975154,2.6344764,0.14667158,-0.09448487,-0.0045173727,-0.013226528,0.0053639216,-0.0569943,-0.4446351791849271,0.3982649590120979,-0.3566052742817099,0.0,0.0,2.5478478392611876,-0.09379871601838952,0.06331347079091554,-0.0029891058985209717,0.0,0.0,0.0,0.7454659550777092,0.28762582530610625,0.08662858400236216,-2.4276349455278865,-0.81854117,1.7755308,1.2813731,-0.3243835,1.197741,-3.2193885,17.368706,0.0018092403
figure_eight_depth,pid,34.5,-0.5949734,-0.062295,-0.91335225,-0.0016946053,-0.0054690633,2.6290407,0.15411927,-0.087037385,-0.0045711333,-0.012492939,0.0050868816,-0.054353207,-0.4539904997395467,0.4045084971874736,-0.3569075199005808,0.0,0.0,2.558437839666166,-0.09330598485224328,0.061552727232877524,-0.0030557926657126533,0.0,0.0,0.0,0.7398732450750526,0.28861838705034776,0.07060287841244728,-2.4308145770548943,-0.75347507,1.7100111,1.2957481,-0.33921203,1.2139274,-3.2036088,17.02262,0.0017731894
figure_eight_depth,pid,34.6,-0.60515326,-0.047458965,-0.9137108,-0.0028337382,-0.004998843,2.6238759,0.16145132,-0.07936546,-0.00460238,-0.011673799,0.004789718,-0.051640224,-0.4632960351198614,0.4105746045668518,-0.35721643002259096,0.0,0.0,2.5694481585389815,-0.09280302163358622,0.05976498461440771,-0.003122395656751653,0.0,0.0,0.0,0.7345775506387104,0.2898357193961556,0.05442769786055468,-2.434945803639339,-0.69113994,1.6435114,1.3097554,-0.35738403,1.2297581,-3.188045,16.697924,0.0017393669
figure_eight_depth,pid,34.7,-0.616269,-0.032895338,-0.9140673,-0.0038885707,-0.0045644124,2.6189895,0.1686455,-0.07152651,-0.004611277,-0.010792585,0.0044827536,-0.048850518,-0.4725507648690539,0.41646062035504966,-0.35753199617881326,0.0,0.0,2.580893483924938,-0.09228988151743778,0.05795102709821309,-0.0031889130457374293,0.0,0.0,0.0,0.7295939155386897,0.29129663626881735,0.038095983695911606,-2.4400315139277255,-0.6319534,1.5757746,1.3231633,-0.3793422,1.2451411,-3.1727931,16.394085,0.0017077172
figure_eight_depth,pid,34.800000000000004,-0.62831825,-0.018614808,-0.9144222,-0.0048542684,-0.004165046,2.61439,0.17567116,-0.063584186,-0.004598328,-0.009866919,0.0041724886,-0.045979332,-0.4817536741017154,0.4221639627510076,-0.3578542097178422,0.0,0.0,2.5927890110602765,-0.09176662077595155,0.05611165034638543,-0.0032553430091009083,0.0,0.0,0.0,0.7249379581846159,0.2930048866221658,0.021600885332545783,-2.446070164941441,-0.5756132,1.5072471,1.336443,-0.40480903,1.2599934,-3.15794,16.113243,0.0016784627
figure_eight_depth,pid,34.9,-0.6412932,-0.0046265116,-0.91477567,-0.005727954,-0.0037997742,2.6100857,0.18249331,-0.055588428,-0.004564374,-0.008916122,0.0038615996,-0.043021504,-0.4909037536151404,0.4276821300802531,-0.35818306180603077,0.0,0.0,2.6051504257150064,-0.09123329679039394,0.05424766117020918,-0.003321683725548974,0.0,0.0,0.0,0.7206268705773693,0.29494366967947844,0.004935300069295323,-2.4530612615581013,-0.52208674,1.4380672,1.3497586,-0.43377823,1.2742301,-3.1435747,15.856348,0.0016517029
figure_eight_depth,pid,35.0,-0.65518415,0.009061128,-0.91512764,-0.0065091467,-0.003466914,2.6060867,0.18910436,-0.047564857,-0.004510664,-0.007963883,0.003557614,-0.03997134,-0.4999999999999998,0.43301270189221924,-0.3585185434277329,0.0,0.0,2.6179938803658054,-0.09068996804575957,0.05235987717691626,-0.003387933376397534,0.0,0.0,0.0,0.7166803598844019,0.29710449480194767,-0.011907149408774131,-2.4610007590330714,-0.47126362,1.368219,1.3632925,-0.46633708,1.2877644,-3.129788,15.624059,0.0016275062
figure_eight_depth,pid,35.1,-0.6699772,0.022440722,-0.91547793,-0.0071987994,-0.0031646637,2.6024024,0.19548124,-0.039552514,-0.004438629,-0.007024261,0.0032622537,-0.036822442,-0.5090414157503712,0.43815334002193174,-0.35886064538555046,0.0,0.0,2.6313359619948917,-0.09013669412410996,0.050449126411000744,-0.0034540901452939643,0.0,0.0,0.0,0.7131199805307411,0.2994643037599447,-0.02893351334071692,-2.469885511486501,-0.42308658,1.2977353,1.3771778,-0.5025291,1.3005205,-3.1166587,15.417189,0.0016059572
figure_eight_depth,pid,35.2,-0.6856568,0.035505336,-0.9158264,-0.007799494,-0.0028908367,2.5990436,0.20161763,-0.03157462,-0.0043499046,-0.006113242,0.0029799894,-0.033567537,-0.5180270093731304,0.4431017896156074,-0.3592093583005854,0.0,0.0,2.6451936501812874,-0.08957353569816195,0.04851624699081514,-0.0035201522186056877,0.0,0.0,0.0,0.7099698023917762,0.30200584392306423,-0.04615004246949539,-2.479711483500075,-0.3775084,1.2266722,1.3914951,-0.5423314,1.3124253,-3.1042643,15.236536,0.0015871391
figure_eight_depth,pid,35.300000000000004,-0.702205,0.048249852,-0.91617256,-0.008314542,-0.0026429764,2.5960217,0.2075101,-0.023669042,-0.0042461795,-0.005237831,0.0027142244,-0.030199375,-0.5269557954966776,0.4478558801197065,-0.35956467261269714,0.0,0.0,2.659584264005348,-0.08900055452465416,0.04656208674128082,-0.0035861177851426174,0.0,0.0,0.0,0.707254980226626,0.3047153009392712,-0.06356261178366829,-2.490333872601859,-0.33446953,1.1550937,1.4063314,-0.58570725,1.3234241,-3.0926611,15.082937,0.0015711393
figure_eight_depth,pid,35.4,-0.71949834,0.060690407,-0.91651535,-0.0087245405,-0.00243569,2.5933475,0.21237396,-0.016575662,-0.0041274894,-0.004170664,0.0022951085,-0.026720596,-0.5358267949789961,0.4524135262330095,-0.35992657858076416,0.0,0.0,2.6745253961747486,-0.08841781343760236,0.04458750282174129,-0.003651985036434713,0.0,0.0,0.0,0.7049633311855052,0.3069476308305636,-0.08117784673627204,-2.5014548266991783,-0.29460907,1.0833848,1.422086,-0.6333104,1.333746,-3.0816116,14.959136,0.0015582433
figure_eight_depth,pid,35.5,-0.73725706,0.0728639,-0.9168526,-0.008984105,-0.0023053328,2.5910332,0.21499822,-0.01130246,-0.0039947727,-0.0026520095,0.0015054459,-0.023132214,-0.5446390350150268,0.4567727288213003,-0.3602950662829517,0.0,0.0,2.690034832641517,-0.08782537634055565,0.042593361349568815,-0.00371775216673198,0.0,0.0,0.0,0.7030248753442961,0.30758245079118707,-0.09900161235037919,-2.5128401601507573,-0.25870156,1.0119863,1.439204,-0.6859193,1.3438135,-3.0706792,14.867741,0.001548723
figure_eight_depth,pid,35.6,-0.7551751,0.08479727,-0.9171814,-0.009059565,-0.0022827843,2.5890913,0.21512643,-0.007924839,-0.0038548198,-0.00079937716,0.00039992802,-0.01941531,-0.5533915492433439,0.4609315757942502,-0.3606701256169832,0.0,0.0,2.7061304558823918,-0.08722330820148949,0.04058053702157838,-0.003783417373004472,0.0,0.0,0.0,0.7013546823746248,0.3062158352823634,-0.11703915491803629,-2.5243369718078847,-0.22628061,0.94084036,1.4576452,-0.74308544,1.3538282,-3.059662,14.8076725,0.0015424658
figure_eight_depth,pid,35.7,-0.7729882,0.09650297,-0.9174989,-0.008940231,-0.0023824393,2.5875375,0.21305297,-0.0061210725,-0.0037176232,0.0011578723,-0.00085573836,-0.015546891,-0.5620833778521306,0.4648882429441257,-0.3610517463004175,0.0,0.0,2.7228301299530226,-0.08661167504370182,0.03854991272872477,-0.0038489788549422865,0.0,0.0,0.0,0.6998728280310804,0.3029759322935618,-0.13529260286867206,-2.5358199789086067,-0.19632347,0.8697539,1.4772301,-0.8037996,1.3638645,-3.0484962,14.776773,0.0015392472
figure_eight_depth,pid,35.800000000000004,-0.7904713,0.10798638,-0.9178033,-0.008631486,-0.002606073,2.5863886,0.20908712,-0.0056371456,-0.0035924676,0.0030600708,-0.0021335336,-0.011508677,-0.5707135676844319,0.4686409947459459,-0.36143991787093077,0.0,0.0,2.7401515653580013,-0.08599054393981787,0.0365023791701613,-0.003914434815177614,0.0,0.0,0.0,0.6985022660080099,0.29807158550516977,-0.15376297740634115,-2.547183283309341,-0.16789478,0.79860944,1.4978515,-0.8671368,1.3739754,-3.0371451,14.77351,0.0015389073
figure_eight_depth,pid,35.9,-0.80743366,0.11924904,-0.9180935,-0.008150362,-0.0029467577,2.585663,0.20350425,-0.0062678657,-0.0034866175,0.0047923345,-0.003344096,-0.007284722,-0.5792811723426785,0.4721881851187404,-0.3618346296866034,0.0,0.0,2.7581121618476736,-0.08535998300368552,0.03443883446160867,-0.003979783459229225,0.0,0.0,0.0,0.697168225544778,0.29171874029638206,-0.1724490816322195,-2.558339294645356,-0.14022523,0.7272903,1.5193907,-0.93232566,1.3841635,-3.025621,14.796684,0.0015413212
figure_eight_depth,pid,36.0,-0.8237151,0.13029064,-0.91836965,-0.0075215125,-0.003391843,2.5853806,0.19655725,-0.0078385305,-0.0034050667,0.0062801777,-0.004427687,-0.0028604018,-0.587785252292473,0.4755282581475767,-0.36223587092621157,0.0,0.0,2.776728827303971,-0.08472006138349197,0.03236018374208616,-0.004045022995474712,0.0,0.0,0.0,0.6957993109926185,0.2841360133667134,-0.19134827310475225,-2.569213921064687,-0.11263362,0.65571517,1.541756,-0.9986745,1.3944209,-3.013949,14.845308,0.0015463863
figure_eight_depth,pid,36.1,-0.83918,0.14111103,-0.9186331,-0.0067732455,-0.0039257347,2.5855625,0.18845627,-0.010217895,-0.0033506863,0.0074888365,-0.0053524417,0.0017783648,-0.5962248749656155,0.47865974876603345,-0.362643630589524,0.0,0.0,2.7960177711102707,-0.0840708492539366,0.030267338776507335,-0.00411015163542805,0.0,0.0,0.0,0.6943274586336006,0.2755188924259435,-0.2104553035351975,-2.5797515218054583,-0.08454416,0.58384085,1.5648779,-1.0655812,1.4047526,-3.0021434,14.918519,0.0015540124
figure_eight_depth,pid,36.2,-0.85371745,0.15171239,-0.9188861,-0.0059352196,-0.0045308745,2.586231,0.17941938,-0.013289764,-0.00332448,0.0084065,-0.006096536,0.00664293,-0.6045991148623747,0.481581283398829,-0.36305789749760353,0.0,0.0,2.8159942706893837,-0.0834124178082929,0.028161217555722207,-0.004175167593434281,0.0,0.0,0.0,0.6926892881669687,0.2660816852722903,-0.22976327741850966,-2.5899083037012334,-0.055431943,0.511635,1.5886912,-1.1324881,1.4151851,-2.990199,15.015352,0.0015640991
figure_eight_depth,pid,36.300000000000004,-0.8672379,0.1620994,-0.9191318,-0.005036372,-0.005189265,2.5874054,0.16963756,-0.016953316,-0.0033258735,0.009041698,-0.0066535063,0.0117069855,-0.6129070536529766,0.4842915805643156,-0.36347866029311365,0.0,0.0,2.8366724103667766,-0.082744839251081,0.02604274389411687,-0.004240069087141363,0.0,0.0,0.0,0.6908273434643784,0.2560202584998027,-0.24926696717524832,-2.5996506794695673,-0.024823798,0.4390326,1.6131545,-1.1989458,1.4257667,-2.9780889,15.134928,0.001576555
figure_eight_depth,pid,36.4,-0.87967,0.17227969,-0.9193738,-0.0041034417,-0.005883591,2.5891023,0.15927282,-0.021125011,-0.0033531634,0.009417351,-0.0070286226,0.016932487,-0.62114778027831,0.48678945143658003,-0.3639059074406297,0.0,0.0,2.858064792344242,-0.08206818678979655,0.023912847024437633,-0.004304854337222608,0.0,0.0,0.0,0.6886905940080128,0.2455092581259062,-0.2689625241252478,-2.608953560173845,0.00768926,0.36595657,1.638235,-1.2645892,1.4365649,-2.965768,15.276482,0.0015913001
figure_eight_depth,pid,36.5,-0.8909576,0.18226336,-0.9196163,-0.0031602303,-0.006597954,2.5913334,0.14846024,-0.025731323,-0.00340387,0.009563382,-0.0072351196,0.022280818,-0.6293203910498373,0.48907380036690284,-0.36433962722695534,0.0,0.0,2.8801822204047767,-0.08138253462708356,0.02177246118972853,-0.004369521567543222,0.0,0.0,0.0,0.6862352628032999,0.23470245565470266,-0.2888488311225501,-2.617801439838264,0.042457804,0.29231915,1.6639022,-1.3291252,1.4476597,-2.95318,15.439388,0.0016082696
figure_eight_depth,pid,36.6,-0.9010577,0.19206409,-0.91986346,-0.0022269504,-0.007318047,2.5941072,0.13732222,-0.030714996,-0.0034750963,0.009515807,-0.007288546,0.027713755,-0.6374239897486896,0.4911436253643443,-0.3647798077614436,0.0,0.0,2.903033357980804,-0.08068795795224126,0.01962252523390884,-0.004434069005188057,0.0,0.0,0.0,0.6834245935452005,0.2237481221594498,-0.3089262069493097,-2.626183511060832,0.07979169,0.2180391,1.6901379,-1.392307,1.459149,-2.9402502,15.623179,0.0016274145
figure_eight_depth,pid,36.7,-0.9099374,0.20169634,-0.92011964,-0.0013205751,-0.008031957,2.5974283,0.1259353,-0.036013465,-0.0035636085,0.009306795,-0.0072130407,0.033194866,-0.6454576877239507,0.4929980185352525,-0.36522643697632273,0.0,0.0,2.9266243635169458,-0.0799845329337856,0.017463982190046856,-0.0044984948806281455,0.0,0.0,0.0,0.6802298500991231,0.21275264861790932,-0.32919604167856686,-2.6340969645129957,0.11992462,0.1430123,1.7169025,-1.4539657,1.4711202,-2.9269135,15.827622,0.0016487107
figure_eight_depth,pid,36.800000000000004,-0.9175719,0.21117564,-0.9203889,-0.00045479485,-0.008729878,2.6012983,0.11436746,-0.04157203,-0.0036661685,0.00896864,-0.0070303106,0.038689997,-0.6534206039901054,0.4946361664814941,-0.3656795026270271,0.0,0.0,2.95095850751797,-0.07927233670956824,0.015297778866357747,-0.004562797427554166,0.0,0.0,0.0,0.6766300846742249,0.20182009585080826,-0.3496601753036144,-2.6419126873562835,0.16305995,0.067146875,1.7441676,-1.5139607,1.4836663,-2.9130974,16.052696,0.0016721558
figure_eight_depth,pid,36.9,-0.9239483,0.22051986,-0.920675,0.00035947558,-0.009402986,2.6057158,0.10271781,-0.04733099,-0.0037794872,0.008528323,-0.006751164,0.04416814,-0.6613118653236514,0.4960573506572389,-0.3661389922925331,0.0,0.0,2.976035777370242,-0.07855144738067033,0.013124865431285437,-0.004626974883070734,0.0,0.0,0.0,0.672613531669376,0.1910868184620491,-0.3703200257222927,-2.6496813818782607,0.2094097,-0.009630812,1.7719158,-1.5721369,1.4968861,-2.8987215,16.2985,0.0016977604
figure_eight_depth,pid,37.0,-0.92905986,0.22974797,-0.92098135,0.0011143229,-0.010044364,2.6106758,0.09103601,-0.053247094,-0.0039004567,0.008014869,-0.006395961,0.049601614,-0.6691306063588579,0.49726094768413664,-0.3666048933756995,0.0,0.0,3.0018524778619025,-0.07782194400002274,0.010946194996391823,-0.004691025487724154,0.0,0.0,0.0,0.6681763740704879,0.18064996795506735,-0.39117666609432433,-2.6569652156730004,0.25910833,-0.08738904,1.8001277,-1.6284084,1.5108702,-2.883711,16.565468,0.0017255694
figure_eight_depth,pid,37.1,-0.9329062,0.2388799,-0.92131084,0.001804409,-0.010648636,2.616172,0.079368755,-0.059278257,-0.0040261257,0.007452917,-0.0059814686,0.054966666,-0.6768759696826606,0.49824642962475213,-0.36707719310361275,0.0,0.0,3.0284008372792193,-0.07708390656635533,0.008762723198579847,-0.004754947485585692,0.0,0.0,0.0,0.6633230105460641,0.17060932440558466,-0.4122287620076128,-2.663785738617285,0.31226304,-0.1661787,1.8287829,-1.6826986,1.5257045,-2.867993,16.854204,0.0017556461
figure_eight_depth,pid,37.2,-0.9354912,0.24793561,-0.92166585,0.002426575,-0.011212037,2.6221957,0.06774274,-0.065383926,-0.0041537345,0.0068630883,-0.0055253142,0.060243573,-0.6845471059286887,0.49901336421413583,-0.36755587852793714,0.0,0.0,3.0556686308613505,-0.07633741601376087,0.0065754077808455325,-0.0048187391241405475,0.0,0.0,0.0,0.6580659827351716,0.1610517930970586,-0.4334729101887431,-2.6701693570014466,0.3689383,-0.24603952,1.8578553,-1.7349565,1.5414624,-2.8515031,17.165527,0.0017880759
figure_eight_depth,pid,37.300000000000004,-0.9368248,0.2569357,-0.9220482,0.0029793899,-0.011731611,2.6287365,0.056203283,-0.071522675,-0.004280716,0.006261494,-0.005037016,0.0654166,-0.692143173870407,0.49956141504942914,-0.36804093652527003,0.0,0.0,3.0836388352004165,-0.07558255420320181,0.0043852081719197855,-0.004882398654482145,0.0,0.0,0.0,0.6524265492835538,0.1520850939546947,-0.4549023392287368,-2.676140274854109,0.42919546,-0.3269819,1.8873252,-1.7851117,1.5582138,-2.8341773,17.500336,0.0018229518
figure_eight_depth,pid,37.4,-0.93692225,0.26590168,-0.92245924,0.00346301,-0.012205122,2.635783,0.044791073,-0.077660024,-0.004404741,0.0056628482,-0.004525158,0.070473656,-0.6996633405133652,0.4998903417374228,-0.36853235379750127,0.0,0.0,3.1122893286214133,-0.07481940391390607,0.002193085065743672,-0.004945924331450913,0.0,0.0,0.0,0.6464344384808197,0.14381751641262863,-0.4765063715443869,-2.6817145203135118,0.49306527,-0.4089904,1.917173,-1.8330982,1.5760212,-2.8159559,17.859638,0.0018603789
figure_eight_depth,pid,37.5,-0.9358025,0.27485514,-0.92289966,0.0038789061,-0.01263126,2.6433227,0.033529688,-0.0837648,-0.0045237006,0.0050791726,-0.004000272,0.07540611,-0.7071067811865475,0.5000000000000001,-0.3690301168721783,0.0,0.0,-3.1415926535886687,-0.07404804883370808,-8.326672684688674e-14,-0.005009314413412236,0.0,0.0,0.0,0.6401276627820142,0.13634422156437945,-0.49826994736838365,-2.686899658816005,0.5605349,-0.49203157,1.9473693,-1.878866,1.5949328,-2.796789,18.244518,0.0019004705
figure_eight_depth,pid,37.6,-0.9334885,0.28381726,-0.9233697,0.00422938,-0.01300942,2.6513429,0.022442285,-0.089802064,-0.004635686,0.0045177457,-0.0034705033,0.08020844,-0.7144726796328031,0.49989034173742275,-0.36953421210287485,0.0,0.0,-3.1116694496972546,-0.07326857355066663,-0.0021930850657714274,-0.005072567162450747,0.0,0.0,0.0,0.6335528820590917,0.12975396908888456,-0.5201729886774002,-2.691697792610255,0.63156664,-0.5760514,1.9778745,-1.9223592,1.6149831,-2.7766383,18.656055,0.001943339
figure_eight_depth,pid,37.7,-0.9300071,0.292809,-0.923869,0.0045173746,-0.013339388,2.65983,0.011558084,-0.09573943,-0.0047390303,0.003984048,-0.0029407365,0.08487764,-0.721760228098362,0.49956141504942914,-0.37004462566956553,0.0,0.0,-3.081164879691127,-0.07248106354285078,-0.00438520817189203,-0.005135680844536861,0.0,0.0,0.0,0.6267653227106088,0.12413029353605257,-0.542190334104671,-2.696109428237305,0.7061051,-0.660966,2.0086489,-1.9635097,1.6361973,-2.7554703,19.09526,0.0019890892
figure_eight_depth,pid,37.800000000000004,-0.9253883,0.30185032,-0.9243969,0.004746273,-0.013621594,2.668771,0.0008907,-0.10154583,-0.0048323157,0.003481608,-0.002418175,0.08941276,-0.7289686274214117,0.49901336421413583,-0.3705613435790047,0.0,0.0,-3.0501229733304673,-0.0716856051694581,-0.006575407780901044,-0.00519865372927697,0.0,0.0,0.0,0.6198287974322961,0.11952755308937135,-0.5642913053304428,-2.700138316669155,0.78405225,-0.7466731,2.0396385,-2.0022595,1.6585846,-2.7332664,19.563076,0.0020378202
figure_eight_depth,pid,37.9,-0.91966254,0.31095988,-0.92495215,0.004920029,-0.013857356,2.6781523,-0.009565283,-0.10720072,-0.004914408,0.0030154043,-0.0019123778,0.09381433,-0.736097087119734,0.49824642962475224,-0.37108435166510967,0.0,0.0,-3.0185931142682376,-0.07088228566182186,-0.008762723198635358,-0.005261484090385293,0.0,0.0,0.0,0.6128148696041598,0.11597385232868831,-0.5864398701421838,-2.7037940631563915,0.8652681,-0.8330455,2.0707846,-2.0385618,1.6821444,-2.7100146,20.060326,0.0020896173
figure_eight_depth,pid,38.0,-0.9128616,0.32015547,-0.9255334,0.005042945,-0.01404847,2.6879609,-0.019807434,-0.11268453,-0.00498437,0.0025883177,-0.0014285793,0.098084,-0.743144825477394,0.4972609476841367,-0.37161363558934973,0.0,0.0,-2.9866297494408407,-0.07007119311269738,-0.010946194996391823,-0.005324170205184275,0.0,0.0,0.0,0.6058029788088085,0.11347797316342471,-0.6085946946253424,-2.7070927862600467,0.94960314,-0.919928,2.1020257,-2.0723505,1.7068689,-2.6857092,20.587599,0.0021445416
figure_eight_depth,pid,38.1,-0.9050199,0.32945427,-0.9261389,0.0051193684,-0.014196729,2.6981835,-0.029817827,-0.11797513,-0.0050414368,0.0022003336,-0.0009670983,0.10222427,-0.7501110696304595,0.49605735065723894,-0.3721491808411387,0.0,0.0,-2.9542919680564155,-0.06925241646765778,-0.013124865431229926,-0.005386710355187452,0.0,0.0,0.0,0.5988805467105448,0.11202135590535121,-0.6307098025936304,-2.710057487413656,1.0369068,-1.00714,2.133301,-2.1035342,1.732742,-2.6603503,21.145195,0.0022026245
figure_eight_depth,pid,38.2,-0.8961732,0.3388722,-0.9267665,0.005153649,-0.014304226,2.708808,-0.039592408,-0.123053595,-0.0050850566,0.0018510817,-0.0005311074,0.106237926,-0.7569950556517563,0.49463616648149417,-0.3726909727382328,0.0,0.0,-2.921642952867449,-0.06842604551471343,-0.015297778866329992,-0.005449102825821894,0.0,0.0,0.0,0.5921424417992895,0.11154742132580356,-0.6527344090606724,-2.712715522393239,1.1234972,-1.0909888,2.1610415,-2.1285331,1.7597353,-2.633949,21.68761,0.0022591262
figure_eight_depth,pid,38.300000000000004,-0.8863608,0.34842482,-0.9274141,0.0051502204,-0.014372645,2.7198184,-0.04910037,-0.12789983,-0.005114864,0.0015405975,-0.00011680092,0.11009382,-0.7637960286346421,0.4929980185352525,-0.37323899642713376,0.0,0.0,-2.888749312538939,-0.0675921708748195,-0.017463982190046856,-0.005511345906511478,0.0,0.0,0.0,0.5856907075990954,0.1119740122981741,-0.674617640987693,-2.7150991387472594,1.2112911,-1.1733352,2.187273,-2.149317,1.7878236,-2.606513,22.237892,0.002316447
figure_eight_depth,pid,38.400000000000006,-0.8756227,0.3581259,-0.9280792,0.005113354,-0.014404164,2.731198,-0.05834607,-0.13249704,-0.0051307008,0.001266868,0.00027083716,0.113787055,-0.7705132427757894,0.4911436253643443,-0.3737932368834951,0.0,0.0,-2.855680310006781,-0.06675088399171747,-0.019622525233881083,-0.005573437890898925,0.0,0.0,0.0,0.5796331838503015,0.11318786833387676,-0.6963069247393341,-2.7172451364837107,1.3013645,-1.2552558,2.2132146,-2.167106,1.8169585,-2.578071,22.811672,0.0023762158
figure_eight_depth,pid,38.5,-0.86399734,0.36798698,-0.92875934,0.005047071,-0.014401659,2.7429323,-0.067348406,-0.13683233,-0.0051325965,0.0010273042,0.0006249887,0.11732692,-0.7771459614569706,0.4890738003669029,-0.3743536789125348,0.0,0.0,-2.822507007400937,-0.06590227712194308,-0.02177246118972853,-0.0056353770766515154,0.0,0.0,0.0,0.5740825845574856,0.11507005134321985,-0.7177459801375365,-2.7191920538206498,1.3934757,-1.336526,2.2387862,-2.1818368,1.8470806,-2.5486648,23.40805,0.0024383387
figure_eight_depth,pid,38.6,-0.85152334,0.3780178,-0.92945206,0.0049550557,-0.0143682,2.755006,-0.07611206,-0.14089242,-0.0051207286,0.0008186082,0.0009438893,0.12072158,-0.7836934573258396,0.48678945143658015,-0.37492030714945157,0.0,0.0,-2.7893013528984243,-0.06504644332483434,-0.02391284702446539,-0.00569716176571089,0.0,0.0,0.0,0.5691551888876034,0.11750319059333768,-0.7388778793757667,-2.7209804339428922,1.4873952,-1.4169062,2.2639215,-2.1934323,1.8781253,-2.5183403,24.025848,0.0025026922
figure_eight_depth,pid,38.7,-0.8382414,0.38822687,-0.9301548,0.0048404783,-0.014306461,2.7674055,-0.08461856,-0.1446601,-0.00509542,0.0006357571,0.0012317133,0.12397807,-0.7901550123756904,0.4842915805643156,-0.3754931060598461,0.0,0.0,-2.7561352382280493,-0.06418347645215094,-0.026042743894172382,-0.005758790264209779,0.0,0.0,0.0,0.5649693132774016,0.12036656508278697,-0.7596445590028067,-2.7226540344373684,1.5829136,-1.4961407,2.2885647,-2.2017918,1.9100238,-2.4871483,24.663567,0.0025691215
figure_eight_depth,pid,38.800000000000004,-0.82419455,0.3986216,-0.930865,0.0047062044,-0.01421874,2.7801175,-0.09284657,-0.14812441,-0.0050571873,0.00047584466,0.0014924679,0.12710215,-0.7965299180241965,0.481581283398829,-0.3760720599401468,0.0,0.0,-2.7230795573741386,-0.06331347113808228,-0.028161217555666695,-0.005820260882527517,0.0,0.0,0.0,0.5616429807003563,0.12354737674770347,-0.7799882380561807,-2.7242590529506248,1.6798178,-1.573966,2.312672,-2.2068202,1.9427035,-2.4551432,25.319489,0.0026374466
figure_eight_depth,pid,38.900000000000006,-0.80942696,0.40920848,-0.93158007,0.0045548948,-0.014107209,2.7931294,-0.10078273,-0.15127845,-0.0050067096,0.00033696185,0.0017276035,0.13009845,-0.8028174751911148,0.47865974876603345,-0.3766571529180406,0.0,0.0,-2.69020329689565,-0.0624365227883672,-0.03026733877647958,-0.005881571935484331,0.0,0.0,0.0,0.5592911627818364,0.12694442197140124,-0.7998525661616223,-2.7258438026692953,1.7778841,-1.6501229,2.336203,-2.208442,1.9760866,-2.422386,25.99171,0.0027074695
figure_eight_depth,pid,39.0,-0.79398334,0.41999328,-0.93229765,0.0043892236,-0.013974068,2.8064287,-0.108419776,-0.1541233,-0.004944799,0.00021936063,0.0019370914,0.13297053,-0.8090169943749473,0.4755282581475768,-0.37724836895290803,0.0,0.0,-2.6575726864299996,-0.06155272757035757,-0.03236018374211391,-0.005942721742174806,0.0,0.0,0.0,0.55802315853568,0.13047518570070363,-0.8191839498664086,-2.7274573079929065,1.8768847,-1.7243565,2.3591285,-2.2066004,2.0100946,-2.3889394,26.678185,0.0027789779
figure_eight_depth,pid,39.1,-0.7779069,0.43098056,-0.93301535,0.0042118193,-0.013821913,2.8200028,-0.11576829,-0.15666132,-0.0048723565,0.00012276816,0.0021172771,0.13572122,-0.8151277957285543,0.4721881851187405,-0.3778456918362628,0.0,0.0,-2.625250434365293,-0.060662182402138054,-0.03443883446160867,-0.006003708626162174,0.0,0.0,0.0,0.5579397898262036,0.13407571870349633,-0.837932078548546,-2.7291485097966723,1.9765803,-1.7964313,2.3814173,-2.2012684,2.0446427,-2.3548737,27.376759,0.0028517458
figure_eight_depth,pid,39.2,-0.7612402,0.44217402,-0.933731,0.004025254,-0.013653413,2.8338401,-0.122830264,-0.158897,-0.004790338,4.6885787e-05,0.0022677293,0.1383527,-0.8211492091337043,0.4686409947459456,-0.3784491051921963,0.0,0.0,-2.5932950688631524,-0.059764984941979016,-0.0365023791701613,-0.0060645309154228055,0.0,0.0,0.0,0.559131108504855,0.1376927581148146,-0.85605010655679,-2.73096551467089,2.0767488,-1.8661138,2.4030547,-2.1924198,2.079647,-2.3202589,28.085178,0.0029255394
figure_eight_depth,pid,39.300000000000004,-0.74402636,0.45357674,-0.93444264,0.0038319216,-0.013470982,2.847929,-0.12959473,-0.16083363,-0.0046997545,-9.777549e-06,0.00239136,0.14086671,-0.8270805742745616,0.46488824294412584,-0.3790585924778266,0.0,0.0,-2.5617603986612703,-0.058861233577789385,-0.03854991272869701,-0.006125186942512739,0.0,0.0,0.0,0.5616737412111881,0.1412747886666223,-0.8734959076638237,-2.7329564482916786,2.177275,-1.9332588,2.423967,-2.179951,2.1150975,-2.2850935,28.80111,0.003000115
figure_eight_depth,pid,39.400000000000006,-0.7263074,0.46519074,-0.9351483,0.0036340528,-0.013277214,2.8622577,-0.13606878,-0.16247647,-0.0046016844,-4.8544473e-05,0.0024866757,0.14326458,-0.8329212407100994,0.46093157579425026,-0.3796741369837519,0.0,0.0,-2.530695101941046,-0.05795102741595892,-0.04058053702149511,-0.006185675044456662,0.0,0.0,0.0,0.5656290282126538,0.14478780678230757,-0.8902324861986239,-2.735168410512797,2.2779965,-1.9977088,2.444117,-2.163829,2.150944,-2.2494166,29.52241,0.0030752511
figure_eight_depth,pid,39.5,-0.7081259,0.47701812,-0.9358464,0.0034338445,-0.013074337,2.8768146,-0.14223787,-0.1638362,-0.004497239,-6.939316e-05,0.0025577187,0.14554738,-0.8386705679454236,0.45677272882130077,-0.38029572183450855,0.0,0.0,-2.5001424455529424,-0.057034466270977635,-0.04259336134959657,-0.006245993563080976,0.0,0.0,0.0,0.5710414450424119,0.14819751496217073,-0.9062282578211021,-2.7376486628082395,2.3787432,-2.0592608,2.4635394,-2.144057,2.1871045,-2.213302,30.247112,0.0031507409
figure_eight_depth,pid,39.6,-0.68952215,0.48906028,-0.93653536,0.003233475,-0.012864949,2.8915882,-0.1481179,-0.16492623,-0.00438756,-7.219039e-05,0.0026011195,0.14771612,-0.8443279255020147,0.45241352623301,-0.38092332998903405,0.0,0.0,-2.4701401312640896,-0.05611165065405599,-0.044587502821630265,-0.006306140844597463,0.0,0.0,0.0,0.5779381800067427,0.15149336727967844,-0.9214569648559261,-2.7404416694035145,2.4793239,-2.117748,2.4822598,-2.120684,2.2234912,-2.1768286,30.973312,0.003226387
figure_eight_depth,pid,39.7,-0.67053705,0.5013185,-0.937214,0.0030349046,-0.012651251,2.9065673,-0.15369539,-0.16575645,-0.0042737676,-5.869186e-05,0.0026212803,0.14977185,-0.8498926929868638,0.44785588011970656,-0.3815569442411336,0.0,0.0,-2.440720261007903,-0.055182681762300234,-0.04656208674128082,-0.006366115240075132,0.0,0.0,0.0,0.5863288162059376,0.15464936970040602,-0.9358977110428992,-2.7435918972244044,2.579594,-2.1730042,2.5003312,-2.0937414,2.2600205,-2.1400754,31.699276,0.003302008
figure_eight_depth,pid,39.800000000000004,-0.65121096,0.51379424,-0.9378813,0.0028401257,-0.012435351,2.921741,-0.15896747,-0.16634516,-0.004157013,-2.8201866e-05,0.002619458,0.15171562,-0.8553642601605066,0.4431017896156074,-0.3821965472199526,0.0,0.0,-2.411909409377428,-0.054247661467665687,-0.04851624699081514,-0.0064259151053014385,0.0,0.0,0.0,0.5962059424652046,0.15765480940797383,-0.9495348890436139,-2.7471417072767825,2.679406,-2.2248826,2.5178134,-2.0632899,2.296611,-2.1031191,32.4234,0.0033774376
figure_eight_depth,pid,39.900000000000006,-0.63158387,0.52648914,-0.9385363,0.0026510332,-0.012219235,2.9370975,-0.1639299,-0.16670933,-0.0040384284,1.8688483e-05,0.0025972542,0.15354867,-0.8607420270039438,0.4381533400219317,-0.38284212139045215,0.0,0.0,-2.383728788998361,-0.05330669230557694,-0.05044912641094523,-0.006485538800782287,0.0,0.0,0.0,0.6075464422213308,0.1604989626659736,-0.9623589687427485,-2.7511325796462023,2.778631,-2.2732594,2.5347753,-2.0294037,2.333183,-2.0660367,33.144314,0.0034525327
figure_eight_depth,pid,40.0,-0.611694,0.5394045,-0.9391784,0.002469317,-0.0120051,2.9526267,-0.16859314,-0.1668643,-0.0039191307,8.0321464e-05,0.0025529938,0.1552725,-0.8660254037844384,0.4330127018922196,-0.3834936490538903,0.0,0.0,-2.356194492933718,-0.05235987746399218,-0.05235987717691626,-0.006544984691991829,0.0,0.0,0.0,0.6203138250536239,0.16318189308149256,-0.9743641090761905,-2.7556029713125554,2.8771346,-2.3180385,2.5512762,-1.99218,2.369655,-2.028909,33.860733,0.0035271598
figure_eight_depth,pid,40.1,-0.5915791,0.55254203,-0.9398072,0.0022966256,-0.011794938,2.9683173,-0.17295313,-0.16683103,-0.0038001866,0.00015670729,0.0024890364,0.15688874,-0.8712138111201894,0.42768213008025346,-0.384151112348307,0.0,0.0,-2.3293177977696113,-0.05140732077202337,-0.05424766117043123,-0.006604251149122664,0.0,0.0,0.0,0.6344598014025898,0.16569931047712166,-0.985550239131044,-2.7605671410372503,2.974812,-2.359129,2.5673995,-1.9517165,2.4059517,-1.9918102,34.571644,0.0036012132
figure_eight_depth,pid,40.2,-0.57130593,0.5658972,-0.9404221,0.0021306397,-0.011584514,2.984159,-0.17673029,-0.1665138,-0.0036827126,0.00020861813,0.0024680332,0.15840086,-0.8763066800438636,0.42216396275100754,-0.38481449324901407,0.0,0.0,-2.303105511402119,-0.05044912668761281,-0.05611165034638543,-0.006663336547307885,0.0,0.0,0.0,0.6499111789867176,0.16776308034283854,-0.9959208030101332,-2.766027100341971,3.07146,-2.3967292,2.58296,-1.9082291,2.4419503,-1.9548646,35.275814,0.003674564
figure_eight_depth,pid,40.300000000000004,-0.55098164,0.5794524,-0.9410223,0.001963692,-0.011362568,3.0001419,-0.17953444,-0.16574882,-0.0035688824,0.0001820196,0.0025599715,0.15981287,-0.8813034520649924,0.4164606203550496,-0.38548377356908886,0.0,0.0,-2.277560350575492,-0.049485400288096226,-0.05795102709824085,-0.006722239266815366,0.0,0.0,0.0,0.6665597095468321,0.1689469125252832,-1.0054830975495295,-2.771983891658663,3.1668665,-2.431091,2.5977378,-1.8619622,2.4774609,-1.9182622,35.971935,0.0037470765
figure_eight_depth,pid,40.400000000000006,-0.53074867,0.5931742,-0.94160646,0.0017842868,-0.011113696,3.016256,-0.18101871,-0.16437903,-0.0034623288,3.6913676e-05,0.00280513,0.16112797,-0.886203579231215,0.41057460456685174,-0.38615893495987336,0.0,0.0,-2.252681334730263,-0.048516247256880085,-0.05976498461429669,-0.0067809576927702064,0.0,0.0,0.0,0.6842607473402762,0.1688550104565849,-1.0142478784704416,-2.7784334069543184,3.2619483,-2.4612517,2.612744,-1.8120475,2.5122523,-1.8822359,36.66224,0.0038189825
figure_eight_depth,pid,40.5,-0.5107788,0.6070117,-0.9421732,0.0015785662,-0.010820989,3.0324926,-0.18088591,-0.16225958,-0.0033679209,-0.00025277605,0.0032167584,0.16234888,-0.8910065241883678,0.40450849718747384,-0.38683995891147693,0.0,0.0,-2.2284641844984177,-0.04754177387233938,-0.061552727232877524,-0.006839490215293509,0.0,0.0,0.0,0.7028340209011766,0.16713641323835565,-1.022228485046892,-2.7853613026995365,3.3567197,-2.4870603,2.62819,-1.7585305,2.5460646,-1.8470507,37.34689,0.0038903009
figure_eight_depth,pid,40.6,-0.49127057,0.6208964,-0.942721,0.0013318561,-0.010467013,3.048842,-0.17885305,-0.15926829,-0.003291497,-0.0006979757,0.0037978184,0.16347788,-0.8957117602394129,0.3982649590120981,-0.387526826753284,0.0,0.0,-2.2049017151559154,-0.04656208699660436,-0.06331347079091554,-0.006897835229724425,0.0,0.0,0.0,0.7220651031250213,0.16346630180684876,-1.0294416387460832,-2.792759815402537,3.4511094,-2.5083745,2.644293,-1.7015582,2.5786276,-1.8129847,38.02592,0.003961033
figure_eight_depth,pid,40.7,-0.4724262,0.6347488,-0.9432486,0.0010326027,-0.010038907,3.065295,-0.17484966,-0.15538648,-0.0032394764,-0.0012704199,0.004500179,0.16451587,-0.9003187714021936,0.3918467286629197,-0.3882195196544657,0.0,0.0,-2.181984217217816,-0.045577294063348095,-0.06504644296811968,-0.006955991136536888,0.0,0.0,0.0,0.7417215008068822,0.15775448883710458,-1.0359061089589627,-2.8006381843238417,3.5447533,-2.5251756,2.6611557,-1.6415781,2.6097116,-1.7802783,38.698303,0.004031073
figure_eight_depth,pid,40.800000000000004,-0.45441425,0.6484883,-0.94375575,0.00067634037,-0.009535254,3.0818427,-0.16916509,-0.15072754,-0.0032173137,-0.0019014499,0.005207392,0.16546273,-0.9048270524660194,0.38525662138789485,-0.38891801862449615,0.0,0.0,-2.15969981825065,-0.04458750306612913,-0.06675088362567694,-0.007013956341367367,0.0,0.0,0.0,0.7615822380802253,0.15028662100214676,-1.0416428280250056,-2.808984768256718,3.636905,-2.5376842,2.6786492,-1.5794284,2.6391745,-1.7490892,39.361233,0.004100128
figure_eight_depth,pid,40.900000000000006,-0.4373747,0.6620336,-0.94424284,0.0002637447,-0.008961978,3.0984757,-0.16204193,-0.14538924,-0.0032279845,-0.0025399688,0.005845241,0.1663199,-0.9092361090470685,0.3784975278258783,-0.3896223045136734,0.0,0.0,-2.138034821617691,-0.043592822546734133,-0.06842604513954131,-0.007071729255014869,0.0,0.0,0.0,0.7814408653024959,0.14130923521870195,-1.0466747909055238,-2.817970492335265,3.726938,-2.5461082,2.6966684,-1.5158386,2.6669128,-1.7195336,40.011738,0.0041678897
figure_eight_depth,pid,41.0,-0.42142686,0.675304,-0.94471145,-0.0002009833,-0.008328545,3.1151857,-0.15364614,-0.13945535,-0.0032724335,-0.0031497695,0.006378405,0.16708982,-0.9135454576426005,0.3715724127386976,-0.3903323580136439,0.0,0.0,-2.116974019341359,-0.04259336158313198,-0.0700711927285047,-0.007129308293635228,0.0,0.0,0.0,0.8011053365077224,0.13100288699710277,-1.0510255502283636,-2.8276623480481717,3.8143582,-2.55061,2.715158,-1.4514098,2.6928537,-1.6916999,40.646923,0.0042340546
figure_eight_depth,pid,41.1,-0.40666956,0.68821925,-0.94516385,-0.0007112295,-0.0076467977,3.1319637,-0.14414406,-0.13300307,-0.0033500588,-0.0037051155,0.006783751,0.16777547,-0.9177546256839809,0.36448431371070616,-0.3910481596579324,0.0,0.0,-2.096500977525503,-0.04158922977742785,-0.0716856047764669,-0.0071866918786855916,0.0,0.0,0.0,0.8204001765545254,0.11954933814033143,-1.054720599795685,-2.8305265632519596,3.8987205,-2.551376,2.7340484,-1.386704,2.716945,-1.6656554,41.263706,0.004298303
figure_eight_depth,pid,41.2,-0.39318365,0.7006982,-0.94560295,-0.0012596704,-0.0069296057,-3.1343837,-0.13368097,-0.1260798,-0.003459039,-0.00419685,0.0070521645,0.16838057,-0.9218631515885004,0.3572363398164019,-0.39176968982247506,0.0,0.0,-2.076598293795815,-0.040580537244039316,-0.07326857314893243,-0.007243878436952178,0.0,0.0,0.0,0.8391658644393936,0.10710294550315821,-1.0577853846404643,-2.824022201547732,3.9796531,-2.5485997,2.7532647,-1.3222113,2.7391365,-1.6414667,41.858994,0.0043603117
figure_eight_depth,pid,41.300000000000004,-0.38103133,0.71265876,-0.9460325,-0.0018389801,-0.0061904704,-3.1174932,-0.12240921,-0.11872239,-0.0035966984,-0.004622669,0.007178591,0.168909,-0.9258705848099947,0.34983167025668277,-0.3924969287261581,0.0,0.0,-2.057247827017996,-0.03956739459742842,-0.0748194035036509,-0.007300866400578032,0.0,0.0,0.0,0.8572601491507343,0.09382941492338003,-1.060245325600412,-2.8177117140984986,4.0568175,-2.542489,2.7727175,-1.2583892,2.7593846,-1.619198,42.42953,0.004419743
figure_eight_depth,pid,41.400000000000006,-0.37025717,0.72401917,-0.94645643,-0.0024420219,-0.0054428736,-3.1005578,-0.11047178,-0.11096771,-0.003759741,-0.0049820426,0.007164522,0.16936444,-0.9297764858882515,0.3422735529643442,-0.39322985643135955,0.0,0.0,-2.0384309001854275,-0.03854991294011123,-0.07633741559520679,-0.007357654207312825,0.0,0.0,0.0,0.8745577317908557,0.07990592550415589,-1.0621269039222385,-2.811525071367443,4.12992,-2.5332494,2.7923274,-1.1956568,2.7776563,-1.5989012,42.972137,0.0044762646
figure_eight_depth,pid,41.5,-0.36089203,0.7346994,-0.9468791,-0.0030616953,-0.004699225,-3.0835843,-0.09797567,-0.102861494,-0.0039444254,-0.0052728904,0.0070219724,0.1697503,-0.9335804264972015,0.33456530317942945,-0.393968452844496,0.0,0.0,-2.020128477802963,-0.03752820385038991,-0.07782194357330852,-0.0074142403002352975,0.0,0.0,0.0,0.89094864698442,0.06552034044839337,-1.0634558308213045,-2.8053924610728362,4.198722,-2.5210483,2.8120487,-1.1343753,2.7939322,-1.5806174,43.483784,0.004529561
figure_eight_depth,pid,41.6,-0.3529552,0.74462247,-0.9473048,-0.0036910754,-0.003970445,-3.0665793,-0.08500683,-0.09445019,-0.004146783,-0.0054947007,0.0067671314,0.17006987,-0.9372819894918915,0.3267103019950529,-0.3947126977165739,0.0,0.0,-2.002321319407067,-0.03650237937047329,-0.07927233627522123,-0.007470623128003062,0.0,0.0,0.0,0.90633680294819,0.05093228058278948,-1.064258022481361,-2.799248241352621,4.263029,-2.5060422,2.8318498,-1.0748631,2.8082018,-1.5643775,43.961643,0.004579338
figure_eight_depth,pid,41.7,-0.3464531,0.75371414,-0.9477379,-0.0043237978,-0.003266531,-3.049549,-0.07166841,-0.08577235,-0.0043627843,-0.005651049,0.006410496,0.17032652,-0.9408807689542255,0.3187119948743448,-0.3954625706437441,0.0,0.0,-1.9849901110349135,-0.0354725519929322,-0.08068795750978963,-0.007526801144852602,0.0,0.0,0.0,0.9206406096774444,0.036687901338210996,-1.0645589917482896,-2.7930312922453306,4.322661,-2.4884129,2.8516724,-1.0174242,2.8204584,-1.5502083,44.402916,0.004625303
figure_eight_depth,pid,41.800000000000004,-0.34138215,0.7619036,-0.9481824,-0.0049540307,-0.0025960095,-3.0324993,-0.058036137,-0.07686786,-0.004588384,-0.005745395,0.005967966,0.1705234,-0.9443763702374811,0.310573890139155,-0.39621805106786145,0.0,0.0,-1.9681155765737637,-0.03443883465042985,-0.08206818633987867,-0.0075827728106825365,0.0,0.0,0.0,0.933790755000016,0.024348355514803424,-1.0643837367807285,-2.786691452905387,4.377482,-2.4683173,2.8714802,-0.9623158,2.8307014,-1.5381289,44.8051,0.004667198
figure_eight_depth,pid,41.900000000000006,-0.33772942,0.76912427,-0.94864225,-0.0055764457,-0.0019661167,-3.0154357,-0.044183627,-0.067777626,-0.004819609,-0.005781179,0.0054535256,0.17066357,-0.9477684100095859,0.302299557431187,-0.39697911827704846,0.0,0.0,-1.9516785709054778,-0.03340134070167755,-0.08341241735093652,-0.007638536590914846,0.0,0.0,0.0,0.9457299250442034,0.01920027963847919,-1.0637571247427156,-2.780195698810874,4.4273777,-2.4459178,2.8912332,-0.9097732,2.838937,-1.5281492,45.165905,0.0047047823
figure_eight_depth,pid,42.0,-0.33547485,0.77531433,-0.9491208,-0.0061861477,-0.0013825628,-2.9983637,-0.030164521,-0.0585445,-0.00505261,-0.005761367,0.004883443,0.1707499,-0.9510565162951535,0.2938926261462367,-0.3977457514062631,0.0,0.0,-1.935660156736326,-0.03236018391955531,-0.08472006091900242,-0.0076940909568556926,0.0,0.0,0.0,0.9564110586819206,0.026399967040781416,-1.0627035765553,-2.7735458386318217,4.4722695,-2.4213622,2.9109035,-0.85999626,2.8451788,-1.5202703,45.483406,0.0047378545
figure_eight_depth,pid,42.1,-0.33459094,0.7804171,-0.94962096,-0.0067786546,-0.00084996334,-2.9812882,-0.016038934,-0.049211923,-0.005283703,-0.0056889877,0.00426958,0.17078522,-0.9542403285162769,0.2853567838422158,-0.398517929437871,0.0,0.0,-1.9200416669410796,-0.031315478478510794,-0.0859905434683339,-0.007749434385362353,0.0,0.0,0.0,0.9657973994363894,0.039901373036305816,-1.0612465277152925,-2.766817254598183,4.5120854,-2.3948078,2.930449,-0.8131712,2.8494453,-1.5144833,45.7558,0.004766229
figure_eight_depth,pid,42.2,-0.33504453,0.78438073,-0.95014507,-0.00735013,-0.00037173677,-2.9642138,-0.0018536237,-0.039815847,-0.0055094655,-0.005569626,0.0036247508,0.17077239,-0.9573194975320674,0.2766957746216718,-0.39929563120222133,0.0,0.0,-1.904804754119811,-0.03026733894240241,-0.08722330772323317,-0.007804565359259552,0.0,0.0,0.0,0.9738610008571295,0.05531793604188406,-1.0594090939942027,-2.7602781428724734,4.546789,-2.36641,2.9498293,-0.7694501,2.8517575,-1.5107751,45.981697,0.0047897603
figure_eight_depth,pid,42.300000000000004,-0.33679628,0.7871584,-0.9506949,-0.007897362,4.9546652e-05,-2.947145,0.012339497,-0.030390402,-0.0057267207,-0.005408872,0.0029581545,0.17071413,-0.960293685676943,0.2679133974894986,-0.4000788353782273,0.0,0.0,-1.889931428946496,-0.029215880251565185,-0.08841781295260143,-0.007859482367034154,0.0,0.0,0.0,0.9805827271464149,0.0714043306566463,-1.0572135562524787,-2.754466075018053,4.576354,-2.3363316,2.9689932,-0.72897094,2.852139,-1.509125,46.15994,0.0048083263
figure_eight_depth,pid,42.400000000000006,-0.33980075,0.78870857,-0.9512717,-0.00841771,0.00041189656,-2.9300861,0.026483346,-0.020968506,-0.005932563,-0.0052119293,0.0022761908,0.17061308,-0.9631625667976581,0.2590135046865652,-0.4008675204939509,0.0,0.0,-1.8754040887741354,-0.02816121771015423,-0.08957353520702704,-0.007914183903112715,0.0,0.0,0.0,0.9859521261938193,0.08773029782907689,-1.0546820470901224,-2.748916382917382,4.6007657,-2.3047457,2.9878783,-0.6918581,2.8506203,-1.509503,46.289616,0.0048218346
figure_eight_depth,pid,42.5,-0.34400764,0.7889948,-0.95187604,-0.008909143,0.00071408553,-2.9130409,0.04053332,-0.011578832,-0.0061243954,-0.0049845376,0.0015869805,0.1704718,-0.9659258262890681,0.25000000000000067,-0.40166166492719113,0.0,0.0,-1.8612055378154075,-0.027103466973821266,-0.09068996754844905,-0.007968668467833728,0.0,0.0,0.0,0.9899664009647255,0.1040995099488806,-1.0518353385731423,-2.7432745876756286,4.6200366,-2.271813,3.0064287,-0.65820473,2.847232,-1.5118749,46.370216,0.004830231
figure_eight_depth,pid,42.6,-0.3493627,0.78798556,-0.9525079,-0.009370212,0.0009555884,-2.896013,0.05444899,-0.0022472031,-0.0062999297,-0.004732289,0.0008979226,0.17029274,-0.968583161128631,0.24087683705085808,-0.4024612469060773,0.0,0.0,-1.8473190000757365,-0.026042744036947063,-0.09176662027279847,-0.008022934567530893,0.0,0.0,0.0,0.9926294733388823,0.12039773154884109,-1.0486940213933797,-2.7373047967466198,4.634197,-2.2376928,3.0245893,-0.62808496,2.8420076,-1.5162001,46.401554,0.0048334952
figure_eight_depth,pid,42.7,-0.35580721,0.78565544,-0.95316666,-0.009799731,0.0011362772,-2.8790061,0.06818273,0.006994836,-0.006457149,-0.004457703,0.00021325299,0.17007811,-0.971134279909636,0.2316480175599311,-0.40326624450966564,0.0,0.0,-1.8337281261036162,-0.024979165219762844,-0.09280302112454897,-0.008076980714366577,0.0,0.0,0.0,0.9939527608028381,0.1365334197797335,-1.0452780212810273,-2.7309005534572757,4.64328,-2.2025518,3.0422952,-0.60156703,2.8349898,-1.5224246,46.383667,0.0048316326
figure_eight_depth,pid,42.800000000000004,-0.3632795,0.78198504,-0.95385116,-0.0101966895,0.0012565675,-2.8620236,0.0816969,0.01611524,-0.00659436,-0.00416255,-0.00046138116,0.16983004,-0.9735789028731603,0.2223175895924638,-0.40407663566854,0.0,0.0,-1.8204169944944162,-0.023912847155582728,-0.09379871550409258,-0.008130805426775911,0.0,0.0,0.0,0.9939542558445359,0.15243640202703554,-1.041606597500823,-2.724018088891607,4.6473393,-2.166547,3.0594885,-0.57869637,2.8262267,-1.5304863,46.316994,0.0048246873
figure_eight_depth,pid,42.900000000000006,-0.3717161,0.7769602,-0.9545596,-0.010560369,0.0013175643,-2.8450682,0.09496501,0.025087014,-0.0067102155,-0.0038498554,-0.0011189169,0.16955066,-0.9759167619387474,0.21288964578253616,-0.40489239816541756,0.0,0.0,-1.8073701089758707,-0.022843906778258205,-0.09475326666692763,-0.008184407228967183,0.0,0.0,0.0,0.9926570749114438,0.16805596435004613,-1.0376981073479818,-2.7166434999495985,4.646448,-2.1298244,3.076117,-0.55949306,2.815766,-1.5403202,46.202286,0.0048127384
figure_eight_depth,pid,43.0,-0.38105184,0.7705721,-0.95528996,-0.010890401,0.0013209019,-2.8281431,0.107958354,0.03388734,-0.0068037,-0.00352332,-0.0017539461,0.16924207,-0.9781476007338056,0.20336832153790052,-0.40571350963575725,0.0,0.0,-1.7945723917864904,-0.021772461309133018,-0.09566625591533873,-0.008237784651532465,0.0,0.0,0.0,0.9900897837008777,0.18334741800388477,-1.0335707280255213,-2.708778405744758,4.6406946,-2.092537,3.0921218,-0.54396415,2.80366,-1.5518552,46.040634,0.0047958996
figure_eight_depth,pid,43.1,-0.39121932,0.76281726,-0.95603955,-0.011186778,0.0012684652,-2.8112507,0.12064194,0.042497057,-0.00687412,-0.0031868964,-0.0023639286,0.16890632,-0.9802711746217218,0.1937577932260517,-0.4065399475683734,0.0,0.0,-1.7820091739816744,-0.020698628244331108,-0.0965372827825689,-0.008290936231114543,0.0,0.0,0.0,0.9862862573840855,0.19826676772238186,-1.0292415126638335,-2.7004382321248146,4.630172,-2.054841,3.1074357,-0.53210497,2.7899618,-1.5650157,45.833313,0.0047743036
figure_eight_depth,pid,43.2,-0.4021513,0.7536965,-0.95680547,-0.0114497505,0.0011628068,-2.794394,0.13300344,0.050897334,-0.0069210934,-0.0028435474,-0.002942208,0.16854529,-0.9822872507286887,0.184062276342339,-0.40737168930605266,0.0,0.0,-1.7696661832065135,-0.01962252534148945,-0.09736596520616703,-0.00834386051040692,0.0,0.0,0.0,0.9812840382894107,0.21278796123904384,-1.0247278330593557,-2.6916453207962094,4.6149983,-2.0168715,3.1220138,-0.5238869,2.7747269,-1.5797232,45.58204,0.0047481298
figure_eight_depth,pid,43.300000000000004,-0.41378024,0.7432153,-0.9575843,-0.011679809,0.0010067782,-2.777575,0.1450231,0.059071656,-0.006944511,-0.002496152,-0.0034858726,0.16816087,-0.984195607969242,0.1742860236609074,-0.4082087120461751,0.0,0.0,-1.757529529398072,-0.018544270607767643,-0.09815193969982261,-0.008396556038570147,0.0,0.0,0.0,0.9751245032472248,0.22688245832280865,-1.0200454866236566,-2.6824310086556107,4.5952926,-1.9787664,3.1358008,-0.51927465,2.7580118,-1.5958955,45.288635,0.0047175656
figure_eight_depth,pid,43.400000000000006,-0.42604,0.7313835,-0.9583728,-0.011877539,0.00080376386,-2.760796,0.15669705,0.06700212,-0.006944526,-0.0021462291,-0.0039897133,0.16775472,-0.985996037070505,0.16443332336929117,-0.4090509928413395,0.0,0.0,-1.7455856888120678,-0.01746398228574808,-0.09889486150881088,-0.008449021370926513,0.0,0.0,0.0,0.9678521027545781,0.2405330253213297,-1.0152103812868092,-2.6728305987048593,4.57119,-1.9406492,3.1487577,-0.5182171,2.7398765,-1.6134475,44.955254,0.0046828394
figure_eight_depth,pid,43.5,-0.43886444,0.71821475,-0.95916706,-0.012043826,0.0005571827,-2.744059,0.16800731,0.07467885,-0.006921539,-0.0017974022,-0.004453532,0.16732869,-0.9876883405951377,0.15450849718747386,-0.4098985085999922,0.0,0.0,-1.7338214867207045,-0.016381778841279004,-0.09959440476300929,-0.008501255069126579,0.0,0.0,0.0,0.9595146476549162,0.2537183508581127,-1.0102375991252428,-2.662886198673455,4.542825,-1.9026564,3.160827,-0.5206582,2.7203815,-1.6322922,44.584126,0.00464418
figure_eight_depth,pid,43.6,-0.45218915,0.70372564,-0.9599635,-0.012179854,0.00027084412,-2.727366,0.17895487,0.08209543,-0.0068761883,-0.0014532921,-0.004873618,0.16688444,-0.9892723329629883,0.14451589847223575,-0.4107512360870609,0.0,0.0,-1.722224079051941,-0.015297778950207341,-0.1002502626196583,-0.008553255701093665,0.0,0.0,0.0,0.9501620862094721,0.2664335852523135,-1.0051418915596313,-2.6526927000736764,4.5103526,-1.864903,3.1719718,-0.52652234,2.6995838,-1.6523464,44.177776,0.0046018516
figure_eight_depth,pid,43.7,-0.46594933,0.68793666,-0.9607582,-0.012286932,-5.1790405e-05,-2.7107184,0.18951443,0.08924383,-0.006809289,-0.0011158709,-0.005253699,0.16642354,-0.9907478404714436,0.13445991030763257,-0.4116091519245905,0.0,0.0,-1.7107809332151918,-0.014212101485222561,-0.10086214739782329,-0.008605021841218141,0.0,0.0,0.0,0.9398482237062904,0.27865391793977634,-0.9999374601106139,-2.642549484149944,4.4739113,-1.827528,3.182129,-0.53574556,2.6775496,-1.6735173,43.73864,0.0045561087
figure_eight_depth,pid,43.800000000000004,-0.48008075,0.6708722,-0.9615474,-0.012366386,-0.00040735962,-2.694118,0.19967015,0.09611519,-0.006721902,-0.00078593846,-0.0055950484,0.16594744,-0.9921147013144778,0.12434494358242773,-0.4124722325923851,0.0,0.0,-1.6994798083135036,-0.013124865503144623,-0.10142979070462688,-0.008656552070301915,0.0,0.0,0.0,0.9286303515856505,0.2903609478003097,-0.9946382146051976,-2.6322350860791914,4.433653,-1.7906568,3.1912477,-0.5482515,2.6543472,-1.6957111,43.269363,0.0045072255
figure_eight_depth,pid,43.900000000000006,-0.49452224,0.6525591,-0.96232736,-0.0124196,-0.0007920618,-2.6775663,0.20943207,0.10270368,-0.0066152844,-0.0004647105,-0.005893532,0.16545755,-0.9933727656003964,0.114175435055328,-0.41334045442865214,0.0,0.0,-1.688308734895815,-0.01203619023176783,-0.10195294355291179,-0.00870784497569721,0.0,0.0,0.0,0.9165672038910054,0.30155746040356274,-0.9892575550059184,-2.6218013503140414,4.3897457,-1.7543836,3.199305,-0.5639427,2.6300404,-1.7188408,42.772842,0.004455504
figure_eight_depth,pid,44.0,-0.5092158,0.6330256,-0.9630944,-0.012448091,-0.0012017412,-2.6610644,0.2188145,0.10900767,-0.0064907847,-0.00015420493,-0.0061458936,0.16495527,-0.9945218953682733,0.10395584540888042,-0.41421379363065136,0.0,0.0,-1.6772559943814243,-0.010946195056371621,-0.10243137647060474,-0.00875889915108452,0.0,0.0,0.0,0.9037182962117414,0.31225245492581943,-0.9838083919863736,-2.6113006021943805,4.3423624,-1.7187954,3.206283,-0.5827159,2.604689,-1.7428228,42.252014,0.004401251
figure_eight_depth,pid,44.1,-0.524105,0.61230284,-0.96384513,-0.0124533065,-0.0016324912,-2.6446135,0.2278119,0.11502184,-0.0063498323,0.00014553756,-0.006354928,0.16444194,-0.99556196460308,0.09369065729286284,-0.4150922262553475,0.0,0.0,-1.6663100982769894,-0.0098549995073971,-0.10286487960118468,-0.00880971319686119,0.0,0.0,0.0,0.8901460594095006,0.32243794738293347,-0.9783034061328006,-2.6007874679689476,4.2916617,-1.6840004,3.212142,-0.60448056,2.5783627,-1.7675654,41.70971,0.004344762
figure_eight_depth,pid,44.2,-0.53913575,0.5904238,-0.9645763,-0.012436788,-0.002080515,-2.6282148,0.23642501,0.12074674,-0.006193993,0.00043290135,-0.0065220236,0.1639189,-0.9964928592495043,0.08338437335805142,-0.41597572822006634,0.0,0.0,-1.6554597672421756,-0.008762723246624748,-0.10325326279584518,-0.008860285719891614,0.0,0.0,0.0,0.8759150165465569,0.33211464240704297,-0.9727550688784299,-2.590317678292073,4.237812,-1.6500967,3.2168505,-0.62913495,2.5511296,-1.7929825,41.148857,0.004286339
figure_eight_depth,pid,44.300000000000004,-0.55425644,0.5674234,-0.96528476,-0.012399946,-0.0025420536,-2.611869,0.24465956,0.12617788,-0.006024917,0.0007084814,-0.0066478597,0.16338734,-0.9973144772244581,0.07304151428120588,-0.4168642753031553,0.0,0.0,-1.6446939100942102,-0.0076694860545734045,-0.10359635569689996,-0.008910615333701521,0.0,0.0,0.0,0.8610916968980977,0.3412835650809828,-0.9671751866617713,-2.579949027433328,4.1809783,-1.6171722,3.2203844,-0.6565784,2.523058,-1.8189863,40.57233,0.0042262846
figure_eight_depth,pid,44.400000000000006,-0.56941897,0.54333764,-0.9659678,-0.012344182,-0.0030132334,-2.595577,0.25253072,0.13131452,-0.0058443225,0.0009718024,-0.0067315777,0.16284849,-0.9980267284282716,0.06266661678215195,-0.41775784314464715,0.0,0.0,-1.6340016027768862,-0.006575407816900025,-0.10389400781244534,-0.008960700658477982,0.0,0.0,0.0,0.8457442743862108,0.349955352817151,-0.961575398794769,-2.5697364389148243,4.121331,-1.5853038,3.2227294,-0.68670213,2.4942143,-1.8454955,39.983063,0.004164903
figure_eight_depth,pid,44.5,-0.58457524,0.5182045,-0.9666228,-0.012271074,-0.0034909574,-2.5793395,0.26001775,0.1361634,-0.005653955,0.001220351,-0.006781211,0.16230366,-0.9986295347545738,0.05226423163382721,-0.41865640724692804,0.0,0.0,-1.6233720673453285,-0.005480608511687635,-0.10414608858244287,-0.009010540321124916,0.0,0.0,0.0,0.8299448809988118,0.358119108794912,-0.9559674368966149,-2.5597365385838597,4.0590343,-1.5546045,3.2238364,-0.7194065,2.4646728,-1.8724228,39.3838,0.004102479
figure_eight_depth,pid,44.6,-0.5996797,0.49206302,-0.9672478,-0.012182196,-0.0039721467,-2.5631568,0.2671273,0.14072803,-0.0054556844,0.0014537091,-0.0067972504,0.16175398,-0.9991228300988584,0.04183892166615799,-0.41955994297540944,0.0,0.0,-1.6127946509722488,-0.004385208195956114,-0.10435248743636757,-0.009060132955290845,0.0,0.0,0.0,0.8137680957207841,0.365782032625989,-0.950362192213176,-2.550006573898764,3.9942586,-1.5251487,3.2236896,-0.75457984,2.4345012,-1.8996902,38.777363,0.004039309
figure_eight_depth,pid,44.7,-0.6146904,0.46495247,-0.96784073,-0.012079026,-0.0044535035,-2.5470295,0.27387944,0.14501083,-0.005251376,0.001672302,-0.006777798,0.1612005,-0.9995065603657316,0.031395259764656694,-0.4204684255592028,0.0,0.0,-1.6022588050022166,-0.0032893269927836144,-0.10451311383953207,-0.009109477201285632,0.0,0.0,0.0,0.7972902570947349,0.3729605979497276,-0.9447706902370412,-2.54060099961377,3.9271765,-1.4969951,3.22229,-0.7921086,2.4037647,-1.9272238,38.166576,0.003975685
figure_eight_depth,pid,44.800000000000004,-0.62956744,0.43691313,-0.9684002,-0.011962942,-0.004932082,-2.530958,0.28027368,0.14901474,-0.0050428496,0.0018765769,-0.0067266524,0.16064428,-0.9997806834748455,0.020937826864599583,-0.4213818300917992,0.0,0.0,-1.591754064042365,-0.002193085077761836,-0.10462789733722486,-0.009158571706413543,0.0,0.0,0.0,0.7805910408069682,0.37965642140176353,-0.9392038731982355,-2.5315734474874594,3.8579514,-1.470223,3.2196174,-0.8318891,2.3725367,-1.9549457,37.55406,0.0039118812
figure_eight_depth,pid,44.900000000000006,-0.64427304,0.40798548,-0.9689248,-0.011835394,-0.005405047,-2.5149424,0.28631872,0.15274839,-0.0048319376,0.0020653766,-0.006645186,0.16008647,-0.9999451693655121,0.010471209941678012,-0.4223001315317519,0.0,0.0,-1.5812700251081073,-0.0010966026662839745,-0.10469678758115962,-0.009207415124612428,0.0,0.0,0.0,0.7637531054116001,0.38588175928100366,-0.9336723824999249,-2.5229756898816986,3.7867527,-1.4448961,3.2156653,-0.87380886,2.3408823,-1.9827859,36.942432,0.0038481702
figure_eight_depth,pid,45.0,-0.6587722,0.37821,-0.9694139,-0.011697755,-0.0058696484,-2.4989827,0.29202577,0.15621766,-0.004620436,0.0022390184,-0.0065345047,0.15952808,-1.0,1.8369701987210297e-16,-0.4232233047033631,0.0,0.0,-1.5707963267948966,0.0,-0.10471975435379975,-0.009256006116897808,0.0,0.0,0.0,0.7468623585455285,0.39164892206703494,-0.928186341128077,-2.514855350156341,3.7137434,-1.4210709,3.210432,-0.91775954,2.3088686,-2.0106783,36.33419,0.0037848118
figure_eight_depth,pid,45.1,-0.67303044,0.34762797,-0.9698668,-0.011551496,-0.0063237227,-2.483079,0.2973846,0.1594345,-0.0044100853,0.0023960772,-0.006400736,0.15897024,-0.9999451693655121,-0.010471209941678532,-0.424151324297374,0.0,0.0,-1.560322628481686,0.0010966026662839745,-0.10469678758116048,-0.009304343351113076,0.0,0.0,0.0,0.7300093544522478,0.39695826081615754,-0.9227563281223179,-2.507257947669058,3.6390865,-1.3988245,3.203898,-0.963636,2.276566,-2.0385535,35.73167,0.0037220493
figure_eight_depth,pid,45.2,-0.68701464,0.31628028,-0.9702834,-0.011398229,-0.006765274,-2.4672313,0.30239898,0.16241387,-0.0042026415,0.0025348328,-0.006245807,0.158414,-0.9997806834748455,-0.020937826864600103,-0.4250841648716587,0.0,0.0,-1.5498385895474283,0.002193085077761836,-0.10462789733722486,-0.009352425502040518,0.0,0.0,0.0,0.7132887501206591,0.4018226006912521,-0.9173926841036948,-2.500227370965403,3.5629487,-1.3782095,3.1960657,-1.0113264,2.244036,-2.066354,35.1372,0.003660125
figure_eight_depth,pid,45.300000000000004,-0.70069516,0.28420675,-0.97066385,-0.011239392,-0.0071920254,-2.451439,0.30709314,0.1651634,-0.0039997958,0.002656762,-0.0060671987,0.15786026,-0.9995065603657316,-0.031395259764656326,-0.4260218008519214,0.0,0.0,-1.5393338485875767,0.0032893269927836144,-0.10451311383953207,-0.009400251251540093,0.0,0.0,0.0,0.6967982770518897,0.40626511632867385,-0.912105055221017,-2.4938028000454495,3.4854896,-1.3592517,3.1869612,-1.0607233,2.211337,-2.0940292,34.553024,0.003599274
figure_eight_depth,pid,45.400000000000006,-0.7140441,0.25144702,-0.97100854,-0.011076315,-0.0076019326,-2.4357018,0.31147373,0.16769293,-0.003803081,0.0027625633,-0.005867474,0.15730996,-0.9991228300988584,-0.04183892166615762,-0.4269642065323983,0.0,0.0,-1.528798002617366,0.004385208195956114,-0.10435248743592349,-0.009447819288355142,0.0,0.0,0.0,0.6806399682385768,0.41029736834224606,-0.90690384445905,-2.4880200360523563,3.4068632,-1.341997,3.1765943,-1.1117281,2.1785312,-2.1215243,33.981228,0.0035397112
figure_eight_depth,pid,45.5,-0.72703576,0.21804021,-0.97131836,-0.010910113,-0.00799306,-2.4200196,0.31555223,0.17000903,-0.0036139728,0.0028541489,-0.005647956,0.15676405,-0.9986295347545739,-0.052264231633825965,-0.4279113560765614,0.0,0.0,-1.5182205862444647,0.005480608511687635,-0.10414608858244287,-0.009495128308445455,0.0,0.0,0.0,0.6649201810793482,0.41393239956323424,-0.9017990403729669,-2.4829116875724884,3.3272169,-1.3264815,3.164982,-1.1642467,2.1456811,-2.148789,33.423748,0.0034816405
figure_eight_depth,pid,45.6,-0.7396466,0.18402423,-0.9715942,-0.0107419435,-0.008363512,-2.404392,0.31934407,0.17212558,-0.0034338287,0.0029308326,-0.00540922,0.1562236,-0.9980267284282716,-0.06266661678215157,-0.4288632235178278,0.0,0.0,-1.5075910508129071,0.006575407816900025,-0.10389400781244534,-0.009542177014792985,0.0,0.0,0.0,0.6497488637602831,0.4171910376375266,-0.8968009532001544,-2.4784331228872114,3.2467027,-1.3127339,3.1521502,-1.2181814,2.1128407,-2.1757803,32.88248,0.0034252582
figure_eight_depth,pid,45.7,-0.7518269,0.14949572,-0.9718379,-0.010564472,-0.008724916,-2.388818,0.32225224,0.17380005,-0.0032648444,0.003077229,-0.0052866824,0.15568613,-0.9973144772244581,-0.0730415142812055,-0.4298197827602705,0.0,0.0,-1.4968987434955832,0.0076694860545734045,-0.10359635569689996,-0.009588964117568377,0.0,0.0,0.0,0.6352720646074316,0.41946522203865716,-0.8919192820934061,-2.4745089364859663,3.1651456,-1.3015149,3.137404,-1.2737732,2.0805278,-2.2020009,32.355293,0.003370343
figure_eight_depth,pid,45.800000000000004,-0.763499,0.11462049,-0.97205144,-0.010362946,-0.009100722,-2.3732975,0.3235819,0.17476174,-0.0031134745,0.0033693786,-0.005397418,0.15515035,-0.9964928592495044,-0.08338437335805107,-0.4307810075793348,0.0,0.0,-1.4861328863470782,0.00876272324668026,-0.10325326279583824,-0.009635488333992193,0.0,0.0,0.0,0.6216636855135078,0.4200547540882341,-0.8871645665795577,-2.471048059883526,3.0825083,-1.2936672,3.1199744,-1.3311334,2.0494032,-2.2268264,31.840397,0.0033167081
figure_eight_depth,pid,45.900000000000006,-0.7745656,0.07962321,-0.9722379,-0.010119187,-0.009520207,-2.35783,0.32274887,0.17480174,-0.0029904214,0.0038452342,-0.005797416,0.15461713,-0.99556196460308,-0.09369065729286248,-0.43174687162255665,0.0,0.0,-1.4752825553126596,0.009854999507452611,-0.10286487960160795,-0.009681748388723488,0.0,0.0,0.0,0.6091039602248128,0.41838510710661675,-0.8825474922947623,-2.4679491999395515,2.999021,-1.289848,3.0992785,-1.3901055,2.020107,-2.2496743,31.337624,0.003264336
figure_eight_depth,pid,46.0,-0.78491753,0.044765886,-0.97240067,-0.0098170275,-0.010012145,-2.3424146,0.31936374,0.17384037,-0.002909133,0.004489151,-0.00647895,0.15408969,-0.9945218953682734,-0.10395584540887919,-0.43271734841028536,0.0,0.0,-1.4643366592083618,0.010946195056371621,-0.1024313764705978,-0.009727743013332457,0.0,0.0,0.0,0.5977543177906094,0.41411828906245074,-0.8780779583300904,-2.46516793783655,2.915211,-1.2904052,3.0750346,-1.4502288,1.9931341,-2.270118,30.848621,0.003213398
figure_eight_depth,pid,46.1,-0.794469,0.010278423,-0.9725436,-0.009450707,-0.010588349,-2.32705,0.31377244,0.17205288,-0.0028825416,0.0052015055,-0.0072700074,0.153574,-0.9933727656003964,-0.11417543505532762,-0.43369241133640973,0.0,0.0,-1.4532839186944932,0.01203619023176783,-0.10195294355336282,-0.009773470947049834,0.0,0.0,0.0,0.5877176803511729,0.40764131046106816,-0.8737660519323378,-2.4626469376637994,2.8319855,-1.2947601,3.0478723,-1.5106468,1.9684457,-2.2882679,30.379074,0.0031644867
figure_eight_depth,pid,46.2,-0.80315775,-0.023640534,-0.97267133,-0.009021731,-0.0112480745,-2.311735,0.30632228,0.16958426,-0.0029183784,0.0059113484,-0.0080442475,0.15307365,-0.9921147013144779,-0.12434494358242738,-0.434672033669087,0.0,0.0,-1.442112845275734,0.013124865503200134,-0.101429790704613,-0.009818930935989734,0.0,0.0,0.0,0.5790417529124292,0.399325625076919,-0.8696220695039292,-2.4603178511185195,2.7501125,-1.3023467,3.0184093,-1.5706433,1.9459529,-2.3042722,29.933342,0.0031180566
figure_eight_depth,pid,46.300000000000004,-0.8109427,-0.056819946,-0.9727891,-0.008536195,-0.011982296,-2.2964675,0.2973244,0.16654843,-0.0030198952,0.0065725967,-0.008719181,0.15259068,-0.9907478404714436,-0.13445991030763307,-0.43565618855147603,0.0,0.0,-1.4308117203746205,0.014212101485222561,-0.10086214739783717,-0.009864121734093345,0.0,0.0,0.0,0.5717251290886205,0.38949689125760967,-0.865655822273695,-2.458108049271412,2.6702218,-1.3126576,2.9872022,-1.6296381,1.9255534,-2.3182845,29.51445,0.0030744218
figure_eight_depth,pid,46.400000000000006,-0.81780434,-0.089112155,-0.97290295,-0.0080019,-0.012776732,-2.2812467,0.28706515,0.16300796,-0.003186804,0.0071667316,-0.009243264,0.15212566,-0.9892723329629882,-0.14451589847223623,-0.4366448490024737,0.0,0.0,-1.4193685745378524,0.015297778950207341,-0.1002502626196583,-0.009909042102296262,0.0,0.0,0.0,0.5657239639108076,0.3784277780352119,-0.8618780876020402,-2.4559441526469294,2.592805,-1.3252534,2.9547453,-1.6871936,1.9071628,-2.3304338,29.124268,0.003033778
figure_eight_depth,pid,46.5,-0.82374495,-0.12038862,-0.97301936,-0.0074261306,-0.013614222,-2.2660704,0.27580264,0.15897596,-0.0034162754,0.007696676,-0.0095889075,0.15167853,-0.9876883405951378,-0.15450849718747353,-0.437637987917454,0.0,0.0,-1.407771166869111,0.016381778841279004,-0.09959440476302317,-0.009953690809083593,0.0,0.0,0.0,0.5609588359789092,0.3663339392190293,-0.8582991990366506,-2.453754291328587,2.5182285,-1.3397722,2.9214516,-1.7429953,1.8907305,-2.340811,28.763636,0.0029962119
figure_eight_depth,pid,46.6,-0.8287832,-0.15053731,-0.97314537,-0.006815903,-0.014477097,-2.250937,0.2637387,0.15447515,-0.0037038121,0.008162483,-0.009752206,0.15124987,-0.9859960370705049,-0.16443332336929165,-0.4386355780690123,0.0,0.0,-1.3960069647771571,0.017463982285803592,-0.098894861508797,-0.009998066630378943,0.0,0.0,0.0,0.5573236796775263,0.3533938513674245,-0.854930020238712,-2.451472769241079,2.4468129,-1.3559397,2.887651,-1.7967777,1.8762182,-2.3494942,28.432722,0.0029617418
figure_eight_depth,pid,46.7,-0.8329522,-0.17946213,-0.9732881,-0.0061778137,-0.015348062,-2.235845,0.25105774,0.14952691,-0.0040439656,0.0085656885,-0.009737981,0.15084042,-0.9841956079692419,-0.17428602366090787,-0.43963759210771053,0.0,0.0,-1.3840631241917214,0.018544270607767643,-0.09815193969982261,-0.010042168349710945,0.0,0.0,0.0,0.5546929284285209,0.33976948928277445,-0.8517819647670188,-2.4490388709322364,2.3788302,-1.3735248,2.853631,-1.8483256,1.8635901,-2.356556,28.131245,0.0029303378
figure_eight_depth,pid,46.800000000000004,-0.8362952,-0.20708133,-0.9734551,-0.0055182786,-0.016211234,-2.2207925,0.23790783,0.1441616,-0.00443062,0.008905527,-0.009561363,0.15045117,-0.9822872507286887,-0.18406227634233863,-0.44064400256282754,0.0,0.0,-1.3719264703827043,0.01962252534154496,-0.09736596520615315,-0.01008599475788019,0.0,0.0,0.0,0.5529296470816325,0.32560101258211993,-0.8488660615844588,-2.4463962065675937,2.3145185,-1.3923479,2.8196268,-1.8974564,1.8528153,-2.3620646,27.858538,0.002901931
figure_eight_depth,pid,46.900000000000006,-0.83886313,-0.23332457,-0.9736533,-0.0048433016,-0.01705292,-2.2057774,0.2243979,0.1384056,-0.004857431,0.009183808,-0.009245204,0.15008305,-0.9802711746217219,-0.19375779322605136,-0.4416547818431124,0.0,0.0,-1.359583479608364,0.020698628244220085,-0.09653728278216644,-0.01012954465334781,0.0,0.0,0.0,0.5518914791299516,0.31099734504624865,-0.846193927084141,-2.4434951093397825,2.2540793,-1.4122876,2.7858186,-1.944027,1.8438785,-2.3660688,27.613625,0.0028764193
figure_eight_depth,pid,47.0,-0.840712,-0.25813246,-0.97388995,-0.0041587045,-0.01786165,-2.1907976,0.21061996,0.13229354,-0.0053180177,0.009400369,-0.008812597,0.14973705,-0.9781476007338058,-0.20336832153789938,-0.44266990223754055,0.0,0.0,-1.3470202618038858,0.021772461309077507,-0.0956662559153526,-0.010172816842318744,0.0,0.0,0.0,0.5514366580742918,0.2960618393620082,-0.843777305563668,-2.4402951423963426,2.197696,-1.4332434,2.7523663,-1.9879137,1.8367625,-2.3686197,27.395432,0.0028536906
figure_eight_depth,pid,47.1,-0.8419034,-0.28145736,-0.9741715,-0.0034698814,-0.018627536,-2.1758504,0.1966769,0.12585495,-0.00580612,0.00955789,-0.008280308,0.14941405,-0.9759167619387475,-0.21288964578253583,-0.4436893359160736,0.0,0.0,-1.3342225446138891,0.022843906778258205,-0.09475326666691375,-0.010215810138325399,0.0,0.0,0.0,0.5514276590674562,0.2809009438366475,-0.8416278467740503,-2.4367631428282444,2.1455185,-1.4551129,2.7194307,-2.0290248,1.8314424,-2.3697722,27.20285,0.0028336302
figure_eight_depth,pid,47.2,-0.84250116,-0.30326268,-0.9745041,-0.002782328,-0.019342538,-2.1609337,0.1826489,0.11913595,-0.006315467,0.009653981,-0.0076674735,0.14911523,-0.9735789028731603,-0.22231758959246345,-0.44471305493042235,0.0,0.0,-1.321175659095306,0.023912847155582728,-0.09379871550406482,-0.010258523362782768,0.0,0.0,0.0,0.5517354864143336,0.2656197555271233,-0.8397580738911441,-2.432871887327785,2.0976915,-1.4778161,2.687154,-2.0672786,1.8278838,-2.3695867,27.034788,0.002816124
figure_eight_depth,pid,47.300000000000004,-0.8425704,-0.32352144,-0.9748931,-0.0021013918,-0.020000422,-2.146045,0.16860133,0.112179175,-0.00684001,0.009689064,-0.006992996,0.14884168,-0.9711342799096361,-0.23164801755993078,-0.4457410312148128,0.0,0.0,-1.307864527486177,0.024979165219762844,-0.09280302112454897,-0.010300955344627605,0.0,0.0,0.0,0.5522420615208987,0.2503138155792543,-0.8381804420725387,-2.4286015974950224,2.054302,-1.501321,2.655631,-2.1026502,1.8260545,-2.3681173,26.89009,0.0028010507
figure_eight_depth,pid,47.400000000000006,-0.84217745,-0.3422161,-0.9753432,-0.0014319608,-0.02059638,-2.1311812,0.15459996,0.105020225,-0.007374031,0.009666912,-0.0062718387,0.1485943,-0.9685831611286311,-0.24087683705085777,-0.44677323658675583,0.0,0.0,-1.2942736535140096,0.026042744037058085,-0.09176662027317317,-0.010343104920623736,0.0,0.0,0.0,0.5528420080766256,0.2350762362619465,-0.8369075865677774,-2.4239388622894196,2.01542,-1.5255888,2.624963,-2.1351318,1.8259203,-2.365416,26.767735,0.0027883055
figure_eight_depth,pid,47.5,-0.84138906,-0.35933736,-0.97585845,-0.00077835325,-0.021126969,-2.11634,0.14069937,0.0976911,-0.007912151,0.009592637,-0.005518368,0.14837413,-0.9659258262890684,-0.24999999999999958,-0.44780964274781976,0.0,0.0,-1.2803871157744275,0.027103466973821266,-0.09068996754846292,-0.010384970935056748,0.0,0.0,0.0,0.5534434091615203,0.2199944764110389,-0.8359528061768664,-2.418873395814678,1.9811198,-1.5505737,2.5952618,-2.1647158,1.8274502,-2.3615274,26.666878,0.0027778
figure_eight_depth,pid,47.6,-0.8402701,-0.37488148,-0.9764421,-0.0001444883,-0.021590557,-2.101518,0.12692057,0.09022762,-0.008449337,0.009469837,-0.004751224,0.14818239,-0.9631625667976582,-0.2590135046865649,-0.4488502212844062,0.0,0.0,-1.266188564815771,0.02816121771026525,-0.08957353520741562,-0.010426552240372366,0.0,0.0,0.0,0.5539685313628426,0.20514817384726658,-0.8353293509099371,-2.413867873897939,1.9514679,-1.5762604,2.5666082,-2.1914008,1.8306205,-2.3564835,26.586725,0.0027694504
figure_eight_depth,pid,47.7,-0.83888394,-0.38885093,-0.9770966,0.00046617782,-0.021986654,-2.0867124,0.113294475,0.08266316,-0.008981003,0.009303011,-0.003982366,0.1480203,-0.9602936856769431,-0.2679133974894983,-0.449894943668529,0.0,0.0,-1.251661224643957,0.029215880251509674,-0.08841781295262918,-0.010467847696371546,0.0,0.0,0.0,0.5543535135138029,0.1906308508150669,-0.8350511357381233,-2.4085756543789767,1.9265175,-1.6026231,2.5390973,-2.2152028,1.8353989,-2.3503215,26.52671,0.002763199
figure_eight_depth,pid,47.800000000000004,-0.837292,-0.4012534,-0.9778237,0.0010506966,-0.022315808,-2.0719202,0.09984425,0.075028494,-0.009502958,0.009097266,-0.0032225812,0.14788918,-0.9573194975320672,-0.2766957746216722,-0.450943781258596,0.0,0.0,-1.2367878994693158,0.030267338942457922,-0.08722330772320541,-0.010508856171154157,0.0,0.0,0.0,0.5545481233554321,0.17654349363173127,-0.835132257009566,-2.4028576862895434,1.906308,-1.6296426,2.512817,-2.2361515,1.8417525,-2.3430736,26.486414,0.0027590012
figure_eight_depth,pid,47.900000000000006,-0.8355544,-0.41210276,-0.9786242,0.0016066873,-0.022579046,-2.0571377,0.0866057,0.06735059,-0.010011411,0.008858456,-0.0024771122,0.14779037,-0.9542403285162767,-0.2853567838422162,-0.45199670530019515,0.0,0.0,-1.2215509866487138,0.031315478478510794,-0.0859905434683339,-0.01054957654028632,0.0,0.0,0.0,0.5545154921142336,0.16300552385991451,-0.8355867410887131,-2.396723161632492,1.8908613,-1.6572882,2.4878666,-2.2542934,1.8496392,-2.3347769,26.465628,0.0027568361
figure_eight_depth,pid,48.0,-0.8337286,-0.42141685,-0.9794985,0.0021322027,-0.02277828,-2.0423615,0.07359109,0.059657704,-0.01050293,0.008591153,-0.001754987,0.14772543,-0.9510565162951536,-0.2938926261462364,-0.45305368692688164,0.0,0.0,-1.205932496854039,0.032360183919499796,-0.08472006091900242,-0.01059000768746654,0.0,0.0,0.0,0.5542313702227349,0.150149706251066,-0.8364290010249893,-2.3901900711705846,1.8801944,-1.6855507,2.4643252,-2.2696815,1.8590223,-2.3254595,26.46429,0.002756697
figure_eight_depth,pid,48.1,-0.83187,-0.42921966,-0.98044604,0.0026255797,-0.022915505,-2.0275884,0.060837217,0.051980443,-0.0109744435,0.008298553,-0.0010573298,0.14769596,-0.9477684100095857,-0.3022995574311874,-0.45411469716097064,0.0,0.0,-1.1899140826844303,0.03340134070167755,-0.08341241735096427,-0.010630148504220394,0.0,0.0,0.0,0.55368387486885,0.13814511408090493,-0.8376742847777279,-2.3832808656154247,1.8743143,-1.7143952,2.4423013,-2.2823822,1.8698429,-2.3151667,26.482618,0.002758606
figure_eight_depth,pid,48.2,-0.8300323,-0.43553907,-0.98146564,0.003085823,-0.022993166,-2.0128143,0.048362784,0.04433647,-0.011423286,0.00798769,-0.00038880354,0.14770347,-0.944376370237481,-0.31057389013915543,-0.4551797069143303,0.0,0.0,-1.1734770770160294,0.03443883465042985,-0.08206818633987867,-0.010669997890067062,0.0,0.0,0.0,0.5528722684393941,0.12717146451479477,-0.8393372063549422,-2.3760281070500797,1.8732054,-1.743812,2.4218752,-2.292482,1.8820579,-2.3039246,26.520939,0.0027625982
figure_eight_depth,pid,48.300000000000004,-0.8282663,-0.44040787,-0.98255545,0.0035121425,-0.023013836,-1.9980354,0.03619449,0.03675301,-0.01184712,0.007661031,0.00024922093,0.14774975,-0.9408807689542256,-0.31871199487434454,-0.4562486869891803,0.0,0.0,-1.1566025425548798,0.0354725519929322,-0.08068795750978963,-0.010709554752574846,0.0,0.0,0.0,0.5518067667495424,0.11744869559567689,-0.8414328883533233,-2.3684770381675886,1.8768524,-1.7737776,2.403143,-2.3000681,1.8956051,-2.2917736,26.579817,0.0027687307
figure_eight_depth,pid,48.400000000000006,-0.82661945,-0.44386157,-0.98371327,0.0039039366,-0.022980683,-1.9832476,0.024335396,0.029256428,-0.01224395,0.0073208753,0.0008507624,0.14783663,-0.9372819894918916,-0.3267103019950526,-0.45732160807889205,0.0,0.0,-1.1392713341828635,0.03650237937030676,-0.07927233627488817,-0.010748818007222383,0.0,0.0,0.0,0.550507765541065,0.10921887893525878,-0.8439763035658547,-2.360707268192032,1.885236,-1.8042887,2.3861794,-2.305232,1.9104304,-2.2787452,26.659943,0.0027770773
figure_eight_depth,pid,48.5,-0.82513493,-0.4459359,-0.98493624,0.0042609777,-0.022897758,-1.9684467,0.012768745,0.021866163,-0.012612165,0.006971464,0.0014069019,0.14796579,-0.9335804264972021,-0.33456530317942856,-0.45839844076879166,0.0,0.0,-1.121464175786112,0.03752820385044542,-0.07782194357328076,-0.010787786577565184,0.0,0.0,0.0,0.5490044510013922,0.10273304131533292,-0.8469825557812709,-2.3529189940593147,1.8983327,-1.8353605,2.371043,-2.3080707,1.9264911,-2.2648551,26.762188,0.0027877279
figure_eight_depth,pid,48.6,-0.8238541,-0.44667026,-0.98622125,0.00458343,-0.022768887,-1.9536283,0.0015157252,0.01459826,-0.012950533,0.0066173226,0.0019199377,0.1481389,-0.9297764858882516,-0.3422735529643439,-0.4594791555369673,0.0,0.0,-1.1031617534042195,0.03854991294011123,-0.07633741559517904,-0.0108264593953189,0.0,0.0,0.0,0.5473348752299798,0.09821069083954356,-0.8504665482162639,-2.345550768406317,1.9160992,-1.8669716,2.3578253,-2.3086977,1.9437236,-2.2501402,26.887636,0.0028007955
figure_eight_depth,pid,48.7,-0.8228157,-0.4461043,-0.98756474,0.004872135,-0.022598319,-1.9387878,-0.009432416,0.0074569243,-0.013258151,0.0062657795,0.0023856994,0.14835748,-0.9258705848099948,-0.3498316702566825,-0.4605637227550774,0.0,0.0,-1.0843448265717972,0.03956739459742842,-0.0748194035036509,-0.010864835400192785,0.0,0.0,0.0,0.5455444965884886,0.09579198063591192,-0.8544429913832199,-2.3387315851121318,1.9384855,-1.8991367,2.346583,-2.307234,1.9620882,-2.2346096,27.037497,0.002816406
figure_eight_depth,pid,48.800000000000004,-0.82205594,-0.4442795,-0.98896295,0.005128024,-0.022390228,-1.9239205,-0.020070376,0.0004584145,-0.013534378,0.005918375,0.002805053,0.14862338,-0.9218631515885005,-0.35723633981640157,-0.46165211268916395,0.0,0.0,-1.0649943597939782,0.040580537244039316,-0.07326857314893243,-0.010902913540139503,0.0,0.0,0.0,0.5436862220183101,0.09550458928904877,-0.8589261524054237,-2.332043034722065,1.9654467,-1.9318453,2.3373935,-2.3037922,1.981524,-2.2182944,27.213142,0.0028347021
figure_eight_depth,pid,48.900000000000006,-0.8216084,-0.4412403,-0.99041176,0.0053521064,-0.022148412,-1.9090215,-0.030381113,-0.006382181,-0.013778834,0.005576462,0.003181965,0.1489383,-0.9177546256839811,-0.3644843137107059,-0.46274429550046703,0.0,0.0,-1.0450916760636535,0.041589229777649894,-0.07168560477674446,-0.010940692771216343,0.0,0.0,0.0,0.541819643939156,0.09722305540646317,-0.8639298207091126,-2.3252739446462387,1.9969262,-1.9650757,2.330344,-2.2984936,2.001959,-2.2012339,27.416082,0.0028558422
figure_eight_depth,pid,49.0,-0.8215039,-0.43703276,-0.99190694,0.00554541,-0.02187659,-1.8940858,-0.040359974,-0.013049726,-0.013991378,0.0052407896,0.0035173409,0.14930393,-0.9135454576426011,-0.3715724127386968,-0.4638402412462431,0.0,0.0,-1.0246186342484342,0.04259336158313198,-0.0700711927285047,-0.010978172057640734,0.0,0.0,0.0,0.5400103227987619,0.10070641938688625,-0.8694671306365145,-2.3183848702328698,2.0328643,-1.9988145,2.3255095,-2.2914598,2.023325,-2.1834645,27.64794,0.0028799938
figure_eight_depth,pid,49.1,-0.82177097,-0.4317043,-0.99344397,0.0057092877,-0.021578316,-1.8791081,-0.049999837,-0.019539453,-0.014172144,0.0049151164,0.003813062,0.14972174,-0.9092361090470686,-0.37849752782587803,-0.4649399198805862,0.0,0.0,-1.0035578319716323,0.04359282254695618,-0.06842604513981887,-0.011015350371984534,0.0,0.0,0.0,0.5383285612453235,0.10563829854502126,-0.8755502393555773,-2.3113893851143743,2.0731838,-2.0330517,2.3229566,-2.2828245,2.0455573,-2.1650164,27.910408,0.002907334
figure_eight_depth,pid,49.2,-0.8224352,-0.4253019,-0.9950185,0.0058450596,-0.021257428,-1.8640832,-0.059315473,-0.025839182,-0.01432146,0.0045995885,0.004066434,0.15019327,-0.9048270524660196,-0.38525662138789457,-0.46604330125525084,0.0,0.0,-0.9818928353399103,0.04458750306607362,-0.0667508836257047,-0.011052226694840961,0.0,0.0,0.0,0.536848940091558,0.11171518989198377,-0.8821903355508978,-2.3043162443331138,2.11782,-2.0677865,2.3227384,-2.272705,2.0685964,-2.145918,28.20526,0.002938048
figure_eight_depth,pid,49.300000000000004,-0.8235188,-0.41787252,-0.996626,0.005953976,-0.020917773,-1.8490056,-0.0683152,-0.031936597,-0.01443985,0.004294038,0.0042775976,0.15071991,-0.9003187714021934,-0.39184672866292003,-0.4671503551204793,0.0,0.0,-0.9596084363727498,0.045577294063292584,-0.06504644296814743,-0.011088800015351952,0.0,0.0,0.0,0.5356491898027237,0.11865492720977161,-0.8893971435756755,-2.297199692090823,2.166702,-2.1030042,2.3249147,-2.2612169,2.0923748,-2.126204,28.534332,0.0029723262
figure_eight_depth,pid,49.400000000000006,-0.82504237,-0.40946466,-0.99826205,0.0060374863,-0.020562679,-1.8338696,-0.07698677,-0.03782818,-0.014528042,0.0040009795,0.004451862,0.15130277,-0.8957117602394127,-0.3982649590120984,-0.4682610511258306,0.0,0.0,-0.936690938433878,0.04656208699660436,-0.06331347079091554,-0.011125069330847337,0.0,0.0,0.0,0.5348089872343587,0.12619587802531976,-0.8971786380202846,-2.290078038197268,2.219734,-2.1386745,2.329551,-2.2484915,2.116819,-2.1059167,28.899477,0.0030103622
figure_eight_depth,pid,49.5,-0.8270252,-0.4001283,-0.9999221,0.0060972604,-0.020195056,-1.8186696,-0.08531856,-0.043513596,-0.014586951,0.003723049,0.004593661,0.1519428,-0.8910065241883679,-0.4045084971874736,-0.4693753588210128,0.0,0.0,-0.9131284690911574,0.04754177387233938,-0.06155272723284977,-0.011161033646928109,0.0,0.0,0.0,0.534408682770896,0.13412313344212165,-0.9055410884802537,-2.282992479888694,2.27681,-2.1747692,2.336702,-2.2346613,2.141858,-2.0850956,29.302553,0.0030523494
figure_eight_depth,pid,49.6,-0.8294839,-0.3899124,-1.0016018,0.006135015,-0.019818008,-1.8033998,-0.09332463,-0.0489901,-0.014617635,0.003461076,0.0047012507,0.15264085,-0.8862035792312147,-0.4105746045668521,-0.4704932476567174,0.0,0.0,-0.8889113188600903,0.048516247256824574,-0.05976498461429669,-0.011196691977632955,0.0,0.0,0.0,0.5345281624080328,0.14229067379426694,-0.914488482394182,-2.275985102275043,2.3378317,-2.211274,2.346399,-2.219841,2.1674335,-2.0637708,29.74539,0.0030984778
figure_eight_depth,pid,49.7,-0.8324338,-0.37886453,-1.0032971,0.0061526885,-0.019434746,-1.7880543,-0.1010198,-0.054261997,-0.014621279,0.0032176923,0.004773802,0.15339747,-0.881303452064992,-0.4164606203550499,-0.4716146869854575,0.0,0.0,-0.8640323030143011,0.049485400288096226,-0.05795102709824085,-0.011232043345354992,0.0,0.0,0.0,0.5352456309530711,0.15058854898862195,-0.9240220440239679,-2.2690971962199704,2.402691,-2.2481716,2.3586607,-2.2041414,2.1934931,-2.0419662,30.229757,0.0031489327
figure_eight_depth,pid,49.800000000000004,-0.83588904,-0.3670325,-1.0050039,0.0061524017,-0.01904813,-1.7726275,-0.1084021,-0.059335336,-0.014599176,0.0029951162,0.00481506,0.15421298,-0.8763066800438638,-0.42216396275100737,-0.47273964606240715,0.0,0.0,-0.8384871421874288,0.05044912668761281,-0.05611165034635768,-0.011267086780952784,0.0,0.0,0.0,0.5366361252674046,0.15891887301829774,-0.9341403306900735,-2.2623689688688877,2.4712636,-2.2854278,2.3735106,-2.1876745,2.219978,-2.019715,30.757347,0.0032038903
figure_eight_depth,pid,49.900000000000006,-0.8398617,-0.35446402,-1.0067183,0.0061360155,-0.018660847,-1.7571132,-0.11547562,-0.06420577,-0.014552688,0.0027911346,0.0048270933,0.15508762,-0.8712138111201895,-0.42768213008025324,-0.47386809404624514,0.0,0.0,-0.8122748558200394,0.051407320771801324,-0.05424766117018143,-0.011301821323667083,0.0,0.0,0.0,0.5387700482726018,0.16721138467877622,-0.9448383624874557,-2.2558401189064634,2.5434315,-2.3229945,2.390967,-2.1705298,2.2468204,-1.9970591,31.329718,0.0032635124
figure_eight_depth,pid,50.0,-0.8443625,-0.34120703,-1.0084367,0.006105402,-0.018275246,-1.7415057,-0.12223763,-0.06887683,-0.014483271,0.0026061852,0.0048134294,0.15602116,-0.866025403784439,-0.43301270189221897,-0.47499999999999987,0.0,0.0,-0.7853981606558101,0.05235987746399218,-0.0523598771768885,-0.011336246021231844,0.0,0.0,0.0,0.5417123358179802,0.17540525438608903,-0.9561075814172489,-2.2495504171117586,2.6190548,-2.3608172,2.4110374,-2.1527998,2.2739565,-1.9740407,31.94827,0.0033279445
figure_eight_depth,pid,50.1,-0.8494014,-0.32730892,-1.0101557,0.006062521,-0.017893571,-1.7257992,-0.12869322,-0.07335594,-0.014392445,0.0024414407,0.0047754673,0.157013,-0.860742027003944,-0.4381533400219316,-0.476135332891898,0.0,0.0,-0.7578638645914324,0.05330669230557694,-0.05044912641094523,-0.011370359929929741,0.0,0.0,0.0,0.545520689844863,0.18346068901279794,-0.967935338327574,-2.243538150531048,2.697985,-2.398842,2.4337084,-2.1345656,2.3013313,-1.9506936,32.614204,0.003397313
figure_eight_depth,pid,50.2,-0.8549872,-0.31281686,-1.0118719,0.006009323,-0.01751788,-1.7099879,-0.13484521,-0.077649705,-0.01428177,0.0022970815,0.004715258,0.1580622,-0.8553642601605068,-0.44310178961560726,-0.4772740615962147,0.0,0.0,-0.7296832442134422,0.054247661467610175,-0.04851624699087065,-0.011404162114425631,0.0,0.0,0.0,0.5502446643201173,0.1913456397341215,-0.9803046345859963,-2.2378398099731225,2.7800639,-2.4370036,2.4589562,-2.115896,2.328888,-1.9270548,33.328484,0.003471717
figure_eight_depth,pid,50.300000000000004,-0.8611281,-0.29777876,-1.0135825,0.0059477417,-0.0171498,-1.6940662,-0.14068472,-0.08176599,-0.014152853,0.0021731819,0.0046373447,0.15916744,-0.849892692986864,-0.4478558801197064,-0.47841615489412737,0.0,0.0,-0.7008723925818904,0.055182681762300234,-0.04656208674128082,-0.011437651648071867,0.0,0.0,0.0,0.555924779319514,0.19902443943452958,-0.9931937742958562,-2.2324906555751074,2.8651147,-2.4752195,2.4867501,-2.096855,2.3565648,-1.9031684,34.09177,0.0035512259
figure_eight_depth,pid,50.400000000000006,-0.86783046,-0.28224194,-1.0152848,0.00587934,-0.01679096,-1.6780287,-0.14621855,-0.08570344,-0.014007318,0.0020662516,0.004542073,0.1603271,-0.844327925502015,-0.45241352623300984,-0.4795615814745712,0.0,0.0,-0.6714525223251138,0.056111650654333545,-0.0445875028217968,-0.011470827612769519,0.0,0.0,0.0,0.5625922852188642,0.20648115037311104,-1.0065761804107871,-2.2275248940833015,2.9529548,-2.5134106,2.5170321,-2.077488,2.3843007,-1.8790821,34.90442,0.003635877
figure_eight_depth,pid,50.5,-0.87509966,-0.26625207,-1.0169761,0.0058057,-0.016443143,-1.6618702,-0.15146294,-0.089471154,-0.013846792,0.0019766372,0.0044279885,0.16153897,-0.8386705679454243,-0.4567727288213002,-0.48071030993509783,0.0,0.0,-0.641450208036851,0.057034466270977635,-0.04259336134959657,-0.011503689098829595,0.0,0.0,0.0,0.5702685480108473,0.21371520061735363,-1.02042003312831,-2.2229741493989787,3.0426338,-2.5522535,2.5489626,-2.0585823,2.41205,-1.8548266,35.764954,0.0037255164
figure_eight_depth,pid,50.6,-0.8829409,-0.24985468,-1.0186543,0.0057284716,-0.016107667,-1.6455858,-0.15641779,-0.09308126,-0.013672896,0.0019052657,0.004299986,0.16280024,-0.8329212407100997,-0.4609315757942502,-0.48186230878273645,0.0,0.0,-0.6108975516487465,0.05795102741623648,-0.0405805370216894,-0.011536235205528156,0.0,0.0,0.0,0.5789655526692229,0.22071447544906772,-1.0346882237266197,-2.2188665760372355,3.1346333,-2.5909507,2.5831494,-2.0394669,2.4397633,-1.8304402,36.673992,0.0038202077
figure_eight_depth,pid,50.7,-0.8913577,-0.23309568,-1.0203177,0.0056489375,-0.015785573,-1.6291708,-0.16107947,-0.09653432,-0.013487228,0.0018486261,0.00416109,0.16410789,-0.8270805742745618,-0.4648882429441257,-0.4830175464348566,0.0,0.0,-0.5798322549299451,0.058861233577733874,-0.03854991272878028,-0.011568465040440179,0.0,0.0,0.0,0.5886856312302995,0.22746380927521395,-1.0493385204835681,-2.21522915324571,3.228738,-2.6293728,2.6195066,-2.0201416,2.4673774,-1.8059773,37.630642,0.003919859
figure_eight_depth,pid,50.800000000000004,-0.9003525,-0.21601918,-1.0219642,0.005568152,-0.015478139,-1.6126208,-0.16546585,-0.09983364,-0.013291373,0.0018045318,0.0040090717,0.16545834,-0.8211492091337039,-0.4686409947459458,-0.4841759912200346,0.0,0.0,-0.5482975847263026,0.059764984941979016,-0.03650237917013355,-0.011600377720077937,0.0,0.0,0.0,0.5994222941221115,0.2339714410915681,-1.064323245809586,-2.212086700704144,3.3247328,-2.6673927,2.6579192,-2.000579,2.4948447,-1.7814775,38.633595,0.004024333
figure_eight_depth,pid,50.900000000000006,-0.90992576,-0.19866635,-1.0235926,0.0054868516,-0.0151870195,-1.5959322,-0.16960539,-0.102979235,-0.013086842,0.0017699812,0.0038402786,0.16684754,-0.815127795728554,-0.47218818511874067,-0.4853376113789213,0.0,0.0,-0.5163422192248464,0.060662182402138054,-0.034438834461636425,-0.011631972369502419,0.0,0.0,0.0,0.6111622305156308,0.24025623352909098,-1.0795900260296702,-2.209460159534504,3.4224052,-2.7048721,2.69826,-1.9807271,2.5221205,-1.7569795,39.681145,0.0041334527
figure_eight_depth,pid,51.0,-0.9200782,-0.18107823,-1.0252016,0.0054059564,-0.014913502,-1.5791014,-0.1734985,-0.10598478,-0.012875076,0.0017470444,0.0036584935,0.16827072,-0.8090169943749476,-0.4755282581475767,-0.4865023750651133,0.0,0.0,-0.48401996716051826,0.06155272757030206,-0.03236018374214167,-0.011663248122517622,0.0,0.0,0.0,0.6238847874677308,0.2463150973600962,-1.0950814761301921,-2.207367897568952,3.5215027,-2.7416556,2.7403946,-1.9605472,2.5491602,-1.732523,40.77102,0.004246981
figure_eight_depth,pid,51.1,-0.93080974,-0.16329563,-1.0267901,0.0053263353,-0.014658575,-1.5621257,-0.17714581,-0.108858764,-0.012657481,0.0017353785,0.0034668394,0.16972277,-0.8028174751911146,-0.4786597487660337,-0.48767025034602585,0.0,0.0,-0.45138935669342317,0.0624365227883672,-0.03026733877642407,-0.011694204121698304,0.0,0.0,0.0,0.6375631780902324,0.25214526313724,-1.1107363261373875,-2.2057743305177393,3.6217704,-2.7775757,2.7841792,-1.9399847,2.5759165,-1.7081532,41.900475,0.004364633
figure_eight_depth,pid,51.2,-0.9421008,-0.14538845,-1.028357,0.0052425633,-0.014416527,-1.5450022,-0.18025438,-0.111421645,-0.012435395,0.0016722475,0.003332396,0.17120089,-0.7965299180241961,-0.48158128339882916,-0.48884120520376817,0.0,0.0,-0.41851309621638644,0.06331347113808228,-0.028161217555722207,-0.011724839518389985,0.0,0.0,0.0,0.6521455595524204,0.2574064958361055,-1.126489125844771,-2.2045620142952584,3.7228413,-2.8120813,2.82982,-1.91906,2.6019235,-1.6843307,43.065,0.0044859373
figure_eight_depth,pid,51.300000000000004,-0.9538882,-0.12748869,-1.0299001,0.0051374417,-0.014169128,-1.5277284,-0.18218178,-0.11328349,-0.012210997,0.001438966,0.0033794425,0.17270389,-0.7901550123756906,-0.4842915805643155,-0.4900152075360211,0.0,0.0,-0.38545741536248684,0.06418347645215094,-0.026042743894227893,-0.011755153472625679,0.0,0.0,0.0,0.6675271701802237,0.26135606638476744,-1.1422710230148936,-2.203594949278644,3.8240933,-2.844206,2.8779018,-1.8980144,2.6261888,-1.6620389,44.257217,0.0046101264
figure_eight_depth,pid,51.400000000000006,-0.9660701,-0.10977088,-1.0314159,0.0049878024,-0.013892913,-1.5103024,-0.18245506,-0.11414095,-0.011988574,0.00097265164,0.0036572663,0.174227,-0.7836934573258398,-0.4867894514365801,-0.49119222515691807,0.0,0.0,-0.3522913006909932,0.06504644332483434,-0.023912847024437633,-0.011785145153431209,0.0,0.0,0.0,0.683553882789408,0.2634352815065732,-1.158011123739854,-2.2027249399621125,3.9247508,-2.8732178,2.9287717,-1.8772389,2.6478512,-1.642128,45.46848,0.0047363
figure_eight_depth,pid,51.5,-0.97851455,-0.09243481,-1.032901,0.004769797,-0.01356428,-1.4927225,-0.18075605,-0.113795735,-0.01177419,0.0002622165,0.0041630478,0.17576276,-0.7771459614569713,-0.4890738003669026,-0.4923722257979261,0.0,0.0,-0.31908564618847657,0.06590227712194308,-0.021772461189700776,-0.011814813738519891,0.0,0.0,0.0,0.7000308617693731,0.26326529129872106,-1.1736368651030273,-2.2018126460021152,4.023919,-2.8986223,2.9825375,-1.8572406,2.6662316,-1.6252701,46.689102,0.004863448
figure_eight_depth,pid,51.6,-0.9910742,-0.07568437,-1.034352,0.004464732,-0.013164312,-1.4749887,-0.17697053,-0.1122064,-0.011575056,-0.00064525264,0.004845437,0.17730118,-0.7705132427757896,-0.49114362536434425,-0.49355517710873176,0.0,0.0,-0.28591234358339496,0.06675088399171747,-0.01962252523390884,-0.011844158414542338,0.0,0.0,0.0,0.7167389175381396,0.2607143497168306,-1.1890763553759556,-2.2007822869961533,4.1206646,-2.9202507,3.0389946,-1.8385805,2.680963,-1.6118289,47.909164,0.004990538
figure_eight_depth,pid,51.7,-1.0036166,-0.059684645,-1.0357662,0.004067077,-0.012687612,-1.457102,-0.17143291,-0.109594375,-0.011398048,-0.0016219461,0.005565467,0.17882942,-0.7637960286346424,-0.4929980185352524,-0.4947410466581272,0.0,0.0,-0.2528433410500845,0.0675921708748195,-0.017463982189991345,-0.011873178376975435,0.0,0.0,0.0,0.733472996220208,0.2561664018157488,-1.204258600058619,-2.1995605720275098,4.214252,-2.938488,3.0974104,-1.8216465,2.692322,-1.6015322,49.120483,0.0051167174
figure_eight_depth,pid,51.800000000000004,-1.016021,-0.044568606,-1.0371428,0.0035806112,-0.012137455,-1.4390644,-0.16441882,-0.10614208,-0.011247625,-0.002576182,0.0062350705,0.18033725,-0.7569950556517565,-0.49463616648149417,-0.49592980193489966,0.0,0.0,-0.21994970072139916,0.06842604551476894,-0.01529777886627448,-0.011901872830205606,0.0,0.0,0.0,0.7500444753579125,0.24993968297706562,-1.2191146827853758,-2.198075411401683,4.304053,-2.953646,3.1571352,-1.8067285,2.7005782,-1.5941155,50.314987,0.005241145
figure_eight_depth,pid,51.900000000000006,-1.0281779,-0.030444514,-1.0384812,0.0030153394,-0.011521873,-1.420879,-0.15613624,-0.10200293,-0.011126098,-0.0034455378,0.006806873,0.18181644,-0.7501110696304595,-0.496057350657239,-0.4971214103487228,0.0,0.0,-0.1873006855338053,0.06925241646793534,-0.013124865431313193,-0.01193024098763984,0.0,0.0,0.0,0.7662812227937503,0.24228084150358647,-1.233578320851998,-2.196260949989486,4.3895082,-2.965976,3.2175884,-1.7940563,2.7059774,-1.5893394,51.484627,0.005362982
figure_eight_depth,pid,52.0,-1.0399857,-0.017395899,-1.0397831,0.002384762,-0.010852326,-1.4025496,-0.14679848,-0.09729816,-0.011034055,-0.004193937,0.007248099,0.18326032,-0.7431448254773946,-0.4972609476841366,-0.4983158392310499,0.0,0.0,-0.15496290414767191,0.0700711931127529,-0.010946194996308556,-0.011958282071372617,0.0,0.0,0.0,0.7820305369050304,0.23343086711329003,-1.2475867202953823,-2.194052485342592,4.470181,-2.9757006,3.2782376,-1.783757,2.708764,-1.5869724,52.621826,0.00548144
figure_eight_depth,pid,52.1,-1.0513507,-0.005486843,-1.0410502,0.0017040691,-0.010141479,-1.3840805,-0.1365697,-0.092130005,-0.01097069,-0.004802636,0.0075488673,0.18466316,-0.7360970871197345,-0.49824642962475213,-0.4995130558360099,0.0,0.0,-0.12299953932116998,0.07088228566182186,-0.008762723198607603,-0.011985995312824294,0.0,0.0,0.0,0.7971570311877317,0.22357875192860352,-1.2610809898917816,-2.1913907125680874,4.5456886,-2.983002,3.3386078,-1.7759215,2.7091494,-1.5868143,53.71925,0.0055957553
figure_eight_depth,pid,52.2,-1.0621872,0.005234907,-1.0422857,0.000989187,-0.0094020935,-1.3654763,-0.12558885,-0.08659686,-0.010934196,-0.0052621085,0.0077108527,0.18601982,-0.7289686274214116,-0.4990133642141358,-0.5007130273413049,0.0,0.0,-0.09146968025848763,0.07168560516951361,-0.0065754077808455325,-0.012013379952158232,0.0,0.0,0.0,0.811542895688223,0.2128891919077256,-1.274006570390011,-2.1882216292672516,4.6157007,-2.9880567,3.3982534,-1.7706091,2.707343,-1.5886742,54.76995,0.0057052034
figure_eight_depth,pid,52.300000000000004,-1.0724157,0.014737738,-1.043493,0.00025536676,-0.008646767,-1.3467422,-0.11399478,-0.080773324,-0.010922128,-0.005576823,0.0077385767,0.18732603,-0.721760228098362,-0.49956141504942914,-0.5019157208491096,0.0,0.0,-0.06042777389947546,0.07248106354279527,-0.004385208171947541,-0.012040435238613867,0.0,0.0,0.0,0.8250871894611264,0.20151832174102666,-1.2863143792682492,-2.184981137498373,4.6799765,-2.9910228,3.456774,-1.7678204,2.7035348,-1.5923817,55.767654,0.00580913
figure_eight_depth,pid,52.400000000000006,-1.0819638,0.02300522,-1.0446762,-0.0004832835,-0.007887645,-1.3278835,-0.101921245,-0.074728295,-0.010931577,-0.005755856,0.0076393783,0.18857788,-0.714472679632803,-0.49989034173742275,-0.5031211033869742,0.0,0.0,-0.02992320389253884,0.07326857355066663,-0.0021930850657714274,-0.012067160430506707,0.0,0.0,0.0,0.8377060228459473,0.1896157138645555,-1.2979602780868313,-2.1813911496258163,4.7383366,-2.9920547,3.513799,-1.7675172,2.6979094,-1.5977726,56.706715,0.00590695
figure_eight_depth,pid,52.5,-1.0907652,0.030033395,-1.0458394,-0.001214284,-0.007135803,-1.308906,-0.089477435,-0.068519816,-0.010959404,-0.005813148,0.0074267024,0.18977198,-0.7071067811865477,-0.5,-0.5043291419087275,0.0,0.0,0.0,0.07404804883376359,0.0,-0.012093554795034045,0.0,0.0,0.0,0.8493306786803975,0.17730435764331764,-1.3089059591293335,-2.177148855044991,4.7906485,-2.9912918,3.569002,-1.7696452,2.6906297,-1.6047069,57.58213,0.0059981383
figure_eight_depth,pid,52.6,-1.0987598,0.035828702,-1.0469868,-0.0019268801,-0.0064009726,-1.2898159,-0.07675538,-0.062201835,-0.011002379,-0.0057637384,0.0071164942,0.19090527,-0.6996633405133654,-0.49989034173742275,-0.5055398032953832,0.0,0.0,0.029303324968031116,0.07481940391385056,0.002193085065715916,-0.012119617608663535,0.0,0.0,0.0,0.8599056485456175,0.16469022357901,-1.319119227677992,-2.1722182863848207,4.8368216,-2.9888718,3.6220894,-1.7741394,2.6818457,-1.6130553,58.389545,0.0060822438
figure_eight_depth,pid,52.7,-1.1058939,0.040408738,-1.0481226,-0.0026121498,-0.005691982,-1.2706193,-0.06385827,-0.055821422,-0.011057307,-0.005623937,0.0067200074,0.19197516,-0.6921431738704067,-0.49956141504942925,-0.5067530543560478,0.0,0.0,0.0579538183897004,0.07558255420325732,0.004385208171947541,-0.01214534815685564,0.0,0.0,0.0,0.8693896833164205,0.15188734589588676,-1.3285730915754304,-2.1665723710140927,4.876832,-2.9849331,3.6727939,-1.7808952,2.6717093,-1.6226888,59.12547,0.0061589032
figure_eight_depth,pid,52.800000000000004,-1.1121198,0.04379857,-1.0492507,-0.0032628884,-0.005016107,-1.2513227,-0.050855312,-0.049423043,-0.01112108,-0.005409037,0.00625468,0.19297934,-0.684547105928689,-0.49901336421413583,-0.5079688618288305,0.0,0.0,0.08592402272844271,0.07633741601376087,0.0065754077808455325,-0.01217074573423016,0.0,0.0,0.0,0.8777523859541924,0.13897812215608701,-1.3372467690052983,-2.1601989061241937,4.9106727,-2.9796097,3.7208838,-1.7898209,2.6603522,-1.6334949,59.78699,0.006227812
figure_eight_depth,pid,52.900000000000006,-1.1173955,0.046030812,-1.0503747,-0.0038737238,-0.0043794145,-1.2319329,-0.037818126,-0.043040786,-0.011190815,-0.00513574,0.005734231,0.193916,-0.6768759696826608,-0.4982464296247522,-0.5091871923817554,0.0,0.0,0.1131918163105739,0.07708390656635533,0.008762723198579847,-0.012195809644399702,0.0,0.0,0.0,0.8849741005535748,0.12604400322373285,-1.3451246948048365,-2.153108634571431,4.938389,-2.9730291,3.76616,-1.8008007,2.6478968,-1.6453704,60.37203,0.0062887534
figure_eight_depth,pid,53.0,-1.1216841,0.0471449,-1.0514977,-0.0044411006,-0.003786841,-1.2124565,-0.02481208,-0.03669991,-0.011263798,-0.004820821,0.0051712375,0.19478379,-0.6691306063588588,-0.49726094768413676,-0.5104080126136749,0.0,0.0,0.13974017572763958,0.07782194399996722,0.010946194996364067,-0.012220539200302749,0.0,0.0,0.0,0.8910445650892157,0.11315833828553869,-1.3521966404950956,-2.1453589737218293,4.9600625,-2.9653122,3.8084576,-1.8137075,2.6344504,-1.6582217,60.87921,0.006341584
figure_eight_depth,pid,53.1,-1.1249523,0.047185402,-1.0526224,-0.004963285,-0.0032420063,-1.1929004,-0.011884379,-0.03041491,-0.01133757,-0.004481284,0.004579794,0.19558175,-0.6613118653236523,-0.49605735065723894,-0.5116312890551856,0.0,0.0,0.16555687621897958,0.07855144738044828,0.01312486543120217,-0.01224493372398161,0.0,0.0,0.0,0.8959612598474053,0.10037516628547577,-1.3584572954542091,-2.137117271693219,4.9757967,-2.9565647,3.8476503,-1.8284183,2.6200976,-1.6719792,61.307777,0.0063862265
figure_eight_depth,pid,53.2,-1.127172,0.04620321,-1.0537511,-0.0054400335,-0.0027478274,-1.1732715,0.0009025645,-0.024198012,-0.011409906,-0.0041311206,0.003967503,0.1963092,-0.6534206039901057,-0.4946361664814942,-0.5128569881695462,0.0,0.0,0.19063414607182336,0.07927233670956824,0.015297778866357747,-0.012268992546582425,0.0,0.0,0.0,0.8997299945855877,0.08776375536938376,-1.3639056828989107,-2.1286737606183284,4.9857397,-2.9468925,3.8836343,-1.8447872,2.604927,-1.6865633,61.657772,0.006422684
figure_eight_depth,pid,53.300000000000004,-1.1283184,0.044252623,-1.0548855,-0.0058722794,-0.0023060122,-1.1535771,0.0135152275,-0.018059904,-0.011478835,-0.0037812907,0.0033467072,0.19696565,-0.6454576877239506,-0.4929980185352525,-0.5140850763535959,0.0,0.0,0.21496829007276338,0.07998453293356356,0.017463982189991345,-0.012292715008521693,0.0,0.0,0.0,0.9023623731845957,0.07537093234096565,-1.3685453793824558,-2.1200858672715928,4.990036,-2.9363961,3.916334,-1.8626937,2.5890105,-1.7019098,61.92965,0.0064510056
figure_eight_depth,pid,53.400000000000006,-1.1283718,0.041392222,-1.0560267,-0.006261811,-0.0019176055,-1.1338239,0.025907813,-0.012011036,-0.01154261,-0.0034398031,0.0027240466,0.19755094,-0.6374239897486896,-0.4911436253643443,-0.5153155199386772,0.0,0.0,0.23855929560901576,0.08068795795257433,0.019622525233992105,-0.012316100459597301,0.0,0.0,0.0,0.903876536073944,0.06326250723749494,-1.3723831672215645,-2.111055099794452,4.9888654,-2.9251757,3.9456894,-1.8819996,2.572426,-1.7179432,62.124523,0.006471304
figure_eight_depth,pid,53.5,-1.1273158,0.03768217,-1.0571755,-0.006611025,-0.0015825483,-1.114019,0.038061194,-0.0060608704,-0.011599727,-0.0031123615,0.0021103756,0.19806513,-0.6293203910498378,-0.4890738003669029,-0.5165482851915572,0.0,0.0,0.26141043318518703,0.08138253462702805,0.02177246118972853,-0.012339148258433408,0.0,0.0,0.0,0.9042947757360684,0.05149737500492667,-1.3754294694782168,-2.1013507779841576,4.9823976,-2.9133277,3.971663,-1.9025933,2.555239,-1.7346005,62.243816,0.0064837313
figure_eight_depth,pid,53.6,-1.1251384,0.033185117,-1.0583323,-0.006922805,-0.0013001849,-1.0941695,0.049945585,-0.00021536538,-0.011648902,-0.002803677,0.0015113313,0.19850866,-0.6211477802783106,-0.48678945143658026,-0.5177833383153542,0.0,0.0,0.28352786124523965,0.08206818678979655,0.023912847024409878,-0.012361857773313112,0.0,0.0,0.0,0.9036444569015113,0.0401813446530482,-1.3776973587351689,-2.090879170437441,4.9708314,-2.9009454,3.9942334,-1.9243473,2.5375166,-1.7518128,62.2895,0.006488489
figure_eight_depth,pid,53.7,-1.1218315,0.027965263,-1.059497,-0.0072001903,-0.0010692875,-1.0742824,0.061537072,0.0055162283,-0.011689049,-0.0025152813,0.0009321849,0.19888212,-0.6129070536529765,-0.48429158056431554,-0.5190206454504627,0.0,0.0,0.30492024322332156,0.082744839251081,0.026042743894144627,-0.012384228381678852,0.0,0.0,0.0,0.9019567012033177,0.02952271171592208,-1.3792026509839417,-2.0796101688618096,4.954373,-2.888124,4.013391,-1.9471422,2.5193298,-1.7695055,62.263912,0.006485825
figure_eight_depth,pid,53.800000000000004,-1.1173909,0.02208773,-1.0606692,-0.0074464157,-0.0008880499,-1.0543646,0.07281914,0.011130597,-0.011719304,-0.0022492714,0.00037821804,0.19918644,-0.6045991148623747,-0.481581283398829,-0.5202601726754825,0.0,0.0,0.32559838290020804,0.0834124178083484,0.028161217555722207,-0.012406259470076897,0.0,0.0,0.0,0.8992662341992481,0.02006816854952659,-1.379962944934815,-2.067540019541937,4.9332314,-2.8749475,4.0291457,-1.9708614,2.5007384,-1.7876129,62.169662,0.006476006
figure_eight_depth,pid,53.900000000000006,-1.1118151,0.015617955,-1.061848,-0.0076648365,-0.00075411657,-1.0344228,0.083781645,0.016627131,-0.011738997,-0.0020071138,-0.00014564219,0.1994228,-0.5962248749656155,-0.4786597487660335,-0.5215018860081488,0.0,0.0,0.3455748824789378,0.0840708492539366,0.030267338776451824,-0.012427950434656942,0.0,0.0,0.0,0.8956102354346783,0.013660657507618246,-1.3799976377203318,-2.0546771095442873,4.9076204,-2.861494,4.0415215,-1.9953952,2.4817965,-1.8060734,62.0096,0.006459333
figure_eight_depth,pid,54.0,-1.105107,0.008621924,-1.0630325,-0.007858624,-0.00066491944,-1.0144635,0.09440683,0.02200056,-0.011747618,-0.0017873596,-0.0006378761,0.19959246,-0.5877852522924734,-0.47552825814757693,-0.5227457514062631,0.0,0.0,0.3648638262852504,0.08472006138349197,0.032360183742030646,-0.012449300680672515,0.0,0.0,0.0,0.891029133344151,0.014200267752263521,-1.3793273701771571,-2.0410374056899876,4.8777637,-2.8478444,4.050547,-2.0206277,2.4625692,-1.8248118,61.78685,0.0064361305
figure_eight_depth,pid,54.1,-1.0972722,0.0011663716,-1.0642214,-0.008031003,-0.00061770726,-0.9944936,0.10467817,0.02725524,-0.0117448615,-0.0015910116,-0.0010972393,0.19969697,-0.5792811723426788,-0.4721881851187405,-0.5239917347686274,0.0,0.0,0.38348049174239923,0.08535998300368552,0.034438834461636425,-0.012470309622869546,0.0,0.0,0.0,0.8855660727315124,0.020623350807684602,-1.3779740954487592,-2.0266426371030883,4.8438954,-2.8340611,4.056275,-2.0464404,2.443109,-1.8437662,61.50477,0.0064067463
figure_eight_depth,pid,54.2,-1.0883192,-0.0066830805,-1.0654134,-0.008184964,-0.00060925825,-0.97451925,0.114596225,0.03239068,-0.011730578,-0.0014162259,-0.0015196376,0.19973792,-0.5707135676844315,-0.46864099474594567,-0.5252398019359783,0.0,0.0,0.4014410882314772,0.08599054393976235,0.03650237917010579,-0.012490976685208821,0.0,0.0,0.0,0.879265690948158,0.028909674548276924,-1.3759603410085768,-2.0115170460184792,4.806228,-2.8202088,4.0587573,-2.0727377,2.4234662,-1.862876,61.166653,0.0063715265
figure_eight_depth,pid,54.300000000000004,-1.0782591,-0.014861144,-1.0666068,-0.008323367,-0.0006362254,-0.95454663,0.1241541,0.037411418,-0.011704754,-0.001262336,-0.001904394,0.19971704,-0.5620833778521309,-0.46488824294412584,-0.526489918691924,0.0,0.0,0.41876252363706734,0.08661167504375733,0.03854991272878028,-0.012511301301088018,0.0,0.0,0.0,0.8721742824037549,0.03756834086616436,-1.3733091540196052,-1.9956880239099266,4.764985,-2.8063397,4.0580616,-2.0994167,2.4036863,-1.882083,60.775978,0.0063308324
figure_eight_depth,pid,54.400000000000006,-1.067107,-0.0233029,-1.0678003,-0.008448632,-0.0006953659,-0.9345818,0.13333902,0.042315014,-0.01166752,-0.0011256391,-0.0022531075,0.19963607,-0.5533915492433442,-0.46093157579425037,-0.527742050763882,0.0,0.0,0.4354621977068785,0.08722330820148949,0.04058053702152287,-0.012531282913341713,0.0,0.0,0.0,0.8643409502904881,0.046156398821115975,-1.37004401390332,-1.9791853827936248,4.7203946,-2.7925098,4.054255,-2.1263697,2.383831,-1.9013163,60.33632,0.0062850337
figure_eight_depth,pid,54.5,-1.0548797,-0.03194421,-1.068992,-0.008563011,-0.0007833923,-0.9146307,0.14214681,0.047106877,-0.011619152,-0.0010050521,-0.0025658116,0.19949691,-0.5446390350150278,-0.45677272882130077,-0.5289961638240193,0.0,0.0,0.45155782094879554,0.08782537634061116,0.04259336134965208,-0.012550920974130353,0.0,0.0,0.0,0.8558155719666731,0.054516587098728114,-1.3661885320274394,-1.9620431142955068,4.6726775,-2.7787578,4.047419,-2.1534994,2.3639426,-1.9205205,59.851196,0.0062345
figure_eight_depth,pid,54.6,-1.0415955,-0.040725004,-1.0701805,-0.008668343,-0.00089627353,-0.89469886,0.150609,0.0517867,-0.011560033,-0.0008971769,-0.0028355154,0.19930139,-0.5358267949789971,-0.45241352623301,-0.5302522234901926,0.0,0.0,0.4670672574148008,0.08841781343743582,0.044587502821630265,-0.012570214945106795,0.0,0.0,0.0,0.8466474843753349,0.0626146369404457,-1.361766115675909,-1.9442933152637012,4.6220036,-2.765132,4.0376263,-2.1807547,2.3440564,-1.9396505,59.32383,0.006179566
figure_eight_depth,pid,54.7,-1.0272748,-0.049585782,-1.0713642,-0.008766229,-0.0010303876,-0.8747918,0.15871689,0.056358643,-0.011490588,-0.0008004418,-0.0030666809,0.19905148,-0.5269557954966778,-0.44785588011970656,-0.5315101953268918,0.0,0.0,0.4820083895846789,0.08900055452470967,0.04656208674133633,-0.012589164297305278,0.0,0.0,0.0,0.8368874071603191,0.07040984610462496,-1.3568001905604785,-1.9259701941973002,4.5685883,-2.7516677,4.0249624,-2.208042,2.3242185,-1.9586494,58.757748,0.0061205984
figure_eight_depth,pid,54.800000000000004,-1.0119413,-0.05846732,-1.0725415,-0.00885811,-0.0011825729,-0.8549147,0.16645816,0.060829546,-0.01141136,-0.000713991,-0.003264238,0.19874923,-0.5180270093731303,-0.4431017896156074,-0.5327700448461835,0.0,0.0,0.49639900340874554,0.08957353569816195,0.04851624699084289,-0.012607768511141426,0.0,0.0,0.0,0.8265882962899709,0.07787357791812938,-1.3513137282355583,-1.9071106235910227,4.512647,-2.7383866,4.009523,-2.2352626,2.304471,-1.977466,58.15638,0.006057956
figure_eight_depth,pid,54.900000000000006,-0.995619,-0.067312606,-1.0737109,-0.0089452565,-0.0013495431,-0.8350728,0.17384519,0.06520667,-0.011323006,-0.00063682307,-0.0034272317,0.19839655,-0.5090414157503712,-0.43815334002193174,-0.5340317375086567,0.0,0.0,0.5102566915947335,0.09013669412444303,0.05044912641116728,-0.012626027076745316,0.0,0.0,0.0,0.8158028028202919,0.0850093799908597,-1.345329507012977,-1.88775262020616,4.454361,-2.725308,3.9914055,-2.2623525,2.2848408,-1.996064,57.52296,0.0059919753
figure_eight_depth,pid,55.0,-0.9783336,-0.07606719,-1.0748713,-0.0090286555,-0.0015279436,-0.8152709,0.18089253,0.06949392,-0.011226215,-0.0005667595,-0.0035552427,0.19799529,-0.5000000000000004,-0.4330127018922196,-0.5352952387243697,0.0,0.0,0.5235987732240234,0.09068996804570406,0.0523598771768885,-0.01264393949323983,0.0,0.0,0.0,0.8045840254408819,0.0918263960541833,-1.3388696739503416,-1.8679344382646104,4.3938994,-2.712453,3.9707017,-2.289255,2.2653587,-2.0144062,56.860596,0.0059229787
figure_eight_depth,pid,55.1,-0.96011084,-0.08467935,-1.0760212,-0.009109107,-0.0017143505,-0.79551363,0.18761902,0.07369742,-0.011121696,-0.0005026271,-0.003647781,0.19754735,-0.4909037536151411,-0.42768213008025346,-0.5365605138537985,0.0,0.0,0.5364422278743372,0.09123329679039394,0.05424766117015367,-0.012661505269906392,0.0,0.0,0.0,0.7929842531752616,0.09834058591589924,-1.3319558577876673,-1.8476949917894645,4.331418,-2.6998377,3.9475048,-2.3159244,2.2460456,-2.032463,56.172234,0.0058512744
figure_eight_depth,pid,55.2,-0.9409778,-0.09309964,-1.0771599,-0.009187159,-0.0019055376,-0.7758056,0.19403549,0.07782108,-0.011010167,-0.00044266225,-0.0037069896,0.19705449,-0.4817536741017153,-0.4221639627510076,-0.5378275282087863,0.0,0.0,0.5488036425295166,0.09176662077595155,0.05611165034638543,-0.01267872392496372,0.0,0.0,0.0,0.7810566723017142,0.10456100722761917,-1.324609235066443,-1.827073389272592,4.2670746,-2.6874778,3.9219077,-2.3423111,2.2269309,-2.0502026,55.460793,0.0057771658
figure_eight_depth,pid,55.300000000000004,-0.92096215,-0.101281226,-1.078286,-0.009263078,-0.00209842,-0.75615114,0.2001563,0.081866585,-0.010892356,-0.00038466215,-0.0037344028,0.19651848,-0.47255076486905384,-0.4164606203550496,-0.5390962470534943,0.0,0.0,0.5606991696650709,0.09228988151743778,0.05795102709824085,-0.012695594986456005,0.0,0.0,0.0,0.7688539984900226,0.11050054332836255,-1.3168503094012465,-1.8061091605909856,4.201013,-2.6753893,3.8939981,-2.3683743,2.2080402,-2.0675914,54.72901,0.005700939
figure_eight_depth,pid,55.400000000000006,-0.9000935,-0.10917837,-1.0793992,-0.009336988,-0.002290513,-0.7365543,0.20597637,0.08583855,-0.010769015,-0.00032788457,-0.0037360804,0.19594109,-0.46329603511986134,-0.4105746045668518,-0.5403666356053548,0.0,0.0,0.5721444950507079,0.09280302163339194,0.059764984614268934,-0.012712117991697802,0.0,0.0,0.0,0.7564309926447957,0.11615426165521266,-1.3086988196776304,-1.7848441386260747,4.1333966,-2.663574,3.8638747,-2.394052,2.189404,-2.0845985,53.97965,0.00562288
figure_eight_depth,pid,55.5,-0.8784011,-0.11674794,-1.0804986,-0.009409024,-0.002479266,-0.71701926,0.21151662,0.08974523,-0.010640941,-0.00027290566,-0.003711404,0.19532403,-0.45399049973954697,-0.40450849718747384,-0.5416386590360236,0.0,0.0,0.5831548139234201,0.09330598485224328,0.06155272723284977,-0.012728292487884652,0.0,0.0,0.0,0.7438417222828113,0.1215439355392412,-1.3001740738530772,-1.7633196809409657,4.064348,-2.6520336,3.8316333,-2.4193187,2.1710303,-2.1012118,53.215187,0.0055432487
figure_eight_depth,pid,55.6,-0.8559153,-0.12394824,-1.0815837,-0.009479257,-0.0026625479,-0.69754976,0.21677941,0.09359294,-0.010508897,-0.00021962874,-0.0036646004,0.19466895,-0.44463517918492745,-0.39826495901209813,-0.542912282472336,0.0,0.0,0.5937448143286057,0.09379871601838952,0.06331347079091554,-0.012744118031482454,0.0,0.0,0.0,0.731141535342535,0.12667317740879047,-1.29129457467025,-1.7415782646205495,3.9940047,-2.6407623,3.797373,-2.4441307,2.1529365,-2.1174142,52.438095,0.0054623014
figure_eight_depth,pid,55.7,-0.83266693,-0.13073951,-1.0826544,-0.009547678,-0.0028384512,-0.6781494,0.22177356,0.09738698,-0.010373656,-0.00016766017,-0.0035979266,0.19397733,-0.4352310993723273,-0.39184672866291975,-0.5441874709972622,0.0,0.0,0.6039286665577525,0.09428116109830298,0.06504644296814743,-0.012759594188616052,0.0,0.0,0.0,0.7183862534593096,0.1315519515280245,-1.2820780686993234,-1.7196628268777767,3.9224865,-2.6297534,3.7611902,-2.468457,2.135135,-2.1331935,51.650646,0.005380276
figure_eight_depth,pid,55.800000000000004,-0.8086884,-0.13708347,-1.0837102,-0.009614122,-0.00300551,-0.65882176,0.22649749,0.10112988,-0.010235985,-0.00011584549,-0.0035158158,0.1932506,-0.425779291565073,-0.38525662138789485,-0.5454641896508643,0.0,0.0,0.6137200177226132,0.09475326718644261,0.06675088362567694,-0.012774720535069228,0.0,0.0,0.0,0.7056330919498719,0.1361796606078445,-1.272541779330737,-1.69761774908254,3.849922,-2.6189961,3.723183,-2.492257,2.1176438,-2.148532,50.85508,0.0052974042
figure_eight_depth,pid,55.900000000000006,-0.78401285,-0.1429435,-1.0847511,-0.009678373,-0.0031625144,-0.6395703,0.2309549,0.104825884,-0.010096675,-6.390221e-05,-0.0034207976,0.19249015,-0.4162807922604013,-0.3784975278258783,-0.5467424034312558,0.0,0.0,0.6231319906265267,0.09521498251108262,0.06842604513954131,-0.012789496656118171,0.0,0.0,0.0,0.6929400822477338,0.14056146296330374,-1.2627022864372262,-1.6754891254954245,3.7764251,-2.6084745,3.6834505,-2.5154998,2.100474,-2.163421,50.05345,0.005213902
figure_eight_depth,pid,56.0,-0.7586732,-0.14828567,-1.0857774,-0.009740151,-0.0033081549,-0.62039816,0.23516437,0.108478434,-0.009956499,-1.1464433e-05,-0.0033118492,0.19169727,-0.406736643075801,-0.3715724127386977,-0.5480220772955601,0.0,0.0,0.632177186193951,0.0956662564399191,0.0700711927285047,-0.012803922146586988,0.0,0.0,0.0,0.6803654103053185,0.14471678847531913,-1.252575349989422,-1.6533229873778197,3.7020845,-2.5981784,3.6420822,-2.5381758,2.0836298,-2.1778605,49.247654,0.005129963
figure_eight_depth,pid,56.1,-0.732702,-0.15307885,-1.086789,-0.009799017,-0.0034410893,-0.6013085,0.23914437,0.112087026,-0.009816152,4.2868192e-05,-0.003188599,0.1908732,-0.3971478906347812,-0.36448431371070616,-0.5493031761608718,0.0,0.0,0.6408676888166003,0.09610703948564892,0.0716856047764669,-0.01281799661112526,0.0,0.0,0.0,0.6679669629903121,0.14866392916957322,-1.2421762134252123,-1.6311654480233169,3.6269808,-2.5881019,3.59916,-2.560281,2.067119,-2.1918452,48.439415,0.0050457725
figure_eight_depth,pid,56.2,-0.70613265,-0.15729357,-1.0877863,-0.009854535,-0.0035603207,-0.5823044,0.24289805,0.115654744,-0.009676277,9.876173e-05,-0.0030544333,0.1900192,-0.3875155864521033,-0.35723633981640196,-0.5505856649052184,0.0,0.0,0.6492150740558088,0.09653728331149303,0.07326857314893243,-0.012831719663763952,0.0,0.0,0.0,0.6558036931046344,0.1524074061720892,-1.2315194921428145,-1.6090637339175125,3.5512068,-2.5782273,3.5547755,-2.5817957,2.050947,-2.2053747,47.630486,0.004961509
figure_eight_depth,pid,56.300000000000004,-0.6789983,-0.16090168,-1.0887697,-0.009906495,-0.0036650691,-0.5633887,0.24643181,0.1191905,-0.009537497,0.00015385986,-0.0029114466,0.18913656,-0.3778407868184672,-0.34983167025668277,-0.5518695083685231,0.0,0.0,0.6572304182230708,0.09695694073633132,0.07481940350362315,-0.012845090928303993,0.0,0.0,0.0,0.6439349127014954,0.1559566338573958,-1.220619123476672,-1.587065737179814,3.4748435,-2.5685267,3.509025,-2.6027083,2.035105,-2.218463,46.822445,0.004877338
figure_eight_depth,pid,56.400000000000006,-0.6513325,-0.16387704,-1.0897397,-0.009954572,-0.0037547217,-0.5445641,0.24975306,0.122694194,-0.009400401,0.00020916437,-0.0027612941,0.18822627,-0.36812455268467786,-0.34227355296434425,-0.5531546713535689,0.0,0.0,0.6649243094232883,0.09736596574044798,0.07633741559553986,-0.012858110038371784,0.0,0.0,0.0,0.6324203725861244,0.15931959250985533,-1.2094884373453465,-1.5652207303832204,3.3979645,-2.5589828,3.4619937,-2.6230118,2.019596,-2.2311134,46.016785,0.0047934153
figure_eight_depth,pid,56.5,-0.62316775,-0.16619568,-1.0906968,-0.009998576,-0.0038285358,-0.52583337,0.25288182,0.12617198,-0.0092655355,0.00026324048,-0.002602625,0.1872894,-0.35836794954530077,-0.3345653031794295,-0.5544411186269631,0.0,0.0,0.6723068597059058,0.09776431346836256,0.07782194357330852,-0.012870776636642045,0.0,0.0,0.0,0.621319109476525,0.16251820145903628,-1.1981402280072975,-1.5435782019277307,3.3206203,-2.5495758,3.413764,-2.6427195,2.004406,-2.243346,45.21485,0.0047098803
figure_eight_depth,pid,56.6,-0.5945353,-0.16783664,-1.0916418,-0.010038149,-0.0038855993,-0.50719905,0.25584248,0.12962112,-0.009133347,0.00031769,-0.0024337296,0.18632685,-0.3485720473218155,-0.32671030199505297,-0.5557288149201041,0.0,0.0,0.6793877180298753,0.0981519402380171,0.07927233627488817,-0.01288309037611457,0.0,0.0,0.0,0.6106893392783451,0.16557586127124152,-1.186586767025847,-1.5221860107657856,3.242849,-2.540302,3.3644009,-2.6618536,1.989533,-2.2551696,44.417892,0.004626864
figure_eight_depth,pid,56.7,-0.56546795,-0.16877998,-1.0925752,-0.010072857,-0.0039256783,-0.48866364,0.2586238,0.13304019,-0.009004192,0.00037312583,-0.0022613376,0.18533954,-0.3387379202452914,-0.3187119948743449,-0.5570177249301476,0.0,0.0,0.6861760837824273,0.0985288035413312,0.08068795750981739,-0.012895050919226048,0.0,0.0,0.0,0.600589641044466,0.1684823600603466,-1.1748397273809839,-1.5010940204217016,3.164729,-2.5311344,3.3139894,-2.6803946,1.974981,-2.266586,43.62716,0.004544495
figure_eight_depth,pid,56.800000000000004,-0.53599966,-0.16900729,-1.0934979,-0.010102221,-0.0039488794,-0.47022948,0.26122266,0.1364274,-0.008878485,0.0004300317,-0.0020887982,0.18432835,-0.32886664673858307,-0.31057389013915504,-0.5583078133209745,0.0,0.0,0.6926807206399883,0.09889486205105769,0.08206818633985091,-0.012906657937905575,0.0,0.0,0.0,0.5910783247450068,0.17123511532018224,-1.1629101973302807,-1.4803533243654365,3.0863254,-2.5220473,3.262611,-2.6983328,1.9607519,-2.2776015,42.843773,0.0044628936
figure_eight_depth,pid,56.900000000000006,-0.5061645,-0.16850092,-1.0944107,-0.010126041,-0.0039555393,-0.45189893,0.26363748,0.13979012,-0.008756645,0.00048564037,-0.0019183459,0.18329424,-0.31895930929806954,-0.3022995574311871,-0.5595990447241598,0.0,0.0,0.698909970594933,0.09925007562469612,0.08341241735096427,-0.012917911114129765,0.0,0.0,0.0,0.582212434049994,0.1738360750239053,-1.150808903051903,-1.4600163126740064,3.0076952,-2.5130024,3.2103565,-2.7156637,1.9468284,-2.2882414,42.06882,0.0043821684
figure_eight_depth,pid,57.0,-0.47599488,-0.16724636,-1.0953143,-0.010143975,-0.0039455434,-0.43367416,0.2658954,0.14312398,-0.00863906,0.0005415495,-0.0017454469,0.18223785,-0.3090169943749477,-0.2938926261462368,-0.5608913837399422,0.0,0.0,0.704871767996983,0.09959440530910024,0.08472006091900242,-0.012928810139256619,0.0,0.0,0.0,0.5740459117514886,0.1763106346441685,-1.1385459246627851,-1.4400717087089396,2.9288564,-2.5039933,3.1572824,-2.7324193,1.9332029,-2.2985198,41.303192,0.0043024165
figure_eight_depth,pid,57.1,-0.44562566,-0.16524436,-1.0962094,-0.0101373745,-0.003938109,-0.41555798,0.26712885,0.14587453,-0.008526402,0.00078078965,-0.0017633155,0.18115196,-0.29904079225608665,-0.2853567838422158,-0.5621847949381952,0.0,0.0,0.7105736534894598,0.09992781334464129,0.0859905434683339,-0.012939354714580631,0.0,0.0,0.0,0.5666536912212253,0.17765628143885415,-1.1261316340268743,-1.4205483560219982,2.8512301,-2.495005,3.103499,-2.7472734,1.9210856,-2.3072336,40.547676,0.004223716
figure_eight_depth,pid,57.2,-0.41527548,-0.16251336,-1.0970964,-0.010077455,-0.003963628,-0.39755312,0.2666089,0.14760241,-0.008424489,0.0013082365,-0.002080346,0.18003519,-0.28903179694447134,-0.27669577462167183,-0.5634792428593971,0.0,0.0,0.7160227877374243,0.1002502631693436,0.08722330772320541,-0.012949544550833192,0.0,0.0,0.0,0.5601092829072475,0.1770347593675985,-1.1135759038205695,-1.4015157351439744,2.7762675,-2.485878,3.0492475,-2.7588577,1.911531,-2.313349,39.801994,0.0041460404
figure_eight_depth,pid,57.300000000000004,-0.38520476,-0.1590801,-1.0979754,-0.009938142,-0.0040534926,-0.37966192,0.26392627,0.14816943,-0.0083432635,0.00210227,-0.0027015347,0.17889248,-0.27899110603922966,-0.26791339748949866,-0.5647746920156043,0.0,0.0,0.7212259648723508,0.10056171942299241,0.08841781295262918,-0.012959379368848722,0.0,0.0,0.0,0.5544627969740716,0.17401017110577469,-1.1008878825588133,-1.3830878283013306,2.7050695,-2.4762492,2.994949,-2.7661285,1.9050167,-2.31642,39.06529,0.004069301
figure_eight_depth,pid,57.400000000000006,-0.35563704,-0.15497534,-1.0988464,-0.009707973,-0.0042241365,-0.36188596,0.2593722,0.14779428,-0.008293817,0.0030222374,-0.003472914,0.17773244,-0.26891982061526587,-0.25901350468656525,-0.5660711068914238,0.0,0.0,0.7261896255808374,0.10086214795085313,0.08957353520699929,-0.01296885889895405,0.0,0.0,0.0,0.549721172382064,0.16892882753669464,-1.0880755904512904,-1.3653467446164875,2.6377316,-2.4658298,2.9409168,-2.7690148,1.9011989,-2.3168283,38.336624,0.003993399
figure_eight_depth,pid,57.5,-0.3267611,-0.15023324,-1.0997102,-0.009386405,-0.004480864,-0.3442265,0.25322902,0.14666893,-0.008283684,0.003961632,-0.0042814873,0.17655967,-0.25881904510252157,-0.2500000000000007,-0.567368451944987,0.0,0.0,0.7309198697956936,0.10115151580761261,0.09068996754846292,-0.012977982881245964,0.0,0.0,0.0,0.5458546449903655,0.16212109090234003,-1.0751463791283504,-1.348344741424635,2.5742643,-2.4543803,2.887415,-2.767531,1.8997134,-2.3149667,37.615192,0.0039182496
figure_eight_depth,pid,57.6,-0.29873624,-0.14489129,-1.1005678,-0.008980154,-0.0048215142,-0.32668477,0.24573989,0.14494532,-0.0083170375,0.0048485314,-0.005052848,0.17537597,-0.24868988716485535,-0.24087683705085813,-0.5686666916089238,0.0,0.0,0.7354224689418967,0.10142979126076535,0.09176662027279847,-0.012986751065591218,0.0,0.0,0.0,0.5428044497670439,0.1538674296589333,-1.062107241910189,-1.3321110648849506,2.5146515,-2.4417026,2.8346698,-2.7617207,1.9002284,-2.3111894,36.900303,0.0038437813
figure_eight_depth,pid,57.7,-0.27169478,-0.13899022,-1.1014211,-0.00850052,-0.0052387817,-0.30926198,0.2371321,0.14274813,-0.0083952835,0.0056363777,-0.0057370616,0.17418143,-0.23853345757858122,-0.23164801755993117,-0.5699657902913382,0.0,0.0,0.7397028777140613,0.10169694379430494,0.09280302112454897,-0.012995163211571015,0.0,0.0,0.0,0.5404904302581754,0.14442421948846035,-1.0489648553866382,-1.3166563684466894,2.4588313,-2.427642,2.7828634,-2.751674,1.9024372,-2.3058221,36.191414,0.0037699395
figure_eight_depth,pid,57.800000000000004,-0.24574341,-0.13257423,-1.1022727,-0.007961276,-0.0057218024,-0.29195946,0.22762676,0.14017808,-0.008517609,0.006298886,-0.006300796,0.1729753,-0.22835087011065586,-0.22231758959246387,-0.5712657123767834,0.0,0.0,0.7437662453611306,0.1019529441119299,0.09379871550409258,-0.013003219088536522,0.0,0.0,0.0,0.5388180061974356,0.13403385209508634,-1.0357257099111488,-1.3019751466891907,2.4066935,-2.412094,2.7321289,-2.7375293,1.9060649,-2.299158,35.48818,0.003696685
figure_eight_depth,pid,57.900000000000006,-0.22096638,-0.1256893,-1.1031258,-0.0073773605,-0.006257877,-0.27477872,0.21741585,0.13732469,-0.008681437,0.006822193,-0.006728351,0.17175655,-0.21814324139654243,-0.21288964578253622,-0.5725664222272386,0.0,0.0,0.7476174264628623,0.10219776414077675,0.0947532666673162,-0.013010918475775402,0.0,0.0,0.0,0.5376849778601622,0.12290760298733876,-1.0223961501795982,-1.2880486925646046,2.3581107,-2.394971,2.6825817,-2.7194417,1.9108568,-2.2914674,34.79038,0.0036239976
figure_eight_depth,pid,58.0,-0.19742872,-0.11838329,-1.1039838,-0.006763451,-0.0068337154,-0.25772128,0.20666511,0.1342542,-0.008882991,0.0072065266,-0.0070165796,0.17052396,-0.20791169081775987,-0.2033683215379006,-0.5738678841830865,0.0,0.0,0.7512609911930165,0.1024313770326829,0.09566625591578282,-0.013018261162067724,0.0,0.0,0.0,0.5369871415973971,0.11122410661906723,-1.0089822662841876,-1.2748459905297451,2.31295,-2.3762126,2.6343088,-2.6975718,1.9166061,-2.2829714,34.09794,0.0035518685
figure_eight_depth,pid,58.1,-0.17517999,-0.110710345,-1.1048504,-0.00613145,-0.007436247,-0.24078886,0.19551896,0.13096702,-0.009117792,0.0074771103,-0.007170357,0.16927561,-0.19765734037912644,-0.19375779322605174,-0.5751700625640902,0.0,0.0,0.7547012350591759,0.10265375716936309,0.09653728278216644,-0.013025246946074542,0.0,0.0,0.0,0.5366221966565967,0.09911922190820886,-0.9954900971683601,-1.2623280829182126,2.2710958,-2.355846,2.5873148,-2.6720648,1.9232359,-2.273762,33.410847,0.0034802966
figure_eight_depth,pid,58.2,-0.15425777,-0.10272959,-1.1057298,-0.0054906276,-0.008053573,-0.22398326,0.18408395,0.12745804,-0.009381144,0.0076579195,-0.0072035394,0.16801046,-0.18738131458572468,-0.18406227634233904,-0.5764729216703713,0.0,0.0,0.7579421881239625,0.10286488016519879,0.09736596520616703,-0.01303187563650443,0.0,0.0,0.0,0.5364932783043486,0.08669139769303047,-0.9819254461329194,-1.25045299927794,2.23243,-2.333931,2.5415678,-2.643069,1.9307023,-2.2638993,32.72921,0.0034092925
figure_eight_depth,pid,58.300000000000004,-0.13468689,-0.094503835,-1.1066256,-0.004848168,-0.008674703,-0.20730624,0.17247182,0.12372758,-0.009668388,0.0077676727,-0.0071268417,0.16672818,-0.17708474031958313,-0.17428602366090745,-0.5777764257833896,0.0,0.0,0.7609876237044584,0.10306472286773782,0.09815193969982261,-0.013038147051391835,0.0,0.0,0.0,0.5365111174313292,0.07404602681125047,-0.9682938597331296,-1.2391751147365497,2.1968584,-2.310502,2.4970605,-2.6107042,1.9389629,-2.2534385,32.053257,0.003338881
figure_eight_depth,pid,58.400000000000006,-0.11648284,-0.08609799,-1.1075417,-0.0042095114,-0.009290305,-0.19075954,0.16075592,0.11977686,-0.009975001,0.007821929,-0.0069581233,0.16542885,-0.16676874671610187,-0.16443332336929123,-0.5790805391669211,0.0,0.0,0.7638410665587694,0.10325326336199647,0.098894861508797,-0.013044061018929742,0.0,0.0,0.0,0.5365969383369529,0.061253834238224496,-0.9546006061629564,-1.2284489944218602,2.1643198,-2.285578,2.4537992,-2.5750575,1.9479914,-2.242422,31.383327,0.0032690961
figure_eight_depth,pid,58.5,-0.09965059,-0.07757848,-1.1084815,-0.003578691,-0.009892128,-0.17434488,0.14902207,0.11560886,-0.010296703,0.007833154,-0.0067091295,0.16411278,-0.15643446504023112,-0.15450849718747395,-0.5803852260680387,0.0,0.0,0.7665058005618846,0.10343048097236074,0.09959440476300929,-0.013049617376914568,0.0,0.0,0.0,0.5366827168811128,0.048400771155221005,-0.940850682930926,-1.2182295079619438,2.1347263,-2.259204,2.4117625,-2.53624,1.9577631,-2.230887,30.719864,0.003199986
figure_eight_depth,pid,58.6,-0.084185444,-0.06901186,-1.1094483,-0.0029587795,-0.010473081,-0.15806386,0.1373447,0.11123253,-0.010629406,0.0078096297,-0.006392105,0.16278046,-0.14608302856241162,-0.1445158984722358,-0.581690450718092,0.0,0.0,0.7689848758804488,0.10359635626493169,0.1002502626196583,-0.013054815973023715,0.0,0.0,0.0,0.5367127097775951,0.035573074752512035,-0.9270487346279311,-1.2084705648445888,2.1079884,-2.2314253,2.3709261,-2.494363,1.9682504,-2.2188725,30.063417,0.0031316064
figure_eight_depth,pid,58.7,-0.070077546,-0.06046336,-1.110445,-0.0023521287,-0.011028003,-0.141918,0.12575312,0.106658995,-0.010969286,0.007757444,-0.006026889,0.1614325,-0.13571557243430504,-0.1344599103076335,-0.5829961773336878,0.0,0.0,0.7712811156541445,0.10375087104959324,0.10086214739780941,-0.013059656664760055,0.0,0.0,0.0,0.5366433863570892,0.02284889570090499,-0.913199119213257,-1.1991301474030285,2.0840583,-2.202254,2.3312986,-2.4494944,1.9794296,-2.2064133,29.4146,0.0030640205
figure_eight_depth,pid,58.800000000000004,-0.05730928,-0.051997256,-1.1114742,-0.0017604087,-0.0115526365,-0.12590882,0.11430389,0.101896524,-0.011312875,0.0076826564,-0.0056228586,0.16006927,-0.12533323356430465,-0.12434494358242779,-0.5843023701176716,0.0,0.0,0.7733971221916573,0.10389400838210772,0.10142979070462688,-0.01306413931945194,0.0,0.0,0.0,0.536443415756141,0.010566472342522297,-0.8993059440128701,-1.1901689189101228,2.0628517,-2.171739,2.29285,-2.4017375,1.9912819,-2.1935358,28.774115,0.0029973034
figure_eight_depth,pid,58.900000000000006,-0.045856606,-0.04367522,-1.1125379,-0.0011851022,-0.01204374,-0.110037744,0.10303989,0.096964076,-0.011656906,0.007586553,-0.005190399,0.15869133,-0.11493715049286679,-0.11417543505532805,-0.5856089932601082,0.0,0.0,0.7753352826909602,0.10402575256581587,0.10195294355292567,-0.013068263814197678,0.0,0.0,0.0,0.5360936795278152,0.005277561122503446,-0.8853730267362178,-1.1815492875447655,2.0442839,-2.1399164,2.2555616,-2.3511941,2.0037715,-2.1802826,28.142744,0.0029315355
figure_eight_depth,pid,59.0,-0.035691205,-0.035556152,-1.1136377,-0.0006274228,-0.012499294,-0.09430614,0.091984026,0.09187717,-0.011998395,0.0074714213,-0.0047419663,0.15729909,-0.1045284632676543,-0.10395584540888049,-0.5869160109392639,0.0,0.0,0.7770977744933548,0.10414608915348955,0.1024313764705978,-0.013072030035810034,0.0,0.0,0.0,0.5355864158160863,0.016138765266580198,-0.8714039156314316,-1.1732371370523464,2.0282872,-2.1068113,2.2194242,-2.2979484,2.0168688,-2.166685,27.5213,0.0028668018
figure_eight_depth,pid,59.1,-0.0267818,-0.027695913,-1.1147751,-8.8344874e-05,-0.012918458,-0.07871538,0.08114797,0.08665054,-0.0123346625,0.0073394645,-0.004289446,0.15589282,-0.09410831331851491,-0.0936906572928629,-0.5882233873225893,0.0,0.0,0.7786865698791352,0.10425500494886525,0.10286487960118468,-0.013075437881149288,0.0,0.0,0.0,0.5349250709001432,0.028238069752945138,-0.8574019464350549,-1.1656343408780805,2.0148022,-2.072442,2.1844351,-2.242075,2.0305471,-2.1527734,26.910658,0.0028031934
figure_eight_depth,pid,59.2,-0.019093102,-0.020147318,-1.1159508,0.0004313339,-0.013301001,-0.06326678,0.07055533,0.08129927,-0.012663294,0.007192453,-0.0038390728,0.15447275,-0.08367784333231584,-0.08338437335805148,-0.5895310865677,0.0,0.0,0.7801034404138438,0.10435248800810121,0.10325326279584518,-0.013078487256790172,0.0,0.0,0.0,0.5341234433420212,0.04030382390305243,-0.8433702169159762,-1.158352853145571,2.0037508,-2.0368419,2.150575,-2.1836662,2.0447764,-2.1385758,26.31173,0.0027408053
figure_eight_depth,pid,59.300000000000004,-0.012585285,-0.01296035,-1.1171656,0.00093106815,-0.01364698,-0.04796167,0.06023713,0.07583484,-0.012982131,0.007033015,-0.0033937774,0.15303902,-0.07323819712763181,-0.07304151428120594,-0.5908390728233609,0.0,0.0,0.781349960854801,0.10443852764108197,0.10359635569689996,-0.013081178079077382,0.0,0.0,0.0,0.5332054940667976,0.05219650600528618,-0.8293116317601525,-1.151282117862181,1.9950436,-2.0000596,2.1178086,-2.1228244,2.059533,-2.1241138,25.72547,0.0026797364
figure_eight_depth,pid,59.400000000000006,-0.0072166147,-0.0061810217,-1.1184193,0.0014102336,-0.01395721,-0.032801356,0.050198954,0.0702769,-0.0132892085,0.006860515,-0.002961164,0.15159187,-0.06279051952931326,-0.062666616782152,-0.592147310230468,0.0,0.0,0.7824275126232101,0.10451311441259797,0.10389400781244534,-0.013083510274236598,0.0,0.0,0.0,0.5322041691046402,0.06387628854792551,-0.8152288687898113,-1.1444041659362392,1.9886085,-1.962115,2.0861275,-2.059634,2.0747783,-2.1094208,25.15284,0.0026200877
figure_eight_depth,pid,59.5,-0.0029447766,0.00014737686,-1.1197119,0.001868581,-0.014233288,-0.017787138,0.04043561,0.06463183,-0.013582854,0.006678972,-0.0025490695,0.15013129,-0.05233595624294437,-0.05226423163382727,-0.5934557629230316,0.0,0.0,0.7833372868512991,0.1045762401437958,0.10414608858288349,-0.013085483778429996,0.0,0.0,0.0,0.5311609565830776,0.07533687584439674,-0.8011244248514298,-1.1377082957841134,1.9843922,-1.9230287,2.0555232,-1.9941598,2.0904963,-2.094506,24.59483,0.0025619613
figure_eight_depth,pid,59.6,0.00027350584,0.0059852265,-1.1210428,0.0023058176,-0.014477256,-0.0029203172,0.030946815,0.058915876,-0.013861601,0.0064883307,-0.0021618935,0.14865744,-0.04187565372919993,-0.04183892166615805,-0.5947643950291607,0.0,0.0,0.7840802870087764,0.10462789791091179,0.10435248743592349,-0.013087098537312158,0.0,0.0,0.0,0.5301251837761695,0.0865678199369616,-0.7870006042395226,-1.142989707526935,1.9823275,-1.8828177,2.0259886,-1.926479,2.1066527,-2.079396,24.052448,0.0025054635
figure_eight_depth,pid,59.7,0.0024828843,0.011296793,-1.1224115,0.002721537,-0.014691316,0.0117978165,0.021738157,0.053147525,-0.014124168,0.006287902,-0.0018012596,0.14717045,-0.03141075907812836,-0.031395259764656756,-0.5960731706720448,0.0,0.0,0.7846573311162512,0.10466808205041728,0.10451311383953207,-0.013088354506918254,0.0,0.0,0.0,0.5291534902802584,0.0975544421886245,-0.7728595146236341,-1.1512279519519875,1.9823356,-1.841504,1.997511,-1.8566794,2.1232073,-2.0641215,23.526707,0.0024506988
figure_eight_depth,pid,59.800000000000004,0.0037302542,0.016050225,-1.1238165,0.0031152552,-0.014877527,0.026365975,0.012825799,0.04734492,-0.014369447,0.0060773585,-0.0014656696,0.1456704,-0.02094241988335679,-0.020937826864599645,-0.5973820539709386,0.0,0.0,0.7850690535490384,0.10469678815522472,0.10462789733722659,-0.013089251652609324,0.0,0.0,0.0,0.528308690500559,0.1082739908257707,-0.7587030786310306,-1.1595212401018586,1.9843222,-1.7991221,1.9700636,-1.7848635,2.1401181,-2.0487115,23.018589,0.0023977696
figure_eight_depth,pid,59.900000000000006,0.004063087,0.020217625,-1.1252568,0.0034864182,-0.0150381215,0.040782873,0.004211059,0.041526504,-0.014596504,0.005856431,-0.0011568697,0.14415732,-0.010471784116245386,-0.010471209941678073,-0.5986910090421451,0.0,0.0,0.7853159064358645,0.10471401307738433,0.10469678758116048,-0.01308978994990495,0.0,0.0,0.0,0.5276595255281195,0.11871646365778855,-0.7445330338484221,-1.1679030933331944,1.9882042,-1.7556922,1.9436333,-1.7111213,2.1573417,-2.0331986,22.529078,0.002346779
figure_eight_depth,pid,60.0,0.0035280907,0.02377454,-1.1267308,0.003834572,-0.0151756825,0.055047214,-0.004116522,0.035706304,-0.014804595,0.0056265453,-0.0008783402,0.1426312,-2.4492935982947064e-16,-2.4492935982947064e-16,-0.6,0.0,0.0,0.7853981606558916,0.10471975492799004,0.10471975435379975,-0.013089969383928146,0.0,0.0,0.0,0.5272788745100921,0.12888417853707135,-0.7303509466246721,-1.1764177567502438,1.9939116,-1.7112244,1.9182168,-1.6355295,2.1748407,-2.0176063,22.059155,0.0022978284
figure_eight_depth,pid,60.1,0.0021740154,0.026700115,-1.1282369,0.0041593146,-0.015292356,0.06915769,-0.012137786,0.029899176,-0.01499315,0.005388706,-0.0006257165,0.14109194,0.010471784116245785,0.010471209941678472,-0.6013089909578548,0.0,0.0,0.7853159064358646,0.10471401307738347,0.10469678758115962,-0.01308978994984944,0.0,0.0,0.0,0.5272430567956639,0.1387539126974453,-0.7161582166260654,-1.1850987009198406,2.001341,-1.6657606,1.8937774,-1.558197,2.1925762,-2.001959,21.609726,0.002251013
figure_eight_depth,pid,60.2,4.9511378e-05,0.028976234,-1.1297733,0.0044605536,-0.015390374,0.08311298,-0.019854035,0.024112001,-0.015161784,0.0051463987,-0.00039979353,0.1395394,0.020942419883356298,0.020937826864599152,-0.6026179460290614,0.0,0.0,0.7850690535490384,0.10469678815522472,0.10462789733722659,-0.013089251652609324,0.0,0.0,0.0,0.5276304139974415,0.14832401204964066,-0.701956076103913,-1.193942284239343,2.010414,-1.619329,1.8702923,-1.4792074,2.210523,-1.9862677,21.18171,0.002206428
figure_eight_depth,pid,60.300000000000004,-0.0027976283,0.030587655,-1.1313379,0.0047383537,-0.015472126,0.096911736,-0.027272947,0.018354088,-0.015310283,0.0049015977,-0.00020209345,0.13797352,0.03141075907812787,0.031395259764656264,-0.603926829327955,0.0,0.0,0.7846573311162512,0.10466808205041728,0.10451311383953207,-0.013088354506918254,0.0,0.0,0.0,0.528519898879135,0.15759679523769668,-0.6877455952835602,-1.202904294293468,2.0210564,-1.5719491,1.8477459,-1.3986387,2.2286515,-1.9705459,20.775988,0.0021641653
figure_eight_depth,pid,60.400000000000006,-0.0063205143,0.03152148,-1.1329287,0.004993048,-0.01554008,0.11055261,-0.034402035,0.012630187,-0.015438591,0.0046573924,-3.325027e-05,0.1363941,0.04187565372919944,0.04183892166615756,-0.6052356049708392,0.0,0.0,0.7840802870087764,0.10462789791091179,0.10435248743592349,-0.01308709853736767,0.0,0.0,0.0,0.5299899559497908,0.16657680574923361,-0.673527678041949,-1.2119276865748778,2.0331984,-1.5236439,1.8261192,-1.3165648,2.246941,-1.9547993,20.393425,0.0021243151
figure_eight_depth,pid,60.5,-0.010473443,0.031766564,-1.1345439,0.0052253297,-0.015596768,0.12403422,-0.0412514,0.0069401534,-0.015546807,0.0044177826,0.00010618741,0.13480096,0.052335956242942995,0.0522642316338259,-0.6065442370769681,0.0,0.0,0.7833372868513068,0.1045762401433517,0.10414608858244287,-0.013085483778374485,0.0,0.0,0.0,0.5321172940048752,0.17527336412005948,-0.659303068361183,-1.2209629539346145,2.0467787,-1.4744364,1.8053917,-1.2330494,2.2653809,-1.9390246,20.034882,0.002086967
figure_eight_depth,pid,60.6,-0.015209489,0.03131557,-1.136181,0.005435542,-0.01564414,0.13735518,-0.04780412,0.0013022772,-0.01563511,0.004179681,0.00022225345,0.13319416,0.06279051952931278,0.06266661678215152,-0.607852689769532,0.0,0.0,0.7824275126232433,0.10451311441259103,0.10389400781244534,-0.013083510274236598,0.0,0.0,0.0,0.5349744756349631,0.18366304482535073,-0.645072334028654,-1.2299791984292017,2.061693,-1.4243697,1.785522,-1.1481988,2.283928,-1.9232475,19.701063,0.0020521942
figure_eight_depth,pid,60.7,-0.020482576,0.030164253,-1.1378381,0.005623909,-0.015684113,0.15051414,-0.05406329,-0.0042700274,-0.015703794,0.0039421944,0.00031544652,0.13157366,0.07323819712763133,0.07304151428120545,-0.609160927176639,0.0,0.0,0.781349960854801,0.10443852764108197,0.10359635569689996,-0.013081178079077382,0.0,0.0,0.0,0.5386293925363155,0.19174165176541996,-0.6308358201296652,-1.238960072967422,2.077856,-1.3734679,1.7664862,-1.0620979,2.3025467,-1.9074901,19.392666,0.0020200694
figure_eight_depth,pid,60.800000000000004,-0.026247878,0.028309345,-1.1395129,0.005791214,-0.015718665,0.16350965,-0.06003787,-0.009783239,-0.015753275,0.0037111915,0.00038525087,0.12993905,0.08367784333231536,0.083384373358051,-0.6104689134322999,0.0,0.0,0.7801034404138103,0.10435248800810121,0.10325326279583824,-0.013078487256790172,0.0,0.0,0.0,0.5431431293041324,0.19952091379836706,-0.6165937883952632,-1.2479004033762202,2.0952091,-1.321762,1.7482543,-0.974807,2.3212366,-1.8917372,19.110407,0.0019906673
figure_eight_depth,pid,60.900000000000006,-0.03246316,0.025749706,-1.1412032,0.0059381737,-0.01575003,0.1763403,-0.06574808,-0.015229299,-0.015784062,0.003486323,0.00042930318,0.12829019,0.09410831331851442,0.09369065729286241,-0.6117766126774107,0.0,0.0,0.7786865698791015,0.10425500494886525,0.10286487960117774,-0.013075437881204799,0.0,0.0,0.0,0.5485697630838973,0.20701357613317792,-0.602346273014592,-1.2567991279963804,2.1136928,-1.26926,1.7308174,-0.8863847,2.339971,-1.8760003,18.854967,0.001964059
figure_eight_depth,pid,61.0,-0.039086886,0.022486806,-1.142907,0.006065349,-0.015780147,0.1890046,-0.07119365,-0.02059731,-0.015796723,0.0032663003,0.0004507728,0.12662697,0.10452846326765293,0.10395584540887913,-0.6130839890607359,0.0,0.0,0.77709777449339,0.1041460891539267,0.10243137647103495,-0.013072030035865545,0.0,0.0,0.0,0.5549549717027351,0.21421369256305436,-0.5880931744453248,-1.2656612849030469,2.133226,-1.215991,1.7141451,-0.7969102,2.3587217,-1.8602954,18.626915,0.0019403035
figure_eight_depth,pid,61.1,-0.046079606,0.018522512,-1.1446222,0.006173785,-0.015811061,0.20150109,-0.07639124,-0.025895216,-0.015791906,0.003056242,0.00044871122,0.1249489,0.1149371504928663,0.11417543505532757,-0.6143910067398918,0.0,0.0,0.7753352826909602,0.10402575256581587,0.10195294355292567,-0.013068263814197678,0.0,0.0,0.0,0.5623353117741124,0.22113991522769258,-0.5738341963367045,-1.27449476166938,2.1531942,-1.1625444,1.6976463,-0.7069964,2.3774915,-1.8446053,18.424637,0.0019192328
figure_eight_depth,pid,61.2,-0.05340392,0.013859706,-1.1463468,0.0062646447,-0.015844692,0.21382822,-0.08135593,-0.031123696,-0.015770318,0.0028575684,0.00042466976,0.12325566,0.12533323356430418,0.12434494358242733,-0.6156976298823283,0.0,0.0,0.773397122191589,0.10389400838210772,0.101429790704613,-0.01306413931950745,0.0,0.0,0.0,0.5707385636020097,0.22780537669601075,-0.5595689012281109,-1.283308528921496,2.1738496,-1.108637,1.6816016,-0.6163891,2.3962731,-1.828925,18.24951,0.0019009906
figure_eight_depth,pid,61.300000000000004,-0.0610239,0.008502701,-1.148079,0.00633903,-0.015882738,0.22598445,-0.08609575,-0.03627951,-0.015732693,0.0026698885,0.0003809835,0.121547006,0.13571557243430454,0.13445991030763302,-0.617003822666312,0.0,0.0,0.7712811156542152,0.10375087104960712,0.10086214739783717,-0.013059656664815567,0.0,0.0,0.0,0.5801831795924919,0.23421511300188316,-0.5452966614992469,-1.29211031008684,2.1953094,-1.0541172,1.6661592,-0.524967,2.4150546,-1.8132554,18.102606,0.0018856883
figure_eight_depth,pid,61.400000000000006,-0.06890372,0.002458357,-1.1498169,0.0063976864,-0.01592641,0.2379682,-0.090602666,-0.04135083,-0.015679777,0.002489834,0.0003228374,0.11982273,0.146083028562412,0.14451589847223617,-0.618309549281908,0.0,0.0,0.7689848758804466,0.10359635626491781,0.10025026261964443,-0.013054815973023715,0.0,0.0,0.0,0.5906773067034587,0.24035602811389511,-0.531016669474807,-1.3009103735624572,2.2174904,-0.9990256,1.6512734,-0.43280846,2.4338095,-1.7976105,17.984175,0.0018733515
figure_eight_depth,pid,61.5,-0.07700847,-0.004265414,-1.1515586,0.006441488,-0.015976736,0.24977785,-0.09487867,-0.046338513,-0.015612365,0.0023187867,0.00025218254,0.11808238,0.15643446504023062,0.15450849718747348,-0.6196147739319612,0.0,0.0,0.7665058005618846,0.10343048097236074,0.09959440476300929,-0.013049617376859057,0.0,0.0,0.0,0.6022200871377776,0.24623059329356678,-0.5167279470729624,-1.3097199197830331,2.2403314,-0.9433992,1.6369026,-0.33997032,2.4525337,-1.7819843,17.894506,0.001864011
figure_eight_depth,pid,61.6,-0.08530493,-0.011659453,-1.1533026,0.0064712428,-0.016034756,0.26141176,-0.09893325,-0.051239014,-0.015531279,0.0021561908,0.00016912688,0.11632556,0.16676874671610226,0.16443332336929162,-0.6209194608330788,0.0,0.0,0.7638410665587694,0.10325326336199647,0.098894861508797,-0.013044061018874231,0.0,0.0,0.0,0.6148020483437597,0.2518446997651495,-0.502429310281685,-1.3185514369816245,2.2637737,-0.887264,1.6230142,-0.2465045,2.4712148,-1.7663786,17.833845,0.0018576923
figure_eight_depth,pid,61.7,-0.09376259,-0.019713271,-1.1550472,0.0064875614,-0.01610167,0.27286825,-0.102784425,-0.05604469,-0.01543735,0.0020001226,7.214233e-05,0.11455188,0.17708474031958263,0.17428602366090698,-0.6222235742166102,0.0,0.0,0.7609876237044584,0.10306472286773782,0.09815193969982261,-0.013038147051391835,0.0,0.0,0.0,0.6284067127793178,0.25720853128564236,-0.48811937786438575,-1.327418909037217,2.2877645,-0.83063203,1.6095892,-0.15245685,2.489833,-1.7508054,17.802423,0.0018544192
figure_eight_depth,pid,61.800000000000004,-0.10235516,-0.028415542,-1.1567909,0.0064908667,-0.01617913,0.28414553,-0.10646577,-0.06074725,-0.015331389,0.0018488069,-4.3060772e-05,0.11276092,0.1873813145857242,0.18406227634233857,-0.6235270783296285,0.0,0.0,0.7579421881239625,0.10286488016519879,0.09736596520616703,-0.01303187563644892,0.0,0.0,0.0,0.6430118978845202,0.26234404648344717,-0.4737966540854188,-1.3363336586225782,2.3122647,-0.7734924,1.5966302,-0.05785782,2.508363,-1.7352799,17.800514,0.0018542204
figure_eight_depth,pid,61.900000000000006,-0.11105712,-0.03775366,-1.1585324,0.006481552,-0.016268317,0.29524183,-0.1099758,-0.06534204,-0.015214187,0.0017020613,-0.00017170039,0.11095208,0.19765734037912597,0.1937577932260513,-0.6248299374359098,0.0,0.0,0.7547012350591759,0.10265375716936309,0.09653728278216644,-0.013025246946130054,0.0,0.0,0.0,0.6585897569533963,0.2672471417709251,-0.4594594023260216,-1.3453084866979197,2.3372123,-0.71587545,1.5840981,0.037238766,2.5267935,-1.7198076,17.828217,0.0018571058
figure_eight_depth,pid,62.0,-0.119844235,-0.047715314,-1.1602705,0.006460419,-0.016370244,0.3061553,-0.11332251,-0.069837555,-0.015086553,0.0015640269,-0.00031199303,0.10912455,0.2079116908177585,0.20336832153789933,-0.6261321158169132,0.0,0.0,0.7512609911929359,0.10243137703223881,0.0956662559153526,-0.013018261162067724,0.0,0.0,0.0,0.6751079186602503,0.2719292733262271,-0.4451056970130195,-1.3543555476625697,2.3625681,-0.65780735,1.571958,0.1328028,2.5451353,-1.70437,17.885717,0.0018630956
figure_eight_depth,pid,62.1,-0.12869437,-0.058287255,-1.1620038,0.006428092,-0.016485857,0.31688398,-0.11651738,-0.07422769,-0.014949289,0.0014329625,-0.00046307803,0.10727775,0.21814324139654195,0.21288964578253577,-0.6274335777727612,0.0,0.0,0.7476174264628433,0.10219776414034654,0.09475326666691375,-0.013010918475775402,0.0,0.0,0.0,0.6925305160853414,0.2763957949322338,-0.4307334452349686,-1.3634867732955434,2.3882833,-0.59930307,1.560184,0.22879624,2.5633748,-1.6889739,17.973106,0.0018721987
figure_eight_depth,pid,62.2,-0.13758595,-0.06945612,-1.1637315,0.0063854256,-0.016615773,0.3274259,-0.11956044,-0.07851779,-0.014803188,0.001311185,-0.0006215863,0.10541086,0.22835087011065539,0.22231758959246342,-0.6287342876232166,0.0,0.0,0.7437662453609831,0.1019529441119299,0.09379871550406482,-0.013003219088536522,0.0,0.0,0.0,0.7108189837305395,0.28064995561659845,-0.4163403482395537,-1.3727107563080514,2.4143143,-0.54039675,1.5487317,0.32518584,2.5815232,-1.6736048,18.090473,0.0018844241
figure_eight_depth,pid,62.300000000000004,-0.14649665,-0.08120705,-1.1654524,0.006333144,-0.016759962,0.33777893,-0.12243385,-0.08270423,-0.01464903,0.0011973421,-0.0007808673,0.10352317,0.23853345757858074,0.23164801755993072,-0.6300342097086618,0.0,0.0,0.7397028777140613,0.10169694379430494,0.09280302112454897,-0.012995163211515504,0.0,0.0,0.0,0.7299308719307828,0.28467550475586745,-0.4019239518183704,-1.3820112509884777,2.4405944,-0.48114294,1.5375347,0.42191666,2.599579,-1.6582576,18.237656,0.0018997559
figure_eight_depth,pid,62.400000000000006,-0.15539178,-0.093509816,-1.1671652,0.006268806,-0.016914496,0.3479411,-0.12496497,-0.08669139,-0.014487555,0.0010597148,-0.0009018375,0.10161523,0.24868988716485488,0.24087683705085772,-0.631333308391076,0.0,0.0,0.7354224689418214,0.10142979126076535,0.0917666202727846,-0.012986751065535707,0.0,0.0,0.0,0.7498081105596395,0.28827781653753987,-0.3874813683444398,-1.391227348497555,2.466817,-0.42175192,1.5263654,0.51869965,2.6174047,-1.6430631,18.412365,0.0019179547
figure_eight_depth,pid,62.5,-0.1641606,-0.10623902,-1.1688665,0.0061701247,-0.017053327,0.35791132,-0.12610513,-0.089857444,-0.01431943,0.0006995173,-0.0007633549,0.09969455,0.25881904510252024,0.24999999999999953,-0.6326315480550128,0.0,0.0,0.730919869795641,0.1011515158080567,0.0906899675488515,-0.012977982881301475,0.0,0.0,0.0,0.7703025089469988,0.2902494621771215,-0.37300855125506793,-1.4001877205445201,2.4912868,-0.36331707,1.5140858,0.6138839,2.6340647,-1.6289351,18.599545,0.0019374524
figure_eight_depth,pid,62.6,-0.17263581,-0.11919199,-1.1705508,0.0060044187,-0.017138902,0.36768875,-0.12502716,-0.09172023,-0.014147594,1.023366e-05,-0.00025254974,0.0977634,0.2689198206152654,0.25901350468656487,-0.633928893108576,0.0,0.0,0.7261896255810085,0.10086214795088089,0.0895735352070548,-0.012968858899009561,0.0,0.0,0.0,0.7911851017501902,0.2896459919614884,-0.35850088032076993,-1.4087792663953413,2.5124028,-0.3067815,1.4997108,0.7059105,2.648741,-1.61666,18.783144,0.0019565774
figure_eight_depth,pid,62.7,-0.1806415,-0.13214146,-1.172212,0.005743228,-0.017138943,0.37727204,-0.121520944,-0.09214771,-0.013977699,-0.000969514,0.00057493243,0.09581721,0.27899110603922916,0.2679133974894982,-0.6352253079843956,0.0,0.0,0.7212259648721764,0.10056171942296466,0.08841781295257367,-0.012959379368904234,0.0,0.0,0.0,0.812195009045586,0.28622657751505365,-0.34395392522030566,-1.4169851982414077,2.529287,-0.2525096,1.4828475,0.7939301,2.6610718,-1.606572,18.952593,0.0019742283
figure_eight_depth,pid,62.800000000000004,-0.18804571,-0.14489676,-1.1738448,0.0053747664,-0.017041003,0.3866588,-0.1160865,-0.091387376,-0.013816392,-0.002075906,0.0015183986,0.093846485,0.28903179694447173,0.27669577462167216,-0.6365207571406029,0.0,0.0,0.7160227877375819,0.1002502631693436,0.08722330772323317,-0.012949544550833192,0.0,0.0,0.0,0.8331028484441365,0.28054254939933804,-0.32936400001022587,-1.42478891623601,2.5420382,-0.20013303,1.4638511,0.87805396,2.6712456,-1.5984638,19.10649,0.0019902594
figure_eight_depth,pid,62.900000000000006,-0.19474916,-0.15729639,-1.1754456,0.004899223,-0.01684503,0.39584577,-0.109101154,-0.089638524,-0.013668617,-0.0031899533,0.002453405,0.09184471,0.29904079225608704,0.28535678384221613,-0.6378152050618048,0.0,0.0,0.7105736534893002,0.09992781334464129,0.08599054346830615,-0.01293935471452512,0.0,0.0,0.0,0.8537076462106333,0.27301869941456847,-0.3147278826534238,-1.4321738735441456,2.549566,-0.14823918,1.4440662,0.95726067,2.6784246,-1.5931609,19.236057,0.0020037561
figure_eight_depth,pid,63.0,-0.20067617,-0.1692027,-1.1770116,0.004325186,-0.016558124,0.4048293,-0.10084565,-0.087069504,-0.013537509,-0.004227165,0.0033090964,0.08980743,0.3090169943749472,0.29389262614623635,-0.6391086162600577,0.0,0.0,0.704871767996983,0.09959440530910024,0.08472006091900242,-0.012928810139256619,0.0,0.0,0.0,0.8738329564960308,0.26398530418310645,-0.30004247450752686,-1.4391300501044455,2.5528111,-0.097556844,1.4227945,1.0324599,2.68364,-1.5896218,19.3455,0.0020151564
figure_eight_depth,pid,63.1,-0.20577385,-0.18049908,-1.1785418,0.0036664342,-0.016192354,0.41360536,-0.09158924,-0.083814025,-0.013424573,-0.0051344344,0.004037179,0.08773186,0.3189593092980699,0.3022995574311874,-0.6404009552758403,0.0,0.0,0.6989099705947691,0.09925007562469612,0.08341241735093652,-0.012917911114129765,0.0,0.0,0.0,0.8933280201155699,0.2537411770634405,-0.285304608417874,-1.4456487930119681,2.5520244,-0.04809068,1.4000252,1.1039084,2.6872497,-1.5874847,19.435244,0.0020245046
figure_eight_depth,pid,63.2,-0.21000707,-0.19108583,-1.180036,0.0029394135,-0.015762053,0.42216974,-0.08154362,-0.07997591,-0.013329957,-0.005883489,0.0046169553,0.08561635,0.3288666467385826,0.3105738901391547,-0.6416921866790255,0.0,0.0,0.6926807206401545,0.09889486205105769,0.08206818633987867,-0.012906657937961086,0.0,0.0,0.0,0.9120643428559925,0.24252116031791576,-0.2705109756717402,-1.4517248385420278,2.5472407,0.00030810342,1.3758901,1.1716585,2.6894052,-1.5865978,19.504484,0.0020317172
figure_eight_depth,pid,63.300000000000004,-0.21335436,-0.20087793,-1.181495,0.0021618004,-0.015282059,0.4305182,-0.070877455,-0.07564782,-0.013252784,-0.006460298,0.0050452803,0.083459765,0.338737920245291,0.31871199487434454,-0.6429822750698523,0.0,0.0,0.6861760837822587,0.0985288035413312,0.08068795750978963,-0.012895050919170536,0.0,0.0,0.0,0.9299330554822086,0.23052003143490976,-0.2556578738480241,-1.4573580260822165,2.5384948,0.047753867,1.3504846,1.235764,2.690251,-1.5868199,19.552607,0.0020367298
figure_eight_depth,pid,63.400000000000006,-0.21580578,-0.20980325,-1.1829206,0.0013512046,-0.014766884,0.43864644,-0.05973731,-0.07090675,-0.01319149,-0.006863847,0.0053274357,0.08126136,0.348572047321815,0.3267103019950526,-0.6442711850798958,0.0,0.0,0.6793877180300465,0.0981519402380171,0.07927233627491592,-0.01288309037611457,0.0,0.0,0.0,0.9468433328108151,0.2179056415158887,-0.24074128229243663,-1.4625540937560808,2.525825,0.09435023,1.3238914,1.296284,2.6899092,-1.5880381,19.579212,0.0020395012
figure_eight_depth,pid,63.5,-0.21736112,-0.21780086,-1.184315,0.00052426045,-0.014230107,0.44655007,-0.048248455,-0.06581658,-0.013144077,-0.0071023605,0.0054745446,0.079020604,0.3583679495452995,0.3345653031794285,-0.6455588813730367,0.0,0.0,0.6723068597057319,0.09776431346836256,0.07782194357328076,-0.012870776636642045,0.0,0.0,0.0,0.9627203418404285,0.2048214564957867,-0.22575678846626046,-1.4676313354385724,2.5092711,0.1401898,1.2961806,1.3532804,2.6884782,-1.5901641,19.584084,0.0020400088
figure_eight_depth,pid,63.6,-0.21802743,-0.22481968,-1.1856807,-0.00030380944,-0.0136838835,0.45422482,-0.036511667,-0.060435086,-0.01310829,-0.00718861,0.0055024717,0.07673693,0.36812455268467736,0.34227355296434386,-0.6468453286464311,0.0,0.0,0.664924309423246,0.09736596574003165,0.07633741559520679,-0.012858110038260762,0.0,0.0,0.0,0.9775031875278215,0.19138965615668052,-0.21069948451785048,-1.4728265134260405,2.488874,0.18534644,1.2674013,1.4068191,2.6860454,-1.5931227,19.567173,0.0020382472
figure_eight_depth,pid,63.7,-0.21781804,-0.23081756,-1.1870209,-0.0011195461,-0.013138877,0.46166635,-0.024616126,-0.05481187,-0.013081789,-0.007139113,0.005427456,0.07440965,0.3778407868184668,0.34983167025668244,-0.6481304916314767,0.0,0.0,0.6572304182232502,0.09695694073633132,0.0748194035036509,-0.012845090928359504,0.0,0.0,0.0,0.9911436971157167,0.1777198169535411,-0.19556407262693676,-1.4776535286265462,2.4646795,0.22989005,1.2375975,1.456972,2.6826825,-1.5968584,19.528652,0.0020342346
figure_eight_depth,pid,63.800000000000004,-0.2167498,-0.2357598,-1.188338,-0.0019113459,-0.012603875,0.46887013,-0.012622585,-0.04899213,-0.013062238,-0.006971524,0.0052693756,0.072037876,0.3875155864521028,0.35723633981640157,-0.6494143350947815,0.0,0.0,0.6492150740558088,0.09653728331149303,0.07326857314893243,-0.012831719663763952,0.0,0.0,0.0,1.0036034259820668,0.1639012191976227,-0.180344940894264,-1.4821887065049535,2.4367278,0.2738619,1.2067833,1.5038065,2.678453,-1.60132,19.468739,0.0020279936
figure_eight_depth,pid,63.900000000000006,-0.21484572,-0.23961967,-1.1896353,-0.0026696112,-0.012086752,0.47583178,-0.0006195532,-0.043012407,-0.013047411,-0.006705242,0.0050381715,0.06962055,0.3971478906347807,0.36448431371070583,-0.6506968238391281,0.0,0.0,0.6408676888164148,0.09610703948564892,0.07168560477643915,-0.012817996611069749,0.0,0.0,0.0,1.014855880268047,0.15003906223302643,-0.1650359119590387,-1.4865423126029262,2.4050834,0.31734833,1.1750149,1.5474169,2.6733942,-1.6064867,19.38813,0.002019597
figure_eight_depth,pid,64.0,-0.21213144,-0.24237661,-1.1909151,-0.0033866458,-0.011593752,0.4825466,0.011343073,-0.03690564,-0.01303523,-0.006358761,0.0047507375,0.06715627,0.4067366430757997,0.37157241273869673,-0.6519779227044398,0.0,0.0,0.6321771861939031,0.09566625644030768,0.07007119272878226,-0.012803922146642499,0.0,0.0,0.0,1.0248826263261346,0.1362148863077284,-0.14963058847471056,-1.4908137029449484,2.369797,0.36039507,1.1423081,1.5878838,2.6675425,-1.6123352,19.287472,0.0020091117
figure_eight_depth,pid,64.10000000000001,-0.20863505,-0.2440159,-1.1921802,-0.004056501,-0.011129796,0.48900983,0.023216492,-0.030701661,-0.013023775,-0.0059492416,0.004420661,0.0646433,0.4162807922604017,0.3784975278258786,-0.6532575965687442,0.0,0.0,0.6231319906265573,0.09521498251188754,0.06842604514012418,-0.012789496656173682,0.0,0.0,0.0,1.0336732088751126,0.12251587572735569,-0.13412216325114534,-1.4950055092389543,2.330926,0.40305245,1.1086817,1.6252967,2.6609254,-1.6188517,19.167637,0.0019966287
figure_eight_depth,pid,64.2,-0.20438726,-0.24452724,-1.1934323,-0.004675196,-0.010698667,0.4952165,0.034955874,-0.024415655,-0.013011319,-0.0054961746,0.004059498,0.06207972,0.42577929156507255,0.38525662138789457,-0.6545358103491357,0.0,0.0,0.6137200177227826,0.09475326718727528,0.06675088362628756,-0.01277472053518025,0.0,0.0,0.0,1.0412238243694538,0.10902807884562027,-0.11850352888458682,-1.4990266729914417,2.288518,0.44537547,1.0741574,1.6597362,2.6535418,-1.6260464,19.029524,0.0019822419
figure_eight_depth,pid,64.3,-0.19942097,-0.24390467,-1.1946737,-0.0052403617,-0.010303171,0.50116134,0.046519827,-0.018062461,-0.012996311,-0.005015645,0.0036769907,0.05946315,0.43523109937232685,0.3918467286629195,-0.6558125290027377,0.0,0.0,0.603928666557751,0.09428116109910789,0.06504644296870254,-0.012759594188727075,0.0,0.0,0.0,1.0475373044460037,0.09585557368938818,-0.1027673296589473,-1.502777072934339,2.2426257,0.48742115,1.0387582,1.6912888,2.645389,-1.633933,18.874247,0.0019660674
figure_eight_depth,pid,64.4,-0.19376963,-0.24214533,-1.1959056,-0.0057510156,-0.009944929,0.5068389,0.057886254,-0.011653968,-0.012977435,-0.0045215776,0.0032848683,0.056790784,0.44463517918492784,0.3982649590120984,-0.6570877175276639,0.0,0.0,0.5937448143286261,0.09379871601916667,0.0633134707914429,-0.012744118031537965,0.0,0.0,0.0,1.0526208800772587,0.0831256654773642,-0.08690589659638737,-1.5061929460449208,2.1932924,0.5292288,1.002489,1.7200322,2.6364613,-1.6425241,18.702923,0.0019482211
figure_eight_depth,pid,64.5,-0.1874673,-0.23924977,-1.1971292,-0.0062072356,-0.009624704,0.5122434,0.06903056,-0.00520265,-0.012953545,-0.0040247403,0.0028914073,0.054059356,0.4539904997395466,0.4045084971874736,-0.6583613409639762,0.0,0.0,0.5831548139233225,0.09330598485302044,0.06155272723334937,-0.012728292487995674,0.0,0.0,0.0,1.0564864780218115,0.07103257960643011,-0.07091142384000948,-1.5092454529471497,2.1405683,0.57084405,0.9653606,1.7460517,2.6267521,-1.6518317,18.516888,0.0019288426
figure_eight_depth,pid,64.60000000000001,-0.18054827,-0.23522191,-1.1983453,-0.006609816,-0.009342556,0.5173685,0.07993073,0.001276433,-0.012923648,-0.0035325363,0.0025033096,0.05126512,0.4632960351198617,0.410574604566852,-0.6596333643946451,0.0,0.0,0.5721444950507764,0.09280302163419685,0.05976498461479629,-0.012712117991808825,0.0,0.0,0.0,1.0591502121535916,0.059888657542371194,-0.05477599958645141,-1.511929300461416,2.0845106,0.6123123,0.92738396,1.769439,2.6162593,-1.6618596,18.317657,0.0019080892
figure_eight_depth,pid,64.7,-0.1730468,-0.23006906,-1.1995544,-0.006960064,-0.009097997,0.52220756,0.090565875,0.0077680787,-0.012886925,-0.0030503923,0.0021256946,0.04840393,0.4725507648690534,0.4164606203550493,-0.6609037529465055,0.0,0.0,0.5606991696649455,0.09228988151821493,0.05795102709871269,-0.012695594986511516,0.0,0.0,0.0,1.060632547795484,0.05021291780206077,-0.03849161150988567,-1.5142538889351158,2.0251822,0.65368026,0.8885715,1.790291,2.6049843,-1.6726096,18.106928,0.0018861382
figure_eight_depth,pid,64.8,-0.16499607,-0.22380143,-1.2007568,-0.0072595957,-0.008889889,0.52675354,0.10092635,0.014255869,-0.012842712,-0.0025817326,0.0017646451,0.04547119,0.4817536741017149,0.4221639627510073,-0.6621724717912136,0.0,0.0,0.5488036425292699,0.0917666207767287,0.05611165034682952,-0.012678723925074742,0.0,0.0,0.0,1.0609569240616028,0.042846632227021376,-0.022050097721835863,-1.5162370731042447,1.9626453,0.6949825,0.84892356,1.8087043,2.5929344,-1.6840733,17.88647,0.0018631741
figure_eight_depth,pid,64.9,-0.15642834,-0.21643206,-1.2019521,-0.0075102644,-0.008716668,0.53099877,0.111000605,0.020725014,-0.012790493,-0.0021292935,0.0014239983,0.04246192,0.49090375361514066,0.42768213008025324,-0.6634394861462014,0.0,0.0,0.5364422278746408,0.09123329679117109,0.05424766117065327,-0.012661505270017415,0.0,0.0,0.0,1.060149879375577,0.0389169757683824,-0.005443461452369069,-1.517903504424089,1.8969666,0.7362566,0.80844474,1.8247784,2.5801158,-1.6962415,17.658188,0.0018393947
figure_eight_depth,pid,65.0,-0.14737414,-0.20797624,-1.2031401,-0.0077140573,-0.008576276,0.53493506,0.120786205,0.02716114,-0.012729893,-0.0016948244,0.0011082655,0.039370693,0.4999999999999993,0.4330127018922189,-0.66470476127563,0.0,0.0,0.5235987732238883,0.09068996804645346,0.05235987717730484,-0.012643939493406364,0.0,0.0,0.0,1.0582404032973374,0.03925260779195663,0.011336283939350267,-1.5192815753504825,1.8281281,0.7776122,0.76704687,1.8386934,2.5665398,-1.7090999,17.424036,0.0018150037
figure_eight_depth,pid,65.10000000000001,-0.13786247,-0.19845118,-1.2043202,-0.007873127,-0.008466329,0.53855354,0.13028027,0.033553775,-0.012660664,-0.001280371,0.00082031556,0.036190864,0.5090414157503715,0.43815334002193196,-0.6659682624913432,0.0,0.0,0.51025669159494,0.09013669412449854,0.05044912641122279,-0.012626027076745316,0.0,0.0,0.0,1.055259566538926,0.043554114199381225,0.028296844343322913,-1.5204027639847708,1.756154,0.81911767,0.72468674,1.850585,2.5522132,-1.7226357,17.186132,0.0017902221
figure_eight_depth,pid,65.2,-0.12792112,-0.18787625,-1.2054918,-0.007989676,-0.008384325,0.5418446,0.1394758,0.03989231,-0.012582664,-0.0008868596,0.0005609219,0.03291494,0.5180270093731298,0.44310178961560714,-0.6672299551538163,0.0,0.0,0.4963990034086059,0.08957353569855053,0.04851624699103718,-0.012607768511196937,0.0,0.0,0.0,1.0512412046352746,0.050641960815990476,0.045445602990930256,-1.5213007454644636,1.6811153,0.86080617,0.6813686,1.8605528,2.5371459,-1.7368356,16.946762,0.0017652878
figure_eight_depth,pid,65.3,-0.11757615,-0.17627239,-1.2066537,-0.008065925,-0.008327574,0.54479784,0.14837195,0.046167616,-0.012495872,-0.00051488355,0.00033155442,0.029534962,0.5269557954966767,0.44785588011970595,-0.6684898046731079,0.0,0.0,0.48200838958453135,0.08900055452543132,0.04656208674169715,-0.012589164297360789,0.0,0.0,0.0,1.0462207823163454,0.05937277900462795,0.06278944814969105,-1.5220105667163215,1.6030815,0.9027032,0.63709193,1.8686928,2.521347,-1.751681,16.70822,0.0017404397
figure_eight_depth,pid,65.4,-0.10685282,-0.16366282,-1.2078053,-0.008104006,-0.008293539,0.54740196,0.15695651,0.052369595,-0.012400365,-0.0001639454,0.00013029425,0.026042404,0.5358267949789967,0.4524135262330098,-0.6697477765098073,0.0,0.0,0.46706725741478794,0.08841781343776889,0.0445875028217968,-0.012570214945162306,0.0,0.0,0.0,1.0402370058996684,0.06897929078192629,0.08033470724967129,-1.5225680949055098,1.522135,0.9448483,0.59187376,1.8751096,2.50483,-1.7671542,16.47299,0.0017159363
figure_eight_depth,pid,65.5,-0.09577521,-0.15007325,-1.2089452,-0.008105787,-0.008279804,0.5496448,0.16521893,0.058484457,-0.012296355,0.00016819184,-4.44074e-05,0.022428036,0.5446390350150266,0.45677272882130027,-0.6710038361759806,0.0,0.0,0.45155782094832997,0.08782537634094423,0.042593361349763104,-0.012550920974185864,0.0,0.0,0.0,1.0333311682162802,0.07900857276294528,0.09808700689438243,-1.5229801453829617,1.438368,0.98727787,0.5457327,1.8799131,2.4876146,-1.7832255,16.243637,0.0016920455
figure_eight_depth,pid,65.60000000000001,-0.084391676,-0.13555951,-1.2100726,-0.008069447,-0.008292025,0.5515131,0.17278671,0.06439512,-0.012184209,0.0005180932,-0.00027364146,0.018680573,0.5533915492433445,0.4609315757942505,-0.6722579492361179,0.0,0.0,0.43546219770739464,0.08722330820226665,0.0405805370219392,-0.012531282913452735,0.0,0.0,0.0,1.0255796900341154,0.08881638986633371,0.11605087812115761,-1.5232467900609818,1.3522409,1.030479,0.49914393,1.883576,2.4697976,-1.7997944,16.026606,0.0016694382
figure_eight_depth,pid,65.7,-0.07278152,-0.12021843,-1.211187,-0.007988514,-0.008344383,0.5529924,0.17917264,0.069930166,-0.012065843,0.00093198445,-0.0006429223,0.014787581,0.5620833778521305,0.4648882429441256,-0.673510081308076,0.0,0.0,0.4187625236369143,0.08661167504447898,0.03854991272908559,-0.01251130130119904,0.0,0.0,0.0,1.0171036000233729,0.09773663617834638,0.13422987987031837,-1.5233808894913035,1.2644359,1.0751075,0.45275912,1.8867843,2.4515576,-1.8166823,15.83007,0.0016489656
figure_eight_depth,pid,65.8,-0.061046444,-0.10417627,-1.2122878,-0.007854848,-0.008454401,0.554067,0.18402137,0.074972846,-0.011945219,0.0014263346,-0.0011859947,0.010737018,0.570713567684431,0.46864099474594545,-0.6747601980640215,0.0,0.0,0.4014410882320555,0.08599054394053951,0.03650237917049437,-0.012490976685319843,0.0,0.0,0.0,1.0080556700532834,0.10531057510027107,0.1526259274158327,-1.5234036341290997,1.1755916,1.1216923,0.4071126,1.8901713,2.4330513,-1.8337414,15.661044,0.0016313586
figure_eight_depth,pid,65.9,-0.049301345,-0.087576196,-1.2133747,-0.00766112,-0.008638743,0.55472016,0.18712208,0.07946413,-0.011827767,0.0019925006,-0.0018946637,0.006516716,0.5792811723426792,0.47218818511874067,-0.6760082652313726,0.0,0.0,0.3834804917425419,0.08535998300440717,0.034438834461941736,-0.012470309622980569,0.0,0.0,0.0,0.9986064613148287,0.11127988961272839,0.17123967160279502,-1.523339504128238,1.0862627,1.1706119,0.36259636,1.8942782,2.414397,-1.850869,15.525093,0.0016171973
figure_eight_depth,pid,66.0,-0.037664764,-0.07056628,-1.2144477,-0.0074024694,-0.00891005,0.55493367,0.18840893,0.08339413,-0.011719585,0.0026049463,-0.002729341,0.0021137206,0.5877852522924729,0.4755282581475767,-0.6772542485937368,0.0,0.0,0.36486382628555597,0.08472006138421362,0.03236018374233596,-0.012449300680783537,0.0,0.0,0.0,0.9889306409192862,0.11556979314637297,0.1900698408973664,-1.523212637354365,0.9969028,1.222078,0.31944802,1.8995328,2.3956776,-1.8680007,15.426259,0.0016069021
figure_eight_depth,pid,66.10000000000001,-0.02624864,-0.053289175,-1.215507,-0.007077089,-0.009274683,0.5546877,0.18795866,0.086782634,-0.0116265435,0.0032318924,-0.0036280248,-0.002486438,0.5962248749656158,0.4786597487660337,-0.6784981139918512,0.0,0.0,0.345574882479417,0.08407084925465824,0.030267338776757136,-0.012427950434767965,0.0,0.0,0.0,0.9791943168111177,0.118267906165125,0.20911279633451735,-1.5230368382877784,0.9078636,1.2761204,0.27773896,1.9062451,2.3769686,-1.8850819,15.367123,0.0016007419
figure_eight_depth,pid,66.2,-0.015148815,-0.0358821,-1.2165532,-0.00668387,-0.009732462,0.55396146,0.18592991,0.08959513,-0.011553405,0.003864833,-0.0045262757,-0.007294239,0.6045991148623743,0.4815812833988289,-0.6797398273245174,0.0,0.0,0.3255983829001773,0.08341241780901454,0.02816121755594425,-0.01240625947018792,0.0,0.0,0.0,0.9695485851875516,0.11951857271727938,0.22836307292181368,-1.522823166156459,0.8195088,1.3326371,0.2374161,1.9147298,2.3584607,-1.901942,15.349794,0.0015989369
figure_eight_depth,pid,66.3,-0.0044349674,-0.018469973,-1.2175871,-0.0062226215,-0.010275653,0.5527367,0.18260464,0.09179859,-0.011503497,0.004493288,-0.005349935,-0.0122830495,0.6129070536529762,0.4842915805643155,-0.6809793545495373,0.0,0.0,0.30492024322357086,0.08274483925180265,0.026042743894394427,-0.012384228381734363,0.0,0.0,0.0,0.9601188661243052,0.11956833508334458,0.24781645635757538,-1.5225809585862764,0.73208076,1.3913648,0.19821246,1.9252331,2.3403747,-1.9183781,15.375178,0.001601581
figure_eight_depth,pid,66.4,0.005852676,-0.0011570848,-1.2186098,-0.005695624,-0.010889443,0.5509985,0.17833854,0.09340963,-0.011478215,0.0050913724,-0.006029624,-0.01741876,0.6211477802783102,0.4867894514365801,-0.6822166616846458,0.0,0.0,0.2835278612456836,0.0820681867905182,0.023912847024659678,-0.012361857773479645,0.0,0.0,0.0,0.9509981582698896,0.11873737721794665,0.26747064768452267,-1.522322272443569,0.6456662,1.4519228,0.1597234,1.9378655,2.3228629,-1.9342507,15.442816,0.0016086268
figure_eight_depth,pid,66.5,0.015707988,0.01598163,-1.2196221,-0.0051086824,-0.011552094,0.5487355,0.17357466,0.094492786,-0.011476851,0.005622986,-0.006497518,-0.022666318,0.6293203910498368,0.4890738003669027,-0.6834517148084426,0.0,0.0,0.2614104331848828,0.08138253462774969,0.021772461189895065,-0.012339148258488919,0.0,0.0,0.0,0.9422394083379103,0.11742391763332481,0.28732506619713627,-1.522061049287504,0.5601713,1.5137886,0.12139196,1.9525679,2.306008,-1.9494818,15.550758,0.0016198704
figure_eight_depth,pid,66.60000000000001,0.025157744,0.032905113,-1.2206254,-0.0044717477,-0.012236745,0.5459397,0.1687711,0.09515782,-0.011496568,0.0060463836,-0.006703607,-0.027990732,0.6374239897486899,0.4911436253643443,-0.6846844800613229,0.0,0.0,0.23855929560950734,0.08068795795262984,0.019622525234047616,-0.012316100459597301,0.0,0.0,0.0,0.9338549995093184,0.11603832290295507,0.30738038830467723,-1.5218180840615356,0.4753471,1.5763893,0.08260159,1.9691348,2.2898011,-1.9640824,15.696082,0.0016350085
figure_eight_depth,pid,66.7,0.03426172,0.04961141,-1.2216201,-0.0037993183,-0.012912505,0.54260665,0.16441481,0.09556136,-0.011532691,0.006316444,-0.006608502,-0.033358075,0.6454576877239503,0.49299801853525244,-0.6859149236464039,0.0,0.0,0.2149682900727446,0.07998453293395213,0.01746398219007461,-0.012292715008632715,0.0,0.0,0.0,0.9258143532579516,0.11501412899454924,0.3276383617102449,-1.5216228016481506,0.39076543,1.6390904,0.04266775,1.9871881,2.274132,-1.9781518,15.874813,0.0016536264
figure_eight_depth,pid,66.8,0.043113384,0.06613923,-1.2226064,-0.003109587,-0.013545619,0.538735,0.16100653,0.09587591,-0.011579185,0.0063974033,-0.006184008,-0.03873684,0.6534206039901047,0.49463616648149406,-0.6871430118304537,0.0,0.0,0.19063414607127263,0.07927233671023437,0.015297778866441014,-0.012268992546637936,0.0,0.0,0.0,0.9180444379597864,0.11477712681997472,0.3481008264056866,-1.5215124391680397,0.30585572,1.7012112,0.00085959636,2.0062072,2.258838,-1.9918363,16.082296,0.0016752392
figure_eight_depth,pid,66.9,0.05183764,0.082566045,-1.2235838,-0.002423255,-0.014101311,0.53432643,0.15901628,0.096277766,-0.011629201,0.0062661697,-0.0054198178,-0.044098604,0.6613118653236519,0.49605735065723894,-0.6883687109448142,0.0,0.0,0.16555687621920673,0.07855144738083686,0.013124865431285437,-0.01224493372398161,0.0,0.0,0.0,0.9104334677173048,0.11571246042223901,0.3687695579162303,-1.52149938667846,0.21994108,1.7620828,-0.043540172,2.025564,2.243708,-2.0053213,16.313654,0.001699339
figure_eight_depth,pid,67.0,0.060564093,0.09897942,-1.2245512,-0.0017590995,-0.014552757,0.52938503,0.15853564,0.09684352,-0.01167649,0.0059447777,-0.004394714,-0.049419727,0.6691306063588578,0.4972609476841366,-0.689591987386325,0.0,0.0,0.13974017572695088,0.0778219440003558,0.010946194996364067,-0.01222053920035826,0.0,0.0,0.0,0.9028636305909862,0.11787004529121016,0.38964485454267195,-1.5215659293729442,0.13260433,1.8214806,-0.09079564,2.0448806,2.2285676,-2.0187533,16.567036,0.0017257328
figure_eight_depth,pid,67.10000000000001,0.0693964,0.11544527,-1.2255082,-0.0011301552,-0.014888673,0.52391696,0.15923004,0.09753709,-0.011717031,0.0054937107,-0.0032629755,-0.054681215,0.6768759696826612,0.49824642962475224,-0.6908128076182446,0.0,0.0,0.11319181631102597,0.07708390656702147,0.00876272319869087,-0.012195809644455213,0.0,0.0,0.0,0.8952470789495254,0.12095083684789595,0.41072514345154726,-1.5217090143427103,0.04381971,1.8797144,-0.14062488,2.064159,2.2133164,-2.0322173,16.844452,0.0017546304
figure_eight_depth,pid,67.2,0.07841912,0.13201277,-1.2264546,-0.0005448206,-0.015107595,0.51792985,0.1608491,0.09832731,-0.011748929,0.0049619777,-0.002121573,-0.059866857,0.6845471059286886,0.4990133642141358,-0.6920311381711695,0.0,0.0,0.08592402272841843,0.076337416014427,0.006575407780901044,-0.01217074573428567,0.0,0.0,0.0,0.8875184652020894,0.12474298805720262,0.43200582928040115,-1.5219342731285657,-0.0464351,1.937018,-0.19280061,2.0833836,2.1978922,-2.045767,17.147747,0.0017862236
figure_eight_depth,pid,67.3,0.08770139,0.14871691,-1.2273905,-7.726468e-06,-0.015214384,0.5114328,0.1631879,0.09918475,-0.01177157,0.004389438,-0.0010324861,-0.064963214,0.6921431738704062,0.49956141504942914,-0.6932469456439521,0.0,0.0,0.05795381838923324,0.07558255420386795,0.004385208171947541,-0.012145348156966662,0.0,0.0,0.0,0.8796312322174653,0.12908055940487326,0.4534790081297792,-1.52273520587487,-0.13816257,1.993589,-0.24711096,2.1025374,2.1822584,-2.0594387,17.478752,0.0018207035
figure_eight_depth,pid,67.4,0.097302385,0.16558221,-1.2283163,0.0004794587,-0.015217089,0.5044361,0.16610819,0.10008312,-0.011785099,0.0038073785,-2.6517388e-05,-0.069959514,0.6996633405133657,0.49989034173742275,-0.6944601967046168,0.0,0.0,0.02930332496851167,0.07481940391451669,0.0021930850657714274,-0.012119617608774558,0.0,0.0,0.0,0.871552060839549,0.13385146067433754,0.47513275071889677,-1.5236089383429818,-0.23136614,2.049551,-0.30339208,2.121577,2.1664042,-2.073246,17.838982,0.0018582271
figure_eight_depth,pid,67.5,0.107273,0.18262517,-1.2292324,0.00091707404,-0.015125453,0.4969505,0.16949944,0.1010071,-0.011790012,0.0032371136,0.0008804879,-0.074847326,0.7071067811865474,0.5,-0.6956708580912724,0.0,0.0,0.0,0.07404804883442972,0.0,-0.012093554795089556,0.0,0.0,0.0,0.8632585356699173,0.13897299784160677,0.49695050716400146,-1.524570124588045,-0.32608667,2.1050406,-0.3614422,2.140396,2.1502752,-2.0872486,18.229755,0.0018989327
figure_eight_depth,pid,67.60000000000001,0.117654674,0.19985674,-1.2301396,0.001306183,-0.014950391,0.48898774,0.17325307,0.101967394,-0.011787001,0.002686732,0.0016775965,-0.07962009,0.7144726796328034,0.49989034173742275,-0.6968788966130257,0.0,0.0,-0.02992320389304657,0.07326857355127725,-0.0021930850658269385,-0.012067160430562218,0.0,0.0,0.0,0.8547390737437609,0.1443827702652589,0.5189109477475693,-1.5256445822771343,-0.4223328,2.1601672,-0.4210582,2.1588926,2.1338055,-2.1015203,18.652308,0.0019429488
figure_eight_depth,pid,67.7,0.1284813,0.21728419,-1.2310387,0.0016482568,-0.014703059,0.48055977,0.17728646,0.10297947,-0.011776826,0.0021607708,0.0023632438,-0.08427343,0.7217602280983617,0.4995614150494292,-0.6980842791508903,0.0,0.0,-0.060427773899395326,0.07248106354335038,-0.004385208171975297,-0.0120404352387804,0.0,0.0,0.0,0.8459909720627175,0.15003804235379736,0.5409875401919674,-1.526859725887434,-0.52009815,2.2150044,-0.4820433,2.1769495,2.1169338,-2.1161313,19.107643,0.0019903793
figure_eight_depth,pid,67.8,0.13978094,0.23491164,-1.2319305,0.0019452187,-0.014394205,0.47167882,0.18153474,0.10405435,-0.011760243,0.0016638945,0.0029421716,-0.08880488,0.7289686274214112,0.4990133642141358,-0.6992869726586951,0.0,0.0,-0.09146968025886468,0.07168560517012423,-0.006575407780928799,-0.012013379952269254,0.0,0.0,0.0,0.8370191018636225,0.15590329852440543,0.5631485034915156,-1.5282434838466672,-0.6193581,2.2696023,-0.544193,2.1944373,2.0996075,-2.1311433,19.596523,0.0020413045
figure_eight_depth,pid,67.9,0.15157674,0.2527403,-1.2328161,0.002199483,-0.014033914,0.4623572,0.1859414,0.10519812,-0.011737956,0.0012009155,0.0034215956,-0.093213476,0.7360970871197342,0.49824642962475224,-0.70048694416399,0.0,0.0,-0.1229995393208924,0.07088228566243249,-0.008762723198663114,-0.011985995312935316,0.0,0.0,0.0,0.8278355067749466,0.1619436175181907,0.585356732552475,-1.5298241933150554,-0.7200645,2.3239975,-0.6072873,2.2112203,2.0817828,-2.1466105,20.119507,0.002095782
figure_eight_depth,pid,68.0,0.16388805,0.2707691,-1.2336963,0.0024137984,-0.01363132,0.45260715,0.19046327,0.10641707,-0.011710595,0.0007748881,0.0038115066,-0.0974993,0.7431448254773937,0.4972609476841368,-0.7016841607689499,0.0,0.0,-0.15496290414839717,0.070071193113308,-0.010946194996447334,-0.011958282071455884,0.0,0.0,0.0,0.8184582651547556,0.16813223965088642,0.6075700589945886,-1.5316279343151435,-0.82215625,2.3782058,-0.6710983,2.2271478,2.063415,-2.1625862,20.676825,0.002153836
figure_eight_depth,pid,68.10000000000001,0.176729,0.28899407,-1.2345722,0.0025911594,-0.013195022,0.44244093,0.19504245,0.107716285,-0.0116786985,0.00038786052,0.0041175876,-0.10166311,0.7501110696304597,0.4960573506572389,-0.7028785896512773,0.0,0.0,-0.1873006855338053,0.06925241646793534,-0.013124865431313193,-0.011930240987612084,0.0,0.0,0.0,0.8089130183967593,0.17442986679704275,0.6297416125624613,-1.5336808479347326,-0.92554015,2.4322574,-0.73535794,2.2420752,2.0444562,-2.1791275,21.26855,0.0022154741
figure_eight_depth,pid,68.2,0.19010995,0.3074092,-1.2354447,0.0027347316,-0.012732762,0.43187058,0.1996362,0.10909942,-0.011642797,4.1001582e-05,0.004348721,-0.10570608,0.7569950556517562,0.4946361664814942,-0.7040701980651002,0.0,0.0,-0.21994970072225348,0.06842604551499099,-0.015297778866385503,-0.011901872830233362,0.0,0.0,0.0,0.7992318070595221,0.1808060726647458,0.651820280441797,-1.5360089589980905,-1.0269048,2.4829557,-0.79659086,2.252642,2.0248623,-2.1962886,21.852306,0.002276282
figure_eight_depth,pid,68.3,0.20403819,0.32600614,-1.2363147,0.002847719,-0.012251399,0.4209111,0.204208,0.11056365,-0.011603371,-0.00026552976,0.0045139203,-0.10959844,0.7637960286346415,0.49299801853525266,-0.7052589533418726,0.0,0.0,-0.2528433410502061,0.06759217087543012,-0.01746398219015788,-0.011873178377086457,0.0,0.0,0.0,0.7894525216541843,0.1872298928110692,0.673754444537221,-1.5386391096133833,-1.1276357,2.5318077,-0.85602623,2.260198,2.0045898,-2.2141206,22.443598,0.002337875
figure_eight_depth,pid,68.4,0.21851955,0.34477514,-1.2371831,0.0029334219,-0.011756619,0.40957856,0.2087405,0.11210577,-0.011560868,-0.0005313331,0.0046250825,-0.113330625,0.7705132427757893,0.4911436253643443,-0.7064448228912681,0.0,0.0,-0.28591234358341805,0.06675088399199502,-0.019622525233992105,-0.01184415841459785,0.0,0.0,0.0,0.7796177773907647,0.1936839598692128,0.695490905366255,-1.5415954828968734,-1.2291944,2.5803695,-0.9149822,2.2661574,1.9836031,-2.2326686,23.061378,0.002402227
figure_eight_depth,pid,68.5,0.23355862,0.36370474,-1.2380505,0.0029954622,-0.01125313,0.3978881,0.21321693,0.11371661,-0.011515631,-0.00075396954,0.0046919696,-0.116910815,0.7771459614569706,0.489073800366903,-0.7076277742020737,0.0,0.0,-0.31908564618874097,0.06590227712222063,-0.021772461189811798,-0.011814813738575403,0.0,0.0,0.0,0.7697745253614435,0.20014740817399365,0.7169737403755239,-1.5449006777119312,-1.3314453,2.6286106,-0.9731952,2.2703605,1.9618793,-2.2519603,23.704283,0.0024691962
figure_eight_depth,pid,68.60000000000001,0.24915856,0.3827817,-1.2389178,0.0030375784,-0.010744863,0.38585418,0.21761951,0.11538778,-0.011467955,-0.0009330002,0.0047221957,-0.12034612,0.7836934573258402,0.48678945143658003,-0.7088077748430819,0.0,0.0,-0.35229130069264064,0.06504644332533394,-0.023912847024742945,-0.011785145153542231,0.0,0.0,0.0,0.759974889446943,0.20659938577143627,0.7381454853201737,-1.5485749237734985,-1.4342425,2.676498,-1.0303975,2.272653,1.9393963,-2.272027,24.37073,0.0025386175
figure_eight_depth,pid,68.7,0.2653217,0.40199137,-1.2397854,0.0030635467,-0.010234969,0.37349072,0.22193739,0.11710912,-0.011418087,-0.0010687301,0.0047233906,-0.1236426,0.7901550123756903,0.4842915805643156,-0.7099847924639787,0.0,0.0,-0.3854574153610288,0.06418347645276157,-0.02604274389436667,-0.011755153472792212,0.0,0.0,0.0,0.7502746480724269,0.21302315926878565,0.7589481363483488,-1.5526364451231736,-1.5374349,2.7239869,-1.0863314,2.2728832,1.9161342,-2.2928913,25.058846,0.0026102962
figure_eight_depth,pid,68.8,0.2820492,0.42131746,-1.2406541,0.003077088,-0.009726029,0.36081102,0.22615704,0.11886956,-0.011366238,-0.0011623289,0.00470095,-0.12680529,0.7965299180241958,0.48158128339882933,-0.7111587947962318,0.0,0.0,-0.4185130962167501,0.06331347113858188,-0.028161217555972007,-0.011724839518501007,0.0,0.0,0.0,0.7407343778306675,0.21939964738864703,0.7793241211210011,-1.5571027093212935,-1.6408644,2.7710354,-1.1407394,2.2709105,1.8920767,-2.3145769,25.766615,0.0026840223
figure_eight_depth,pid,68.9,0.29934314,0.4407425,-1.2415242,0.0030818512,-0.009219727,0.34782806,0.23028512,0.120655365,-0.011312606,-0.0012150714,0.004663522,-0.12983832,0.8028174751911148,0.4786597487660335,-0.7123297496539742,0.0,0.0,-0.45138935669317287,0.06243652278892231,-0.03026733877667387,-0.01169420412178157,0.0,0.0,0.0,0.7314170578466783,0.2257231951067622,0.7992174170817379,-1.561987889227702,-1.7443832,2.8175757,-1.1933988,2.2665913,1.8672152,-2.337096,26.491753,0.0027595575
figure_eight_depth,pid,69.0,0.3172047,0.46024778,-1.2423961,0.0030812272,-0.008717366,0.3345545,0.23431416,0.122455716,-0.011257305,-0.0012300103,0.004614529,-0.13274486,0.8090169943749472,0.4755282581475769,-0.7134976249348867,0.0,0.0,-0.4840199671592585,0.06155272757091268,-0.03236018374236371,-0.011663248122573133,0.0,0.0,0.0,0.7223893868890114,0.23197982602206252,0.818574460586535,-1.5673027775674973,-1.8478391,2.8635616,-1.2440794,2.2598019,1.8415338,-2.3604677,27.231987,0.0028366651
figure_eight_depth,pid,69.10000000000001,0.33563346,0.479813,-1.2432702,0.0030782823,-0.008220173,0.32100272,0.23822671,0.12426031,-0.011200437,-0.0012107918,0.004554352,-0.13552742,0.8151277957285542,0.4721881851187405,-0.7146623886210787,0.0,0.0,-0.5163422192247706,0.060662182402637654,-0.03443883446191398,-0.011631972369585686,0.0,0.0,0.0,0.7137220283555444,0.23814862082729807,0.8373449410112697,-1.5730561377720573,-1.9510748,2.9089644,-1.2925502,2.2504396,1.8150146,-2.3847134,27.985065,0.0029151114
figure_eight_depth,pid,69.2,0.35462767,0.49941656,-1.2441466,0.0030757713,-0.007729158,0.3071849,0.2420123,0.12605779,-0.011142155,-0.0011609475,0.004484802,-0.13818796,0.8211492091337036,0.46864099474594595,-0.7158240087799653,0.0,0.0,-0.5482975847255533,0.05976498494253413,-0.0365023791704111,-0.011600377720188959,0.0,0.0,0.0,0.7054886448333922,0.24421323586197596,0.8554824895393198,-1.5792555758246603,-2.0539408,2.9537542,-1.3386024,2.2384157,1.7876437,-2.4098492,28.74874,0.0029946603
figure_eight_depth,pid,69.3,0.3741853,0.5190361,-1.2450256,0.0030760013,-0.0072449255,0.29311308,0.24567093,0.12784038,-0.011082646,-0.0010853194,0.004409494,-0.14072803,0.8270805742745616,0.46488824294412595,-0.7169824535651432,0.0,0.0,-0.5798322549285925,0.058861233578288985,-0.03854991272903008,-0.011568465040523446,0.0,0.0,0.0,0.6977648086206867,0.25016760312760405,0.8729453375759161,-1.5859063639713267,-2.1563063,2.997898,-1.3820543,2.2236462,1.7594044,-2.4358945,29.520813,0.0030750846
figure_eight_depth,pid,69.4,0.39430338,0.53864926,-1.2459074,0.0030807091,-0.006767873,0.27879924,0.24919882,0.12960489,-0.011022074,-0.0009899406,0.004330222,-0.14314881,0.8329212407100993,0.4609315757942503,-0.7181376912172635,0.0,0.0,-0.6108975516491957,0.05795102741645852,-0.04058053702188369,-0.011536235205611423,0.0,0.0,0.0,0.6906276550268294,0.2560059843344902,0.8896967874699659,-1.5930102670215172,-2.2580526,3.0413797,-1.4227341,2.2060614,1.7302712,-2.4628763,30.29927,0.003156174
figure_eight_depth,pid,69.5,0.4149782,0.5582316,-1.2467921,0.0030916843,-0.0062982906,0.2642551,0.25259006,0.13133131,-0.010960588,-0.0008745691,0.004247752,-0.14545171,0.8386705679454236,0.4567727288213009,-0.719289690064902,0.0,0.0,-0.6414502080367128,0.057034466271477235,-0.04259336134995739,-0.011503689098968373,0.0,0.0,0.0,0.6841548711274338,0.261709909021728,0.90570531448584,-1.6004598449130416,-2.3590493,3.0841851,-1.4604926,2.1856284,1.7002506,-2.4907901,31.082209,0.00323773
figure_eight_depth,pid,69.60000000000001,0.43614402,0.5777039,-1.2476801,0.0031223758,-0.0058524054,0.24949184,0.2551097,0.13264732,-0.01089778,-0.00062291307,0.004002403,-0.14764293,0.8443279255020152,0.4524135262330097,-0.7204384185254288,0.0,0.0,-0.6714525223251138,0.056111650654333545,-0.0445875028217968,-0.011470827612769519,0.0,0.0,0.0,0.6784508311917276,0.2664821451944889,0.9209443629260812,-1.6080681219451343,-2.4581048,3.1269999,-1.4944913,2.1633866,1.6699003,-2.5190794,31.86848,0.0033196332
figure_eight_depth,pid,69.7,0.45764452,0.5969164,-1.2485726,0.0031990448,-0.0054646023,0.23451996,0.25572947,0.13305639,-0.01083715,-0.00010951858,0.0034105442,-0.14972755,0.8498926929868638,0.4478558801197067,-0.7215838451058726,0.0,0.0,-0.7008723925822575,0.05518268176252228,-0.04656208674150286,-0.011437651648127378,0.0,0.0,0.0,0.673642928032482,0.26922512839771817,0.9353923510783513,-1.6156505065227094,-2.5534189,3.1707866,-1.523633,2.1410007,1.6400698,-2.546914,32.655777,0.0034016434
figure_eight_depth,pid,69.8,0.47926193,0.6156862,-1.2494704,0.00334955,-0.005173675,0.21935013,0.25381997,0.13229227,-0.0107882265,0.0006760858,0.0024239793,-0.15170458,0.855364260160506,0.44310178961560776,-0.7227259384037851,0.0,0.0,-0.7296832442128457,0.054247661468109776,-0.048516246991259226,-0.011404162114536653,0.0,0.0,0.0,0.6698492433383457,0.2692976172816001,0.9490333735787667,-1.623124475354541,-2.6435494,3.2161493,-1.5472147,2.1198146,1.6113602,-2.573728,33.440014,0.0034833348
figure_eight_depth,pid,69.9,0.5008064,0.633863,-1.2503738,0.0035885565,-0.004998666,0.20399368,0.24978428,0.13049757,-0.010763807,0.001595575,0.0012357156,-0.1535675,0.8607420270039436,0.43815334002193174,-0.7238646671081018,0.0,0.0,-0.757863864591825,0.053306692305798986,-0.05044912641119503,-0.011370359929929741,0.0,0.0,0.0,0.6671340431524334,0.26710581693122837,0.9618575426847815,-1.6304000493917832,-2.7283351,3.2626894,-1.5655811,2.0999353,1.5837976,-2.5995407,34.21575,0.0035641408
figure_eight_depth,pid,70.0,0.522114,0.6513244,-1.2512832,0.00392062,-0.0049446896,0.18846223,0.24398288,0.12779061,-0.010772474,0.0025442722,-1.7587901e-05,-0.15531352,0.8660254037844384,0.4330127018922197,-0.7249999999999999,0.0,0.0,-0.7853981606560753,0.05235987746421422,-0.0523598771771383,-0.011336246021342866,0.0,0.0,0.0,0.6655141138297904,0.2630093026090765,0.9738603882390068,-1.6373885426242962,-2.8076577,3.3100288,-1.5790786,2.0814495,1.5573863,-2.6243765,34.977955,0.0036435372
figure_eight_depth,pid,70.10000000000001,0.54304653,0.6679722,-1.2521993,0.0043427856,-0.005006848,0.1727674,0.23676047,0.124271914,-0.010818979,0.003445596,-0.0012369032,-0.1569427,0.8712138111201897,0.4276821300802531,-0.7261319059537549,0.0,0.0,-0.812274855820069,0.05140732077224541,-0.05424766117065327,-0.01130182132375035,0.0,0.0,0.0,0.6649661477741526,0.2573426915806444,0.9850422565616461,-1.6440028586437312,-2.881464,3.357784,-1.5880822,2.064402,1.5321234,-2.6482615,35.722,0.0037210416
figure_eight_depth,pid,70.2,0.5634888,0.6837286,-1.2531233,0.0048467107,-0.0051737404,0.15692063,0.22841655,0.120029725,-0.01090471,0.0042458344,-0.0023570927,-0.15845695,0.8763066800438635,0.4221639627510076,-0.7272603539375928,0.0,0.0,-0.8384871421874789,0.0504491266880569,-0.05611165034685728,-0.011267086781063806,0.0,0.0,0.0,0.6654343731715152,0.2503963223167806,0.995407768947008,-1.6501570199135225,-2.9497342,3.405602,-1.5929565,2.0488243,1.5079961,-2.6712217,36.443726,0.003796221
figure_eight_depth,pid,70.3,0.5833432,0.6985313,-1.2540569,0.0054208925,-0.005430615,0.140933,0.21918681,0.11512876,-0.011028508,0.0049146633,-0.0033435724,-0.1598597,0.8813034520649918,0.41646062035505016,-0.7283853130145425,0.0,0.0,-0.8640323030141268,0.049485400288540315,-0.05795102709874045,-0.011232043345466014,0.0,0.0,0.0,0.6668394421798455,0.24239477000985532,1.0049653100160036,-1.655770958666863,-3.0124402,3.453178,-1.5940359,2.0347736,1.4850132,-2.6932585,37.139397,0.0038686867
figure_eight_depth,pid,70.4,0.60252774,0.71233153,-1.2550025,0.006051962,-0.005761257,0.12481525,0.20927396,0.10962675,-0.011187463,0.0054354016,-0.00418008,-0.16115499,0.8862035792312148,0.4105746045668518,-0.7295067523432825,0.0,0.0,-0.8889113188597018,0.04851624725726866,-0.05976498461479629,-0.011196691977743978,0.0,0.0,0.0,0.6690852012975321,0.23353073158961749,1.0137265668126398,-1.660773915491512,-3.0695777,3.5002313,-1.5916473,2.0223007,1.4631889,-2.7143664,37.805676,0.003938091
figure_eight_depth,pid,70.5,0.6209753,0.7250916,-1.255963,0.0067257383,-0.0061490047,0.10857762,0.19886681,0.103574984,-0.01137747,0.0058022784,-0.0048600803,-0.16234718,0.8910065241883678,0.4045084971874739,-0.7306246411789872,0.0,0.0,-0.9131284690907832,0.047541773872783466,-0.061552727233377125,-0.011161033647011376,0.0,0.0,0.0,0.6720645221339188,0.2239787393271544,1.0217060856035585,-1.6651027219212107,-3.1211772,3.5464852,-1.5861285,2.0114365,1.442547,-2.7345314,38.43959,0.0040041236
figure_eight_depth,pid,70.60000000000001,0.6386311,0.73678327,-1.2569413,0.007428021,-0.0065778457,0.09222997,0.1881243,0.09702008,-0.011593642,0.006017619,-0.0053877835,-0.1634408,0.8957117602394128,0.39826495901209813,-0.7317389488741693,0.0,0.0,-0.9366909384333014,0.046562086997048446,-0.0633134707914429,-0.011125069330930604,0.0,0.0,0.0,0.6756645886574649,0.21388531424177726,1.02892090823282,-1.668704116355897,-3.1672843,3.591688,-1.5778054,2.0022092,1.4231178,-2.7537303,39.038517,0.0040665125
figure_eight_depth,pid,70.7,0.65545225,0.74738616,-1.257941,0.008145306,-0.007032843,0.075781755,0.17719197,0.09000074,-0.011830735,0.006090917,-0.005771589,-0.16444026,0.9003187714021932,0.3918467286629203,-0.7328496448795206,0.0,0.0,-0.9596084363721814,0.04557729406373667,-0.06504644296870254,-0.011088800015435218,0.0,0.0,0.0,0.6797711653832277,0.20337798165546792,1.0353901915215458,-1.6715271344109426,-3.207968,3.6355934,-1.5670105,1.9946358,1.404948,-2.7719266,39.60015,0.0041250153
figure_eight_depth,pid,70.8,0.671402,0.75688416,-1.2589651,0.008865693,-0.007501468,0.05924197,0.16615406,0.08253644,-0.012083452,0.006040655,-0.0060332613,-0.16535011,0.9048270524660189,0.38525662138789546,-0.733956698744749,0.0,0.0,-0.9818928353389591,0.04458750306651771,-0.06675088362623205,-0.011052226694951983,0.0,0.0,0.0,0.6842719847103493,0.19252582786510272,1.041134804477343,-1.6735306467828808,-3.243253,3.6780052,-1.554034,1.9887862,1.388119,-2.7890458,40.12236,0.004179412
figure_eight_depth,pid,70.9,0.6864499,0.7652656,-1.2600173,0.009578746,-0.007973197,0.042619232,0.15509455,0.07465123,-0.012346731,0.005883603,-0.0061907615,-0.16617437,0.9092361090470684,0.37849752782587837,-0.7350600801194137,0.0,0.0,-1.0035578319725,0.0435928225470672,-0.06842604514012418,-0.01101535037201229,0.0,0.0,0.0,0.6890597129706011,0.1813987685192684,1.0461770640608274,-1.6746820334110268,-3.2731922,3.718729,-1.5391735,1.9847105,1.3727114,-2.8050184,40.60333,0.004229513
figure_eight_depth,pid,71.0,0.7005716,0.7725232,-1.2611003,0.010275271,-0.008439317,0.025921801,0.1440902,0.06637612,-0.012615755,0.0056339414,-0.006260318,-0.16691668,0.9135454576426005,0.3715724127386977,-0.7361597587537567,0.0,0.0,-1.0246186342488313,0.04259336158346505,-0.07007119272911533,-0.010978172057696245,0.0,0.0,0.0,0.6940331277925799,0.1700651642758845,1.050540435353973,-1.6749545646653135,-3.2978618,3.7575824,-1.5227214,1.982442,1.3587933,-2.819783,41.04157,0.0042751636
figure_eight_depth,pid,71.10000000000001,0.7137457,0.7786541,-1.262217,0.0109472545,-0.008893263,0.0091576055,0.13318688,0.05774413,-0.012886067,0.0053050714,-0.006261688,-0.1675805,0.9177546256839813,0.3644843137107056,-0.7372557044995329,0.0,0.0,-1.045091676064401,0.04158922977759438,-0.07168560477677222,-0.010940692771188587,0.0,0.0,0.0,0.6990998897455591,0.15857480817465822,1.0542492815336277,-1.681994077070004,-3.3173294,3.794421,-1.5049378,1.9820294,1.3464296,-2.8332825,41.435944,0.004316244
figure_eight_depth,pid,71.2,0.7259528,0.7836592,-1.2633699,0.011587793,-0.009330445,-0.0076657636,0.1224166,0.048790324,-0.013153607,0.0049092607,-0.006213153,-0.1681691,0.9218631515885004,0.357236339816402,-0.738347887310836,0.0,0.0,-1.064994359794005,0.04058053724420585,-0.07326857314923774,-0.010902913540167258,0.0,0.0,0.0,0.7041771576481569,0.1469713624301885,1.0573285961848937,-1.697334802001158,-3.3316648,3.829122,-1.4860646,1.9835217,1.3356801,-2.8454626,41.78561,0.004352668
figure_eight_depth,pid,71.3,0.73717695,0.7875436,-1.2645612,0.012191065,-0.00974751,-0.02454103,0.111824356,0.039549667,-0.013414718,0.0044581974,-0.0061257104,-0.16868566,0.9258705848099944,0.3498316702566835,-0.7394362772449223,0.0,0.0,-1.0843448265718445,0.039567394597761485,-0.07481940350428928,-0.010864835400303807,0.0,0.0,0.0,0.7091919165883529,0.13530652147276684,1.0598037968652472,-1.7118108986227023,-3.3409681,3.8615558,-1.4663538,1.9869415,1.3266028,-2.8562706,42.089966,0.0043843715
figure_eight_depth,pid,71.4,0.74740505,0.7903159,-1.265792,0.01275216,-0.010142254,-0.041461226,0.10144525,0.03006066,-0.013666065,0.0039616846,-0.006009744,-0.16913323,0.9297764858882515,0.3422735529643443,-0.7405208444630327,0.0,0.0,-1.1031617534042368,0.038549912940277764,-0.0763374155955121,-0.01082645939537441,0.0,0.0,0.0,0.7140806030167243,0.12363024437175925,1.0617005278051863,-1.7254263179420881,-3.3453457,3.8916113,-1.4460407,1.9923064,1.3192434,-2.8656602,42.34871,0.0044113235
figure_eight_depth,pid,71.5,0.7566273,0.79198873,-1.2670637,0.0132670775,-0.010513276,-0.05841969,0.09131669,0.020360893,-0.013904668,0.0034292303,-0.0058723227,-0.1695148,0.9335804264972015,0.33456530317942956,-0.7416015592312082,0.0,0.0,-1.1214641757860502,0.03752820385061195,-0.07782194357361383,-0.01078778657759294,0.0,0.0,0.0,0.7187900204051417,0.11199457930380602,1.0630444862499555,-1.738196261643001,-3.344921,3.9191825,-1.4253566,1.999618,1.313645,-2.8735883,42.561775,0.004433518
figure_eight_depth,pid,71.60000000000001,0.7648358,0.79257816,-1.2683768,0.013732581,-0.010860163,-0.07541005,0.081457585,0.010490232,-0.014127873,0.0028688305,-0.0057224957,-0.16983326,0.9372819894918917,0.32671030199505235,-0.742678391921108,0.0,0.0,-1.1392713341833,0.036502379370584315,-0.07927233627558206,-0.010748818007277894,0.0,0.0,0.0,0.7232768513212178,0.10044753468142881,1.0638612810493355,-1.7501515999982205,-3.3398113,3.9441917,-1.4045041,2.0088844,1.3098398,-2.8800185,42.72942,0.004450981
figure_eight_depth,pid,71.7,0.7720239,0.79210377,-1.2697312,0.014146166,-0.011183269,-0.09242623,0.0718835,0.00048812167,-0.014333377,0.0022878982,-0.0055673155,-0.1700914,0.9408807689542255,0.31871199487434493,-0.7437513130108195,0.0,0.0,-1.1566025425551654,0.035472551993209755,-0.08068795751048352,-0.010709554752685868,0.0,0.0,0.0,0.7275075330340997,0.08904181615505626,1.0641763095615626,-1.7613427959583572,-3.3301399,3.966575,-1.3836724,2.0201073,1.307854,-2.8849165,42.852158,0.0044637662
figure_eight_depth,pid,71.8,0.77818745,0.7905879,-1.2711264,0.014506178,-0.011483456,-0.10946246,0.06261103,-0.009611791,-0.014519221,0.0016949469,-0.005411304,-0.17029211,0.9443763702374808,0.31057389013915576,-0.7448202930856695,0.0,0.0,-1.1734770770154748,0.03443883465076292,-0.0820681863405448,-0.010669997890178085,0.0,0.0,0.0,0.7314576643524718,0.0778358417099081,1.0640146146498475,-1.7718351927630451,-3.3160357,3.9862697,-1.3630466,2.0332804,1.3077173,-2.888244,42.930645,0.004471942
figure_eight_depth,pid,71.9,0.78332156,0.788056,-1.2725617,0.01481163,-0.011762448,-0.12651323,0.053631607,-0.019773772,-0.014683753,0.0010965487,-0.005262795,-0.17043805,0.9477684100095858,0.3022995574311871,-0.7458853028390294,0.0,0.0,-1.1899140826844334,0.03340134070195511,-0.08341241735165816,-0.010630148504275905,0.0,0.0,0.0,0.7351123034728837,0.0668997203865469,1.063400854864037,-1.7816965275329277,-3.2976077,4.003251,-1.3427739,2.0484173,1.3094507,-2.8899682,42.96587,0.0044756113
figure_eight_depth,pid,72.0,0.7874204,0.7845367,-1.2740355,0.015062129,-0.012022819,-0.14357333,0.044924386,-0.029962715,-0.014825635,0.00049834925,-0.0051300386,-0.17053187,0.9510565162951535,0.29389262614623685,-0.7469463130731182,0.0,0.0,-1.2059324968533383,0.03236018391983286,-0.0847200609196963,-0.010590007687549807,0.0,0.0,0.0,0.7384655507193785,0.0563397432028019,1.0623591680006848,-1.7909717843559823,-3.2749524,4.017516,-1.3229767,2.0655403,1.3130693,-2.8900583,42.95906,0.004474902
figure_eight_depth,pid,72.10000000000001,0.79047894,0.78006124,-1.2755462,0.0152579,-0.01226722,-0.1606378,0.03649003,-0.040147472,-0.014943811,-9.387035e-05,-0.0050137173,-0.17057611,0.9542403285162768,0.28535678384221586,-0.7480032946998049,0.0,0.0,-1.2215509866484584,0.03131547847878835,-0.08599054346902779,-0.010549576540397343,0.0,0.0,0.0,0.7415199284811705,0.046342987310222475,1.060913190723318,-1.7996560982964713,-3.2481909,4.029048,-1.303789,2.0846462,1.3185877,-2.8884852,42.911606,0.004469959
figure_eight_depth,pid,72.2,0.7924935,0.7746635,-1.2770916,0.015399626,-0.012498288,-0.1777019,0.028328607,-0.050295644,-0.015037449,-0.00067597255,-0.004913744,-0.17057328,0.957319497532067,0.2766957746216726,-0.7490562187414038,0.0,0.0,-1.2367878994698032,0.030267338942679967,-0.08722330772398257,-0.01050885617126518,0.0,0.0,0.0,0.7442854647555608,0.03725478788307567,1.0590859941000446,-1.8077057765936546,-3.217449,4.037842,-1.2853312,2.1057243,1.3260093,-2.8852253,42.82512,0.0044609504
figure_eight_depth,pid,72.3,0.7934634,0.7683794,-1.2786694,0.015488476,-0.012718236,-0.19476123,0.020455506,-0.06037669,-0.015105934,-0.0012435784,-0.0048259767,-0.1705258,0.9602936856769427,0.26791339748949944,-0.7501050563314708,0.0,0.0,-1.2516612246443113,0.02921588025173172,-0.08841781295340634,-0.010467847696482568,0.0,0.0,0.0,0.7467789307361283,0.029741564307008743,1.0568999931026777,-1.8150669689796421,-3.182873,4.043884,-1.2677294,2.12874,1.3353343,-2.8802586,42.701355,0.004448058
figure_eight_depth,pid,72.4,0.7933865,0.76124734,-1.2802765,0.01552614,-0.012929817,-0.21181154,0.012843291,-0.07036403,-0.015148863,-0.0017917916,-0.004756073,-0.17043608,0.9631625667976581,0.2590135046865653,-0.7511497787155936,0.0,0.0,-1.2661885648157956,0.028161217710376274,-0.08957353520777644,-0.010426552240427878,0.0,0.0,0.0,0.7490246023167637,0.025018877871076713,1.0543770223048092,-1.8217015362378641,-3.1445606,4.047204,-1.2510617,2.1537054,1.3465676,-2.8735576,42.542297,0.0044314894
figure_eight_depth,pid,72.5,0.7922609,0.75330794,-1.2819103,0.015514688,-0.013135891,-0.22884886,0.0054744184,-0.08023116,-0.015166048,-0.002317358,-0.0047054077,-0.17030637,0.9659258262890681,0.2500000000000008,-0.7521903572521801,0.0,0.0,-1.280387115774573,0.02710346697404331,-0.09068996754925396,-0.010384970935195525,0.0,0.0,0.0,0.751053667055912,0.02449614452475325,1.051538256106795,-1.8275912337549944,-3.102619,4.0478354,-1.235403,2.180619,1.3597072,-2.8651023,42.35015,0.0044114743
figure_eight_depth,pid,72.60000000000001,0.79008573,0.7446038,-1.2835674,0.015456446,-0.013339043,-0.24586941,-0.0016562837,-0.08995242,-0.015157464,-0.0028181511,-0.0046716174,-0.17013884,0.9685831611286312,0.24087683705085744,-0.7532267634132441,0.0,0.0,-1.2942736535134498,0.026042744037113597,-0.09176662027317317,-0.01034310492059598,0.0,0.0,0.0,0.7529033264643875,0.02817277990098965,1.0484042404952232,-1.8327345523182033,-3.0571709,4.0458045,-1.2208284,2.2094624,1.3747423,-2.854879,42.127224,0.0043882527
figure_eight_depth,pid,72.7,0.78686285,0.73517907,-1.2852446,0.01535392,-0.013541321,-0.26286963,-0.008542661,-0.09950321,-0.015123252,-0.0032928633,-0.0046498342,-0.16993558,0.971134279909636,0.23164801755993125,-0.7542589687851871,0.0,0.0,-1.3078645274861125,0.024979165219873867,-0.09280302112493755,-0.01030095534465536,0.0,0.0,0.0,0.7546159293778663,0.03452332406761621,1.0449949012024669,-1.837142159236628,-3.0083532,4.0411377,-1.2074145,2.2401989,1.3916546,-2.842881,41.876,0.004362083
figure_eight_depth,pid,72.8,0.78259593,0.7250796,-1.2869384,0.01520963,-0.013744506,-0.27984616,-0.015187424,-0.10885741,-0.01506372,-0.0037416772,-0.004637835,-0.1696986,0.9735789028731601,0.2223175895924647,-0.7552869450695775,0.0,0.0,-1.3211756590957286,0.02391284715574926,-0.09379871550488361,-0.01025852336289379,0.0,0.0,0.0,0.7562390034540151,0.042174462851649816,1.041329497491801,-1.8408315504005905,-2.9562967,4.0338745,-1.1952181,2.272796,1.410417,-2.8291118,41.59913,0.004333243
figure_eight_depth,pid,72.9,0.7773151,0.71435,-1.2886447,0.0150247235,-0.013944795,-0.29679573,-0.021350877,-0.11794947,-0.0149794575,-0.004178621,-0.0045802784,-0.16942939,0.9759167619387474,0.2128896457825363,-0.7563106640839263,0.0,0.0,-1.3342225446137497,0.022843906778369227,-0.0947532666673162,-0.01021581013838091,0.0,0.0,0.0,0.7578156737110019,0.050139158058169236,1.037426818791301,-1.8438284172355899,-2.9014664,4.023897,-1.1844583,2.3068888,1.430874,-2.8136964,41.299217,0.004302002
figure_eight_depth,pid,73.0,0.7711052,0.703027,-1.2903588,0.0147980815,-0.014127913,-0.31371498,-0.0265053,-0.12667821,-0.014871597,-0.004625699,-0.004372704,-0.16912957,0.9781476007338055,0.20336832153790063,-0.7573300977624593,0.0,0.0,-1.3470202618037241,0.02177246130918853,-0.09566625591576894,-0.0101728168423465,0.0,0.0,0.0,0.7593714183208874,0.057572236028814505,1.0333052807246226,-1.8461747547687837,-2.844766,4.0108795,-1.1755646,2.341678,1.4527274,-2.7969031,40.97834,0.004268577
figure_eight_depth,pid,73.10000000000001,0.76408553,0.69114095,-1.2920753,0.014527353,-0.01427646,-0.33060086,-0.030330196,-0.13495496,-0.014741989,-0.0050928234,-0.0039837505,-0.16880156,0.980271174621722,0.193757793226051,-0.7583452181568876,0.0,0.0,-1.3595834796084532,0.02069862824438662,-0.09653728278298523,-0.010129544653514344,0.0,0.0,0.0,0.7609165603546252,0.06404009217168836,1.028982621873773,-1.8479247479560237,-2.7869287,3.994646,-1.1688118,2.3765292,1.4757043,-2.77897,40.63856,0.0042331833
figure_eight_depth,pid,73.2,0.75639355,0.6787223,-1.2937882,0.014208268,-0.014374783,-0.34745052,-0.032683633,-0.14265756,-0.01459332,-0.005596306,-0.0034306047,-0.16844745,0.9822872507286886,0.18406227634233907,-0.7593559974371724,0.0,0.0,-1.3719264703832648,0.019622525341655983,-0.09736596520698582,-0.010085994757935701,0.0,0.0,0.0,0.7624528164979083,0.06933670779504675,1.024475945814707,-1.8491448125611543,-2.7285385,3.9752135,-1.1642807,2.4109557,1.4994794,-2.7601855,40.282562,0.0041961004
figure_eight_depth,pid,73.3,0.7481754,0.66580415,-1.2954916,0.013835279,-0.01441091,-0.36426142,-0.033525664,-0.14966512,-0.014429032,-0.006146341,-0.0027494389,-0.16806942,0.9841956079692418,0.1742860236609083,-0.7603624078922894,0.0,0.0,-1.3840631241916308,0.018544270607934177,-0.09815193970065528,-0.010042168349766456,0.0,0.0,0.0,0.7639756801257958,0.07337663225920699,1.019801705610622,-1.849911208857884,-2.6700857,3.952707,-1.1619405,2.4445617,1.5237261,-2.7408426,39.913197,0.0041576247
figure_eight_depth,pid,73.4,0.73957443,0.65242463,-1.2971797,0.013402496,-0.01437841,-0.3810313,-0.032940008,-0.15587038,-0.014253083,-0.0067444374,-0.0019948776,-0.16766985,0.985996037070505,0.16443332336929128,-0.7613644219309876,0.0,0.0,-1.3960069647775344,0.017463982285914614,-0.09889486150964355,-0.009998066630489966,0.0,0.0,0.0,0.7654783714176872,0.07618974244682569,1.0149756601796798,-1.8503055008416434,-2.6119137,3.927369,-1.1616386,2.4770942,1.54815,-2.721205,39.533447,0.004118067
figure_eight_depth,pid,73.5,0.73072547,0.6386271,-1.2988471,0.012904748,-0.014276316,-0.39775828,-0.03106979,-0.16119006,-0.014069591,-0.007382473,-0.0012206883,-0.16725112,0.9876883405951377,0.154508497187474,-0.7623620120825458,0.0,0.0,-1.407771166868822,0.016381778841445538,-0.09959440476385584,-0.009953690809194615,0.0,0.0,0.0,0.766953048593032,0.07786280893064473,1.01001289159836,-1.8504125707391645,-2.5542758,3.899499,-1.1631616,2.5083847,1.5725003,-2.701495,39.146187,0.004077728
figure_eight_depth,pid,73.60000000000001,0.72174746,0.6244594,-1.3004888,0.012339068,-0.014109143,-0.4144408,-0.028123837,-0.16558616,-0.0138824275,-0.0080383755,-0.00048096228,-0.16681585,0.9892723329629883,0.14451589847223587,-0.7633551509975263,0.0,0.0,-1.4193685745380293,0.015297778950318364,-0.10025026262050485,-0.009909042102351773,0.0,0.0,0.0,0.7683930625234147,0.07854937191193066,1.00492776385764,-1.8503159908496187,-2.497305,3.8694282,-1.1662575,2.5383809,1.5966187,-2.681846,38.75403,0.0040368782
figure_eight_depth,pid,73.7,0.7127396,0.60997236,-1.302101,0.011705594,-0.01388607,-0.43107763,-0.024341557,-0.16906078,-0.013694878,-0.008681967,0.00017799213,-0.16636646,0.9907478404714435,0.13445991030763355,-0.7643438114485238,0.0,0.0,-1.4308117203741422,0.014212101485389095,-0.10086214739866983,-0.009864121734148856,0.0,0.0,0.0,0.769794445199667,0.07843540650949654,0.9997340910463681,-1.8500947841275497,-2.4410467,3.837492,-1.1706663,2.5671117,1.6204295,-2.6623144,38.359287,0.003995759
figure_eight_depth,pid,73.8,0.70377815,0.5952184,-1.3036804,0.0110081835,-0.013620093,-0.44766775,-0.019984188,-0.17165673,-0.013509377,-0.009277745,0.0007178403,-0.16590509,0.9921147013144777,0.1243449435824287,-0.7653279663309128,0.0,0.0,-1.442112845276284,0.013124865503255645,-0.10142979070548036,-0.009818930936100756,0.0,0.0,0.0,0.7711570289245501,0.07772806107499516,0.9944450975403067,-1.8498208181228255,-2.3854606,3.8040113,-1.1761374,2.5946882,1.6439451,-2.6428711,37.96395,0.0039545787
figure_eight_depth,pid,73.9,0.6949121,0.5802519,-1.3052248,0.0102546,-0.013327679,-0.46421042,-0.015348118,-0.17345273,-0.013327376,-0.009788893,0.0011031245,-0.16543353,0.9933727656003964,0.11417543505532811,-0.7663075886635902,0.0,0.0,-1.4532839186944397,0.01203619023182334,-0.10195294355378609,-0.009773470947049834,0.0,0.0,0.0,0.77248803480203,0.0766469225515889,0.9890734978475006,-1.8495565176780362,-2.3303978,3.7692986,-1.1824236,2.6213243,1.6672646,-2.623404,37.569855,0.003913526
figure_eight_depth,pid,74.0,0.6861608,0.56512696,-1.3067328,0.009456692,-0.013027742,-0.480705,-0.010735223,-0.17456844,-0.013149271,-0.01017736,0.0013079362,-0.16495323,0.9945218953682733,0.10395584540888055,-0.7672826515897144,0.0,0.0,-1.464336659208192,0.010946195056482644,-0.1024313764714721,-0.00972774301344348,0.0,0.0,0.0,0.7738034572859236,0.07540256843536049,0.9836316661986246,-1.8493530552569575,-2.275629,3.7336214,-1.1893178,2.64731,1.69058,-2.6037128,37.178524,0.0038727627
figure_eight_depth,pid,74.10000000000001,0.677516,0.54989576,-1.308204,0.0086300755,-0.012739937,-0.49715093,-0.006412022,-0.17515454,-0.012974493,-0.01040864,0.0013228335,-0.16446522,0.99556196460308,0.09369065729286208,-0.7682531283774433,0.0,0.0,-1.4752825553132007,0.0098549995073971,-0.10286487960161489,-0.009681748388667977,0.0,0.0,0.0,0.7751279557977938,0.07417043017613674,0.978131627531142,-1.849248412633434,-2.2208967,3.6971767,-1.1966807,2.6729608,1.7141498,-2.5835342,36.791218,0.0038324192
figure_eight_depth,pid,74.2,0.66894096,0.5346095,-1.3096387,0.0077930787,-0.012484234,-0.51354766,-0.0026488046,-0.17537145,-0.01280176,-0.010458846,0.0011420245,-0.16396993,0.9964928592495043,0.08338437335805154,-0.7692189924206652,0.0,0.0,-1.4861328863474406,0.00876272324668026,-0.10325326279628233,-0.009635488334103215,0.0,0.0,0.0,0.7764971730435156,0.07308407230570221,0.9725852274271525,-1.8492680839650473,-2.1658738,3.6601331,-1.2043985,2.698658,1.7382717,-2.5625672,36.409252,0.0037926307
figure_eight_depth,pid,74.3,0.6603713,0.5193186,-1.3110379,0.0069658333,-0.01228012,-0.5298946,0.00030286083,-0.17538886,-0.01262935,-0.010313185,0.0007672631,-0.16346739,0.997314477224458,0.07304151428120687,-0.7701802172397294,0.0,0.0,-1.4968987434956766,0.007669486054628916,-0.1035963556977812,-0.009588964117623888,0.0,0.0,0.0,0.7779594803927973,0.07223347187193664,0.967004153117869,-1.849423529848867,-2.1101909,3.6226132,-1.2124012,2.7248235,1.7632774,-2.5404825,36.03401,0.003753543
figure_eight_depth,pid,74.4,0.6517187,0.5040758,-1.3124027,0.0061683236,-0.012145917,-0.546191,0.002215471,-0.17534886,-0.012455545,-0.00997626,0.00020690748,-0.1629569,0.9980267284282716,0.06266661678215206,-0.7711367764821722,0.0,0.0,-1.50759105081264,0.006575407816955536,-0.1038940078128825,-0.00954217701482074,0.0,0.0,0.0,0.7795769260731724,0.07164700339727666,0.9614000737160824,-1.8497160983771868,-2.0533404,3.5846164,-1.2207359,2.752012,1.7895687,-2.516882,35.6667,0.0037152814
figure_eight_depth,pid,74.5,0.64287394,0.48893824,-1.3137351,0.0054191533,-0.012098244,-0.5624359,0.0028887305,-0.17537363,-0.0122789135,-0.0094647575,-0.0005252426,-0.16243762,0.9986295347545738,0.05226423163382733,-0.7720886439234385,0.0,0.0,-1.5182205862441533,0.005480608511743146,-0.10414608858288002,-0.009495128308500966,0.0,0.0,0.0,0.7814263533993073,0.0713290247231917,0.9557846612372869,-1.8501370371278387,-1.9940473,3.545376,-1.2301797,2.7815084,1.8182038,-2.4907176,35.305588,0.0036776655
figure_eight_depth,pid,74.60000000000001,0.6337237,0.47396737,-1.3150373,0.0047327927,-0.012149061,-0.5786284,0.002266733,-0.1755094,-0.012098758,-0.008822563,-0.0013855877,-0.16190797,0.9991228300988584,0.04183892166615722,-0.7730357934676018,0.0,0.0,-1.5287980026171906,0.004385208196011625,-0.1043524874368082,-0.009447819288466164,0.0,0.0,0.0,0.7835924450153492,0.07123777544868723,0.9501695817874176,-1.8506723973596293,-1.93317,3.5060902,-1.2396444,2.8125646,1.848289,-2.4628968,34.959084,0.0036415712
figure_eight_depth,pid,74.7,0.6241772,0.45922172,-1.3163112,0.0041173147,-0.012300756,-0.59476715,0.00056144746,-0.17571808,-0.011915472,-0.008115439,-0.0022806916,-0.16136645,0.9995065603657316,0.03139525976465682,-0.7739781991480785,0.0,0.0,-1.5393338485878438,0.0032893269927836144,-0.10451311384042025,-0.00940025125162336,0.0,0.0,0.0,0.7861505731814565,0.07130158088060545,0.9445666953247518,-1.8513110834507953,-1.8708284,3.4668045,-1.2491494,2.8451257,1.879685,-2.4335773,34.629364,0.0036072254
figure_eight_depth,pid,74.8,0.61416453,0.444757,-1.317559,0.0035756037,-0.012549065,-0.6108509,-0.0020381513,-0.17596054,-0.011729852,-0.007395476,-0.0031452298,-0.16081324,0.9997806834748455,0.020937826864600592,-0.7749158351283413,0.0,0.0,-1.5498385895470754,0.002193085077817347,-0.1046278973381113,-0.00935242550215154,0.0,0.0,0.0,0.7891667309440362,0.07149756316329565,0.938987718937792,-1.8520457937509773,-1.8071465,3.4275692,-1.2587076,2.8791304,1.9122417,-2.4029267,34.31847,0.0035748407
figure_eight_depth,pid,74.9,0.60363525,0.43062434,-1.3187829,0.003106671,-0.012884912,-0.6268784,-0.00534483,-0.17620398,-0.0115428185,-0.006700583,-0.00393149,-0.16024983,0.9999451693655121,0.010471209941678135,-0.775848675702626,0.0,0.0,-1.5603226284817748,0.0010966026662839745,-0.1046967875820478,-0.009304343351168587,0.0,0.0,0.0,0.7926965371686266,0.07183161937597247,0.9334442477063232,-1.8528717155275463,-1.7422758,3.3884175,-1.2683458,2.9144876,1.94581,-2.3711154,34.028202,0.0035446044
figure_eight_depth,pid,75.0,0.5925542,0.41687185,-1.319985,0.002706563,-0.013296928,-0.6428489,-0.009220783,-0.17641601,-0.01135529,-0.0060588066,-0.0046162456,-0.15967827,1.0,3.061616997868383e-16,-0.7767766952966368,0.0,0.0,-1.5707963267948966,0.0,-0.10471975435468792,-0.00925600611700883,0.0,0.0,0.0,0.7967869874564727,0.0723172375860056,0.927947417893682,-1.8537872723829936,-1.6763313,3.3493993,-1.2780718,2.9511397,1.980249,-2.3383026,33.7603,0.003516698
figure_eight_depth,pid,75.10000000000001,0.58089995,0.403544,-1.3211676,0.0023693317,-0.013772491,-0.65876174,-0.013538011,-0.17657042,-0.011168118,-0.0054881736,-0.005186265,-0.15910101,0.9999451693655121,-0.010471209941678411,-0.7776998684682481,0.0,0.0,-1.5812700251080185,-0.0010966026662839745,-0.1046967875820478,-0.00920741512466794,0.0,0.0,0.0,0.8014765476129804,0.0729688385133994,0.9225082853771835,-1.854793501948353,-1.6094369,3.310556,-1.2878995,2.9890187,2.0154276,-2.3046403,33.516304,0.0034912813
figure_eight_depth,pid,75.2,0.5686618,0.3906825,-1.3223325,0.00208771,-0.014299037,-0.67461663,-0.018201591,-0.17664339,-0.010982055,-0.004999757,-0.0056410623,-0.15852055,0.9997806834748455,-0.020937826864599093,-0.7786181699082008,0.0,0.0,-1.5917540640421868,-0.002193085077761836,-0.10462789733811477,-0.009158571706469054,0.0,0.0,0.0,0.8067961591426647,0.0737958538475698,0.9171374291964531,-1.855894164742796,-1.5416929,3.271937,-1.2978336,3.0280776,2.0512264,-2.2702649,33.297646,0.0034685049
figure_eight_depth,pid,75.3,0.5558398,0.37832522,-1.3234822,0.0018536404,-0.014864197,-0.69041336,-0.02311204,-0.17661251,-0.010797756,-0.004599402,-0.005981346,-0.15793936,0.9995065603657316,-0.03139525976465531,-0.7795315744407971,0.0,0.0,-1.6022588050019493,-0.0032893269927836144,-0.10451311384042025,-0.009109477201341143,0.0,0.0,0.0,0.8127689243458924,0.07479380553784877,0.9118454491746177,-1.8570949286815586,-1.4732217,3.2335846,-1.3078848,3.0682478,2.087527,-2.2353148,33.10556,0.0034484959
figure_eight_depth,pid,75.4,0.54244214,0.36650795,-1.3246182,0.0016585867,-0.015456657,-0.7061522,-0.028200338,-0.17645292,-0.010615793,-0.004289902,-0.0062162993,-0.15735964,0.9991228300988584,-0.0418389216661575,-0.7804400570245905,0.0,0.0,-1.612794650972604,-0.004385208196011625,-0.10435248743680473,-0.009060132955374112,0.0,0.0,0.0,0.8194109402082645,0.07594769794233011,0.9066424502737516,-1.8584048775960358,-1.4041212,3.1955557,-1.3180484,3.1094828,2.124217,-2.1999178,32.941204,0.0034313754
figure_eight_depth,pid,75.5,0.52848125,0.35526657,-1.3257426,0.0014939788,-0.01606718,-0.72183347,-0.033446576,-0.17614298,-0.010436683,-0.00406978,-0.0063652773,-0.15678346,0.9986295347545739,-0.05226423163382584,-0.7813435927530719,0.0,0.0,-1.623372067345416,-0.005480608511743146,-0.10414608858332411,-0.009010540321152671,0.0,0.0,0.0,0.8267351759184911,0.07725076697424262,0.9015385998618954,-1.8598348007974164,-1.3344077,3.1578941,-1.3283296,3.1518161,2.1612372,-2.1641495,32.805832,0.0034172742
figure_eight_depth,pid,75.60000000000001,0.51397705,0.34463373,-1.3268572,0.0013515335,-0.016687231,-0.7374577,-0.038784392,-0.17566353,-0.0102608055,-0.003934719,-0.0064338963,-0.1562127,0.9980267284282716,-0.06266661678215234,-0.7822421568553529,0.0,0.0,-1.6340016027771531,-0.006575407816955536,-0.1038940078128825,-0.008960700658533494,0.0,0.0,0.0,0.8347473969727777,0.07867638387567423,0.8965439101540147,-1.8613975944351313,-1.2641044,3.1205654,-1.3388108,3.1952717,2.1985698,-2.128043,32.70034,0.0034062855
figure_eight_depth,pid,75.7,0.4989535,0.33464104,-1.3279632,0.001223488,-0.01730985,-0.75302565,-0.044188228,-0.17499724,-0.010088448,-0.0038781906,-0.006436554,-0.15564913,0.9973144772244581,-0.07304151428120538,-0.7831357246968447,0.0,0.0,-1.6446939100944322,-0.007669486054628916,-0.1035963556973371,-0.008910615333701521,0.0,0.0,0.0,0.8434487242819733,0.08020655890008725,0.8916682591163438,-1.8631081188789662,-1.1932801,3.083635,-1.3494762,3.2398312,2.2361372,-2.0916865,32.62578,0.0033985183
figure_eight_depth,pid,75.8,0.48343927,0.32531804,-1.3290622,0.0011027718,-0.017929157,-0.7685382,-0.04962278,-0.17412876,-0.009919817,-0.0038922215,-0.0063828314,-0.15509427,0.9964928592495045,-0.08338437335805007,-0.7840242717799335,0.0,0.0,-1.6554597672425297,-0.00876272324673577,-0.10325326279671948,-0.008860285719947125,0.0,0.0,0.0,0.8528352824662785,0.08181688394692574,0.8869215902291326,-1.8649836805145938,-1.1220232,3.047166,-1.360315,3.2854578,2.273865,-2.0551667,32.58302,0.0033940645
figure_eight_depth,pid,75.9,0.46746728,0.31668824,-1.3301554,0.0009840295,-0.018539676,-0.78399634,-0.05502967,-0.17307204,-0.009755016,-0.003958795,-0.006275644,-0.15455005,0.99556196460308,-0.09369065729286236,-0.7849077737446524,0.0,0.0,-1.6663100982771335,-0.009854999507452611,-0.10286487960160795,-0.008809713196888946,0.0,0.0,0.0,0.8628961587790475,0.08349065805680957,0.8823137546644626,-1.8670427093718407,-1.0504589,3.0111725,-1.3713627,3.3320763,2.3117206,-2.0185266,32.572495,0.0033929676
figure_eight_depth,pid,76.0,0.45107114,0.30877125,-1.3312434,0.00086353516,-0.019137166,-0.79940134,-0.060389057,-0.17184485,-0.009594014,-0.0040608253,-0.00612645,-0.15401804,0.9945218953682734,-0.10395584540887907,-0.7857862063693485,0.0,0.0,-1.6772559943815093,-0.010946195056427133,-0.10243137647104189,-0.00875889915108452,0.0,0.0,0.0,0.8736165766805496,0.0852263162932323,0.8778546515127044,-1.8693058540445868,-0.97866863,2.9756699,-1.382654,3.3796551,2.3496983,-1.9817765,32.594723,0.0033952836
figure_eight_depth,pid,76.10000000000001,0.43428257,0.30158526,-1.3323274,0.00073906267,-0.0197191,-0.81475466,-0.06571522,-0.17046821,-0.009436637,-0.0041827285,-0.0059518814,-0.1534996,0.9933727656003963,-0.11417543505532837,-0.7866595455713479,0.0,0.0,-1.6883087348953616,-0.01203619023182334,-0.10195294355377915,-0.008707844975752721,0.0,0.0,0.0,0.8849814511218497,0.087042010852139,0.8735540699974429,-1.8717660105591503,-0.90669006,2.940675,-1.3942202,3.4282053,2.3878212,-1.9449016,32.650433,0.0034010864
figure_eight_depth,pid,76.2,0.4171689,0.29511982,-1.3334072,0.0006066834,-0.020274274,-0.8300575,-0.070567444,-0.16887474,-0.009282728,-0.004341185,-0.005664836,-0.1529948,0.9921147013144779,-0.12434494358242727,-0.7875277674076149,0.0,0.0,-1.6994798083140388,-0.013124865503311156,-0.1014297907054873,-0.008656552070385182,0.0,0.0,0.0,0.8969379554647343,0.08859381007071208,0.8694223065211312,-1.874400314607743,-0.8351439,2.9061882,-1.4061278,3.4771721,2.4257596,-1.9082305,32.73697,0.0034101012
figure_eight_depth,pid,76.3,0.39984193,0.2893293,-1.3344811,0.0004597519,-0.020782867,-0.84531134,-0.07439832,-0.16694981,-0.009132878,-0.004561709,-0.00517845,-0.15250395,0.9907478404714437,-0.13445991030763207,-0.7883908480754094,0.0,0.0,-1.710780933215632,-0.014212101485389095,-0.10086214739868371,-0.008605021841301408,0.0,0.0,0.0,0.909385320762406,0.08938813157070324,0.8654695895457407,-1.8771826054861802,-0.76485264,2.8722308,-1.4184265,3.5258045,2.4630356,-1.8722314,32.849735,0.0034218477
figure_eight_depth,pid,76.4,0.38245043,0.28413737,-1.335547,0.00028955596,-0.021220922,-0.8605177,-0.07675224,-0.16457175,-0.00898881,-0.0048620393,-0.0044504474,-0.15202825,0.9892723329629884,-0.14451589847223528,-0.7892487639129391,0.0,0.0,-1.7222240790518628,-0.015297778950262853,-0.10025026262007464,-0.008553255701149176,0.0,0.0,0.0,0.9221812042097186,0.08896119163953763,0.8617063984068738,-1.880085530395088,-0.6966083,2.838849,-1.4311411,3.573382,2.4991767,-1.8373656,32.983345,0.0034357654
figure_eight_depth,pid,76.5,0.36517158,0.27944103,-1.3366007,8.647143e-05,-0.021563737,-0.8756781,-0.07726574,-0.16162965,-0.008853352,-0.0052477936,-0.0034720332,-0.15156949,0.9876883405951379,-0.15450849718747256,-0.7901014914000076,0.0,0.0,-1.7338214867205555,-0.016381778841334516,-0.0995944047634395,-0.00850125506918209,0.0,0.0,0.0,0.9351473943484797,0.08692152732048729,0.8581433646769459,-1.883240021738082,-0.63116366,2.8060975,-1.4442877,3.6192217,2.5337422,-1.8040525,33.131737,0.0034512226
figure_eight_depth,pid,76.60000000000001,0.3482056,0.27511153,-1.3376379,-0.00015905159,-0.021787293,-0.89079463,-0.0756195,-0.15802526,-0.00873031,-0.0057146624,-0.002248618,-0.15112978,0.985996037070505,-0.16443332336929156,-0.7909490071586605,0.0,0.0,-1.7455856888124595,-0.017463982285859103,-0.09889486150921334,-0.008449021370982024,0.0,0.0,0.0,0.948074400174717,0.08293700942288572,0.8547910539934287,-1.8866192475100585,-0.56928015,2.774027,-1.4578851,3.662632,2.566315,-1.7726892,33.288006,0.003467501
figure_eight_depth,pid,76.7,0.33174217,0.2710173,-1.3386543,-0.00045290243,-0.021876995,-0.9058694,-0.07189008,-0.1537578,-0.008623683,-0.0062226406,-0.0008730463,-0.15071242,0.9841956079692421,-0.17428602366090692,-0.7917912879538248,0.0,0.0,-1.7575295293978184,-0.018544270607823155,-0.09815193970025282,-0.008396556038625658,0.0,0.0,0.0,0.9607547477953742,0.07705736840300559,0.8516601050547092,-1.8901595101868418,-0.5112862,2.7426424,-1.4719857,3.7033417,2.5968108,-1.7433394,33.44764,0.0034841292
figure_eight_depth,pid,76.80000000000001,0.31593388,0.26704916,-1.3396465,-0.00079596875,-0.021833166,-0.9209051,-0.066510715,-0.14888468,-0.008536319,-0.006719745,0.0005063605,-0.15032013,0.9822872507286886,-0.18406227634233935,-0.7926283106939473,0.0,0.0,-1.7696661832068086,-0.019622525341600472,-0.09736596520656948,-0.00834386051046243,0.0,0.0,0.0,0.9730144890110753,0.06966145061514965,0.8487610699865937,-1.8938751011962487,-0.45706016,2.7119484,-1.486631,3.7415192,2.6254199,-1.7157965,33.609394,0.0035009785
figure_eight_depth,pid,76.9,0.30090696,0.26311707,-1.3406124,-0.0011865668,-0.021665078,-0.93590415,-0.059819207,-0.14342342,-0.008469359,-0.007180493,0.0018002491,-0.14995363,0.9802711746217219,-0.19375779322605124,-0.7934600524316265,0.0,0.0,-1.7820091739816744,-0.020698628244331108,-0.0965372827825689,-0.008290936231114543,0.0,0.0,0.0,0.984706093459534,0.06106358690530992,0.8461050287408907,-1.8977761007335183,-0.40653604,2.6820157,-1.5018048,3.7772844,2.6522355,-1.689955,33.772076,0.0035179248
figure_eight_depth,pid,77.0,0.28676662,0.25914693,-1.341551,-0.0016212851,-0.02138738,-0.9508693,-0.052091174,-0.1373855,-0.008422671,-0.0075891437,0.0029544977,-0.14961307,0.9781476007338058,-0.20336832153789927,-0.7942864903642426,0.0,0.0,-1.7945723917860692,-0.02177246130918853,-0.09566625591576894,-0.008237784651587976,0.0,0.0,0.0,0.9957039741065916,0.051572803333891894,0.8437030699629491,-1.9018705625945227,-0.3596817,2.6529374,-1.517471,3.8107266,2.6773167,-1.6657467,33.93454,0.003534848
figure_eight_depth,pid,77.10000000000001,0.2736009,0.255078,-1.3424623,-0.0020954243,-0.021017509,-0.9658032,-0.043556616,-0.13078451,-0.008395227,-0.007935114,0.0039407825,-0.14929847,0.9759167619387473,-0.2128896457825365,-0.7951076018345824,0.0,0.0,-1.8073701089754566,-0.022843906778313716,-0.09475326666733008,-0.008184407228994939,0.0,0.0,0.0,1.0059018016065067,0.04156093556570575,0.8415669030085071,-1.9061659001311158,-0.31648996,2.6248202,-1.5335835,3.841914,2.700707,-1.6431262,34.09571,0.0035516361
figure_eight_depth,pid,77.2,0.261482,0.2508613,-1.3433471,-0.002603114,-0.020574104,-0.9807085,-0.03442263,-0.12364413,-0.008385249,-0.008209379,0.00474628,-0.14901009,0.9735789028731604,-0.22231758959246337,-0.7959233643314598,0.0,0.0,-1.8204169944945714,-0.02391284715569375,-0.09379871550446728,-0.008130805426775911,0.0,0.0,0.0,1.0152107979733471,0.03164283363988868,0.8397085146132848,-1.9106687055062588,-0.27695554,2.5977705,-1.5500985,3.8709135,2.7224553,-1.6220435,34.25468,0.0035681957
figure_eight_depth,pid,77.30000000000001,0.25047004,0.24645469,-1.3442068,-0.0031375126,-0.02007494,-0.9955878,-0.024832008,-0.11599594,-0.008390474,-0.008405062,0.0053788912,-0.14874837,0.9711342799096359,-0.23164801755993147,-0.7967337554903344,0.0,0.0,-1.8337281261036809,-0.024979165219873867,-0.09280302112493755,-0.008076980714422088,0.0,0.0,0.0,1.0235555109346492,0.02319550783437264,0.8381403003285344,-1.9153874793190768,-0.24112761,2.5718894,-1.5669794,3.897741,2.7425942,-1.6024706,34.410305,0.0035844066
figure_eight_depth,pid,77.4,0.24061435,0.24182089,-1.3450435,-0.0036909888,-0.019536167,-1.0104439,-0.014899556,-0.107879445,-0.008408309,-0.008516924,0.005853694,-0.14851394,0.9685831611286311,-0.24087683705085766,-0.7975387530939226,0.0,0.0,-1.8473190000757838,-0.026042744037058085,-0.09176662027317317,-0.008022934567530893,0.0,0.0,0.0,1.0308720422505966,0.019594445166702973,0.8368750742182397,-1.9203347151543901,-0.2090712,2.5472713,-1.5841992,3.9223993,2.7611566,-1.5843823,34.561455,0.003600152
figure_eight_depth,pid,77.5,0.23195489,0.2369266,-1.3458595,-0.00425556,-0.018972116,-1.0252798,-0.0047244974,-0.0993335,-0.008436023,-0.008543872,0.0061879735,-0.14830756,0.9659258262890684,-0.24999999999999947,-0.7983383350728087,0.0,0.0,-1.8612055378158758,-0.0271034669739878,-0.0906899675488515,-0.007968668467861484,0.0,0.0,0.0,1.0371067010400137,0.023994736750926133,0.8359257774551581,-1.9255293405011726,-0.18085109,2.5240116,-1.60173,3.9448905,2.7781672,-1.5677617,34.707134,0.003615326
figure_eight_depth,pid,77.60000000000001,0.22452338,0.2317421,-1.3466574,-0.004823321,-0.018395148,-1.040098,0.0056088474,-0.09039402,-0.008470884,-0.008488775,0.0064001074,-0.14813003,0.963162566797658,-0.25901350468656553,-0.799132479506049,0.0,0.0,-1.8754040887741108,-0.02816121771026525,-0.08957353520738787,-0.007914183903168226,0.0,0.0,0.0,1.0422151618771651,0.03378461787773758,0.8353061368850727,-1.930999883712636,-0.15653409,2.502212,-1.6195418,3.9652197,2.7936409,-1.5526055,34.846462,0.0036298402
figure_eight_depth,pid,77.7,0.21834294,0.22624223,-1.3474396,-0.0053865635,-0.017816199,-1.0549017,0.016005721,-0.08109998,-0.008510162,-0.008355434,0.0065033273,-0.14798231,0.9602936856769431,-0.26791339748949816,-0.7999211646217725,0.0,0.0,-1.8899314289463187,-0.029215880251676207,-0.08841781295299,-0.007859482367034154,0.0,0.0,0.0,1.0461630720834296,0.045814487709202975,0.835029709852996,-1.9367853229526917,-0.13615903,2.4819684,-1.6376085,3.983418,2.8076026,-1.5388995,34.978928,0.0036436387
figure_eight_depth,pid,77.80000000000001,0.21342975,0.2204034,-1.3482091,-0.005937775,-0.017244097,-1.0696939,0.02641042,-0.07149637,-0.008551238,-0.008147383,0.0065176035,-0.14786556,0.957319497532067,-0.2766957746216729,-0.8007043687977786,0.0,0.0,-1.9048047541201352,-0.030267338942568944,-0.08722330772362175,-0.007804565359315063,0.0,0.0,0.0,1.0489237473802007,0.058823995714339175,0.8351108311236142,-1.9429310835159452,-0.11979896,2.46337,-1.6559151,3.9994862,2.820067,-1.5266422,35.1039,0.0036566565
figure_eight_depth,pid,77.9,0.20979343,0.21420383,-1.3489681,-0.006469932,-0.016685931,-1.0844778,0.0367686,-0.061624743,-0.008591647,-0.007870789,0.006459253,-0.14778097,0.9542403285162768,-0.28535678384221613,-0.801482070562129,0.0,0.0,-1.920041666941544,-0.03131547847867733,-0.08599054346866697,-0.007749434385417864,0.0,0.0,0.0,1.0504775086137192,0.07231765581145735,0.8355638846920934,-1.949480474013376,-0.10751362,2.4465055,-1.674447,4.0134387,2.8310432,-1.5158341,35.22097,0.0036688512
figure_eight_depth,pid,78.0,0.20743819,0.20762242,-1.349719,-0.0069765956,-0.016147,-1.0992566,0.047043864,-0.051526804,-0.008629125,-0.007532509,0.0063452334,-0.14772983,0.9510565162951536,-0.2938926261462363,-0.8022542485937368,0.0,0.0,-1.93566015673605,-0.03236018391966633,-0.08472006091936324,-0.007694090956911204,0.0,0.0,0.0,1.0508107692704545,0.08606781861028091,0.8364035220238308,-1.9564583284362254,-0.099372014,2.4314601,-1.6931939,4.025282,2.8405323,-1.506485,35.329792,0.003680187
figure_eight_depth,pid,78.10000000000001,0.20636284,0.20063896,-1.350464,-0.007451997,-0.015631167,-1.1140338,0.057200953,-0.041243427,-0.008661597,-0.007139989,0.0061890064,-0.14771351,0.9477684100095854,-0.3022995574311881,-0.8030208817229516,0.0,0.0,-1.9516785709057023,-0.03340134070212164,-0.08341241735199123,-0.0076385365910258685,0.0,0.0,0.0,1.0499158652018177,0.0999402127880104,0.8376447526607681,-1.9638589893139937,-0.09543435,2.418316,-1.7121509,4.0350323,2.848535,-1.4986043,35.43027,0.0036906535
figure_eight_depth,pid,78.2,0.20656095,0.19323555,-1.3512046,-0.007891219,-0.015141403,-1.128813,0.0671943,-0.030810528,-0.008687209,-0.006702287,0.005998711,-0.14773338,0.944376370237481,-0.3105738901391553,-0.8037819489321385,0.0,0.0,-1.968115576574041,-0.034438834650596384,-0.08206818634021174,-0.007582772810710292,0.0,0.0,0.0,1.0477915498226669,0.11383260079384393,0.8393025482384697,-1.9716516245248434,-0.09573595,2.407155,-1.7313114,4.0427303,2.8550503,-1.4921995,35.52264,0.0037002747
figure_eight_depth,pid,78.30000000000001,0.208021,0.18539631,-1.3519423,-0.008290104,-0.014679856,-1.143598,0.076983884,-0.0202655,-0.008704338,-0.0062273983,0.005781891,-0.14779092,0.940880768954225,-0.3187119948743458,-0.8045374293562559,0.0,0.0,-1.9849901110347101,-0.03547255199337629,-0.08068795751084434,-0.007526801144963624,0.0,0.0,0.0,1.0444427801121225,0.12766640145908617,0.8413921505626032,-1.9797991324132502,-0.1003088,2.3980553,-1.7506748,4.0484214,2.8600779,-1.4872763,35.607346,0.0037090986
figure_eight_depth,pid,78.4,0.21072823,0.17710353,-1.3526783,-0.008645143,-0.014247066,-1.1583924,0.086574264,-0.009647737,-0.008711623,-0.005722125,0.005554074,-0.14788778,0.9372819894918912,-0.3267103019950532,-0.805287302283426,0.0,0.0,-2.0023213194066303,-0.03650237937075085,-0.07927233627591512,-0.0074706231281140845,0.0,0.0,0.0,1.039877710656112,0.14141069613313537,0.8439288900548236,-1.9882670821243467,-0.10922657,2.391091,-1.7702451,4.0521097,2.8635983,-1.4838597,35.684643,0.0037171505
figure_eight_depth,pid,78.5,0.21466516,0.16833913,-1.3534131,-0.008953829,-0.013842578,-1.1732005,0.09596125,0.0010151896,-0.008707905,-0.0051965094,0.0053247744,-0.14802544,0.9335804264972017,-0.3345653031794291,-0.806031547155504,0.0,0.0,-2.020128477804006,-0.03752820385094502,-0.0778219435742522,-0.007414240300318564,0.0,0.0,0.0,1.0341076361170487,0.15503677472771163,0.8469279897134908,-1.9970307891306904,-0.12254131,2.3863432,-1.7900183,4.05382,2.8655798,-1.4819814,35.755093,0.0037244884
figure_eight_depth,pid,78.60000000000001,0.2198108,0.15908629,-1.3541472,-0.009214431,-0.013465595,-1.1880264,0.105123125,0.011693507,-0.008692172,-0.0046582487,0.0050970134,-0.14820553,0.9297764858882517,-0.3422735529643438,-0.8067701435686404,0.0,0.0,-2.038430900185668,-0.03854991294061083,-0.07633741559615048,-0.0073576542073960916,0.0,0.0,0.0,1.0271487737281815,0.16850271862472088,0.8504044719630119,-2.006076833598346,-0.14028054,2.383882,-1.81,4.0536013,2.8660069,-1.4816579,35.81966,0.0037312144
figure_eight_depth,pid,78.7,0.22614028,0.14932999,-1.3548805,-0.009425838,-0.013115206,-1.2028747,0.11403362,0.022356106,-0.008663593,-0.0041133994,0.00487178,-0.14842974,0.9258705848099946,-0.34983167025668305,-0.8075030712738419,0.0,0.0,-2.0572478270178483,-0.03956739459792802,-0.07481940350462235,-0.007300866400661299,0.0,0.0,0.0,1.0190225051246415,0.1817641533773676,0.8543731665259049,-2.0154044821760206,-0.16245925,2.3837702,-1.8302008,4.051512,2.8648689,-1.4828957,35.87959,0.003737457
figure_eight_depth,pid,78.80000000000001,0.23362598,0.13905531,-1.3556128,-0.009587549,-0.01278995,-1.2177496,0.122688465,0.03297454,-0.008621572,-0.0035679427,0.0046543726,-0.14869978,0.9218631515885006,-0.3572363398164015,-0.8082303101775248,0.0,0.0,-2.0765982937957346,-0.04058053724453892,-0.07326857314984836,-0.007243878437035445,0.0,0.0,0.0,1.0097541041462104,0.19479800927561103,0.8588486981536447,-2.025022581693353,-0.18910685,2.3860736,-1.8506287,4.0475955,2.862144,-1.4857148,35.93618,0.0037433524
figure_eight_depth,pid,78.9,0.24223833,0.12824541,-1.3563432,-0.009699544,-0.012487515,-1.2326561,0.1311056,0.04351963,-0.008565674,-0.0030264333,0.0044532395,-0.14901735,0.9177546256839815,-0.36448431371070517,-0.8089518403420675,0.0,0.0,-2.0965009775257504,-0.04158922977798296,-0.07168560477738284,-0.007186691878768858,0.0,0.0,0.0,0.9993708513605479,0.20759974180395355,0.8638448562717831,-2.034945527018953,-0.22026984,2.3908522,-1.8712926,4.041875,2.857799,-1.4901394,35.99071,0.0037490325
figure_eight_depth,pid,79.0,0.25194508,0.116882734,-1.357071,-0.009762179,-0.012205267,-1.2475991,0.13929126,0.053962164,-0.008495556,-0.0024923177,0.0042716144,-0.14938417,0.9135454576426015,-0.3715724127386961,-0.8096676419863559,0.0,0.0,-2.1169740193413418,-0.042593361583687095,-0.07007119272942064,-0.007129308293718495,0.0,0.0,0.0,0.9879038286387227,0.22015484205052674,0.8693748944328946,-2.0451904997558765,-0.2559774,2.3981562,-1.8922086,4.034387,2.8518138,-1.4961841,36.04482,0.0037546689
figure_eight_depth,pid,79.10000000000001,0.26271123,0.104951926,-1.3577951,-0.009776349,-0.011940975,-1.2625837,0.14722478,0.0642803,-0.008410996,-0.001970563,0.0041054846,-0.14980173,0.9092361090470686,-0.3784975278258779,-0.8103776954863264,0.0,0.0,-2.1380348216175795,-0.043592822547289245,-0.06842604514042949,-0.00707172925507038,0.0,0.0,0.0,0.9753889650066226,0.23243090792408583,0.875451089012599,-2.055779608166776,-0.2962192,2.4080317,-1.9133905,4.025203,2.8441753,-1.5038518,36.10059,0.0037604785
figure_eight_depth,pid,79.2,0.2744991,0.0924391,-1.3585141,-0.009743281,-0.01169257,-1.2776151,0.1548941,0.07445001,-0.008311965,-0.0014641697,0.0039533256,-0.15027155,0.90482705246602,-0.38525662138789396,-0.8110819813755037,0.0,0.0,-2.1596998182504468,-0.04458750306668424,-0.06675088362653736,-0.007013956341450633,0.0,0.0,0.0,0.9618671616768253,0.24440189484136082,0.8820847479074292,-2.0667400237439426,-0.34098667,2.4205194,-1.9348536,4.014386,2.8348725,-1.5131434,36.160248,0.0037666925
figure_eight_depth,pid,79.30000000000001,0.28726923,0.07932983,-1.3592263,-0.009664551,-0.011457647,-1.2926986,0.16231012,0.084450565,-0.008198619,-0.0009763189,0.003818618,-0.15079501,0.9003187714021935,-0.39184672866292,-0.8117804803455343,0.0,0.0,-2.1819842172165544,-0.04557729406345912,-0.06504644296845274,-0.006955991136592399,0.0,0.0,0.0,0.9473827436517868,0.2560626445936325,0.8892855954666765,-2.0781001866124074,-0.3902837,2.4356613,-1.956603,4.001981,2.8238807,-1.5240728,36.226013,0.0037735433
figure_eight_depth,pid,79.4,0.30098024,0.065609984,-1.3599303,-0.009541938,-0.011233782,-1.3078399,0.1694759,0.09426011,-0.008071194,-0.00050865253,0.0037017528,-0.15137346,0.8957117602394131,-0.39826495901209785,-0.8124731732467159,0.0,0.0,-2.20490171515553,-0.04656208699677089,-0.0633134707911931,-0.006897835229779936,0.0,0.0,0.0,0.9319843476126763,0.2674008631572704,0.897061844702649,-2.089890990068296,-0.4441004,2.453489,-1.9786478,3.9880364,2.8111844,-1.536643,36.300343,0.003781286
figure_eight_depth,pid,79.5,0.3155896,0.051265687,-1.3606241,-0.009377646,-0.011018505,-1.3230443,0.17639823,0.1038662,-0.00793005,-6.5082815e-05,0.0036033627,-0.15200792,0.8910065241883685,-0.404508497187473,-0.8131600410885229,0.0,0.0,-2.228464184498932,-0.04754177387256142,-0.06155272723309957,-0.006839490215293509,0.0,0.0,0.0,0.9157246332611367,0.27841288827899013,0.9054198844195862,-2.1021432606728645,-0.5024172,2.4740386,-2.0009825,3.9726038,2.796758,-1.550868,36.38585,0.0037901923
figure_eight_depth,pid,79.60000000000001,0.33105278,0.036284562,-1.3613061,-0.009173971,-0.010809671,-1.3383179,0.18307021,0.11325047,-0.0077756112,0.00035388052,0.0035204433,-0.1526994,0.8862035792312147,-0.41057460456685196,-0.8138410650401267,0.0,0.0,-2.25268133472967,-0.04851624725704662,-0.059764984614574246,-0.006780957692797962,0.0,0.0,0.0,0.8986620375322568,0.2890806562760549,0.9143634636359201,-2.11488771985753,-0.565195,2.497325,-2.0236092,3.955739,2.7805953,-1.5667422,36.485336,0.0038005558
figure_eight_depth,pid,79.7,0.34732303,0.020655476,-1.3619742,-0.008933174,-0.010605355,-1.3536662,0.1894881,0.12239255,-0.0076084426,0.00074889144,0.003451019,-0.1534487,0.8813034520649926,-0.4164606203550493,-0.814516226430911,0.0,0.0,-2.2775603505755795,-0.04948540028831827,-0.05795102709849065,-0.006722239266843122,0.0,0.0,0.0,0.8808608562726278,0.2993875817284321,0.9238941642428768,-2.128155439272784,-0.63238996,2.5233545,-2.0465274,3.937492,2.7626948,-1.5842543,36.601696,0.003812677
figure_eight_depth,pid,79.80000000000001,0.36435172,0.004368556,-1.3626269,-0.008657525,-0.010403818,-1.3690951,0.19564937,0.13127366,-0.0074292445,0.0011202283,0.0033934822,-0.1542564,0.8763066800438634,-0.4221639627510077,-0.8151855067509859,0.0,0.0,-2.3031055114015464,-0.050449126687779344,-0.05611165034663523,-0.0066633365473633965,0.0,0.0,0.0,0.862391999873818,0.30931910771703736,0.9340104243501548,-2.141977797511819,-0.7039462,2.5521245,-2.0697296,3.9179082,2.7430565,-1.6033934,36.737892,0.003826864
figure_eight_depth,pid,79.9,0.38208878,-0.012586512,-1.363262,-0.008349249,-0.010203091,-1.3846105,0.2015702,0.13987549,-0.0072388444,0.0014685935,0.0033503573,-0.15512273,0.8712138111201896,-0.4276821300802532,-0.8158488876516928,0.0,0.0,-2.3293177977698667,-0.05140732077202337,-0.05424766117040347,-0.006604251149122664,0.0,0.0,0.0,0.843331990621292,0.3188758757589299,0.9447072640555723,-2.156382811251843,-0.77981335,2.5836291,-2.093196,3.8970115,2.7216728,-1.6241548,36.896797,0.0038434162
figure_eight_depth,pid,80.0,0.400482,-0.030217523,-1.3638781,-0.008010494,-0.010001723,-1.4002182,0.20723745,0.14818026,-0.00703811,0.0017951092,0.0033166665,-0.15604763,0.8660254037844392,-0.4330127018922189,-0.8165063509461096,0.0,0.0,-2.356194492933983,-0.05235987746421422,-0.05235987717711055,-0.006544984691991829,0.0,0.0,0.0,0.823766036962084,0.3280356137662607,0.9559762445666733,-2.1713983975573035,-0.8599021,2.6178393,-2.1169095,3.8748467,2.6985593,-1.6465138,37.081486,0.0038626546
figure_eight_depth,pid,80.10000000000001,0.41947776,-0.0485319,-1.3644732,-0.007643328,-0.009798175,-1.4159243,0.21266128,0.15617135,-0.0068280725,0.002100809,0.0032934702,-0.15703067,0.8607420270039435,-0.43815334002193185,-0.8171578786095478,0.0,0.0,-2.3837287889982433,-0.053306692305798986,-0.05044912641116728,-0.006485538800782287,0.0,0.0,0.0,0.8037867287200643,0.3367953417700818,0.9678044783140392,-2.1870501755707332,-0.9441284,2.6547241,-2.1408348,3.8514307,2.67372,-1.6704558,37.29483,0.003884878
figure_eight_depth,pid,80.2,0.43902108,-0.06753597,-1.365046,-0.007249798,-0.009591014,-1.4317342,0.21784583,0.1638349,-0.006609817,0.0023862428,0.0032798734,-0.158071,0.8553642601605068,-0.44310178961560714,-0.8178034527800473,0.0,0.0,-2.411909409377188,-0.05424766146788773,-0.04851624699103718,-0.0064259151053014385,0.0,0.0,0.0,0.7834958599482486,0.3451491126423954,0.9801752050848904,-2.2033619271340372,-1.032389,2.694242,-2.1649277,3.8267806,2.647164,-1.6959648,37.539703,0.003910386
figure_eight_depth,pid,80.30000000000001,0.45905593,-0.08723618,-1.3655947,-0.006831905,-0.009378633,-1.4476537,0.22280866,0.17115793,-0.006384495,0.0026521215,0.0032778145,-0.1591674,0.8498926929868635,-0.44785588011970673,-0.8184430557588663,0.0,0.0,-2.440720261007536,-0.05518268176252228,-0.04656208674150286,-0.006366115240075132,0.0,0.0,0.0,0.7630038749338619,0.3531022373298631,0.993066609770048,-2.2202761809944906,-1.1245773,2.7363424,-2.189127,3.800892,2.6188943,-1.7230282,37.818737,0.0039394516
figure_eight_depth,pid,80.4,0.47950104,-0.10756097,-1.366119,-0.0063867774,-0.009176991,-1.463688,0.22676274,0.17798379,-0.00615355,0.0029474867,0.003111782,-0.16031982,0.8443279255020151,-0.4524135262330098,-0.8190766700109658,0.0,0.0,-2.4701401312635913,-0.056111650654278034,-0.04458750282185231,-0.006306140844625219,0.0,0.0,0.0,0.742480493599586,0.35993878071722823,1.0064521153257862,-2.237712636200653,-1.2199395,2.780435,-2.2138574,3.774353,2.5896027,-1.7509558,38.137863,0.003972694
figure_eight_depth,pid,80.5,0.5002536,-0.12835062,-1.3666189,-0.005907825,-0.0090166805,-1.4798428,0.22883482,0.18415338,-0.0059226155,0.0033070198,0.0026347903,-0.1615272,0.8386705679454244,-0.45677272882130016,-0.8197042781654913,0.0,0.0,-2.5001424455529344,-0.05703446627119968,-0.042593361349763104,-0.006245993563136487,0.0,0.0,0.0,0.722151431000965,0.3648772928022725,1.0202996635323656,-2.255564707811797,-1.3175353,2.8259034,-2.2395394,3.7479074,2.5600657,-1.7789882,38.502712,0.0040106988
figure_eight_depth,pid,80.60000000000001,0.5211858,-0.1493663,-1.3670951,-0.005382506,-0.008936553,-1.4961232,0.2282484,0.18940537,-0.005701647,0.0037852621,0.0017630294,-0.16278945,0.8329212407100992,-0.4609315757942505,-0.8203258630162481,0.0,0.0,-2.530695101941368,-0.05795102741623648,-0.040580537021661645,-0.006185675044512173,0.0,0.0,0.0,0.7022880508443248,0.3671564569778808,1.0345719072468489,-2.2737857022157093,-1.4164639,2.8720658,-2.266629,3.722231,2.5311646,-1.8062825,38.917194,0.0040538744
figure_eight_depth,pid,80.7,0.5421687,-0.17038848,-1.3675483,-0.004797975,-0.008958765,-1.5125343,0.22524035,0.1935928,-0.0055038915,0.0043787397,0.00066117087,-0.16410369,0.8270805742745619,-0.4648882429441257,-0.8209414075221733,0.0,0.0,-2.5617603986603594,-0.05886123357801143,-0.038549912728919056,-0.006125186942540495,0.0,0.0,0.0,0.6831427730246278,0.36688463517360786,1.0492261379105425,-2.2923240847872512,-1.5164928,2.918859,-2.294973,3.697339,2.5030494,-1.8327354,39.380882,0.004102175
figure_eight_depth,pid,80.80000000000001,0.56307834,-0.19122972,-1.3679794,-0.0041437633,-0.009089781,-1.529081,0.22018687,0.19663422,-0.0053402185,0.005059758,-0.0005162721,-0.16546482,0.8211492091337035,-0.4686409947459461,-0.8215508948078037,0.0,0.0,-2.593295068863865,-0.05976498494225657,-0.036502379170272325,-0.006064530915450561,0.0,0.0,0.0,0.6649373717739513,0.36431612795797874,1.0642140818872416,-2.3111142084635645,-1.6174407,2.9663043,-2.3243108,3.6731746,2.475716,-1.858393,39.8925,0.0041554687
figure_eight_depth,pid,80.9,0.58379745,-0.21173143,-1.3683895,-0.003412794,-0.009325052,-1.5457675,0.21343324,0.19848424,-0.0052182083,0.0057929433,-0.0016612691,-0.16686657,0.815127795728554,-0.47218818511874056,-0.8221543081637372,0.0,0.0,-2.6252504343651344,-0.0606621824023601,-0.03443883446174745,-0.00600370862618993,0.0,0.0,0.0,0.6478613407047428,0.35969719885909784,1.0794828886650611,-2.330080681106689,-1.7190785,3.0143929,-2.3543901,3.6497045,2.4491367,-1.8833164,40.45044,0.004213588
figure_eight_depth,pid,81.0,0.6042159,-0.23175986,-1.3687801,-0.0026018587,-0.009652626,-1.5625975,0.20528613,0.19912744,-0.0051423768,0.0065399786,-0.0027013773,-0.1683022,0.8090169943749477,-0.47552825814757677,-0.8227516310470919,0.0,0.0,-2.657572686430797,-0.061552727570635124,-0.03236018374219718,-0.005942721742202561,0.0,0.0,0.0,0.6320709135925932,0.35325647138355437,1.0949751732319446,-2.3491432947094495,-1.8211305,3.06308,-2.384969,3.6269186,2.4232702,-1.9075738,41.052666,0.0042763194
figure_eight_depth,pid,81.10000000000001,0.62423146,-0.25120303,-1.3691541,-0.0017115197,-0.010055976,-1.5795738,0.19602108,0.19856809,-0.0051145633,0.007264757,-0.003591809,-0.1697649,0.802817475191114,-0.4786597487660339,-0.8233428470819594,0.0,0.0,-2.6902032968954965,-0.062436522789144355,-0.030267338776868158,-0.005881571935595353,0.0,0.0,0.0,0.6176887917522443,0.34520511957189287,1.1106295463995859,-2.3682210183562713,-1.9232919,3.1122875,-2.4158185,3.604814,2.3980706,-1.9312377,41.69667,0.004343403
figure_eight_depth,pid,81.2,0.64375025,-0.26996854,-1.3695142,-0.00074612023,-0.0105161015,-1.5966986,0.18588887,0.19683662,-0.005134304,0.00793195,-0.0043081655,-0.17124783,0.7965299180241961,-0.48158128339882905,-0.8239279400598531,0.0,0.0,-2.723079557373611,-0.06331347113830432,-0.028161217555805473,-0.005820260882583028,0.0,0.0,0.0,0.6048024277819354,0.3357473831608044,1.1263809155965725,-2.38751951739832,-2.0252287,3.1619189,-2.4467077,3.5833979,2.3734746,-1.9543921,42.379433,0.004414524
figure_eight_depth,pid,81.30000000000001,0.6626887,-0.28797698,-1.3698645,0.00028636566,-0.011014088,-1.6139736,0.1750725,0.19398874,-0.0051992284,0.008508235,-0.004850976,-0.17274413,0.7901550123756896,-0.48429158056431587,-0.824506893940154,0.0,0.0,-2.7561352382273707,-0.06418347645298361,-0.02604274389456096,-0.00575879026426529,0.0,0.0,0.0,0.5934660639945041,0.3250501382600534,1.1421616206736598,-2.4074788575004846,-2.1265526,3.2118444,-2.4774246,3.5627165,2.349431,-1.9771105,43.09754,0.0044893273
figure_eight_depth,pid,81.4,0.68097323,-0.30516097,-1.3702092,0.0013750388,-0.011531857,-1.6313996,0.16373952,0.1900911,-0.005305583,0.008967461,-0.0052275863,-0.17424734,0.7836934573258394,-0.48678945143658026,-0.8250796928505484,0.0,0.0,-2.789301352898435,-0.065046443325667,-0.0239128470247707,-0.0056971617657941565,0.0,0.0,0.0,0.5837007352772049,0.3132744162689672,1.1579017213981908,-2.4272697084056967,-2.2268693,3.2619236,-2.5077555,3.5428095,2.3258858,-1.9994689,43.84705,0.004567401
figure_eight_depth,pid,81.5,0.6985406,-0.32146403,-1.3705533,0.0025068119,-0.012052711,-1.6489766,0.15204154,0.18521833,-0.005448568,0.009290818,-0.005450217,-0.17575128,0.7771459614569709,-0.4890738003669028,-0.8256463210874652,0.0,0.0,-2.822507007401283,-0.06590227712277574,-0.02177246118997833,-0.005635377076707027,0.0,0.0,0.0,0.5754957859472548,0.3005740033648033,1.1735304429939344,-2.446813246263432,-2.3257878,3.3120067,-2.5374904,3.5237093,2.3027856,-2.0215414,44.623512,0.0046482827
figure_eight_depth,pid,81.60000000000001,0.7153377,-0.3368376,-1.3709017,0.0036671294,-0.012562125,-1.6667042,0.14009528,0.17945065,-0.0056226845,0.009466571,-0.0055384836,-0.17724995,0.7705132427757897,-0.49114362536434425,-0.8262067631165049,0.0,0.0,-2.8556803100059462,-0.06675088399255014,-0.019622525234186394,-0.005573437890982191,0.0,0.0,0.0,0.5688121590564551,0.28708093795191053,1.188976132149501,-2.466036485290747,-2.4229066,3.361925,-2.5664344,3.5054529,2.280096,-2.0433838,45.42206,0.0047314647
figure_eight_depth,pid,81.7,0.7313216,-0.351239,-1.3712597,0.0048405207,-0.013048091,-1.6845813,0.12799099,0.17287509,-0.0058220667,0.009488235,-0.005515153,-0.17873736,0.7637960286346419,-0.4929980185352525,-0.8267610035728663,0.0,0.0,-2.888749312539427,-0.06759217087570768,-0.017463982190241145,-0.0055113459065947445,0.0,0.0,0.0,0.5635858670814877,0.27291359925185055,1.2041680327847883,-2.484873739115494,-2.517823,3.4115021,-2.5944035,3.4880826,2.2577937,-2.06504,46.237453,0.0048164013
figure_eight_depth,pid,81.80000000000001,0.7464584,-0.3646321,-1.3716325,0.006011606,-0.013500727,-1.702606,0.115820214,0.16556859,-0.0060407855,0.009359038,-0.0053987186,-0.1802079,0.7569950556517565,-0.4946361664814941,-0.8273090272617671,0.0,0.0,-2.9216429528678947,-0.06842604551560161,-0.015297778866496525,-0.00544910282584965,0.0,0.0,0.0,0.5597321449892037,0.25818535538699555,1.2190369901145988,-2.503267211622509,-2.6101682,3.4605608,-2.6212232,3.4716158,2.2358685,-2.0865412,47.064148,0.0049025156
figure_eight_depth,pid,81.9,0.7607236,-0.3769855,-1.372025,0.007165282,-0.013912469,-1.7207761,0.10365107,0.1576157,-0.0062729977,0.009083743,-0.0052095563,-0.18165573,0.7501110696304601,-0.4960573506572389,-0.8278508191588613,0.0,0.0,-2.9542919680564403,-0.06925241646854596,-0.01312486543139646,-0.0053867103552707185,0.0,0.0,0.0,0.5571501473932242,0.24299947257595997,1.2335158869712353,-2.521164893792778,-2.6995742,3.5089233,-2.6467297,3.456079,2.214321,-2.1079056,47.896385,0.0049892073
figure_eight_depth,pid,82.0,0.7741008,-0.38827002,-1.372442,0.008287522,-0.014278274,-1.7390884,0.09152399,0.14908819,-0.0065131695,0.008674774,-0.004969952,-0.18307538,0.7431448254773952,-0.49726094768413653,-0.8283863644106502,0.0,0.0,-2.986629749440961,-0.07007119311364107,-0.0109461949965306,-0.005324170205212031,0.0,0.0,0.0,0.5557282030508668,0.22743223386144848,1.2475413333414127,-2.5385237222794927,-2.7856946,3.5563948,-2.6707954,3.4414957,2.1931841,-2.1291184,48.728283,0.0050758626
figure_eight_depth,pid,82.10000000000001,0.78658,-0.39846066,-1.3728881,0.009365878,-0.014594819,-1.7575397,0.07949214,0.14004746,-0.0067562275,0.00814913,-0.0046943245,-0.1844615,0.7360970871197345,-0.49824642962475213,-0.8289156483348903,0.0,0.0,-3.018593114268606,-0.07088228566271004,-0.008762723198718625,-0.005261484090413049,0.0,0.0,0.0,0.5553483078498629,0.21156363595776062,1.2610533651230984,-2.555309779878307,-2.868222,3.6027923,-2.693298,3.4278684,2.1725001,-2.1501565,49.553875,0.005161862
figure_eight_depth,pid,82.2,0.79815876,-0.4075368,-1.3733667,0.010389145,-0.014860141,-1.7761259,0.06760948,0.13056521,-0.00699751,0.007520157,-0.004393638,-0.18580863,0.7289686274214122,-0.4990133642141357,-0.8294386564209952,0.0,0.0,-3.0501229733308968,-0.07168560517040179,-0.006575407780956555,-0.005198653729387992,0.0,0.0,0.0,0.5558893481301066,0.1954837753517898,1.2739970654329476,-2.5714976910711282,-2.946867,3.6479604,-2.714115,3.415208,2.1522992,-2.1710012,50.367344,0.0052465983
figure_eight_depth,pid,82.30000000000001,0.80884063,-0.415482,-1.3738815,0.011347651,-0.015073546,-1.7948424,0.055921122,0.120705694,-0.007232808,0.006803859,-0.004078168,-0.18711156,0.7217602280983622,-0.49956141504942925,-0.8299553743304344,0.0,0.0,-3.0811648796909763,-0.07248106354312833,-0.0043852081719197855,-0.005135680844536861,0.0,0.0,0.0,0.5572323826479609,0.1792742399282095,1.2863225172871067,-2.587070287444341,-3.0213695,3.691747,-2.733145,3.4035225,2.1326275,-2.1916199,51.16301,0.0053294804
figure_eight_depth,pid,82.4,0.8186356,-0.42228273,-1.3744347,0.012233173,-0.01523567,-1.813684,0.04445665,0.1105338,-0.007458384,0.0060152085,-0.00375894,-0.18836538,0.7144726796328038,-0.49989034173742275,-0.8304657878971251,0.0,0.0,-3.1116694496966106,-0.07326857355094418,-0.0021930850658269385,-0.005072567162478503,0.0,0.0,0.0,0.559262943732075,0.16301003568215458,1.2979854630327923,-2.6020205907085074,-3.0914872,3.7340074,-2.7503085,3.3928287,2.113537,-2.2119665,51.93542,0.0054099397
figure_eight_depth,pid,82.5,0.8275599,-0.42792752,-1.3750286,0.0130389165,-0.015348408,-1.8326457,0.033233456,0.10011293,-0.0076709883,0.0051686335,-0.0034465678,-0.18956552,0.7071067811865485,-0.5000000000000001,-0.8309698831278216,0.0,0.0,3.141592653589793,-0.07404804883404115,0.0,-0.005009314413439991,0.0,0.0,0.0,0.5618748004512352,0.14676172728607798,1.3089469989114486,-2.6163508976532692,-3.157,3.7746055,-2.7655447,3.38315,2.0950887,-2.2319865,52.679398,0.005487437
figure_eight_depth,pid,82.60000000000001,0.835635,-0.43240592,-1.3756644,0.013759719,-0.015414916,-1.8517212,0.022253307,0.089497015,-0.007867856,0.0042803553,-0.0031519025,-0.19070797,0.6996633405133655,-0.49989034173742275,-0.8314676462024987,0.0,0.0,3.1122893286215216,-0.07481940391418362,0.002193085065743672,-0.004945924331534179,0.0,0.0,0.0,0.5649712358682268,0.13058952855654463,1.3191748109936727,-2.6300777025536455,-3.2177167,3.8134067,-2.7788239,3.3745136,2.0773582,-2.2516043,53.390114,0.0055614705
figure_eight_depth,pid,82.7,0.8428867,-0.4357107,-1.3763428,0.014392089,-0.015438717,-1.8709044,0.011541608,0.07873291,-0.008046683,0.0033667115,-0.0028771684,-0.19178921,0.6921431738704074,-0.49956141504942925,-0.8319590634747299,0.0,0.0,3.083638835200305,-0.07558255420353488,0.004385208171947541,-0.004882398654482145,0.0,0.0,0.0,0.5684664847121296,0.11457841303574735,1.328642026331088,-2.6432337460785416,-3.2734869,3.8503082,-2.7901125,3.3669338,2.0604134,-2.2707515,54.063175,0.0056315805
figure_eight_depth,pid,82.80000000000001,0.84934366,-0.43783766,-1.3770638,0.014934181,-0.015423654,-1.8901892,0.0011189,0.067860834,-0.008205579,0.0024437353,-0.0026244223,-0.19280627,0.6845471059286884,-0.4990133642141357,-0.8324441214720628,0.0,0.0,3.055668630861002,-0.07633741601409394,0.006575407780901044,-0.004818739124168303,0.0,0.0,0.0,0.572285690248386,0.09882740044927414,1.3373275054811826,-2.655877714743842,-3.3241882,3.8852146,-2.799399,3.3604252,2.0443273,-2.2893476,54.6946,0.005697354
figure_eight_depth,pid,82.9,0.8550391,-0.43878457,-1.3778267,0.015385262,-0.015374058,-1.9095685,-0.009009455,0.056929298,-0.008343025,0.0015219175,-0.0023977947,-0.19375637,0.676875969682661,-0.4982464296247522,-0.8329228068963872,0.0,0.0,3.028400837278363,-0.07708390656674391,0.00876272319869087,-0.004754947485585692,0.0,0.0,0.0,0.5763662580307787,0.0834687014136634,1.3452159216987083,-2.6680985615068824,-3.3697083,3.918044,-2.8066874,3.3550231,2.02917,-2.3073132,55.2809,0.0057584275
figure_eight_depth,pid,83.0,0.8600076,-0.4385512,-1.3786306,0.015746411,-0.015294452,-1.9290357,-0.018834176,0.04595989,-0.008457842,0.0006187115,-0.0021986444,-0.19463773,0.6691306063588589,-0.49726094768413676,-0.8333951066243004,0.0,0.0,3.001852477861793,-0.0778219440003558,0.010946194996447334,-0.004691025487724154,0.0,0.0,0.0,0.580657077264162,0.06870010601504163,1.352297165713057,-2.680014083731406,-3.4099832,3.9487119,-2.8120108,3.3507395,2.015033,-2.324546,55.819042,0.0058144834
figure_eight_depth,pid,83.10000000000001,0.8642851,-0.43713805,-1.3794736,0.016020123,-0.015189657,-1.9485836,-0.028357923,0.034974955,-0.008549168,-0.00025251665,-0.0020297854,-0.19544882,0.6613118653236517,-0.4960573506572389,-0.8338610077074669,0.0,0.0,2.9760357773704715,-0.07855144738078135,0.013124865431285437,-0.004626974883070734,0.0,0.0,0.0,0.5851176697021695,0.05488351208589169,1.3585659269038415,-2.691727598256621,-3.4449604,3.9771369,-2.815422,3.3475986,2.0020082,-2.3409362,56.306404,0.005865251
figure_eight_depth,pid,83.2,0.8679097,-0.4345472,-1.3803537,0.016209936,-0.015064544,-1.9682052,-0.037581224,0.023998512,-0.008616403,-0.0010822039,-0.0018919387,-0.19618848,0.6534206039901058,-0.4946361664814943,-0.8343204973729729,0.0,0.0,2.950958507518414,-0.0792723367099013,0.015297778866385503,-0.004562797427554166,0.0,0.0,0.0,0.5897190153889238,0.042781810992549726,1.3640215861144196,-2.7032553862981454,-3.4746041,4.003257,-2.8169801,3.3456328,1.9901832,-2.3563807,56.740936,0.0059105144
figure_eight_depth,pid,83.30000000000001,0.87092185,-0.43078443,-1.3812683,0.016319724,-0.014923479,-1.9878933,-0.046485297,0.013072315,-0.008659138,-0.0018679335,-0.0017804748,-0.19685577,0.6454576877239501,-0.4929980185352524,-0.8347735630236772,0.0,0.0,2.9266243635167175,-0.07998453293395213,0.017463982190102367,-0.004498494880655901,0.0,0.0,0.0,0.5944418185209064,0.034041099867547844,1.3686676006910672,-2.7145293357133204,-3.4988825,4.027053,-2.8167202,3.3448906,1.9796135,-2.3708014,57.121113,0.0059501156
figure_eight_depth,pid,83.4,0.8733642,-0.42585766,-1.3822143,0.01635387,-0.014770823,-2.0076408,-0.055073123,0.0022296438,-0.008677137,-0.00260542,-0.0016958445,-0.19745037,0.6374239897486897,-0.49114362536434436,-0.8352201922385564,0.0,0.0,2.9030333579811023,-0.08068795795257433,0.01962252523396435,-0.004434069005188057,0.0,0.0,0.0,0.5992767364891891,0.03125117119092268,1.3725111105754373,-2.7254675104273565,-3.517785,4.048495,-2.8147087,3.3454185,1.9703679,-2.3841069,57.445847,0.0059839417
figure_eight_depth,pid,83.5,0.87527984,-0.4197768,-1.3831886,0.01631761,-0.014610632,-2.0274403,-0.06333994,-0.008512974,-0.008670299,-0.003287048,-0.0016357887,-0.19797263,0.629320391049838,-0.48907380036690296,-0.8356603727730445,0.0,0.0,2.8801822204053096,-0.08138253462736111,0.021772461189756287,-0.004369521567515466,0.0,0.0,0.0,0.6042228830977416,0.035513933016692666,1.3755627772497407,-2.7360213096334913,-3.5313349,4.0675573,-2.8110228,3.3472455,1.9625183,-2.3962004,57.714504,0.0060119275
figure_eight_depth,pid,83.60000000000001,0.8767121,-0.41255277,-1.3841876,0.016216809,-0.0144468695,-2.0472846,-0.07129196,-0.019142145,-0.008638687,-0.003907295,-0.0016002381,-0.1984231,0.62114778027831,-0.48678945143658,-0.8360940925593703,0.0,0.0,2.8580647923442664,-0.08206818679018513,0.023912847024548656,-0.004304854337222608,0.0,0.0,0.0,0.6092870157613497,0.04459418706169208,1.3778359117164236,-2.7461742591854805,-3.5395663,4.084212,-2.8057578,3.350403,1.956138,-2.4069812,57.92683,0.0060340445
figure_eight_depth,pid,83.7,0.8777049,-0.40419996,-1.3852077,0.016057257,-0.014282898,-2.0671668,-0.07891697,-0.029631767,-0.008582517,-0.0044677826,-0.0015842859,-0.1988024,0.6129070536529766,-0.4842915805643156,-0.8365213397068862,0.0,0.0,2.8366724103659853,-0.08274483925146958,0.02604274389431116,-0.004240069087113607,0.0,0.0,0.0,0.6144829107803471,0.05597464307255471,1.3793460915462676,-2.755848126285901,-3.5425158,4.0984645,-2.7989848,3.3549335,1.9512708,-2.4163797,58.08307,0.00605032
figure_eight_depth,pid,83.80000000000001,0.87829643,-0.39482167,-1.3862433,0.015832832,-0.014104373,-2.0870793,-0.08542106,-0.039602954,-0.008502919,-0.005088225,-0.0014119039,-0.1991065,0.604599114862374,-0.48158128339882883,-0.8369421025023964,0.0,0.0,2.8159942706896977,-0.08341241780862596,0.028161217555805473,-0.004175167593434281,0.0,0.0,0.0,0.619813928588016,0.06793192937292283,1.380111749914571,-2.7649559659452807,-3.5400767,4.111326,-2.789813,3.3610623,1.9471887,-2.4250858,58.18753,0.0060612005
figure_eight_depth,pid,83.9,0.8785076,-0.38463086,-1.3872871,0.015526203,-0.013879719,-2.1070135,-0.089806385,-0.04860956,-0.008402656,-0.0058777924,-0.0009094565,-0.1993338,0.5962248749656156,-0.47865974876603357,-0.837356369410476,0.0,0.0,2.796017771110949,-0.08407084925426966,0.030267338776562847,-0.00411015163542805,0.0,0.0,0.0,0.6252590097601253,0.07920155862929804,1.380154072094639,-2.773446851032516,-3.5322485,4.1240273,-2.7771494,3.3689282,1.9429563,-2.4339871,58.245987,0.0060672895
figure_eight_depth,pid,84.0,0.87833154,-0.37391767,-1.3883299,0.015117866,-0.013570885,-2.126962,-0.091332145,-0.0563814,-0.008287087,-0.006852062,-8.831284e-06,-0.1994882,0.5877852522924734,-0.4755282581475769,-0.8377641290737884,0.0,0.0,2.7767288273037845,-0.08472006138388055,0.03236018374225269,-0.004045022995557979,0.0,0.0,0.0,0.630765000823736,0.08908862757245643,1.3794945333883748,-2.781407622724652,-3.5193012,4.13739,-2.7603006,3.3783894,1.9379114,-2.4436939,58.263397,0.0060691033
figure_eight_depth,pid,84.10000000000001,0.8777508,-0.36291566,-1.3893642,0.0146039305,-0.0131630115,-2.1469178,-0.09050436,-0.06314608,-0.008162612,-0.007847481,0.0010617339,-0.19958092,0.5792811723426782,-0.4721881851187402,-0.8381653703133966,0.0,0.0,2.7581121618477664,-0.08535998300474024,0.034438834462025,-0.003979783459284736,0.0,0.0,0.0,0.6362741605623108,0.09780989554568065,1.3781553253550138,-2.788911684255191,-3.5018914,4.1506624,-2.740113,3.388884,1.9325019,-2.453723,58.239315,0.0060665957
figure_eight_depth,pid,84.2,0.8767389,-0.35181397,-1.390384,0.013991441,-0.012655901,-2.1668763,-0.087710716,-0.06908981,-0.008035043,-0.008751939,0.002156223,-0.1996185,0.5707135676844316,-0.4686409947459457,-0.8385600821290692,0.0,0.0,2.7401515653577633,-0.08599054394087258,0.03650237917063315,-0.003914434815233125,0.0,0.0,0.0,0.6417239685105742,0.10568655688356789,1.3761574257512665,-2.7960208165496887,-3.4805863,4.163264,-2.7172635,3.3999407,1.9270971,-2.463676,58.173767,0.0060597677
figure_eight_depth,pid,84.30000000000001,0.8752627,-0.34076488,-1.3913841,0.013294576,-0.012058578,-2.186832,-0.0832683,-0.074364394,-0.007908771,-0.009494143,0.0031808764,-0.19960438,0.5620833778521296,-0.46488824294412523,-0.8389482536995826,0.0,0.0,2.7228301299532376,-0.08661167504481204,0.03854991272919661,-0.003848978854970042,0.0,0.0,0.0,0.6470496693821943,0.11303672289212831,1.3735232260849914,-2.802784856168964,-3.4558847,4.1747327,-2.6923215,3.4111693,1.9220047,-2.473222,58.06713,0.006048659
figure_eight_depth,pid,84.4,0.87328243,-0.32989174,-1.3923612,0.012531822,-0.011384781,-2.2067802,-0.07741426,-0.07909807,-0.0077865245,-0.010032967,0.004085601,-0.19954017,0.5533915492433436,-0.46093157579425004,-0.8393298743830169,0.0,0.0,2.7061304558828128,-0.08722330820259971,0.04058053702205022,-0.003783417373059983,0.0,0.0,0.0,0.6521849606174477,0.1201466222961441,1.370274656060568,-2.809244993867444,-3.4282281,4.18472,-2.6657462,3.4222383,1.9174684,-2.4820988,57.92005,0.006033338
figure_eight_depth,pid,84.5,0.87075776,-0.31929412,-1.3933126,0.011722467,-0.010650824,-2.2267163,-0.07036439,-0.08336014,-0.007669452,-0.01036319,0.00484086,-0.1994259,0.5446390350150271,-0.45677272882130043,-0.8397049337170482,0.0,0.0,2.6900348326413632,-0.08782537634166587,0.042593361350123926,-0.0037177521667874913,0.0,0.0,0.0,0.6570656034126313,0.12721944474412705,1.3664341945547032,-2.8154290293395716,-3.397971,4.19295,-2.6379282,3.432907,1.9136586,-2.4901211,57.73334,0.0060138903
figure_eight_depth,pid,84.60000000000001,0.86765873,-0.30906028,-1.3942366,0.010880836,-0.009873604,-2.2466357,-0.062296193,-0.08706878,-0.0075574466,-0.010537837,0.005436805,-0.19925922,0.5358267949789972,-0.45241352623301007,-0.8400734214192357,0.0,0.0,2.6745253961750355,-0.08841781343854604,0.044587502822185376,-0.003651985036490224,0.0,0.0,0.0,0.661633871373027,0.1342794430170635,1.3620242355742536,-2.821363059907963,-3.3653016,4.199286,-2.6091192,3.4431036,1.910576,-2.497274,57.5084,0.005990458
figure_eight_depth,pid,84.7,0.86396676,-0.29926944,-1.3951323,0.010016814,-0.009069827,-2.266533,-0.05337705,-0.090137206,-0.00744987,-0.010604776,0.0058724554,-0.19903894,0.5269557954966771,-0.44785588011970623,-0.8404353273873029,0.0,0.0,2.6595842640050966,-0.0890005545258199,0.046562086741919195,-0.003586117785225884,0.0,0.0,0.0,0.6658401145115463,0.1413175828845645,1.357068145225271,-2.827072696702025,-3.3304188,4.2036424,-2.579527,3.4527504,1.9081774,-2.503592,57.246857,0.005963214
figure_eight_depth,pid,84.80000000000001,0.85967207,-0.28999326,-1.3959991,0.009137222,-0.008255181,-2.2864032,-0.043752424,-0.09249922,-0.0073457602,-0.01059809,0.0061558117,-0.1987652,0.5180270093731304,-0.4431017896156074,-0.8407906416994145,0.0,0.0,2.6451936501809876,-0.08957353569932769,0.04851624699148127,-0.003520152218661199,0.0,0.0,0.0,0.669641675364988,0.14832252401770382,1.351588477829898,-2.8325850875471352,-3.2935512,4.2059717,-2.5493152,3.4617357,1.9063962,-2.509134,56.9504,0.0059323334
figure_eight_depth,pid,84.9,0.8547724,-0.28129536,-1.3968371,0.008247083,-0.007444201,-2.3062413,-0.033564884,-0.094112694,-0.007244001,-0.010539031,0.006296904,-0.19843906,0.5090414157503721,-0.43815334002193224,-0.8411393546144494,0.0,0.0,2.6313359619947483,-0.09013669412522018,0.05044912641163912,-0.0034540901453494754,0.0,0.0,0.0,0.6730039622503228,0.15528313848811034,1.3456080713048328,-2.837927850635034,-3.2549608,4.206247,-2.5186298,3.469916,1.9051633,-2.5139668,56.62077,0.005897997
figure_eight_depth,pid,85.0,0.8492707,-0.2732317,-1.3976468,0.007350633,-0.0066499487,-2.3260422,-0.022942793,-0.09495946,-0.007143431,-0.010438506,0.006309321,-0.19806215,0.5000000000000013,-0.43301270189222013,-0.841481456572267,0.0,0.0,2.617993880365827,-0.0906899680468698,0.05235987717755464,-0.003387933376397534,0.0,0.0,0.0,0.675899303500806,0.16219362103442106,1.339149251520791,-2.843128043004859,-3.2149343,4.204467,-2.487589,3.4771209,1.9044056,-2.518163,56.25972,0.005860388
figure_eight_depth,pid,85.10000000000001,0.8431736,-0.26585194,-1.3984289,0.006451709,-0.0058835885,-2.345801,-0.011990215,-0.09503304,-0.00704298,-0.010303187,0.006211033,-0.19763628,0.4909037536151412,-0.4276821300802536,-0.8418169381939692,0.0,0.0,2.6051504257150797,-0.09123329679078251,0.05424766117043123,-0.0033216837255767295,0.0,0.0,0.0,0.6783066892749305,0.16905041402764576,1.3322337664284964,-2.848212184289193,-3.1737657,4.2006674,-2.45627,3.4831715,1.9040372,-2.5218112,55.86903,0.005819691
figure_eight_depth,pid,85.2,0.8364899,-0.2592001,-1.3991843,0.00555413,-0.0051543936,-2.3655133,-0.0007993414,-0.09434057,-0.0069416477,-0.010135584,0.0060200384,-0.1971634,0.4817536741017162,-0.4221639627510081,-0.8421457902821577,0.0,0.0,2.5927890110602063,-0.09176662077711728,0.05611165034710708,-0.0032553430091009083,0.0,0.0,0.0,0.6802109788955409,0.17585364780235582,1.3248829713818309,-2.853206141850057,-3.131756,4.1949067,-2.4247284,3.487879,1.9039688,-2.5250044,55.450493,0.005776093
figure_eight_depth,pid,85.30000000000001,0.8292299,-0.2533149,-1.3999144,0.0046617407,-0.0044697933,-2.3851748,0.010549427,-0.09289553,-0.0068385336,-0.009937307,0.0057539046,-0.19664542,0.47255076486905395,-0.4164606203550497,-0.8424680038211867,0.0,0.0,2.5808934839248128,-0.09228988151785411,0.05795102709849065,-0.0031889130457374293,0.0,0.0,0.0,0.6816032481818711,0.1826031953346951,1.3171170719730354,-2.858133857645202,-3.089202,4.187262,-2.3929944,3.4910545,1.9041059,-2.527844,55.00583,0.005729774
figure_eight_depth,pid,85.4,0.82140416,-0.24822998,-1.4006201,0.003778692,-0.0038354686,-2.4047806,0.021986203,-0.09072493,-0.0067327647,-0.009706824,0.0054292157,-0.19608429,0.4632960351198622,-0.4105746045668523,-0.842783569977409,0.0,0.0,2.5694481585388775,-0.09280302163378051,0.05976498461454649,-0.003122395656751653,0.0,0.0,0.0,0.6824798919055518,0.18930614192070663,1.3089565223437118,-2.8630178244064393,-3.0464053,4.1778283,-2.3610826,3.4925056,1.9043537,-2.53043,54.53678,0.005680915
figure_eight_depth,pid,85.5,0.8130221,-0.24397317,-1.4013028,0.002909795,-0.0032555042,-2.424327,0.033449586,-0.0878739,-0.0066234465,-0.009438662,0.005061016,-0.19548203,0.4539904997395479,-0.4045084971874745,-0.8430924800994191,0.0,0.0,2.5584378396663516,-0.09330598485265962,0.061552727233127325,-0.0030557926656848977,0.0,0.0,0.0,0.6828426199228296,0.19597964047270708,1.300420570845754,-2.8678769191184834,-3.0036705,4.166706,-2.328996,3.4920316,1.9046267,-2.5328557,54.044945,0.0056296824
figure_eight_depth,pid,85.60000000000001,0.8040903,-0.24056734,-1.4019637,0.00206048,-0.0027322061,-2.4438095,0.04490119,-0.08439661,-0.0065096715,-0.009127411,0.0046660537,-0.19484054,0.44463517918492756,-0.3982649590120982,-0.8433947257182901,0.0,0.0,2.547847839261279,-0.0937987160187781,0.06331347079116534,-0.0029891058985209717,0.0,0.0,0.0,0.6826974796257885,0.20265321441547163,1.2915279586409636,-2.872725177506519,-2.9612896,4.154021,-2.2967103,3.4894414,1.9048364,-2.5352156,53.531925,0.0055762418
figure_eight_depth,pid,85.7,0.7946136,-0.23802944,-1.402604,0.0012365528,-0.00226673,-2.463225,0.05629247,-0.080350116,-0.0063905003,-0.008769736,0.0042547067,-0.19416146,0.4352310993723282,-0.39184672866292036,-0.8436902985478054,0.0,0.0,2.537663987031973,-0.09428116109869156,0.06504644296842499,-0.002922337183575152,0.0,0.0,0.0,0.6820557521144776,0.20934327319353355,1.2822964322997132,-2.877570863415961,-2.919542,4.139883,-2.2642112,3.484552,1.9049027,-2.537596,52.999157,0.0055207456
figure_eight_depth,pid,85.80000000000001,0.78459555,-0.23637155,-1.4032245,0.00044358455,-0.001859167,-2.482569,0.06758266,-0.07578187,-0.0062650545,-0.008368162,0.0038364257,-0.19344604,0.4257792915650723,-0.3852566213878944,-0.8439791904846868,0.0,0.0,2.5278726358670953,-0.09475326718685895,0.06675088362598225,-0.0028554883512166285,0.0,0.0,0.0,0.6809340296520796,0.21605592605672233,1.2727436920491855,-2.882732322304782,-2.8786793,4.124416,-2.2314713,3.4772077,1.9047346,-2.5400918,52.448116,0.0054633454
figure_eight_depth,pid,85.9,0.7740379,-0.23560022,-1.4038262,-0.00031288632,-0.0015087614,-2.5018384,0.078733094,-0.07074979,-0.006132485,-0.0079229595,0.0034185795,-0.19269566,0.41628079226040143,-0.37849752782587837,-0.8442613936088159,0.0,0.0,2.5184606629634705,-0.0952149825114712,0.06842604513979111,-0.002788561234257081,0.0,0.0,0.0,0.679354547469838,0.22279817795759113,1.2628861985526643,-2.888300524537838,-2.8389432,4.107738,-2.1984613,3.4672558,1.904251,-2.5427892,51.880154,0.005404183
figure_eight_depth,pid,86.0,0.7629413,-0.23571709,-1.4044099,-0.0010276958,-0.0012140116,-2.5210297,0.08971049,-0.06530709,-0.005992021,-0.007437646,0.003007545,-0.19191147,0.40673664307580104,-0.37157241273869773,-0.8445369001834514,0.0,0.0,2.5094154673958395,-0.09566625644033544,0.07007119272881002,-0.002721557667395569,0.0,0.0,0.0,0.6773449542738944,0.22957027811759495,1.2527401290140932,-2.8938273868173323,-2.8005524,4.089974,-2.1651444,3.454566,1.9033655,-2.5457768,51.296635,0.0053434
figure_eight_depth,pid,86.10000000000001,0.75130486,-0.23671812,-1.4049759,-0.0016958776,-0.000972868,-2.5401394,0.10048227,-0.059515223,-0.005842961,-0.0069138114,0.0026078245,-0.1910947,0.39714789063478045,-0.36448431371070567,-0.8448057026554414,0.0,0.0,2.500724964773228,-0.09610703948606525,0.07168560477677222,-0.00265447948766262,0.0,0.0,0.0,0.6749385180618194,0.23637085321731868,1.2423209056845563,-2.8993085449367397,-2.763713,4.071243,-2.1314852,3.439015,1.9020008,-2.5491338,50.698868,0.0052811317
figure_eight_depth,pid,86.2,0.7391269,-0.23859562,-1.4055245,-0.002313364,-0.0007826471,-2.5591645,0.111027636,-0.05341826,-0.0056847637,-0.0063599516,0.002224846,-0.19024618,0.3875155864521034,-0.357236339816402,-0.8450677936554304,0.0,0.0,2.492377579534237,-0.09653728331190936,0.07326857314920998,-0.0025873285340871632,0.0,0.0,0.0,0.6721739818180842,0.24319198874938405,1.2316432035669804,-2.904741197518777,-2.7285914,4.051675,-2.0974321,3.4205155,1.900066,-2.5529509,50.088238,0.0052175247
figure_eight_depth,pid,86.30000000000001,0.7264046,-0.24133879,-1.4060558,-0.0028770096,-0.0006401043,-2.5781016,0.12133233,-0.047057807,-0.005517041,-0.005784666,0.0018635074,-0.18936682,0.3778407868184665,-0.3498316702566822,-0.8453231659980613,0.0,0.0,2.484362235366646,-0.09695694073674765,0.07481940350395622,-0.002520106647585507,0.0,0.0,0.0,0.6690953130987867,0.2500264845373154,1.2207214368336923,-2.9100958142281286,-2.695336,4.0314045,-2.0629294,3.3989978,1.8974694,-2.5573196,49.466198,0.005152729
figure_eight_depth,pid,86.4,0.7131562,-0.24488996,-1.4065696,-0.0033761386,-0.0005507884,-2.5969481,0.13096595,-0.04072815,-0.0053387126,-0.005111927,0.0014353683,-0.18846124,0.368124552684678,-0.3422735529643443,-0.8455718126821722,0.0,0.0,2.4766683441666815,-0.09736596574044798,0.0763374155955121,-0.0024528156710723614,0.0,0.0,0.0,0.6657694311529242,0.25660892102680555,1.209568816192837,-2.9153175604136887,-2.6644442,4.0100794,-2.0283928,3.374028,1.8944416,-2.562004,48.831215,0.0050865845
figure_eight_depth,pid,86.5,0.6994399,-0.249115,-1.407065,-0.0037883609,-0.00053299166,-2.6157017,0.13920556,-0.034912154,-0.0051488276,-0.0042255144,0.00081111304,-0.18753432,0.3583679495453009,-0.33456530317942956,-0.8458137268909887,0.0,0.0,2.4692857938840507,-0.0977643134687789,0.07782194357361383,-0.002385457449349815,0.0,0.0,0.0,0.6622951358859483,0.2624334848326591,1.1981978378804963,-2.9203577251370074,-2.6365807,3.9870372,-1.9945405,3.344997,1.8914641,-2.5665135,48.179848,0.005018734
figure_eight_depth,pid,86.60000000000001,0.68535674,-0.25381985,-1.4075407,-0.004086444,-0.00061203545,-2.63436,0.14541656,-0.029985223,-0.0049484367,-0.0030802805,-8.358552e-05,-0.18658596,0.3485720473218148,-0.32671030199505235,-0.8460489019923105,0.0,0.0,2.4622049355599374,-0.09815194023843343,0.07927233627522123,-0.0023180338291628466,0.0,0.0,0.0,0.6587943228495688,0.2669639423255845,1.1866202966227013,-2.925183781975427,-2.6121113,3.9617622,-1.961944,3.311595,1.8889506,-2.5704265,47.5098,0.004948937
figure_eight_depth,pid,86.7,0.6710531,-0.2587683,-1.407995,-0.004243987,-0.00081581523,-2.6529207,0.14906159,-0.026208162,-0.004741425,-0.0016890308,-0.0012793116,-0.1856134,0.33873792024529153,-0.318711994874345,-0.8462773315386934,0.0,0.0,2.4554165698074137,-0.09852880354174753,0.08068795751015045,-0.0022505466588662593,0.0,0.0,0.0,0.6554032018204622,0.26969239532560074,1.1748480144107474,-2.9298222332154973,-2.5911195,3.933893,-1.9310209,3.2737942,1.8872273,-2.5734172,46.820087,0.0048770923
figure_eight_depth,pid,86.80000000000001,0.65668416,-0.26374298,-1.4084263,-0.004246905,-0.0011599498,-2.6713805,0.15022206,-0.023512334,-0.0045347814,-0.0001797747,-0.0026578903,-0.18460992,0.32886664673858235,-0.31057389013915443,-0.8464990092676262,0.0,0.0,2.4489119329497133,-0.09889486205147402,0.08206818634021174,-0.0021829977887022345,0.0,0.0,0.0,0.652242070830242,0.2705771968646669,1.1628928543629302,-2.934322663260871,-2.573033,3.9037762,-1.9014864,3.2322295,1.8862225,-2.5755675,46.11431,0.004803574
figure_eight_depth,pid,86.9,0.6423943,-0.2685638,-1.4088333,-0.0040937555,-0.0016452596,-2.6897357,0.14922747,-0.021749413,-0.0043357876,0.0013185819,-0.004073525,-0.1835717,0.3189593092980697,-0.3022995574311872,-0.8467139291017018,0.0,0.0,2.4426826829949597,-0.09925007562511245,0.08341241735129734,-0.0021153890705782885,0.0,0.0,0.0,0.6494046850505802,0.26982407493802385,1.1507669731683914,-2.938732452110317,-2.5571096,3.872007,-1.8728079,3.1877053,1.8857303,-2.5770962,45.397522,0.004728909
figure_eight_depth,pid,87.0,0.6283151,-0.27308366,-1.4092157,-0.003792501,-0.0022621558,-2.7079833,0.14639069,-0.020795928,-0.0041502584,0.0027123275,-0.005421906,-0.18249851,0.3090169943749478,-0.29389262614623685,-0.8469220851487844,0.0,0.0,2.4367208855927713,-0.09959440530951658,0.08472006091936324,-0.002047722358011761,0.0,0.0,0.0,0.6469608831992539,0.26766903527426783,1.1384811662004621,-2.943093797603803,-2.542677,3.8391156,-1.8445057,3.1409445,1.8855538,-2.5782173,44.674267,0.004653569
figure_eight_depth,pid,87.10000000000001,0.61456394,-0.27718386,-1.409574,-0.0033578537,-0.0029942119,-2.7261198,0.1420042,-0.020552745,-0.0039821584,0.0039361953,-0.006632678,-0.18139225,0.29904079225608593,-0.28535678384221524,-0.8471234717021708,0.0,0.0,2.4310190001006085,-0.09992781334589029,0.08599054346936086,-0.0019799995060187925,0.0,0.0,0.0,0.6449591361160025,0.2643607068713545,1.1260465503803696,-2.9474443186192096,-2.5291374,3.805571,-1.8161614,3.0925949,1.8855093,-2.5791311,43.948555,0.0045779743
figure_eight_depth,pid,87.2,0.60124314,-0.28077075,-1.4099095,-0.0028088354,-0.0038209106,-2.7441428,0.13634202,-0.020935487,-0.0038336208,0.004950538,-0.00766176,-0.18025602,0.28903179694447145,-0.2766957746216719,-0.8473180832407471,0.0,0.0,2.4255698658523723,-0.10025026317062036,0.08722330772431564,-0.0019122223714473918,0.0,0.0,0.0,0.6434295722299637,0.26014981175642504,1.1134726705600022,-2.951814810896737,-2.5159469,3.7717772,-1.7874107,3.043241,1.8854426,-2.580007,43.223774,0.004502476
figure_eight_depth,pid,87.30000000000001,0.58844274,-0.2837704,-1.4102243,-0.002166588,-0.0047205263,-2.76205,0.12962414,-0.02187773,-0.0037052145,0.0057382626,-0.008493145,-0.17909347,0.27899110603922805,-0.2679133974894973,-0.8475059144291394,0.0,0.0,2.4203666887173747,-0.10056171942424141,0.0884178129537394,-0.0018443928122557907,0.0,0.0,0.0,0.6423891053791237,0.2552530134651221,1.1007687050558401,-2.9562332869461487,-2.5026383,3.7380445,-1.7579811,2.9933872,1.8852485,-2.58097,42.50261,0.0044273552
figure_eight_depth,pid,87.4,0.5762391,-0.28612646,-1.4105213,-0.0014528924,-0.005671176,-2.7798388,0.12206488,-0.023322122,-0.0035962714,0.0062972247,-0.00912107,-0.17790811,0.26891982061526515,-0.2590135046865646,-0.8476869601178609,0.0,0.0,2.4154030280087793,-0.10086214795212989,0.08957353520816502,-0.0017765126880675552,0.0,0.0,0.0,0.6418432181716397,0.2498903784187506,1.0879434787405098,-2.960723764657907,-2.4887838,3.7046452,-1.727636,2.9434972,1.8848525,-2.5821133,41.787323,0.0043528457
figure_eight_depth,pid,87.5,0.5646978,-0.28779656,-1.4108036,-0.00068895996,-0.0066523706,-2.797508,0.11383643,-0.025221493,-0.0035052141,0.00663728,-0.009555222,-0.17670316,0.2588190451025208,-0.25000000000000006,-0.8478612153434526,0.0,0.0,2.4106727837940602,-0.10115151580888937,0.09068996754961478,-0.001708583860005053,0.0,0.0,0.0,0.641790053741149,0.24425091901133153,1.0750045220580111,-2.965414551337196,-2.4740107,3.6717749,-1.696209,2.893973,1.8842212,-2.583489,41.07957,0.0042791218
figure_eight_depth,pid,87.60000000000001,0.5538727,-0.2887507,-1.4110748,0.000105248706,-0.007645313,-2.8150558,0.10510387,-0.027532132,-0.0034298361,0.006774748,-0.00980853,-0.17548123,0.2486898871648555,-0.24087683705085827,-0.8480286753286195,0.0,0.0,2.4061701846480577,-0.10142979126205598,0.09176662027393645,-0.0016406081901898517,0.0,0.0,0.0,0.6422221969566884,0.2385194920102288,1.0619592753635596,-2.9709227126888877,-2.4579766,3.6395965,-1.6635667,2.8451865,1.8833485,-2.585124,40.38072,0.004206325
figure_eight_depth,pid,87.7,0.54380894,-0.28896832,-1.4113384,0.0009117175,-0.008633724,-2.832481,0.095995076,-0.030220302,-0.0033676045,0.0067325006,-0.0099024465,-0.17424446,0.2385334575785805,-0.23164801755993053,-0.8481893354823613,0.0,0.0,2.401889775875722,-0.10169694379559557,0.09280302112572858,-0.0015725875421868096,0.0,0.0,0.0,0.643129582204634,0.2328520877422213,1.0488146238636793,-2.976566078977995,-2.4403915,3.6082115,-1.6296346,2.7974544,1.8822622,-2.587009,39.691685,0.0041345507
figure_eight_depth,pid,87.80000000000001,0.53454244,-0.28843746,-1.4115982,0.0017144387,-0.009603663,-2.849782,0.08663229,-0.03325012,-0.0033157738,0.0065335124,-0.009857122,-0.17299433,0.22835087011065597,-0.22231758959246395,-0.8483431914000991,0.0,0.0,2.397826408228772,-0.10195294411323441,0.09379871550527219,-0.0015045237810040746,0.0,0.0,0.0,0.6445008347644975,0.22739630000890615,1.035576908899545,-2.9823557304245663,-2.4209855,3.577695,-1.594363,2.7510724,1.881008,-2.5891168,39.013184,0.004063873
figure_eight_depth,pid,87.9,0.5261007,-0.28715307,-1.4118576,0.0024996805,-0.010543494,-2.8669577,0.07712525,-0.036592215,-0.0032715981,0.0062029557,-0.009692733,-0.17173193,0.21814324139654342,-0.21288964578253713,-0.8484902388637949,0.0,0.0,2.393975227126961,-0.10219776414165105,0.09475326666812112,-0.001436418772593484,0.0,0.0,0.0,0.646324715589207,0.222287533121568,1.0222524155628794,-2.988307068511629,-2.3995206,3.5480924,-1.5577314,2.7063034,1.879653,-2.5913992,38.34571,0.0039943443
figure_eight_depth,pid,88.0,0.5185049,-0.2851141,-1.4121196,0.0032564297,-0.011444244,-2.8840067,0.0675501,-0.040232975,-0.0032324085,0.005769956,-0.009433623,-0.17045817,0.20791169081776084,-0.20336832153790152,-0.8486304738420682,0.0,0.0,2.3903316623968425,-0.10243137703354332,0.09566625591657385,-0.0013682743839615874,0.0,0.0,0.0,0.6485912057020335,0.21763680441376487,1.0088469061200238,-2.994443539107054,-2.3758087,3.5194025,-1.5197644,2.6633582,1.8782904,-2.5937765,37.689472,0.003925987
figure_eight_depth,pid,88.10000000000001,0.5117691,-0.28232232,-1.4123873,0.0039763968,-0.012298932,-2.900928,0.057989687,-0.04416689,-0.0031956832,0.0052631935,-0.009097835,-0.1691736,0.19765734037912658,-0.19375779322605188,-0.8487638924903065,0.0,0.0,2.3868914185305523,-0.10265375716980718,0.09653728278259666,-0.0013000924833916905,0.0,0.0,0.0,0.6512919266290851,0.2135592969183462,0.9953658681717389,-3.0007916125833436,-2.349674,3.4916186,-1.4804909,2.6224356,1.87703,-2.5961535,37.044643,0.0038588175
figure_eight_depth,pid,88.2,0.5059024,-0.27878138,-1.4126626,0.0046535684,-0.0131027745,-2.9177203,0.048498936,-0.048384987,-0.0031590948,0.0047064773,-0.008706043,-0.16787833,0.18738131458572568,-0.18406227634234,-0.84889049115077,0.0,0.0,2.3836504654659,-0.1028648801665033,0.09736596520738827,-0.0012318749401107887,0.0,0.0,0.0,0.6544206725005508,0.21013819033318892,0.9818145238731104,-3.0073793776092064,-2.3209684,3.4646914,-1.4399815,2.5837045,1.8759911,-2.59842,36.411186,0.0037928317
figure_eight_depth,pid,88.30000000000001,0.5009097,-0.27449688,-1.412948,0.0052838027,-0.013852769,-2.9343827,0.039128583,-0.052875143,-0.0031205444,0.004119182,-0.008275182,-0.16657221,0.17708474031958324,-0.17428602366090756,-0.8490102663526924,0.0,0.0,2.380605029885298,-0.10306472286818191,0.09815193970025282,-0.0011636236244005893,0.0,0.0,0.0,0.6579746144232143,0.2074414262447055,0.9681976002160415,-3.014227421298621,-2.2895522,3.4385564,-1.3983192,2.5473235,1.8752984,-2.6004615,35.78902,0.0037280226
figure_eight_depth,pid,88.4,0.49679193,-0.2694762,-1.4132448,0.0058644395,-0.014547384,-2.9509137,0.029923687,-0.057621192,-0.003078141,0.003516444,-0.007819438,-0.16525494,0.16676874671610287,-0.1644333233692922,-0.8491232148123761,0.0,0.0,2.3777515870310024,-0.10325326336242668,0.09889486150921334,-0.0010953404073199557,0.0,0.0,0.0,0.6619535631655773,0.20551716864099162,0.954520052469751,-3.0213232394572156,-2.2552998,3.4131362,-1.3556023,2.5134387,1.8750753,-2.6021597,35.17805,0.00366438
figure_eight_depth,pid,88.5,0.49348038,-0.26375586,-1.4135529,0.0063892608,-0.015170883,-2.9673119,0.02162664,-0.06246198,-0.0030290247,0.0028627971,-0.007196432,-0.16392446,0.1564344650402321,-0.1545084971874749,-0.849229333433282,0.0,0.0,2.375086853027898,-0.10343048097279095,0.09959440476342563,-0.0010270271609824633,0.0,0.0,0.0,0.6663302507686208,0.20470848362770439,0.9407865950208285,-3.028573769571338,-2.2175088,3.3889713,-1.311312,2.4827745,1.8752655,-2.6035597,34.581326,0.0036022214
figure_eight_depth,pid,88.60000000000001,0.4908402,-0.25739717,-1.4138702,0.0068491013,-0.015698662,-2.9835753,0.0149259,-0.06722201,-0.0029708378,0.0021311752,-0.006316666,-0.1625799,0.14608302856241173,-0.14451589847223592,-0.8493286193061145,0.0,0.0,2.3726077777093444,-0.1035963562653619,0.10025026262007464,-0.000958685758167821,0.0,0.0,0.0,0.6710491049181313,0.20517927509842124,0.9270021853845487,-3.035842400121003,-2.1756258,3.366443,-1.2650889,2.4559062,1.8758104,-2.6046987,34.00133,0.003541805
figure_eight_depth,pid,88.7,0.48868144,-0.25047722,-1.4141933,0.007233885,-0.016102972,-2.9997027,0.010377574,-0.07175588,-0.0029025623,0.0013161692,-0.0051474394,-0.16122173,0.13571557243430515,-0.1344599103076336,-0.8494210697089013,0.0,0.0,2.3703115379356543,-0.10375087105005121,0.1008621473982535,-0.0008903180724328941,0.0,0.0,0.0,0.6760270400735018,0.20694524385724844,0.9131710772120718,-3.0429894704267353,-2.1293302,3.3457248,-1.2167766,2.4331713,1.8766798,-2.6055763,33.439743,0.0034833066
figure_eight_depth,pid,88.80000000000001,0.48676977,-0.24307923,-1.414517,0.0075346865,-0.016357,-3.0156922,0.008409465,-0.075962186,-0.0028248667,0.0004333467,-0.0036967234,-0.15985143,0.1253332335643039,-0.12434494358242705,-0.8495066821070678,0.0,0.0,2.3681955313981864,-0.1038940083825518,0.10142979070505015,-0.0008219259782782373,0.0,0.0,0.0,0.6811540998316131,0.2099618898622782,0.8992975417420939,-3.049909600133434,-2.078527,3.326815,-1.1663941,2.414682,1.8778788,-2.6061516,32.89759,0.0034268324
figure_eight_depth,pid,88.9,0.48489547,-0.23528229,-1.4148369,0.007743532,-0.016450275,-3.0315423,0.0087506585,-0.079728805,-0.0027402746,-0.0005040548,-0.0021268153,-0.15846959,0.11493715049286692,-0.11417543505532816,-0.8495854541535071,0.0,0.0,2.366257370898824,-0.10402575256625302,0.10195294355335588,-0.0007535113505374724,0.0,0.0,0.0,0.686327330456217,0.2138474309023986,0.8853856351027842,-3.056543112084315,-2.0237322,3.309013,-1.1146568,2.3999374,1.8794582,-2.6063466,32.372623,0.0033721484
figure_eight_depth,pid,89.0,0.4828864,-0.22716011,-1.4151481,0.00785403,-0.01638724,-3.0472522,0.01099594,-0.08295998,-0.002651831,-0.00147921,-0.0005859688,-0.15707661,0.10452846326765443,-0.10395584540888061,-0.8496573836886434,0.0,0.0,2.3644948790964033,-0.1041460891539267,0.10243137647103495,-0.0006850760648768883,0.0,0.0,0.0,0.6914577475035771,0.21824644336717325,0.8714382498910445,-3.0628592962911334,-1.9655857,3.2915697,-1.0623249,2.388309,1.8814533,-2.6061003,31.862137,0.0033189722
figure_eight_depth,pid,89.10000000000001,0.48059744,-0.218783,-1.4154471,0.00786198,-0.016180754,-3.0628204,0.014845702,-0.085577436,-0.0025623254,-0.002471577,0.0008422396,-0.15567297,0.09410831331851414,-0.09369065729286213,-0.8497224687404925,0.0,0.0,2.362906083710663,-0.10425500494930934,0.10286487960162183,-0.0006166219975733966,0.0,0.0,0.0,0.6964670232011866,0.22293333164088577,0.8574587888986109,-3.0688461338384565,-1.9046507,3.2739334,-1.0099673,2.37925,1.8838762,-2.6053815,31.3642,0.003267104
figure_eight_depth,pid,89.2,0.4779074,-0.2102181,-1.415731,0.0077657066,-0.015849017,-3.078246,0.020028515,-0.087522514,-0.0024740028,-0.0034586408,0.0021046647,-0.15425904,0.08367784333231597,-0.0833843733580516,-0.8497807075247146,0.0,0.0,2.3614892131759606,-0.10435248800853836,0.10325326279627539,-0.0005481510252369759,0.0,0.0,0.0,0.7012869671172455,0.2277492916267435,0.8434499773654418,-3.074502286213776,-1.8414744,3.2556539,-0.95804965,2.372229,1.886725,-2.6041775,30.877111,0.003216366
figure_eight_depth,pid,89.30000000000001,0.47471225,-0.20153031,-1.4159969,0.007565886,-0.0154124955,-3.0935287,0.026342213,-0.08874745,-0.0023884824,-0.004420234,0.0031784384,-0.15283503,0.07323819712763105,-0.07304151428120517,-0.849832098444664,0.0,0.0,2.360242692735009,-0.10443852764151912,0.10359635569733017,-0.00047966502503271613,0.0,0.0,0.0,0.7058564868960947,0.23260134358320964,0.8294138668859843,-3.079835174556017,-1.7765446,3.2364075,-0.906909,2.366772,1.8899771,-2.6024954,30.399536,0.0031666185
figure_eight_depth,pid,89.4,0.47092417,-0.19278115,-1.4162433,0.007265858,-0.014892676,-3.1086671,0.033591643,-0.08923064,-0.0023067293,-0.0053333933,0.0040528364,-0.15140115,0.06279051952931339,-0.06266661678215213,-0.8498766400914328,0.0,0.0,2.359165140966571,-0.10451311441303512,0.1038940078128825,-0.0004111658746808189,0.0,0.0,0.0,0.710122579338739,0.23743135309484392,0.8153530309743682,-3.084856951985655,-1.7103554,3.2159405,-0.85681814,2.3624034,1.893608,-2.60035,29.930246,0.0031177339
figure_eight_depth,pid,89.5,0.4664685,-0.18402909,-1.4164689,0.006871162,-0.014310555,-3.1236606,0.041613027,-0.08895843,-0.0022291066,-0.00617982,0.0047317827,-0.1499574,0.052335956242944494,-0.052264231633827395,-0.8499143312438893,0.0,0.0,2.3582553667384945,-0.1045762401437958,0.10414608858288349,-0.00034265545195699687,0.0,0.0,0.0,0.7140390636372063,0.24220696669751934,0.8012693760184847,-3.0895840405869546,-1.6433654,3.1940708,-0.8079751,2.3586807,1.8975806,-2.5977697,29.468157,0.0030695999
figure_eight_depth,pid,89.60000000000001,0.46128324,-0.17532855,-1.4166728,0.0063895285,-0.013686085,-3.1385086,0.05024998,-0.08793811,-0.0021554094,-0.006941088,0.0052244365,-0.1485038,0.041875653729199165,-0.04183892166615728,-0.8499451708687114,0.0,0.0,2.357512366581028,-0.10462789791135588,0.1043524874363641,-0.000274135635081052,0.0,0.0,0.0,0.7175670262542132,0.2469136870182103,0.7871643823252426,-3.0824176987329515,-1.5760238,3.1706686,-0.7605249,2.3551698,1.9018561,-2.5947871,29.012188,0.0030221029
figure_eight_depth,pid,89.7,0.4553161,-0.16672938,-1.4168551,0.005830552,-0.013037328,3.129975,0.059375383,-0.08619046,-0.0020849654,-0.0076017687,0.0055481754,-0.14704016,0.03141075907812848,-0.031395259764656874,-0.8499691581204152,0.0,0.0,2.356935322473539,-0.10466808205086484,0.10451311383997963,-0.00020560830271687536,0.0,0.0,0.0,0.7206737996941663,0.2515584311381215,0.7730397580165733,-3.0720577777237645,-1.5087454,3.145668,-0.7145508,2.3514733,1.9063914,-2.5914428,28.561455,0.0029751512
figure_eight_depth,pid,89.80000000000001,0.44852355,-0.15827727,-1.4170158,0.0052050347,-0.012380219,3.1154208,0.06887588,-0.083739355,-0.0020167292,-0.008152603,0.005722454,-0.14556608,0.020942419883356024,-0.020937826864598878,-0.849986292341378,0.0,0.0,2.3565236000407617,-0.10469678815566708,0.10462789733766721,-0.00013707533347284695,0.0,0.0,0.0,0.7233327033073451,0.256150787096926,0.7588972182880958,-3.061609176085013,-1.4419166,3.1190405,-0.67009884,2.3472226,1.9111334,-2.587787,28.115097,0.0029286556
figure_eight_depth,pid,89.9,0.44086933,-0.15001306,-1.4171553,0.004524786,-0.011728383,3.1010149,0.0786554,-0.08062206,-0.001949374,-0.008585941,0.005768499,-0.14408115,0.01047178411624551,-0.010471209941678196,-0.8499965730618566,0.0,0.0,2.3562767471539283,-0.10471401307782756,0.10469678758160371,-6.853860629041364e-05,0.0,0.0,0.0,0.7255225421549445,0.26071239903412907,0.7447381053698754,-3.051093035638768,-1.3758945,3.0907986,-0.6271726,2.3420765,1.9160273,-2.583873,27.672348,0.0028825365
figure_eight_depth,pid,90.0,0.43232355,-0.14197198,-1.4172742,0.0038023703,-0.011093173,3.0867581,0.088629425,-0.07688727,-0.0018813483,-0.008896205,0.005706993,-0.14258493,3.6739403974420594e-16,-3.6739403974420594e-16,-0.85,0.0,0.0,2.3561944929339016,-0.10471975492843412,0.10471975435424383,0.0,0.0,0.0,0.0,0.7272274397979532,0.26527072362884996,0.730563643815366,-3.0405289106179128,-1.3110107,3.0609853,-0.585745,2.3357196,1.9210176,-2.5797572,27.23252,0.0028367208
figure_eight_depth,pid,90.10000000000001,0.42286322,-0.13418467,-1.4173734,0.0030503497,-0.010484046,3.0726519,0.09871204,-0.07257839,-0.0018110038,-0.009085011,0.0055548786,-0.14107668,-0.01047178411624655,0.010471209941679237,-0.8499965730618566,0.0,0.0,2.356276747153928,-0.1047140130787166,0.10469678758249275,6.853860629041364e-05,0.0,0.0,0.0,0.7284373901179376,0.26983732539647864,0.7163751159442167,-3.0299373725221583,-1.2475729,3.0296512,-0.54578173,2.32786,1.9260383,-2.5755057,26.794888,0.002791134
figure_eight_depth,pid,90.2,0.4124716,-0.12667586,-1.4174536,0.0022814786,-0.00990863,3.0586972,0.10882742,-0.067757055,-0.001736647,-0.009151699,0.0053284997,-0.13955589,-0.020942419883357065,0.02093782686459992,-0.849986292341378,0.0,0.0,2.356523600040759,-0.10469678815655525,0.10462789733855539,0.00013707533347284695,0.0,0.0,0.0,0.729147930509131,0.2744315396843571,0.7021736236225711,-3.0193388539449355,-1.1858644,2.9968753,-0.5072186,2.3182294,1.9310284,-2.5711803,26.358833,0.0027457122
figure_eight_depth,pid,90.30000000000001,0.40113592,-0.11946594,-1.4175158,0.0015077452,-0.009372464,3.0448954,0.11892543,-0.06246952,-0.0016567168,-0.009104866,0.00504677,-0.13802163,-0.03141075907812952,0.03139525976465791,-0.8499691581204152,0.0,0.0,2.3569353224735323,-0.10466808205174954,0.10451311384086434,0.00020560830271687536,0.0,0.0,0.0,0.7293592199000408,0.2790711857732354,0.6879600880641874,-3.0087543074803396,-1.1261133,2.962754,-0.46997258,2.3066132,1.935915,-2.5668554,25.923895,0.002700406
figure_eight_depth,pid,90.4,0.3888475,-0.112570606,-1.4175605,0.00074042304,-0.008879405,3.0312483,0.1289575,-0.056769602,-0.001569747,-0.008952281,0.0047248295,-0.1364732,-0.041875653729200206,0.04183892166615832,-0.8499451708687114,0.0,0.0,2.3575123665810165,-0.10462789791224406,0.10435248743725228,0.000274135635081052,0.0,0.0,0.0,0.7290760261542043,0.2837707938347065,0.6737359644889298,-2.9982143762734044,-1.0685319,2.927395,-0.4339521,2.2928154,1.940625,-2.5626051,25.489689,0.0026551762
figure_eight_depth,pid,90.5,0.375602,-0.1060027,-1.4175884,-1.0658782e-05,-0.008431996,3.0177572,0.13887419,-0.050694592,-0.0014744954,-0.008708738,0.004374208,-0.13490961,-0.05233595624294376,0.05226423163382666,-0.8499143312438893,0.0,0.0,2.3582553667384936,-0.10457624014468397,0.1041460885837682,0.00034265545195699687,0.0,0.0,0.0,0.7283083949541375,0.28852564788694385,0.6595018106144116,-2.988445876188319,-1.013303,2.890895,-0.39907166,2.2766635,1.9450729,-2.558515,25.055819,0.0026099812
figure_eight_depth,pid,90.60000000000001,0.36139905,-0.09977088,-1.4175999,-0.00073656265,-0.0080316095,3.0044236,0.14863296,-0.044297665,-0.0013699103,-0.008383307,0.0040052887,-0.13333035,-0.06279051952931265,0.0626666167821514,-0.8498766400914328,0.0,0.0,2.3591651409665455,-0.10451311441391636,0.10389400781376373,0.0004111658746808189,0.0,0.0,0.0,0.7270711478453258,0.2933374822237054,0.6452584773501049,-2.978725290528396,-0.96059227,2.8533688,-0.36522752,2.258004,1.94918,-2.5546644,24.622036,0.0025647955
figure_eight_depth,pid,90.7,0.34624037,-0.09387906,-1.4175956,-0.0014291796,-0.007678215,2.9912493,0.15821467,-0.03763602,-0.0012551431,-0.007984256,0.003630974,-0.13173495,-0.07323819712763031,0.07304151428120444,-0.849832098444664,0.0,0.0,2.3602426927350075,-0.1044385276424073,0.1035963556982114,0.0004796650250882273,0.0,0.0,0.0,0.7253827743193362,0.2982218927604561,0.6310066301562278,-2.9690707960392464,-0.9105233,2.8149514,-0.33229536,2.2367234,1.9528738,-2.5511267,24.18832,0.0025196166
figure_eight_depth,pid,90.80000000000001,0.33013004,-0.08832773,-1.4175755,-0.0020816457,-0.0073708184,2.9782362,0.16759726,-0.030755835,-0.0011295293,-0.0075238277,0.003259939,-0.1301228,-0.08367784333231525,0.08338437335805089,-0.8497807075247146,0.0,0.0,2.3614892131759824,-0.10435248800942654,0.10325326279714969,0.0005481510252369759,0.0,0.0,0.0,0.7232654510453138,0.3031796834502259,0.6167469852493106,-2.9595025979965595,-0.8632008,2.775763,-0.30016458,2.2127268,1.9560754,-2.5479784,23.75466,0.0024744438
figure_eight_depth,pid,90.9,0.31307542,-0.08311419,-1.4175395,-0.0026882687,-0.0071078776,2.965386,0.17675227,-0.023703203,-0.000992613,-0.007013391,0.002896891,-0.12849337,-0.09410831331851342,0.09369065729286143,-0.8497224687404925,0.0,0.0,2.3629060837106732,-0.10425500495019058,0.10286487960248919,0.0006166219975733966,0.0,0.0,0.0,0.7207459367052529,0.3081998657278663,0.6024798301382037,-2.9500440952020925,-0.8187174,2.7359145,-0.26873153,2.1859286,1.9587088,-2.5452945,23.32109,0.0024292804
figure_eight_depth,pid,91.0,0.2950868,-0.07823382,-1.4174875,-0.0032448226,-0.0068874033,2.9527004,0.18565498,-0.016512431,-0.0008442045,-0.006467205,0.0025457456,-0.12684608,-0.10452846326765193,0.10395584540887816,-0.8496573836886434,0.0,0.0,2.3644948790963998,-0.10414608915481488,0.10243137647190925,0.0006850760649323995,0.0,0.0,0.0,0.7178554716590355,0.3132644720709421,0.5882054974142203,-2.9407215407240583,-0.7771425,2.695509,-0.23789933,2.1562657,1.9606928,-2.5431545,22.887747,0.0023841404
figure_eight_depth,pid,91.10000000000001,0.27617735,-0.07367906,-1.4174192,-0.0037479843,-0.0067070615,2.9401815,0.19428372,-0.009228844,-0.0006843152,-0.005893845,0.0022096206,-0.12518063,-0.11493715049286618,0.11417543505532744,-0.8495854541535071,0.0,0.0,2.3662573708988583,-0.10402575256625302,0.10195294355334894,0.0007535113505374724,0.0,0.0,0.0,0.7146292875179069,0.31835829026556794,0.5739241228602969,-2.9315647596784506,-0.7385308,2.654657,-0.20756294,2.1236892,1.9619563,-2.5416267,22.454908,0.0023390527
figure_eight_depth,pid,91.2,0.25636122,-0.069440216,-1.4173338,-0.0041955924,-0.006563884,2.927831,0.20263675,-0.0018870141,-0.00051318126,-0.005304434,0.0018946457,-0.12349665,-0.12533323356430318,0.12434494358242636,-0.8495066821070678,0.0,0.0,2.368195531398187,-0.1038940083834261,0.10142979070590363,0.0008219259782782373,0.0,0.0,0.0,0.7111054941522276,0.32347681465854045,0.5596354031263493,-2.922605870407223,-0.7028977,2.6134691,-0.17761345,2.0881848,1.9624282,-2.5407774,22.023024,0.0022940647
figure_eight_depth,pid,91.30000000000001,0.23565383,-0.06550511,-1.417231,-0.004586314,-0.0064545507,2.9156506,0.21071073,0.005474123,-0.000331156,-0.004706703,0.0016043473,-0.121793896,-0.13571557243430443,0.1344599103076329,-0.8494210697089013,0.0,0.0,2.3703115379355877,-0.10375087105003733,0.1008621473982535,0.0008903180724328941,0.0,0.0,0.0,0.7073254695836115,0.32861294602676655,0.5453390682198078,-2.9138792482869524,-0.6702507,2.5720518,-0.14794639,2.0497475,1.9620464,-2.5406666,21.592651,0.0022492346
figure_eight_depth,pid,91.4,0.21407138,-0.061860267,-1.4171096,-0.0049199387,-0.006375445,2.9036427,0.21850765,0.012828707,-0.00013872849,-0.0041113063,0.0013417546,-0.12007197,-0.146083028562411,0.14451589847223523,-0.8493286193061145,0.0,0.0,2.3726077777093444,-0.1035963562653619,0.10025026262007464,0.000958685758167821,0.0,0.0,0.0,0.7033331857751047,0.3337584785399355,0.5310348767096009,-2.905420128124951,-0.6405777,2.530499,-0.11846895,2.0083904,1.9607456,-2.5413535,21.164433,0.0022046284
figure_eight_depth,pid,91.5,0.19163242,-0.058491006,-1.4169692,-0.0051970454,-0.0063231857,2.891809,0.22601311,0.02014773,6.351971e-05,-0.0035255102,0.0011047873,-0.11833063,-0.15643446504022962,0.1545084971874725,-0.849229333433282,0.0,0.0,2.3750868530278955,-0.10343048097280483,0.0995944047634395,0.0010270271609269521,0.0,0.0,0.0,0.6991765716963819,0.33888904019298083,0.5167221336359229,-2.897202111382208,-0.61387384,2.4888885,-0.089102,1.9641168,1.9584675,-2.542894,20.739006,0.0021603128
figure_eight_depth,pid,91.60000000000001,0.16843332,-0.05536061,-1.4168086,-0.005405947,-0.006309538,2.880151,0.23253497,0.027013347,0.00027563135,-0.0028261708,0.0007423284,-0.11657524,-0.16676874671610215,0.1644333233692915,-0.8491232148123761,0.0,0.0,2.3777515870310024,-0.10325326336242668,0.09889486150921334,0.001095340407375467,0.0,0.0,0.0,0.6949363310040778,0.3433968040221561,0.5023994463704868,-2.8891956411326563,-0.5908585,2.4471219,-0.05994541,1.9162086,1.9553168,-2.5451746,20.314144,0.0021160569
figure_eight_depth,pid,91.7,0.14465481,-0.05241306,-1.4166272,-0.0055250246,-0.006358329,2.86867,0.23733015,0.032985065,0.0004947559,-0.0019151651,0.00013273676,-0.11480817,-0.17708474031958252,0.17428602366090687,-0.8490102663526924,0.0,0.0,2.380605029885298,-0.10306472286818191,0.09815193970025282,0.0011636236244005893,0.0,0.0,0.0,0.6907226370981926,0.34657732303220995,0.48806495683955564,-2.8813753313825927,-0.5721064,2.405135,-0.03106281,1.8640914,1.9514686,-2.5480237,19.888435,0.0020717122
figure_eight_depth,pid,91.80000000000001,0.12055386,-0.049584154,-1.4164242,-0.005528692,-0.0065004034,2.8573678,0.23972239,0.03771801,0.000714251,-0.0007553134,-0.00079627667,-0.113027975,-0.18738131458572496,0.1840622763423393,-0.84889049115077,0.0,0.0,2.3836504654658515,-0.10286488016564288,0.09736596520658336,0.0012318749401107887,0.0,0.0,0.0,0.68666526428161,0.34774154415376224,0.4737172885166925,-2.873743117201916,-0.5579011,2.3628948,-0.0024886227,1.8074824,1.9471042,-2.5512753,19.461744,0.002027265
figure_eight_depth,pid,91.9,0.09642236,-0.046817828,-1.416199,-0.0053970027,-0.006763254,2.8462458,0.2394,0.041110136,0.00092357537,0.00059393403,-0.002013588,-0.11122901,-0.19765734037912586,0.1937577932260512,-0.8487638924903066,0.0,0.0,2.3868914185306243,-0.10265375716980718,0.09653728278258278,0.0013000924833916905,0.0,0.0,0.0,0.6828924258114669,0.346515631361993,0.4593543471554109,-2.866355770824195,-0.5479442,2.32047,0.025854869,1.7466712,1.9423462,-2.554836,19.03625,0.0019829425
figure_eight_depth,pid,92.0,0.072509766,-0.04407399,-1.4159511,-0.0051245266,-0.0071555898,2.8353071,0.23676994,0.04334708,0.0011108228,0.0019849597,-0.0033329597,-0.109403424,-0.2079116908177584,0.20336832153789922,-0.8486304738420684,0.0,0.0,2.3903316623967767,-0.1024313770326829,0.09566625591578282,0.0013682743839615874,0.0,0.0,0.0,0.6794973300574808,0.3432126148672119,0.4449754588800787,-2.8592497991114225,-0.54111207,2.2781873,0.05430633,1.682769,1.9372503,-2.5586846,18.617405,0.001939313
figure_eight_depth,pid,92.10000000000001,0.049026545,-0.041324295,-1.4156811,-0.004716724,-0.0076729157,2.8245547,0.23220742,0.044583227,0.0012673563,0.003308625,-0.0046221945,-0.10754729,-0.2181432413965427,0.21288964578253647,-0.8484902388637949,0.0,0.0,2.393975227126858,-0.10219776414077675,0.09475326666733008,0.001436418772593484,0.0,0.0,0.0,0.6765426242718229,0.3381477294229019,0.43057945465109615,-2.8524440765929073,-0.5364089,2.2363198,0.083157904,1.6167531,1.931845,-2.5628238,18.209757,0.0018968497
figure_eight_depth,pid,92.2,0.026148453,-0.03854978,-1.41539,-0.0041869087,-0.00830219,2.8139913,0.22604449,0.044954807,0.0013879144,0.004487646,-0.005794449,-0.105659254,-0.22835087011065525,0.22231758959246328,-0.8483431914000991,0.0,0.0,2.397826408228769,-0.10195294411237399,0.09379871550448116,0.0015045237810040746,0.0,0.0,0.0,0.6740651232334429,0.33161432181787853,0.4161648999835114,-2.8459430409696482,-0.5329679,2.195078,0.112641,1.5494691,1.9261427,-2.567266,17.816845,0.0018559213
figure_eight_depth,pid,92.30000000000001,0.004021945,-0.03573843,-1.4150802,-0.003553251,-0.009025625,2.8036199,0.21856186,0.044573013,0.0014701989,0.0054755313,-0.0068000588,-0.10373979,-0.2385334575785815,0.23164801755993142,-0.8481893354823613,0.0,0.0,2.401889775875747,-0.10169694379474903,0.09280302112495142,0.0015725875421868096,0.0,0.0,0.0,0.6720817485419488,0.32387010402335525,0.4017300857270363,-2.839743173885244,-0.5300515,2.1546159,0.14293317,1.4816313,1.9201608,-2.5720198,17.441288,0.0018168008
figure_eight_depth,pid,92.4,-0.017234884,-0.032881435,-1.4147547,-0.0028362514,-0.009822511,2.7934432,0.21003696,0.04352353,0.0015142707,0.006251498,-0.0076072197,-0.10179045,-0.24868988716485477,0.2408768370508576,-0.8480286753286195,0.0,0.0,2.4061701846479755,-0.10142979126119556,0.09176662027317317,0.0016406081901343406,0.0,0.0,0.0,0.6705918667507461,0.3151808222819157,0.38727301832443656,-2.833831351874121,-0.5269909,2.1150675,0.17419305,1.4138834,1.9139378,-2.5770693,17.085083,0.0017796963
figure_eight_depth,pid,92.5,-0.037527367,-0.029972007,-1.4144173,-0.002057017,-0.010671576,2.7834637,0.20069972,0.041876677,0.0015220627,0.0068121306,-0.008207578,-0.09981307,-0.25881904510252013,0.24999999999999942,-0.8478612153434526,0.0,0.0,2.410672783794,-0.1011515158080567,0.09068996754887926,0.001708583860005053,0.0,0.0,0.0,0.6695820271367839,0.3057726912493366,0.37279093271295816,-2.8281892609356003,-0.5232228,2.07651,0.20652615,1.346761,1.907526,-2.5823836,16.749435,0.0017447328
figure_eight_depth,pid,92.60000000000001,-0.05678064,-0.027005052,-1.4140722,-0.0012362307,-0.011552452,2.773684,0.19074318,0.039696895,0.0014967832,0.007164236,-0.008607595,-0.09780921,-0.26891982061526615,0.2590135046865655,-0.8476869601178609,0.0,0.0,2.415403028008834,-0.10086214795129722,0.08957353520741562,0.0017765126880675552,0.0,0.0,0.0,0.6690305201390512,0.2958401996462832,0.3582809968019571,-2.8227949004237587,-0.5182717,2.0389738,0.23998971,1.2807124,1.9009889,-2.5879226,16.434942,0.0017119731
figure_eight_depth,pid,92.7,-0.07493621,-0.023976602,-1.4137243,-0.00039327377,-0.012446647,2.7641065,0.18032674,0.03703953,0.0014423965,0.007323152,-0.008823545,-0.095780164,-0.27899110603922905,0.26791339748949816,-0.8475059144291394,0.0,0.0,2.420366688717472,-0.10056171942340875,0.08841781295299,0.0018443928122002795,0.0,0.0,0.0,0.668910633479845,0.28554897829640874,0.3437398233522302,-2.818079357702616,-0.51173866,2.0024517,0.274605,1.2161081,1.8944029,-2.593634,16.141716,0.0016814285
figure_eight_depth,pid,92.80000000000001,-0.09195019,-0.020882726,-1.4133782,0.00045442593,-0.013337766,2.7547336,0.1695945,0.033949926,0.0013632196,0.007310396,-0.008874328,-0.0937268,-0.28903179694447245,0.2766957746216728,-0.847318083240747,0.0,0.0,2.4255698658521987,-0.10025026316978769,0.08722330772362175,0.0019122223713918807,0.0,0.0,0.0,0.6691922160569556,0.27505371996505895,0.32916369661728373,-2.813946018578607,-0.50327754,1.9669162,0.31037307,1.1532656,1.8878577,-2.5994482,15.869537,0.001653077
figure_eight_depth,pid,92.9,-0.1077894,-0.01771951,-1.4130388,0.0012917933,-0.014212135,2.7455673,0.15865201,0.030464457,0.0012636936,0.0071511483,-0.008785344,-0.09164951,-0.29904079225608693,0.2853567838422161,-0.8471234717021708,0.0,0.0,2.4310190001004783,-0.09992781334505763,0.08599054346866697,0.0019799995060187925,0.0,0.0,0.0,0.6698451691469444,0.26447529775694856,0.3145483216768654,-2.809966401763465,-0.49261335,1.9323074,0.34726417,1.0924298,1.881453,-2.605289,15.617871,0.0016268616
figure_eight_depth,pid,93.0,-0.12243021,-0.014479585,-1.4127108,0.0021070912,-0.015058303,2.7366104,0.14760625,0.02658749,0.0011481828,0.006880061,-0.008577372,-0.08954858,-0.30901699437494706,0.29389262614623624,-0.8469220851487844,0.0,0.0,2.4367208855927713,-0.09959440530951658,0.08472006091936324,0.002047722358011761,0.0,0.0,0.0,0.6708389534913443,0.2539456058906614,0.2998895270048849,-2.806109626119958,-0.47949678,1.89858,0.38526163,1.0338216,1.8753188,-2.6110473,15.386126,0.0016027214
figure_eight_depth,pid,93.10000000000001,-0.13585709,-0.0111526055,-1.4123985,0.0028914483,-0.015867021,2.7278655,0.13654758,0.022325814,0.0010208827,0.0065267617,-0.008271398,-0.08742349,-0.31895930929807065,0.302299557431188,-0.8467139291017018,0.0,0.0,2.4426826829949944,-0.09925007562594512,0.08341241735199123,0.0021153890705782885,0.0,0.0,0.0,0.672144081834261,0.2435842885950488,0.2851827745397957,-2.802349016312701,-0.4637132,1.8656608,0.424321,0.9776266,1.8695908,-2.616608,15.173529,0.001580576
figure_eight_depth,pid,93.2,-0.1480611,-0.0077261236,-1.4121056,0.0036382978,-0.016631171,2.7193348,0.12554948,0.017691975,0.0008857187,0.006114997,-0.007888104,-0.085273035,-0.32886664673858335,0.31057389013915526,-0.8464990092676262,0.0,0.0,2.4489119329496676,-0.09889486205233444,0.08206818634093338,0.0021829977887577456,0.0,0.0,0.0,0.6737331194387876,0.23349784213791372,0.27042290782486855,-2.798661600846085,-0.44508043,1.8334484,0.46437198,0.9239959,1.8644023,-2.6218524,14.979146,0.0015603276
figure_eight_depth,pid,93.30000000000001,-0.15903687,-0.0041871355,-1.4118357,0.0043429425,-0.017346097,2.7110214,0.11464981,0.01270238,0.00074626127,0.005663899,-0.0074516325,-0.08309555,-0.33873792024529253,0.31871199487434576,-0.8462773315386934,0.0,0.0,2.455416569807479,-0.09852880354260796,0.08068795751084434,0.0022505466588662593,0.0,0.0,0.0,0.6755831176632746,0.2237619780263807,0.2556048535323647,-2.795031929741647,-0.42347008,1.8018123,0.5053138,0.87302846,1.859879,-2.6266708,14.801925,0.0015418673
figure_eight_depth,pid,93.4,-0.16878338,-0.00052209105,-1.4115916,0.0050021224,-0.018008841,2.7029283,0.103893414,0.0073783803,0.0006057298,0.0051880367,-0.006978798,-0.080889024,-0.34857204732181574,0.32671030199505313,-0.8460489019923104,0.0,0.0,2.4622049355598055,-0.0981519402392661,0.07927233627591512,0.0023180338291628466,0.0,0.0,0.0,0.6776751449955534,0.21446211348375493,0.24072336911243575,-2.791449973513843,-0.39875817,1.7706196,0.54704314,0.8248183,1.8561434,-2.6309526,14.640863,0.0015250897
figure_eight_depth,pid,93.5,-0.17730175,0.0032818927,-1.4113761,0.005613712,-0.018618297,2.6950588,0.09329883,0.0017442467,0.00046701913,0.0046987645,-0.0064880634,-0.0786512,-0.3583679495453002,0.33456530317942906,-0.8458137268909887,0.0,0.0,2.4692857938838917,-0.09776431346958381,0.07782194357427996,0.002385457449405326,0.0,0.0,0.0,0.6799959454152569,0.20566142369454454,0.22577302874794422,-2.7879168870139095,-0.37086192,1.7397201,0.58943987,0.77941835,1.8533064,-2.6345968,14.494942,0.0015098896
figure_eight_depth,pid,93.60000000000001,-0.1845981,0.007237755,-1.4111909,0.0061763353,-0.019174095,2.6874163,0.08291258,-0.0041693784,0.00033275035,0.0042034043,-0.0059868377,-0.07637964,-0.36812455268467725,0.3422735529643438,-0.8455718126821722,0.0,0.0,2.476668344166635,-0.09736596574125289,0.07633741559615048,0.0024528156710723614,0.0,0.0,0.0,0.6825363422742116,0.19744921453317987,0.21074797091210054,-2.7844398376313384,-0.3396794,1.708974,0.63239604,0.73689854,1.8514761,-2.6375008,14.363293,0.0014961762
figure_eight_depth,pid,93.7,-0.19067928,0.011356547,-1.4110372,0.006689256,-0.019677438,2.6800046,0.072733,-0.010331833,0.00020527327,0.0037081495,-0.0054910323,-0.07407177,-0.37784078681846583,0.3498316702566817,-0.8453231659980613,0.0,0.0,2.484362235366494,-0.09695694073758032,0.07481940350462235,0.002520106647585507,0.0,0.0,0.0,0.6852935240229198,0.18987039647890402,0.19564236134371127,-2.7810397440211494,-0.30517563,1.6782199,0.675781,0.69726324,1.85074,-2.6395793,14.245028,0.001483857
figure_eight_depth,pid,93.80000000000001,-0.19555366,0.015647432,-1.4109162,0.0071521606,-0.020130506,2.6728275,0.06276458,-0.01670901,8.6659245e-05,0.0032168748,-0.005010563,-0.07172489,-0.3875155864521027,0.35723633981640146,-0.8450677936554305,0.0,0.0,2.4923775795340566,-0.09653728331271427,0.07326857314984836,0.0025873285340871632,0.0,0.0,0.0,0.6882708714669767,0.18297349958318404,0.18044990268945416,-2.7777535357070544,-0.26731747,1.6473038,0.7194734,0.660513,1.8511777,-2.6407542,14.139429,0.0014728573
figure_eight_depth,pid,93.9,-0.19923192,0.020118287,-1.4108282,0.0075651477,-0.02053593,2.6658893,0.053020354,-0.023268625,-2.1252992e-05,0.0027332883,-0.0045502638,-0.06933626,-0.3971478906347798,0.3644843137107051,-0.8448057026554414,0.0,0.0,2.5007249647732976,-0.09610703948689792,0.07168560477738284,0.00265447948766262,0.0,0.0,0.0,0.6914768220641437,0.17681189133995676,0.16516429837977853,-2.774633358764261,-0.22607401,1.6160861,0.76336545,0.62664664,1.8528621,-2.6409495,14.045969,0.0014631217
figure_eight_depth,pid,94.0,-0.20172863,0.02477626,-1.4107733,0.007928559,-0.02089627,2.6591947,0.04352894,-0.029975753,-0.00011680651,0.0022594016,-0.0041096527,-0.06690298,-0.40673664307579876,0.37157241273869607,-0.8445369001834514,0.0,0.0,2.5094154673955074,-0.09566625644114035,0.0700711927294484,0.002721557667395569,0.0,0.0,0.0,0.6949240917650029,0.17144314094171847,0.14977924047497604,-2.77173142272734,-0.18141007,1.5844382,0.80736053,0.59566754,1.8558592,-2.6400936,13.964312,0.0014546158
figure_eight_depth,pid,94.10000000000001,-0.20306176,0.029627401,-1.4107505,0.008242873,-0.021214113,2.6527483,0.034311987,-0.036793776,-0.00019851064,0.0017961942,-0.0036892977,-0.06442201,-0.41628079226040077,0.3784975278258779,-0.8442613936088159,0.0,0.0,2.518460662963086,-0.0952149825114712,0.06842604513984663,0.0027885612342015698,0.0,0.0,0.0,0.6986291134368452,0.16690527037442315,0.13428768336564947,-2.769078038672383,-0.13330984,1.5522302,0.8513637,0.56755674,1.8602208,-2.6381238,13.894249,0.0014473175
figure_eight_depth,pid,94.2,-0.20325138,0.034676403,-1.4107592,0.008508791,-0.021492295,2.6465554,0.025376966,-0.04368962,-0.00026508456,0.0013455126,-0.0032920965,-0.061890237,-0.42577929156507166,0.3852566213878939,-0.8439791904846868,0.0,0.0,2.5278726358671793,-0.09475326718766386,0.06675088362653736,0.0028554883512166285,0.0,0.0,0.0,0.7026128049783352,0.16321187377337495,0.11868278786939301,-2.7666639817395544,-0.0817867,1.5193375,0.8952829,0.5422679,1.8659889,-2.6349883,13.835739,0.001441223
figure_eight_depth,pid,94.30000000000001,-0.20231849,0.039926406,-1.410798,0.008727299,-0.021734029,2.6406214,0.016719779,-0.050633803,-0.0003154552,0.0009098031,-0.00292204,-0.05930438,-0.4352310993723275,0.3918467286629199,-0.8436902985478054,0.0,0.0,2.537663987031911,-0.09428116109871931,0.06504644296845274,0.002922337183519641,0.0,0.0,0.0,0.7068997734790043,0.16035464231463561,0.10295743668940238,-2.764449536260691,-0.02687566,1.4856414,0.9390331,0.51973265,1.8731928,-2.6306434,13.788895,0.001436343
figure_eight_depth,pid,94.4,-0.20028588,0.045379423,-1.410865,0.008899573,-0.021942517,2.6349518,0.008344751,-0.057596706,-0.00034874782,0.0004906416,-0.0025794697,-0.05666095,-0.44463517918492695,0.3982649590120978,-0.8433947257182901,0.0,0.0,2.547847839261279,-0.0937987160187781,0.06331347079116534,0.002989105898576483,0.0,0.0,0.0,0.7115175581296508,0.1583151916528653,0.08710399064899921,-2.7623889043883283,0.0313908,1.4510356,0.98254335,0.499883,1.8818555,-2.62505,13.754032,0.0014327116
figure_eight_depth,pid,94.5,-0.19717665,0.05103599,-1.4109582,0.009027061,-0.022121213,2.629553,0.00024105882,-0.06455299,-0.0003642769,9.035429e-05,-0.002267227,-0.053956263,-0.45399049973954564,0.40450849718747295,-0.8430924800994192,0.0,0.0,2.558437839666215,-0.09330598485263186,0.061552727233127325,0.0030557926656848977,0.0,0.0,0.0,0.7164967621009805,0.1570522168769795,0.07111523993888769,-2.7604475532575616,0.09295382,1.4154218,1.0257479,0.48262784,1.891988,-2.618179,13.731628,0.001430378
figure_eight_depth,pid,94.60000000000001,-0.19301517,0.056895584,-1.4110757,0.00911135,-0.022273446,2.6244316,-0.007592301,-0.071476445,-0.00036153372,-0.00028995035,-0.001984471,-0.051186334,-0.4632960351198616,0.4105746045668519,-0.842783569977409,0.0,0.0,2.569448158538802,-0.09280302163380827,0.059764984614574246,0.0031223956568071642,0.0,0.0,0.0,0.7218701766254999,0.15651618905831455,0.054983451568619834,-2.758606084738566,0.15776068,1.3787147,1.0685953,0.46788007,1.9035968,-2.6100085,13.722375,0.001429414
figure_eight_depth,pid,94.7,-0.18782626,0.06295641,-1.4112148,0.009154195,-0.022402562,2.6195943,-0.015165036,-0.07834337,-0.00034016356,-0.00064889283,-0.0017317423,-0.048346918,-0.4725507648690533,0.41646062035504927,-0.8424680038211867,0.0,0.0,2.5808934839248927,-0.09228988151782636,0.05795102709846289,0.0031889130457374293,0.0,0.0,0.0,0.7276717818546748,0.15664245485690287,0.03870085163113757,-2.7568587311996313,0.22574252,1.3408368,1.111042,0.45553726,1.9166759,-2.6005216,13.727091,0.0014299052
figure_eight_depth,pid,94.80000000000001,-0.18163553,0.06921529,-1.411373,0.009157376,-0.022511793,2.6150486,-0.022484962,-0.08512765,-0.00029997856,-0.0009864427,-0.0015082709,-0.045433383,-0.48175367410171555,0.4221639627510077,-0.8421457902821577,0.0,0.0,2.5927890110604,-0.09176662077634012,0.05611165034660748,0.0032553430091009083,0.0,0.0,0.0,0.7339368533610091,0.1573566935619257,0.022259635866479947,-2.7552093838898166,0.29682672,1.3017201,1.153053,0.44549385,1.9312118,-2.5897124,13.746767,0.0014319549
figure_eight_depth,pid,94.9,-0.17447089,0.07566861,-1.4115477,0.009122668,-0.022603823,2.6108027,-0.029542675,-0.09180396,-0.0002409377,-0.0013028916,-0.0013089766,-0.042440757,-0.49090375361514055,0.42768213008025313,-0.8418169381939692,0.0,0.0,2.6051504257150797,-0.09123329679078251,0.05424766117043123,0.0033216837255767295,0.0,0.0,0.0,0.7406999213728095,0.1585859427936242,0.005652224736580447,-2.7536681803496252,0.37175858,1.2605093,1.1938431,0.43842477,1.9479176,-2.5768478,13.779093,0.0014353221
figure_eight_depth,pid,95.0,-0.16636157,0.082311235,-1.4117359,0.009051634,-0.022681158,2.6068642,-0.036342554,-0.0983426,-0.00016314382,-0.0016004547,-0.0011325119,-0.039363597,-0.49999999999999917,0.43301270189221885,-0.841481456572267,0.0,0.0,2.6179938803659213,-0.0906899680461204,0.05235987717711055,0.003387933376397534,0.0,0.0,0.0,0.747994814031664,0.1602419653345233,-0.011129666422439843,-2.752252672416544,0.4497352,1.2178731,1.2342389,0.4333694,1.966033,-2.5626667,13.829178,0.0014405394
figure_eight_depth,pid,95.10000000000001,-0.1573368,0.08913748,-1.4119346,0.008946128,-0.022746293,2.603243,-0.042896837,-0.104729325,-6.6846056e-05,-0.0018763231,-0.0009790012,-0.036195457,-0.5090414157503714,0.43815334002193185,-0.8411393546144494,0.0,0.0,2.631335961994853,-0.09013669412449854,0.05044912641122279,0.0034540901453494754,0.0,0.0,0.0,0.7558541095732395,0.16224781275890174,-0.028092849430766176,-2.7509817887049053,0.5306165,1.1738255,1.2743597,0.4300824,1.9854474,-2.5472565,13.898901,0.0014478021
figure_eight_depth,pid,95.2,-0.1474281,0.096141204,-1.412141,0.008807797,-0.022801159,2.5999486,-0.04919649,-0.1109388,4.756133e-05,-0.0021325883,-0.00084328617,-0.032928865,-0.5180270093731297,0.4431017896156071,-0.8407906416994145,0.0,0.0,2.6451936501809477,-0.08957353569855053,0.04851624699106494,0.0035201522186056877,0.0,0.0,0.0,0.7643077883620666,0.16452439800545468,-0.04524500554288612,-2.749879528333869,0.6143195,1.1283505,1.3142192,0.42845076,2.0061133,-2.5306447,13.989959,0.0014572873
figure_eight_depth,pid,95.30000000000001,-0.1366658,0.10331443,-1.412352,0.008638285,-0.022848066,2.5969918,-0.05527051,-0.11695207,0.00017954806,-0.0023692716,-0.0007294166,-0.029555975,-0.526955795496678,0.4478558801197067,-0.8404353273873028,0.0,0.0,2.6595842640054386,-0.08900055452509825,0.04656208674150286,0.003586117785114862,0.0,0.0,0.0,0.7733845927855442,0.16699161557073577,-0.06259248658539462,-2.748972150709065,0.7007091,1.0814366,1.3538278,0.42831796,2.027965,-2.5128753,14.103989,0.0014691654
figure_eight_depth,pid,95.4,-0.12508038,0.110649206,-1.4125649,0.0084395,-0.022889072,2.594384,-0.061127126,-0.12276006,0.00032847514,-0.0025836735,-0.00063526403,-0.026068538,-0.5358267949789965,0.4524135262330097,-0.8400734214192358,0.0,0.0,2.6745253961750053,-0.08841781343776889,0.0445875028217968,0.003651985036490224,0.0,0.0,0.0,0.7831104224074027,0.16959078175330475,-0.08014144117317425,-2.748286484781902,0.78967226,1.0331031,1.3932241,0.42955124,2.0509446,-2.4939883,14.242823,0.0014836275
figure_eight_depth,pid,95.5,-0.11270192,0.11813661,-1.4127766,0.008213273,-0.022926183,2.592137,-0.066783085,-0.12834704,0.00049359864,-0.0027764747,-0.0005606521,-0.0224575,-0.5446390350150265,0.45677272882130016,-0.8397049337170482,0.0,0.0,2.690034832641463,-0.08782537634094423,0.042593361349763104,0.00371775216673198,0.0,0.0,0.0,0.7935081691457504,0.1722608304843499,-0.09789773432908522,-2.7477852642216476,0.8810838,0.9833691,1.4324447,0.43200818,2.0749784,-2.4740353,14.408238,0.0015008583
figure_eight_depth,pid,95.60000000000001,-0.09964202,0.12578917,-1.4129826,0.007953511,-0.022943443,2.5902655,-0.07144104,-0.13346249,0.0006735758,-0.003026705,-0.00032628994,-0.018710002,-0.5533915492433444,0.4609315757942504,-0.8393298743830168,0.0,0.0,2.706130455882526,-0.08722330820187807,0.04058053702174491,0.003783417373004472,0.0,0.0,0.0,0.8045411720348863,0.17478479884490158,-0.11586494341609521,-2.74737147166614,0.97562724,0.93235445,1.4716274,0.43635434,2.1000612,-2.452992,14.604652,0.0015213179
figure_eight_depth,pid,95.7,-0.08615437,0.1336566,-1.4131747,0.0076417834,-0.022898793,2.5887842,-0.07370546,-0.13766554,0.00086508185,-0.0034570794,0.00032870725,-0.014811343,-0.5620833778521304,0.46488824294412556,-0.8389482536995825,0.0,0.0,2.722830129952817,-0.0866116750440904,0.038549912728919056,0.003848978854970042,0.0,0.0,0.0,0.8160630389791868,0.17671264775061754,-0.13404591211834438,-2.7470249359650474,1.0744141,0.88015974,1.5108955,0.44367835,2.1261792,-2.4308217,14.838234,0.0015456494
figure_eight_depth,pid,95.80000000000001,-0.0725321,0.1418017,-1.4133437,0.0072614625,-0.02275362,2.5877097,-0.07318408,-0.14084269,0.0010622252,-0.0040492243,0.0013696135,-0.010752537,-0.5707135676844324,0.468640994745946,-0.8385600821290692,0.0,0.0,2.7401515653583,-0.08599054394015093,0.036502379170272325,0.003914434815233125,0.0,0.0,0.0,0.8278797421416118,0.17782973470115448,-0.15244190005983826,-2.7468039615082387,1.1772535,0.8267157,1.550175,0.4537943,2.1531696,-2.4076347,15.1112,0.0015740833
figure_eight_depth,pid,95.9,-0.05901397,0.15027122,-1.4134821,0.0068061505,-0.022493351,2.5870588,-0.07043425,-0.14313155,0.0012585288,-0.0047012186,0.002555365,-0.0065264236,-0.5792811723426791,0.4721881851187406,-0.8381653703133966,0.0,0.0,2.7581121618475755,-0.0853599830040741,0.0344388344617752,0.003979783459229225,0.0,0.0,0.0,0.8398200984012469,0.17821735504158137,-0.17105337927006084,-2.7467626275765635,1.2829154,0.7718208,1.5892352,0.4655011,2.1807559,-2.3836727,15.421532,0.0016064094
figure_eight_depth,pid,96.0,-0.045797344,0.15909986,-1.4135838,0.0062766457,-0.022118438,2.5868492,-0.06587993,-0.14464149,0.0014488351,-0.005342222,0.0037347635,-0.0021223032,-0.5877852522924728,0.47552825814757665,-0.8377641290737884,0.0,0.0,2.7767288273037845,-0.08472006138388055,0.03236018374225269,0.0040450229955024675,0.0,0.0,0.0,0.8517312161030524,0.17802045581379786,-0.18987961465730008,-2.7469383034700883,1.3905098,0.71526873,1.6278391,0.47793952,2.208802,-2.359041,15.767294,0.0016424265
figure_eight_depth,pid,96.10000000000001,-0.03305301,0.1683032,-1.4136444,0.005674983,-0.021638306,2.5870998,-0.05985378,-0.145352,0.0016295883,-0.005961203,0.004816952,0.002475291,-0.5962248749656164,0.47865974876603384,-0.837356369410476,0.0,0.0,2.7960177711107623,-0.08407084925499131,0.030267338776840402,0.00411015163542805,0.0,0.0,0.0,0.8634764989545629,0.17729854436473724,-0.2089179805376422,-2.7473587948814053,1.4992021,0.6569268,1.6658069,0.49032208,2.2370367,-2.3339891,16.146326,0.001681909
figure_eight_depth,pid,96.2,-0.02093201,0.17787793,-1.4136609,0.0050030737,-0.021067364,2.5878308,-0.052627914,-0.14521194,0.0017983142,-0.0065608933,0.005750816,0.0072774403,-0.6045991148623749,0.4815812833988291,-0.8369421025023964,0.0,0.0,2.8159942706892354,-0.08341241780940312,0.028161217556110785,0.0041751675934897925,0.0,0.0,0.0,0.874932893393287,0.17610106521717553,-0.22816348875258985,-2.7480467372343993,1.6082594,0.59672105,1.7030126,0.501968,2.265178,-2.3087828,16.556307,0.0017246153
figure_eight_depth,pid,96.30000000000001,-0.009568536,0.18780592,-1.4136313,0.004263721,-0.020422217,2.58906,-0.044425894,-0.14419413,0.001953381,-0.007134561,0.0065128794,0.012257921,-0.6129070536529775,0.48429158056431587,-0.8365213397068862,0.0,0.0,2.836672410366154,-0.08274483925213572,0.02604274389450545,0.004240069087224629,0.0,0.0,0.0,0.8859893018509482,0.17451121011313342,-0.24761234223566086,-2.7490204699110787,1.7170683,0.53464067,1.7394482,0.5122608,2.292979,-2.2836604,16.995113,0.0017703242
figure_eight_depth,pid,96.4,0.0009186058,0.19805773,-1.413555,0.0034611744,-0.01971995,2.590802,-0.035437305,-0.14229676,0.0020939638,-0.0076697893,0.0070968387,0.017383654,-0.6211477802783107,0.48678945143658026,-0.8360940925593703,0.0,0.0,2.8580647923442646,-0.08206818679085126,0.023912847024742945,0.004304854337278119,0.0,0.0,0.0,0.8965454409151978,0.17264113388381216,-0.2672628380748554,-2.7502954935021022,1.8251019,0.47073558,1.7751868,0.5206506,2.3202236,-2.258835,17.460728,0.0018188258
figure_eight_depth,pid,96.5,0.010426851,0.20859423,-1.4134324,0.0026013006,-0.018977556,2.593067,-0.025847621,-0.13953829,0.0022199813,-0.008152084,0.007502295,0.022621041,-0.6293203910498374,0.4890738003669028,-0.8356603727730446,0.0,0.0,2.880182220404659,-0.08138253462808276,0.021772461190006087,0.0043695215675709775,0.0,0.0,0.0,0.906512984128184,0.17061625059713784,-0.28711528963378496,-2.7518838458583312,1.9318839,0.40509266,1.810349,0.52662754,2.3467176,-2.234504,17.951067,0.0018699028
figure_eight_depth,pid,96.60000000000001,0.018866118,0.21936993,-1.4132645,0.0016913398,-0.018210454,2.5958633,-0.015789386,-0.13594766,0.0023319332,-0.008568991,0.0077437134,0.027936874,-0.6374239897486891,0.49114362536434414,-0.8352201922385564,0.0,0.0,2.9030333579808825,-0.08068795795329597,0.01962252523415864,0.004434069005243568,0.0,0.0,0.0,0.9158126894869034,0.16857735922791275,-0.3071700156957262,-2.7537957949154643,2.0370345,0.33784586,1.8451037,0.52977663,2.3722963,-2.2108386,18.464317,0.0019233664
figure_eight_depth,pid,96.7,0.026159111,0.23033424,-1.4130535,0.0007397689,-0.017432496,2.599195,-0.0053880713,-0.13156715,0.002430844,-0.008909012,0.007835909,0.033299003,-0.6454576877239495,0.49299801853525227,-0.8347735630236773,0.0,0.0,2.9266243635171283,-0.07998453293461827,0.01746398219021339,0.004498494880711412,0.0,0.0,0.0,0.9243749709649309,0.1666708904917829,-0.32742936000760675,-2.7562851669360233,2.1402237,0.2691423,1.8796422,0.5297237,2.3968184,-2.1879933,18.99871,0.0019790323
figure_eight_depth,pid,96.80000000000001,0.032239836,0.24143347,-1.4128019,-0.00024397338,-0.016655596,2.6030638,0.005256454,-0.12644821,0.002518153,-0.0091630155,0.007797623,0.038677122,-0.6534206039901053,0.49463616648149417,-0.8343204973729729,0.0,0.0,2.9509585075182896,-0.07927233671056744,0.015297778866524281,0.004562797427554166,0.0,0.0,0.0,0.9321386872622597,0.16504915491383523,-0.347894685725687,-2.759880202493707,2.2411802,0.19915183,1.9141726,0.5261592,2.4201636,-2.166102,19.552639,0.0020367333
figure_eight_depth,pid,96.9,0.03705147,0.25261316,-1.4125127,-0.001249714,-0.015889352,2.6074686,0.016077429,-0.12065184,0.0025956177,-0.009323802,0.007651684,0.04404329,-0.6613118653236512,0.49605735065723877,-0.8338610077074669,0.0,0.0,2.976035777370475,-0.07855144738144748,0.01312486543139646,0.004626974883126245,0.0,0.0,0.0,0.9390496030511462,0.1638748238607481,-0.3685671723289712,-2.76384081927647,2.339699,0.1280602,1.948916,0.5188433,2.4422395,-2.145275,20.124802,0.0020963335
figure_eight_depth,pid,97.0,0.04054701,0.26381746,-1.412189,-0.0022671483,-0.015141716,2.6124055,0.027001139,-0.11423597,0.0026652208,-0.009389926,0.0074146665,0.049372625,-0.669130606358857,0.49726094768413653,-0.8333951066243005,0.0,0.0,3.001852477862176,-0.07782194400096643,0.010946194996502845,0.004691025487779665,0.0,0.0,0.0,0.9450611407033852,0.16328673047575548,-0.38944693930321606,-2.768168258725426,2.4355922,0.05603876,1.9840703,0.50756073,2.462958,-2.1256175,20.713814,0.0021576888
figure_eight_depth,pid,97.10000000000001,0.04268897,0.27499068,-1.4118344,-0.0032858546,-0.014419092,2.617869,0.037965573,-0.10726901,0.0027291104,-0.0093598515,0.0071023833,0.054643344,-0.6768759696826604,0.49824642962475213,-0.8329228068963872,0.0,0.0,3.028400837279074,-0.07708390656674391,0.008762723198635358,0.004754947485585692,0.0,0.0,0.0,0.9501344209090522,0.16341312766237404,-0.4105319369800018,-2.7728635724170902,2.5287046,-0.016732084,2.0198286,0.49214408,2.482252,-2.1072164,21.318476,0.0022206747
figure_eight_depth,pid,97.2,0.04344848,0.28607798,-1.411452,-0.004295628,-0.013726428,2.623851,0.0489214,-0.09981995,0.0027894985,-0.0092352005,0.0067300578,0.05983708,-0.6845471059286878,0.4990133642141357,-0.8324441214720628,0.0,0.0,3.0556686308616614,-0.07633741601403843,0.0065754077808455325,0.004818739124168303,0.0,0.0,0.0,0.954237518723224,0.16435893900092555,-0.4318175699943519,-2.777925133489359,2.618913,-0.09007428,2.0563653,0.4724734,2.5000663,-2.0901444,21.937723,0.0022851797
figure_eight_depth,pid,97.30000000000001,0.04280481,0.2970242,-1.4110457,-0.0052872184,-0.013067617,2.6303427,0.059818037,-0.09194319,0.0028485116,-0.009024847,0.0063092113,0.064939134,-0.6921431738704068,0.49956141504942914,-0.83195906347473,0.0,0.0,3.083638835200305,-0.07558255420353488,0.004385208171947541,0.004882398654482145,0.0,0.0,0.0,0.9573458969935487,0.16618248088740434,-0.4532961132612181,-2.7833507315029746,2.7061038,-0.16383076,2.0938137,0.4484594,2.5163457,-2.0744772,22.570461,0.0023510896
figure_eight_depth,pid,97.4,0.040743634,0.30777642,-1.4106183,-0.0062519726,-0.012445149,2.6373339,0.07063324,-0.08370569,0.0029082145,-0.008733986,0.0058549917,0.069937766,-0.699663340513365,0.49989034173742275,-0.8314676462024987,0.0,0.0,3.1122893286211513,-0.07481940391418362,0.0021930850657714274,0.004945924331478668,0.0,0.0,0.0,0.9594403224329371,0.16893556183411362,-0.47495545868706923,-2.7891325130945788,2.790202,-0.23782264,2.1323037,0.42007557,2.5310571,-2.0602646,23.215908,0.0024183241
figure_eight_depth,pid,97.5,0.037259065,0.31828293,-1.410173,-0.007182014,-0.011861024,2.6448135,0.08132091,-0.07517221,0.0029705965,-0.008369604,0.0053735543,0.07482427,-0.7071067811865466,0.5,-0.8309698831278217,0.0,0.0,3.141592653589793,-0.07404804883409666,0.0,0.00500931441338448,0.0,0.0,0.0,0.9605092001407236,0.17261092417429647,-0.49677911599213687,-2.7952590974406353,2.8711107,-0.3118899,2.1719203,0.38730058,2.5441685,-2.0475564,23.873074,0.0024867782
figure_eight_depth,pid,97.60000000000001,0.032350224,0.3284945,-1.4097127,-0.008070529,-0.011316122,2.6527696,0.09187068,-0.066400096,0.0030374234,-0.007941502,0.0048775254,0.079592735,-0.7144726796328033,0.49989034173742275,-0.8304657878971251,0.0,0.0,-3.111669449697769,-0.0732685735509997,-0.002193085065743672,0.005072567162534014,0.0,0.0,0.0,0.9605456469860015,0.17719383525622828,-0.5187462918995422,-2.8017146041517016,2.9487784,-0.38586873,2.2127278,0.3501819,2.555661,-2.0363858,24.541248,0.0025563801
figure_eight_depth,pid,97.7,0.026021747,0.33836308,-1.4092396,-0.008912008,-0.0108107515,2.6611903,0.10226184,-0.057437606,0.0031102728,-0.007461908,0.0043739937,0.08423957,-0.7217602280983616,0.4995614150494292,-0.8299553743304344,0.0,0.0,-3.0811648796897857,-0.07248106354307282,-0.004385208172003052,0.005135680844592372,0.0,0.0,0.0,0.9595483608267091,0.18263006872239043,-0.5408301561122377,-2.8084826124543656,3.0231352,-0.45960695,2.254745,0.30878332,2.5655124,-2.026789,25.219534,0.0026270347
figure_eight_depth,pid,97.80000000000001,0.018282495,0.34784386,-1.4087559,-0.009701827,-0.010344437,2.6700633,0.11249217,-0.048340853,0.0031905554,-0.0069389613,0.0038722432,0.08876286,-0.7289686274214118,0.49901336421413583,-0.8294386564209952,0.0,0.0,-3.0501229733313444,-0.07168560516984668,-0.006575407780873288,0.00519865372927697,0.0,0.0,0.0,0.9575201971169054,0.1888645982207478,-0.5629990766308349,-2.815543371029236,3.0941305,-0.53294,2.2979767,0.2632137,2.5737176,-2.018781,25.907146,0.002698661
figure_eight_depth,pid,97.9,0.009147876,0.35689214,-1.4082633,-0.010436727,-0.009916938,2.6793764,0.122524284,-0.039148763,0.00327948,-0.006385641,0.0033713283,0.09316235,-0.7360970871197341,0.4982464296247522,-0.8289156483348903,0.0,0.0,-3.0185931142687146,-0.07088228566209942,-0.008762723198635358,0.005261484090413049,0.0,0.0,0.0,0.9544709643487354,0.19578902131076767,-0.5852158291565995,-2.822880572033723,3.1616697,-0.6057352,2.3423653,0.21356928,2.5802572,-2.0123918,26.602806,0.0027711254
figure_eight_depth,pid,98.0,-0.0013617132,0.36546507,-1.4077631,-0.01111444,-0.0095277745,2.6891172,0.13234042,-0.029904585,0.0033780127,-0.00581116,0.0028748682,0.097438656,-0.7431448254773936,0.49726094768413676,-0.8283863644106503,0.0,0.0,-2.9866297494415655,-0.07007119311303045,-0.010946194996391823,0.005324170205267542,0.0,0.0,0.0,0.9504155758496786,0.20330683147234582,-0.6074383645159751,-2.830484184135096,3.2256784,-0.67784494,2.3878417,0.15999182,2.5851264,-2.007632,27.305325,0.0028443048
figure_eight_depth,pid,98.10000000000001,-0.013222818,0.37352365,-1.4072562,-0.011733225,-0.009175768,2.6992736,0.14194828,-0.020660164,0.0034869453,-0.0052201785,0.0023910836,0.10159281,-0.7501110696304596,0.49605735065723894,-0.8278508191588613,0.0,0.0,-2.954291968055988,-0.06925241646793534,-0.013124865431313193,0.005386710355215207,0.0,0.0,0.0,0.9453726515925646,0.2113436187023929,-0.6296197528504053,-2.8383457177743603,3.2861052,-0.7491018,2.434332,0.102671534,2.5883396,-2.004492,28.013643,0.0029180879
figure_eight_depth,pid,98.2,-0.026406983,0.3810313,-1.4067433,-0.012291967,-0.008859826,2.7098336,0.1513297,-0.011461566,0.0036069462,-0.0046184603,0.001920238,0.1056264,-0.7569950556517561,0.4946361664814942,-0.8273090272617671,0.0,0.0,-2.92164295286754,-0.06842604551499099,-0.015297778866385503,0.00544910282584965,0.0,0.0,0.0,0.9393663072702993,0.21979694282641493,-0.6517087323332869,-2.8464598557978404,3.3397045,-0.816199,2.478554,0.04495147,2.5899088,-2.0029616,28.68454,0.0029879732
figure_eight_depth,pid,98.30000000000001,-0.040882196,0.38795295,-1.4062244,-0.012790442,-0.008578832,2.7207825,0.16047296,-0.0023362974,0.0037384273,-0.004014726,0.0014639901,0.10951057,-0.7637960286346426,0.4929980185352524,-0.8267610035728662,0.0,0.0,-2.8887493125395483,-0.06759217087509706,-0.01746398219007461,0.0055113459065947445,0.0,0.0,0.0,0.932425153950594,0.22857316920329573,-0.6736534762531969,-2.854825657011579,3.3878233,-0.8804321,2.521769,-0.014377851,2.5898542,-2.0030205,29.331469,0.0030553613
figure_eight_depth,pid,98.4,-0.056613136,0.39425552,-1.4056995,-0.013229118,-0.008331583,2.7321043,0.16937017,0.0066847494,0.0038816305,-0.003415488,0.0010242823,0.11323554,-0.7705132427757893,0.49114362536434436,-0.8262067631165049,0.0,0.0,-2.855680310006758,-0.06675088399199502,-0.01962252523396435,0.00557343789092668,0.0,0.0,0.0,0.9245823326011312,0.2375880660517223,-0.6954006957201921,-2.8634478522044695,3.4320211,-0.94330525,2.565433,-0.076717116,2.5882032,-2.0046403,29.973307,0.0031222196
figure_eight_depth,pid,98.5,-0.07356272,0.39990857,-1.4051682,-0.0136091905,-0.008116503,2.7437837,0.1780279,0.015574086,0.004036632,-0.0028276434,0.000605604,0.11680965,-0.7771459614569705,0.48907380036690296,-0.8256463210874652,0.0,0.0,-2.822507007400042,-0.06590227712216512,-0.02177246118986731,0.005635377076707027,0.0,0.0,0.0,0.9158741163556872,0.24677773598554956,-0.7168945873924603,-2.8723352693889574,3.4722507,-1.0046989,2.6093721,-0.1418203,2.584986,-2.0077868,30.60824,0.0031883584
figure_eight_depth,pid,98.60000000000001,-0.09169222,0.40488377,-1.4046297,-0.013932618,-0.007931828,2.755807,0.18644954,0.024311535,0.0042033857,-0.0022584419,0.00021046097,0.120240256,-0.7836934573258401,0.4867894514365801,-0.8250796928505484,0.0,0.0,-2.789301352898026,-0.06504644332505638,-0.02391284702457641,0.0056971617657941565,0.0,0.0,0.0,0.9063401550345126,0.25608212228082805,-0.7380770313689634,-2.881497250549155,3.508457,-1.064503,2.6533918,-0.20943782,2.580232,-2.0124252,31.234241,0.003253567
figure_eight_depth,pid,98.7,-0.11095954,0.4091536,-1.404083,-0.014202066,-0.007776151,2.7681596,0.19461632,0.032882605,0.0043817316,-0.0017146817,-0.00016434454,0.12353364,-0.7901550123756902,0.48429158056431565,-0.8245068939401539,0.0,0.0,-2.7561352382283717,-0.06418347645248401,-0.026042743894283404,0.005758790264209779,0.0,0.0,0.0,0.8960249361934767,0.2654268759599771,-0.758890441036786,-2.890947613431801,3.540568,-1.1226345,2.6972754,-0.27934182,2.5739665,-2.018522,31.848991,0.0033176031
figure_eight_depth,pid,98.80000000000001,-0.13132016,0.41269267,-1.403527,-0.014420431,-0.007648068,2.780829,0.20252198,0.04126602,0.0045713386,-0.0011984786,-0.00051849283,0.12669478,-0.7965299180241968,0.48158128339882883,-0.8239279400598531,0.0,0.0,-2.723079557373573,-0.06331347113885943,-0.028161217556055274,0.005820260882638539,0.0,0.0,0.0,0.8849772618945732,0.2747547782218749,-0.7792767970167065,-2.9007038193667474,3.5685282,-1.1789992,2.7408175,-0.35128856,2.5662282,-2.026032,32.45025,0.0033802344
figure_eight_depth,pid,98.9,-0.15272881,0.41547874,-1.4029605,-0.01459066,-0.007545794,2.793802,0.21017689,0.049439285,0.0047717653,-0.00071011315,-0.00084800995,0.12972766,-0.8028174751911147,0.47865974876603357,-0.8233428470819594,0.0,0.0,-2.6902032968959553,-0.062436522788644755,-0.030267338776590602,0.005881571935539842,0.0,0.0,0.0,0.8732489796226599,0.28402895576442605,-0.7991799873496713,-2.9107839350871596,3.592307,-1.2335042,2.7838218,-0.4250191,2.5570667,-2.0348976,33.035904,0.00344124
figure_eight_depth,pid,99.0,-0.17513908,0.41749153,-1.4023819,-0.014715956,-0.007467466,2.8070662,0.21758279,0.057389602,0.0049825185,-0.00025207453,-0.0011520146,0.13263555,-0.8090169943749472,0.47552825814757693,-0.8227516310470919,0.0,0.0,-2.6575726864297193,-0.06155272757057961,-0.03236018374225269,0.0059427217422580725,0.0,0.0,0.0,0.8608952968879777,0.2932108189563608,-0.8185464185861708,-2.9212063254637703,3.6118758,-1.2860832,2.8260806,-0.50028807,2.5465283,-2.0450606,33.603756,0.0035003915
figure_eight_depth,pid,99.10000000000001,-0.1985024,0.4187122,-1.4017897,-0.014799727,-0.0074114837,2.8206093,0.22472765,0.06510752,0.0052030166,0.0001735976,-0.0014331096,0.135421,-0.8151277957285546,0.47218818511874033,-0.8221543081637371,0.0,0.0,-2.625250434365257,-0.06066218240291521,-0.03443883446205276,0.006003708626245441,0.0,0.0,0.0,0.8479762372499196,0.3022539843673275,-0.837325541683348,-2.9319918730122407,3.6272013,-1.3366926,2.8673794,-0.57687056,2.5346618,-2.0564642,34.151535,0.003557452
figure_eight_depth,pid,99.2,-0.22277008,0.419124,-1.4011822,-0.014845462,-0.0073759956,2.8344193,0.23162009,0.07258411,0.0054325573,0.0005661676,-0.0016888643,0.1380859,-0.821149209133704,0.46864099474594567,-0.8215508948078036,0.0,0.0,-2.593295068863863,-0.05976498494275617,-0.03650237917057764,0.006064530915506072,0.0,0.0,0.0,0.8345549322128187,0.3111358575133839,-0.8554709878274418,-2.9431606876763134,3.638286,-1.385289,2.9075263,-0.6545291,2.5215232,-2.069041,34.677277,0.0036122166
figure_eight_depth,pid,99.30000000000001,-0.247892,0.4187121,-1.400558,-0.014856642,-0.007359296,2.848484,0.23825437,0.079810925,0.005670401,0.00092560804,-0.0019208804,0.14063174,-0.8270805742745625,0.46488824294412523,-0.8209414075221733,0.0,0.0,-2.5617603986602897,-0.05886123357851103,-0.03854991272925212,0.006125186942596006,0.0,0.0,0.0,0.8206991043042775,0.31982366325902767,-0.8729408692126557,-2.9546639102770746,3.64513,-1.4318535,2.9463284,-0.7330521,2.5071704,-2.0827248,35.17904,0.0036644833
figure_eight_depth,pid,99.4,-0.27375567,0.4174743,-1.3999153,-0.014827368,-0.007371978,2.8627918,0.24407022,0.08649958,0.005915414,0.0013456828,-0.0022523184,0.14305568,-0.8329212407100998,0.4609315757942501,-0.820325863016248,0.0,0.0,-2.5306951019401485,-0.05795102741668057,-0.04058053702207798,0.0061856750445676845,0.0,0.0,0.0,0.8065225537918204,0.32766791280195884,-0.8896984285823335,-2.9664037441045137,3.6471515,-1.4765309,2.9834504,-0.8128297,2.4917634,-2.0973454,35.651268,0.003713674
figure_eight_depth,pid,99.5,-0.30015478,0.41542763,-1.3992529,-0.014740654,-0.0074400706,2.8773303,0.24820687,0.09224648,0.0061632297,0.0019388985,-0.0028363927,0.14535509,-0.8386705679454239,0.4567727288213005,-0.8197042781654913,0.0,0.0,-2.5001424455538515,-0.05703446627175479,-0.04259336135009617,0.006245993563191998,0.0,0.0,0.0,0.792202797079946,0.33369756121228894,-0.9057125584335959,-2.978278558750127,3.6435988,-1.5196071,3.0184426,-0.89445096,2.475574,-2.1126342,36.087746,0.0037591401
figure_eight_depth,pid,99.60000000000001,-0.32680842,0.4126035,-1.3985692,-0.014576078,-0.0075972243,2.892088,0.24995096,0.09679549,0.006404794,0.0027437184,-0.0037465775,0.1475316,-0.8443279255020146,0.45241352623301,-0.819076670010966,0.0,0.0,-2.4701401312642894,-0.056111650654777634,-0.044587502822185376,0.00630614084468073,0.0,0.0,0.0,0.7779607296091603,0.337140152952796,-0.9209572395139303,-2.9902419395138002,3.6341012,-1.5613976,3.0508564,-0.97815275,2.4589002,-2.1283112,36.485058,0.0038005272
figure_eight_depth,pid,99.7,-0.35343325,0.40903872,-1.3978633,-0.014321283,-0.007867586,2.907053,0.2492482,0.10020121,0.0066278656,0.0036848697,-0.0048845164,0.14959154,-0.8498926929868632,0.4478558801197071,-0.8184430557588663,0.0,0.0,-2.4407202610070953,-0.05518268176296637,-0.046562086741919195,0.006366115240186154,0.0,0.0,0.0,0.7640068927865431,0.3379610926297439,-0.9354120523980768,-3.002278059549732,3.6191654,-1.6019915,3.0805063,-1.0633324,2.4419863,-2.1441631,36.845665,0.00383809
figure_eight_depth,pid,99.80000000000001,-0.3797839,0.4047722,-1.3971343,-0.013974804,-0.00825948,2.9222147,0.24642639,0.10264762,0.0068215095,0.004657647,-0.0060897535,0.15154098,-0.8553642601605065,0.44310178961560753,-0.8178034527800473,0.0,0.0,-2.4119094093767073,-0.05424766146833182,-0.04851624699148127,0.00642591510535695,0.0,0.0,0.0,0.7505132067951201,0.33653462646197346,-0.9490611513276594,-3.01436145210013,3.5997105,-1.6412891,3.1074255,-1.1490041,2.4250088,-2.1600428,37.1745,0.0038723443
figure_eight_depth,pid,99.9,-0.4056498,0.3998457,-1.3963826,-0.01354263,-0.008769934,2.9375622,0.24179254,0.10428699,0.006978372,0.005589349,-0.007248684,0.15338348,-0.8607420270039432,0.43815334002193224,-0.8171578786095478,0.0,0.0,-2.383728788998802,-0.053306692306298586,-0.05044912641158361,0.006485538800893309,0.0,0.0,0.0,0.7376161905434002,0.3332072457642493,-0.9618942909316391,-3.026460334749065,3.5765612,-1.6791763,3.131689,-1.2343042,2.4081008,-2.1758418,37.475643,0.003903713
