trajectory,controller,time,x,y,z,roll,pitch,yaw,u,v,w,p,q,r,x_ref,y_ref,z_ref,roll_ref,pitch_ref,yaw_ref,u_ref,v_ref,w_ref,p_ref,q_ref,r_ref,tracking_error_m,velocity_error,yaw_error,reward,T1,T2,T3,T4,T5,T6,control_effort,control_effort_normalized
letter_b,pid,0.0,0.0,0.0,0.0,0.0,0.0,0.0,0.0,0.0,0.0,0.0,0.0,0.0,-0.6,-1.0,-0.6,0.0,0.0,1.5707963267948966,0.0,0.043846153846172076,0.0,0.0,0.0,0.0,1.3114877048604001,0.043846153846172076,-1.5707963267948966,0.9900433322060963,1.1263229,-2.8611917,5.111495,-6.846364,-4.1355395,0.43778723,99.74944,0.0103905685
letter_b,pid,0.1,-0.0012333627,-0.0020560215,-0.003053882,0.00043420272,-4.904752e-05,0.0038996749,-0.012333627,-0.020560216,-0.03053882,0.0043420275,-0.0004904752,0.03899675,-0.6,-0.9912307692307691,-0.6,0.0,0.0,1.5707963267942635,5.551115123125783e-14,0.08769230769234415,5.551115123125783e-14,0.0,0.0,0.0,1.301281228409531,0.11315187485023455,-1.5668966519316403,0.9748699415063771,1.1725858,-2.895019,5.0323586,-6.754792,-4.009617,0.45651156,96.99338,0.010103476
letter_b,pid,0.2,-0.0035347098,-0.006044901,-0.008919606,0.0011747727,-0.000103353996,0.011387129,-0.023171727,-0.03982421,-0.05863882,0.007409372,-0.00051055395,0.07487477,-0.6,-0.9824615384615384,-0.6,0.0,0.0,1.5707963267948966,0.0,0.08769230769223313,0.0,0.0,0.0,0.0,1.2878417311758565,0.14225295170350985,-1.5594091974806528,0.955129986197425,1.1856503,-2.9040682,4.96256,-6.680978,-3.8973916,0.44783416,94.49206,0.009842924
letter_b,pid,0.30000000000000004,-0.006714117,-0.011849389,-0.017326659,0.0021221328,-0.00012891124,0.02201276,-0.03246165,-0.05777781,-0.08399935,0.0094845835,-0.00013074529,0.106256545,-0.6,-0.9736923076923076,-0.6,0.0,0.0,1.5707963267948966,0.0,0.08769230769228864,0.0,0.0,0.0,0.0,1.2714708653605642,0.171088296101728,-1.5487835659321885,0.9315491881230568,1.1877488,-2.9091403,4.8685174,-6.5899086,-3.7745128,0.43906647,91.44293,0.009525306
letter_b,pid,0.4,-0.010559234,-0.019318532,-0.027989618,0.0031873693,-9.787785e-05,0.035245635,-0.040099636,-0.074053094,-0.106467515,0.010669423,0.0005911522,0.13232778,-0.6,-0.9649230769230769,-0.6,0.0,0.0,1.5707963267948966,0.0,0.08769230769234415,0.0,0.0,0.0,0.0,1.2525191608853348,0.19774955748419798,-1.5355506921794753,0.9048602911575754,1.1872672,-2.9172695,4.760894,-6.490896,-3.6437707,0.43002456,88.1799,0.009185406
letter_b,pid,0.5,-0.014836175,-0.028259631,-0.040620614,0.00428678,1.45613985e-05,0.05054722,-0.04590591,-0.088250466,-0.12602483,0.011009085,0.001612104,0.1530115,-0.6,-0.9561538461538461,-0.6,0.0,0.0,1.5707963267948966,0.0,0.08769230769234415,0.0,0.0,0.0,0.0,1.2313852660214992,0.2212362294694814,-1.5202491069820265,0.8755628047506838,1.187064,-2.9303682,4.645012,-6.388316,-3.507941,0.42013523,84.86507,0.008840111
letter_b,pid,0.6000000000000001,-0.019334609,-0.03845816,-0.05493996,0.005346836,0.00022236249,0.067423746,-0.05007767,-0.1001951,-0.14276597,0.0105981,0.002801449,0.16875476,-0.6,-0.9473846153846153,-0.6,0.0,0.0,1.5707963267948966,0.0,0.08769230769234415,0.0,0.0,0.0,0.0,1.208474262913177,0.24122929703696566,-1.503372580805097,0.8443510836331612,1.1877109,-2.9475954,4.523599,-6.283484,-3.3692465,0.40895984,81.56317,0.008496164
letter_b,pid,0.7000000000000001,-0.02387288,-0.0496889,-0.07068406,0.006305661,0.0005310407,0.085454084,-0.05281104,-0.10983498,-0.15686771,0.009548158,0.0040507866,0.18028437,-0.6,-0.9386153846153846,-0.6,0.0,0.0,1.5707963267948966,0.0,0.08769230769234415,0.0,0.0,0.0,0.0,1.184182466466439,0.257708194279549,-1.4853422428157668,0.8117458441273075,1.1893972,-2.9680357,4.398725,-6.177364,-3.2294598,0.39613092,78.31884,0.008158213
letter_b,pid,0.8,-0.028297512,-0.06172377,-0.087610655,0.0071136225,0.0009403116,0.10429812,-0.054266732,-0.117198296,-0.16855916,0.007979545,0.0052808602,0.18841079,-0.6,-0.9298461538461538,-0.6,0.0,0.0,1.5707963267948966,0.0,0.08769230769228864,0.0,0.0,0.0,0.0,1.1588887141850246,0.2708084735803631,-1.4664982045677046,0.7781919054372142,1.192012,-2.9908297,4.2718844,-6.070702,-3.0899491,0.38136193,75.1616,0.007829334
letter_b,pid,0.9,-0.032481715,-0.07433764,-0.10550168,0.0077334535,0.0014460001,0.123691924,-0.05457861,-0.122367114,-0.17809567,0.00601595,0.006436346,0.19389707,-0.6,-0.9210769230769231,-0.6,0.0,0.0,1.5707963267948966,0.0,0.08769230769234415,0.0,0.0,0.0,0.0,1.1329488099612273,0.28075229717916395,-1.4471044028785567,0.7440627209652712,1.195268,-3.0152297,4.144137,-5.964099,-2.9517276,0.3644577,72.110146,0.007511474
letter_b,pid,1.0,-0.036322735,-0.08731321,-0.12416419,0.008140147,0.0020415464,0.1434365,-0.053855654,-0.12546557,-0.18573843,0.0037814234,0.0074822055,0.19739363,-0.6,-0.9123076923076923,-0.6,0.0,0.0,1.5707963267948966,0.0,0.08769230769234415,0.0,0.0,0.0,0.0,1.1066922210225272,0.2878115307659459,-1.427359820404325,0.7096655500731203,1.1987981,-3.0406318,4.0162234,-5.858057,-2.8154988,0.34532765,69.17572,0.007205805
letter_b,pid,1.1,-0.039740928,-0.10044572,-0.14342992,0.008320644,0.0027186086,0.16338478,-0.05220976,-0.12665525,-0.19173972,0.0013977125,0.008394196,0.19942065,-0.6,-0.9035384615384616,-0.6,0.0,0.0,1.5707963267948966,0.0,0.08769230769228864,0.0,0.0,0.0,0.0,1.0804186325630238,0.29229241587595345,-1.407411546507154,-0.3247479348551827,1.2049711,-3.069272,3.8860846,-5.7503858,-2.6792355,0.32645702,66.32586,0.0069089425
letter_b,pid,1.2000000000000002,-0.042678747,-0.113543846,-0.16315389,0.008272099,0.0034675673,0.18342952,-0.049755804,-0.12609626,-0.19633323,-0.0010303755,0.009157155,0.20037742,-0.6,-0.8947692307692308,-0.6,0.0,0.0,1.5707963267948966,0.0,0.08769230769228864,0.0,0.0,0.0,0.0,1.054397746374812,0.29449606153954055,-1.387366802492414,-0.3589751692069717,1.2121143,-3.099409,3.7554028,-5.6426973,-2.5444267,0.3067006,63.58681,0.006623626
letter_b,pid,1.3,-0.045096103,-0.12643197,-0.18321238,0.0080010835,0.0042786086,0.20349318,-0.0465805,-0.123966254,-0.19972906,-0.0034058804,0.00976979,0.20056136,-0.6,-0.886,-0.6,0.0,0.0,1.5707963267948966,0.0,0.08769230769228864,0.0,0.0,0.0,0.0,1.028870176766755,0.29472153875113066,-1.367303148904119,-0.39285754379147625,1.2183278,-3.1291611,3.625973,-5.536806,-2.4126246,0.28476575,60.981724,0.0063522626
letter_b,pid,1.4000000000000001,-0.04696763,-0.13895194,-0.2035008,0.007523622,0.0051420783,0.22351986,-0.042762436,-0.12045508,-0.20211181,-0.005631474,0.010236743,0.20018949,-0.6,-0.8772307692307693,-0.6,0.0,0.0,1.5707963267948966,0.0,0.08769230769223313,0.0,0.0,0.0,0.0,1.0040478270856903,0.29326292699126466,-1.347276465096746,-0.4262740028464714,1.2233664,-3.1583254,3.4979875,-5.4329467,-2.2837667,0.26091462,58.50814,0.0060945973
letter_b,pid,1.5,-0.048283562,-0.15096341,-0.22393136,0.0068630995,0.0060479664,0.2434694,-0.0384059,-0.11574505,-0.20364061,-0.00763104,0.010559517,0.199419,-0.6,-0.8684615384615384,-0.6,0.0,0.0,1.5707963267948966,0.0,0.08769230769228864,0.0,0.0,0.0,0.0,0.9801133685591722,0.2903984688477903,-1.3273269246008734,-0.45913010152014927,1.2289722,-3.1848001,3.3735385,-5.3293667,-2.1560912,0.23379955,56.13962,0.0058478783
letter_b,pid,1.6,-0.049044188,-0.16234173,-0.2444297,0.006047529,0.006986531,0.26331303,-0.033571407,-0.10999946,-0.20444001,-0.009355834,0.010747275,0.19836348,-0.6,-0.8596923076923078,-0.6,0.0,0.0,1.5707963267948966,0.0,0.08769230769234415,0.0,0.0,0.0,0.0,0.9572253548729062,0.2863647923665922,-1.3074833015587668,-0.49135533388080843,1.234157,-3.2092888,3.251913,-5.227045,-2.0286472,0.20288783,53.876194,0.005612103
letter_b,pid,1.7000000000000002,-0.04925844,-0.17297764,-0.26493254,0.005107555,0.007948513,0.28303012,-0.028318781,-0.103374876,-0.20460995,-0.010777269,0.010812008,0.1971045,-0.6,-0.850923076923077,-0.6,0.0,0.0,1.5707963267948966,0.0,0.08769230769234415,0.0,0.0,0.0,0.0,0.9355193635633816,0.2813784850678235,-1.2877662042763571,-0.5229034754815359,1.2377126,-3.2327864,3.1321096,-5.1271834,-1.9039965,0.17116301,51.735462,0.0053891107
letter_b,pid,1.8,-0.048946004,-0.18277732,-0.28538784,0.004074558,0.008924641,0.30260608,-0.022740507,-0.096014805,-0.20425269,-0.0118859485,0.0107609695,0.19570081,-0.6,-0.8421538461538461,-0.6,0.0,0.0,1.5707963267948966,0.0,0.08769230769234415,0.0,0.0,0.0,0.0,0.9151058541210462,0.27565303442807665,-1.2681902507927756,-0.5537453135963517,1.2395701,-3.2551847,3.0142293,-5.029844,-1.7819871,0.13884518,49.712425,0.005178378
letter_b,pid,1.9000000000000001,-0.048133224,-0.1916604,-0.30575308,0.0029790495,0.009906423,0.32203048,-0.016895637,-0.08804659,-0.20345402,-0.012688625,0.010609164,0.19419478,-0.6,-0.8333846153846154,-0.6,0.0,0.0,1.5707963267948966,0.0,0.08769230769228864,0.0,0.0,0.0,0.0,0.8960737414534349,0.26937549870161037,-1.2487658421185355,-0.5838666596762792,1.2396599,-3.2764223,2.8983278,-4.93509,-1.6624837,0.10611837,47.802227,0.0049793995
letter_b,pid,2.0,-0.04685222,-0.19955972,-0.32599354,0.0018497395,0.010885991,0.34129614,-0.010843594,-0.079589784,-0.2022857,-0.013201605,0.0103695365,0.19261691,-0.6,-0.8246153846153846,-0.6,0.0,0.0,1.5707963267948966,0.0,0.08769230769234415,0.0,0.0,0.0,0.0,0.8784910892325475,0.2627173177154325,-1.2295001904156546,-0.6132633128461564,1.2379439,-3.2964456,2.7844534,-4.842955,-1.5453633,0.07313985,45.99995,0.0047916616
letter_b,pid,2.1,-0.045140035,-0.20641801,-0.34608114,0.00071201427,0.011856212,0.36039805,-0.004633896,-0.07072946,-0.20080802,-0.0134566445,0.010055514,0.19098967,-0.6,-0.8158461538461539,-0.6,0.0,0.0,1.5707963267948966,0.0,0.08769230769223313,0.0,0.0,0.0,0.0,0.8624076961249341,0.25581788198432837,-1.2103982726719718,-0.6423526787512268,1.2343717,-3.3152065,2.6726482,-4.753483,-1.4305627,0.039993387,44.30102,0.0046146903
letter_b,pid,2.2,-0.043037497,-0.21218725,-0.3659933,-0.00041225558,0.012810707,0.379333,0.0016904281,-0.06154236,-0.19907162,-0.013487612,0.00967976,0.18932918,-0.6,-0.807076923076923,-0.6,0.0,0.0,1.5707963267948966,0.0,0.08769230769228864,0.0,0.0,0.0,0.0,0.8478561780103582,0.24880384108106668,-1.1914633373406271,-0.6714164884722924,1.2289053,-3.3326666,2.5629437,-4.666705,-1.318035,0.006735368,42.700954,0.0044480157
letter_b,pid,2.3000000000000003,-0.040588558,-0.21683,-0.3857118,-0.0015041676,0.013743619,0.39809883,0.008081864,-0.052114304,-0.197119,-0.013323091,0.009251758,0.18764678,-0.6,-0.7983076923076923,-0.6,0.0,0.0,1.5707963267948966,0.0,0.08769230769228864,0.0,0.0,0.0,0.0,0.8348514271385361,0.24179971968671357,-1.1726975003865103,-0.6997472669393119,1.2215462,-3.3487916,2.45537,-4.5826154,-1.2077205,-0.026572049,41.19508,0.0042911544
letter_b,pid,2.4000000000000004,-0.037840538,-0.22031723,-0.40522203,-0.002548427,0.014649542,0.41669434,0.0144926505,-0.04250512,-0.19498599,-0.012998211,0.008779535,0.185951,-0.6,-0.7895384615384615,-0.6,0.0,0.0,1.5707963267948966,0.0,0.08769230769228864,0.0,0.0,0.0,0.0,0.8233920876862161,0.2349062397562569,-1.1541019837048392,-0.7273583616480257,1.2122905,-3.3635387,2.3499632,-4.501211,-1.0996056,-0.059918858,39.77899,0.004143645
letter_b,pid,2.5,-0.034842268,-0.22262838,-0.42451245,-0.0035327552,0.015523738,0.4351189,0.020886851,-0.032778233,-0.1927028,-0.012542299,0.008272447,0.18424769,-0.6,-0.7807692307692308,-0.6,0.0,0.0,1.5707963267948966,0.0,0.08769230769223313,0.0,0.0,0.0,0.0,0.8134619523965413,0.22821871297183502,-1.1356774131443839,-0.7542692830022129,1.2011508,-3.3768847,2.2467425,-4.4224763,-0.9936676,-0.09329129,38.448345,0.0040050354
letter_b,pid,2.6,-0.03164208,-0.22374737,-0.44357374,-0.004448549,0.016362714,0.45337242,0.027259246,-0.022964343,-0.19029507,-0.011991451,0.0077449307,0.18254146,-0.6,-0.772,-0.6,0.0,0.0,1.5707963267948966,0.0,0.08769230769223313,0.0,0.0,0.0,0.0,0.8050346844882641,0.2218111239897167,-1.117423907914434,-0.7805060662080797,1.1880959,-3.388836,2.1456952,-4.346435,-0.88993305,-0.12672713,37.19933,0.0038749299
letter_b,pid,2.7,-0.028287306,-0.22366457,-0.46239862,-0.0052895513,0.017163804,0.47145495,0.033597287,-0.013114286,-0.18778446,-0.0113686845,0.0072065177,0.18083508,-0.6,-0.7632307692307692,-0.6,0.0,0.0,1.5707963267948966,0.0,0.08769230769234415,0.0,0.0,0.0,0.0,0.7980734495761421,0.21576318395185418,-1.0993413786080222,-0.8060994500673231,1.1731353,-3.399401,2.0468092,-4.273075,-0.78839403,-0.16023244,36.02801,0.003752918
letter_b,pid,2.8000000000000003,-0.024824657,-0.22237599,-0.4809813,-0.006051817,0.017924953,0.48936686,0.039885428,-0.0032672777,-0.18518928,-0.010696872,0.006664074,0.17913057,-0.6,-0.7544615384615385,-0.6,0.0,0.0,1.5707963267948966,0.0,0.08769230769228864,0.0,0.0,0.0,0.0,0.7925321198250549,0.21014176601174986,-1.08142946759728,-0.8310837732090292,1.156281,-3.4085855,1.9500751,-4.2023797,-0.68906,-0.19383115,34.930603,0.0036386044
letter_b,pid,2.9000000000000004,-0.02130119,-0.21988265,-0.4993171,-0.006733635,0.018644426,0.5071086,0.04609926,0.0065491204,-0.18252502,-0.009998216,0.0061210794,0.17742944,-0.6,-0.7456923076923078,-0.6,0.0,0.0,1.5707963267948966,0.0,0.08769230769228864,0.0,0.0,0.0,0.0,0.7883559802627982,0.20499937310944785,-1.0636876980450491,-0.8554967045290454,1.1375483,-3.4163826,1.8554958,-4.1343303,-0.5919599,-0.22756669,33.903442,0.0035316085
letter_b,pid,3.0,-0.017762931,-0.21618949,-0.5174024,-0.0073351646,0.019321099,0.5246808,0.0522289,0.01631136,-0.17980486,-0.00929133,0.005583542,0.17573258,-0.6,-0.736923076923077,-0.6,0.0,0.0,1.5707963267948966,0.0,0.08769230769234415,0.0,0.0,0.0,0.0,0.7854844594679969,0.20038185049993412,-1.0461155335095267,-0.8793779539875801,1.1169484,-3.4228032,1.7630568,-4.0689116,-0.49712262,-0.261482,32.943073,0.0034315696
letter_b,pid,3.1,-0.014256313,-0.21130627,-0.5352342,-0.007858004,0.019953946,0.5420839,0.058245853,0.025996767,-0.17703994,-0.008590667,0.0050519947,0.17404056,-0.6,-0.7281538461538462,-0.6,0.0,0.0,1.5707963267948966,0.0,0.08769230769228864,0.0,0.0,0.0,0.0,0.7838505510805348,0.19632131339074915,-1.0287124077465872,-0.9027703698776,1.0945104,-3.4278352,1.6727668,-4.0060916,-0.40458024,-0.29562232,32.046,0.0033381253
letter_b,pid,3.2,-0.0108243525,-0.20524451,-0.5528102,-0.00830509,0.020543084,0.5593186,0.06416815,0.035591196,-0.1742397,-0.007909625,0.0045371843,0.17235364,-0.6,-0.7193846153846153,-0.6,0.0,0.0,1.5707963267948966,0.0,0.08769230769228864,0.0,0.0,0.0,0.0,0.7833867934379366,0.19285110405476674,-1.011477724709783,-0.9257172769656864,1.0702333,-3.4315255,1.5845774,-3.9458694,-0.31436038,-0.33002776,31.209278,0.0032509665
letter_b,pid,3.3000000000000003,-0.007509106,-0.19801968,-0.5701284,-0.008680047,0.021088768,0.57638544,0.06997958,0.045072984,-0.1714121,-0.00725538,0.004039561,0.17067179,-0.6,-0.7106153846153846,-0.6,0.0,0.0,1.5707963267948966,0.0,0.08769230769234415,0.0,0.0,0.0,0.0,0.7840230393393581,0.1899885643612428,-0.9944108883526664,-0.9482635633622958,1.0441501,-3.433881,1.498479,-3.8882098,-0.22648388,-0.36472973,30.429726,0.0031697636
letter_b,pid,3.4000000000000004,-0.004352774,-0.18964912,-0.5871872,-0.008987749,0.021591399,0.593285,0.07566439,0.054445248,-0.16856393,-0.0066406652,0.0035595722,0.16899529,-0.6,-0.7018461538461538,-0.6,0.0,0.0,1.5707963267948966,0.0,0.08769230769234415,0.0,0.0,0.0,0.0,0.7856879710997151,0.18773456438087102,-0.9775113026287894,-0.9704554830469287,1.0162679,-3.434905,1.4144655,-3.8331027,-0.1410089,-0.39979592,29.704485,0.0030942168
letter_b,pid,3.5,-0.0013943309,-0.18015258,-0.6039853,-0.009233142,0.022052048,0.61001784,0.08123131,0.06368822,-0.1657009,-0.006066504,0.003102776,0.16732372,-0.6,-0.693076923076923,-0.6,0.0,0.0,1.5707963267948966,0.0,0.08769230769228864,0.0,0.0,0.0,0.0,0.7883121281438046,0.18609543151646138,-0.960778490700994,-0.9923397212017906,0.9866131,-3.4346359,1.3324987,-3.7805214,-0.057895962,-0.4352872,29.03085,0.0030240472
letter_b,pid,3.6,0.001329164,-0.16955191,-0.6205217,-0.009421394,0.022472072,0.62658435,0.08667828,0.072791204,-0.16282746,-0.005535484,0.0026708462,0.1656569,-0.6,-0.6843076923076923,-0.6,0.0,0.0,1.5707963267948966,0.0,0.08769230769228864,0.0,0.0,0.0,0.0,0.7918278986918241,0.18506201591419805,-0.9442119757321219,-1.0139609726757521,0.95521075,-3.4330986,1.252552,-3.73044,0.022980124,-0.47137323,28.406384,0.002958998
letter_b,pid,3.7,0.0037800956,-0.15787427,-0.6367953,-0.009557303,0.022852171,0.6429851,0.09196321,0.08173157,-0.15994643,-0.005044362,0.002256053,0.16399443,-0.6,-0.6755384615384614,-0.6,0.0,0.0,1.5707963267948966,0.0,0.08769230769228864,0.0,0.0,0.0,0.0,0.7961661324973573,0.18459583321264322,-0.9278112212803702,-1.0353640733865381,0.9221267,-3.4302685,1.1746492,-3.682791,0.10160728,-0.5080604,27.82826,0.002898777
letter_b,pid,3.8000000000000003,0.005922042,-0.1451512,-0.65280473,-0.009645236,0.023192959,0.6592204,0.09706196,0.09048639,-0.1570602,-0.00458913,0.0018564913,0.162336,-0.6,-0.6667692307692307,-0.6,0.0,0.0,1.5707963267948966,0.0,0.08769230769234415,0.0,0.0,0.0,0.0,0.8012585305248486,0.1846530250058824,-0.911575929322515,-1.056599597646216,0.88742787,-3.4261415,1.0987947,-3.6375084,0.17798682,-0.5453394,27.293865,0.0028431108
letter_b,pid,3.9000000000000004,0.0077241194,-0.13141,-0.6685491,-0.00969046,0.023496846,0.67529076,0.10203459,0.099073865,-0.15417103,-0.004179092,0.0014891523,0.16068192,-0.6,-0.6579999999999999,-0.6,0.0,0.0,1.5707963267948966,0.0,0.08769230769234415,0.0,0.0,0.0,0.0,0.8070468464710384,0.18522771272980842,-0.8955055634167532,-1.0777156720574266,0.851092,-3.4208195,1.0248858,-3.5946133,0.25208935,-0.58323365,26.80171,0.002791845
letter_b,pid,4.0,0.009157353,-0.11667714,-0.6840276,-0.009698568,0.023766533,0.6911965,0.10689354,0.10750518,-0.15128078,-0.00381808,0.0011558426,0.15903223,-0.6,-0.6492307692307692,-0.6,0.0,0.0,1.5707963267948966,0.0,0.08769230769234415,0.0,0.0,0.0,0.0,0.8134781408118613,0.18629184567377916,-0.8795998255398612,-1.0987580187916897,0.8131218,-3.4143474,0.9528767,-3.5541024,0.3238817,-0.62176985,26.350052,0.0027447967
letter_b,pid,4.1000000000000005,0.010193585,-0.10098069,-0.6992393,-0.009674794,0.024004385,0.706938,0.11162699,0.11577768,-0.14839096,-0.0035031305,0.00085215917,0.1573867,-0.6,-0.6404615384615383,-0.6,0.0,0.0,1.5707963267948966,0.0,0.08769230769239966,0.0,0.0,0.0,0.0,0.8205024297145662,0.18780109450463522,-0.8638582984593253,-1.1197726932236443,0.77354735,-3.4067404,0.8827518,-3.515945,0.39334798,-0.6609558,25.93696,0.0027017668
letter_b,pid,4.2,0.010807848,-0.08434906,-0.71418357,-0.009623769,0.024213072,0.72251576,0.116248906,0.1238831,-0.1455029,-0.003228721,0.0005801247,0.15574504,-0.6,-0.6316923076923076,-0.6,0.0,0.0,1.5707963267948966,0.0,0.08769230769228864,0.0,0.0,0.0,0.0,0.8280753265708573,0.1897226235419945,-0.8482805649426322,-1.1408027784285009,0.7323978,-3.3980458,0.81446403,-3.480112,0.46049836,-0.7007743,25.560799,0.0026625833
letter_b,pid,4.3,0.010974863,-0.06681279,-0.72885966,-0.009549797,0.024394616,0.73792994,0.12073446,0.13182154,-0.14261776,-0.0029921688,0.0003323842,0.15410718,-0.6,-0.6229230769230769,-0.6,0.0,0.0,1.5707963267948966,0.0,0.08769230769234415,0.0,0.0,0.0,0.0,0.8361541399064345,0.19200006629955035,-0.8328663865712027,-1.161890447256957,0.6897087,-3.3882623,0.7480143,-3.4465678,0.52531856,-0.74123204,25.219759,0.002627058
letter_b,pid,4.4,0.010671802,-0.048403777,-0.7432669,-0.009456411,0.024551084,0.753181,0.12508392,0.13958111,-0.1397366,-0.002786207,0.0001086241,0.15247287,-0.6,-0.614153846153846,-0.6,0.0,0.0,1.5707963267948966,0.0,0.08769230769234415,0.0,0.0,0.0,0.0,0.8447002954814268,0.19458867249292883,-0.8176153461125236,-1.1830755044292451,0.6455553,-3.3774486,0.6833453,-3.4152386,0.5878567,-0.7822724,24.912241,0.0025950253
letter_b,pid,4.5,0.009877593,-0.029155701,-0.7574047,-0.009346474,0.024684358,0.7682691,0.12928848,0.14715081,-0.13686036,-0.0026045581,-9.36656e-05,0.15084197,-0.6,-0.6053846153846154,-0.6,0.0,0.0,1.5707963267948966,0.0,0.08769230769228864,0.0,0.0,0.0,0.0,0.8536783205259358,0.19743753945761888,-0.8025272051480155,-1.2043968465721264,0.5999851,-3.3656192,0.6204432,-3.3860772,0.6481314,-0.8238697,24.636679,0.0025663208
letter_b,pid,4.6000000000000005,0.008573287,-0.009102554,-0.77127254,-0.009222501,0.024796423,0.7831947,0.13335143,0.15452766,-0.13399002,-0.0024441846,-0.0002739784,0.14921455,-0.6,-0.5966153846153845,-0.6,0.0,0.0,1.5707963267948966,0.0,0.08769230769239966,0.0,0.0,0.0,0.0,0.8630568086222046,0.20050659385994188,-0.7876016060498099,-1.2258922364244436,0.5530314,-3.3528016,0.5592799,-3.35905,0.7061556,-0.8660037,24.39175,0.0025408075
letter_b,pid,4.7,0.0067419973,0.0117224455,-0.78487,-0.009086907,0.024889464,0.79795814,0.13728267,0.16171588,-0.13112648,-0.0023044765,-0.00043074024,0.14759083,-0.6,-0.5878461538461538,-0.6,0.0,0.0,1.5707963267948966,0.0,0.08769230769228864,0.0,0.0,0.0,0.0,0.8728088473747477,0.20376499683434673,-0.7728381911900382,-1.2475959202595186,0.5047164,-3.3390326,0.49981797,-3.334134,0.7619368,-0.9086605,24.176357,0.0025183705
letter_b,pid,4.800000000000001,0.004370285,0.0332857,-0.798197,-0.008941325,0.024965823,0.8125596,0.14109364,0.16870056,-0.12827054,-0.0021780513,-0.0005628344,0.14597063,-0.6,-0.579076923076923,-0.6,0.0,0.0,1.5707963267948966,0.0,0.08769230769228864,0.0,0.0,0.0,0.0,0.8829119225535017,0.20717886799765006,-0.7582367221501212,-1.2695386338373242,0.45508787,-3.324351,0.44201982,-3.311283,0.8155179,-0.9517922,23.98937,0.0024988928
letter_b,pid,4.9,0.0014460277,0.055552494,-0.81125313,-0.008787034,0.025027456,0.82699955,0.14477466,0.17547588,-0.12542304,-0.002061763,-0.00067440415,0.14435413,-0.6,-0.5703076923076924,-0.6,0.0,0.0,1.5707963267948966,0.0,0.08769230769228864,0.0,0.0,0.0,0.0,0.8933454997005907,0.21070500214032223,-0.7437967816975455,-1.2917497966662925,0.40419042,-3.3087714,0.38587007,-3.290451,0.866922,-0.99537027,23.829618,0.0024822517
letter_b,pid,5.0,-0.0020418006,0.07848852,-0.8240384,-0.008625386,0.025076201,0.8412783,0.14832534,0.18204802,-0.12258484,-0.001956754,-0.0007668323,0.14274167,-0.6,-0.5615384615384615,-0.6,0.0,0.0,1.5707963267948966,0.0,0.08769230769239966,0.0,0.0,0.0,0.0,0.90409166872812,0.2143139068394856,-0.7295180122044425,-1.3142558532439619,0.35205194,-3.2923205,0.3313412,-3.2716098,0.91615933,-1.0393801,23.69619,0.0024683534
letter_b,pid,5.1000000000000005,-0.0061020986,0.10205973,-0.83655286,-0.00845745,0.025113914,0.8553963,0.15175115,0.18841386,-0.11975676,-0.0018605192,-0.00084022287,0.1411333,-0.6,-0.5527692307692308,-0.6,0.0,0.0,1.5707963267948966,0.0,0.08769230769234415,0.0,0.0,0.0,0.0,0.9151354758361666,0.21797917823702825,-0.7154000560429435,-1.337081410283885,0.29871118,-3.27503,0.27840102,-3.2547197,0.9632596,-1.0837893,23.588224,0.0024571067
letter_b,pid,5.2,-0.010741572,0.12623338,-0.8487966,-0.008284227,0.025142603,0.8693539,0.15506566,0.19457585,-0.11693961,-0.0017726952,-0.0008931825,0.13952923,-0.6,-0.544,-0.6,0.0,0.0,1.5707963267948966,0.0,0.08769230769228864,0.0,0.0,0.0,0.0,0.9264653449139363,0.22168518483518976,-0.7014424363758902,-1.3602464939436694,0.24419786,-3.2569437,0.22700499,-3.2397509,1.0082488,-1.1285689,23.505066,0.0024484445
letter_b,pid,5.300000000000001,-0.01596541,0.15097636,-0.8607699,-0.0081064,0.025163986,0.8831515,0.1582651,0.20052932,-0.114134185,-0.0016904462,-0.0009288391,0.13792951,-0.6,-0.5352307692307693,-0.6,0.0,0.0,1.5707963267948966,0.0,0.08769230769234415,0.0,0.0,0.0,0.0,0.9380712029975333,0.2254032953012389,-0.6876448551800589,-1.383769163032163,0.18855515,-3.2380834,0.17713147,-3.2266598,1.0511581,-1.1736861,23.445917,0.0024422833
letter_b,pid,5.4,-0.02177733,0.17625596,-0.87247336,-0.007924565,0.025179652,0.89678955,0.16135155,0.20627499,-0.11134129,-0.0016131643,-0.00094852044,0.13633436,-0.6,-0.5264615384615384,-0.6,0.0,0.0,1.5707963267948966,0.0,0.08769230769228864,0.0,0.0,0.0,0.0,0.9499447694456981,0.22911363154731446,-0.6740067760136466,-1.407664054848556,0.13181919,-3.2184784,0.12874973,-3.2154088,1.0920156,-1.2191133,23.410145,0.002438557
letter_b,pid,5.5,-0.028179722,0.20203982,-0.88390726,-0.0077392156,0.025191039,0.91026855,0.16432509,0.21181318,-0.10856173,-0.0015401121,-0.0009539472,0.13474388,-0.6,-0.5176923076923078,-0.6,0.0,0.0,1.5707963267948966,0.0,0.08769230769234415,0.0,0.0,0.0,0.0,0.9620790517064862,0.23279685480993076,-0.6605277816441397,-1.431944338562042,0.07402737,-3.1981552,0.08183245,-3.2059603,1.1308491,-1.2648219,23.397148,0.002437203
letter_b,pid,5.6000000000000005,-0.03517207,0.22829719,-0.89507234,-0.007550602,0.025199868,0.92358893,0.1672059,0.21713948,-0.10579632,-0.0014690463,-0.0009422626,0.13315812,-0.6,-0.5089230769230769,-0.6,0.0,0.0,1.5707963267948966,0.0,0.08769230769234415,0.0,0.0,0.0,0.0,0.9744701102349081,0.2364471311757506,-0.6472073952343802,-1.4566170754091061,0.015220547,-3.1771648,0.03632867,-3.1982727,1.1677057,-1.3107666,23.406523,0.0024381792
letter_b,pid,5.7,-0.042753957,0.25499564,-0.9059694,-0.0073588444,0.025207072,0.9367511,0.16996925,0.22225165,-0.10304585,-0.0013989388,-0.00092145795,0.13157724,-0.6,-0.5001538461538462,-0.6,0.0,0.0,1.5707963267948966,0.0,0.08769230769234415,0.0,0.0,0.0,0.0,0.9871125402583306,0.2400296013242771,-0.6340451995518546,-1.4816893729848513,-0.044555724,-3.155504,-0.007760086,-3.1922996,1.2026085,-1.3569264,23.437544,0.002441411
letter_b,pid,5.800000000000001,-0.050922625,0.28210428,-0.9165993,-0.0071639875,0.02521386,0.9497557,0.17263088,0.2271482,-0.100311175,-0.0013291531,-0.0008888076,0.13000134,-0.6,-0.49138461538461536,-0.6,0.0,0.0,1.5707963267948966,0.0,0.0876923076923164,0.0,0.0,0.0,0.0,1.000003070443606,0.24353993222106549,-0.6210405985501151,-1.5071623481053156,-0.10526039,-3.1332183,-0.050479755,-3.1879988,1.2356008,-1.4032615,23.489872,0.0024468617
letter_b,pid,5.9,-0.05967577,0.30959064,-0.92696285,-0.0069660954,0.025220688,0.96260315,0.17516415,0.23183016,-0.09759313,-0.0012600693,-0.0008518002,0.1284306,-0.6,-0.4826153846153846,-0.6,0.0,0.0,1.5707963267948966,0.0,0.0876923076923164,0.0,0.0,0.0,0.0,1.0131363976825785,0.2469465922688375,-0.6081931749966483,-1.5330363573240309,-0.16685028,-3.1103013,-0.09182593,-3.1853256,1.2667007,-1.4497567,23.56287,0.0024544653
letter_b,pid,6.0,-0.069009416,0.33742288,-0.93706125,-0.006765154,0.02522814,0.97529393,0.17757393,0.2362957,-0.09489261,-0.0011909542,-0.0008092376,0.12686506,-0.6,-0.47384615384615386,-0.6,0.0,0.0,1.5707963267948966,0.0,0.08769230769234415,0.0,0.0,0.0,0.0,1.0265080263685433,0.25024004165472613,-0.5955023924496512,-1.55923385271043,-0.22927974,-3.0867822,-0.1318284,-3.1842337,1.2959479,-1.496378,23.656145,0.0024641815
letter_b,pid,6.1000000000000005,-0.07892973,0.36551508,-0.9468941,-0.0065541174,0.025225447,0.98782843,0.17934458,0.2403324,-0.092210405,-0.0010515143,-0.00087464764,0.1253019,-0.6,-0.46507692307692305,-0.6,0.0,0.0,1.5707963267948966,0.0,0.08769230769234415,0.0,0.0,0.0,0.0,1.040063858733109,0.25291546639066453,-0.5829678932812552,-1.5856436513526875,-0.29214513,-3.0619938,-0.16982463,-3.1843145,1.3234477,-1.5430125,23.762257,0.002475235
letter_b,pid,6.2,-0.08944905,0.39372823,-0.95645964,-0.006320491,0.025193857,1.0002067,0.17997937,0.24372527,-0.08954956,-0.0007858906,-0.0011269099,0.123739004,-0.6,-0.4563076923076923,-0.6,0.0,0.0,1.5707963267948966,0.0,0.0876923076923719,0.0,0.0,0.0,0.0,1.0537014822353945,0.25447589603972254,-0.5705896178868155,-1.6121331570917528,-0.35495514,-3.0352576,-0.20513803,-3.1850748,1.349344,-1.5895059,23.872824,0.0024867526
letter_b,pid,6.300000000000001,-0.10057976,0.42188114,-0.96575505,-0.006048819,0.025111355,1.0124289,0.1790954,0.24629031,-0.08691531,-0.00036219181,-0.0015972651,0.12217538,-0.6,-0.4475384615384616,-0.6,0.0,0.0,1.5707963267948966,0.0,0.08769230769234415,0.0,0.0,0.0,0.0,1.0672805491924058,0.254524577232729,-0.5583674470570426,-1.6385466510672044,-0.41718748,-3.0060105,-0.23720618,-3.185992,1.373811,-1.6356732,23.97974,0.0024978898
letter_b,pid,6.4,-0.112335846,0.44975498,-0.9747763,-0.0057234247,0.024954164,1.024495,0.17633025,0.2478967,-0.08431462,0.00022429395,-0.0023015016,0.12061137,-0.6,-0.4387692307692307,-0.6,0.0,0.0,1.5707963267948966,0.0,0.08769230769228864,0.0,0.0,0.0,0.0,1.0806243111216454,0.2527187397874824,-0.5463013211872916,-1.6647129536687526,-0.4783277,-2.9737074,-0.26548505,-3.1865501,1.3969597,-1.6813879,24.074877,0.0025078
letter_b,pid,6.5,-0.12473178,0.47710118,-0.983519,-0.005330382,0.024698945,1.0364052,0.17138821,0.2484611,-0.08175568,0.00095865864,-0.0032335995,0.11904797,-0.6,-0.43,-0.6,0.0,0.0,1.5707963267948966,0.0,0.0876923076923164,0.0,0.0,0.0,0.0,1.093526069194058,0.2488061767362718,-0.5343911210682731,-1.6905328211933892,-0.5376726,-2.9380724,-0.28969064,-3.1860545,1.4190475,-1.7263786,24.150305,0.0025156566
letter_b,pid,6.6000000000000005,-0.1377674,0.5037088,-0.99197996,-0.004864982,0.02433731,1.0481597,0.16462666,0.24812484,-0.07924691,0.00175104,-0.004242659,0.11748891,-0.6,-0.4212307692307692,-0.6,0.0,0.0,1.5707963267948966,0.0,0.08769230769234415,0.0,0.0,0.0,0.0,1.1058121125631848,0.24314729229018917,-0.5226366082814078,-1.7159310262480691,-0.5950552,-2.8994312,-0.3101423,-3.184344,1.4401108,-1.7706054,24.205992,0.0025214574
letter_b,pid,6.7,-0.151429,0.5294082,-1.0001578,-0.0043302244,0.023872891,1.0597593,0.15643749,0.24703805,-0.076793514,0.0025248323,-0.005208282,0.11593725,-0.6,-0.41246153846153844,-0.6,0.0,0.0,1.5707963267948966,0.0,0.0876923076923164,0.0,0.0,0.0,0.0,1.117345457290019,0.23613766544425546,-0.5110370675709586,-1.740842923089841,-0.65047574,-2.858079,-0.32713592,-3.1814187,1.4600736,-1.8141451,24.243113,0.0025253247
letter_b,pid,6.800000000000001,-0.16569321,0.5540631,-1.0080527,-0.0037342221,0.023316342,1.0712045,0.14712828,0.24532458,-0.074397646,0.0032279664,-0.0060608992,0.11439491,-0.6,-0.4036923076923077,-0.6,0.0,0.0,1.5707963267948966,0.0,0.08769230769234415,0.0,0.0,0.0,0.0,1.128018078989471,0.2281001436211405,-0.49959178368118806,-1.7652106479255225,-0.703837,-2.8143482,-0.34099972,-3.1771855,1.4789416,-1.856993,24.262423,0.0025273357
letter_b,pid,6.9,-0.18052652,0.577563,-1.0156667,-0.0030871104,0.022682197,1.0824964,0.13695392,0.24305479,-0.0720592,0.00383853,-0.006762955,0.112862416,-0.6,-0.3949230769230768,-0.6,0.0,0.0,1.5707963267948966,0.0,0.0876923076923719,0.0,0.0,0.0,0.0,1.1377460029896753,0.21928612826171284,-0.48829992214706947,-1.7889707514505881,-0.7550175,-2.7685082,-0.35199785,-3.1715279,1.4967662,-1.8991073,24.264097,0.0025275103
letter_b,pid,7.0,-0.19587988,0.5998149,-1.0230027,-0.0023969456,0.021986514,1.0936353,0.12611921,0.24019635,-0.06977672,0.004375312,-0.0073005892,0.11133854,-0.6,-0.3861538461538461,-0.6,0.0,0.0,1.5707963267948966,0.0,0.08769230769234415,0.0,0.0,0.0,0.0,1.146463583186824,0.20983881522616138,-0.4771610061314444,-1.8120648873470777,-0.80378854,-2.7207513,-0.3603136,-3.1642263,1.5137289,-1.9403179,24.246927,0.0025257214
letter_b,pid,7.1000000000000005,-0.21169253,0.62074083,-1.030065,-0.0016704076,0.02124533,1.104622,0.11478966,0.2367309,-0.06754842,0.0048499717,-0.007675097,0.1098229,-0.6,-0.37738461538461526,-0.6,0.0,0.0,1.5707963267948966,0.0,0.0876923076923719,0.0,0.0,0.0,0.0,1.154119990798553,0.19987985643273773,-0.46617432037857576,-1.8344396699795409,-0.84995306,-2.671258,-0.36612126,-3.1550899,1.5299892,-1.9804844,24.209862,0.0025218604
letter_b,pid,7.2,-0.22789429,0.6402764,-1.0368587,-0.00091312715,0.0204739,1.1154573,0.10310805,0.23264591,-0.06537234,0.0052709836,-0.007895254,0.10831546,-0.6,-0.36861538461538457,-0.6,0.0,0.0,1.5707963267948966,0.0,0.08769230769234415,0.0,0.0,0.0,0.0,1.1606768457781367,0.18951612203026671,-0.4553390304234366,-1.8560475491922814,-0.8933326,-2.6202068,-0.36959502,-3.1439445,1.5457029,-2.0194798,24.152012,0.0025158343
letter_b,pid,7.300000000000001,-0.24440843,0.6583704,-1.0433894,-0.0001303041,0.01968623,1.1261419,0.091198556,0.22794463,-0.06324644,0.005640826,-0.007974225,0.1068165,-0.6,-0.3598461538461537,-0.6,0.0,0.0,1.5707963267948966,0.0,0.08769230769234415,0.0,0.0,0.0,0.0,1.1661065395753079,0.17885189834982906,-0.4446544210102896,-1.8775179510738478,-0.9337813,-2.5677805,-0.3709134,-3.1306486,1.5610012,-2.0572019,24.072784,0.002507582
letter_b,pid,7.4,-0.2611555,0.6749808,-1.0496638,0.00067290984,0.018894102,1.1366767,0.07913545,0.22264265,-0.061168626,0.005958372,-0.007934997,0.1053264,-0.6,-0.351076923076923,-0.6,0.0,0.0,1.5707963267948966,0.0,0.0876923076923164,0.0,0.0,0.0,0.0,1.1703878041418867,0.16797503830628066,-0.434119657674108,-1.8982856189357036,-0.9711837,-2.5141234,-0.37021908,-3.115088,1.5759801,-2.0935922,23.971691,0.0024970511
letter_b,pid,7.5,-0.27805397,0.6900754,-1.0556884,0.0014913804,0.018107487,1.1470625,0.06699373,0.21675983,-0.059136767,0.0062225075,-0.007796281,0.10384534,-0.6,-0.34230769230769237,-0.6,0.0,0.0,1.5707963267948966,0.0,0.0876923076923719,0.0,0.0,0.0,0.0,1.1735058549674222,0.1569832549406847,-0.42373378674057527,-1.9181839498570195,-1.0054388,-2.4593897,-0.3676653,-3.0971632,1.5907341,-2.128594,23.84845,0.0024842136
letter_b,pid,7.6000000000000005,-0.29502156,0.70363194,-1.0614703,0.0023198144,0.017334893,1.1573005,0.05484922,0.21032487,-0.05714868,0.0064306166,-0.007573278,0.10237344,-0.6,-0.3335384615384615,-0.6,0.0,0.0,1.5707963267948966,0.0,0.08769230769234415,0.0,0.0,0.0,0.0,1.1754527185108044,0.1459902510429225,-0.4134958545353751,-1.9371823196158784,-1.0364672,-2.4037452,-0.36341667,-3.0767958,1.60535,-2.1621616,23.70309,0.0024690721
letter_b,pid,7.7,-0.31197682,0.7156372,-1.0670166,0.0031526652,0.016583275,1.1673913,0.04276126,0.20337413,-0.055202123,0.006579353,-0.0072821085,0.10091077,-0.6,-0.3247692307692308,-0.6,0.0,0.0,1.5707963267948966,0.0,0.0876923076923164,0.0,0.0,0.0,0.0,1.1762259196413822,0.13512247853621875,-0.40340502659348054,-1.955254386539654,-1.0642133,-2.3473458,-0.35762823,-3.0539308,1.6198953,-2.1942694,23.535854,0.0024516515
letter_b,pid,7.800000000000001,-0.32884094,0.72608393,-1.0723346,0.003984246,0.015857697,1.1773362,0.030759266,0.19594641,-0.053294852,0.0066667,-0.006942265,0.09945725,-0.6,-0.3159999999999999,-0.6,0.0,0.0,1.5707963267948966,0.0,0.08769230769234415,0.0,0.0,0.0,0.0,1.1758257439946938,0.12452077916521026,-0.39346011082199617,-1.9723808126911224,-1.088639,-2.2903166,-0.35042706,-3.0285287,1.6344192,-2.2249107,23.347023,0.0024319815
letter_b,pid,7.9,-0.34553722,0.7349737,-1.0774314,0.0048087956,0.015162357,1.187136,0.01889971,0.18808348,-0.05142459,0.00669154,-0.0065629315,0.098012686,-0.6,-0.3072307692307692,-0.6,0.0,0.0,1.5707963267948966,0.0,0.0876923076923164,0.0,0.0,0.0,0.0,1.1742581932288345,0.11436815929112339,-0.3836602727558951,-1.988549142293854,-1.1097168,-2.2328134,-0.34196827,-3.000562,1.6489799,-2.2540689,23.137201,0.0024101252
letter_b,pid,8.0,-0.3619927,0.7423157,-1.0823141,0.0056202994,0.014500486,1.1967918,0.0072257854,0.17983747,-0.04958905,0.0066510546,-0.006154369,0.09657698,-0.6,-0.29846153846153844,-0.6,0.0,0.0,1.5707963267948966,0.0,0.0876923076923164,0.0,0.0,0.0,0.0,1.171533902464713,0.10489049447159723,-0.3740045587208609,-2.0037516990110706,-1.1274474,-2.1749828,-0.33239973,-2.9700303,1.6636137,-2.2817497,22.90725,0.0023861716
letter_b,pid,8.1,-0.3781377,0.7481257,-1.0869899,0.0064130235,0.013874471,1.2063043,-0.0042233844,0.17125025,-0.047786012,0.006547916,-0.0057254713,0.095149785,-0.6,-0.28969230769230764,-0.6,0.0,0.0,1.5707963267948966,0.0,0.08769230769217762,0.0,0.0,0.0,0.0,1.1676678377261127,0.09634972923627307,-0.36449201504257717,-2.0179851246017195,-1.1418308,-2.11696,-0.32185778,-2.936933,1.6783673,-2.3079486,22.658009,0.0023602094
letter_b,pid,8.200000000000001,-0.3939072,0.75242364,-1.0914651,0.007181581,0.013285473,1.2156748,-0.01543566,0.16236427,-0.046013385,0.006385525,-0.0052889967,0.09373079,-0.6,-0.2809230769230768,-0.6,0.0,0.0,1.5707963267948966,0.0,0.08769230769220537,0.0,0.0,0.0,0.0,1.1626769337060432,0.08905837301259453,-0.35512156883743806,-2.0312525350835395,-1.1528839,-2.05885,-0.31044993,-2.901284,1.6932688,-2.3326755,22.390366,0.00233233
letter_b,pid,8.3,-0.40924084,0.755235,-1.0957464,0.007920701,0.012734054,1.2249038,-0.026384618,0.15323043,-0.04426915,0.006165113,-0.0048513236,0.09231983,-0.6,-0.2721538461538461,-0.6,0.0,0.0,1.5707963267948966,0.0,0.08769230769226088,0.0,0.0,0.0,0.0,1.1565817836639,0.08337356215489616,-0.3458925048497061,-2.0435617835883244,-1.1606401,-2.0007732,-0.298298,-2.8631153,1.7083411,-2.355946,22.105501,0.0023026564
letter_b,pid,8.4,-0.4240834,0.75658983,-1.0998399,0.008625466,0.012220155,1.2339925,-0.037052203,0.14389561,-0.042551413,0.005890328,-0.0044190004,0.09091664,-0.6,-0.2633846153846154,-0.6,0.0,0.0,1.5707963267948966,0.0,0.08769230769228864,0.0,0.0,0.0,0.0,1.1494061364500783,0.0796385574320785,-0.336803869405065,-2.054923297902662,-1.1651417,-1.9428349,-0.28551024,-2.8224664,1.7236046,-2.377777,21.80463,0.0022713158
letter_b,pid,8.5,-0.4383836,0.7565215,-1.1037514,0.009291756,0.011743264,1.2429414,-0.04742103,0.13439433,-0.04085847,0.0055693462,-0.003996915,0.08952084,-0.6,-0.2546153846153846,-0.6,0.0,0.0,1.5707963267948966,0.0,0.08769230769223313,0.0,0.0,0.0,0.0,1.141176234371917,0.0780976815376946,-0.3278549472477774,-2.06535185881415,-1.1664233,-1.8851291,-0.27218232,-2.77937,1.739093,-2.3981683,21.488892,0.0022384261
letter_b,pid,8.6,-0.45209524,0.7550657,-1.1074865,0.009916005,0.011302111,1.2517515,-0.057493333,0.124766216,-0.03918881,0.005207915,-0.003592797,0.08813224,-0.6,-0.24584615384615394,-0.6,0.0,0.0,1.5707963267948966,0.0,0.08769230769226088,0.0,0.0,0.0,0.0,1.131919983953217,0.07883984254281166,-0.31904478470352693,-2.0748652743958944,-1.1645384,-1.8277287,-0.25839108,-2.7338762,1.752392,-2.4147103,21.13929,0.0022020093
letter_b,pid,8.700000000000001,-0.4651761,0.75226086,-1.1110517,0.010495418,0.010895261,1.2604235,-0.067255445,0.11504301,-0.037557382,0.0048140343,-0.0032084477,0.08675056,-0.6,-0.2370769230769231,-0.6,0.0,0.0,1.5707963267948966,0.0,0.08769230769226088,0.0,0.0,0.0,0.0,1.1216686486177236,0.08174296639618106,-0.3103727857258658,-2.0834860070706034,-1.1595334,-1.7707143,-0.2442188,-2.6860287,1.7625445,-2.4264152,20.748394,0.002161291
letter_b,pid,8.8,-0.47758895,0.74814785,-1.1144557,0.011027615,0.010521054,1.2689581,-0.07669999,0.10526411,-0.035984665,0.0043921224,-0.0028461823,0.085375786,-0.6,-0.22830769230769227,-0.6,0.0,0.0,1.5707963267948966,0.0,0.08769230769227476,0.0,0.0,0.0,0.0,1.1104569099325627,0.08652486613371407,-0.3018382350590567,-2.0912355000090264,-1.1514733,-1.714161,-0.22974433,-2.63589,1.7730223,-2.436757,20.34633,0.0021194094
letter_b,pid,8.9,-0.48930097,0.74276733,-1.1177064,0.011511024,0.010177162,1.2773561,-0.08584288,0.09545592,-0.034466453,0.00395055,-0.0025126957,0.08400775,-0.6,-0.21953846153846152,-0.6,0.0,0.0,1.5707963267948966,0.0,0.08769230769221925,0.0,0.0,0.0,0.0,1.0983199239949695,0.0928289271965987,-0.2934401790287833,-2.098134279814862,-1.1404194,-1.6581082,-0.21501169,-2.583516,1.7838495,-2.4457586,19.934517,0.0020765122
letter_b,pid,9.0,-0.5002837,0.7361612,-1.120811,0.011944535,0.009861142,1.2856181,-0.09468424,0.085650936,-0.03299892,0.00349429,-0.0022090196,0.082646444,-0.6,-0.21076923076923088,-0.6,0.0,0.0,1.5707963267948966,0.0,0.08769230769228864,0.0,0.0,0.0,0.0,1.0852947101993966,0.10029058678367321,-0.28517826000717683,-2.1042012590323833,-1.1264391,-1.6026099,-0.20007712,-2.5289717,1.7950457,-2.4534419,19.514519,0.0020327624
letter_b,pid,9.1,-0.5105121,0.72837186,-1.1237761,0.012327908,0.009570497,1.2937448,-0.10322496,0.07586702,-0.031578653,0.0030323581,-0.0019356201,0.0812917,-0.6,-0.20200000000000004,-0.6,0.0,0.0,1.5707963267948966,0.0,0.08769230769226088,0.0,0.0,0.0,0.0,1.0714202057112194,0.10859300949942187,-0.27705152431992097,-2.1094543671900765,-1.1095874,-1.5477062,-0.18498585,-2.4723077,1.8066471,-2.459811,19.087748,0.0019883069
letter_b,pid,9.200000000000001,-0.5199642,0.719442,-1.1266078,0.012661502,0.0093026245,1.3017368,-0.111470416,0.06612454,-0.030202597,0.0025710738,-0.0016933391,0.0799435,-0.6,-0.19323076923076915,-0.6,0.0,0.0,1.5707963267948966,0.0,0.08769230769226088,0.0,0.0,0.0,0.0,1.0567369954755506,0.11748625036087067,-0.2690594951298575,-2.1139106228770705,-1.0899259,-1.4934332,-0.16977671,-2.4135823,1.8186796,-2.4648757,18.655693,0.0019433014
letter_b,pid,9.3,-0.5286217,0.7094167,-1.1293117,0.01294596,0.00905538,1.3095949,-0.11940356,0.05644907,-0.02886801,0.0021135956,-0.0014773794,0.07860199,-0.6,-0.18446153846153837,-0.6,0.0,0.0,1.5707963267948966,0.0,0.08769230769221925,0.0,0.0,0.0,0.0,1.0412895868750234,0.126754537767456,-0.2612014571812491,-2.1175878421686987,-1.0675207,-1.4398494,-0.15451221,-2.3528578,1.8311713,-2.4686427,18.219967,0.001897913
letter_b,pid,9.4,-0.53646934,0.69834137,-1.1318929,0.013182312,0.008826639,1.3173195,-0.12702337,0.046860788,-0.02757246,0.001664026,-0.0012872475,0.07726728,-0.6,-0.17569230769230765,-0.6,0.0,0.0,1.5707963267948966,0.0,0.08769230769227476,0.0,0.0,0.0,0.0,1.0251249151531128,0.13624386175655334,-0.253476814427648,-2.120495453711822,-1.0424414,-1.3869926,-0.13923407,-2.2901998,1.8441429,-2.4711215,17.782139,0.0018523061
letter_b,pid,9.5,-0.54350585,0.6863175,-1.1343561,0.0133639015,0.008625519,1.3249122,-0.13381909,0.037620317,-0.026313463,0.0011457248,-0.0010102055,0.07594288,-0.6,-0.1669230769230769,-0.6,0.0,0.0,1.5707963267948966,0.0,0.08769230769228864,0.0,0.0,0.0,0.0,1.0083390118368973,0.14528300307955258,-0.24588413635757966,-2.122665004302982,-1.014943,-1.335561,-0.12464141,-2.2258625,1.8575728,-2.4723625,17.346985,0.0018069776
letter_b,pid,9.600000000000001,-0.54974586,0.67350125,-1.136706,0.013478016,0.008469245,1.3323742,-0.13928877,0.028994069,-0.025089808,0.00049751595,-0.00056544883,0.0746316,-0.6,-0.15815384615384598,-0.6,0.0,0.0,1.5707963267948966,0.0,0.08769230769226088,0.0,0.0,0.0,0.0,0.9910746730818815,0.15321991606408167,-0.23842211166885896,-2.1241547698110717,-0.9853963,-1.2862662,-0.11144773,-2.160215,1.8713857,-2.4724727,16.919641,0.0017624627
letter_b,pid,9.700000000000001,-0.55521834,0.6600907,-1.1389462,0.013509604,0.008378477,1.3397074,-0.1430417,0.021184687,-0.02390199,-0.0003051723,8.069817e-05,0.073334545,-0.6,-0.14938461538461523,-0.6,0.0,0.0,1.5707963267948966,0.0,0.08769230769217762,0.0,0.0,0.0,0.0,0.9735084175742982,0.1595477883035583,-0.23108895222214265,-2.125045372345726,-0.9542268,-1.2396855,-0.100237034,-2.0936751,1.8854935,-2.4715705,16.504639,0.0017192332
letter_b,pid,9.8,-0.5599617,0.6463145,-1.1410805,0.013444793,0.008374203,1.3469133,-0.14477988,0.014314304,-0.02275227,-0.0012518498,0.0009307007,0.07205114,-0.6,-0.14061538461538467,-0.6,0.0,0.0,1.5707963267948966,0.0,0.08769230769227476,0.0,0.0,0.0,0.0,0.9558398503326,0.16389999897307783,-0.22388298908737703,-2.125434940306458,-0.9218623,-1.19627,-0.09146742,-2.026665,1.8998479,-2.4697406,16.10567,0.0016776739
letter_b,pid,9.9,-0.56401926,0.63242066,-1.1431124,0.013273744,0.008475204,1.3539935,-0.14430457,0.008425973,-0.021644413,-0.0023034017,0.0019617716,0.07077951,-0.6,-0.13184615384615372,-0.6,0.0,0.0,1.5707963267948966,0.0,0.08769230769227476,0.0,0.0,0.0,0.0,0.9382800630148801,0.16605855093021635,-0.21680279175308748,-2.125445186359364,-0.8887138,-1.1563414,-0.085467495,-1.9595877,1.9144514,-2.467019,15.725534,0.0016380766
letter_b,pid,10.0,-0.56743354,0.618636,-1.1450458,0.01299489,0.008690033,1.3609488,-0.14179482,0.0034185972,-0.020582836,-0.0033780003,0.003071271,0.06951602,-0.6,-0.123076923076923,-0.6,0.0,0.0,1.5707963267948966,0.0,0.08769230769218456,0.0,0.0,0.0,0.0,0.9210176601417772,0.16622719746657985,-0.20984752575424714,-2.1251935731374525,-0.8551501,-1.1197772,-0.082126185,-1.8928012,1.9292946,-2.4634583,15.365427,0.0016005654
letter_b,pid,10.100000000000001,-0.5702448,0.60515034,-1.1468842,0.012614595,0.0090160025,1.3677796,-0.1375894,-0.000850393,-0.019570792,-0.0043965494,0.004147011,0.06825723,-0.6,-0.1143076923076921,-0.6,0.0,0.0,1.5707963267948966,0.0,0.08769230769218456,0.0,0.0,0.0,0.0,0.9042054894383487,0.16478369874818882,-0.20301671425369783,-2.1247764764766117,-0.8214976,-1.08627,-0.081149384,-1.8266182,1.9443544,-2.4591196,15.025743,0.0015651817
letter_b,pid,10.200000000000001,-0.57249177,0.59212106,-1.1486316,0.012144369,0.009443054,1.3744859,-0.13198482,-0.0044974065,-0.018609704,-0.005306882,0.0051160897,0.06700089,-0.6,-0.10553846153846155,-0.6,0.0,0.0,1.5707963267948966,0.0,0.08769230769226088,0.0,0.0,0.0,0.0,0.8879651570191723,0.1620655913531561,-0.19631047646072908,-2.124273792043442,-0.78803706,-1.0555568,-0.082283825,-1.76131,1.9596183,-2.4540489,14.706646,0.0015319422
letter_b,pid,10.3,-0.57421356,0.5796761,-1.1502923,0.011598209,0.00995635,1.3810675,-0.12525487,-0.0076025245,-0.017699365,-0.0060831006,0.0059318235,0.065746,-0.6,-0.09676923076923064,-0.6,0.0,0.0,1.5707963267948966,0.0,0.08769230769235803,0.0,0.0,0.0,0.0,0.8723902825044488,0.15837662349084594,-0.1897288123753409,-2.1237508809569574,-0.7550332,-1.0274057,-0.0853084,-1.6971304,1.9750493,-2.4483159,14.408237,0.0015008581
letter_b,pid,10.4,-0.57545906,0.5679217,-1.1518705,0.0109878825,0.010538947,1.3875244,-0.11762059,-0.010132492,-0.01683821,-0.006746122,0.006574409,0.06449376,-0.6,-0.08799999999999993,-0.6,0.0,0.0,1.5707963267948966,0.0,0.08769230769217762,0.0,0.0,0.0,0.0,0.857552662160208,0.15390847679271383,-0.18327196041611235,-2.1232643429370386,-0.7228347,-1.0016903,-0.090108454,-1.6344165,1.990484,-2.44211,14.131238,0.0014720041
letter_b,pid,10.5,-0.576287,0.55694425,-1.1533707,0.010322692,0.011173163,1.3938566,-0.109280795,-0.012042147,-0.016023774,-0.007319252,0.0070374976,0.06324542,-0.6,-0.07923076923076937,-0.6,0.0,0.0,1.5707963267948966,0.0,0.08769230769226782,0.0,0.0,0.0,0.0,0.8435046756641227,0.14881537193039,-0.17693968216446443,-2.1228640790362254,-0.69178027,-0.9782799,-0.096567646,-1.5734925,2.0057383,-2.4356427,13.876137,0.0014454309
letter_b,pid,10.600000000000001,-0.57676363,0.5468105,-1.1547974,0.009610319,0.011841229,1.4000645,-0.100428484,-0.013303362,-0.015252981,-0.00781732,0.007321075,0.062001843,-0.6,-0.07046153846153845,-0.6,0.0,0.0,1.5707963267948966,0.0,0.08769230769226782,0.0,0.0,0.0,0.0,0.8302800139876192,0.14324335648606232,-0.1707318584111075,-2.12259091357387,-0.66217077,-0.95700634,-0.10453074,-1.5146464,2.0206344,-2.4291148,13.642975,0.0014211432
letter_b,pid,10.700000000000001,-0.5769596,0.53757334,-1.1561549,0.008857477,0.012526997,1.4061481,-0.091194764,-0.013902943,-0.014522452,-0.00824878,0.007441967,0.060763557,-0.6,-0.061692307692307706,-0.6,0.0,0.0,1.5707963267948966,0.0,0.08769230769226782,0.0,0.0,0.0,0.0,0.8178987795981331,0.13729159275913136,-0.16464825073746248,-2.1224826391528335,-0.6342491,-0.93772244,-0.11386195,-1.4581096,2.035038,-2.422682,13.431412,0.0013991054
letter_b,pid,10.8,-0.57694745,0.5292719,-1.1574475,0.00807068,0.013215947,1.412108,-0.08170322,-0.013849807,-0.013828704,-0.008614539,0.007417073,0.05953079,-0.6,-0.05292307692307679,-0.6,0.0,0.0,1.5707963267948966,0.0,0.08769230769217762,0.0,0.0,0.0,0.0,0.8063684515239977,0.1310627742881863,-0.15868838230637117,-2.1225722007708603,-0.60821545,-0.9202541,-0.12439887,-1.4040707,2.0488403,-2.4164765,13.240788,0.0013792487
letter_b,pid,10.9,-0.5768,0.52193594,-1.1586796,0.0072561987,0.0138959065,1.4179446,-0.07203609,-0.013155196,-0.013168364,-0.008916156,0.00727038,0.05830384,-0.6,-0.044153846153846224,-0.6,0.0,0.0,1.5707963267948966,0.0,0.08769230769226782,0.0,0.0,0.0,0.0,0.7956876188485897,0.12463074533727889,-0.15285177628067537,-2.12289175969671,-0.58423615,-0.9044514,-0.136002,-1.3526855,2.061955,-2.4106066,13.070301,0.0013614896
letter_b,pid,11.0,-0.5765887,0.51558447,-1.1598554,0.0064205965,0.014556465,1.4236583,-0.062282827,-0.011849915,-0.012538126,-0.009149975,0.007019966,0.0570828,-0.6,-0.03538461538461547,-0.6,0.0,0.0,1.5707963267948966,0.0,0.08769230769226782,0.0,0.0,0.0,0.0,0.7858454375756122,0.11808898822281762,-0.14713807503250645,-2.123471158806286,-0.5624439,-0.8901352,-0.14850187,-1.3040773,2.0743113,-2.4051633,12.918932,0.001345722
letter_b,pid,11.100000000000001,-0.57638335,0.5102292,-1.1609787,0.005570331,0.0151892835,1.4292499,-0.052504446,-0.009959602,-0.011934909,-0.009316562,0.0066870297,0.055868,-0.6,-0.02661538461538455,-0.6,0.0,0.0,1.5707963267948966,0.0,0.08769230769226782,0.0,0.0,0.0,0.0,0.7768248810997854,0.11151257493211106,-0.14154644409683748,-2.1243400711639806,-0.5429529,-0.8771503,-0.1617541,-1.2583491,2.0858479,-2.4002283,12.785654,0.0013318389
letter_b,pid,11.200000000000001,-0.57625103,0.5058756,-1.1620533,0.004711788,0.015788035,1.4347199,-0.042745393,-0.0075153187,-0.011355827,-0.009416256,0.0062920926,0.054659788,-0.6,-0.017846153846153824,-0.6,0.0,0.0,1.5707963267948966,0.0,0.08769230769226782,0.0,0.0,0.0,0.0,0.7686042156794595,0.10497911946276682,-0.1360764066365103,-2.1255317896526016,-0.5258511,-0.86534953,-0.17562029,-1.2155802,2.0965176,-2.395868,12.669396,0.0013197288
letter_b,pid,11.3,-0.5762548,0.50252444,-1.163083,0.0038515057,0.01634818,1.4400691,-0.033040125,-0.004559312,-0.010798143,-0.009447325,0.005853389,0.05345841,-0.6,-0.0090769230769231,-0.6,0.0,0.0,1.5707963267948966,0.0,0.08769230769226782,0.0,0.0,0.0,0.0,0.7611584605824899,0.09858301623883539,-0.13072724739578767,-2.1270926762517295,-0.5111984,-0.85458684,-0.18996319,-1.175822,2.106293,-2.392129,12.5690365,0.0013092747
letter_b,pid,11.4,-0.5764542,0.50017154,-1.164071,0.0029958307,0.01686654,1.4452983,-0.023423385,-0.0011295349,-0.010259344,-0.009411584,0.0053849355,0.052264333,-0.6,-0.0003076923076923751,-0.6,0.0,0.0,1.5707963267948966,0.0,0.08769230769226695,0.0,0.0,0.0,0.0,0.754460018862887,0.0924295884802607,-0.1254980127003531,-2.1291149963180827,-0.4990496,-0.8447204,-0.2046511,-1.1391189,2.115141,-2.389062,12.483515,0.0013003661
letter_b,pid,11.5,-0.5769041,0.49880886,-1.1650202,0.0021510539,0.017341182,1.4504082,-0.013920866,0.0027284415,-0.009737063,-0.009309604,0.0048994655,0.05107794,-0.6,0.00846153846153835,-0.6,0.0,0.0,1.5707963267948966,0.0,0.08769230769235889,0.0,0.0,0.0,0.0,0.7484796414558292,0.08664559693046917,-0.12038810650375886,-2.1318714157433103,-0.48943433,-0.83561414,-0.21955547,-1.1054931,2.123042,-2.3867009,12.411766,0.0012928921
letter_b,pid,11.600000000000001,-0.57765377,0.49842504,-1.1659336,0.0013235125,0.017771251,1.4553999,-0.0045516277,0.0069614197,-0.009229078,-0.0091409795,0.00440804,0.04989959,-0.6,0.017230769230769258,-0.6,0.0,0.0,1.5707963267948966,0.0,0.08769230769226609,0.0,0.0,0.0,0.0,0.7431878140882491,0.08138408608802626,-0.115396455922399,-2.1357643473599954,-0.48235902,-0.8271362,-0.23455353,-1.0749416,2.1299934,-2.385063,12.352736,0.0012867433
letter_b,pid,11.700000000000001,-0.57874537,0.4989975,-1.1668134,0.00052025355,0.018154934,1.4602741,0.0045853215,0.01149111,-0.008733181,-0.008898755,0.003901317,0.048729405,-0.6,0.025999999999999985,-0.6,0.0,0.0,1.5707963267948966,0.0,0.08769230769226609,0.0,0.0,0.0,0.0,0.7385497978671738,0.07683694565066326,-0.11052222649124666,-2.14075352766262,-0.47781998,-0.81907105,-0.24943936,-1.0474517,2.1359777,-2.3841755,12.305258,0.0012817978
letter_b,pid,11.8,-0.58020836,0.50047845,-1.1676612,-0.00024901592,0.018486772,1.4650317,0.013257192,0.016169991,-0.00824693,-0.008556392,0.0033431384,0.047566716,-0.6,0.034769230769230726,-0.6,0.0,0.0,1.5707963267948966,0.0,0.08769230769226782,0.0,0.0,0.0,0.0,0.7345175350114892,0.07320660316547362,-0.10576458374527498,-2.146694287873949,-0.47575584,-0.8110346,-0.26383987,-1.0229505,2.1409936,-2.3840451,12.267685,0.0012778839
letter_b,pid,11.9,-0.58206075,0.5028023,-1.1684778,-0.00097361184,0.018760186,1.4696736,0.021300877,0.020875782,-0.007768308,-0.008104047,0.0027225735,0.04641168,-0.6,0.04353846153846147,-0.6,0.0,0.0,1.5707963267948966,0.0,0.08769230769226435,0.0,0.0,0.0,0.0,0.7310349378609715,0.07055864285977839,-0.10112269321945709,-2.1529220314000828,-0.4760502,-0.80271965,-0.27745694,-1.001313,2.1450627,-2.3846486,12.238436,0.0012748371
letter_b,pid,12.0,-0.5843097,0.5058924,-1.1692634,-0.0016428382,0.018969154,1.4742007,0.028614804,0.02550065,-0.007295884,-0.0075415033,0.0020456235,0.045264892,-0.6,0.052307692307692215,-0.6,0.0,0.0,1.5707963267948966,0.0,0.08769230769226782,0.0,0.0,0.0,0.0,0.7280426123005531,0.06884649069180661,-0.09659560123947664,-2.159362562843767,-0.47853464,-0.7938849,-0.2900565,-0.98236305,2.1482358,-2.385932,12.216007,0.0012725006
letter_b,pid,12.100000000000001,-0.58695257,0.5096642,-1.1700177,-0.002246853,0.019108836,1.478614,0.035129957,0.029955028,-0.006828909,-0.006877265,0.0013243195,0.04412735,-0.6,0.06107692307692314,-0.6,0.0,0.0,1.5707963267948966,0.0,0.08769230769227129,0.0,0.0,0.0,0.0,0.725479814309483,0.06792894358781892,-0.09218235413101716,-2.1659663428393587,-0.48301518,-0.78433686,-0.3014512,-0.96590084,2.1505687,-2.3878355,12.199029,0.0012707323
letter_b,pid,12.200000000000001,-0.58998066,0.51403177,-1.17074,-0.0027779536,0.019176511,1.4829147,0.04083341,0.034186985,-0.006367375,-0.00613277,0.00058014365,0.043000553,-0.6,0.06984615384615389,-0.6,0.0,0.0,1.5707963267948966,0.0,0.08769230769226782,0.0,0.0,0.0,0.0,0.7232879122150379,0.06760717674852348,-0.08788164059189363,-2.1726947855964656,-0.48929548,-0.7739643,-0.31153613,-0.95172364,2.152106,-2.390308,12.186396,0.0012694163
letter_b,pid,12.3,-0.5933803,0.5189112,-1.1714294,-0.0032309175,0.019171782,1.4871042,0.045745697,0.03816406,-0.0059118443,-0.0053329705,-0.00016366332,0.041886047,-0.6,0.07861538461538463,-0.6,0.0,0.0,1.5707963267948966,0.0,0.08769230769227476,0.0,0.0,0.0,0.0,0.7214123404861664,0.06768061723483718,-0.08369214931992097,-2.179521125773424,-0.4971758,-0.7627065,-0.32025582,-0.9396265,2.1528912,-2.3933017,12.1772,0.0012684584
letter_b,pid,12.4,-0.59713453,0.52422637,-1.1720849,-0.0036031692,0.01909719,1.4911836,0.04994412,0.041872025,-0.005463271,-0.00450459,-0.0008776898,0.040785264,-0.6,0.08738461538461538,-0.6,0.0,0.0,1.5707963267948966,0.0,0.08769230769226782,0.0,0.0,0.0,0.0,0.719805592937043,0.06799824217806956,-0.07961268822220369,-2.1864284045487388,-0.5064495,-0.75057346,-0.32762277,-0.9294002,2.1529763,-2.39676,12.170738,0.0012677852
letter_b,pid,12.5,-0.6012248,0.52991194,-1.1727057,-0.0038948013,0.018958053,1.4951549,0.053531818,0.045313384,-0.0050228154,-0.0036746627,-0.0015344184,0.03969954,-0.6,0.09615384615384612,-0.6,0.0,0.0,1.5707963267948966,0.0,0.08769230769217762,0.0,0.0,0.0,0.0,0.7184283832999289,0.06846062637618039,-0.07564146915939851,-2.1934068670345077,-0.51692647,-0.7376208,-0.33369732,-0.92085,2.1524084,-2.4006329,12.166515,0.0012673453
letter_b,pid,12.600000000000001,-0.6056327,0.53591305,-1.173291,-0.0041085035,0.018761609,1.4990194,0.05660891,0.048506618,-0.0045916787,-0.0028696104,-0.0021149246,0.03863003,-0.6,0.10492307692307686,-0.6,0.0,0.0,1.5707963267948966,0.0,0.08769230769226782,0.0,0.0,0.0,0.0,0.717249341950124,0.06900123693667719,-0.07177694241074128,-2.200457548107203,-0.5284511,-0.72392505,-0.33855963,-0.9138165,2.1512098,-2.4048967,12.164244,0.0012671087
letter_b,pid,12.700000000000001,-0.6103418,0.54218805,-1.1738403,-0.0042494796,0.018517012,1.5027788,0.059304114,0.05148691,-0.0041709724,-0.002115059,-0.0026003697,0.037577745,-0.6,0.1136923076923076,-0.6,0.0,0.0,1.5707963267948966,0.0,0.08769230769227476,0.0,0.0,0.0,0.0,0.7162459244408336,0.06960751299528226,-0.06801755825546785,-2.2075932008191206,-0.54089075,-0.70960855,-0.34233484,-0.90816444,2.1493962,-2.4095356,12.163829,0.0012670655
letter_b,pid,12.8,-0.6153379,0.5487112,-1.1743538,-0.0043249843,0.018235207,1.506435,0.06176959,0.054295734,-0.0037615898,-0.0014320218,-0.0029733668,0.036543336,-0.6,0.12246153846153854,-0.6,0.0,0.0,1.5707963267948966,0.0,0.08769230769226088,0.0,0.0,0.0,0.0,0.7154064160424188,0.07032043047623256,-0.06436129013565584,-2.214835168613245,-0.5541336,-0.69482744,-0.3451836,-0.9037774,2.146988,-2.4145339,12.165346,0.0012672235
letter_b,pid,12.9,-0.6206108,0.5554721,-1.1748319,-0.004343975,0.0179282,1.5099897,0.06415392,0.056982778,-0.0033641383,-0.00083807315,-0.0032237617,0.035527244,-0.6,0.13123076923076926,-0.6,0.0,0.0,1.5707963267948966,0.0,0.08769230769208047,0.0,0.0,0.0,0.0,0.7147287358668968,0.07120475913359635,-0.06080658833054109,-2.222213379219746,-0.5681067,-0.6797529,-0.3472795,-0.90058005,2.1439888,-2.4198914,12.169019,0.0012676063
letter_b,pid,13.0,-0.6261546,0.5624748,-1.175275,-0.0043167686,0.017608419,1.5134447,0.06659756,0.059604865,-0.0029789344,-0.00034731714,-0.0033478339,0.03452972,-0.6,0.14,-0.6,0.0,0.0,1.5707963267948966,0.0,0.08769230769227476,0.0,0.0,0.0,0.0,0.7142200627326437,0.07233956951470838,-0.057351664700780354,-2.2297698878593195,-0.5827784,-0.66456354,-0.3488053,-0.8985366,2.1403868,-2.4256258,12.175224,0.0012682526
letter_b,pid,13.100000000000001,-0.63196975,0.5697392,-1.1756843,-0.004254933,0.017288687,1.5168017,0.06925294,0.06223187,-0.0026060063,2.7270946e-05,-0.003342178,0.033550918,-0.6,0.14876923076923076,-0.6,0.0,0.0,1.5707963267948966,0.0,0.08769230769226088,0.0,0.0,0.0,0.0,0.7138979268472256,0.07383085167264854,-0.053994611897740796,-2.2375526035709727,-0.59815735,-0.6494651,-0.34997174,-0.89765066,2.136159,-2.4317696,12.184533,0.0012692222
letter_b,pid,13.200000000000001,-0.6380628,0.577298,-1.1760613,-0.004170638,0.016981304,1.5200626,0.0722436,0.06493085,-0.0022451011,0.00027921083,-0.0032125283,0.0325907,-0.6,0.15753846153846168,-0.6,0.0,0.0,1.5707963267948966,0.0,0.08769230769227476,0.0,0.0,0.0,0.0,0.7137880796611971,0.07577771696643225,-0.05073376099136873,-2.245617501379772,-0.6142956,-0.63464326,-0.35096937,-0.8979695,2.1312644,-2.4383729,12.197611,0.0012705844
letter_b,pid,13.3,-0.6444463,0.58519584,-1.1764077,-0.0040761717,0.016697902,1.5232291,0.075687714,0.06776685,-0.0018957367,0.0004069696,-0.0029660405,0.0316487,-0.6,0.16630769230769243,-0.6,0.0,0.0,1.5707963267948966,0.0,0.08769230769216374,0.0,0.0,0.0,0.0,0.7139247755860694,0.07828951151774259,-0.047567204633031324,-2.254012823667467,-0.6312753,-0.6202808,-0.35198763,-0.89956844,2.1256611,-2.4454906,12.215235,0.0012724203
letter_b,pid,13.4,-0.65113646,0.5934804,-1.1767251,-0.0039824904,0.016447475,1.5263029,0.079612345,0.07077176,-0.001557254,0.00042356478,-0.0026295397,0.030723969,-0.6,0.17507692307692316,-0.6,0.0,0.0,1.5707963267948966,0.0,0.08769230769227476,0.0,0.0,0.0,0.0,0.7143446726561732,0.08140549938204218,-0.04449339310196443,-2.2627644709242682,-0.64921016,-0.60646224,-0.35311824,-0.90255415,2.1192918,-2.4531896,12.238104,0.0012748024
letter_b,pid,13.5,-0.6581479,0.6021875,-1.1770154,-0.0038974152,0.016233847,1.5292858,0.08390317,0.07392342,-0.0012289343,0.00036018333,-0.002255029,0.029814867,-0.6,0.1838461538461539,-0.6,0.0,0.0,1.5707963267948966,0.0,0.08769230769235803,0.0,0.0,0.0,0.0,0.7150786446985323,0.08503431525106796,-0.04151053825882478,-2.2718973416562633,-0.6682275,-0.5931089,-0.3542944,-0.907042,2.1120896,-2.4615486,12.2667,0.0012777812
letter_b,pid,13.600000000000001,-0.6654944,0.61134666,-1.1772802,-0.003826323,0.016058056,1.5321789,0.08849494,0.07720651,-0.0009100357,0.00024128136,-0.001870644,0.028920116,-0.6,0.19261538461538466,-0.6,0.0,0.0,1.5707963267948966,0.0,0.08769230769228864,0.0,0.0,0.0,0.0,0.716154879774146,0.08911865608106175,-0.03861744801071687,-2.2814289472123805,-0.6884192,-0.5801786,-0.35548145,-0.9131164,2.1040204,-2.4706113,12.301498,0.0012814061
letter_b,pid,13.700000000000001,-0.6731877,0.6209793,-1.1775208,-0.003772265,0.015918816,1.5349836,0.09331126,0.08059785,-0.000599793,9.020788e-05,-0.0014996926,0.028038587,-0.6,0.2013846153846156,-0.6,0.0,0.0,1.5707963267948966,0.0,0.08769230769217762,0.0,0.0,0.0,0.0,0.7175976319694319,0.09358248725250835,-0.03581269184616609,-2.291373901014664,-0.7098613,-0.5676078,-0.3566249,-0.9208442,2.0950618,-2.4804077,12.342923,0.0012857212
letter_b,pid,13.8,-0.6812383,0.6311005,-1.1777387,-0.0037365707,0.015813377,1.5377014,0.09828615,0.08407984,-0.0002974498,-7.566709e-05,-0.0011568769,0.027169516,-0.6,0.21015384615384633,-0.6,0.0,0.0,1.5707963267948966,0.0,0.08769230769226088,0.0,0.0,0.0,0.0,0.7194287262573175,0.09835296669087618,-0.03309495846298738,-2.3017434512232398,-0.7326176,-0.55533946,-0.35767627,-0.9302808,2.0851996,-2.4909616,12.391432,0.0012907741
letter_b,pid,13.9,-0.6896541,0.64172024,-1.1779351,-0.0037189235,0.015738374,1.5403332,0.10337312,0.087627046,-2.2686495e-06,-0.00023969421,-0.0008483613,0.026312215,-0.6,0.21892307692307708,-0.6,0.0,0.0,1.5707963267948966,0.0,0.08769230769227476,0.0,0.0,0.0,0.0,0.7216677239946,0.10337313837049575,-0.03046317497757478,-2.3125492021452905,-0.75671947,-0.543322,-0.35859054,-0.94145095,2.0744455,-2.5022676,12.447408,0.001296605
letter_b,pid,14.0,-0.6984417,0.65284616,-1.1781112,-0.0037180071,0.015690455,1.5428803,0.108545244,0.091222875,0.00028645233,-0.0003916987,-0.00057389063,0.025466364,-0.6,0.2276923076923078,-0.6,0.0,0.0,1.5707963267948966,0.0,0.08769230769226088,0.0,0.0,0.0,0.0,0.7243335665861818,0.10860302434911444,-0.027916030087743238,-2.32379756251446,-0.78218913,-0.5315246,-0.35934415,-0.95436954,2.0628166,-2.5143147,12.511278,0.0013032582
letter_b,pid,14.100000000000001,-0.7076059,0.66448045,-1.1782681,-0.0037318107,0.015665783,1.5453439,0.11375025,0.09485246,0.0005693394,-0.0005245709,-0.00033832548,0.024631863,-0.6,0.23646153846153872,-0.6,0.0,0.0,1.5707963267948966,0.0,0.08769230769217762,0.0,0.0,0.0,0.0,0.7274429067926702,0.11397680090272953,-0.025452450909886792,-2.3354919992233034,-0.80905634,-0.5198963,-0.35989353,-0.96905917,2.0503156,-2.527107,12.583527,0.001310784
letter_b,pid,14.200000000000001,-0.71714973,0.6766211,-1.1784065,-0.0037576274,0.015660405,1.5477251,0.118945315,0.09849469,0.00084690424,-0.0006311838,-0.00014261866,0.023808615,-0.6,0.24523076923076942,-0.6,0.0,0.0,1.5707963267948966,0.0,0.08769230769227476,0.0,0.0,0.0,0.0,0.7310100632996808,0.11943783681721147,-0.023071245351109937,-2.347634537757455,-0.83732903,-0.5083846,-0.36019322,-0.98552036,2.036958,-2.540633,12.6645775,0.0013192269
letter_b,pid,14.3,-0.7270748,0.6892622,-1.1785272,-0.0037925716,0.015670437,1.550025,0.124091305,0.10213735,0.0011195668,-0.0007096072,1.3903771e-05,0.02299679,-0.6,0.2540000000000001,-0.6,0.0,0.0,1.5707963267948966,0.0,0.08769230769228864,0.0,0.0,0.0,0.0,0.7350475907485795,0.12493424110564345,-0.020771340527806714,-2.360227112105557,-0.86701417,-0.4969447,-0.36020553,-1.0037533,2.022753,-2.5548885,12.754921,0.0013286377
letter_b,pid,14.4,-0.73738104,0.7023962,-1.178631,-0.0038335435,0.015692577,1.5522449,0.12917155,0.10576353,0.0013876596,-0.0007575666,0.00013722804,0.022196522,-0.6,0.2627692307692308,-0.6,0.0,0.0,1.5707963267948966,0.0,0.08769230769234415,0.0,0.0,0.0,0.0,0.7395669062988579,0.13043689721562254,-0.018551425137792062,-2.373270467096022,-0.8980941,-0.485543,-0.35990387,-1.0237333,2.0077271,-2.5698502,12.854984,0.0013390608
letter_b,pid,14.5,-0.7480672,0.71601355,-1.1787183,-0.0038776011,0.015723918,1.5543859,0.13416524,0.10936362,0.0016514414,-0.00077653513,0.00023133178,0.02140814,-0.6,0.2715384615384614,-0.6,0.0,0.0,1.5707963267948966,0.0,0.08769230769228864,0.0,0.0,0.0,0.0,0.7445783400162325,0.13591425756591732,-0.016410426297460035,-2.3867625446816687,-0.93055636,-0.47414935,-0.35926422,-1.0454415,1.9918966,-2.5855064,12.965267,0.0013505487
letter_b,pid,14.600000000000001,-0.7591295,0.73010325,-1.1787896,-0.0039215395,0.01576199,1.5564492,0.13905683,0.11291384,0.0019111058,-0.0007638026,0.00030072732,0.02063176,-0.6,0.2803076923076924,-0.6,0.0,0.0,1.5707963267948966,0.0,0.08769230769226088,0.0,0.0,0.0,0.0,0.7500904427125793,0.1413385312195512,-0.014347151913915113,-2.4007045673965983,-0.9643641,-0.46272558,-0.3582547,-1.068835,1.9752958,-2.6018243,13.086151,0.0013631409
letter_b,pid,14.700000000000001,-0.7705636,0.74465483,-1.1788454,-0.0039626486,0.01580513,1.558436,0.14385091,0.11640893,0.0021667501,-0.0007242482,0.00035349684,0.019867865,-0.6,0.2890769230769232,-0.6,0.0,0.0,1.5707963267948966,0.0,0.08769230769226088,0.0,0.0,0.0,0.0,0.7561118827308716,0.1467052241741287,-0.012360290684972242,-2.4150905580200153,-0.9994859,-0.45126614,-0.3568762,-1.0938759,1.9579504,-2.6187823,13.218128,0.0013768884
letter_b,pid,14.8,-0.7823624,0.75965506,-1.1788857,-0.0039980356,0.015851598,1.5603478,0.14852048,0.11982418,0.002418459,-0.0006560107,0.00038893017,0.01911662,-0.6,0.29784615384615387,-0.6,0.0,0.0,1.5707963267948966,0.0,0.08769230769226088,0.0,0.0,0.0,0.0,0.762648124303473,0.1519757888684794,-0.010448531308446363,-2.4299212820553064,-1.0358827,-0.43972597,-0.3550906,-1.1205181,1.9398874,-2.6363525,13.36158,0.0013918312
letter_b,pid,14.9,-0.7945184,0.7750931,-1.1789111,-0.004025487,0.01590066,1.5621856,0.15308622,0.12315728,0.0026661826,-0.00056584005,0.00041714575,0.018378554,-0.6,0.3066153846153845,-0.6,0.0,0.0,1.5707963267948966,0.0,0.08769230769226088,0.0,0.0,0.0,0.0,0.7697056658616475,0.15716316976111075,-0.008610681691441968,-2.445192804556087,-1.0735089,-0.42811745,-0.35291553,-1.1487107,1.921139,-2.6545084,13.516981,0.001408019
letter_b,pid,15.0,-0.80702287,0.7909571,-1.1789215,-0.004043019,0.015951697,1.5639511,0.15753955,0.12639496,0.0029099018,-0.00045601997,0.0004392945,0.017653992,-0.6,0.3153846153846152,-0.6,0.0,0.0,1.5707963267948966,0.0,0.08769230769228864,0.0,0.0,0.0,0.0,0.7772886904829895,0.16225002719121195,-0.006845192113194898,-2.4608385862160773,-1.1123239,-0.41642267,-0.3503407,-1.1784059,1.9017282,-2.6732254,13.684755,0.0014254954
letter_b,pid,15.100000000000001,-0.81985104,0.80720407,-1.1789166,-0.0040440853,0.015997466,1.5656453,0.16156653,0.12937903,0.0031495756,-0.0002809012,0.00038920337,0.016941197,-0.6,0.32415384615384635,-0.6,0.0,0.0,1.5707963267948966,0.0,0.08769230769226088,0.0,0.0,0.0,0.0,0.785376594890901,0.1668875226192342,-0.005150989690099195,-2.4767595159128764,-1.1522697,-0.4042671,-0.3470024,-1.2095345,1.8816761,-2.6924806,13.864698,0.0014442395
letter_b,pid,15.200000000000001,-0.8329606,0.8237592,-1.1788952,-0.0040181777,0.016025787,1.5672693,0.16484909,0.13193443,0.0033841543,-7.07344e-07,0.00021755553,0.016238762,-0.6,0.33292307692307704,-0.6,0.0,0.0,1.5707963267948966,0.0,0.08769230769226088,0.0,0.0,0.0,0.0,0.7939209248330088,0.17071625563264384,-0.0035270015385489017,-2.492833974378226,-1.193195,-0.3912474,-0.34250686,-1.2419355,1.8610473,-2.7122035,14.056048,0.0014641717
letter_b,pid,15.3,-0.84629285,0.84052074,-1.1788558,-0.00395238,0.016021987,1.568824,0.16711673,0.13389897,0.003611435,0.00040881435,-0.00010047742,0.015546032,-0.6,0.34169230769230763,-0.6,0.0,0.0,1.5707963267948966,0.0,0.08769230769226088,0.0,0.0,0.0,0.0,0.8028474228446858,0.1734246243755557,-0.0019722739842276127,-2.5089183935554145,-1.2348593,-0.37699842,-0.336496,-1.2753618,1.8399438,-2.732286,14.257563,0.0014851628
letter_b,pid,15.4,-0.85977346,0.8573629,-1.1787957,-0.0038326867,0.015970243,1.5703108,0.16812417,0.13512383,0.0038281344,0.0009587401,-0.00057619595,0.014862999,-0.6,0.3504615384615384,-0.6,0.0,0.0,1.5707963267948966,0.0,0.08769230769226088,0.0,0.0,0.0,0.0,0.8120564774608641,0.17472876277660576,-0.000485495724950269,-2.5248565314319498,-1.2769554,-0.3611804,-0.32863733,-1.3094984,1.8184847,-2.7526002,14.467549,0.0015070364
letter_b,pid,15.5,-0.87331426,0.8741428,-1.1787125,-0.00364516,0.015855666,1.5717305,0.16769865,0.13547532,0.004029968,0.0016485582,-0.0012001585,0.014190119,-0.6,0.35923076923076913,-0.6,0.0,0.0,1.5707963267948966,0.0,0.08769230769217762,0.0,0.0,0.0,0.0,0.8214275708592822,0.17441988099742048,0.000934167704309985,-2.5404812945001383,-1.3190966,-0.3435119,-0.31866497,-1.3439435,1.7968293,-2.7729812,14.683767,0.0015295591
letter_b,pid,15.600000000000001,-0.8868167,0.8907035,-1.1786033,-0.0033774846,0.015664842,1.5730841,0.16569453,0.13485488,0.004211967,0.0024621205,-0.001957567,0.013528485,-0.6,0.3680000000000002,-0.6,0.0,0.0,1.5707963267948966,0.0,0.08769230769226088,0.0,0.0,0.0,0.0,0.830821596565752,0.1723273861751403,0.002287789187159106,-2.555619866327937,-1.3608694,-0.32376617,-0.30636042,-1.3782752,1.7751195,-2.7932813,14.903759,0.001552475
letter_b,pid,15.700000000000001,-0.9001744,0.90687793,-1.1784651,-0.0030199385,0.015386523,1.5743732,0.16200785,0.13319238,0.004368768,0.0033735402,-0.002826704,0.012879476,-0.6,0.3767692307692308,-0.6,0.0,0.0,1.5707963267948966,0.0,0.08769230769226088,0.0,0.0,0.0,0.0,0.8400844008167603,0.16833266719993187,0.0035769184443612545,-2.5701264842457556,-1.4018279,-0.30177397,-0.2915563,-1.4120456,1.7534922,-2.8133576,15.124783,0.0015754983
letter_b,pid,15.8,-0.9132822,0.9225074,-1.1782962,-0.0025680563,0.015015235,1.5755991,0.15671831,0.13050595,0.00449519,0.0043302197,-0.0037498812,0.012245421,-0.6,0.38553846153846155,-0.6,0.0,0.0,1.5707963267948966,0.0,0.08769230769228864,0.0,0.0,0.0,0.0,0.8490629527784799,0.16252336596419287,0.004802747568811937,-2.5839102429420326,-1.441503,-0.27758148,-0.27429438,-1.4447901,1.7320893,-2.8330715,15.344066,0.00159834
letter_b,pid,15.9,-0.9260482,0.9374646,-1.1780956,-0.0020254466,0.0145548945,1.5767633,0.15013622,0.12692891,0.0045875697,0.005251283,-0.0046332823,0.011629631,-0.6,0.39430769230769225,-0.6,0.0,0.0,1.5707963267948966,0.0,0.08769230769209435,0.0,0.0,0.0,0.0,0.857625419775641,0.1552463867617394,0.005966945490564868,-2.596896055325856,-1.4794536,-0.25151542,-0.25489447,-1.4760745,1.7110372,-2.8523011,15.55908,0.0016207375
letter_b,pid,16.0,-0.93839014,0.95164734,-1.1778634,-0.0014008355,0.014014984,1.5778679,0.14251266,0.12256158,0.00464437,0.0060853455,-0.0054214667,0.01103386,-0.6,0.403076923076923,-0.6,0.0,0.0,1.5707963267948966,0.0,0.08769230769234415,0.0,0.0,0.0,0.0,0.865657813385597,0.14678997200948637,0.007071538767542407,-2.6090248073300297,-1.5153008,-0.22384636,-0.23362295,-1.5055242,1.690443,-2.8709455,15.767351,0.0016424324
letter_b,pid,16.1,-0.9502348,0.9649753,-1.1776012,-0.00070633943,0.013408138,1.5789148,0.13406372,0.11749419,0.0046657957,0.006798249,-0.006083117,0.010458961,-0.6,0.411846153846154,-0.6,0.0,0.0,1.5707963267948966,0.0,0.08769230769234415,0.0,0.0,0.0,0.0,0.8730632345128911,0.1374154392458393,0.008118434748377368,-2.62029217563265,-1.5487273,-0.1948246,-0.21072616,-1.5328257,1.6703963,-2.888927,15.966597,0.0016631869
letter_b,pid,16.2,-0.9615166,0.9773856,-1.1773114,4.408299e-05,0.012748175,1.5799059,0.12496434,0.11180393,0.004653384,0.0073713455,-0.006606625,0.009905025,-0.6,0.4206153846153847,-0.6,0.0,0.0,1.5707963267948966,0.0,0.08769230769245517,0.0,0.0,0.0,0.0,0.8797589401977225,0.12735427278710912,0.009109540781702563,-2.6313637671154164,-1.5794703,-0.16467014,-0.18642125,-1.5577192,1.6509721,-2.906183,16.154694,0.0016827807
letter_b,pid,16.3,-0.972177,0.9888307,-1.1769971,0.0008358049,0.012049062,1.5808431,0.11536811,0.10555762,0.00460961,0.007797746,-0.006990713,0.009371599,-0.6,0.4293846153846155,-0.6,0.0,0.0,1.5707963267948966,0.0,0.08769230769248293,0.0,0.0,0.0,0.0,0.8856755951264395,0.11683415333566918,0.010046764216150805,-2.64148857824897,-1.6073062,-0.13358727,-0.1609103,-1.5799831,1.6322463,-2.922654,16.32965,0.0017010054
letter_b,pid,16.400000000000002,-0.9821633,0.99927586,-1.1766621,0.0016544489,0.011324037,1.5817282,0.10540184,0.098811984,0.0045375507,0.008079779,-0.0072428603,0.008857866,-0.6,0.43815384615384656,-0.6,0.0,0.0,1.5707963267948966,0.0,0.08769230769253844,0.0,0.0,0.0,0.0,0.890755789552507,0.10608385208006399,0.010931893191065358,-2.6506284150808384,-1.6320487,-0.10175961,-0.13437514,-1.5994332,1.6142946,-2.9382834,16.48964,0.0017176705
letter_b,pid,16.5,-0.99142766,1.0086966,-1.1763107,0.0024865116,0.010585024,1.5825634,0.09516762,0.09161576,0.0044406136,0.008226058,-0.0073763016,0.0083628185,-0.6,0.446923076923077,-0.6,0.0,0.0,1.5707963267948966,0.0,0.08769230769239966,0.0,0.0,0.0,0.0,0.894951970750102,0.09535192074151587,0.01176707347365813,-2.6587503968660977,-1.6535451,-0.06935183,-0.10698145,-1.6159155,1.597193,-2.9530168,16.632982,0.0017326024
letter_b,pid,16.6,-0.99992687,1.017076,-1.1759473,0.003319762,0.009842327,1.5833502,0.084746666,0.08401128,0.004322327,0.008249231,-0.0074073807,0.007885364,-0.6,0.45569230769230784,-0.6,0.0,0.0,1.5707963267948966,0.0,0.0876923076923719,0.0,0.0,0.0,0.0,0.8982251761141,0.08493662299217174,0.012553854784693286,-2.665829419972618,-1.6716696,-0.036511753,-0.07887608,-1.6293052,1.5810168,-2.9668016,16.758196,0.0017456453
letter_b,pid,16.7,-1.0076221,1.024406,-1.1755764,0.0041433,0.009104859,1.5840901,0.074218914,0.076040745,0.0041862824,0.008162546,-0.007350075,0.0074244887,-0.6,0.4644615384615384,-0.6,0.0,0.0,1.5707963267948966,0.0,0.0876923076923719,0.0,0.0,0.0,0.0,0.9005452759298183,0.075244475285503,0.013293786844934985,-2.6718457618267557,-1.6863174,-0.003390232,-0.05020945,-1.6394982,1.5658445,-2.9795816,16.86393,0.0017566594
letter_b,pid,16.8,-1.0144788,1.0306838,-1.1752027,0.004947649,0.008380001,1.5847851,0.06364759,0.06774347,0.0040360037,0.007980214,-0.007219724,0.0069792555,-0.6,0.47323076923076934,-0.6,0.0,0.0,1.5707963267948966,0.0,0.08769230769245517,0.0,0.0,0.0,0.0,0.9018895096983119,0.06682260940546818,0.013988777003016041,-2.676785518923583,-1.6974099,0.029875526,-0.021121232,-1.6464131,1.5517522,-2.9913046,16.949055,0.0017655265
letter_b,pid,16.900000000000002,-1.0204659,1.0359131,-1.1748306,0.0057248906,0.007673838,1.5854366,0.05309315,0.059152577,0.0038748502,0.007717827,-0.0070293155,0.0065487395,-0.6,0.4820000000000001,-0.6,0.0,0.0,1.5707963267948966,0.0,0.0876923076923164,0.0,0.0,0.0,0.0,0.90224244685905,0.06040209675551117,0.01464025577041106,-2.6806396681343956,-1.7048784,0.06315311,0.008255695,-1.649981,1.5388223,-3.0019114,17.01255,0.0017721407
letter_b,pid,17.0,-1.0255549,1.0401031,-1.1744639,0.0064687463,0.0069912737,1.5860459,0.0426098,0.050294377,0.0037060054,0.007391802,-0.0067906505,0.0061320732,-0.6,0.490769230769231,-0.6,0.0,0.0,1.5707963267948966,0.0,0.0876923076925662,0.0,0.0,0.0,0.0,0.901594909252665,0.0568149164337169,0.015249534449305102,-2.683405114731878,-1.7086654,0.096317664,0.03779607,-1.6501437,1.5271423,-3.0113337,17.053513,0.0017764074
letter_b,pid,17.1,-1.029721,1.0432668,-1.1741065,0.0071743233,0.006336094,1.5866145,0.03224352,0.041196663,0.0035324704,0.0070160134,-0.0065148803,0.005728594,-0.6,0.4995384615384617,-0.6,0.0,0.0,1.5707963267948966,0.0,0.08769230769234415,0.0,0.0,0.0,0.0,0.8999438217206654,0.05669186813274609,0.015818162760462325,-2.685084457712326,-1.7087327,0.12924884,0.06737706,-1.646861,1.5167933,-3.0195103,17.071268,0.001778257
letter_b,pid,17.2,-1.0329422,1.0454203,-1.1737618,0.007837742,0.005710763,1.5871438,0.022019794,0.031892814,0.0033570738,0.006600647,-0.006215172,0.0053378763,-0.6,0.5083076923076922,-0.6,0.0,0.0,1.5707963267948966,0.0,0.08769230769239966,0.0,0.0,0.0,0.0,0.8972912144727293,0.06008098539807455,0.016347452006067797,-2.6856952762338917,-1.705072,0.1618346,0.096884094,-1.6401215,1.5078365,-3.0263968,17.065495,0.0017776554
letter_b,pid,17.3,-1.0352004,1.0465827,-1.173433,0.0084560765,0.0051169326,1.5876352,0.011972505,0.022414112,0.0031824142,0.006155284,-0.0058996137,0.004959526,-0.6,0.5170769230769231,-0.6,0.0,0.0,1.5707963267948966,0.0,0.08769230769245517,0.0,0.0,0.0,0.0,0.8936448184006516,0.06644329462506313,0.016838832697596118,-2.685314907586555,-1.6976795,0.19396271,0.12620164,-1.6299185,1.5003358,-3.0319438,17.03599,0.0017745821
letter_b,pid,17.400000000000002,-1.0364803,1.0467751,-1.1731222,0.009027251,0.0045553674,1.5880897,0.0021230278,0.012790724,0.0030108693,0.0056884876,-0.0055770096,0.0045932215,-0.6,0.5258461538461539,-0.6,0.0,0.0,1.5707963267948966,0.0,0.08769230769239966,0.0,0.0,0.0,0.0,0.889016899473808,0.07499213201906992,0.017293377718653247,-2.684608206830725,-1.6865667,0.2255317,0.15522602,-1.6162611,1.4943447,-3.0361085,16.982788,0.0017690404
letter_b,pid,17.5,-1.0367705,1.0460217,-1.1728315,0.009549757,0.0040264456,1.5885088,-0.0074952347,0.003057247,0.0028446615,0.005205967,-0.0052511706,0.0042387736,-0.6,0.5346153846153844,-0.6,0.0,0.0,1.5707963267948966,0.0,0.08769230769234415,0.0,0.0,0.0,0.0,0.8834256191316165,0.08501390554559708,0.017712517580713794,-2.6842738881463353,-1.6717539,0.25643048,0.18384193,-1.5991653,1.4899138,-3.0388484,16.906088,0.0017610508
letter_b,pid,17.6,-1.0360702,1.0443773,-1.1725626,0.010020327,0.0035362453,1.5888939,-0.0165765,-0.006684418,0.0026864968,0.0046901936,-0.00486501,0.0038968674,-0.6,0.5433846153846155,-0.6,0.0,0.0,1.5707963267948966,0.0,0.08769230769245517,0.0,0.0,0.0,0.0,0.8769144031536699,0.0958590838636885,0.01809756358596282,-2.683168717447407,-1.6532032,0.286282,0.2116754,-1.5785967,1.4871672,-3.0400426,16.805338,0.0017505559
letter_b,pid,17.7,-1.0343941,1.0419438,-1.1723163,0.0104331225,0.003098764,1.5892464,-0.02464318,-0.016293582,0.0025389392,0.0041154963,-0.0043392745,0.0035684414,-0.6,0.552153846153846,-0.6,0.0,0.0,1.5707963267948966,0.0,0.08769230769234415,0.0,0.0,0.0,0.0,0.8695622017759154,0.10689620079162684,0.018450065455164477,-2.6811158304921676,-1.6308935,0.31452087,0.2381668,-1.5545394,1.4862654,-3.0395308,16.679785,0.0017374776
letter_b,pid,17.8,-1.0317719,1.0388684,-1.172093,0.010780368,0.0027332376,1.589568,-0.031238353,-0.025626734,0.0024034106,0.0034624895,-0.0036215112,0.0032541167,-0.6,0.5609230769230769,-0.6,0.0,0.0,1.5707963267948966,0.0,0.08769230769251068,0.0,0.0,0.0,0.0,0.8614808003499915,0.11757047359132364,0.01877169211837249,-2.678186866146836,-1.6049153,0.34055486,0.26272735,-1.5270878,1.4873307,-3.0371885,16.529419,0.0017218146
letter_b,pid,17.900000000000002,-1.0282573,1.0353435,-1.1718924,0.011050187,0.002462491,1.5898607,-0.035908826,-0.034455936,0.002279894,0.0026901911,-0.0026757617,0.0029554458,-0.6,0.5696923076923077,-0.6,0.0,0.0,1.5707963267948966,0.0,0.08769230769228864,0.0,0.0,0.0,0.0,0.852816659090264,0.1273374855046283,0.019064350924219653,-2.674516394944156,-1.5755583,0.36369264,0.2846643,-1.4965299,1.4903555,-3.0330215,16.35567,0.0017037155
letter_b,pid,18.0,-1.023933,1.0315965,-1.1717132,0.011226017,0.0023098274,1.5901264,-0.038291406,-0.042498954,0.0021664593,0.0017517519,-0.001497179,0.0026741265,-0.6,0.5784615384615382,-0.6,0.0,0.0,1.5707963267948966,0.0,0.08769230769234415,0.0,0.0,0.0,0.0,0.8437455689441529,0.1357228419914755,0.019330068430628344,-2.6702861478236306,-1.5433377,0.38325322,0.30328882,-1.4633733,1.4951754,-3.0271919,16.16166,0.0016835062
letter_b,pid,18.1,-1.0188932,1.0278276,-1.1715542,0.011293549,0.0022847657,1.590367,-0.038659893,-0.04963955,0.0020588106,0.00066976744,-0.0002235905,0.002408836,-0.6,0.5872307692307693,-0.6,0.0,0.0,1.5707963267948966,0.0,0.08769230769245517,0.0,0.0,0.0,0.0,0.8344287542412164,0.14268449431401775,0.01957063277694182,-2.665663156791131,-1.5090338,0.39919123,0.31853083,-1.4283733,1.5014088,-3.0200846,15.953388,0.0016618111
letter_b,pid,18.2,-1.0132408,1.0242087,-1.1714134,0.01124142,0.002386556,1.5905839,-0.037291247,-0.055787362,0.0019527955,-0.00052624685,0.0010423395,0.00215784,-0.6,0.596,-0.6,0.0,0.0,1.5707963267948966,0.0,0.08769230769245517,0.0,0.0,0.0,0.0,0.8250114724283425,0.14825945569640409,0.019787593683924246,-2.660799621116669,-1.4733824,0.41154832,0.3304079,-1.392242,1.5086917,-3.0120628,15.736407,0.0016392091
letter_b,pid,18.3,-1.0070837,1.0208834,-1.1712892,0.011061907,0.0026067407,1.5907784,-0.03446704,-0.06088368,0.0018448232,-0.0017997723,0.00222356,0.0019190881,-0.6,0.6047692307692306,-0.6,0.0,0.0,1.5707963267948966,0.0,0.08769230769251068,0.0,0.0,0.0,0.0,0.8156221514856468,0.15253263255414837,0.019982024035181567,-2.655833843725773,-1.4370619,0.420451,0.33902466,-1.3556355,1.5166913,-3.0034573,15.51572,0.0016162208
letter_b,pid,18.400000000000002,-1.0005319,1.0179719,-1.1711799,0.01075191,0.00293218,1.590951,-0.03042222,-0.06490745,0.0017321585,-0.0031044777,0.0032732878,0.001690104,-0.6,0.6135384615384618,-0.6,0.0,0.0,1.5707963267948966,0.0,0.08769230769234415,0.0,0.0,0.0,0.0,0.8063737746287007,0.15561232863685584,0.020154639086451098,-2.650891801542619,-1.4006523,0.42607224,0.34453574,-1.3191159,1.5251566,-2.9945157,15.295362,0.001593267
letter_b,pid,18.5,-0.99369466,1.0155715,-1.171084,0.010312928,0.003346837,1.5911022,-0.025379162,-0.067861676,0.0016130728,-0.004394248,0.004162601,0.0014685205,-0.6,0.6223076923076921,-0.6,0.0,0.0,1.5707963267948966,0.0,0.08769230769234415,0.0,0.0,0.0,0.0,0.7973637052963125,0.1576189893123178,0.02030591567489104,-2.646088743165098,-1.3646677,0.42863163,0.3471439,-1.28318,1.5338784,-2.9854417,15.078748,0.0015707029
letter_b,pid,18.6,-0.9866786,1.0137615,-1.1710008,0.009750618,0.003833691,1.5912325,-0.019523008,-0.06976729,0.0014868598,-0.0056274626,0.0048817117,0.0012522662,-0.6,0.6310769230769232,-0.6,0.0,0.0,1.5707963267948966,0.0,0.08769230769251068,0.0,0.0,0.0,0.0,0.7886759779987285,0.15867225067074547,0.020436211428370044,-2.64152980281434,-1.3295485,0.42836487,0.34706965,-1.2482532,1.5426953,-2.9763923,14.868608,0.0015488133
letter_b,pid,18.7,-0.9795865,1.0126041,-1.1709293,0.009074183,0.0043756687,1.5913419,-0.013023765,-0.07065993,0.0013537555,-0.0067685302,0.005430172,0.0010396485,-0.6,0.6398461538461537,-0.6,0.0,0.0,1.5707963267948966,0.0,0.08769230769245517,0.0,0.0,0.0,0.0,0.7803811100023509,0.15889267340089883,0.02054552634688811,-2.637311472380298,-1.2956777,0.4255299,0.34455782,-1.2147056,1.5514711,-2.9674954,14.667177,0.001527831
letter_b,pid,18.8,-0.972516,1.0121466,-1.1708692,0.008295722,0.0049564703,1.5914301,-0.0060294196,-0.07058794,0.001214807,-0.007788472,0.0058157826,0.00082937576,-0.6,0.6486153846153847,-0.6,0.0,0.0,1.5707963267948966,0.0,0.08769230769223313,0.0,0.0,0.0,0.0,0.772537888042124,0.15839970526840969,0.02063374122115569,-2.633522141438381,-1.2633796,0.42039496,0.33986488,-1.1828495,1.5600989,-2.9588532,14.476222,0.0015079398
letter_b,pid,18.900000000000002,-0.9655589,1.0124241,-1.1708205,0.007429424,0.0055611916,1.5914971,0.0013361088,-0.069606714,0.001071713,-0.008666309,0.0060525695,0.0006206135,-0.6,0.6573846153846155,-0.6,0.0,0.0,1.5707963267948966,0.0,0.08769230769245517,0.0,0.0,0.0,0.0,0.7651943266107003,0.15730834677599798,0.020700736841883227,-2.630241747367722,-1.2329262,0.41322622,0.3332459,-1.152946,1.5684925,-2.9505453,14.297087,0.0014892798
letter_b,pid,19.0,-0.9588004,1.0134592,-1.1707832,0.006490932,0.0061762114,1.591543,0.008948706,-0.06778007,0.00092666387,-0.0093874745,0.0061534373,0.00041291694,-0.6,0.6661538461538462,-0.6,0.0,0.0,1.5707963267948966,0.0,0.08769230769245517,0.0,0.0,0.0,0.0,0.7583878561176592,0.15573245735584118,0.020746632418360278,-2.6275452431114252,-1.2045512,0.40430468,0.32496974,-1.1252164,1.5765724,-2.9426453,14.130865,0.001471965
letter_b,pid,19.1,-0.9523162,1.0152671,-1.1707577,0.005497425,0.0067900443,1.5915675,0.016728284,-0.065199114,0.0007822373,-0.009936586,0.006139793,0.00020584064,-0.6,0.674923076923077,-0.6,0.0,0.0,1.5707963267948966,0.0,0.08769230769245517,0.0,0.0,0.0,0.0,0.7521469907149263,0.15380583317717855,0.02077118953200774,-2.625498819245367,-1.1784005,0.39390162,0.31529954,-1.0997984,1.5843161,-2.9351695,13.978034,0.0014560452
letter_b,pid,19.200000000000003,-0.9461743,1.0178561,-1.1707443,0.0044662827,0.0073932232,1.5915709,0.024607144,-0.06194083,0.0006411728,-0.010311644,0.0060318797,-3.5240927e-07,-0.6,0.683692307692308,-0.6,0.0,0.0,1.5707963267948966,0.0,0.08769230769245517,0.0,0.0,0.0,0.0,0.7464925802131837,0.15164431611108864,0.02077452739211516,-2.6241611499729247,-1.1546003,0.38226184,0.30447057,-1.076809,1.5916919,-2.928144,13.838956,0.0014415579
letter_b,pid,19.3,-0.9404353,1.0212297,-1.1707436,0.0034143564,0.007978297,1.591553,0.032535274,-0.058077246,0.0005061826,-0.01051794,0.0058498764,-0.00020502054,-0.6,0.6924615384615385,-0.6,0.0,0.0,1.5707963267948966,0.0,0.08769230769245517,0.0,0.0,0.0,0.0,0.7414397880146445,0.1493571659385533,0.020756645998682544,-2.623581659805107,-1.1332476,0.36960644,0.2926956,-1.0563368,1.5986695,-2.9215937,13.713831,0.001428524
letter_b,pid,19.400000000000002,-0.93515325,1.0253872,-1.1707562,0.0023572766,0.008539531,1.5915141,0.040468615,-0.053670578,0.00037980537,-0.010567703,0.005610986,-0.0004071221,-0.6,0.7012307692307695,-0.6,0.0,0.0,1.5707963267948966,0.0,0.08769230769262171,0.0,0.0,0.0,0.0,0.7369991402129751,0.14704189329405812,0.02071778377028899,-2.6237991358926482,-1.1144264,0.356137,0.2801672,-1.0384566,1.6052096,-2.9155555,13.602827,0.0014169612
letter_b,pid,19.5,-0.9303746,1.030323,-1.1707826,0.0013097888,0.009072427,1.5914547,0.048358176,-0.048798155,0.00026441886,-0.010469812,0.0053275395,-0.0006057265,-0.6,0.71,-0.6,0.0,0.0,1.5707963267948966,0.0,0.08769230769245517,0.0,0.0,0.0,0.0,0.7331759484928395,0.1448041073687206,0.0206584175440927,-2.6248379746549784,-1.0981872,0.34206527,0.2670873,-1.0232092,1.6112835,-2.9100528,13.505959,0.0014068708
letter_b,pid,19.6,-0.9261386,1.0360267,-1.1708231,0.00028529667,0.009573376,1.5913755,0.05615191,-0.0435296,0.00016212804,-0.010237725,0.0050084502,-0.0007996892,-0.6,0.7187692307692306,-0.6,0.0,0.0,1.5707963267948966,0.0,0.08769230769228864,0.0,0.0,0.0,0.0,0.729971022490657,0.1427313998289923,0.020579143366541434,-2.6274205036960927,-1.0845685,0.32759085,0.25364566,-1.0106233,1.6168537,-2.9051206,13.423243,0.0013982543
letter_b,pid,19.700000000000003,-0.92247754,1.0424877,-1.1708778,-0.0007042862,0.0100405095,1.5912769,0.06384526,-0.03793174,7.4683834e-05,-0.009886384,0.0046710554,-0.0009878628,-0.6,0.7275384615384618,-0.6,0.0,0.0,1.5707963267948966,0.0,0.08769230769239966,0.0,0.0,0.0,0.0,0.7273831817882438,0.1409170837007879,0.020480557284082934,-2.6310872992748306,-1.0735644,0.31286645,0.23998725,-1.0006852,1.6219071,-2.900766,13.354416,0.0013910849
letter_b,pid,19.8,-0.9194184,1.0496917,-1.1709468,-0.0016488656,0.010472529,1.5911596,0.07140082,-0.032060497,3.4961738e-06,-0.009434027,0.0043210173,-0.001168965,-0.6,0.7363076923076924,-0.6,0.0,0.0,1.5707963267948966,0.0,0.08769230769245517,0.0,0.0,0.0,0.0,0.7254087970130831,0.13942313794943179,0.020363255343164962,-2.635542556783899,-1.0651855,0.2980501,0.22626166,-0.99339706,1.6263999,-2.8970287,13.299438,0.0013853582
letter_b,pid,19.900000000000002,-0.9169823,1.0576218,-1.1710302,-0.0025400426,0.010868844,1.5910248,0.07879415,-0.025970833,-5.039714e-05,-0.008897647,0.0039653657,-0.0013418469,-0.6,0.7450769230769233,-0.6,0.0,0.0,1.5707963267948966,0.0,0.08769230769245517,0.0,0.0,0.0,0.0,0.7240425022709746,0.13830340015726042,0.020228429636683032,-2.6407723529317177,-1.0594205,0.2832834,0.21260008,-0.98873717,1.6302971,-2.8939412,13.258184,0.0013810609
letter_b,pid,20.0,-0.9151842,1.0662607,-1.1711272,-0.003370714,0.01122964,1.5908732,0.086012796,-0.019724512,-8.6266875e-05,-0.00829025,0.0036117982,-0.001505643,-0.6,0.7538461538461539,-0.6,0.0,0.0,1.5707963267948966,0.0,0.08769230769245517,0.0,0.0,0.0,0.0,0.723277404834821,0.13761025288006762,0.02007691462966399,-2.6467601386969166,-1.0562278,0.2686952,0.19912423,-0.98665684,1.6335803,-2.8915143,13.230396,0.0013781664
letter_b,pid,20.1,-0.9140347,1.0755893,-1.1712376,-0.00413556,0.011555603,1.5907062,0.09304193,-0.013364952,-0.00010373357,-0.007629702,0.0032652454,-0.0016593199,-0.6,0.7626153846153847,-0.6,0.0,0.0,1.5707963267948966,0.0,0.08769230769245517,0.0,0.0,0.0,0.0,0.7231063968047982,0.13736586409457613,0.019909902415003348,-2.653486675592991,-1.0555754,0.2543917,0.1859315,-0.98711514,1.6362139,-2.8897803,13.215947,0.0013766611
letter_b,pid,20.200000000000003,-0.91353965,1.0855868,-1.1713604,-0.004830643,0.011847708,1.5905248,0.099864334,-0.006939383,-0.000102702565,-0.0069298646,0.002928532,-0.0018021337,-0.6,0.7713846153846158,-0.6,0.0,0.0,1.5707963267948966,0.0,0.08769230769267722,0.0,0.0,0.0,0.0,0.7235211064612549,0.13757925952848168,0.019728465876307055,-2.660934554713352,-1.0574155,0.2404774,0.17311883,-0.99005693,1.6381667,-2.8887622,13.214677,0.0013765289
letter_b,pid,20.3,-0.91370034,1.0962329,-1.1714946,-0.005453239,0.012107512,1.5903302,0.10648107,-0.00049361424,-8.335496e-05,-0.006202903,0.002607405,-0.0019335224,-0.6,0.7801538461538461,-0.6,0.0,0.0,1.5707963267948966,0.0,0.08769230769239966,0.0,0.0,0.0,0.0,0.7245135946023469,0.13825694044765763,0.019533916315760184,-2.669088265445687,-1.0616814,0.22703414,0.16076061,-0.9954078,1.6394228,-2.8884695,13.226356,0.0013777452
letter_b,pid,20.400000000000002,-0.9145154,1.1075083,-1.1716392,-0.0060023004,0.012337117,1.5901237,0.112900436,0.00594685,-4.6124405e-05,-0.005465604,0.002307283,-0.0020527951,-0.6,0.7889230769230768,-0.6,0.0,0.0,1.5707963267948966,0.0,0.08769230769239966,0.0,0.0,0.0,0.0,0.7260770254213552,0.13938733953558052,0.019327326616968673,-2.677934491869173,-1.0683156,0.21411155,0.14890061,-1.0031047,1.6399513,-2.8889265,13.25087,0.0013802989
letter_b,pid,20.5,-0.9159818,1.1193944,-1.1717927,-0.006478378,0.012539026,1.5899065,0.11913248,0.012364841,8.356016e-06,-0.004733985,0.0020320914,-0.0021594032,-0.6,0.7976923076923076,-0.6,0.0,0.0,1.5707963267948966,0.0,0.08769230769239966,0.0,0.0,0.0,0.0,0.7282058159278281,0.14094954930806966,0.019110127291407153,-2.6874603062507085,-1.0772663,0.20174631,0.13756818,-1.0130882,1.6397141,-2.8901622,13.2881775,0.001384185
letter_b,pid,20.6,-0.91809493,1.1318731,-1.1719539,-0.0068832277,0.012715804,1.58968,0.12517895,0.018742459,7.9313126e-05,-0.004020099,0.0017824084,-0.0022530924,-0.6,0.8064615384615386,-0.6,0.0,0.0,1.5707963267948966,0.0,0.08769230769223313,0.0,0.0,0.0,0.0,0.7308955968570039,0.14291206027956854,0.01888362964126067,-2.6976490879919606,-1.0884831,0.18997641,0.1267948,-1.0253016,1.638673,-2.8922076,13.338322,0.0013894085
letter_b,pid,20.700000000000003,-0.9208468,1.1449248,-1.1721212,-0.0072190682,0.012869606,1.5894455,0.13102323,0.025048783,0.0001658982,-0.0033285902,0.0015541185,-0.002334036,-0.6,0.8152307692307694,-0.6,0.0,0.0,1.5707963267948966,0.0,0.08769230769223313,0.0,0.0,0.0,0.0,0.7341412937742511,0.14522852688652757,0.018649144968714282,-2.708208054553427,-1.1019064,0.1788603,0.116632804,-1.0396789,1.6367978,-2.8950834,13.401339,0.0013959729
letter_b,pid,20.8,-0.9241443,1.1584105,-1.1722906,-0.0074619907,0.012976094,1.5892032,0.13545917,0.030453406,0.00026849238,-0.0023980548,0.0010823408,-0.002414134,-0.6,0.8240000000000001,-0.6,0.0,0.0,1.5707963267948966,0.0,0.08769230769245517,0.0,0.0,0.0,0.0,0.7378458170242316,0.14705628375502933,0.018406911692347094,-2.7187601712799303,-1.117171,0.17001356,0.10868161,-1.0558392,1.6343343,-2.8985116,13.476003,0.0014037503
letter_b,pid,20.900000000000002,-0.9278258,1.172098,-1.1724561,-0.0075736754,0.012997146,1.5889533,0.13753995,0.034287844,0.00038508652,-0.0010843984,0.00022916563,-0.0024987555,-0.6,0.8327692307692309,-0.6,0.0,0.0,1.5707963267948966,0.0,0.08769230769239966,0.0,0.0,0.0,0.0,0.7418354535741568,0.14754464991655758,0.018156929812159106,-2.7290317708751908,-1.1336156,0.16472691,0.10422374,-1.0731124,1.6316278,-2.9021068,13.559086,0.0014124046
letter_b,pid,21.0,-0.9317229,1.1857512,-1.1726112,-0.007525247,0.012904654,1.5886956,0.13722478,0.036482107,0.0005096972,0.0005177527,-0.00090538006,-0.0025821216,-0.6,0.8415384615384612,-0.6,0.0,0.0,1.5707963267948966,0.0,0.08769230769245517,0.0,0.0,0.0,0.0,0.7459263409350486,0.14646973851427675,0.017899318537439868,-2.7388691482810104,-1.150517,0.16310938,0.10337516,-1.0907828,1.6289307,-2.905585,13.646627,0.0014215237
letter_b,pid,21.1,-0.93569267,1.1991808,-1.17275,-0.007306393,0.012689715,1.5884317,0.13499251,0.037284367,0.0006347107,0.0022226004,-0.0021294716,-0.0026551522,-0.6,0.8503076923076924,-0.6,0.0,0.0,1.5707963267948966,0.0,0.08769230769251068,0.0,0.0,0.0,0.0,0.7499630655190598,0.14409837314093352,0.017635389170374438,-2.748152868624278,-1.1672242,0.16460338,0.10558948,-1.1082103,1.6264055,-2.9087641,13.734889,0.0014307176
letter_b,pid,21.200000000000003,-0.9396137,1.2122337,-1.172868,-0.0069206487,0.012355341,1.588163,0.13120289,0.0368977,0.00075355393,0.0038915465,-0.0033240204,-0.0027119268,-0.6,0.8590769230769231,-0.6,0.0,0.0,1.5707963267948966,0.0,0.08769230769245517,0.0,0.0,0.0,0.0,0.7538135768206282,0.140694202849825,0.017366691431726977,-2.7567918243769935,-1.1832196,0.16876084,0.11042671,-1.1248853,1.6241184,-2.9115658,13.821026,0.0014396902
letter_b,pid,21.3,-0.94338256,1.2247844,-1.1729624,-0.006381631,0.011911772,1.5878911,0.12614495,0.035498586,0.0008612354,0.0054237708,-0.0044167642,-0.0027490344,-0.6,0.8678461538461538,-0.6,0.0,0.0,1.5707963267948966,0.0,0.08769230769245517,0.0,0.0,0.0,0.0,0.7573654464194407,0.1365191329564823,0.017094775042261645,-2.764717434051656,-1.1980844,0.17519845,0.11751092,-1.1403968,1.6220797,-2.913974,13.9028015,0.0014482085
letter_b,pid,21.400000000000002,-0.94691056,1.2367318,-1.1730311,-0.0057091843,0.011373354,1.587618,0.12006015,0.033226874,0.000954419,0.006756997,-0.0053666495,-0.0027653931,-0.6,0.8766153846153846,-0.6,0.0,0.0,1.5707963267948966,0.0,0.08769230769228864,0.0,0.0,0.0,0.0,0.7605230950517395,0.13184018668295786,0.016821666559900805,-2.771880092666736,-1.2114623,0.18359286,0.12652372,-1.1543931,1.6202921,-2.9159808,13.97827,0.0014560698
letter_b,pid,21.5,-0.9501209,1.2479953,-1.173074,-0.0049265833,0.010756436,1.5873454,0.113156386,0.030199174,0.0010312854,0.007857018,-0.006153517,-0.0027615111,-0.6,0.8853846153846153,-0.6,0.0,0.0,1.5707963267948966,0.0,0.08769230769245517,0.0,0.0,0.0,0.0,0.7632070217053375,0.1269286871401622,0.01654903491469817,-2.778240669381887,-1.2230499,0.19365704,0.13718471,-1.1665775,1.618765,-2.9175825,14.045765,0.0014631003
letter_b,pid,21.6,-0.95294744,1.2585093,-1.1730915,-0.0040584737,0.010077369,1.5870748,0.10558844,0.026516272,0.0010913082,0.0087102,-0.0067772507,-0.0027389012,-0.6,0.8941538461538465,-0.6,0.0,0.0,1.5707963267948966,0.0,0.08769230769228864,0.0,0.0,0.0,0.0,0.765350035885989,0.12203531351062065,0.016278429827417895,-2.7837697933407544,-1.2326081,0.20515192,0.14926055,-1.1767167,1.6174966,-2.9187858,14.103957,0.0014691622
letter_b,pid,21.700000000000003,-0.9553329,1.2682203,-1.1730852,-0.0031293393,0.009351521,1.5868077,0.09748023,0.022265946,0.0011349093,0.009318254,-0.0072475844,-0.0026997156,-0.6,0.9029230769230772,-0.6,0.0,0.0,1.5707963267948966,0.0,0.08769230769245517,0.0,0.0,0.0,0.0,0.766896458736713,0.11740652454797669,0.01601140101882415,-2.7884478688644565,-1.2399423,0.21787104,0.16254953,-1.1846207,1.6164919,-2.919596,14.15176,0.0014741416
letter_b,pid,21.8,-0.95722735,1.2770861,-1.1730576,-0.00216222,0.008592995,1.5865455,0.088943966,0.017519211,0.0011631575,0.009695721,-0.0075770193,-0.0026465424,-0.6,0.9116923076923076,-0.6,0.0,0.0,1.5707963267948966,0.0,0.08769230769245517,0.0,0.0,0.0,0.0,0.767801402378767,0.11329892064571846,0.015749140581812426,-2.7922620923816046,-1.2448801,0.23162937,0.1768725,-1.1901232,1.6157806,-2.919999,14.188196,0.0014779371
letter_b,pid,21.900000000000002,-0.9585876,1.2850732,-1.1730113,-0.0011781256,0.007814198,1.5862889,0.08006824,0.0123406,0.0011776141,0.009862986,-0.0077824015,-0.0025819747,-0.6,0.9204615384615387,-0.6,0.0,0.0,1.5707963267948966,0.0,0.08769230769245517,0.0,0.0,0.0,0.0,0.7680290659550629,0.10995539743848734,0.015492602190699145,-2.7952096842101963,-1.2472849,0.24626385,0.19207221,-1.1930932,1.6153964,-2.919977,14.2125,0.0014804687
letter_b,pid,22.0,-0.9593759,1.2921566,-1.1729496,-0.00019552877,0.0070260437,1.586039,0.07093995,0.0067838896,0.0011801098,0.009845499,-0.007878592,-0.002508572,-0.6,0.9292307692307691,-0.6,0.0,0.0,1.5707963267948966,0.0,0.08769230769223313,0.0,0.0,0.0,0.0,0.7675528530016501,0.10761060065705914,0.015242620310511157,-2.7980665243462925,-1.2470348,0.2616214,0.20800123,-1.1934147,1.615394,-2.9194927,14.22398,0.0014816647
letter_b,pid,22.1,-0.95955926,1.2983179,-1.1728756,0.0007698818,0.006237755,1.5857962,0.061627254,0.0008937134,0.001172603,0.009671159,-0.0078824125,-0.0024287063,-0.6,0.9379999999999997,-0.6,0.0,0.0,1.5707963267948966,0.0,0.08769230769245517,0.0,0.0,0.0,0.0,0.7663539394767419,0.10645792311509983,0.014999910196985768,-2.8002547358277465,-1.2440308,0.27757004,0.22453262,-1.1909934,1.6158367,-2.9185026,14.222124,0.0014814712
letter_b,pid,22.200000000000003,-0.95910925,1.3035482,-1.1727929,0.0017049382,0.0054577226,1.5855613,0.05222365,-0.005283581,0.0011572168,0.009365226,-0.0078021316,-0.0023443764,-0.6,0.9467692307692309,-0.6,0.0,0.0,1.5707963267948966,0.0,0.08769230769239966,0.0,0.0,0.0,0.0,0.7644229297145007,0.10664503996046638,0.014764948687281178,-2.8016145253295672,-1.2381812,0.29395527,0.24151786,-1.1857438,1.6168071,-2.9169426,14.206442,0.0014798376
letter_b,pid,22.3,-0.9580014,1.3078439,-1.1727046,0.0025990328,0.0046927375,1.5853342,0.04278336,-0.011709549,0.0011360127,0.008953337,-0.0076537104,-0.0022573248,-0.6,0.9555384615384617,-0.6,0.0,0.0,1.5707963267948966,0.0,0.08769230769245517,0.0,0.0,0.0,0.0,0.7617576099047916,0.10822400705684686,0.014537854990686938,-2.802220620663908,-1.2294288,0.31065553,0.25884128,-1.1776145,1.618376,-2.9147594,14.17674,0.0014767438
letter_b,pid,22.400000000000002,-0.9562154,1.3112072,-1.172614,0.003443755,0.003948409,1.5851153,0.033364784,-0.018344088,0.0011110354,0.008457491,-0.007448946,-0.0021689222,-0.6,0.9643076923076924,-0.6,0.0,0.0,1.5707963267948966,0.0,0.08769230769228864,0.0,0.0,0.0,0.0,0.7583636447089707,0.11116726280707057,0.014318986735071705,-2.802182416559168,-1.2177331,0.32754582,0.27638173,-1.166569,1.6206183,-2.9118972,14.132979,0.0014721854
letter_b,pid,22.5,-0.9537345,1.3136451,-1.1725236,0.0042327587,0.0032292241,1.5849048,0.024018178,-0.025151692,0.0010842069,0.007898348,-0.0071990574,-0.0020803155,-0.6,0.9730769230769232,-0.6,0.0,0.0,1.5707963267948966,0.0,0.08769230769245517,0.0,0.0,0.0,0.0,0.754253340223254,0.11537684650226121,0.014108463129725024,-2.801590036378435,-1.2030692,0.3445108,0.29402798,-1.1525863,1.6236061,-2.9082966,14.075256,0.0014661726
letter_b,pid,22.6,-0.95054495,1.3151695,-1.1724364,0.00496166,0.0025386806,1.5847026,0.014788951,-0.032103155,0.0010572688,0.0072955447,-0.0069139306,-0.001992476,-0.6,0.9818461538461538,-0.6,0.0,0.0,1.5707963267948966,0.0,0.08769230769245517,0.0,0.0,0.0,0.0,0.7494461747071597,0.12070950136046443,0.013906284174646899,-2.800430048772407,-1.1854213,0.3614438,0.31167758,-1.1356552,1.6274173,-2.903896,14.00382,0.0014587311
letter_b,pid,22.700000000000003,-0.94663644,1.3157955,-1.172354,0.0056275246,0.0018793395,1.5845088,0.0057147234,-0.039163843,0.0010318997,0.0066635623,-0.00660295,-0.0019060249,-0.6,0.990615384615385,-0.6,0.0,0.0,1.5707963267948966,0.0,0.08769230769245517,0.0,0.0,0.0,0.0,0.743967765537437,0.12698899872560415,0.013712449869837329,-2.7986057328462217,-1.164798,0.37824014,0.32922882,-1.1157868,1.632113,-2.8986428,13.919115,0.0014499077
letter_b,pid,22.8,-0.9420016,1.3155394,-1.1722785,0.0062287888,0.001252365,1.5843232,-0.0031980558,-0.046304528,0.0010095425,0.0060161334,-0.006280096,-0.0018214682,-0.6,0.9993846153846153,-0.6,0.0,0.0,1.5707963267948966,0.0,0.08769230769245517,0.0,0.0,0.0,0.0,0.7378493155831528,0.13403879522001844,0.013526841006006762,-2.796026263320181,-1.1412305,0.3948259,0.3466099,-1.0930144,1.6377394,-2.892501,13.821867,0.0014397777
letter_b,pid,22.900000000000002,-0.93663573,1.3144209,-1.1722112,0.006765021,0.0006586189,1.5841455,-0.011909749,-0.053496886,0.0009915318,0.0053645456,-0.0059484085,-0.0017391868,-0.5125500000000005,1.0,-0.6,0.0,0.0,0.0,0.9405000000015096,0.0,0.0,0.0,0.0,0.0,0.7785466321921202,0.9539115423499535,1.5841455459594727,-2.791300221216471,-6.072709,5.1447725,-3.013573,2.0856364,0.9110523,-3.6187778,90.703545,0.009448287
letter_b,pid,23.0,-0.9297015,1.3123195,-1.1721585,0.00775367,0.00013156896,1.580031,-0.021939185,-0.06905061,0.0009792,0.00991359,-0.005548719,-0.041107725,-0.4185000000000009,1.0,-0.6,0.0,0.0,0.0,0.9404999999995667,0.0,0.0,0.0,0.0,0.0,0.828393497993721,0.9649135347145559,1.5800310373306274,-2.7840760144655468,-6.2137365,5.3326583,-2.7850459,1.9039674,0.75834006,-3.7711146,93.22572,0.009711011
letter_b,pid,23.1,-0.92105055,1.3092599,-1.1721247,0.00909979,-0.00032730235,1.5723141,-0.03139405,-0.08621839,0.0010023072,0.013471351,-0.0051869173,-0.077131785,-0.32444999999999735,1.0,-0.6,0.0,0.0,0.0,0.9404999999995667,0.0,0.0,0.0,0.0,0.0,0.88255346416639,0.9757113601670729,1.5723141431808472,-2.774207990210412,-6.3350906,5.5221815,-2.5406227,1.7277137,0.607676,-3.9214292,95.8145,0.009980676
letter_b,pid,23.200000000000003,-0.9105511,1.3052663,-1.1721145,0.010704576,-0.0007180569,1.5614643,-0.040094607,-0.104928486,0.0010702163,0.01601235,-0.004894677,-0.108457744,-0.2303999999999977,1.0,-0.6,0.0,0.0,0.0,0.9404999999995667,0.0,0.0,0.0,0.0,0.0,0.9397382407445625,0.9861931428463676,1.5614643096923828,-2.761748247463357,-6.437394,5.714693,-2.2830431,1.560342,0.4592205,-4.069565,98.51696,0.010262182
letter_b,pid,23.3,-0.89808804,1.300361,-1.1721327,0.012474076,-0.0010430841,1.5480194,-0.04788751,-0.12507688,0.0011908029,0.017598458,-0.0046892776,-0.13440654,-0.13634999999999803,1.0,-0.6,0.0,0.0,0.0,0.9405000000015235,0.0,0.0,0.0,0.0,0.0,0.9988981191685382,0.9962708043939212,1.5480194091796875,-2.746905471004448,-6.5214276,5.9106984,-2.0153577,1.4046286,0.31346455,-4.215043,101.364876,0.010558841
letter_b,pid,23.400000000000002,-0.88356316,1.2945637,-1.1721842,0.01432543,-0.001307338,1.5325187,-0.05465127,-0.14652567,0.0013699583,0.01835185,-0.0045758416,-0.1549611,-0.049515678208936036,0.9999900788697373,-0.6,0.0,0.0,-0.02048171917883221,0.0591564473371789,-0.0012117951964096818,0.0,0.0,0.0,0.0,1.0534721565486653,0.18458113323556855,1.5530004636475212,-2.729464099434332,-6.0658174,5.5181212,-2.3995073,1.8518107,0.7190781,-3.8092303,91.457954,0.00952687
letter_b,pid,23.5,-0.8675068,1.2878661,-1.1722646,0.015991526,-0.0015188352,1.5154167,-0.06078309,-0.1630029,0.0016114216,0.01643738,-0.0045646145,-0.17097278,-0.043600033475228145,0.9998688993501005,-0.6,0.0,0.0,-0.020481719177895423,0.05915644733717543,-0.0012117951963541707,0.0,0.0,0.0,0.0,1.0436721251443306,0.20140617741516695,1.5358984605490502,-2.710100275129613,-5.9527044,5.5007434,-2.3076305,1.8556691,0.73688805,-3.7912323,89.37798,0.0093102055
letter_b,pid,23.6,-0.8500014,1.2802666,-1.1723729,0.017422242,-0.0016900415,1.4971507,-0.06619041,-0.17898467,0.0018792846,0.01402973,-0.004632741,-0.18260983,-0.03768438874151977,0.9997477198304636,-0.6,0.0,0.0,-0.02048171917883221,0.0591564473371789,-0.0012117951964096818,0.0,0.0,0.0,0.0,1.0325505137790796,0.21752829974445323,1.5176323787399895,-2.6890409911040356,-5.833116,5.4805746,-2.2181242,1.8655827,0.75582784,-3.7722323,87.26342,0.00908994
letter_b,pid,23.700000000000003,-0.8311336,1.2717627,-1.172507,0.018589083,-0.0018340352,1.4780711,-0.07092804,-0.19441555,0.0021656002,0.011345962,-0.004763623,-0.19074075,-0.031768744007811635,0.9996265403108268,-0.6,0.0,0.0,-0.020481719177852194,0.05915644733730033,-0.0012117951963541707,0.0,0.0,0.0,0.0,1.0201992962693542,0.23292564372541938,1.4985528127371173,-2.666483334334655,-5.707962,5.457098,-2.1321511,1.881287,0.7763399,-3.751796,85.12473,0.0088671595
letter_b,pid,23.8,-0.81099296,1.2623507,-1.1726636,0.01948059,-0.0019638357,1.4584478,-0.075070314,-0.20924675,0.0024632453,0.008555171,-0.004945356,-0.19617467,-0.0258530992741035,0.9995053607911899,-0.6,0.0,0.0,-0.020481719177936855,0.05915644733705573,-0.0012117951963541707,0.0,0.0,0.0,0.0,1.0067153617884088,0.24759126684745258,1.4789295331656689,-2.642596152205053,-5.5779815,5.4298725,-2.050468,1.902359,0.79876405,-3.7295814,82.96858,0.008642561
letter_b,pid,23.900000000000002,-0.789672,1.2520239,-1.1728376,0.020097869,-0.0020922187,1.438482,-0.07871635,-0.22343129,0.0027663682,0.0057806815,-0.005172783,-0.19959441,-0.019937454540395368,0.999384181271553,-0.6,0.0,0.0,-0.020481719177936855,0.05915644733705573,-0.0012117951963541707,0.0,0.0,0.0,0.0,0.9922001185716035,0.2615302377624129,1.4589637653052563,-2.6175255598027913,-5.4438076,5.3985825,-1.9735265,1.9283012,0.8233223,-3.705348,80.80035,0.008416704
letter_b,pid,24.0,-0.76726586,1.2407742,-1.1730239,0.020451056,-0.0022310521,1.418321,-0.08195818,-0.23693092,0.003070438,0.0031100668,-0.005439703,-0.20154092,-0.014025732271649025,0.9992063899290484,-0.6,0.0,0.0,-0.06149258724900583,0.05898876196005955,-0.0036319506239723687,0.0,0.0,0.0,0.0,0.9767712650220637,0.2725873778045898,1.4798136006996283,-2.591342042605757,-5.4136615,5.4657817,-2.008967,2.0610871,0.8500293,-3.6790576,81.72455,0.008512974
letter_b,pid,24.1,-0.74389213,1.228671,-1.1732154,0.020552358,-0.0023714304,1.3979695,-0.08413017,-0.24939126,0.003373375,0.0005589755,-0.005565307,-0.20344427,-0.008126856075652299,0.998843194866652,-0.6,0.0,0.0,-0.061492587249004034,0.05898876196006129,-0.0036319506239723687,0.0,0.0,0.0,0.0,0.9605973270531806,0.2844152682357442,1.4594620715782276,-2.5642035968606423,-5.2722044,5.423881,-1.9422231,2.0938995,0.87935144,-3.6501944,79.46845,0.008277963
letter_b,pid,24.200000000000003,-0.719706,1.2159052,-1.1734031,0.02039058,-0.0024870317,1.3775349,-0.08416821,-0.26019064,0.0036704207,-0.0021023739,-0.0053552426,-0.20427802,-0.002227979879655815,0.9984799998042555,-0.6,0.0,0.0,-0.061492587248067,0.05898876196006085,-0.0036319506239168575,0.0,0.0,0.0,0.0,0.9438429881653286,0.29381924679788896,1.4390274535810748,-2.536327678418587,-5.128758,5.3752575,-1.8829504,2.12945,0.9107612,-3.6192365,77.20596,0.00804229
letter_b,pid,24.3,-0.69489634,1.2027441,-1.1735767,0.019946974,-0.002546012,1.3570945,-0.08151453,-0.26873082,0.003947366,-0.0049444274,-0.0047572805,-0.20434819,0.0036708963163404234,0.9981168047418592,-0.6,0.0,0.0,-0.061492587248877316,0.05898876196018315,-0.0036319506239723687,0.0,0.0,0.0,0.0,0.9267463353877494,0.3000569393486674,1.418587113539771,-2.507991951604634,-4.9849343,5.318859,-1.8322082,2.1661332,0.94366574,-3.5867436,74.94418,0.0078066853
letter_b,pid,24.400000000000002,-0.6696494,1.1894143,-1.1737262,0.019216748,-0.002537096,1.336702,-0.07672667,-0.27496713,0.004185358,-0.007821445,-0.0039782855,-0.20388669,0.009569772512337149,0.9977536096794628,-0.6,0.0,0.0,-0.06149258724806654,0.05898876196006129,-0.0036319506239168575,0.0,0.0,0.0,0.0,0.9095242020675987,0.30341222252125055,1.3981945764219557,-2.4794508047657033,-4.842179,5.255207,-1.7894925,2.2025208,0.9774792,-3.5532866,72.698586,0.0075727697
letter_b,pid,24.5,-0.6441431,1.1761085,-1.173843,0.018208575,-0.0024620474,1.3163937,-0.07026602,-0.27893808,0.0043706186,-0.010596975,-0.003151978,-0.20305836,0.01546864870833339,0.9973904146170663,-0.6,0.0,0.0,-0.0614925872491312,0.05898876195993899,-0.0036319506239723687,0.0,0.0,0.0,0.0,0.8923696713974851,0.30416996786568945,1.3778863202737284,-2.4509353463756147,-4.701659,5.184958,-1.7541606,2.2374597,1.0117573,-3.5192883,70.481735,0.0073418473
letter_b,pid,24.6,-0.6185422,1.1629945,-1.1739202,0.016942708,-0.0023297959,1.2961948,-0.06249121,-0.2807372,0.0044950023,-0.013155981,-0.002355419,-0.20197886,0.021354599115733817,0.9969342074039383,-0.6,0.0,0.0,-0.10264586362082352,0.058653866528245516,-0.006041810892976063,0.0,0.0,0.0,0.0,0.8754588923698475,0.300256367622466,1.3988406554146469,-2.4226052942836294,-4.6724424,5.2120557,-1.833166,2.3727794,1.0459479,-3.4852743,71.22896,0.0074196835
letter_b,pid,24.700000000000003,-0.5929948,1.1502125,-1.1739525,0.015456119,-0.0021514941,1.2760193,-0.053756315,-0.2805252,0.004555736,-0.015335932,-0.0016353468,-0.20175603,0.02721998576854899,0.9963300263146466,-0.6,0.0,0.0,-0.10264586361988703,0.058653866528245516,-0.006041810892920552,0.0,0.0,0.0,0.0,0.8589340151122499,0.29664446518677834,1.3786651984129779,-2.394656887714418,-4.5382333,5.1299043,-1.8094869,2.4011576,1.0803869,-3.450876,69.02706,0.007190319
letter_b,pid,24.8,-0.5676321,1.137887,-1.1739367,0.013781524,-0.0019425035,1.2559084,-0.044253055,-0.27845937,0.004556349,-0.01717863,-0.0010185787,-0.20111692,0.03308537242136416,0.9957258452253548,-0.6,0.0,0.0,-0.10264586361987799,0.05865386652825072,-0.006041810892920552,0.0,0.0,0.0,0.0,0.8428965622958797,0.29124203233760454,1.3585542336378833,-2.36726377231071,-4.408334,5.043531,-1.7908889,2.426086,1.1144917,-3.4166415,66.87932,0.006966596
letter_b,pid,24.900000000000002,-0.5425651,1.1261238,-1.1738719,0.011957781,-0.0017178631,1.2358909,-0.034212098,-0.2747405,0.0045014243,-0.018626267,-0.00051243586,-0.20018673,0.038950759074179574,0.9951216641360631,-0.6,0.0,0.0,-0.10264586362010109,0.05865386652812235,-0.006041810892920552,0.0,0.0,0.0,0.0,0.8274365157041955,0.2843296129897362,1.3385367289460288,-2.34057262574347,-4.2831826,4.95368,-1.7766409,2.4471383,1.1481507,-3.382659,64.79017,0.006748976
letter_b,pid,25.0,-0.51788646,1.1150126,-1.1737585,0.010026471,-0.0014912268,1.2159868,-0.023823159,-0.26956254,0.0043984097,-0.019655034,-0.00011381645,-0.19905269,0.0448161457269945,0.9945174830467713,-0.6,0.0,0.0,-0.10264586361987799,0.05865386652825072,-0.006041810892920552,0.0,0.0,0.0,0.0,0.8126205329809788,0.2761611516345871,1.3186327114973804,-2.3147061990703808,-4.1631007,4.86106,-1.7660477,2.464007,1.181262,-3.3490112,62.762817,0.0065377946
letter_b,pid,25.1,-0.49367088,1.1046283,-1.1735988,0.008029522,-0.0012743017,1.1962105,-0.01324409,-0.26311877,0.0042563598,-0.020264396,0.00018630551,-0.19777526,0.05068153237980967,0.9939133019574796,-0.6,0.0,0.0,-0.10264586362081447,0.05865386652825072,-0.006041810892976063,0.0,0.0,0.0,0.0,0.79849415193787,0.26697564965646686,1.2988563671990005,-2.2897652576035785,-4.0483017,4.766341,-1.7584531,2.4764924,1.2137394,-3.315771,60.79943,0.0063332743
letter_b,pid,25.200000000000003,-0.46997705,1.0950332,-1.1733958,0.0060072197,-0.0010765434,1.1765718,-0.0026038531,-0.25559202,0.004084903,-0.020473279,0.00040064743,-0.19639604,0.056519956243507814,0.9931803889751123,-0.6,0.0,0.0,-0.1440368758426032,0.05815271033934866,-0.008434544992497184,0.0,0.0,0.0,0.0,0.7850832929474499,0.2545483511611827,1.320608721850904,-2.2657806993671485,-4.0478687,4.773991,-1.8615074,2.5876298,1.2451779,-3.283338,61.668045,0.006423755
letter_b,pid,25.3,-0.44684905,1.0862734,-1.1731541,0.0040037674,-0.0009042637,1.1569748,0.007957539,-0.24716607,0.0038934643,-0.02024549,0.0005455367,-0.1959769,0.06233522727742068,0.9923369344758649,-0.6,0.0,0.0,-0.1440368758419734,0.05815271033922376,-0.008434544992441673,0.0,0.0,0.0,0.0,0.7723977810511351,0.24398248729019203,1.3010116683224422,-2.242828101156875,-3.9433646,4.6758146,-1.8573289,2.5897791,1.2762666,-3.2510254,59.768013,0.006225835
letter_b,pid,25.400000000000002,-0.42431676,1.07839,-1.1728785,0.0020488917,-0.0007627479,1.1374544,0.018427238,-0.23799086,0.0036922884,-0.019725274,0.0006335959,-0.1952085,0.06815049831133353,0.9914934799766175,-0.6,0.0,0.0,-0.1440368758432134,0.058152710339098856,-0.008434544992497184,0.0,0.0,0.0,0.0,0.7604372360865405,0.23299752393213843,1.2814912663690312,-2.220962847778545,-3.8442717,4.577239,-1.8545036,2.5874708,1.3064611,-3.219381,57.934982,0.0060348944
letter_b,pid,25.5,-0.40240014,1.0714129,-1.1725743,0.000168898,-0.00065542967,1.1180357,0.028709559,-0.22819887,0.0034878484,-0.018948054,0.00067531265,-0.19418865,0.07396576934524665,0.9906500254773702,-0.6,0.0,0.0,-0.14403687584226155,0.058152710339105795,-0.008434544992441673,0.0,0.0,0.0,0.0,0.7491918506702727,0.22175532294376862,1.2620725499374155,-2.201837976161692,-3.7505987,4.478731,-1.852575,2.5807076,1.3356696,-3.1885166,56.16876,0.005850913
letter_b,pid,25.6,-0.38111037,1.065365,-1.1722468,-0.0016140984,-0.00058356806,1.098737,0.038749397,-0.21790269,0.0032855724,-0.017956454,0.0006860209,-0.19298694,0.07978104037915949,0.9898065709781227,-0.6,0.0,0.0,-0.1440368758429083,0.05815271033922376,-0.008434544992497184,0.0,0.0,0.0,0.0,0.7386449606265838,0.2103905592161194,1.2427738772619756,-2.1839201433019872,-3.6623154,4.3806896,-1.851156,2.5695302,1.3638026,-3.1585453,54.468628,0.005673815
letter_b,pid,25.700000000000003,-0.36045074,1.0602635,-1.1719016,-0.0032822408,-0.0005465294,1.0795716,0.048509583,-0.2072044,0.0030897423,-0.016793266,0.00067973364,-0.191653,0.08559631141307236,0.9889631164788756,-0.6,0.0,0.0,-0.14403687584199035,0.05815271033921682,-0.008434544992441673,0.0,0.0,0.0,0.0,0.7287750986212471,0.19902761684706466,1.223608480570689,-2.167042474582738,-3.5793576,4.283466,-1.8499048,2.5540128,1.3907757,-3.1295788,52.833534,0.0055034924
letter_b,pid,25.8,-0.34041655,1.0561184,-1.1715436,-0.0048211482,-0.0005423698,1.0605493,0.057955112,-0.19621585,0.0029036605,-0.015493039,0.00066595554,-0.19022271,0.09136562480311455,0.9879561991697356,-0.6,0.0,0.0,-0.18576150428928057,0.0574867139746596,-0.010803370457834749,0.0,0.0,0.0,0.0,0.7195443093041649,0.18543580926873168,1.2463107634750716,-2.1511428897018092,-3.6115663,4.29216,-1.9575468,2.6381404,1.4161108,-3.1021247,53.88637,0.005613163
letter_b,pid,25.900000000000002,-0.32099864,1.0529318,-1.1711779,-0.0062138126,-0.0005683143,1.0415728,0.067030005,-0.18502402,0.002729636,-0.014029564,0.00065543427,-0.18976288,0.09711429620057078,0.9868758621239492,-0.6,0.0,0.0,-0.18576150429021326,0.0574867139746596,-0.01080337045789026,0.0,0.0,0.0,0.0,0.7109331641617027,0.1745031836688381,1.2273343135095736,-2.1362302960670605,-3.538347,4.1964326,-1.9548919,2.6129777,1.4406692,-3.075349,52.3125,0.0054492187
letter_b,pid,26.0,-0.30218208,1.0507053,-1.1708086,-0.0074573616,-0.0006205606,1.0226768,0.07578161,-0.17368442,0.0025703895,-0.012542876,0.0006517004,-0.1889595,0.102862967598027,0.9857955250781627,-0.6,0.0,0.0,-0.18576150429021326,0.0574867139746596,-0.01080337045789026,0.0,0.0,0.0,0.0,0.702920461279357,0.16392542807107655,1.2084383298135897,-2.122307874199017,-3.4700494,4.102356,-1.9515903,2.5838966,1.4638119,-3.0499156,50.80052,0.0052917213
letter_b,pid,26.1,-0.28394583,1.0494375,-1.1704397,-0.008550425,-0.00069435826,1.0038861,0.084207594,-0.16227633,0.0024257826,-0.011047248,0.0006633221,-0.18790731,0.10861163899548323,0.9847151880323762,-0.6,0.0,0.0,-0.18576150429021326,0.0574867139746596,-0.01080337045789026,0.0,0.0,0.0,0.0,0.6954795614417192,0.15383090268254848,1.1896476079202791,-2.109371190115967,-3.4065394,4.010129,-1.9474456,2.5510352,1.485501,-3.025893,49.348717,0.0051404913
letter_b,pid,26.200000000000003,-0.2662669,1.0491242,-1.1700748,-0.009494287,-0.0007846473,0.98521876,0.09230027,-0.15084061,0.002295437,-0.009568233,0.00069326034,-0.18667437,0.11436031039293944,0.9836348509865898,-0.6,0.0,0.0,-0.18576150429021326,0.0574867139746596,-0.01080337045789026,0.0,0.0,0.0,0.0,0.6885864098082927,0.14431798740794693,1.1709802676416536,-2.097412324274984,-3.347708,3.9199252,-1.9422897,2.5145068,1.5056493,-3.003396,47.955566,0.004995371
letter_b,pid,26.3,-0.24911942,1.0497571,-1.1697167,-0.010291814,-0.00088648533,0.96668786,0.10004797,-0.13943525,0.0021787342,-0.0081206765,0.00074101676,-0.18531036,0.12010898179039566,0.9825545139408032,-0.6,0.0,0.0,-0.18576150429060762,0.0574867139745347,-0.01080337045789026,0.0,0.0,0.0,0.0,0.6822191265169635,0.13550781088616248,1.1524493623953134,-2.0864196600456424,-3.2934027,3.8319106,-1.935958,2.4744658,1.5242038,-2.9825015,46.61947,0.004856195
letter_b,pid,26.400000000000002,-0.23247491,1.0513246,-1.1693679,-0.010947421,-0.0009950199,0.94830287,0.10744984,-0.12810975,0.002074922,-0.006719046,0.0008068256,-0.18385118,0.12578784698144738,0.9812772756623362,-0.6,0.0,0.0,-0.2279163412997927,0.056657765273485095,-0.013141572595964934,0.0,0.0,0.0,0.0,0.6763421076225027,0.12570529976946,1.176219206328174,-2.076319666877545,-3.3546827,3.8521626,-2.0384016,2.5358815,1.5405918,-2.9638047,47.83639,0.0049829576
letter_b,pid,26.5,-0.21630341,1.0538094,-1.1690302,-0.01145975,-0.0011063892,0.9299655,0.11448021,-0.11692262,0.0019831678,-0.0053057536,0.0008938061,-0.18337528,0.13145362350879797,0.9799631184027418,-0.6,0.0,0.0,-0.22791634129984667,0.05665776527347122,-0.013141572595964934,0.0,0.0,0.0,0.0,0.67095721442983,0.11881865807763607,1.157881837363079,-2.067113746054493,-3.3083997,3.7678347,-2.028493,2.4879277,1.5559117,-2.9462214,46.547737,0.004848722
letter_b,pid,26.6,-0.20056951,1.0571948,-1.1687051,-0.011838392,-0.0012157058,0.9117092,0.12120769,-0.10591153,0.0019036904,-0.003988412,0.0009989864,-0.1825635,0.1371194000361486,0.9786489611431473,-0.6,0.0,0.0,-0.22791634129941535,0.05665776527358224,-0.013141572595964934,0.0,0.0,0.0,0.0,0.6660546156054932,0.11303354432260104,1.1396255307143934,-2.0587915906799727,-3.2660844,3.6859937,-2.0170908,2.437,1.5695161,-2.9304104,45.312164,0.0047200173
letter_b,pid,26.700000000000003,-0.18523702,1.0614612,-1.1683935,-0.012092887,-0.0013186741,0.8935584,0.12762715,-0.0951125,0.001835048,-0.0027656073,0.0011190999,-0.18150729,0.14278517656349918,0.9773348038835528,-0.6,0.0,0.0,-0.22791634129936142,0.05665776527359612,-0.013141572595964934,0.0,0.0,0.0,0.0,0.6616244980315765,0.10844009508014864,1.1214747242873375,-2.0513184104391398,-3.227583,3.606714,-2.0041237,2.3832548,1.5813789,-2.916409,44.128296,0.0045966976
letter_b,pid,26.8,-0.1702688,1.0665673,-1.1680958,-0.012228799,-0.001414755,0.87553066,0.13359381,-0.08467853,0.0017761656,-0.0015968439,0.0012192756,-0.18027525,0.14845095309084977,0.9760206466239582,-0.6,0.0,0.0,-0.22791634129936142,0.05665776527359612,-0.013141572595964934,0.0,0.0,0.0,0.0,0.6576578509991521,0.10507067389986183,1.1034470014517967,-2.0446025326727058,-3.192525,3.5302455,-1.9893384,2.327059,1.5916156,-2.9041088,42.994606,0.004478605
letter_b,pid,26.900000000000002,-0.15562971,1.0724195,-1.167812,-0.012242407,-0.0015117787,0.85763854,0.138718,-0.07494975,0.0017264264,-0.0003891985,0.00121777,-0.17891951,0.1541167296182004,0.9747064893643637,-0.6,0.0,0.0,-0.23672874699140334,0.05645233211055978,-0.013619255389840657,0.0,0.0,0.0,0.0,0.6541415361981291,0.10262577216953622,1.0943672848751618,-2.0385104524071234,-3.1833136,3.4793372,-1.995136,2.2911596,1.6004856,-2.893251,42.40171,0.0044168443
letter_b,pid,27.0,-0.1412902,1.0788893,-1.1675409,-0.0121254595,-0.0016209388,0.8398691,0.14274769,-0.06614805,0.0016851883,0.00090083556,0.0010838375,-0.17769477,0.15968412970127827,0.9731635825978271,-0.6,0.0,0.0,-0.2705987846720695,0.05566821398118871,-0.01544252351876052,0.0,0.0,0.0,0.0,0.6510500347809334,0.10078057658016348,1.110467866646099,-2.032866284818278,-3.2422326,3.494906,-2.0634465,2.31612,1.6079937,-2.8838246,43.25075,0.0045052865
letter_b,pid,27.1,-0.12722881,1.0858278,-1.1672814,-0.011867374,-0.0017537754,0.82215023,0.1455339,-0.058400027,0.0016512248,0.0022936352,0.0008201678,-0.17719133,0.16525095109938984,0.9716193302459553,-0.6,0.0,0.0,-0.27059878467107934,0.055668213981202586,-0.01544252351870501,0.0,0.0,0.0,0.0,0.6483796471746845,0.09961885367787882,1.0927490150787942,-2.0275572406766935,-3.2125947,3.428264,-2.039812,2.2554812,1.6153026,-2.8746603,42.19466,0.0043952772
letter_b,pid,27.200000000000003,-0.113431334,1.0930823,-1.1670319,-0.0114699295,-0.0019187694,0.8045138,0.14706339,-0.05172747,0.0016227317,0.0036651467,0.00044310332,-0.17637113,0.1708177724975014,0.9700750778940836,-0.6,0.0,0.0,-0.27059878467165727,0.055668213981077685,-0.01544252351870501,0.0,0.0,0.0,0.0,0.6461064087020459,0.09834789623386338,1.0751125967367818,-2.0224795187000284,-3.1836915,3.3654413,-2.0132878,2.1950376,1.6219777,-2.8661866,41.179443,0.004289525
letter_b,pid,27.3,-0.0998908,1.100506,-1.1667912,-0.010939748,-0.002120678,0.7869833,0.1473893,-0.04610019,0.0015962857,0.004965442,-8.268154e-06,-0.17531605,0.1763845938956132,0.968530825542212,-0.6,0.0,0.0,-0.270598784672519,0.05566821398109156,-0.01544252351876052,0.0,0.0,0.0,0.0,0.6442032213792487,0.09672226752577469,1.0575820958488191,-2.0175480474227565,-3.1551013,3.306292,-1.9840186,2.135209,1.6281073,-2.8583179,40.202393,0.0041877492
letter_b,pid,27.400000000000002,-0.08660388,1.1079677,-1.1665579,-0.010288667,-0.002359611,0.7695762,0.14665478,-0.04144194,0.001568481,0.0061416635,-0.00048493122,-0.17408676,0.18195141529372477,0.9669865731903403,-0.6,0.0,0.0,-0.2705987846725832,0.055668213981077685,-0.01544252351876052,0.0,0.0,0.0,0.0,0.6426394771358268,0.09464135367525253,1.040174976574744,-2.012699166926227,-3.1265152,3.2505412,-1.9522741,2.0763001,1.6337378,-2.8510077,39.260857,0.004089672
letter_b,pid,27.5,-0.0735694,1.1153597,-1.1663313,-0.009533897,-0.0026312065,0.7523052,0.14505409,-0.037626997,0.0015364512,0.007140167,-0.0009388919,-0.17272824,0.18750146258521244,0.9654093211687014,-0.6,0.0,0.0,-0.31390704160044586,0.0545208650881146,-0.017699700930795537,0.0,0.0,0.0,0.0,0.6413846218002321,0.09271311705370792,1.0662122512371341,-2.0078326791579704,-3.211712,3.3070035,-2.0311723,2.126464,1.6382989,-2.8448312,40.67596,0.0042370795
letter_b,pid,27.6,-0.06078441,1.122598,-1.166111,-0.008689302,-0.0029273224,0.7350716,0.14281255,-0.034529697,0.0014980766,0.0079924995,-0.0013180227,-0.17235567,0.1929535490940165,0.9636393510756215,-0.6,0.0,0.0,-0.3139070416012921,0.05452086508812848,-0.017699700930851048,0.0,0.0,0.0,0.0,0.6404158622273273,0.08989390770681037,1.0489786410847821,-2.002956384919465,-3.1821873,3.2558753,-1.9946605,2.0683486,1.642901,-2.8386805,39.741005,0.0041396883
letter_b,pid,27.700000000000003,-0.048237126,1.129635,-1.1658969,-0.007782892,-0.0032345036,0.71791023,0.14027132,-0.0319627,0.0014528661,0.008561737,-0.0015805174,-0.17163314,0.19840563560282048,0.9618693809825416,-0.6,0.0,0.0,-0.3139070416003711,0.05452086508812848,-0.017699700930795537,0.0,0.0,0.0,0.0,0.639700898862642,0.08694069614651805,1.0318172717601306,-1.9980971684717983,-3.1524615,3.2068734,-1.9568805,2.0112922,1.6468133,-2.833288,38.83624,0.004045442
letter_b,pid,27.8,-0.035906386,1.1364568,-1.1656891,-0.006844141,-0.0035359636,0.70084673,0.13775443,-0.02974332,0.0014005097,0.0088355895,-0.0016864948,-0.17065257,0.20385772211162453,0.9600994108894618,-0.6,0.0,0.0,-0.3139070416002963,0.054520865088142356,-0.017699700930795537,0.0,0.0,0.0,0.0,0.6392127523195537,0.08411204275286037,1.0147537732630465,-1.993304175041922,-3.12276,3.1594737,-1.9183584,1.9550722,1.6499193,-2.828773,37.960503,0.0039542187
letter_b,pid,27.900000000000002,-0.023759875,1.1430851,-1.1654881,-0.0059031197,-0.003812769,0.6838998,0.13558467,-0.02767922,0.0013416434,0.008810978,-0.001608136,-0.16948272,0.20930980862042856,0.9583294407963818,-0.6,0.0,0.0,-0.3139070416003711,0.05452086508812848,-0.017699700930795537,0.0,0.0,0.0,0.0,0.6389311055763636,0.0816867849642563,0.9978068614512927,-1.988648026892945,-3.0934258,3.113157,-1.879615,1.8993462,1.6520631,-2.8252928,37.113087,0.003865947
letter_b,pid,28.0,-0.011754046,1.1495751,-1.1652942,-0.004990139,-0.004044992,0.6670833,0.13407056,-0.025558295,0.0012775325,0.008488635,-0.0013295034,-0.16817467,0.2147618951292326,0.956559470703302,-0.6,0.0,0.0,-0.3139070416016152,0.0545208650882395,-0.01769970093090656,0.0,0.0,0.0,0.0,0.638844276324588,0.07994713002920646,0.9809903646034768,-1.9842237369065208,-3.0649273,3.0674334,-1.8411428,1.8436488,1.6530241,-2.8230667,36.29397,0.003780622
letter_b,pid,28.1,0.00016641807,1.1560167,-1.1651076,-0.004135411,-0.0042124344,0.6504072,0.13351104,-0.02315092,0.001209645,0.007872729,-0.0008422549,-0.16676624,0.22017515321426936,0.9547236776335989,-0.6,0.0,0.0,-0.35794001536394543,0.053218970879356786,-0.019906706617556225,0.0,0.0,0.0,0.0,0.6389595729143259,0.08036668457903905,1.008347210455193,-1.9800363993734515,-3.1538186,3.132928,-1.9179789,1.8970883,1.6518761,-2.8230202,37.737534,0.0039309934
letter_b,pid,28.200000000000003,0.012054181,1.1624966,-1.1649289,-0.003354678,-0.0043022004,0.6337685,0.13385032,-0.020416733,0.0011385179,0.0071064434,-0.00020958272,-0.16638747,0.22549705030220688,0.9527330069718406,-0.6,0.0,0.0,-0.357940015364031,0.05321897087934291,-0.019906706617556225,0.0,0.0,0.0,0.0,0.6392990587103338,0.08064100073785647,0.9917085142615835,-1.9761501724781476,-3.1279469,3.086427,-1.8800232,1.8385032,1.6498064,-2.8239658,36.92131,0.0038459694
letter_b,pid,28.3,0.023957115,1.1690879,-1.1647586,-0.0026658163,-0.004309722,0.6171998,0.13495292,-0.017378222,0.0010648301,0.0061757984,0.00048060584,-0.16568506,0.23081894739014422,0.9507423363100824,-0.6,0.0,0.0,-0.35794001536411657,0.05321897087932903,-0.019906706617556225,0.0,0.0,0.0,0.0,0.6398584466816528,0.08177998018281676,0.9751397939209403,-1.9726158381163288,-3.1038365,3.0402162,-1.8425928,1.7789726,1.646084,-2.826637,36.136078,0.0037641749
letter_b,pid,28.400000000000002,0.035916742,1.175851,-1.164597,-0.0020788263,-0.004236262,0.6007249,0.13667811,-0.014066699,0.0009887135,0.0051598814,0.0011737891,-0.16474491,0.23614084447808154,0.9487516656483241,-0.6,0.0,0.0,-0.3579400153633464,0.05321897087945393,-0.019906706617556225,0.0,0.0,0.0,0.0,0.6406509225065966,0.08366906180423143,0.9586648912903178,-1.9694781951861144,-3.081579,2.9944465,-1.8055519,1.7184193,1.6407244,-2.8310208,35.382477,0.0036856746
letter_b,pid,28.5,0.04797092,1.1828365,-1.1644449,-0.0015975104,-0.004086498,0.5843614,0.13892855,-0.010511278,0.00091064256,0.004119958,0.0018377986,-0.16363044,0.2414627415660184,0.9467609949865661,-0.6,0.0,0.0,-0.35794001536394543,0.053218970879356786,-0.019906706617556225,0.0,0.0,0.0,0.0,0.6416921502652054,0.0862278079870234,0.9423013897421497,-1.966773573157365,-3.0612545,2.9492252,-1.7688036,1.6567743,1.6337706,-2.8370774,34.66099,0.00361052
letter_b,pid,28.6,0.060153827,1.1900865,-1.1643028,-0.001220825,-0.0038673973,0.568122,0.14161354,-0.0067410343,0.0008314526,0.0031032353,0.002450428,-0.16238835,0.24678463865395614,0.9447703243248078,-0.6,0.0,0.0,-0.35794001536326087,0.05321897087946781,-0.019906706617556225,0.0,0.0,0.0,0.0,0.6429998113203167,0.08937352307289292,0.9260620446677652,-1.964529214768632,-3.042918,2.9046588,-1.7322493,1.5939903,1.6252775,-2.8447535,33.972034,0.0035387536
letter_b,pid,28.700000000000003,0.07249631,1.1976331,-1.1641713,-0.0009435824,-0.003587414,0.55201626,0.14464489,-0.0027982846,0.0007522354,0.002149553,0.0029964512,-0.16105309,0.25204111955148223,0.9426828147722692,-0.6,0.0,0.0,-0.40279704276966066,0.051766221715765504,-0.0220572845817113,0.0,0.0,0.0,0.0,0.6446125265762405,0.09485737326974539,0.9548133010094068,-1.9626999388246307,-3.144804,2.97411,-1.8124175,1.6417235,1.6145939,-2.854703,35.471478,0.0036949457
letter_b,pid,28.8,0.085023664,1.2054977,-1.1640509,-0.0007500243,-0.003255523,0.53593886,0.14791277,0.0012706266,0.0006743208,0.0013588201,0.0034706125,-0.16076952,0.2572177417230517,0.9404770863141028,-0.6,0.0,0.0,-0.4027970427696015,0.05176622171590428,-0.02205728458176681,0.0,0.0,0.0,0.0,0.6465602890650701,0.0989383898772695,0.9387359017555024,-1.9613216276477181,-3.1299443,2.9301639,-1.7749196,1.5751393,1.6032846,-2.8653572,34.79461,0.0036244383
letter_b,pid,28.900000000000002,0.09776237,1.2136981,-1.1639421,-0.0006336857,-0.002880569,0.51992244,0.15140347,0.005454955,0.00059961464,0.0006419679,0.003869665,-0.1601607,0.2623943638946212,0.9382713578559363,-0.6,0.0,0.0,-0.40279704276966066,0.051766221715765504,-0.0220572845817113,0.0,0.0,0.0,0.0,0.6488407366921559,0.10336761815469749,0.9227194780533216,-1.960416199644186,-3.1170342,2.8871646,-1.7372683,1.5073987,1.5906286,-2.8774362,34.15171,0.00355747
letter_b,pid,29.0,0.110736355,1.2222456,-1.1638452,-0.00058594305,-0.0024710447,0.50399137,0.15506285,0.009723116,0.0005292871,1.8521941e-05,0.004196195,-0.15930736,0.2675709860661904,0.93606562939777,-0.6,0.0,0.0,-0.40279704276966066,0.051766221715765504,-0.0220572845817113,0.0,0.0,0.0,0.0,0.6514732924656617,0.10807621518566453,0.9067884082023999,-1.9600011165947953,-3.1060703,2.8451817,-1.6994133,1.4385247,1.5767183,-2.8908463,33.543125,0.0034940755
letter_b,pid,29.1,0.12396771,1.2311478,-1.1637603,-0.00059718965,-0.002034622,0.48816404,0.15885457,0.014055791,0.00046454984,-0.0005035662,0.0044569643,-0.15827017,0.2727476082377601,0.9338599009396034,-0.6,0.0,0.0,-0.4027970427695265,0.05176622171565448,-0.02205728458165579,0.0,0.0,0.0,0.0,0.6544778182793937,0.1130145355451086,0.8909610802355756,-1.9600862413201363,-3.097057,2.8042648,-1.6613208,1.3685284,1.5616282,-2.90551,32.969193,0.0034342909
letter_b,pid,29.200000000000003,0.13747685,1.2404068,-1.1636876,-0.00065674353,-0.0015782969,0.47245422,0.16273838,0.018416176,0.0004065829,-0.0009151735,0.004657068,-0.15709499,0.2779242304093298,0.9316541724814369,-0.6,0.0,0.0,-0.4027970427693331,0.05176622171568224,-0.02205728458165579,0.0,0.0,0.0,0.0,0.6578733299450815,0.11812318497904183,0.8752512628258668,-1.9606782138262873,-3.0899591,2.7644594,-1.6229548,1.297455,1.5454615,-2.9213212,32.430023,0.0033781275
letter_b,pid,29.3,0.15128233,1.2500211,-1.1636271,-0.0007540031,-0.0011081944,0.4568723,0.16668445,0.022785844,0.0003565007,-0.0012185248,0.004803358,-0.15581593,0.28300450926349247,0.9293226723378716,-0.6,0.0,0.0,-0.4485774456899736,0.05016673557231566,-0.024145338776093705,0.0,0.0,0.0,0.0,0.6617203161867532,0.12561465086868057,0.90544975990468,-1.961712892163677,-3.205498,2.841491,-1.7032207,1.3392138,1.527451,-2.9390457,34.01484,0.0035432123
letter_b,pid,29.400000000000002,0.16539852,1.2599832,-1.1635787,-0.0008710335,-0.0006294522,0.44131178,0.17063142,0.027130391,0.0003152845,-0.0013427451,0.0049047465,-0.15560144,0.2880211828207274,0.926908138460256,-0.6,0.0,0.0,-0.44857744569090563,0.05016673557242668,-0.024145338776204728,0.0,0.0,0.0,0.0,0.6660302600012014,0.1309237983492992,0.8898892223289366,-1.9632091406693342,-3.2016213,2.8030329,-1.6631297,1.2645411,1.5093285,-2.9569445,33.49403,0.0034889616
letter_b,pid,29.5,0.17984243,1.2702839,-1.163542,-0.0010012995,-0.00014647885,0.425806,0.17459811,0.03144491,0.0002841764,-0.0014002607,0.004964792,-0.15505365,0.29303785637796176,0.9244936045826408,-0.6,0.0,0.0,-0.4485774456897575,0.05016673557234341,-0.024145338776093705,0.0,0.0,0.0,0.0,0.6707933970741771,0.13628471752650576,0.8743834316173393,-1.9655080116323593,-3.1994982,2.765801,-1.6225868,1.1888896,1.4902753,-2.9758303,33.00918,0.0034384558
letter_b,pid,29.6,0.19462629,1.2809106,-1.1635166,-0.0011383253,0.00033635276,0.41038027,0.17853144,0.035712004,0.00026359,-0.0013928537,0.0049827714,-0.1542522,0.29805452993519654,0.9220790707050253,-0.6,0.0,0.0,-0.4485774456909392,0.0501667355725377,-0.02414533877626024,0.0,0.0,0.0,0.0,0.6760240234180646,0.1416349808029671,0.8589577197483276,-1.9684181334898083,-3.1990764,2.7298527,-1.5815591,1.1123356,1.4703435,-2.995647,32.560616,0.0033917308
letter_b,pid,29.700000000000003,0.20975994,1.2918481,-1.163502,-0.0012760094,0.0008153739,0.39505392,0.18240657,0.039915677,0.00025371928,-0.0013252902,0.004964672,-0.15325797,0.3030712034924311,0.9196645368274099,-0.6,0.0,0.0,-0.44857744569090563,0.05016673557242668,-0.024145338776204728,0.0,0.0,0.0,0.0,0.6817345886148534,0.14693962410659514,0.843631368820941,-1.9717890845435853,-3.2003093,2.6952093,-1.540043,1.0349431,1.4495858,-3.016337,32.14856,0.0033488085
letter_b,pid,29.8,0.22525203,1.3030788,-1.1634973,-0.0014085995,0.0012877503,0.37984157,0.18621066,0.044034194,0.00025461797,-0.001201864,0.0049178717,-0.15211736,0.30808787704966545,0.9172500029497945,-0.6,0.0,0.0,-0.44857744569022345,0.050166735572398924,-0.024145338776149217,0.0,0.0,0.0,0.0,0.6879352111004379,0.15217247944222909,0.8284190117760388,-1.9756180322193173,-3.2031412,2.6618702,-1.4980509,0.9567799,1.4280642,-3.0378323,31.773045,0.003309692
letter_b,pid,29.900000000000002,0.24111016,1.3145856,-1.163502,-0.00153158,0.0017515538,0.36475435,0.18994224,0.048068415,0.00026621931,-0.0010355191,0.0048505487,-0.15086535,0.31297316001769315,0.9146831124069823,-0.6,0.0,0.0,-0.49537985548168156,0.04842504636656808,-0.026164950384544028,0.0,0.0,0.0,0.0,0.6947091064337472,0.1598054434641072,0.8601342044749829,-1.9798333447542298,-3.3310657,2.7482107,-1.5770823,0.9942274,1.4048547,-3.0610535,33.468002,0.0034862503
letter_b,pid,30.0,0.257339,1.3263482,-1.163515,-0.0016337503,0.002205761,0.3496839,0.1935712,0.05199602,0.00028835284,-0.0007577359,0.004772881,-0.15069713,0.31781566465435074,0.9120666173685248,-0.6,0.0,0.0,-0.495379855482737,0.04842504636665135,-0.02616495038465505,0.0,0.0,0.0,0.0,0.7020226263990055,0.1648533430247153,0.8450637660910286,-1.9844478123989142,-3.336467,2.7164943,-1.5330286,0.91305596,1.3818358,-3.0841122,33.11642,0.003449627
letter_b,pid,30.1,0.273947,1.3383462,-1.1635355,-0.0017149954,0.0026498348,0.33466402,0.19713435,0.055819754,0.0003211443,-0.0004811485,0.0046861195,-0.15019101,0.32265816929100843,0.9094501223300672,-0.6,0.0,0.0,-0.495379855482737,0.04842504636665135,-0.02616495038465505,0.0,0.0,0.0,0.0,0.709856952220535,0.16981180919810138,0.8300438724447884,-1.9894630574946477,-3.3432813,2.6860855,-1.4884206,0.83122486,1.358074,-3.107937,32.80255,0.0034169324
letter_b,pid,30.200000000000003,0.29094067,1.3505577,-1.1635624,-0.0017749061,0.0030833238,0.31972057,0.2006174,0.05952258,0.00036408287,-0.00020313122,0.004591161,-0.14942628,0.32750067392766663,0.9068336272916093,-0.6,0.0,0.0,-0.49537985548096247,0.04842504636665135,-0.026164950384544028,0.0,0.0,0.0,0.0,0.7182132489152486,0.17465680300216216,0.8151004217536981,-1.9948689703255105,-3.3514585,2.6569707,-1.4432975,0.74880975,1.3336165,-3.132474,32.526516,0.0033881788
letter_b,pid,30.3,0.308323,1.3629552,-1.1635948,-0.0018119876,0.0035052493,0.3048733,0.20398,0.06305872,0.00041663306,8.697407e-05,0.0044827736,-0.14846444,0.33234317856432405,0.9042171322531518,-0.6,0.0,0.0,-0.49537985548168156,0.04842504636656808,-0.026164950384544028,0.0,0.0,0.0,0.0,0.7270878498570686,0.17932757736462268,0.8002531431594464,-2.0004755360832096,-3.3608828,2.6291494,-1.3976767,0.6659435,1.3085608,-3.1576197,32.287834,0.0033633162
letter_b,pid,30.400000000000002,0.32603425,1.3754342,-1.1636313,-0.0018070663,0.0038971317,0.29013646,0.2064035,0.06587039,0.00047855373,0.0005657752,0.0041858437,-0.14735995,0.3371856832009822,0.901600637214694,-0.6,0.0,0.0,-0.49537985548266544,0.04842504636676237,-0.02616495038471056,0.0,0.0,0.0,0.0,0.736425710394423,0.1828330458407927,0.7855163119722284,-2.0060358971566123,-3.3701396,2.6033027,-1.350861,0.58402395,1.2838207,-3.1824493,32.077114,0.0033413663
letter_b,pid,30.5,0.34395963,1.3878278,-1.1636696,-0.0017302,0.004230884,0.27552065,0.20721744,0.067473024,0.0005469961,0.0013382591,0.0036016316,-0.14615086,0.34185787317948757,0.8988078007416498,-0.6,0.0,0.0,-0.5433012653040349,0.04654609110574248,-0.028110394598435118,0.0,0.0,0.0,0.0,0.7462361117441305,0.18695392881382636,0.8188219178366124,-2.0112000640362115,-3.504326,2.7012446,-1.4266204,0.623539,1.2592689,-3.207083,33.872208,0.0035283554
letter_b,pid,30.6,0.36193612,1.3999219,-1.1637067,-0.0015401427,0.004475347,0.26091415,0.20588656,0.06747459,0.0006163683,0.0025185547,0.0026973512,-0.14605914,0.3465124822900549,0.8959967612818094,-0.6,0.0,0.0,-0.5433012653040349,0.04654609110574248,-0.028110394598435118,0.0,0.0,0.0,0.0,0.7562695464978543,0.18581241413285485,0.8042154122042119,-2.0157897179312725,-3.5084019,2.679669,-1.374861,0.546128,1.2377968,-3.2286205,33.63414,0.0035035561
letter_b,pid,30.700000000000003,0.3798054,1.4115152,-1.1637396,-0.0012171654,0.004610643,0.24635105,0.20255092,0.065912776,0.0006789133,0.0038815201,0.0015772423,-0.1456274,0.35116709140062236,0.893185721821969,-0.6,0.0,0.0,-0.5433012653042988,0.046546091105714726,-0.028110394598435118,0.0,0.0,0.0,0.0,0.7663471347174304,0.1821491791011363,0.789652313654633,-2.019703185844326,-3.5088346,2.6606197,-1.3212022,0.4729872,1.2186044,-3.2478657,33.393738,0.003478514
letter_b,pid,30.8,0.3974347,1.4224472,-1.1637657,-0.00075769133,0.0046323016,0.2318583,0.19762935,0.063026085,0.0007272346,0.0052629476,0.00039298966,-0.14492561,0.35582170051118944,0.8903746823621286,-0.6,0.0,0.0,-0.5433012653049087,0.04654609110574248,-0.02811039459849063,0.0,0.0,0.0,0.0,0.7763147177433982,0.17644414759290716,0.7751595634873962,-2.0228563910567803,-3.5056553,2.6435382,-1.2662345,0.40411764,1.2015724,-3.264942,33.148197,0.003452937
letter_b,pid,30.900000000000002,0.41470775,1.4325885,-1.1637832,-0.00016944308,0.0045444435,0.21745709,0.19141014,0.05900684,0.0007564695,0.0065495875,-0.0007694697,-0.14401115,0.3604763096217568,0.8875636429022882,-0.6,0.0,0.0,-0.5433012653049087,0.04654609110574248,-0.02811039459849063,0.0,0.0,0.0,0.0,0.7860309068800433,0.1690431224264938,0.7607583511527634,-2.025715410604062,-3.4988358,2.6280046,-1.2103997,0.33956847,1.1865785,-3.2799742,32.894833,0.0034265453
letter_b,pid,31.0,0.43152118,1.4418352,-1.1637913,0.0005323251,0.004356218,0.2031639,0.18412265,0.054014962,0.0007639211,0.0076672253,-0.001858032,-0.14293066,0.3651191591111942,0.8847416925521189,-0.6,0.0,0.0,-0.5924357634531313,0.04453519589253663,-0.029976156844691015,0.0,0.0,0.0,0.0,0.7953760077889858,0.16291024982875432,0.7955996703850085,-2.027902151126703,-3.6175227,2.7381842,-1.2813553,0.4020167,1.1726316,-3.293957,34.61283,0.0036055034
letter_b,pid,31.1,0.4477834,1.4501034,-1.1637906,0.0013354036,0.0040807286,0.18886878,0.17595868,0.04816993,0.00074872165,0.00865351,-0.0028309927,-0.14294843,0.3695726787004402,0.8817440768676541,-0.6,0.0,0.0,-0.5924357634542778,0.04453519589250887,-0.029976156844746527,0.0,0.0,0.0,0.0,0.8043687359449684,0.1529035744608971,0.7813045394180611,-2.0292066985074793,-3.6027777,2.7237558,-1.2235814,0.34455955,1.1613204,-3.3053071,34.28845,0.003571713
letter_b,pid,31.200000000000003,0.46341887,1.4573276,-1.163782,0.0022148192,0.0037324196,0.17460904,0.16713588,0.041603904,0.0007116525,0.009376056,-0.00367351,-0.14259149,0.37402619828968664,0.8787464611831892,-0.6,0.0,0.0,-0.5924357634534118,0.04453519589259214,-0.029976156844746527,0.0,0.0,0.0,0.0,0.8127713905285214,0.14196879652518468,0.7670447987069365,-2.029592813525172,-3.584263,2.7099397,-1.1657777,0.29145426,1.1516795,-3.3149958,33.950264,0.0035364854
letter_b,pid,31.3,0.478362,1.4634577,-1.1637679,0.0031459786,0.0033258444,0.16041344,0.15780681,0.034410115,0.0006544103,0.009841431,-0.0043801446,-0.14194554,0.37847971787893253,0.8757488454987246,-0.6,0.0,0.0,-0.5924357634531395,0.04453519589245336,-0.029976156844635504,0.0,0.0,0.0,0.0,0.8204952493467567,0.1302938206597197,0.7528492074953453,-2.0290307027809833,-3.5620005,2.6964438,-1.1082629,0.24270606,1.1436805,-3.3230646,33.596573,0.0034996427
letter_b,pid,31.400000000000002,0.49255568,1.4684554,-1.1637508,0.0041058166,0.0028747285,0.14630407,0.14809589,0.026666692,0.0005794305,0.010067636,-0.0049550124,-0.14107801,0.38293323746817864,0.8727512298142599,-0.6,0.0,0.0,-0.5924357634539891,0.04453519589253663,-0.029976156844746527,0.0,0.0,0.0,0.0,0.827463296005258,0.11804052506465783,0.7387398344035435,-2.027501254614943,-3.5360072,2.6830082,-1.0513146,0.19831562,1.1373165,-3.3295305,33.225735,0.0034610138
letter_b,pid,31.5,0.50595117,1.4722939,-1.163734,0.005073239,0.0023917286,0.13229777,0.1381185,0.018448278,0.0004896221,0.0100768665,-0.0054050274,-0.14004138,0.3873867570574247,0.8697536141297952,-0.6,0.0,0.0,-0.5924357634528427,0.04453519589256438,-0.029976156844691015,0.0,0.0,0.0,0.0,0.8336115619583045,0.10537078097184585,0.7247335326417236,-2.0249941262236018,-3.5063221,2.6693919,-0.995186,0.15825574,1.1325887,-3.3344097,32.836433,0.003420462
letter_b,pid,31.6,0.51850677,1.4749557,-1.1637207,0.006029438,0.0018880387,0.11840737,0.1279695,0.00982462,0.00038815543,0.00989421,-0.005741522,-0.13887632,0.3917952843295221,0.8667185080964281,-0.6,0.0,0.0,-0.6428729019989252,0.04239806082798059,-0.031756948417560604,0.0,0.0,0.0,0.0,0.838921517350611,0.09514015582353134,0.7612802706588984,-2.021444223588995,-3.60566,2.7833176,-1.0706525,0.24831013,1.1285229,-3.338692,34.376022,0.0035808356
letter_b,pid,31.700000000000003,0.5301835,1.4764298,-1.1637146,0.006966125,0.0013741765,0.10451666,0.117690474,0.00084605097,0.00027826082,0.009629133,-0.005976054,-0.13887331,0.39603509041231194,0.863542813254677,-0.6,0.0,0.0,-0.6428729019984005,0.04239806082795283,-0.03175694841750509,0.0,0.0,0.0,0.0,0.8434456004355029,0.0820486468418829,0.7473895646556614,-2.0168762697442677,-3.5681307,2.7678156,-1.0154227,0.21510763,1.1270045,-3.3405063,33.898838,0.0035311289
letter_b,pid,31.8,0.5409508,1.4767131,-1.1637189,0.007866339,0.00085787015,0.09066079,0.10738053,-0.008415145,0.00016326549,0.009192543,-0.006128147,-0.13851932,0.40027489649510184,0.860367118412926,-0.6,0.0,0.0,-0.6428729019989252,0.04239806082798059,-0.031756948417560604,0.0,0.0,0.0,0.0,0.8470248320922039,0.0690477224306773,0.7335336901177645,-2.0113222564486612,-3.5269406,2.7516594,-0.961368,0.1860869,1.1270697,-3.3408318,33.40124,0.0034792956
letter_b,pid,31.900000000000002,0.55078363,1.4758086,-1.1637368,0.008716511,0.0003455593,0.07686697,0.09710606,-0.01790912,4.6085646e-05,0.008620052,-0.0062080063,-0.13789353,0.4045147025778918,0.8571914235711751,-0.6,0.0,0.0,-0.6428729019989252,0.04239806082798059,-0.031756948417560604,0.0,0.0,0.0,0.0,0.8496358273427034,0.05643341061056473,0.7197398714651346,-2.0049817014815687,-3.482179,2.7346728,-0.9086968,0.16119061,1.1287653,-3.3396366,32.883,0.003425313
letter_b,pid,32.0,0.5596622,1.4737259,-1.1637709,0.009506006,-0.00015752863,0.063156284,0.08692452,-0.027585529,-7.0484384e-05,0.007942332,-0.006225766,-0.13705778,0.40875450866068164,0.854015728729424,-0.6,0.0,0.0,-0.6428729019993429,0.042398060827869566,-0.03175694841750509,0.0,0.0,0.0,0.0,0.8512646454995783,0.04472148872265484,0.7060291863912229,-1.9980778091886093,-3.433943,2.7167032,-0.857586,0.14034599,1.1321286,-3.3368945,32.34417,0.003369185
letter_b,pid,32.1,0.5675707,1.4704794,-1.1638236,0.010226763,-0.00064743625,0.04954499,0.076878026,-0.037395522,-0.00018384962,0.007186126,-0.006192726,-0.13606024,0.41299431474347154,0.8508400338876729,-0.6,0.0,0.0,-0.6428729019986078,0.0423980608277863,-0.03175694841739407,0.0,0.0,0.0,0.0,0.8519059910359463,0.03493845044938516,0.6924178920613214,-1.9903102379314268,-3.3823276,2.6976268,-0.8081781,0.1234773,1.137191,-3.332584,31.78505,0.0033109423
letter_b,pid,32.2,0.57449585,1.4660873,-1.1638968,0.01087329,-0.001121552,0.0360456,0.06699077,-0.047302045,-0.00029169995,0.006377868,-0.0061214357,-0.13493833,0.4171522765850853,0.847603036163324,-0.6,0.0,0.0,-0.6946956612229919,0.04014074385341737,-0.033447721469626046,0.0,0.0,0.0,0.0,0.8516216510014911,0.030215083863558378,0.7307412609518146,-1.9816511226464393,-3.4637806,2.8089094,-0.8946172,0.23974602,1.1429116,-3.3277545,33.125763,0.0034506004
letter_b,pid,32.300000000000004,0.5804241,1.4605707,-1.1639918,0.011450589,-0.0015765323,0.02253839,0.057254933,-0.05727378,-0.00039185755,0.005621497,-0.0060181827,-0.13501456,0.42116635097043753,0.8442582640163435,-0.6,0.0,0.0,-0.6946956612244203,0.04014074385350064,-0.03344772146979258,0.0,0.0,0.0,0.0,0.8504650444436933,0.029338200981869303,0.7172340512350155,-1.9721353173788057,-3.4044006,2.7870247,-0.8469013,0.22952545,1.1513966,-3.3202999,32.477478,0.003383071
letter_b,pid,32.4,0.5853488,1.4539559,-1.1641095,0.011952991,-0.0020118456,0.009058756,0.047741633,-0.06725159,-0.00048192783,0.0048115076,-0.0058963085,-0.13473749,0.42518042535578937,0.8409134918693633,-0.6,0.0,0.0,-0.6946956612242843,0.04014074385344513,-0.03344772146973707,0.0,0.0,0.0,0.0,0.8483480277479621,0.03465122639689934,0.7037544170467641,-1.9661359227862978,-3.3417313,2.7638993,-0.8009084,0.2230764,1.1615673,-3.311299,31.811466,0.0033136944
letter_b,pid,32.5,0.5892646,1.4462724,-1.16425,0.012377217,-0.0024277975,-0.004365604,0.038457412,-0.077198386,-0.0005603994,0.0039721928,-0.005763795,-0.13418402,0.42919449974114143,0.8375687197223829,-0.6,0.0,0.0,-0.6946956612246245,0.04014074385341737,-0.03344772146973707,0.0,0.0,0.0,0.0,0.8452932310614876,0.04378662257289587,0.6903300573194533,-1.9682824933562728,-3.2759902,2.7393675,-0.75684506,0.22022213,1.1734521,-3.300721,31.129307,0.003242636
letter_b,pid,32.6,0.5922196,1.4375718,-1.1644129,0.012715742,-0.0028138792,-0.01771267,0.029925952,-0.08689153,-0.00062499783,0.0030612089,-0.0055124676,-0.13341224,0.43320857412649344,0.8342239475754024,-0.6,0.0,0.0,-0.694695661224012,0.040140743853334104,-0.033447721469626046,0.0,0.0,0.0,0.0,0.8413530550489269,0.05441482774371385,0.6769829917769477,-1.9695166958726187,-3.2080467,2.712978,-0.71520805,0.22013925,1.1867096,-3.2888954,30.436909,0.0031705115
letter_b,pid,32.7,0.59436315,1.4279454,-1.1645956,0.012950544,-0.0031414751,-0.030964533,0.023131805,-0.09588512,-0.000673658,0.0019751268,-0.0049607167,-0.13246575,0.43722264851184556,0.8308791754284222,-0.6,0.0,0.0,-0.6946956612241482,0.040140743853389615,-0.03344772146968156,0.0,0.0,0.0,0.0,0.8366297755492754,0.06471620050914276,0.6637311283570742,-1.9698606627081405,-3.1396127,2.6839888,-0.67679626,0.22117227,1.2005082,-3.2766306,29.745464,0.0030984858
letter_b,pid,32.800000000000004,0.59592855,1.4175271,-1.1647947,0.013053726,-0.003373006,-0.044106662,0.018865675,-0.10366565,-0.0007072192,0.0006189704,-0.0040170345,-0.13137963,0.4411147013626304,0.8274522719112898,-0.6,0.0,0.0,-0.7479779836707889,0.0377696435794328,-0.035043683321522856,0.0,0.0,0.0,0.0,0.8313534992806286,0.0711817005481199,0.703871321397382,-1.9694514801068599,-3.2127402,2.7873492,-0.7798013,0.35441053,1.2125952,-3.2661574,30.962881,0.0032253002
letter_b,pid,32.9,0.5971175,1.4064534,-1.1650059,0.013012558,-0.0034873511,-0.057261217,0.016753005,-0.11012433,-0.00073132163,-0.00085538207,-0.0028604544,-0.13151866,0.44489166572058386,0.8239479035791288,-0.6,0.0,0.0,-0.7479779836701131,0.03776964357954382,-0.03504368332157837,0.0,0.0,0.0,0.0,0.8256615599135291,0.07797010341021153,0.6907167662845827,-1.968382139920391,-3.1466177,2.751757,-0.7469798,0.35211903,1.2248975,-3.255532,30.254196,0.0031514792
letter_b,pid,33.0,0.59810126,1.394857,-1.1652253,0.01281002,-0.0034809834,-0.07039216,0.016450895,-0.11523041,-0.0007514746,-0.0024833074,-0.0016449429,-0.13129836,0.44866863007853786,0.8204435352469672,-0.6,0.0,0.0,-0.7479779836707889,0.0377696435794328,-0.035043683321522856,0.0,0.0,0.0,0.0,0.8196100280366878,0.08297568979922991,0.6775858220630466,-1.9667688076579188,-3.0822082,2.7141027,-0.71679133,0.34868595,1.2360284,-3.246129,29.566853,0.0030798807
letter_b,pid,33.1,0.5990297,1.3828651,-1.1654488,0.012438489,-0.0033587308,-0.08347167,0.017687775,-0.118988335,-0.0007737223,-0.0041706073,-0.00045300473,-0.13079919,0.45244559443649196,0.8169391669148058,-0.6,0.0,0.0,-0.7479779836699422,0.03776964357937729,-0.035043683321411834,0.0,0.0,0.0,0.0,0.8133211932142052,0.08631676923825277,0.6645063129231389,-1.964739587927038,-3.0197701,2.6747792,-0.68889576,0.34390476,1.245881,-3.2380445,28.903456,0.0030107766
letter_b,pid,33.2,0.60003424,1.3705959,-1.1656734,0.011899429,-0.0031306134,-0.096478395,0.020232163,-0.1214467,-0.0008026375,-0.005827452,0.0006632079,-0.13008487,0.45622255879444584,0.8134347985826444,-0.6,0.0,0.0,-0.7479779836711554,0.03776964357940504,-0.035043683321522856,0.0,0.0,0.0,0.0,0.8069056293588367,0.08816852352621349,0.6514995885071425,-1.9624232289291317,-2.9595165,2.6341312,-0.6629855,0.3376003,1.2544435,-3.2312806,28.265713,0.0029443454
letter_b,pid,33.300000000000004,0.60122824,1.3581576,-1.1658959,0.011201937,-0.0028102158,-0.10939607,0.023859128,-0.122673444,-0.0008409404,-0.0073793274,0.0016666638,-0.12920508,0.4599995231523998,0.809930430250483,-0.6,0.0,0.0,-0.7479779836701131,0.03776964357954382,-0.03504368332157837,0.0,0.0,0.0,0.0,0.8004603869201266,0.08873096781813054,0.638581913428185,-1.959946318253089,-2.901598,2.592498,-0.6387514,0.32965153,1.2617508,-3.2257876,27.654713,0.002880699
letter_b,pid,33.4,0.6027098,1.345647,-1.1661144,0.010361384,-0.0024129075,-0.12221231,0.028379207,-0.122758135,-0.00088952325,-0.008765695,0.0025372007,-0.12819839,0.4636112766815371,0.8063262868033843,-0.6,0.0,0.0,-0.8027818744138766,0.03529148114719827,-0.03654031004557412,0.0,0.0,0.0,0.0,0.7941667130809945,0.08649904134253751,0.6805695612982798,-1.957499112788027,-2.9904478,2.6895618,-0.75741637,0.4565304,1.2665765,-3.2227807,28.94915,0.0030155368
letter_b,pid,33.5,0.6045577,1.3331485,-1.1663274,0.009407118,-0.001953261,-0.13505451,0.033573017,-0.12181617,-0.00094763585,-0.009852534,0.0032656163,-0.12846242,0.4671404247962665,0.8026722557988166,-0.6,0.0,0.0,-0.8027818744142695,0.03529148114717051,-0.03654031004557412,0.0,0.0,0.0,0.0,0.7880451796001192,0.08529844060939125,0.6677273606022044,-1.955175092375816,-2.9368265,2.6458056,-0.73426485,0.44324377,1.2715704,-3.219593,28.343517,0.0029524497
letter_b,pid,33.6,0.60684305,1.3207375,-1.1665336,0.008357389,-0.0014476199,-0.1478869,0.039351773,-0.11991805,-0.0010119644,-0.010747936,0.00384905,-0.1283655,0.47066957291099576,0.799018224794249,-0.6,0.0,0.0,-0.8027818744149751,0.035291481147281534,-0.036540310045740654,0.0,0.0,0.0,0.0,0.7821090124317621,0.08348267657418276,0.6548949723210876,-1.953063060427406,-2.8856747,2.601881,-0.71185046,0.4280568,1.2754877,-3.2174518,27.765732,0.0028922635
letter_b,pid,33.7,0.6096246,1.3084774,-1.1667329,0.0072335643,-0.0009113223,-0.16068119,0.045574486,-0.1171771,-0.0010802457,-0.011423457,0.0042935335,-0.12798308,0.474198721025725,0.7953641937896814,-0.6,0.0,0.0,-0.8027818744138766,0.03529148114719827,-0.03654031004557412,0.0,0.0,0.0,0.0,0.7764093814749611,0.08129697937833481,0.6421006863073397,-1.9512424441449718,-2.8370442,2.5579977,-0.6900144,0.41096795,1.2784609,-3.2162151,27.215689,0.0028349676
letter_b,pid,33.800000000000004,0.6129499,1.2964213,-1.1669254,0.0060583856,-0.00035841667,-0.173415,0.052111596,-0.11369953,-0.0011494898,-0.011867836,0.0046078106,-0.12737484,0.4777278691404543,0.7917101627851137,-0.6,0.0,0.0,-0.8027818744146356,0.03529148114719827,-0.03654031004562963,0.0,0.0,0.0,0.0,0.7709881741151468,0.07897963838810702,0.6293668692075738,-1.9499830806090974,-2.790957,2.514351,-0.668602,0.39199588,1.2806069,-3.2157574,26.693138,0.0027805355
letter_b,pid,33.9,0.6168599,1.2846143,-1.1671113,0.0048538293,0.00019939207,-0.1860706,0.058885146,-0.10956077,-0.0012165264,-0.0120909205,0.004811265,-0.1265874,0.48125701725518333,0.7880561317805463,-0.6,0.0,0.0,-0.8027818744134837,0.03529148114722602,-0.03654031004557412,0.0,0.0,0.0,0.0,0.7658807905180147,0.07674717539997315,0.6167112683010036,-1.9495035178126898,-2.747474,2.4711058,-0.6474822,0.37111396,1.2819765,-3.2160187,26.198177,0.0027289765
letter_b,pid,34.0,0.62138903,1.2730926,-1.1672914,0.0036412342,0.0007525088,-0.19863386,0.06582484,-0.10485716,-0.0012781769,-0.012100902,0.004921306,-0.12565795,0.48457508467062665,0.7842880499605768,-0.6,0.0,0.0,-0.8591540987202889,0.03271328117734895,-0.03793335929086483,0.0,0.0,0.0,0.0,0.761227631382717,0.07467800313749834,0.6605202341983086,-1.9495638724020226,-2.8551037,2.5719028,-0.7719667,0.4887657,1.2812294,-3.2183373,27.600368,0.0028750387
letter_b,pid,34.1,0.6265611,1.2618821,-1.1674663,0.0024498987,0.0012939115,-0.21123427,0.072827,-0.09970024,-0.0013313979,-0.011818534,0.004955181,-0.1260229,0.4878464127883706,0.7804947140314831,-0.6,0.0,0.0,-0.8591540987195652,0.03271328117734895,-0.03793335929080932,0.0,0.0,0.0,0.0,0.7569633619967259,0.07366159519961571,0.6479198271932285,-1.950186111538158,-2.8161695,2.5287817,-0.74963045,0.46224272,1.2812204,-3.2198503,27.110123,0.0028239712
letter_b,pid,34.2,0.632398,1.251001,-1.1676369,0.0012940392,0.001816963,-0.22383383,0.07988778,-0.09415836,-0.0013720824,-0.01139557,0.0049218237,-0.12600784,0.49111774090611454,0.7767013781023893,-0.6,0.0,0.0,-0.8591540987201002,0.032713281177265685,-0.03793335929075381,0.0,0.0,0.0,0.0,0.7530815783536157,0.07340685456829173,0.6353202695555952,-1.9513861921415865,-2.7797093,2.4863822,-0.727143,0.4338159,1.2805799,-3.221922,26.646479,0.0027756747
letter_b,pid,34.300000000000004,0.6389165,1.2404609,-1.167804,0.0001866372,0.002316756,-0.23640208,0.08695744,-0.08830456,-0.0013986325,-0.010845659,0.004835288,-0.12568866,0.4943890690238585,0.7729080421732955,-0.6,0.0,0.0,-0.8591540987197539,0.03271328117743222,-0.03793335929092034,0.0,0.0,0.0,0.0,0.7495966988754668,0.07403811494558668,0.6227520192567488,-1.9540364296377981,-2.7457373,2.4447877,-0.70447797,0.40352833,1.2793558,-3.2245061,26.209375,0.0027301433
letter_b,pid,34.4,0.64612865,1.2302686,-1.1679683,-0.0008612285,0.002789785,-0.24891464,0.09399006,-0.08219683,-0.0014097894,-0.010188771,0.0047069364,-0.12512632,0.49766039714160226,0.7691147062442018,-0.6,0.0,0.0,-0.8591540987198694,0.03271328117737671,-0.03793335929086483,0.0,0.0,0.0,0.0,0.7465210608361253,0.07560480036397646,0.6102394545977456,-1.9574005067145193,-2.7142534,2.4040809,-0.6815979,0.37142545,1.2775662,-3.2275848,25.798788,0.0026873734
letter_b,pid,34.5,0.65404207,1.220427,-1.1681304,-0.0018405481,0.0032336912,-0.26135206,0.10094422,-0.07588652,-0.0014047029,-0.00944622,0.0045461752,-0.124369726,0.5009317252593463,0.7653213703151079,-0.6,0.0,0.0,-0.8591540987197539,0.03271328117743222,-0.03793335929092034,0.0,0.0,0.0,0.0,0.7438656412809296,0.07808890177233434,0.5978020364944121,-1.9612889904152417,-2.6852434,2.3643367,-0.6584641,0.33755752,1.2752177,-3.2311542,25.414677,0.002647362
letter_b,pid,34.6,0.66266155,1.2109349,-1.1682907,-0.0027442412,0.003647398,-0.27369872,0.10779879,-0.069424205,-0.001382921,-0.008637678,0.0043643056,-0.123458065,0.5039437701799894,0.7614032409235424,-0.6,0.0,0.0,-0.917122555909821,0.030042351857884064,-0.03921888230795645,0.0,0.0,0.0,0.0,0.7417711138029518,0.08342864022697562,0.6434238385540928,-1.9657614789835633,-2.8114207,2.4733212,-0.78444993,0.44635063,1.2707672,-3.23676,26.92746,0.0028049436
letter_b,pid,34.7,0.6719858,1.2017854,-1.1684496,-0.0035577905,0.004030886,-0.2860869,0.11450752,-0.06288179,-0.0013443189,-0.0076836487,0.004174824,-0.12386988,0.5069480053657799,0.7574813526927462,-0.6,0.0,0.0,-0.9171225559095552,0.030042351857773042,-0.039218882307789915,0.0,0.0,0.0,0.0,0.740120662782604,0.08772744615902006,0.6310356687883546,-1.9708012191933948,-2.786591,2.4345667,-0.75919586,0.40717164,1.2672312,-3.2413855,26.546825,0.0027652944
letter_b,pid,34.800000000000004,0.68201584,1.1929674,-1.1686072,-0.004281122,0.004384934,-0.29847717,0.12111367,-0.056287523,-0.0012877793,-0.0067338767,0.003981273,-0.12388847,0.5099522405515704,0.7535594644619497,-0.6,0.0,0.0,-0.9171225559093464,0.030042351857828553,-0.039218882307845426,0.0,0.0,0.0,0.0,0.7389177325475981,0.09266597212888543,0.6186453830577839,-1.976385190976733,-2.7640398,2.3968573,-0.7334723,0.36628976,1.2630702,-3.246569,26.192547,0.0027283903
letter_b,pid,34.9,0.692748,1.1844666,-1.1687633,-0.0049146544,0.004710434,-0.31083798,0.1275798,-0.049685135,-0.0012142569,-0.0057933116,0.0037841455,-0.123592,0.5129564757373608,0.7496375762311535,-0.6,0.0,0.0,-0.9171225559102384,0.030042351857773042,-0.039218882307845426,0.0,0.0,0.0,0.0,0.7381686424553611,0.09810488960797183,0.6062845718251554,-1.9824952828508415,-2.7437341,2.360227,-0.7073025,0.32379535,1.2582952,-3.2523003,25.864634,0.0026942326
letter_b,pid,35.0,0.7041777,1.1762679,-1.1689177,-0.0054600686,0.0050089946,-0.3231441,0.13390142,-0.043094885,-0.0011248343,-0.0048744758,0.003590365,-0.123043515,0.5159607109231514,0.7457156880003571,-0.6,0.0,0.0,-0.9171225559093464,0.030042351857828553,-0.039218882307845426,0.0,0.0,0.0,0.0,0.7378808173505562,0.1039374528802999,0.5939784478523243,-1.9891125632110946,-2.7256742,2.3246996,-0.68070865,0.27973405,1.2528737,-3.2586145,25.563404,0.002662855
letter_b,pid,35.1,0.71629703,1.1683543,-1.16907,-0.0059196427,0.0052822693,-0.33537534,0.14005624,-0.03655013,-0.0010206298,-0.00398308,0.0034005279,-0.12229415,0.5189310994187508,0.74177937789265,-0.6,0.0,0.0,-0.9766924688255461,0.027286264227988077,-0.04039323514198889,0.0,0.0,0.0,0.0,0.738078669789309,0.11284005506191383,0.641317130032745,-1.9962863836768199,-2.8660595,2.4420884,-0.8072136,0.3832424,1.245533,-3.2667868,27.19981,0.0028333135
letter_b,pid,35.2,0.72909373,1.1607071,-1.1692196,-0.006287523,0.005531784,-0.3476644,0.1460121,-0.030089062,-0.00090282614,-0.0030296654,0.0032225577,-0.122871906,0.5216597258415543,0.7377400543784407,-0.6,0.0,0.0,-0.9766924688264897,0.027286264227932566,-0.04039323514198889,0.0,0.0,0.0,0.0,0.7388781831273195,0.11917556206883459,0.6290280827924779,-2.003992757240338,-2.851627,2.4077303,-0.778204,0.33430716,1.2386961,-3.27439,26.902302,0.0028023235
letter_b,pid,35.300000000000004,0.74255896,1.1533042,-1.1693658,-0.0065708733,0.0057601496,-0.35996842,0.151824,-0.023719454,-0.00077154266,-0.002152873,0.0030572098,-0.12302164,0.5243883522643578,0.7337007308642312,-0.6,0.0,0.0,-0.9766924688258773,0.02728626422804359,-0.040393235142099915,0.0,0.0,0.0,0.0,0.7401640849792896,0.12565133209568752,0.6167240449824936,-2.0120338577608132,-2.8391984,2.374491,-0.74862665,0.2839192,1.231091,-3.282692,26.631958,0.0027741622
letter_b,pid,35.4,0.7565726,1.1460884,-1.1695068,-0.006753149,0.005950009,-0.372254,0.15657774,-0.018167423,-0.0006275635,-0.0011150944,0.0027058069,-0.12283874,0.5271169786871612,0.7296614073500218,-0.6,0.0,0.0,-0.976692468826796,0.027286264227877055,-0.04039323514193338,0.0,0.0,0.0,0.0,0.7418889905368413,0.13118942513250828,0.6044384548115982,-2.020051916496005,-2.827243,2.3422518,-0.71860474,0.2336136,1.2241981,-3.2902012,26.3745,0.0027473436
letter_b,pid,35.5,0.77085906,1.1389614,-1.1696389,-0.006791132,0.006061566,-0.38449535,0.15900691,-0.014423831,-0.00047195217,0.00034852495,0.0019421976,-0.122400776,0.5298456051099647,0.7256220838358125,-0.6,0.0,0.0,-0.976692468826821,0.027286264227988077,-0.040393235142099915,0.0,0.0,0.0,0.0,0.7439256347791956,0.13425706986315844,0.592197121088555,-2.0278041725440534,-2.8133848,2.3107617,-0.68835497,0.1857319,1.2201983,-3.2947102,26.10708,0.0027194878
letter_b,pid,35.6,0.78513193,1.1318316,-1.1697576,-0.006652596,0.006065369,-0.39667112,0.15905502,-0.012553621,-0.000309045,0.0021233978,0.00086488336,-0.12175233,0.5325742315327684,0.7215827603216028,-0.6,0.0,0.0,-0.976692468826821,0.027286264227988077,-0.040393235142099915,0.0,0.0,0.0,0.0,0.7461322053662591,0.13467793350498464,0.5800213524747397,-2.0351594183742905,-2.7968972,2.2798226,-0.6581024,0.14102775,1.219486,-3.2958045,25.822685,0.0026898633
letter_b,pid,35.7,0.799157,1.1246313,-1.1698594,-0.0063284,0.005951298,-0.4087633,0.15718272,-0.012226342,-0.00014525092,0.0039753886,-0.0003362633,-0.12092463,0.5352249799585028,0.7175143063222675,-0.6,0.0,0.0,-1.037842598675561,0.02445283071761395,-0.04145308896247313,0.0,0.0,0.0,0.0,0.7484277552620711,0.13590970606763406,0.6290793092239619,-2.04208920299986,-2.9383042,2.4052627,-0.78547263,0.25243127,1.2202015,-3.2953389,27.44776,0.0028591417
letter_b,pid,35.800000000000004,0.81273687,1.1173103,-1.1699412,-0.005816542,0.0057206443,-0.42090964,0.15371159,-0.013202633,1.322662e-05,0.005841445,-0.0015378415,-0.121473536,0.5376702630302682,0.7133689974260043,-0.6,0.0,0.0,-1.0378425986765545,0.024452830717558438,-0.04145308896247313,0.0,0.0,0.0,0.0,0.7507750385024501,0.1323099186553031,0.6169329555033367,-2.0485108135350254,-2.9160182,2.373984,-0.7540183,0.21198428,1.2245854,-3.291067,27.083174,0.0028211642
letter_b,pid,35.9,0.8257063,1.1098343,-1.1700013,-0.0051388987,0.00538208,-0.43306732,0.14892147,-0.015243907,0.00016199352,0.0074719274,-0.0026784404,-0.121592455,0.5401155461020335,0.7092236885297413,-0.6,0.0,0.0,-1.037842598676962,0.024452830717502927,-0.04145308896241762,0.0,0.0,0.0,0.0,0.7529624155358284,0.12719823426565127,0.6047752768996182,-2.054363957636257,-2.8910422,2.3429837,-0.7227236,0.17466496,1.2309128,-3.2847166,26.705044,0.0027817755
letter_b,pid,36.0,0.83792543,1.1021827,-1.1700393,-0.004323337,0.0049482747,-0.4452019,0.14302084,-0.018174674,0.00029693838,0.008808702,-0.0037144283,-0.12136465,0.5425608291737989,0.7050783796334781,-0.6,0.0,0.0,-1.0378425986777264,0.024452830717558438,-0.04145308896258415,0.0,0.0,0.0,0.0,0.7549019318697071,0.12083188829111449,0.5926406950961073,-2.0596062601017913,-2.8633857,2.312196,-0.69171745,0.14052786,1.2388855,-3.2765965,26.314371,0.0027410805
letter_b,pid,36.1,0.8492748,1.0943451,-1.1700556,-0.0034000163,0.004433718,-0.45728594,0.13618247,-0.021863617,0.00041540203,0.00983116,-0.0046230927,-0.12085998,0.5450061122455644,0.700933070737215,-0.6,0.0,0.0,-1.0378425986771405,0.024452830717558438,-0.04145308896252864,0.0,0.0,0.0,0.0,0.756515618372098,0.11343470692930423,0.5805566580300152,-2.0642152202753885,-2.8330407,2.2815444,-0.6611221,0.1096259,1.2482862,-3.2669353,25.91175,0.0026991407
letter_b,pid,36.2,0.8596563,1.0863174,-1.1700522,-0.0023993908,0.003854109,-0.46929774,0.12858965,-0.026194694,0.0005161106,0.010538823,-0.005387658,-0.12013593,0.5474513953173299,0.6967877618409514,-0.6,0.0,0.0,-1.0378425986771405,0.024452830717558438,-0.04145308896252864,0.0,0.0,0.0,0.0,0.7577365758910105,0.10524999333200641,0.568544861793977,-2.068181349302451,-2.8000455,2.2509367,-0.63106287,0.0819541,1.2589293,-3.2559378,25.497963,0.0026560377
letter_b,pid,36.300000000000004,0.8689901,1.0781013,-1.1700312,-0.0013506773,0.0032252038,-0.4812203,0.12040405,-0.031067109,0.00059897813,0.010946642,-0.006002967,-0.11923941,0.549772759919358,0.6926022239451921,-0.6,0.0,0.0,-1.1005217682598483,0.02155008300180894,-0.04239543949863256,0.0,0.0,0.0,0.0,0.758580781936086,0.09950274667242981,0.6193014632938754,-2.0715742708415466,-2.9289148,2.3802862,-0.7628959,0.21426742,1.2691711,-3.2452657,27.01477,0.0028140384
letter_b,pid,36.4,0.8772088,1.0697012,-1.1699958,-0.0002706657,0.0025621061,-0.4931968,0.1117327,-0.03642104,0.0006647613,0.011186382,-0.0064692074,-0.11977319,0.5519277682195468,0.688362679995315,-0.6,0.0,0.0,-1.1005217682593194,0.02155008300180894,-0.04239543949857705,0.0,0.0,0.0,0.0,0.7590270258319911,0.09038273951619585,0.6073249828093377,-2.0752053853707517,-2.8899415,2.348427,-0.73247224,0.19095789,1.2817986,-3.2321515,26.529663,0.0027635063
letter_b,pid,36.5,0.88426226,1.0611241,-1.1699494,0.00081298716,0.001878585,-0.5051858,0.102734245,-0.042155467,0.0007154824,0.011143699,-0.0068027624,-0.11989153,0.5540827765197357,0.6841231360454376,-0.6,0.0,0.0,-1.1005217682598656,0.02155008300186445,-0.04239543949874358,0.0,0.0,0.0,0.0,0.7589404080628811,0.08118766975132358,0.5953359853504723,-2.078517277662984,-2.848273,2.3163853,-0.7026331,0.17074542,1.2952552,-3.2181726,26.035467,0.0027120279
letter_b,pid,36.6,0.89011145,1.0523788,-1.1698956,0.0018772527,0.0011867258,-0.5171543,0.09350845,-0.048219543,0.00075257773,0.010867493,-0.007015891,-0.11967871,0.5562377848199247,0.6798835920955604,-0.6,0.0,0.0,-1.1005217682598483,0.02155008300180894,-0.04239543949863256,0.0,0.0,0.0,0.0,0.7582910608030364,0.07219760001981111,0.5833674918888461,-2.081229576913721,-2.803983,2.2840676,-0.6735279,0.15361242,1.3095317,-3.203361,25.532917,0.0026596792
letter_b,pid,36.7,0.89472586,1.0434778,-1.1698381,0.0029030344,0.000496318,-0.52907586,0.08411709,-0.05455483,0.00077791547,0.010399295,-0.0071278643,-0.11920283,0.5583927931201137,0.6756440481456828,-0.6,0.0,0.0,-1.1005217682603772,0.02155008300180894,-0.04239543949868807,0.0,0.0,0.0,0.0,0.7570581271989167,0.06374234541449357,0.5714459072832043,-2.0835271084799407,-2.7571118,2.2514198,-0.6452548,0.13956292,1.324622,-3.1877437,25.022722,0.0026065335
letter_b,pid,36.800000000000004,0.8980827,1.034436,-1.1697803,0.003875017,-0.00018486375,-0.5409298,0.07461514,-0.0611108,0.0007934718,0.009778659,-0.0071559106,-0.11851872,0.5605478014203027,0.6714045041958053,-0.6,0.0,0.0,-1.1005217682593367,0.02155008300186445,-0.04239543949868807,0.0,0.0,0.0,0.0,0.755229227464482,0.05627428248735885,0.5595919739478132,-2.0857138613289274,-2.7076986,2.2183917,-0.6178974,0.12859039,1.340538,-3.1713302,24.505604,0.002552667
letter_b,pid,36.9,0.90016925,1.0252694,-1.1697252,0.0047809915,-0.00084996695,-0.55269945,0.06508872,-0.06783116,0.0008013959,0.0090379855,-0.007107058,-0.117670126,0.5625312193444856,0.667117360579484,-0.6,0.0,0.0,-1.1646460411543413,0.018586249234564534,-0.04321761555553527,0.0,0.0,0.0,0.0,0.7529004568534889,0.052620798595437494,0.6119465944761798,-2.087378609115527,-2.8241372,2.348763,-0.7563599,0.28098574,1.3556558,-3.155761,25.940102,0.002702094
letter_b,pid,37.0,0.900975,1.0159951,-1.1696758,0.0056229206,-0.0014927675,-0.564532,0.055546917,-0.074701555,0.0008036991,0.00831872,-0.0069936407,-0.118293,0.5643898442679371,0.66279559902393,-0.6,0.0,0.0,-1.1646460411557285,0.018586249234398,-0.04321761555531323,0.0,0.0,0.0,0.0,0.7500466829990428,0.048558988282577084,0.6001140592106906,-2.088505268095228,-2.7690458,2.3137174,-0.7292601,0.2739315,1.3731328,-3.1378925,25.359625,0.0026416276
letter_b,pid,37.1,0.90049833,1.0066313,-1.1696345,0.0063903276,-0.002109762,-0.5763855,0.04607149,-0.08165623,0.00080313516,0.0074971234,-0.0068363566,-0.11849843,0.5662484691913887,0.6584738374683758,-0.6,0.0,0.0,-1.1646460411551107,0.01858624923445351,-0.04321761555536874,0.0,0.0,0.0,0.0,0.7466056368334355,0.04726109043838806,0.5882605431082357,-2.089076931485677,-2.7114308,2.2781606,-0.70302933,0.26975912,1.3913908,-3.119313,24.774975,0.0025807268
letter_b,pid,37.2,0.89874136,0.99719834,-1.1696033,0.00707618,-0.0026989647,-0.5882263,0.03667912,-0.08866115,0.0008012926,0.006608712,-0.006648571,-0.11836831,0.5681070941148404,0.6541520759128217,-0.6,0.0,0.0,-1.164646041156043,0.01858624923445351,-0.04321761555547976,0.0,0.0,0.0,0.0,0.7425952707175243,0.04891941073401403,0.5764197227966681,-2.0890781605829023,-2.6513615,2.242068,-0.677757,0.26846352,1.4104795,-3.0999846,24.187372,0.002519518
letter_b,pid,37.300000000000004,0.89571196,0.9877175,-1.1695837,0.007676193,-0.0032590984,-0.60002756,0.027405428,-0.09568023,0.0007997617,0.0056816167,-0.006436262,-0.11796931,0.569965719038292,0.6498303143572677,-0.6,0.0,0.0,-1.1646460411554254,0.018586249234509022,-0.04321761555553527,0.0,0.0,0.0,0.0,0.738040605572122,0.05320473077244952,0.5646184799676812,-2.0884961834120435,-2.5889306,2.2054138,-0.6535188,0.27000204,1.4304297,-3.0798802,23.59819,0.002458145
letter_b,pid,37.4,0.8914223,0.9782103,-1.1695765,0.00818853,-0.003789499,-0.6117676,0.018281136,-0.102684535,0.00080001896,0.0047407555,-0.006205023,-0.11735545,0.5718243439617435,0.6455085528017139,-0.6,0.0,0.0,-1.164646041155577,0.01858624923445351,-0.04321761555542425,0.0,0.0,0.0,0.0,0.7329738651165382,0.05947308334925563,0.5528784511096481,-2.0873227125322416,-2.5242271,2.1681757,-0.63037777,0.27432635,1.4512793,-3.058966,23.008823,0.0023967524
letter_b,pid,37.5,0.885888,0.96869856,-1.1695824,0.008613377,-0.004290277,-0.6234292,0.009320999,-0.10964776,0.0008034511,0.0038065508,-0.00596251,-0.116570234,0.5734624631461482,0.6411356457030288,-0.6,0.0,0.0,-1.2300969447458865,0.01556973072425194,-0.04391728658520444,0.0,0.0,0.0,0.0,0.7275515378347253,0.06603171283415138,0.6066677655542971,-2.0856429031615926,-2.629143,2.2977142,-0.77646536,0.44503665,1.4713359,-3.0389338,24.392786,0.0025409153
letter_b,pid,37.6,0.8791241,0.95920485,-1.1696014,0.008963997,-0.004760219,-0.63516206,0.0005112697,-0.11656384,0.00081137026,0.0030028285,-0.005709814,-0.11728245,0.5750194362185839,0.6367439170444714,-0.6,0.0,0.0,-1.230096944746754,0.015569730724307451,-0.043917286585481996,0.0,0.0,0.0,0.0,0.7217385298341356,0.07419526628733628,0.5949348892543529,-2.0834420192425305,-2.559265,2.2581334,-0.7538155,0.4526841,1.4939985,-3.0163808,23.752748,0.0024742445
letter_b,pid,37.7,0.8711536,0.94975245,-1.1696333,0.009238321,-0.005200635,-0.6469232,-0.008080485,-0.12337652,0.0008259121,0.0021833954,-0.0054582283,-0.11756565,0.5765764092910195,0.6323521883859144,-0.6,0.0,0.0,-1.230096944745233,0.015569730724362962,-0.043917286585426485,0.0,0.0,0.0,0.0,0.7155422452727344,0.08290828898399709,0.5831737603503966,-2.08071892317909,-2.4871747,2.2179227,-0.73213696,0.46288493,1.5175499,-2.9930146,23.1166,0.002407979
letter_b,pid,37.800000000000004,0.8620019,0.94036573,-1.1696773,0.009436283,-0.005613194,-0.6586779,-0.016450085,-0.13005888,0.00084769673,0.0013683004,-0.005211317,-0.11750229,0.5781333823634551,0.6279604597273569,-0.6,0.0,0.0,-1.2300969447453045,0.015569730724418473,-0.04391728658559302,0.0,0.0,0.0,0.0,0.709020849271908,0.09190409177257258,0.5714190687496685,-2.0774834276611625,-2.4129794,2.177094,-0.71148825,0.47560304,1.5420136,-2.968805,22.486229,0.0023423156
letter_b,pid,37.9,0.8516949,0.9310699,-1.1697322,0.009559717,-0.0060002143,-0.67039824,-0.024613788,-0.13659537,0.0008772407,0.0005764512,-0.004975967,-0.1171601,0.5796903554358906,0.6235687310687998,-0.6,0.0,0.0,-1.230096944746754,0.015569730724307451,-0.043917286585481996,0.0,0.0,0.0,0.0,0.7022380168763787,0.10101837259926263,0.5596987094257091,-2.073754061383432,-2.3367507,2.135662,-0.6919091,0.4908203,1.5674306,-2.9437006,21.86331,0.0022774283
letter_b,pid,38.0,0.84025943,0.92189085,-1.169797,0.009611872,-0.0063642496,-0.68206185,-0.032579515,-0.14297071,0.0009150348,-0.00017827975,-0.0047551584,-0.11659411,0.5812473285083264,0.6191770024102424,-0.6,0.0,0.0,-1.2300969447462846,0.01556973072425194,-0.04391728658525995,0.0,0.0,0.0,0.0,0.6952636216755559,0.11013976598758134,0.5480350937216569,-2.069555528562404,-2.258566,2.0936453,-0.67342424,0.5085038,1.5938307,-2.9176605,21.249586,0.0022134986
letter_b,pid,38.1,0.82772493,0.912854,-1.1698699,0.009596871,-0.006707582,-0.6936508,-0.04033825,-0.14916563,0.00096153485,-0.000887561,-0.0045470404,-0.1158488,0.582534033426886,0.6147344827638656,-0.6,0.0,0.0,-1.296721123304886,0.012509078120837014,-0.04449246929522088,0.0,0.0,0.0,0.0,0.688291752220152,0.1172613980212336,0.6030703411965792,-2.0650085385695163,-2.3534539,2.2216034,-0.8269889,0.6951384,1.6193702,-2.8925166,22.630405,0.0023573341
letter_b,pid,38.2,0.81411797,0.90398467,-1.1699492,0.009531942,-0.0070305103,-0.705317,-0.04792446,-0.15519117,0.0010170903,-0.0014318005,-0.004348685,-0.11662342,0.5837849412389723,0.6102852358343334,-0.6,0.0,0.0,-1.296721123304886,0.012509078120837014,-0.04449246929522088,0.0,0.0,0.0,0.0,0.6812890130619713,0.12612473514745193,0.5914041028886263,-2.060126697104213,-2.2706926,2.1773481,-0.8088409,0.7154966,1.6476997,-2.8646007,21.9839,0.0022899897
letter_b,pid,38.300000000000004,0.7994725,0.89530814,-1.1700332,0.009417251,-0.0073354817,-0.71701664,-0.055268016,-0.16100314,0.001083131,-0.0019694536,-0.00416473,-0.11695881,0.5850358490510585,0.6058359889048011,-0.6,0.0,0.0,-1.296721123304886,0.012509078120837014,-0.04449246929522088,0.0,0.0,0.0,0.0,0.6743256440940906,0.13479482413646182,0.5797044859795992,-2.0549363607433175,-2.186024,2.1325564,-0.7915679,0.73810047,1.6769547,-2.8357613,21.35159,0.0022241238
letter_b,pid,38.400000000000006,0.78382313,0.8868503,-1.17012,0.0092544565,-0.0076250443,-0.7287141,-0.062385198,-0.16658747,0.0011592989,-0.0024860003,-0.003997032,-0.11693873,0.5862867568631448,0.6013867419752689,-0.6,0.0,0.0,-1.296721123304561,0.012509078120837014,-0.04449246929516537,0.0,0.0,0.0,0.0,0.6674929786652717,0.14323996022505306,0.568007014837459,-2.0494712462250297,-2.0995471,2.0872726,-0.775199,0.7629245,1.7071447,-2.8059752,20.735632,0.0021599615
letter_b,pid,38.5,0.76720345,0.8786381,-1.1702074,0.009046395,-0.007902086,-0.7403807,-0.06930675,-0.17193364,0.0012452373,-0.0029701812,-0.0038499257,-0.11663202,0.5875376646752309,0.596937495045737,-0.6,0.0,0.0,-1.296721123304561,0.012509078120837014,-0.04449246929516537,0.0,0.0,0.0,0.0,0.6608868863780505,0.1514484464129966,0.5563404189016374,-2.0437703451141216,-2.0113316,2.0415483,-0.75974065,0.7899573,1.7382826,-2.7752142,20.138052,0.0020977138
letter_b,pid,38.6,0.7496476,0.8706988,-1.1702936,0.008796647,-0.008169339,-0.7519934,-0.07604767,-0.17703015,0.0013406025,-0.003415126,-0.0037229103,-0.11609481,0.5887777089401434,0.592486672453147,-0.6,0.0,0.0,-1.3643317482459272,0.00941296717638096,-0.044941533266618094,0.0,0.0,0.0,0.0,0.6546112404966834,0.15732996773494726,0.612338330506059,-2.037966639889329,-2.098264,2.1683748,-0.91876215,0.9888728,1.7688682,-2.744967,21.590292,0.0022489887
letter_b,pid,38.7,0.731189,0.8630586,-1.1703765,0.008521652,-0.008426864,-0.7637026,-0.08262259,-0.18188304,0.0014450209,-0.0037064985,-0.0036051117,-0.11706039,0.5897190056577801,0.5879925191264568,-0.6,0.0,0.0,-1.364331748247662,0.00941296717638096,-0.04494153326700667,0.0,0.0,0.0,0.0,0.648848613204359,0.1650018391190052,0.6006291768556027,-2.03208415456257,-2.0059612,2.1206586,-0.9032997,1.017997,1.8018188,-2.7123,20.976465,0.0021850485
letter_b,pid,38.800000000000004,0.7118664,0.8557437,-1.1704545,0.008220087,-0.008676952,-0.7754603,-0.08897674,-0.18646276,0.001559299,-0.0040064487,-0.003502701,-0.11754749,0.5906603023754169,0.5834983657997665,-0.6,0.0,0.0,-1.3643317482466706,0.00941296717638096,-0.04494153326678463,0.0,0.0,0.0,0.0,0.643604519340153,0.1723694394730042,0.5888714454169282,-2.0261571728848455,-1.9120405,2.0725262,-0.88857645,1.0490623,1.8356024,-2.6787305,20.386396,0.0021235829
letter_b,pid,38.900000000000006,0.6917202,0.84877896,-1.1705257,0.007892062,-0.008921355,-0.78722787,-0.09511013,-0.19076014,0.0016823439,-0.004301295,-0.0034111976,-0.11764704,0.5916015990930535,0.5790042124730768,-0.6,0.0,0.0,-1.3643317482481017,0.009412967176325449,-0.04494153326684014,0.0,0.0,0.0,0.0,0.6389848887376922,0.17941843164315935,0.5771038792142882,-2.020225016274315,-1.8166337,2.0240397,-0.8746118,1.0820179,1.8701963,-2.6442702,19.822403,0.0020648334
letter_b,pid,39.0,0.67079186,0.84218824,-1.1705881,0.0075387177,-0.009161497,-0.798974,-0.10102746,-0.19476593,0.0018131109,-0.0045813443,-0.0033283136,-0.11743399,0.5925428958106902,0.5745100591463869,-0.6,0.0,0.0,-1.3643317482474142,0.00941296717638096,-0.04494153326695116,0.0,0.0,0.0,0.0,0.6350947407514469,0.1861389899098878,0.5653577706816488,-2.014332453773967,-1.719857,1.9752648,-0.8614046,1.1168123,1.9055738,-2.6089356,19.286623,0.0020090232
letter_b,pid,39.1,0.64912295,0.8359956,-1.1706405,0.0071618324,-0.009398901,-0.81067353,-0.106749564,-0.19846943,0.0019505685,-0.0048406958,-0.0032559256,-0.11696956,0.593484192528327,0.5700159058196966,-0.6,0.0,0.0,-1.3643317482468627,0.009412967176325449,-0.04494153326656258,0.0,0.0,0.0,0.0,0.6320375159426631,0.19253143535860456,0.553658213376715,-2.008527094993293,-1.6217974,1.9262767,-0.8489302,1.1534094,1.9417076,-2.5727458,18.781054,0.0019563597
letter_b,pid,39.2,0.62675554,0.8302246,-1.1706812,0.006763601,-0.009634924,-0.8223064,-0.11228732,-0.20186125,0.0020937228,-0.005075656,-0.0031932483,-0.11630351,0.5943670510139609,0.5655157328941708,-0.6,0.0,0.0,-1.4327118880746572,0.00629017415376687,-0.045263205579515464,0.0,0.0,0.0,0.0,0.6299181374532302,0.19643816469820413,0.6104054934976307,-2.002951175897771,-1.7014247,2.0522041,-1.0125641,1.3633435,1.9769528,-2.5373392,20.336811,0.002118418
letter_b,pid,39.300000000000004,0.60372996,0.8248975,-1.1707091,0.006359413,-0.009868829,-0.8340271,-0.11766152,-0.20495442,0.0022415763,-0.005171147,-0.0031316986,-0.11718313,0.5949960684293334,0.560989412336201,-0.6,0.0,0.0,-1.4327118880760277,0.006290174153711359,-0.045263205579570975,0.0,0.0,0.0,0.0,0.6288343891125038,0.2021641162542299,0.5986847765457237,-1.9976350455902192,-1.6001986,2.0016747,-0.9996832,1.4011592,2.014455,-2.4995615,19.835789,0.0020662278
letter_b,pid,39.400000000000006,0.5800905,0.82003886,-1.170723,0.005945883,-0.010102492,-0.8457894,-0.12284345,-0.20771812,0.0023944287,-0.0052960715,-0.0030845518,-0.11759946,0.5956250858447059,0.5564630917782313,-0.6,0.0,0.0,-1.4327118880760277,0.006290174153711359,-0.045263205579570975,0.0,0.0,0.0,0.0,0.628838774525372,0.20753993722391942,0.5869225151550378,-1.9926170508930965,-1.497791,1.950971,-0.98733145,1.4405115,2.0525444,-2.4610736,19.369383,0.0020176442
letter_b,pid,39.5,0.5558828,0.81567097,-1.170722,0.005521226,-0.010337068,-0.8575556,-0.12783077,-0.21014746,0.002550662,-0.0054352414,-0.0030452837,-0.11764096,0.5962541032600783,0.5519367712202619,-0.6,0.0,0.0,-1.4327118880760277,0.006290174153711359,-0.045263205579570975,0.0,0.0,0.0,0.0,0.6300072836117959,0.21255999228052103,0.5751562602531517,-1.9879406041687988,-1.3943409,1.9001836,-0.9754982,1.4813409,2.0911748,-2.421921,18.939566,0.0019728714
letter_b,pid,39.6,0.53115183,0.8118161,-1.1707054,0.005084823,-0.0105738295,-0.86929584,-0.13265063,-0.21223687,0.0027088006,-0.0055775973,-0.0030157433,-0.11738037,0.5968831206754508,0.5474104506622921,-0.6,0.0,0.0,-1.4327118880760277,0.006290174153711359,-0.045263205579570975,0.0,0.0,0.0,0.0,0.6324046524542627,0.21723739937488662,0.5634160525810326,-1.983649014738407,-1.2899387,1.8494081,-0.9641488,1.5236182,2.130311,-2.382138,18.548054,0.0019320889
letter_b,pid,39.7,0.5059445,0.8084945,-1.1706727,0.004636775,-0.010813383,-0.88098556,-0.13729545,-0.21397749,0.0028675275,-0.0057165115,-0.0029898728,-0.116877064,0.5975121380908233,0.5428841301043226,-0.6,0.0,0.0,-1.432711888077231,0.0062901741536558475,-0.045263205579570975,0.0,0.0,0.0,0.0,0.6360823738874765,0.2215616481287538,0.5517263300442414,-1.979787718930746,-1.184709,1.7987396,-0.95323944,1.5672699,2.1698914,-2.341785,18.196384,0.0018954567
letter_b,pid,39.800000000000004,0.48030803,0.8057248,-1.1706233,0.00417782,-0.011056121,-0.89260536,-0.14177005,-0.21536532,0.0030256105,-0.005846025,-0.0029661094,-0.11617928,0.5980346314442825,0.5383512508371974,-0.6,0.0,0.0,-1.5016198556529274,0.003149550949044233,-0.04545657441851203,0.0,0.0,0.0,0.0,0.6410609343248098,0.2233379211274038,0.6090144913302651,-1.9764967548685697,-1.2590783,1.9248275,-1.1193343,1.7850835,2.2081459,-2.302635,19.907707,0.0020737194
letter_b,pid,39.900000000000006,0.45428717,0.80352443,-1.170557,0.003722476,-0.011301016,-0.90431184,-0.14610021,-0.21642004,0.0031819,-0.0058476925,-0.00293797,-0.11704629,0.5983495865391864,0.5338055933953384,-0.6,0.0,0.0,-1.5016198556540588,0.003149550948988722,-0.04545657441845652,0.0,0.0,0.0,0.0,0.6473310962795407,0.2269672255779062,0.5973080198882201,-1.9738008235241717,-1.1516027,1.8732343,-1.1074274,1.8290589,2.2484672,-2.261294,19.576103,0.002039177
letter_b,pid,40.0,0.4279304,0.80191296,-1.170474,0.0032660447,-0.011549306,-0.9160589,-0.15025945,-0.21711549,0.0033365882,-0.005891818,-0.0029201345,-0.11745263,0.5986645416340902,0.5292599359534798,-0.6,0.0,0.0,-1.5016198556528433,0.003149550949044233,-0.04545657441845652,0.0,0.0,0.0,0.0,0.6549278280645872,0.23024386696370594,0.5855609576807365,-1.971730667525351,-1.0434061,1.8217653,-1.095771,1.87413,2.2890644,-2.2195551,19.286842,0.0020090463
letter_b,pid,40.1,0.40128583,0.80090714,-1.1703744,0.002806027,-0.011801692,-0.9278092,-0.15425217,-0.2174619,0.0034880645,-0.0059572277,-0.0029075872,-0.11748646,0.5989794967289941,0.5247142785116211,-0.6,0.0,0.0,-1.5016198556519649,0.003149550949099744,-0.045456574418678564,0.0,0.0,0.0,0.0,0.6638465407658195,0.23318083216026275,0.5738106768227718,-1.9702825648042817,-0.9346236,1.7705201,-1.0843447,1.9202412,2.3299012,-2.17746,19.041164,0.0019834547
letter_b,pid,40.2,0.37442535,0.8004982,-1.1702582,0.0023395806,-0.012051312,-0.9395327,-0.1577551,-0.21740934,0.0036345818,-0.0060480065,-0.002825137,-0.117219605,0.599294451823898,0.520168621069762,-0.6,0.0,0.0,-1.5016198556525906,0.003149550949044233,-0.045456574418289986,0.0,0.0,0.0,0.0,0.67405129785249,0.23552340328393917,0.5620871584518154,-1.969422722066713,-0.82567954,1.7195177,-1.0731981,1.9670362,2.370775,-2.135218,18.839203,0.001962417
letter_b,pid,40.300000000000004,0.34745455,0.8006431,-1.1701248,0.0018622521,-0.012282946,-0.9512052,-0.1603144,-0.2168671,0.0037732772,-0.0061799386,-0.0025893983,-0.116710775,0.5996094069188018,0.515622963627903,-0.6,0.0,0.0,-1.5016198556528433,0.003149550949044233,-0.04545657441845652,0.0,0.0,0.0,0.0,0.6854639274298694,0.2368887276572732,0.5504146616564138,-1.9691005569783884,-0.7172482,1.6688453,-1.0623082,2.0139053,2.4112916,-2.093228,18.679733,0.0019458057
letter_b,pid,40.400000000000006,0.32050768,0.80126727,-1.1699734,0.0013685167,-0.012476612,-0.9628073,-0.16153187,-0.21574715,0.0038998947,-0.006362397,-0.002152696,-0.11600837,0.5997696472302442,0.5110741369181139,-0.6,0.0,0.0,-1.5707963267948966,0.0,-0.04552109165850693,0.0,0.0,0.0,0.0,0.6979032509096633,0.2347012206412242,0.6079890290882926,-1.9693465064703568,-0.7911435,1.7960255,-1.2287626,2.2336447,2.4491966,-2.0537536,20.567108,0.0021424072
letter_b,pid,40.5,0.29373744,0.8022696,-1.1698029,0.0008662883,-0.012610019,-0.9744963,-0.16110924,-0.21399911,0.004008993,-0.006480639,-0.0014940304,-0.116879135,0.5997696472302442,0.5065220277522545,-0.6,0.0,0.0,-1.5707963267948966,0.0,-0.04552109165845142,0.0,0.0,0.0,0.0,0.7111945402527495,0.23314609301336334,0.5963000218060355,-1.9700521684518215,-0.6849508,1.7448586,-1.2165532,2.276461,2.4878125,-2.0134797,20.419277,0.002127008
letter_b,pid,40.6,0.267321,0.8035254,-1.1696118,0.00034324813,-0.012661989,-0.9862264,-0.15870503,-0.21151873,0.0040956982,-0.006709525,-0.00062130194,-0.11729071,0.5997696472302442,0.5019699185863953,-0.6,0.0,0.0,-1.5707963267948966,0.0,-0.04552109165850693,0.0,0.0,0.0,0.0,0.7252002665168508,0.22969387777383365,0.5845699469235283,-1.9713323437683596,-0.58119553,1.6939974,-1.2044897,2.3172915,2.5248883,-1.9746627,20.302402,0.0021148338
letter_b,pid,40.7,0.24144092,0.8049044,-1.169399,-0.00021150561,-0.012616524,-0.99796045,-0.15427746,-0.20821555,0.0041530724,-0.0070332666,0.0004143798,-0.11733161,0.5997696472302442,0.49741780942053565,-0.6,0.0,0.0,-1.5707963267948966,0.0,-0.045521091658479174,0.0,0.0,0.0,0.0,0.7397044862333263,0.2242504602914052,0.5728358785298209,-1.9733025601031549,-0.48035598,1.6436042,-1.1924968,2.3557448,2.5601294,-1.937611,20.212357,0.002105454
letter_b,pid,40.800000000000004,0.2162551,0.8063013,-1.1691641,-0.00080477464,-0.0124710305,-1.009669,-0.14820938,-0.20408277,0.0041756197,-0.0074098585,0.0014796893,-0.11707549,0.5997696472302442,0.4928657002546764,-0.6,0.0,0.0,-1.5707963267948966,0.0,-0.04552109165845142,0.0,0.0,0.0,0.0,0.7545018293611901,0.2170835370986208,0.5611273805287222,-1.9755732166940472,-0.3824207,1.593771,-1.1805375,2.3918877,2.5935829,-1.9022909,20.14653,0.0020985967
letter_b,pid,40.900000000000006,0.1918999,0.8076316,-1.1689078,-0.0014396072,-0.012231803,-1.0213283,-0.14082442,-0.19912891,0.004160341,-0.007802321,0.0024861027,-0.11658185,0.5997696472302442,0.4883135910888167,-0.6,0.0,0.0,-1.5707963267948966,0.0,-0.045521091658479174,0.0,0.0,0.0,0.0,0.7694009187573031,0.20843269529366082,0.5494679967549185,-1.978093874576382,-0.28740233,1.5445937,-1.1685597,2.4257512,2.6252952,-1.8686719,20.102278,0.0020939875
letter_b,pid,41.0,0.16849448,0.808825,-1.1686312,-0.0021157328,-0.011909898,-1.0329195,-0.13236465,-0.1933758,0.004106385,-0.008179033,0.0033858924,-0.11589856,0.599567044537616,0.4837656321547707,-0.6,0.0,0.0,-1.63997279793544,-0.003149550948988722,-0.04545657441865081,0.0,0.0,0.0,0.0,0.7841100674423688,0.19645228230206233,0.6070532718352812,-1.9808973938973207,-0.37654626,1.6737446,-1.3334911,2.6306894,2.6533499,-1.838682,22.06295,0.002298224
letter_b,pid,41.1,0.14613792,0.8098234,-1.1683367,-0.0028160973,-0.011518963,-1.0446002,-0.12306598,-0.18689167,0.0040146206,-0.008394784,0.0041564694,-0.11679116,0.599252089442712,0.47921997471291167,-0.6,0.0,0.0,-1.6399727979357346,-0.003149550948988722,-0.04545657441845652,0.0,0.0,0.0,0.0,0.7985096924312864,0.18547224697874598,0.5953725495989427,-1.983914579947822,-0.28666484,1.6246377,-1.3196803,2.657653,2.6817427,-1.8083392,21.988134,0.0022904307
letter_b,pid,41.2,0.12491981,0.8105782,-1.1680275,-0.0035411792,-0.011074078,-1.056325,-0.11305167,-0.17969868,0.0038886894,-0.008601351,0.0047789807,-0.117226094,0.598937134347808,0.47467431727105264,-0.6,0.0,0.0,-1.6399727979369498,-0.003149550949044233,-0.04545657441845652,0.0,0.0,0.0,0.0,0.8125140765743272,0.17353541136721892,0.5836478391356803,-1.9870830784230824,-0.19974904,1.5760856,-1.3057686,2.682105,2.708544,-1.7795851,21.925798,0.0022839373
letter_b,pid,41.300000000000004,0.10491618,0.81104845,-1.1677071,-0.0042880718,-0.0105901295,-1.0680565,-0.102484144,-0.17184292,0.0037310338,-0.00876806,0.0052548675,-0.1172905,0.5986221792529043,0.47012865982919394,-0.6,0.0,0.0,-1.6399727979381231,-0.003149550949099744,-0.045456574418484275,0.0,0.0,0.0,0.0,0.8259922838957274,0.1607942469014476,0.5719163337428717,-1.9903429249628506,-0.11591241,1.5282271,-1.2916971,2.704012,2.7337828,-1.7524107,21.873587,0.0022784986
letter_b,pid,41.400000000000006,0.08619129,0.8111992,-1.1673795,-0.005051524,-0.0100811245,-1.0797651,-0.091502905,-0.16337007,0.0035449523,-0.008874448,0.0055920426,-0.11705592,0.5983072241580003,0.46558300238733497,-0.6,0.0,0.0,-1.6399727979366552,-0.003149550949044233,-0.04545657441865081,0.0,0.0,0.0,0.0,0.8388282149095333,0.14738546383480702,0.5602077165310155,-1.993636026174922,-0.035257153,1.4811914,-1.2773987,2.7233331,2.7574813,-1.7268132,21.829048,0.0022738592
letter_b,pid,41.5,0.06879839,0.81099904,-1.1670489,-0.0058242665,-0.0095594255,-1.0914265,-0.08021141,-0.1543413,0.0033343802,-0.008903011,0.0058059706,-0.11658098,0.5979922690630965,0.46103734494547627,-0.6,0.0,0.0,-1.6399727979369079,-0.003149550949044233,-0.045456574418484275,0.0,0.0,0.0,0.0,0.8509194050130656,0.13343736517813912,0.5485463061995421,-1.9969068838840731,0.042097453,1.4350798,-1.2628238,2.740001,2.7796707,-1.7027812,21.789589,0.0022697488
letter_b,pid,41.6,0.05278102,0.8104184,-1.1667199,-0.006597789,-0.009035462,-1.1030216,-0.06868896,-0.14481837,0.0031035948,-0.008843635,0.005914849,-0.11591311,0.5974275334092234,0.4565070665457748,-0.6,0.0,0.0,-1.7088807655137657,-0.006290174153711359,-0.045263205579570975,0.0,0.0,0.0,0.0,0.8620119121310346,0.11753497572069108,0.605859143809664,-2.000188795444646,-0.06452227,1.5670395,-1.424056,2.9265733,2.7983227,-1.6823642,23.713501,0.0024701564
letter_b,pid,41.7,0.038170364,0.80943245,-1.1663969,-0.007350226,-0.008518953,-1.1147069,-0.057047807,-0.13487834,0.0028569526,-0.008580168,0.0059359013,-0.11681071,0.5967985159938509,0.45198074598780535,-0.6,0.0,0.0,-1.7088807655131804,-0.006290174153711359,-0.045263205579765264,0.0,0.0,0.0,0.0,0.8721482269866445,0.1030309239308027,0.5941738916194425,-2.0034193070246937,0.0068307463,1.5215201,-1.4071648,2.9355156,2.8176227,-1.6613948,23.611666,0.0024595484
letter_b,pid,41.800000000000004,0.024994161,0.80801845,-1.1660839,-0.008078882,-0.008017535,-1.126436,-0.045310233,-0.12454393,0.0025999965,-0.008285754,0.0058761295,-0.117247984,0.5961694985784785,0.44745442542983555,-0.6,0.0,0.0,-1.7088807655143508,-0.006290174153711359,-0.045263205579376686,0.0,0.0,0.0,0.0,0.8813051101458309,0.0884011190167241,0.5824447704124219,-2.006550578305691,0.07480269,1.4768195,-1.3899292,2.9415514,2.8355093,-1.6419492,23.50733,0.00244868
letter_b,pid,41.900000000000006,0.013272494,0.80615544,-1.1657852,-0.008779811,-0.007537225,-1.1381719,-0.03354321,-0.11386459,0.0023362827,-0.0079502035,0.0057510273,-0.11731198,0.595540481163106,0.4429281048718662,-0.6,0.0,0.0,-1.708880765513682,-0.006290174153711359,-0.04526320557959873,0.0,0.0,0.0,0.0,0.8894284643561661,0.07385348055725195,0.5707088542740579,-2.0095451253292516,0.13929017,1.433078,-1.3722881,2.9446564,2.8519719,-1.6240574,23.398596,0.0024373538
letter_b,pid,42.0,0.0030185068,0.803823,-1.1655043,-0.009448255,-0.0070823655,-1.1498841,-0.021793008,-0.102893755,0.0020694132,-0.007567216,0.005576689,-0.117074475,0.5949114637477336,0.4384017843138967,-0.6,0.0,0.0,-1.7088807655137657,-0.006290174153711359,-0.045263205579570975,0.0,0.0,0.0,0.0,0.8964736959766725,0.0597151616564732,0.5589966607850669,-2.012380607693546,0.20019025,1.3904123,-1.3541906,2.944793,2.8669994,-1.607747,23.283497,0.0024253645
letter_b,pid,42.1,-0.0057616653,0.8010022,-1.1652446,-0.010079111,-0.006656154,-1.1615484,-0.010110568,-0.09168484,0.0018029361,-0.007134655,0.005363947,-0.11659408,0.594282446332361,0.43387546375592656,-0.6,0.0,0.0,-1.7088807655137657,-0.006290174153711359,-0.045263205579570975,0.0,0.0,0.0,0.0,0.9024059031553717,0.04661345502518714,0.5473323894303916,-2.0150524521082622,0.2574304,1.348914,-1.3355943,2.9419389,2.88059,-1.5930331,23.160208,0.002412522
letter_b,pid,42.2,-0.013067153,0.797675,-1.1650087,-0.010667603,-0.0062605776,-1.173145,0.001469822,-0.080281086,0.0015401974,-0.006656808,0.0051243594,-0.11591825,0.5933575853674751,0.4293796174170641,-0.6,0.0,0.0,-1.7772609053432464,-0.00941296717638096,-0.04494153326675687,0.0,0.0,0.0,0.0,0.9069880114956769,0.03700934091422519,0.6041158495723723,-2.017665344280883,0.13168032,1.484559,-1.4910579,3.1072972,2.890561,-1.582109,24.958216,0.0025998142
letter_b,pid,42.300000000000004,-0.018905917,0.7938262,-1.1647989,-0.011196832,-0.0058981967,-1.184829,0.012886868,-0.06875404,0.001284318,-0.0060237697,0.0048699575,-0.11679251,0.5924162886498384,0.42488546409037387,-0.6,0.0,0.0,-1.7772609053418154,-0.009412967176325449,-0.044941533266812383,0.0,0.0,0.0,0.0,0.9104009391430765,0.03264915892145469,0.5924319086834902,-2.0202549504136016,0.18232833,1.4441539,-1.469715,3.0961971,2.901273,-1.5706204,24.749556,0.0025780788
letter_b,pid,42.400000000000006,-0.023287158,0.7894417,-1.1646168,-0.011668584,-0.005569624,-1.1965543,0.024136262,-0.057110187,0.0010389441,-0.0054091015,0.004598337,-0.11720703,0.5914749919322018,0.4203913107636841,-0.6,0.0,0.0,-1.7772609053431225,-0.00941296717638096,-0.04494153326678463,0.0,0.0,0.0,0.0,0.9126460715370689,0.03570302941957479,0.580706602173872,-2.022885245336262,0.2293918,1.4047871,-1.4478301,3.0820088,2.9105556,-1.5607388,24.528276,0.002555029
letter_b,pid,42.5,-0.026223892,0.78450805,-1.1644636,-0.012084036,-0.0052745207,-1.2082837,0.035194203,-0.045383073,0.0008061448,-0.004807787,0.0043194206,-0.11724873,0.5905336952145651,0.4158971574369942,-0.6,0.0,0.0,-1.7772609053431225,-0.00941296717638096,-0.04494153326678463,0.0,0.0,0.0,0.0,0.9137193833985043,0.04461663906237025,0.568977242547102,-2.025605868136925,0.27280372,1.3665975,-1.425344,3.0647452,2.9183547,-1.55252,24.293392,0.0025305618
letter_b,pid,42.6,-0.027732383,0.7790122,-1.16434,-0.012444104,-0.0050118086,-1.2199868,0.04604302,-0.033603698,0.00058788614,-0.0042179595,0.0040410855,-0.11698922,0.5895923984969285,0.41140300411030395,-0.6,0.0,0.0,-1.7772609053423791,-0.00941296717638096,-0.04494153326695116,0.0,0.0,0.0,0.0,0.9136224969786776,0.056606171071509864,0.5572741089632898,-2.028397798633576,0.3125119,1.3297026,-1.4022028,3.0444174,2.9246187,-1.5460153,24.04398,0.0025045814
letter_b,pid,42.7,-0.027833153,0.7729428,-1.1642458,-0.012749354,-0.004780161,-1.2316394,0.056655638,-0.021810995,0.00038604066,-0.003636515,0.003766307,-0.11648721,0.5886203217289663,0.4069133151622786,-0.6,0.0,0.0,-1.8448715302839134,-0.012509078120781503,-0.04449246929519313,0.0,0.0,0.0,0.0,0.9123408510527588,0.07278980855698469,0.6132321450605247,-2.0312492350141373,0.17190483,1.467863,-1.5512217,3.1909895,2.9275858,-1.5429795,25.72442,0.0026796274
letter_b,pid,42.800000000000004,-0.026553802,0.7662901,-1.1641808,-0.012987975,-0.004579631,-1.2433909,0.06699508,-0.010071368,0.00020230295,-0.0029479372,0.0035033175,-0.11747836,0.5873694139168801,0.4024640682327468,-0.6,0.0,0.0,-1.844871530284907,-0.012509078120837014,-0.04449246929522088,0.0,0.0,0.0,0.0,0.9097093174295814,0.08663581129710565,0.6014806125068919,-2.034038483198106,0.20501037,1.4323239,-1.5250678,3.1624022,2.9307363,-1.5399235,25.38078,0.0026438313
letter_b,pid,42.900000000000006,-0.023922443,0.7590434,-1.1641437,-0.013165226,-0.0044079004,-1.2551924,0.07708113,0.0016107676,3.8512026e-05,-0.0023129813,0.0032498848,-0.11798212,0.5861185061047939,0.3980148213032145,-0.6,0.0,0.0,-1.844871530284907,-0.012509078120837014,-0.04449246929522088,0.0,0.0,0.0,0.0,0.9059523634644172,0.10075671260891252,0.5896791312599436,-2.036668817700728,0.23455398,1.3979396,-1.4982502,3.1307437,2.93234,-1.5385641,25.021358,0.0026063917
letter_b,pid,43.0,-0.019969901,0.7511923,-1.1641332,-0.013285408,-0.004262427,-1.2670046,0.08690158,0.013206554,-0.00010439265,-0.0017224847,0.0030096502,-0.11809107,0.5848675982927077,0.39356557437368267,-0.6,0.0,0.0,-1.844871530284907,-0.012509078120837014,-0.04449246929522088,0.0,0.0,0.0,0.0,0.9010946191122794,0.11494201862842066,0.5778669211769358,-2.0390777331800676,0.26049885,1.364831,-1.4707291,3.096059,2.9323435,-1.5389401,24.646223,0.0025673148
letter_b,pid,43.1,-0.014729407,0.7427282,-1.1641475,-0.013352232,-0.004140731,-1.2787955,0.09643972,0.024691045,-0.00022556531,-0.0011708162,0.0027832591,-0.11788149,0.5836166904806215,0.38911632744415087,-0.6,0.0,0.0,-1.844871530284907,-0.012509078120837014,-0.04449246929522088,0.0,0.0,0.0,0.0,0.8951657876190988,0.1290590950183887,0.5660760495567576,-2.0412319581721974,0.2828335,1.333096,-1.4424714,3.0584009,2.9307039,-1.5410787,24.255629,0.0025266276
letter_b,pid,43.2,-0.008236066,0.73364264,-1.1641842,-0.013368927,-0.004040046,-1.2905396,0.10569954,0.036037806,-0.00032430352,-0.0006532446,0.0025747952,-0.11741584,0.5823657826685351,0.3846670805146183,-0.6,0.0,0.0,-1.8448715302850696,-0.012509078120837014,-0.04449246929519313,0.0,0.0,0.0,0.0,0.8881994762126797,0.14303323979074595,0.5543319079782458,-2.043117484484897,0.30154234,1.3028103,-1.4134504,3.017803,2.9273784,-1.5450022,23.849796,0.0024843535
letter_b,pid,43.300000000000004,-0.00052683573,0.7239279,-1.1642411,-0.013338441,-0.00395766,-1.3022163,0.114677645,0.047222927,-0.00040005767,-0.00016688452,0.002384782,-0.11674482,0.5810379110775308,0.3802322972438696,-0.6,0.0,0.0,-1.9114957088432383,-0.015569730724307451,-0.04391728658545424,0.0,0.0,0.0,0.0,0.8801773819887951,0.1589687943267276,0.609279417415626,-2.044810434903124,0.14252342,1.4453461,-1.5538112,3.1416807,2.9205065,-1.5525529,25.333605,0.0026389172
letter_b,pid,43.400000000000006,0.008356457,0.7135773,-1.1643151,-0.013251519,-0.003892479,-1.3139756,0.12336451,0.05819266,-0.0004524566,0.00040383087,0.0022201987,-0.11757282,0.5794809380050951,0.3758405685853121,-0.6,0.0,0.0,-1.9114957088432383,-0.015569730724307451,-0.04391728658545424,0.0,0.0,0.0,0.0,0.8710343220470328,0.1724220649196964,0.5975201362571787,-2.0463084387995645,0.15353078,1.4154065,-1.5229003,3.0918374,2.913729,-1.5600655,24.829252,0.0025863806
letter_b,pid,43.5,0.018372223,0.70258456,-1.1644033,-0.013115265,-0.0038414672,-1.3257717,0.13175799,0.068962954,-0.0004814264,0.00090337923,0.002073177,-0.11794294,0.5779239649326596,0.37144883992675504,-0.6,0.0,0.0,-1.9114957088432383,-0.015569730724307451,-0.04391728658545424,0.0,0.0,0.0,0.0,0.8609878786950065,0.1856007479420578,0.5857240194282602,-2.0476190922236177,0.16056474,1.3861227,-1.4918503,3.0385377,2.9052627,-1.5693007,24.3087,0.0025321564
letter_b,pid,43.6,0.029478166,0.69094414,-1.1645026,-0.012935852,-0.0038014692,-1.3375676,0.13986382,0.07951798,-0.00048710077,0.0013409976,0.0019469544,-0.11794284,0.5763669918602241,0.36705711126819796,-0.6,0.0,0.0,-1.9114957088434372,-0.015569730724307451,-0.043917286585426485,0.0,0.0,0.0,0.0,0.8500902308654352,0.19848448645660083,0.5739281410181198,-2.0487577898570546,0.1642908,1.3582722,-1.4599589,2.982522,2.8950543,-1.5802878,23.777462,0.0024768189
letter_b,pid,43.7,0.041630764,0.6786523,-1.1646097,-0.012718592,-0.0037698783,-1.3493335,0.14767233,0.08984038,-0.00046969534,0.0017253263,0.0018378553,-0.11764466,0.5748100187877885,0.36266538260964054,-0.6,0.0,0.0,-1.9114957088440907,-0.015569730724418473,-0.04391728658564853,0.0,0.0,0.0,0.0,0.8383984266640162,0.2110433687380378,0.5621621841401112,-2.049747756861726,0.16473159,1.3319243,-1.4272139,2.9238698,2.8830771,-1.5930295,23.23699,0.0024205197
letter_b,pid,43.800000000000004,0.054785274,0.665707,-1.1647211,-0.01246798,-0.0037444506,-1.3610456,0.15518056,0.09991078,-0.00042959568,0.002064583,0.0017438186,-0.11710733,0.5732530457153528,0.35827365395108307,-0.6,0.0,0.0,-1.9114957088434372,-0.015569730724307451,-0.043917286585426485,0.0,0.0,0.0,0.0,0.8259746024787361,0.2232540230502438,0.5504501098596726,-2.0506191700936256,0.16191553,1.3071266,-1.3936123,2.8626544,2.8693166,-1.6075159,22.688828,0.0023634194
letter_b,pid,43.900000000000006,0.068896376,0.6521057,-1.1648338,-0.012187857,-0.0037228009,-1.3726847,0.16240817,0.10971131,-0.00036735946,0.0023654092,0.0016675955,-0.11637865,0.5715743534749633,0.353910157632334,-0.6,0.0,0.0,-1.9769466124353003,-0.018586249234509022,-0.04321761555542425,0.0,0.0,0.0,0.0,0.8127994390163206,0.23695225821371754,0.6042618952569556,-2.051480379371341,-0.015282925,1.4523915,-1.5261467,2.9632552,2.8518312,-1.6256664,23.99541,0.002499522
letter_b,pid,44.0,0.08391539,0.63784623,-1.1649444,-0.011869907,-0.003703977,-1.384399,0.16936038,0.11919949,-0.0002836418,0.002743402,0.0016159023,-0.117131196,0.569715728551512,0.3495883960767806,-0.6,0.0,0.0,-1.9769466124353003,-0.018586249234509022,-0.04321761555542425,0.0,0.0,0.0,0.0,0.7989097166020759,0.24840155870152303,0.592547556000669,-2.0523555132036737,-0.023724698,1.4295034,-1.4891483,2.894927,2.8344266,-1.6436518,23.377773,0.0024351848
letter_b,pid,44.1,0.09979393,0.62292475,-1.1650496,-0.011521135,-0.0036853557,-1.3961444,0.17605136,0.1283937,-0.00017974997,0.0030526766,0.0015803166,-0.11744191,0.5678571036280604,0.3452666345212264,-0.6,0.0,0.0,-1.9769466124342163,-0.01858624923445351,-0.04321761555542425,0.0,0.0,0.0,0.0,0.7845114116445525,0.2594884860063285,0.5808022223280151,-2.0532725867984203,-0.035125595,1.4079713,-1.4513117,2.8241575,2.8152735,-1.66328,22.758055,0.0023706306
letter_b,pid,44.2,0.11648323,0.60733825,-1.1651461,-0.011147253,-0.00366465,-1.4078851,0.18248913,0.13727984,-5.6529818e-05,0.0033061365,0.0015596594,-0.11739565,0.5659984787046088,0.34094487296567266,-0.6,0.0,0.0,-1.9769466124339832,-0.01858624923445351,-0.043217615555452005,0.0,0.0,0.0,0.0,0.769687937806768,0.2702048129630093,0.5690615378185047,-2.05426402196892,-0.049473457,1.3878604,-1.412642,2.7510288,2.7943575,-1.6845443,22.138445,0.002306088
letter_b,pid,44.300000000000004,0.13393357,0.5910846,-1.1652311,-0.010752706,-0.003639885,-1.4195924,0.18868285,0.14583902,8.503825e-05,0.0035164438,0.001552643,-0.1170622,0.564139853781157,0.33662311141011814,-0.6,0.0,0.0,-1.9769466124342163,-0.01858624923445351,-0.04321761555542425,0.0,0.0,0.0,0.0,0.7545291898382781,0.28054037167229406,0.5573542319105347,-2.0553661774118606,-0.06674706,1.3692046,-1.3731594,2.675617,2.7716858,-1.7074186,21.521189,0.0022417905
letter_b,pid,44.400000000000006,0.15209477,0.5741617,-1.1653014,-0.010340976,-0.003609194,-1.4312433,0.19465034,0.15405531,0.00024384285,0.0036932265,0.0015596487,-0.11649841,0.5622812288577056,0.33230134985456433,-0.6,0.0,0.0,-1.9769466124344495,-0.01858624923445351,-0.043217615555396494,0.0,0.0,0.0,0.0,0.7391313059329252,0.2904935614881075,0.5457033119965222,-2.056618189911527,-0.086919606,1.3520225,-1.3328872,2.59799,2.7472682,-1.7318722,20.908524,0.0021779712
letter_b,pid,44.5,0.17091626,0.5565705,-1.1653547,-0.00991497,-0.003571499,-1.4428194,0.20037971,0.16192001,0.0004186778,0.003842249,0.0015739844,-0.11575018,0.5602579465027334,0.3280252647466087,-0.6,0.0,0.0,-2.041070885329945,-0.02155008300180894,-0.04239543949863256,0.0,0.0,0.0,0.0,0.7234955629865246,0.30165843860690283,0.5982515284116099,-2.058134232574835,-0.27770665,1.5015512,-1.4552982,2.6791427,2.719122,-1.7598748,22.11826,0.0023039852
letter_b,pid,44.6,0.1903441,0.53831416,-1.1653883,-0.009465502,-0.003527025,-1.454466,0.20586315,0.16939165,0.0006081383,0.004078728,0.0015994521,-0.11645564,0.5581029382025444,0.3237857207967312,-0.6,0.0,0.0,-2.041070885330175,-0.021550083001919962,-0.04239543949882685,0.0,0.0,0.0,0.0,0.7077662049480736,0.3107586160588141,0.5866049000320182,-2.0599456418460917,-0.30269673,1.4861149,-1.411829,2.595247,2.691237,-1.7874197,21.466354,0.0022360787
letter_b,pid,44.7,0.21032472,0.5193925,-1.1653999,-0.008998244,-0.0034741785,-1.4661403,0.21112712,0.17649415,0.00080981624,0.0042608185,0.0016334432,-0.11673134,0.5559479299023555,0.31954617684685405,-0.6,0.0,0.0,-2.0410708853296806,-0.02155008300180894,-0.042395439498660314,0.0,0.0,0.0,0.0,0.6921495573142354,0.3194557689495033,0.5749306150965263,-2.062083279085364,-0.33021256,1.4719123,-1.3676314,2.5093312,2.6617405,-1.8163697,20.826786,0.0021694568
letter_b,pid,44.800000000000004,0.23080428,0.49980724,-1.1653875,-0.008517546,-0.0034118558,-1.4778073,0.21617407,0.1832134,0.0010223376,0.004401653,0.001673013,-0.116659656,0.5537929216021664,0.3153066328969766,-0.6,0.0,0.0,-2.041070885330721,-0.02155008300186445,-0.042395439498660314,0.0,0.0,0.0,0.0,0.6767755716186264,0.3277394753750275,0.5632636019292319,-2.0645809107992643,-0.36022332,1.4589676,-1.32275,2.4214942,2.630662,-1.8466855,20.202278,0.0021044041
letter_b,pid,44.900000000000006,0.25172895,0.4795612,-1.1653491,-0.008026782,-0.0033391681,-1.4894392,0.22101516,0.18953948,0.0012442048,0.0045107645,0.0017175868,-0.11630821,0.5516379133019774,0.31106708894709906,-0.6,0.0,0.0,-2.041070885330721,-0.02155008300186445,-0.042395439498660314,0.0,0.0,0.0,0.0,0.6617819036093251,0.33560877295306213,0.5516316362920248,-2.0674733490492176,-0.3926884,1.4472891,-1.2772273,2.331828,2.5980322,-1.8783255,19.595459,0.002041194
letter_b,pid,45.0,0.27304482,0.4586583,-1.1652832,-0.007528472,-0.0032554185,-1.5010136,0.22566153,0.19546103,0.0014738204,0.0045966185,0.0017664994,-0.115732156,0.5494829050017886,0.306827544997222,-0.6,0.0,0.0,-2.041070885330721,-0.02155008300186445,-0.042395439498660314,0.0,0.0,0.0,0.0,0.6473142147070701,0.3430618845670392,0.5400572487416708,-2.07079569000941,-0.42755976,1.4368657,-1.231115,2.2404208,2.5638957,-1.9112384,19.008913,0.001980095
letter_b,pid,45.1,0.2946983,0.43710512,-1.1651887,-0.007024598,-0.0031604506,-1.5125123,0.23010711,0.20097221,0.0017095425,0.004664413,0.001815317,-0.114976116,0.5471224975942269,0.302654681991715,-0.6,0.0,0.0,-2.1037500549136463,-0.02445283071761395,-0.04145308896252864,0.0,0.0,0.0,0.0,0.6334296563160764,0.3515305328544154,0.5912377286731068,-2.0746531004485282,-0.6288747,1.5893676,-1.3440518,2.3045447,2.5262086,-1.947466,20.213327,0.0021055553
letter_b,pid,45.2,0.31663316,0.41491133,-1.1650645,-0.006505569,-0.003054927,-1.5240775,0.23434125,0.20603961,0.001949638,0.004824779,0.0018676072,-0.115641065,0.5446772145224614,0.29850937309545167,-0.6,0.0,0.0,-2.1037500549136463,-0.02445283071761395,-0.04145308896252864,0.0,0.0,0.0,0.0,0.620363878180769,0.35809330003859086,0.5796725202380482,-2.0790673376596716,-0.66757846,1.5802971,-1.2951627,2.2078815,2.4891129,-1.9828625,19.622614,0.002044022
letter_b,pid,45.300000000000004,0.33879384,0.39208293,-1.1649095,-0.0059762835,-0.0029380745,-1.5356673,0.23838803,0.21069384,0.0021912348,0.004938796,0.0019224726,-0.11588724,0.5422319314506959,0.29436406419918826,-0.6,0.0,0.0,-2.103750054913875,-0.02445283071772497,-0.04145308896269517,0.0,0.0,0.0,0.0,0.6083245473802066,0.36423645115896247,0.5680827546895708,-2.0840577125653263,-0.70828193,1.5722356,-1.2457532,2.1097069,2.4506924,-2.0193453,19.06,0.0019854167
letter_b,pid,45.400000000000006,0.3611252,0.36862767,-1.1647235,-0.0054405127,-0.0028094428,-1.5472478,0.24225543,0.21492721,0.00243289,0.0050174645,0.001978369,-0.115794584,0.5397866483789304,0.29021875530292485,-0.6,0.0,0.0,-2.103750054912653,-0.024452830717558438,-0.04145308896252864,0.0,0.0,0.0,0.0,0.5974784676081007,0.36995956001768227,0.5565022874642275,-2.0896426612900645,-0.75094455,1.5651824,-1.1958892,2.0101273,2.4109964,-2.0568686,18.528088,0.0019300092
letter_b,pid,45.5,0.38357252,0.34455472,-1.1645061,-0.0049010534,-0.0026687898,-1.5587916,0.24595343,0.21873139,0.0026730914,0.0050702738,0.0020345496,-0.115428835,0.5373413653071651,0.2860734464066618,-0.6,0.0,0.0,-2.1037500549136463,-0.02445283071761395,-0.04145308896252864,0.0,0.0,0.0,0.0,0.5879898210128273,0.3752634424623261,0.544958417492992,-2.095840345153764,-0.7955172,1.5591179,-1.1456412,1.9092419,2.3700829,-2.0953748,18.029282,0.0018780503
letter_b,pid,45.6,0.406082,0.31987405,-1.1642574,-0.004360096,-0.00251593,-1.5702769,0.24949662,0.22210416,0.00291031,0.005103057,0.0020914748,-0.11484353,0.5348960822353999,0.28192813751039875,-0.6,0.0,0.0,-2.103750054912946,-0.024452830717558438,-0.041453088962500884,0.0,0.0,0.0,0.0,0.5800167069832293,0.38015680724929046,0.5334731984905217,-2.1026261932462376,-0.8419418,1.5540158,-1.0950745,1.8071483,2.3280103,-2.1348126,17.56586,0.0018297773
letter_b,pid,45.7,0.42858618,0.29465494,-1.1639777,-0.0038145315,-0.0023635656,-1.5816861,0.25231442,0.2248993,0.0031422772,0.0051685977,0.0020210799,-0.11408396,0.5322072233004613,0.2778739388548483,-0.6,0.0,0.0,-2.1649001847629847,-0.027286264227932566,-0.04039323514201665,0.0,0.0,0.0,0.0,0.5736635033938856,0.3854433143513599,0.5832140456562342,-2.110040478323743,-1.0500178,1.7072821,-1.2002361,1.8575002,2.2831976,-2.1767726,18.859552,0.0019645367
letter_b,pid,45.800000000000004,0.45100275,0.2690371,-1.1636679,-0.0032461071,-0.002235883,-1.593158,0.25372863,0.22693068,0.0033633728,0.0054130987,0.0017144149,-0.11471346,0.5294785968776579,0.273834615340639,-0.6,0.0,0.0,-2.1649001847633036,-0.027286264227932566,-0.04039323514198889,0.0,0.0,0.0,0.0,0.5691247632606822,0.3878695096272157,0.5717421780952129,-2.1180515587312305,-1.0980355,1.7014914,-1.1488847,1.7523406,2.2405531,-2.2163684,18.423756,0.0019191414
letter_b,pid,45.900000000000006,0.47324526,0.24321668,-1.1633291,-0.0026496197,-0.002162315,-1.6046523,0.25317317,0.22813278,0.0035633617,0.0057078763,0.0011087889,-0.114938974,0.526749970454854,0.26979529182642903,-0.6,0.0,0.0,-2.16490018476236,-0.027286264227877055,-0.04039323514198889,0.0,0.0,0.0,0.0,0.566488198332396,0.3882993900779089,0.5602478991864932,-2.126623939596108,-1.1461699,1.6949433,-1.0986825,1.6474559,2.198652,-2.2550676,18.027153,0.0018778285
letter_b,pid,46.0,0.49522454,0.21743234,-1.1629623,-0.0020179632,-0.0021724035,-1.6161362,0.25026327,0.2283856,0.003731444,0.0060682474,0.00020339452,-0.11483873,0.5240213440320509,0.2657559683122201,-0.6,0.0,0.0,-2.1649001847642473,-0.027286264227988077,-0.04039323514198889,0.0,0.0,0.0,0.0,0.565765853163478,0.38638029264728513,0.5487639914887956,-2.1357466053153815,-1.1938795,1.687367,-1.049944,1.5434315,2.158005,-2.292401,17.669207,0.0018405424
letter_b,pid,46.1,0.5168539,0.19189486,-1.1625693,-0.0013452044,-0.0022799477,-1.6275836,0.24531683,0.22763917,0.0038568685,0.0064789024,-0.0008444344,-0.11447628,0.5212927176092472,0.2617166447980105,-0.6,0.0,0.0,-2.1649001847633036,-0.027286264227932566,-0.04039323514198889,0.0,0.0,0.0,0.0,0.5669029761819483,0.3823201454224307,0.5373165618308695,-2.145382924865193,-1.2410194,1.6789855,-1.002497,1.440463,2.1186306,-2.3283978,17.349087,0.0018071965
letter_b,pid,46.2,0.5380507,0.16678701,-1.162152,-0.00062744203,-0.002486859,-1.6389737,0.23865196,0.22587106,0.0039321515,0.006917937,-0.0019158935,-0.113902494,0.5185608676921397,0.25767869479588756,-0.6,0.0,0.0,-2.224470097679289,-0.030042351857884064,-0.03921888230801196,0.0,0.0,0.0,0.0,0.5697859959908724,0.3774715501672872,0.5854963847581462,-2.155686251765293,-1.4429251,1.8235507,-1.1079555,1.4885811,2.0787983,-2.3648288,18.764627,0.0019546486
letter_b,pid,46.300000000000004,0.5587334,0.14226821,-1.1617135,0.00014749757,-0.0027865395,-1.6504381,0.23053864,0.22304766,0.003952923,0.0074642934,-0.002924871,-0.11464537,0.5155566325063492,0.25375680656509136,-0.6,0.0,0.0,-2.224470097680105,-0.030042351857828553,-0.03921888230787318,0.0,0.0,0.0,0.0,0.5742960693481559,0.36973208631754156,0.5740320273828639,-2.1671026713934944,-1.4877515,1.8132575,-1.0608119,1.3863178,2.0417557,-2.3984816,18.469986,0.0019239569
letter_b,pid,46.400000000000006,0.57882565,0.11847215,-1.1612569,0.00097537856,-0.0031669706,-1.6619345,0.22123328,0.21921761,0.003916101,0.007958459,-0.0038212684,-0.11496287,0.5125523973205586,0.24983491833429483,-0.6,0.0,0.0,-2.2244700976798395,-0.030042351857939575,-0.039218882308039715,0.0,0.0,0.0,0.0,0.5802220602515996,0.3604777393243299,0.5625356027076105,-2.178902651373539,-1.5313109,1.8025857,-1.0143936,1.2856683,2.005938,-2.4309561,18.2095,0.0018968229
letter_b,pid,46.5,0.598257,0.09551175,-1.160787,0.0018502759,-0.0036129463,-1.6734283,0.21098009,0.21440758,0.0038228338,0.008384966,-0.004571862,-0.11493401,0.5095481621347682,0.24591303010349863,-0.6,0.0,0.0,-2.2244700976807312,-0.030042351857995087,-0.039218882308039715,0.0,0.0,0.0,0.0,0.5873430412820576,0.34990400364331625,0.5510418006378847,-2.1909781463558904,-1.5734488,1.7916639,-0.9686432,1.1868583,1.9713228,-2.4623075,17.981773,0.0018731016
letter_b,pid,46.6,0.61696446,0.073483214,-1.1603085,0.0027644304,-0.004108253,-1.6848917,0.19997604,0.20866583,0.0036761225,0.00872738,-0.0051651644,-0.11462385,0.5065439269489774,0.2419911418727021,-0.6,0.0,0.0,-2.224470097680105,-0.030042351857828553,-0.03921888230787318,0.0,0.0,0.0,0.0,0.5954269131259476,0.33818457589321604,0.5395783969354762,-2.203219418623707,-1.6139754,1.7805805,-0.923525,1.0901301,1.9378936,-2.492578,17.785042,0.0018526086
letter_b,pid,46.7,0.63489145,0.052467577,-1.1598272,0.0037089111,-0.004636694,-1.6963019,0.18839864,0.20204064,0.0034802195,0.008976048,-0.0055998126,-0.11408602,0.503539691763187,0.2380692536419059,-0.6,0.0,0.0,-2.224470097680276,-0.030042351857828553,-0.039218882307859304,0.0,0.0,0.0,0.0,0.6042415054464909,0.32547617278851393,0.5281681605770046,-2.215518359308178,-1.652708,1.7693911,-0.87902534,0.99570835,1.905652,-2.5217977,17.617281,0.0018351335
letter_b,pid,46.800000000000004,0.6519889,0.032533184,-1.1593492,0.0046736333,-0.0051830867,-1.7076406,0.17639424,0.19459648,0.0032403227,0.009121485,-0.005884422,-0.11336421,0.5004917220622227,0.23416841491080337,-0.6,0.0,0.0,-2.2824385548694464,-0.032713281177321196,-0.037933359290837076,0.0,0.0,0.0,0.0,0.6135794158427458,0.31274044010379903,0.5747979069812628,-2.227842473842763,-1.8408661,1.9077152,-0.9826807,1.0495298,1.8728025,-2.5517905,19.114365,0.0019910794
letter_b,pid,46.900000000000006,0.6682121,0.013740748,-1.1588808,0.0056586955,-0.0057330495,-1.7190375,0.16405836,0.18636721,0.0029621408,0.00925991,-0.0060322154,-0.11394154,0.4972203939444786,0.23037507898170942,-0.6,0.0,0.0,-2.2824385548696853,-0.03271328117734895,-0.037933359290850954,0.0,0.0,0.0,0.0,0.6233108246684602,0.2983933630508698,0.5634010220632887,-2.2400786281102896,-1.8747617,1.8956169,-0.93758374,0.9584389,1.8427459,-2.5791855,18.953674,0.001974341
letter_b,pid,47.0,0.6835244,-0.0038592499,-1.1584285,0.0066495365,-0.0062752324,-1.7304531,0.15147693,0.17745699,0.0026502705,0.009253951,-0.006067699,-0.11412128,0.49394906582673515,0.22658174305261608,-0.6,0.0,0.0,-2.2824385548694464,-0.032713281177321196,-0.037933359290837076,0.0,0.0,0.0,0.0,0.6331542584873685,0.2834185280144483,0.5519854212863775,-2.2521223794336294,-1.9060954,1.8834136,-0.8929447,0.8702628,1.8138905,-2.6056094,18.814552,0.0019598491
letter_b,pid,47.1,0.69789577,-0.020225344,-1.1579987,0.007632764,-0.0067998297,-1.741855,0.13875626,0.16792342,0.0023112958,0.009116787,-0.0060040043,-0.113978766,0.4906777377089908,0.22278840712352183,-0.6,0.0,0.0,-2.2824385548696853,-0.03271328117734895,-0.037933359290850954,0.0,0.0,0.0,0.0,0.642928862611992,0.2679256605655039,0.5405835295782423,-2.263881947612167,-1.9347354,1.871111,-0.84881985,0.7851955,1.7862666,-2.6310585,18.694502,0.0019473439
letter_b,pid,47.2,0.71130395,-0.035324093,-1.1575974,0.0085955635,-0.007298737,-1.753217,0.12598407,0.15784632,0.0019517128,0.008855409,-0.0058561303,-0.11357572,0.48740640959124704,0.21899507119442818,-0.6,0.0,0.0,-2.2824385548697586,-0.032713281177210174,-0.03793335929068442,0.0,0.0,0.0,0.0,0.6524746977899092,0.25202845243108424,0.5292215729819412,-2.2752760908276355,-1.9605315,1.8587178,-0.80524933,0.7034357,1.7598945,-2.6555388,18.590878,0.0019365499
letter_b,pid,47.300000000000004,0.72373384,-0.049128685,-1.1572304,0.009526172,-0.0077656303,-1.764518,0.11323,0.14729863,0.0015777458,0.008481257,-0.005640111,-0.112962894,0.484135081473503,0.21520173526533423,-0.6,0.0,0.0,-2.282438554869974,-0.03271328117748773,-0.03793335929098973,0.0,0.0,0.0,0.0,0.6616523487837588,0.2358237079217441,0.5179205323327425,-2.286234339692297,-1.9833447,1.8462216,-0.76228124,0.6251582,1.7348104,-2.6790369,18.50089,0.0019271761
letter_b,pid,47.400000000000006,0.73517585,-0.06161874,-1.1569029,0.010414351,-0.008195684,-1.7757411,0.1005594,0.136342,0.0011951866,0.0080102505,-0.0053694355,-0.11218181,0.48078233651460595,0.21145239036503835,-0.6,0.0,0.0,-2.338810779175727,-0.03529148114719827,-0.036540310045588,0.0,0.0,0.0,0.0,0.6703914917168934,0.21987538395695422,0.5630696788644478,-2.2967670012768044,-2.1504152,1.9792238,-0.8632919,0.6921004,1.7091937,-2.7033958,19.99558,0.002082873
letter_b,pid,47.5,0.7456226,-0.07277766,-1.1566197,0.011262299,-0.0085836435,-1.7870135,0.0880137,0.12500583,0.00080935424,0.0075556394,-0.0050532636,-0.11267361,0.47725318839987685,0.20779835936047092,-0.6,0.0,0.0,-2.3388107791759167,-0.03529148114719827,-0.03654031004557412,0.0,0.0,0.0,0.0,0.6786534347804906,0.20322887890017935,0.5517972484447156,-2.306810440041512,-2.166303,1.9657419,-0.81984055,0.61927956,1.6865993,-2.7250783,19.883324,0.0020711797
letter_b,pid,47.6,0.7550736,-0.08259324,-1.1563847,0.012058885,-0.008928161,-1.7982974,0.07561174,0.113380164,0.00042403597,0.006997308,-0.0047157174,-0.112789184,0.4737240402851475,0.20414432835590315,-0.6,0.0,0.0,-2.33881077917658,-0.035291481147392556,-0.036540310045726776,0.0,0.0,0.0,0.0,0.6862506490442538,0.18648284869037093,0.5405133739336603,-2.3163134574561517,-2.1787162,1.9520342,-0.77695173,0.55026984,1.665407,-2.7457232,19.77627,0.002060028
letter_b,pid,47.7,0.7635335,-0.091057055,-1.1562014,0.012795347,-0.009228991,-1.8095623,0.06339046,0.10151611,4.411406e-05,0.006358881,-0.00436641,-0.11259985,0.470194892170418,0.2004902973513354,-0.6,0.0,0.0,-2.3388107791761197,-0.03529148114722602,-0.036540310045588,0.0,0.0,0.0,0.0,0.6931142310385314,0.16969886275552007,0.5292484536985196,-2.325236961524178,-2.1875987,1.9380661,-0.73471826,0.4851857,1.6456822,-2.7652755,19.671925,0.0020491586
letter_b,pid,47.800000000000004,0.77101064,-0.098163664,-1.156072,0.013465111,-0.009486892,-1.8207835,0.051375896,0.08946119,-0.0003261388,0.0056620636,-0.0040144855,-0.11216428,0.4666657440556889,0.19683626634676793,-0.6,0.0,0.0,-2.338810779175727,-0.03529148114719827,-0.036540310045588,0.0,0.0,0.0,0.0,0.6991901494991254,0.15293043916655674,0.518027283272712,-2.333555107172504,-2.1928983,1.923793,-0.69323087,0.42412555,1.6274968,-2.7836668,19.56778,0.0020383105
letter_b,pid,47.900000000000006,0.7775169,-0.1039116,-1.1559987,0.014063664,-0.009703137,-1.8319409,0.039602064,0.07725742,-0.00068296085,0.004927047,-0.0036645015,-0.11153043,0.4631365959409595,0.19318223534220016,-0.6,0.0,0.0,-2.338810779175727,-0.03529148114719827,-0.036540310045588,0.0,0.0,0.0,0.0,0.7044389867820986,0.1362330069876835,0.5068698898172066,-2.3412553267100717,-2.1945796,1.9091759,-0.65256524,0.36716154,1.6109197,-2.8008325,19.461506,0.0020272399
letter_b,pid,48.0,0.7830673,-0.10830153,-1.1559825,0.014588157,-0.009879796,-1.8430188,0.028080754,0.06494842,-0.0010229924,0.0041700453,-0.003324235,-0.110737205,0.4594915104024996,0.18959822196215026,-0.6,0.0,0.0,-2.3936146699193706,-0.037769643579460555,-0.035043683321522856,0.0,0.0,0.0,0.0,0.7089161286771383,0.11973195708950182,0.550595899701475,-2.3484121748268785,-2.3359625,2.0358927,-0.7519863,0.45191658,1.5940868,-2.8186338,20.857101,0.0021726147
letter_b,pid,48.1,0.78767747,-0.11133676,-1.1560235,0.01504784,-0.0100166,-1.8541409,0.016834134,0.05255127,-0.0013433162,0.0034980087,-0.0029902728,-0.111184366,0.4557145460445455,0.18609385362998873,-0.6,0.0,0.0,-2.393614669919004,-0.0377696435794328,-0.035043683321522856,0.0,0.0,0.0,0.0,0.7126194538635955,0.10322912774655889,0.5394737921953103,-2.3550510779506517,-2.3296916,2.019809,-0.7113457,0.40146288,1.5806744,-2.8333855,20.700882,0.0021563417
letter_b,pid,48.2,0.79136723,-0.113024235,-1.1561214,0.01543865,-0.010116651,-1.8652712,0.0058763255,0.04012384,-0.0016420723,0.0027932331,-0.0026751268,-0.11127033,0.4519375816865915,0.1825894852978272,-0.6,0.0,0.0,-2.39361466991844,-0.03776964357940504,-0.035043683321536734,0.0,0.0,0.0,0.0,0.7154515645742987,0.08693574307080831,0.528343459247969,-2.3612856931923503,-2.319563,2.00324,-0.67150795,0.35518524,1.5689944,-2.8467672,20.53625,0.0021391928
letter_b,pid,48.300000000000004,0.7941587,-0.11337461,-1.156275,0.015758397,-0.010182939,-1.8763804,-0.004764069,0.027703268,-0.0019167423,0.0020736181,-0.0023777555,-0.11106266,0.44816061732863766,0.17908511696566598,-0.6,0.0,0.0,-2.3936146699187804,-0.037769643579266265,-0.03504368332138408,0.0,0.0,0.0,0.0,0.7174184820629358,0.07092405670759275,0.5172342263457823,-2.3674790059166986,-2.3055973,1.98616,-0.63255906,0.31312186,1.5590963,-2.8587132,20.361809,0.0021210217
letter_b,pid,48.400000000000006,0.79607654,-0.11240026,-1.1564828,0.01600642,-0.010218787,-1.8874446,-0.0150822885,0.0153263835,-0.0021652882,0.0013535694,-0.0021018167,-0.11061699,0.4443836529706836,0.17558074863350442,-0.6,0.0,0.0,-2.393614669919004,-0.0377696435794328,-0.035043683321522856,0.0,0.0,0.0,0.0,0.7185360615117428,0.0552860577899401,0.5061700545549295,-2.3740881056583936,-2.2878103,1.9685261,-0.59458923,0.27530506,1.5510361,-2.8691483,20.176226,0.0021016898
letter_b,pid,48.5,0.79714805,-0.110113226,-1.1567421,0.016183456,-0.010228129,-1.8984447,-0.025095217,0.00302367,-0.002386104,0.0006463171,-0.0018539538,-0.109978944,0.44060668861272984,0.1720763803013432,-0.6,0.0,0.0,-2.393614669919228,-0.03776964357959933,-0.035043683321661634,0.0,0.0,0.0,0.0,0.718828544796748,0.04019276025222984,0.49517001736185495,-2.3807846463791833,-2.266216,1.9502785,-0.5576939,0.24175648,1.5448775,-2.8779838,19.978228,0.0020810652
letter_b,pid,48.6,0.79740167,-0.10652834,-1.1570504,0.016291464,-0.010214529,-1.909365,-0.034787484,-0.009178932,-0.002577946,-3.6840185e-05,-0.0016311399,-0.10918577,0.4366827437699562,0.1686709429377737,-0.6,0.0,0.0,-2.446896992365713,-0.04014074385344513,-0.03344772146972319,0.0,0.0,0.0,0.0,0.718441301458835,0.024985542879058145,0.5375319344204614,-2.3872059519657367,-2.3803382,2.0693355,-0.65710825,0.34610566,1.5386628,-2.8871546,21.202885,0.0022086336
letter_b,pid,48.7,0.79686415,-0.101658314,-1.1574041,0.016344134,-0.010179286,-1.9203264,-0.044184286,-0.021292252,-0.0027398816,-0.0005929337,-0.0014331939,-0.10959815,0.432668669384604,0.16532617079079318,-0.6,0.0,0.0,-2.446896992365033,-0.040140743853389615,-0.03344772146972319,0.0,0.0,0.0,0.0,0.7173690519658307,0.01310009970700157,0.5265706402455872,-2.3931991314180383,-2.3506374,2.0491252,-0.6207747,0.31926256,1.536209,-2.892813,20.940006,0.0021812506
letter_b,pid,48.800000000000004,0.795567,-0.09551873,-1.1577997,0.01634101,-0.010126794,-1.9312936,-0.053278588,-0.033264488,-0.002871419,-0.0011475984,-0.0012674773,-0.10966094,0.42865459499925174,0.16198139864381267,-0.6,0.0,0.0,-2.446896992365577,-0.04014074385325084,-0.033447721469570535,0.0,0.0,0.0,0.0,0.7155917414410072,0.013449221704917773,0.5156033856074593,-2.3987287770696817,-2.317063,2.0281637,-0.58550006,0.29660067,1.5357285,-2.896719,20.662453,0.0021523389
letter_b,pid,48.900000000000006,0.7935421,-0.08812797,-1.1582334,0.016283067,-0.010060769,-1.9422383,-0.06205522,-0.045071796,-0.002971898,-0.0016877824,-0.0011281668,-0.10943877,0.42464052061389956,0.15863662649683213,-0.6,0.0,0.0,-2.446896992365237,-0.040140743853389615,-0.03344772146970931,0.0,0.0,0.0,0.0,0.7131659454059647,0.024983904749042482,0.5046586615241724,-2.4038009320751943,-2.2796848,2.0064356,-0.55135995,0.2781108,1.5372479,-2.8988137,20.370342,0.0021219107
letter_b,pid,49.0,0.79082274,-0.07950617,-1.1587007,0.0161723,-0.009984592,-1.9531376,-0.07051169,-0.056689605,-0.0030409943,-0.002204205,-0.0010128936,-0.10898502,0.420626446228548,0.15529185434985218,-0.6,0.0,0.0,-2.446896992365373,-0.04014074385341737,-0.03344772146972319,0.0,0.0,0.0,0.0,0.7101562412179327,0.03836440080105202,0.4937593561806808,-2.4084394604996158,-2.2385669,1.98392,-0.5184226,0.26377562,1.5407901,-2.8990402,20.063927,0.0020899924
letter_b,pid,49.1,0.7874424,-0.069675,-1.1591971,0.016011672,-0.009901309,-1.9639726,-0.0786466,-0.06810114,-0.003078659,-0.0026880705,-0.0009193873,-0.108343594,0.4166123718431958,0.15194708220287165,-0.6,0.0,0.0,-2.446896992365373,-0.04014074385341737,-0.03344772146972319,0.0,0.0,0.0,0.0,0.706634724550089,0.051894492837490924,0.4829244238534103,-2.412680186391551,-2.193783,1.9605938,-0.4867504,0.25356108,1.5463774,-2.897341,19.743698,0.0020566352
letter_b,pid,49.2,0.7834359,-0.058656234,-1.1597182,0.015804572,-0.009814044,-1.9747281,-0.08647744,-0.07928311,-0.003085106,-0.0031359193,-0.0008494429,-0.10755025,0.41242404842824243,0.14873282587045414,-0.6,0.0,0.0,-2.4987197515903468,-0.0423980608277863,-0.03175694841744958,0.0,0.0,0.0,0.0,0.70281179293381,0.06489411354283187,0.5239916441379542,-2.4166352437951004,-2.2811687,2.0707395,-0.5877388,0.37730974,1.5519686,-2.8957255,20.773325,0.002163888
letter_b,pid,49.300000000000004,0.77883714,-0.04647034,-1.160259,0.01556483,-0.009723346,-1.9855214,-0.09402606,-0.09024077,-0.0030607414,-0.003456665,-0.00079879543,-0.10792802,0.40818424234545236,0.145557131028703,-0.6,0.0,0.0,-2.498719751590766,-0.0423980608277863,-0.031756948417421826,0.0,0.0,0.0,0.0,0.6986760909358787,0.07807160561999388,0.5131983158531561,-2.4203357543477,-2.2286499,2.0451047,-0.5570294,0.37348443,1.5614575,-2.8902628,20.390877,0.0021240495
letter_b,pid,49.400000000000006,0.7736836,-0.03314112,-1.1608151,0.015292037,-0.009632493,-1.9963185,-0.101276174,-0.100934476,-0.0030059111,-0.0037777508,-0.0007719925,-0.10796683,0.4039444362626627,0.14238143618695204,-0.6,0.0,0.0,-2.4987197515908703,-0.042398060827814055,-0.031756948417435704,0.0,0.0,0.0,0.0,0.6942829549351799,0.0908911327357057,0.5024012920800671,-2.4238214449115896,-2.1724918,2.0185688,-0.5275285,0.37360543,1.5729493,-2.8828151,19.997,0.0020830208
letter_b,pid,49.5,0.7680121,-0.018694457,-1.1613817,0.014986951,-0.009544083,-2.0070918,-0.10822137,-0.11135044,-0.0029213417,-0.0040885843,-0.0007633107,-0.10772873,0.39970463017987296,0.13920574134520114,-0.6,0.0,0.0,-2.4987197515906643,-0.04239806082759201,-0.03175694841728305,0.0,0.0,0.0,0.0,0.6897335042000017,0.10332650044339045,0.49162799095528825,-2.4271392518482475,-2.1128025,1.991133,-0.4992945,0.37762496,1.5864362,-2.873356,19.593395,0.0020409788
letter_b,pid,49.6,0.7618604,-0.0031563058,-1.1619542,0.014651063,-0.00946064,-2.0178187,-0.11487908,-0.12147202,-0.0028080044,-0.004382649,-0.00077317737,-0.10726502,0.39546482409708295,0.13603004650344996,-0.6,0.0,0.0,-2.4987197515910804,-0.042398060827814055,-0.031756948417421826,0.0,0.0,0.0,0.0,0.6851357677011677,0.11536974296410334,0.480901062244767,-2.430341437512788,-2.049678,1.9627848,-0.47238952,0.38549614,1.6019139,-2.861858,19.181824,0.0019981067
letter_b,pid,49.7,0.7552667,0.01344762,-1.1625279,0.014286474,-0.009384628,-2.028481,-0.121269576,-0.13128656,-0.0026670194,-0.004654596,-0.00080198096,-0.10661797,0.3912250180142929,0.1328543516616988,-0.6,0.0,0.0,-2.4987197515905564,-0.0423980608277863,-0.031756948417435704,0.0,0.0,0.0,0.0,0.6806041376488563,0.12701957650608517,0.47023874496824186,-2.433482374674379,-1.9832144,1.9335117,-0.44686466,0.397162,1.6193758,-2.8482962,18.764202,0.0019546042
letter_b,pid,49.800000000000004,0.74826914,0.031090451,-1.1630985,0.013895679,-0.009318052,-2.039064,-0.1273976,-0.14078245,-0.002499628,-0.004901089,-0.00084608985,-0.105822235,0.38678774565068363,0.12984319779568584,-0.6,0.0,0.0,-2.5491568901363566,-0.04453519589234234,-0.029976156844579993,0.0,0.0,0.0,0.0,0.6763880345880783,0.13838518444525777,0.510092959624882,-2.43668764284132,-2.0457633,2.0341778,-0.5504392,0.5388538,1.6366851,-2.8347776,19.631077,0.0020449038
letter_b,pid,49.900000000000006,0.74090403,0.049746223,-1.1636617,0.013491105,-0.009260461,-2.049681,-0.13328,-0.14997046,-0.002307239,-0.0050350484,-0.00089937384,-0.10616536,0.38233422606143774,0.12684558211122127,-0.6,0.0,0.0,-2.5491568901365547,-0.044535195892175805,-0.029976156844455093,0.0,0.0,0.0,0.0,0.6724813384334395,0.14926350734771715,0.49947594187910843,-2.4400014909836196,-1.9723331,2.0024674,-0.52607733,0.5562116,1.6578315,-2.8172858,19.171606,0.0019970422
letter_b,pid,50.0,0.73321134,0.06938614,-1.1642137,0.013071026,-0.009214027,-2.0602999,-0.1389042,-0.15881462,-0.002090791,-0.0051841275,-0.00096818426,-0.10618009,0.3778807064721919,0.12384796642675666,-0.6,0.0,0.0,-2.5491568901364805,-0.04453519589214805,-0.029976156844441215,0.0,0.0,0.0,0.0,0.6690014946437517,0.1597160942485049,0.4888570167844297,-2.4434747144292466,-1.8956686,1.9697977,-0.50298554,0.57711464,1.6808292,-2.7977793,18.712475,0.0019492161
letter_b,pid,50.1,0.72523093,0.0899806,-1.1647505,0.012634778,-0.009180517,-2.0708933,-0.14428024,-0.16730346,-0.0018520503,-0.0053385473,-0.0010495154,-0.10592588,0.3734271868829456,0.12085035074229182,-0.6,0.0,0.0,-2.5491568901362824,-0.04453519589231458,-0.029976156844566115,0.0,0.0,0.0,0.0,0.6660794960681699,0.1697388921416867,0.4782636024775911,-2.447160872386074,-1.8158976,1.9361894,-0.48120773,0.60149956,1.7056463,-2.7762659,18.256557,0.0019017247
letter_b,pid,50.2,0.71700245,0.11149891,-1.1652685,0.012182454,-0.0091613,-2.0814395,-0.14941555,-0.1754249,-0.001592879,-0.0054914416,-0.0011402526,-0.105452105,0.3689736672936998,0.11785273505782722,-0.6,0.0,0.0,-2.5491568901366617,-0.044535195892175805,-0.029976156844448154,0.0,0.0,0.0,0.0,0.663847067067924,0.1793258610232587,0.4677173950499918,-2.4511137201535425,-1.7331405,1.9016683,-0.46076646,0.6292943,1.7322448,-2.7527628,17.80681,0.001854876
letter_b,pid,50.300000000000004,0.7085645,0.13390833,-1.1657646,0.011714687,-0.009157158,-2.0919206,-0.1543063,-0.18316785,-0.0013152098,-0.005637857,-0.0012353585,-0.1047995,0.3645048601969847,0.11486930353078996,-0.6,0.0,0.0,-2.59829138828554,-0.04654609110574248,-0.028110394598448996,0.0,0.0,0.0,0.0,0.6624417581487826,0.18883010069496756,0.5063707740429861,-2.455455300301841,-1.7758483,1.993376,-0.5664134,0.78394115,1.7589165,-2.7289598,18.60358,0.0019378731
letter_b,pid,50.400000000000006,0.6999545,0.15717681,-1.1662354,0.011241838,-0.009166888,-2.102445,-0.15896906,-0.19054005,-0.0010210949,-0.0056921826,-0.0013300751,-0.10522822,0.3598502510864176,0.11205826407094968,-0.6,0.0,0.0,-2.598291388285276,-0.046546091105714726,-0.028110394598448996,0.0,0.0,0.0,0.0,0.6620643254806352,0.19754330656509597,0.49584650112402123,-2.460227916052448,-1.6869059,1.9565098,-0.54705983,0.8166638,1.7887409,-2.7017593,18.138893,0.001889468
letter_b,pid,50.5,0.69121337,0.18127118,-1.1666784,0.010760853,-0.009192059,-2.1129777,-0.16340703,-0.19751404,-0.0007118584,-0.005775382,-0.0014357131,-0.10531527,0.3551956419758501,0.10924722461110917,-0.6,0.0,0.0,-2.5982913882858236,-0.04654609110538166,-0.028110394598213073,0.0,0.0,0.0,0.0,0.6627366029150048,0.20580228640535167,0.4853136451370199,-2.4654757612809672,-1.5951421,1.9187262,-0.52892935,0.8525135,1.8201766,-2.6726863,17.68883,0.0018425863
letter_b,pid,50.6,0.6823809,0.20615606,-1.167091,0.010269954,-0.009233477,-2.1234915,-0.16761495,-0.20408122,-0.00038981863,-0.0058754035,-0.0015454397,-0.10512201,0.35054103286528293,0.10643618515126888,-0.6,0.0,0.0,-2.5982913882855496,-0.04654609110554819,-0.028110394598331034,0.0,0.0,0.0,0.0,0.6645705203514976,0.2135967069359517,0.4747998626355252,-2.4712420383999945,-1.5007046,1.8800842,-0.51202756,0.89140695,1.8531685,-2.6417847,17.256868,0.0017975904
letter_b,pid,50.7,0.6734959,0.23179409,-1.167471,0.0097681675,-0.009291443,-2.1339629,-0.17159149,-0.21022823,-5.7343943e-05,-0.005984737,-0.0016549975,-0.10469948,0.34588642375471546,0.10362514569142837,-0.6,0.0,0.0,-2.5982913882855594,-0.046546091105353904,-0.028110394598213073,0.0,0.0,0.0,0.0,0.6676665586546165,0.220914605268897,0.46432851864139435,-2.4775715122172492,-1.4037329,1.8406446,-0.49634922,0.9332609,1.8876561,-2.609106,16.846457,0.0017548393
letter_b,pid,50.800000000000004,0.66459745,0.25814766,-1.1678166,0.009255145,-0.009366346,-2.1443737,-0.17535627,-0.2159431,0.00028318938,-0.006097515,-0.001765863,-0.10408993,0.3412318146441483,0.10081410623158808,-0.6,0.0,0.0,-2.5982913882854306,-0.04654609110574248,-0.028110394598455934,0.0,0.0,0.0,0.0,0.6721122799473574,0.22775703411296946,0.4539177329662167,-2.4845078329993964,-1.304358,1.8004485,-0.4818942,0.9779847,1.9235872,-2.5746958,16.460888,0.0017146757
letter_b,pid,50.900000000000006,0.65572536,0.2851798,-1.168126,0.00873094,-0.009458824,-2.1547081,-0.17893834,-0.22121312,0.0006294146,-0.006210002,-0.0018811679,-0.10332814,0.3365343521679813,0.09804743655206294,-0.6,0.0,0.0,-2.646212798107611,-0.04842504636665135,-0.026164950384620356,0.0,0.0,0.0,0.0,0.6779886103281069,0.23468682205821018,0.49150465105866076,-2.4921572085822596,-1.3279735,1.883606,-0.59022963,1.1458621,1.9591932,-2.5403166,17.264503,0.0017983858
letter_b,pid,51.0,0.646917,0.31285435,-1.1683979,0.00820546,-0.009567758,-2.1650739,-0.18235004,-0.22605689,0.0009790276,-0.0062352545,-0.0019942701,-0.103639215,0.3316918475313233,0.09543094151360522,-0.6,0.0,0.0,-2.646212798107468,-0.0484250463664293,-0.026164950384509333,0.0,0.0,0.0,0.0,0.6853583023806836,0.24061099160139013,0.4811389264949191,-2.5005422751182182,-1.2236199,1.8413763,-0.5766798,1.1944361,1.9976811,-2.5027597,16.901686,0.0017605922
letter_b,pid,51.1,0.6382125,0.34113255,-1.1686316,0.007675444,-0.009693964,-2.1754391,-0.18557635,-0.23045099,0.0013306785,-0.0062918765,-0.0021124862,-0.103634104,0.3268493428946657,0.0928144464751477,-0.6,0.0,0.0,-2.6462127981074532,-0.048425046366235014,-0.02616495038440525,0.0,0.0,0.0,0.0,0.6942267222638713,0.2460590086646945,0.470773678768464,-2.5096406047867585,-1.1170615,1.798411,-0.5642032,1.2455528,2.037428,-2.463646,16.572498,0.001726302
letter_b,pid,51.2,0.62963796,0.36994362,-1.1688257,0.007136558,-0.009830633,-2.185778,-0.18829657,-0.23431902,0.001681319,-0.0063910694,-0.0021601499,-0.103368506,0.3220068382580077,0.09019795143668996,-0.6,0.0,0.0,-2.646212798107836,-0.048425046366484814,-0.026164950384516272,0.0,0.0,0.0,0.0,0.7045972411356745,0.2507887268481436,0.46043489550468664,-2.519352875977256,-1.0084269,1.7551539,-0.55242836,1.2991554,2.0781407,-2.4232693,16.281376,0.0016959766
letter_b,pid,51.300000000000004,0.6211882,0.39914972,-1.1689793,0.0065812296,-0.009957066,-2.1960685,-0.18980639,-0.23751017,0.002026084,-0.0065648933,-0.0019986369,-0.10288858,0.3171643336213501,0.08758145639823245,-0.6,0.0,0.0,-2.646212798107693,-0.04842504636626277,-0.02616495038440525,0.0,0.0,0.0,0.0,0.7164096140233891,0.25428250472577574,0.450144272793362,-2.5295540715981457,-0.8978546,1.712445,-0.5405878,1.3551782,2.1192648,-2.382191,16.033472,0.0016701532
letter_b,pid,51.400000000000006,0.6128315,0.4285645,-1.1690902,0.0060010008,-0.010046728,-2.206293,-0.18958412,-0.23991647,0.0023574394,-0.00682036,-0.0015694812,-0.10223439,0.3123218289846922,0.08496496135977472,-0.6,0.0,0.0,-2.6462127981075967,-0.04842504636645706,-0.026164950384516272,0.0,0.0,0.0,0.0,0.729541145196815,0.2561662655206808,0.4399196920284951,-2.5400982743221627,-0.78560424,1.6708544,-0.5281697,1.41342,2.1603642,-2.3408563,15.83243,0.0016492113
letter_b,pid,51.5,0.6045175,0.45796743,-1.1691567,0.0053868545,-0.010072922,-2.216438,-0.1872757,-0.24142615,0.0026662091,-0.0071606636,-0.00087069673,-0.10143949,0.3074131197875814,0.08242523518362566,-0.6,0.0,0.0,-2.693015207899171,-0.05016673557223239,-0.024145338776093705,0.0,0.0,0.0,0.0,0.7438025815500734,0.25693759537133076,0.476577152860719,-2.550894108130339,-0.7944335,1.7520088,-0.6334967,1.591072,2.1993124,-2.3014088,16.766945,0.0017465567
letter_b,pid,51.6,0.59619325,0.48712137,-1.1691768,0.0047370647,-0.010013239,-2.2266083,-0.18276113,-0.24189752,0.0029426266,-0.007522325,4.899244e-05,-0.10169927,0.30239644623034667,0.08001070130601017,-0.6,0.0,0.0,-2.693015207899126,-0.050166735572010346,-0.024145338775989622,0.0,0.0,0.0,0.0,0.7589584392701846,0.2549626386659005,0.46640693153193835,-2.561826490524684,-0.68067807,1.7113336,-0.6192456,1.6499012,2.2392042,-2.2607696,16.622738,0.0017315353
letter_b,pid,51.7,0.5878292,0.51581675,-1.1691498,0.0040392396,-0.009862175,-2.2367742,-0.17641032,-0.24126254,0.0031790535,-0.007996175,0.0010290848,-0.10166029,0.29737977267311233,0.07759616742839488,-0.6,0.0,0.0,-2.693015207898955,-0.050166735572204635,-0.024145338776093705,0.0,0.0,0.0,0.0,0.7748093807716351,0.2511721073343823,0.45624100173745585,-2.5727911173652185,-0.56683105,1.670907,-0.6051552,1.7092313,2.2784493,-2.220547,16.523071,0.0017211534
letter_b,pid,51.800000000000004,0.57940996,0.5438678,-1.1690758,0.0032852055,-0.009623791,-2.2469115,-0.16853757,-0.23949727,0.003368984,-0.008540082,0.001974375,-0.10137694,0.29236309911587754,0.0751816335507794,-0.6,0.0,0.0,-2.6930152078990135,-0.050166735572010346,-0.02414533877599656,0.0,0.0,0.0,0.0,0.7911447182867916,0.24576301806763579,0.44610368217269514,-2.5836870984726783,-0.45271435,1.631084,-0.59092677,1.7692964,2.3170452,-2.1807666,16.46943,0.0017155657
letter_b,pid,51.900000000000006,0.570928,0.5711074,-1.1689562,0.0024711373,-0.009307536,-2.2570004,-0.15937458,-0.23660621,0.003508475,-0.009111604,0.0028311075,-0.10089438,0.28734642555864276,0.07276709967316392,-0.6,0.0,0.0,-2.6930152078989997,-0.05016673557242668,-0.02414533877619779,0.0,0.0,0.0,0.0,0.8077577927652736,0.23891062059946958,0.43601476157941965,-2.5944213532710245,-0.3387923,1.5916882,-0.5767842,1.82968,2.3549669,-2.141474,16.46044,0.0017146291
letter_b,pid,52.0,0.562383,0.5973864,-1.1687928,0.0015969931,-0.008926467,-2.267025,-0.1491465,-0.23260574,0.0035957391,-0.009674462,0.0035629696,-0.100249715,0.2823297520014084,0.07035256579554865,-0.6,0.0,0.0,-2.6930152078990135,-0.050166735572010346,-0.02414533877599656,0.0,0.0,0.0,0.0,0.8244512125881018,0.2307935476104123,0.4259902140025292,-2.6049048105984425,-0.22551315,1.5525726,-0.5629139,1.8899734,2.392194,-2.1027117,16.494198,0.0017181454
letter_b,pid,52.1,0.5537787,0.62257105,-1.1685894,0.0006661232,-0.008494898,-2.276972,-0.13802803,-0.22752891,0.003630934,-0.010196609,0.004156842,-0.09947348,0.2772279595909311,0.06804915059144108,-0.6,0.0,0.0,-2.7387956108203673,-0.051766221715571215,-0.022057284581614156,0.0,0.0,0.0,0.0,0.84099269175492,0.22287411990751155,0.4618235553851866,-2.615425916269314,-0.23319413,1.632372,-0.6653907,2.0645688,2.4268768,-2.0663555,17.583763,0.0018316419
letter_b,pid,52.2,0.54511863,0.6465452,-1.1683497,-0.0003058175,-0.008026949,-2.2869453,-0.12618399,-0.22146297,0.0036159076,-0.01056663,0.0046130535,-0.09973396,0.2720513374193618,0.06584342213327474,-0.6,0.0,0.0,-2.7387956108204086,-0.05176622171534917,-0.02205728458151701,0.0,0.0,0.0,0.0,0.8572057503752888,0.21287015740979304,0.45185026780283044,-2.6262909608890714,-0.121966414,1.5928793,-0.6510309,2.1219437,2.4625266,-2.0289185,17.659174,0.0018394975
letter_b,pid,52.300000000000004,0.53641057,0.66920453,-1.1680789,-0.0013138028,-0.007537285,-2.2969167,-0.1137361,-0.21444435,0.003555053,-0.010880226,0.004927133,-0.099707134,0.26687471524779216,0.0636376936751082,-0.6,0.0,0.0,-2.7387956108204086,-0.05176622171534917,-0.02205728458151701,0.0,0.0,0.0,0.0,0.8729687336961213,0.20215263744141423,0.44187888756906585,-2.636748980948762,-0.012444279,1.5532701,-0.6372049,2.1780307,2.4974506,-1.9921166,17.768438,0.0018508789
letter_b,pid,52.400000000000006,0.5276632,0.6904593,-1.1677827,-0.002349997,-0.0070396345,-2.3068619,-0.10082807,-0.20654014,0.003451957,-0.011111541,0.005107158,-0.09944349,0.26169809307622294,0.06143196521694186,-0.6,0.0,0.0,-2.738795610820303,-0.051766221715765504,-0.022057284581700892,0.0,0.0,0.0,0.0,0.8881384905869,0.1909264351751204,0.4319337333788966,-2.6467204190612623,0.09495405,1.5135503,-0.6239739,2.2324784,2.5316246,-1.9560075,17.908243,0.0018654419
letter_b,pid,52.5,0.5188843,0.7102319,-1.1674666,-0.003404702,-0.0065461155,-2.3167617,-0.08757409,-0.19781877,0.0033110962,-0.011243964,0.0051678168,-0.09898507,0.25652147090465327,0.05922623675877533,-0.6,0.0,0.0,-2.7387956108204086,-0.05176622171534917,-0.02205728458151701,0.0,0.0,0.0,0.0,0.9025857392039561,0.17940252698917453,0.42203387871896814,-2.656133256673961,0.19985022,1.4737542,-0.61135495,2.2849593,2.5650105,-1.9206569,18.074888,0.0018828007
letter_b,pid,52.6,0.5100801,0.7284562,-1.1671373,-0.00446688,-0.0060670134,-2.3266003,-0.074069664,-0.18835756,0.003137542,-0.01126582,0.005125959,-0.098366804,0.251344848733084,0.05702050830060898,-0.6,0.0,0.0,-2.738795610820231,-0.05176622171554346,-0.022057284581610687,0.0,0.0,0.0,0.0,0.9161956637870637,0.16781856248243918,0.4121952976335854,-2.6649248221303408,0.30188975,1.4339331,-0.5993414,2.3351643,2.5975716,-1.8861349,18.264387,0.0019025403
letter_b,pid,52.7,0.5012563,0.7450779,-1.1668007,-0.005524949,-0.0056112334,-2.3363645,-0.060417943,-0.17823134,0.0029367195,-0.011173077,0.0049938946,-0.09761742,0.24606882793452578,0.054961924650511244,-0.6,0.0,0.0,-2.7836526382254814,-0.05321897087900984,-0.019906706617448672,0.0,0.0,0.0,0.0,0.928786189463586,0.15851542574983787,0.44728813055031047,-2.6730958404025023,0.28317904,1.5105228,-0.7014806,2.4951825,2.6274054,-1.8543736,19.42184,0.0020231085
letter_b,pid,52.800000000000004,0.49241465,0.7600551,-1.1664629,-0.006558615,-0.0051860553,-2.3461552,-0.046696454,-0.16754872,0.0027142281,-0.010886031,0.00479264,-0.09788063,0.24074693084658827,0.052971253988752964,-0.6,0.0,0.0,-2.7836526382254783,-0.053218970879231886,-0.01990670661753194,0.0,0.0,0.0,0.0,0.9403108304856794,0.14781093738836898,0.4374974715995017,-2.680590896341315,0.3790986,1.4700572,-0.6893508,2.5385067,2.658108,-1.8218033,19.608511,0.0020425532
letter_b,pid,52.900000000000006,0.48355746,0.7733524,-1.1661298,-0.007560294,-0.004797163,-2.3559442,-0.032949284,-0.156352,0.0024766107,-0.010524451,0.004530843,-0.0978606,0.23542503375865118,0.05098058332699486,-0.6,0.0,0.0,-2.7836526382256244,-0.05321897087902372,-0.019906706617445202,0.0,0.0,0.0,0.0,0.9507332449746815,0.13796489220447816,0.42770848157889585,-2.6873708504833265,0.47150773,1.4294966,-0.6777713,2.5787756,2.6879113,-1.7902174,19.804983,0.0020630192
letter_b,pid,53.0,0.47468555,0.7849435,-1.1658068,-0.008522162,-0.0044488315,-2.3657076,-0.019248351,-0.14471182,0.002228616,-0.010087058,0.0042213546,-0.097605534,0.23010313667071364,0.04898991266523657,-0.6,0.0,0.0,-2.783652638225621,-0.053218970879245764,-0.01990670661752847,0.0,0.0,0.0,0.0,0.9599924852730037,0.12936493577045646,0.4179450023461042,-2.6934100552496956,0.5601396,1.3889406,-0.66670847,2.6157887,2.7167518,-1.7597042,20.007063,0.002084069
letter_b,pid,53.1,0.4657979,0.79481006,-1.1654987,-0.009436692,-0.004143826,-2.3754263,-0.005646415,-0.13269396,0.0019748623,-0.00957766,0.003878164,-0.09715578,0.22478123958277657,0.04699924200347846,-0.6,0.0,0.0,-2.7836526382254814,-0.05321897087900984,-0.019906706617448672,0.0,0.0,0.0,0.0,0.9680386683003747,0.12242554046918451,0.4082263458060478,-2.698698630368786,0.6447678,1.3484986,-0.6561059,2.6493723,2.7445583,-1.7303582,20.210564,0.002105267
letter_b,pid,53.2,0.45689344,0.8029415,-1.16521,-0.010297141,-0.0038840012,-2.385084,0.0077935876,-0.12035622,0.0017197244,-0.009004674,0.003509456,-0.09654487,0.21945934249483903,0.04500857134172018,-0.6,0.0,0.0,-2.7836526382254783,-0.053218970879231886,-0.01990670661753194,0.0,0.0,0.0,0.0,0.9748331305950587,0.1175397545069557,0.3985687244223777,-2.7032424758995512,0.72519964,1.308263,-0.64591604,2.6793785,2.7712598,-1.7022694,20.411346,0.0021261817
letter_b,pid,53.300000000000004,0.44796944,0.80933297,-1.1649442,-0.011097681,-0.0036698764,-2.3946667,0.021038756,-0.1077549,0.0014672534,-0.008377597,0.0031278695,-0.095800705,0.2140285735520251,0.04320246314382757,-0.6,0.0,0.0,-2.827685611988842,-0.054520865087892556,-0.017699700930753903,0.0,0.0,0.0,0.0,0.9802276232765005,0.11756423013097864,0.43301894023591236,-2.7071197389834554,0.6857466,1.3826743,-0.74746394,2.815885,2.7948601,-1.677448,21.495022,0.0022390645
letter_b,pid,53.400000000000006,0.4390218,0.8139884,-1.1647041,-0.011825422,-0.0035021682,-2.4042737,0.03403635,-0.094969094,0.0012211628,-0.0076299785,0.0027431159,-0.096045874,0.20857648704322082,0.04143249305074764,-0.6,0.0,0.0,-2.827685611988855,-0.05452086508767051,-0.017699700930681045,0.0,0.0,0.0,0.0,0.9842958668651214,0.1175348057788809,0.4234118635910277,-2.710356677190137,0.7578333,1.3424224,-0.73664445,2.8369002,2.8190243,-1.6522385,21.643848,0.0022545676
letter_b,pid,53.5,0.43004546,0.816914,-1.1644922,-0.012479713,-0.003379646,-2.413877,0.04678739,-0.08202365,0.0009855259,-0.0068792393,0.0023607307,-0.09601092,0.203124400534417,0.03966252295766787,-0.6,0.0,0.0,-2.827685611988917,-0.054520865087906434,-0.017699700930753903,0.0,0.0,0.0,0.0,0.9870484069805823,0.12000793310245952,0.4138086016434581,-2.712984033027747,0.8255183,1.3024293,-0.7260582,2.8540058,2.8419182,-1.6284813,21.778763,0.002268621
letter_b,pid,53.6,0.42103496,0.8181208,-1.1643099,-0.013060331,-0.003300458,-2.423453,0.05926008,-0.06896007,0.0007629011,-0.0061298106,0.001986845,-0.095742725,0.19767231402561275,0.03789255286458793,-0.6,0.0,0.0,-2.8276856119889127,-0.05452086508767051,-0.017699700930677575,0.0,0.0,0.0,0.0,0.9884799302177812,0.12479708059121186,0.4042325194138394,-2.715019800410569,0.8886784,1.2628317,-0.7156316,2.8671417,2.863442,-1.6062772,21.89655,0.0022808907
letter_b,pid,53.7,0.41198418,0.81762415,-1.1641577,-0.013567306,-0.0032622723,-2.4329824,0.07142768,-0.05582515,0.00055564195,-0.005384269,0.0016263584,-0.0952809,0.19222022751680845,0.036122582771508004,-0.6,0.0,0.0,-2.8276856119889917,-0.05452086508792031,-0.017699700930753903,0.0,0.0,0.0,0.0,0.9885923628755507,0.13159367335906227,0.3947031672258081,-2.7164551504806065,0.9472083,1.2237562,-0.7052903,2.8762548,2.8835049,-1.5857158,21.994152,0.0022910577
letter_b,pid,53.800000000000004,0.4028864,0.815443,-1.1640362,-0.014001318,-0.003262251,-2.4424493,0.08327448,-0.042654607,0.00036583495,-0.004648952,0.0012845563,-0.09465856,0.18676814100800468,0.03435261267842822,-0.6,0.0,0.0,-2.8276856119889295,-0.05452086508768439,-0.017699700930681045,0.0,0.0,0.0,0.0,0.987393560132236,0.1400372783816979,0.3852362807053602,-2.7172555151786577,1.0010391,1.1853282,-0.6949498,2.8813171,2.9020123,-1.5668867,22.068834,0.002298837
letter_b,pid,53.900000000000006,0.39373437,0.81159854,-1.1639445,-0.014363745,-0.0032971078,-2.4518402,0.0947926,-0.029479712,0.00019530742,-0.0039306167,0.0009662527,-0.09390334,0.1812026615384228,0.03280572035297512,-0.6,0.0,0.0,-2.8709938689180916,-0.05566821398098054,-0.015442523518680723,0.0,0.0,0.0,0.0,0.9847443119327807,0.1511143158413786,0.41915370664086987,-2.7174265866086644,0.9363841,1.260169,-0.79404014,2.9905932,2.9169106,-1.5518337,22.955544,0.0023912026
letter_b,pid,54.0,0.38451985,0.8061183,-1.1638814,-0.014648402,-0.0033647867,-2.4612522,0.105956085,-0.016363528,4.5666926e-05,-0.0031568985,0.000675146,-0.09411982,0.17563584014031147,0.03126146800110352,-0.6,0.0,0.0,-2.8709938689180854,-0.05566821398096666,-0.015442523518677254,0.0,0.0,0.0,0.0,0.9808149211004877,0.16162692957428912,0.4097416563936713,-2.7169199368925527,0.98116803,1.222631,-0.78224635,2.9860454,2.9319503,-1.5367906,22.94395,0.002389995
letter_b,pid,54.1,0.3752354,0.7990295,-1.1638454,-0.014860605,-0.0034617789,-2.470658,0.11676627,-0.0032986552,-8.14288e-05,-0.0024385094,0.00040793113,-0.09406198,0.1700690187421997,0.029717215649231802,-0.6,0.0,0.0,-2.8709938689180854,-0.05566821398096666,-0.015442523518677254,0.0,0.0,0.0,0.0,0.9756312523936468,0.17286159271752521,0.40033580502953564,-2.7157027890262713,1.0213522,1.1857836,-0.7702737,2.9774096,2.9452598,-1.5236123,22.903482,0.0023857795
letter_b,pid,54.2,0.36587283,0.79036164,-1.1638343,-0.015005345,-0.0035843204,-2.4800348,0.12722118,0.009685708,-0.00018514319,-0.0017720113,0.00016811676,-0.09377576,0.16450219734408839,0.028172963297360208,-0.6,0.0,0.0,-2.8709938689181493,-0.05566821398098054,-0.015442523518677254,0.0,0.0,0.0,0.0,0.9692217860323786,0.18460767445034412,0.3909590407321142,-2.7137586355443597,1.0568976,1.1497751,-0.7580341,2.964707,2.9567409,-1.5123775,22.832718,0.0023784086
letter_b,pid,54.300000000000004,0.35642418,0.7801455,-1.1638454,-0.01508756,-0.0037286899,-2.489364,0.1373143,0.022567805,-0.00026475525,-0.0011565203,-4.37554e-05,-0.09329985,0.15893537594597662,0.026628710945488486,-0.6,0.0,0.0,-2.8709938689180996,-0.05566821398074462,-0.015442523518614804,0.0,0.0,0.0,0.0,0.9616189873159104,0.196690385331996,0.3816299601503994,-2.7110860578014657,1.0877898,1.1147308,-0.74544877,2.9479694,2.9663026,-1.5031543,22.730553,0.002367766
letter_b,pid,54.400000000000006,0.34688216,0.76841503,-1.1638758,-0.015111827,-0.0038915076,-2.498629,0.14703059,0.0353185,-0.00031969653,-0.00058815285,-0.00023013969,-0.09266696,0.15335466610867385,0.02511675264165579,-0.6,0.0,0.0,-2.913676312290416,-0.056657765273360194,-0.013141572595911158,0.0,0.0,0.0,0.0,0.952838478354993,0.20937389484269522,0.4150472191202499,-2.707748215130454,1.0023714,1.1912184,-0.84077775,3.0343676,2.9723322,-1.4975324,23.415405,0.002439105
letter_b,pid,54.5,0.33723924,0.75520766,-1.1639223,-0.015074944,-0.004070785,-2.5079246,0.15635934,0.04789652,-0.00034960502,7.0974406e-06,-0.00038792368,-0.09296999,0.14768888958132298,0.02380259538206122,-0.6,0.0,0.0,-2.9136763122904026,-0.05665776527359612,-0.013141572595966669,0.0,0.0,0.0,0.0,0.9428101986175237,0.22158984642071825,0.4057517555582248,-2.7037635230334924,1.0244163,1.1576629,-0.82612085,3.0082,2.97775,-1.4925649,23.2161,0.0024183437
letter_b,pid,54.6,0.3274845,0.74055904,-1.1639814,-0.0149836335,-0.0042623435,-2.5172215,0.16534083,0.060301453,-0.0003542871,0.00053465035,-0.0005139317,-0.09298651,0.14202311305397208,0.022488438122466647,-0.6,0.0,0.0,-2.913676312290416,-0.056657765273360194,-0.013141572595911158,0.0,0.0,0.0,0.0,0.9317168965215827,0.23383194392438159,0.39645486148475184,-2.6991560395014096,1.0420289,1.1251297,-0.8109349,2.9780936,2.9811246,-1.4896572,22.984581,0.002394227
letter_b,pid,54.7,0.31760815,0.72450674,-1.1640493,-0.014844028,-0.0044625527,-2.526496,0.17396513,0.07251436,-0.00033377972,0.001000749,-0.00061226904,-0.09276415,0.1363573365266217,0.021174280862872187,-0.6,0.0,0.0,-2.913676312290454,-0.05665776527313815,-0.013141572595857381,0.0,0.0,0.0,0.0,0.9196085989428948,0.24601619612408998,0.38718037875773925,-2.693959704196054,1.0552089,1.0937376,-0.7951624,2.944109,2.9823823,-1.4888526,22.721075,0.0023667784
letter_b,pid,54.800000000000004,0.30760178,0.70708996,-1.1641222,-0.014661803,-0.004668365,-2.5357285,0.18221998,0.08451908,-0.00028828686,0.0014102503,-0.00068750285,-0.092343256,0.1306915599992708,0.019860123603277616,-0.6,0.0,0.0,-2.913676312290387,-0.056657765273360194,-0.013141572595912893,0.0,0.0,0.0,0.0,0.9065406544136342,0.2580702705605876,0.3779478577005433,-2.68821717593495,1.0639752,1.0635842,-0.7787531,2.9063125,2.9814637,-1.4901841,22.426138,0.002336056
letter_b,pid,54.900000000000006,0.29745656,0.6883482,-1.1641965,-0.01444213,-0.0048767175,-2.5449023,0.19011848,0.09629884,-0.00021819152,0.0017684655,-0.00073831406,-0.091757886,0.1250257834719204,0.018545966343683152,-0.6,0.0,0.0,-2.9136763122904004,-0.05665776527312427,-0.013141572595857381,0.0,0.0,0.0,0.0,0.8925721549548371,0.26995511837307495,0.36877398761388663,-2.6819771200835314,1.0683657,1.0347828,-0.7616354,2.864784,2.9783127,-1.49368,22.100681,0.0023021542
letter_b,pid,55.0,0.287163,0.6683213,-1.1642681,-0.014189582,-0.0050846064,-2.554004,0.19767521,0.10783455,-0.00012399328,0.002081613,-0.0007642497,-0.09103667,0.11933576867845676,0.017300177567658195,-0.6,0.0,0.0,-2.9558311492996965,-0.0574867139746596,-0.010803370457883321,0.0,0.0,0.0,0.0,0.8777203553141282,0.2813939944303934,0.4018271953659807,-2.6753428102222,0.95804656,1.1165657,-0.8506944,2.9253066,2.9712958,-1.5009459,22.52711,0.0023465736
letter_b,pid,55.1,0.2767099,0.6470517,-1.1643336,-0.013900427,-0.0052902354,-2.5631278,0.20490211,0.11908739,-6.3172797e-06,0.0024276508,-0.0007615256,-0.091256015,0.11358709728100078,0.016219840521871753,-0.6,0.0,0.0,-2.955831149299666,-0.0574867139744098,-0.010803370457838218,0.0,0.0,0.0,0.0,0.8619920358914765,0.2927789372525409,0.3927033931808914,-2.668366793919427,0.95427805,1.0900254,-0.83078396,2.8750875,2.9634595,-1.5089097,22.114033,0.0023035451
letter_b,pid,55.2,0.2660848,0.6245809,-1.164389,-0.013580601,-0.0054905196,-2.5722466,0.21181527,0.1300677,0.00013375792,0.002715847,-0.0007351272,-0.09120786,0.10783842588354431,0.015139503476085225,-0.6,0.0,0.0,-2.955831149299715,-0.057486713974180814,-0.010803370457792248,0.0,0.0,0.0,0.0,0.8455741901744205,0.30392142980086956,0.38358459778604326,-2.6611062657215863,0.94647336,1.0648284,-0.81002957,2.8213313,2.9533772,-1.518972,21.675442,0.0022578586
letter_b,pid,55.300000000000004,0.25527453,0.600951,-1.1644306,-0.01323504,-0.005682645,-2.5813386,0.21842827,0.14075652,0.00029533284,0.002956408,-0.00068637874,-0.09093663,0.10208975448608834,0.014059166430298786,-0.6,0.0,0.0,-2.9558311492997165,-0.05748671397441674,-0.010803370457836484,0.0,0.0,0.0,0.0,0.8285466448151495,0.314800833464493,0.3744925052720065,-2.653623565223448,0.9346717,1.0410779,-0.788381,2.7641306,2.941019,-1.5311377,21.213394,0.0022097284
letter_b,pid,55.400000000000006,0.24426739,0.5762056,-1.1644553,-0.012867885,-0.005864496,-2.5903852,0.22473627,0.15113807,0.00047737258,0.0031574715,-0.0006210957,-0.09047987,0.09634108308863187,0.012978829384512256,-0.6,0.0,0.0,-2.9558311492997005,-0.057486713974180814,-0.010803370457793116,0.0,0.0,0.0,0.0,0.8109971513096533,0.32538449820110504,0.36544595070656083,-2.645987473015439,0.91891867,1.0188415,-0.7658169,2.7035773,2.9263737,-1.5453967,20.73017,0.0021593927
letter_b,pid,55.5,0.23305051,0.55038804,-1.1644595,-0.012482607,-0.0060339347,-2.599371,0.23076253,0.16119817,0.00067864807,0.0033258232,-0.00053803786,-0.08986922,0.0905924116911754,0.011898492338725726,-0.6,0.0,0.0,-2.955831149299711,-0.0574867139746596,-0.010803370457882454,0.0,0.0,0.0,0.0,0.7930194137752,0.33566741681188883,0.3564601928788127,-2.6382704865750997,0.89928424,0.99820036,-0.74229234,2.639777,2.9094317,-1.5617359,20.228348,0.00210712
letter_b,pid,55.6,0.22161175,0.5235426,-1.1644404,-0.012082058,-0.006189309,-2.6082828,0.23651056,0.17092234,0.0008978343,0.0034677477,-0.00044121916,-0.08913123,0.08481414045529426,0.010923436424734466,-0.6,0.0,0.0,-2.9975557777470456,-0.05815271033922376,-0.008434544992487643,0.0,0.0,0.0,0.0,0.7746514919669142,0.34495817248806687,0.38927297325790994,-2.63059726877152,0.7664638,1.0872492,-0.82362646,2.6773396,2.8885617,-1.5817701,20.46187,0.0021314449
letter_b,pid,55.7,0.20993873,0.49571657,-1.164395,-0.011660659,-0.0063302065,-2.617215,0.24198143,0.18027319,0.0011334392,0.003661154,-0.0003297341,-0.089329876,0.07899886942138115,0.010079981925487076,-0.6,0.0,0.0,-2.9975557777470514,-0.058152710338980895,-0.008434544992452081,0.0,0.0,0.0,0.0,0.7559959214482059,0.3545312359810404,0.3803408596104547,-2.623042770879761,0.73969644,1.0692365,-0.7969377,2.6058707,2.86694,-1.6023035,19.902811,0.0020732093
letter_b,pid,55.800000000000004,0.19801854,0.46695748,-1.164321,-0.01122247,-0.0064553358,-2.6261413,0.24717468,0.18926415,0.0013831734,0.003816836,-0.00021037983,-0.089270465,0.07318359838746853,0.009236527426239755,-0.6,0.0,0.0,-2.997555777747057,-0.058152710338738034,-0.00843454499241652,0.0,0.0,0.0,0.0,0.7372586802518457,0.3637464803956403,0.371414468008898,-2.6156849532399837,0.70943356,1.0526818,-0.7692714,2.5313869,2.8431475,-1.6247458,19.33442,0.002014002
letter_b,pid,55.900000000000006,0.18583897,0.43731365,-1.1642158,-0.010770704,-0.0065637487,-2.6350405,0.25209486,0.19787979,0.0016453408,0.0039432035,-8.540836e-05,-0.088995256,0.06736832735355543,0.008393072926992364,-0.6,0.0,0.0,-2.9975557777470514,-0.058152710338980895,-0.008434544992452081,0.0,0.0,0.0,0.0,0.7185733248484183,0.37258807065888255,0.3625152561253473,-2.608606001797704,0.6757374,1.0376452,-0.7406203,2.454003,2.817199,-1.6490686,18.760015,0.0019541683
letter_b,pid,56.0,0.17338733,0.40683362,-1.1640774,-0.010307825,-0.006654459,-2.6438942,0.25676206,0.20610447,0.0019181006,0.0040476504,4.652156e-05,-0.08854011,0.06155305631964281,0.0075496184277450435,-0.6,0.0,0.0,-2.9975557777470527,-0.05815271033922376,-0.00843454499248721,0.0,0.0,0.0,0.0,0.7000842328790947,0.38105377582736055,0.35366158219041205,-2.6018910771228057,0.63868594,1.0241877,-0.710969,2.3738427,2.7891176,-1.675238,18.183086,0.0018940713
letter_b,pid,56.1,0.16065028,0.3755664,-1.1639042,-0.0098356195,-0.006726517,-2.6526875,0.26119536,0.21392155,0.0021995418,0.004136906,0.000185837,-0.08793531,0.0557377852857297,0.006706163928497653,-0.6,0.0,0.0,-2.997555777747052,-0.05815271033922029,-0.008434544992486775,0.0,0.0,0.0,0.0,0.6819475320434368,0.3891404125275863,0.3448682281559874,-2.59562638122866,0.5983659,1.0123483,-0.6803118,2.291026,2.758941,-1.7032108,17.607197,0.0018340832
letter_b,pid,56.2,0.14761528,0.34356192,-1.1636945,-0.0093553765,-0.0067793606,-2.6614084,0.26539934,0.22131689,0.0024877093,0.004215829,0.00032929226,-0.08720628,0.04989262072475255,0.00600543391939929,-0.6,0.0,0.0,-3.0389467899697826,-0.05865386652799745,-0.006041810892902337,0.0,0.0,0.0,0.0,0.6642631924711708,0.3958644284078603,0.3775383655923412,-2.589946310583752,0.446248,1.1093391,-0.7536396,2.3092268,2.725027,-1.7346233,17.764963,0.001850517
letter_b,pid,56.300000000000004,0.13427,0.3108733,-1.1634474,-0.008860141,-0.006813312,-2.6701493,0.2693739,0.22825505,0.0027805534,0.0043597724,0.00047822855,-0.08740775,0.04402723407193713,0.005401252830107505,-0.6,0.0,0.0,-3.038946789969797,-0.05865386652776153,-0.0060418108928771835,0.0,0.0,0.0,0.0,0.6472479261866159,0.4031190410461192,0.36879746364533394,-2.584933231289111,0.4000604,1.100108,-0.7198053,2.2199738,2.690669,-1.7661804,17.175781,0.0017891439
letter_b,pid,56.400000000000006,0.120600514,0.27755344,-1.1631619,-0.008352653,-0.006827802,-2.6788855,0.273126,0.23474999,0.0030750837,0.004479669,0.0006291016,-0.087356314,0.038161847419121715,0.0047970717408157195,-0.6,0.0,0.0,-3.0389467899697946,-0.05865386652800439,-0.006041810892902337,0.0,0.0,0.0,0.0,0.6311445681022384,0.4099610107295299,0.36006133006989227,-2.5806684463488008,0.35104167,1.092294,-0.6850059,2.1283417,2.654436,-1.799316,16.598976,0.0017290601
letter_b,pid,56.5,0.1065923,0.24365522,-1.1628371,-0.007835056,-0.0068221814,-2.6875954,0.27668008,0.24078883,0.0033693397,0.004581292,0.0007836826,-0.08709269,0.03229646076630728,0.004192890651524036,-0.6,0.0,0.0,-3.038946789969792,-0.05865386652824725,-0.0060418108929274905,0.0,0.0,0.0,0.0,0.6161556079678927,0.41639593653607987,0.3513514225381513,-2.5772323259849648,0.29928252,1.0859404,-0.6492519,2.0344748,2.6163726,-1.8339852,16.03836,0.0016706627
letter_b,pid,56.6,0.09222987,0.2092315,-1.162473,-0.0073089153,-0.0067957216,-2.6962612,0.28006282,0.24635719,0.003661362,0.0046702134,0.0009435369,-0.08665156,0.026431074113491375,0.0035887095622322003,-0.6,0.0,0.0,-3.038946789969792,-0.05865386652824725,-0.0060418108929274905,0.0,0.0,0.0,0.0,0.6024900596384948,0.42243065324280016,0.34268562244354683,-2.574701185752633,0.244881,1.0810732,-0.61256033,1.9385145,2.5765362,-1.8701351,15.497699,0.0016143435
letter_b,pid,56.7,0.07750018,0.17433658,-1.1620693,-0.006775409,-0.0067484775,-2.704868,0.28326398,0.25144398,0.0039492487,0.004750158,0.001101489,-0.08606224,0.020565687460676448,0.002984528472940465,-0.6,0.0,0.0,-3.038946789969787,-0.05865386652775806,-0.0060418108928774,0.0,0.0,0.0,0.0,0.5903600460857783,0.4280447930568458,0.33407871173797554,-2.573148860123779,0.18792708,1.077661,-0.57499564,1.8405838,2.535002,-1.9076967,14.980581,0.0015604772
letter_b,pid,56.800000000000004,0.062391896,0.13902575,-1.1616266,-0.006235422,-0.0066809133,-2.713404,0.28628138,0.25603947,0.0042309836,0.0048238356,0.0012539453,-0.08534948,0.014675232611795487,0.0025607345850674327,-0.6,0.0,0.0,-3.080100066340828,-0.05898876195981669,-0.0036319506239550214,0.0,0.0,0.0,0.0,0.5799344723222338,0.4320400641685616,0.3666961261400221,-2.5726899547458766,0.020405842,1.1822685,-0.64098036,1.8436548,2.4901075,-1.9483416,15.204764,0.0015838296
letter_b,pid,56.900000000000006,0.04689526,0.10335715,-1.1611451,-0.0056819036,-0.006594074,-2.721961,0.2891061,0.26011539,0.004504545,0.0049635004,0.0014019298,-0.08556162,0.008776356415799252,0.002197539522671024,-0.6,0.0,0.0,-3.080100066340827,-0.058988761959815825,-0.0036319506239550214,0.0,0.0,0.0,0.0,0.5714631494625938,0.43675276929055373,0.35813904491748705,-2.5733834477749764,-0.041013885,1.1811161,-0.60053784,1.74064,2.4451964,-1.9887352,14.721244,0.001533463
letter_b,pid,57.0,0.030997075,0.0673875,-1.1606259,-0.005117597,-0.0064877993,-2.7305143,0.2917654,0.26369303,0.0047669173,0.0050790557,0.0015487055,-0.08552402,0.0028774802198035044,0.001834344460274646,-0.6,0.0,0.0,-3.0801000663408264,-0.058988761960059984,-0.003631950623970092,0.0,0.0,0.0,0.0,0.5651454381170812,0.4410372406617241,0.34958577839221805,-2.5751976565802264,-0.10474246,1.1814113,-0.55907905,1.6357478,2.3986402,-2.0305233,14.271443,0.0014866088
letter_b,pid,57.1,0.014774064,0.031234998,-1.1600705,-0.0045378692,-0.0063854284,-2.739043,0.29320934,0.26655748,0.005015185,0.005243957,0.001460149,-0.08527877,-0.003021395976193713,0.0014711493978781772,-0.6,0.0,0.0,-3.080100066340826,-0.05898876196005955,-0.003631950623970092,0.0,0.0,0.0,0.0,0.5611430951187433,0.44392678346560444,0.3410570689805965,-2.578095177346802,-0.17096014,1.1816338,-0.5181411,1.5288147,2.3512974,-2.072868,13.856611,0.0014433971
letter_b,pid,57.2,-0.0016219666,-0.0049268734,-1.1594816,-0.003931351,-0.0063234293,-2.7475297,0.29255554,0.26845777,0.0052396674,0.0055232663,0.0010050946,-0.08486284,-0.00892027217219044,0.0011079543354817387,-0.6,0.0,0.0,-3.080100066340828,-0.05898876196005955,-0.0036319506239699834,0.0,0.0,0.0,0.0,0.5595617884452553,0.4445713296824987,0.33257032123889907,-2.5820339567641852,-0.24008213,1.1810132,-0.4785254,1.4194566,2.303622,-2.1153667,13.477726,0.0014039298
letter_b,pid,57.300000000000004,-0.017999014,-0.040889047,-1.1588619,-0.0032824564,-0.0063383747,-2.7559607,0.28932625,0.26916137,0.005425887,0.005955827,0.00018198963,-0.084307455,-0.014819148368186678,0.0007447592730853303,-0.6,0.0,0.0,-3.080100066340825,-0.05898876195981409,-0.0036319506239550214,0.0,0.0,0.0,0.0,0.5604195582794382,0.44245789157050297,0.32413936344470695,-2.5869994436491264,-0.3122856,1.179268,-0.44054016,1.3075225,2.2559245,-2.157775,13.1370735,0.001368445
letter_b,pid,57.400000000000006,-0.03419468,-0.07645527,-1.1582143,-0.0025785163,-0.0064479727,-2.7643242,0.28387856,0.2686068,0.005558321,0.006509297,-0.0008214511,-0.08363625,-0.020733126054286295,0.00059951972872969,-0.6,0.0,0.0,-3.1211109344116226,-0.0591564473366845,-0.0012117951963604048,0.0,0.0,0.0,0.0,0.5636682477249956,0.43646992469835905,0.3567867461792007,-2.592985422656257,-0.4947397,1.2831544,-0.50768685,1.2961016,2.206557,-2.201814,13.545757,0.0014110162
letter_b,pid,57.5,-0.050073795,-0.11144195,-1.1575422,-0.0018031581,-0.0066560386,-2.772713,0.27654636,0.26675263,0.005625971,0.007212676,-0.0018643489,-0.083891585,-0.026648770787993693,0.0004783402090928518,-0.6,0.0,0.0,-3.121110934411622,-0.05915644733717543,-0.001211795196370488,0.0,0.0,0.0,0.0,0.5691469224619934,0.4295729963573317,0.3483979884735118,-2.5999038758342055,-0.57061636,1.2801126,-0.47022435,1.1797206,2.1590352,-2.2440274,13.274236,0.0013827328
letter_b,pid,57.6,-0.065525346,-0.14568141,-1.1568495,-0.00095432886,-0.006956881,-2.781103,0.2676192,0.263639,0.005620931,0.007929864,-0.0028571384,-0.08390197,-0.03256441552170256,0.0003571606894559834,-0.6,0.0,0.0,-3.121110934411623,-0.059156447336932566,-0.0012117951963654464,0.0,0.0,0.0,0.0,0.5766238435079335,0.4206659708665733,0.34000803867492874,-2.6076436606418993,-0.6473218,1.2771457,-0.43301797,1.0628418,2.111885,-2.285945,13.052867,0.0013596736
letter_b,pid,57.7,-0.08045783,-0.17902148,-1.1561412,-3.3808312e-05,-0.0073387814,-2.789473,0.2573712,0.25929418,0.0055406447,0.008622904,-0.0037391277,-0.08370368,-0.03848006025541094,0.00023598116981912506,-0.6,0.0,0.0,-3.1211109344116243,-0.059156447337182366,-0.0012117951963705013,0.0,0.0,0.0,0.0,0.5858228073437151,0.40998025118748,0.33163787761841146,-2.6170324875551607,-0.7242146,1.2745563,-0.3958149,0.9461566,2.065202,-2.3275175,12.88326,0.0013420061
letter_b,pid,57.800000000000004,-0.09479812,-0.21132521,-1.1554229,0.0009533149,-0.007786219,-2.797806,0.24606204,0.25375882,0.0053857355,0.009259696,-0.0044715614,-0.08332797,-0.04439570498911884,0.00011480165018227678,-0.6,0.0,0.0,-3.121110934411623,-0.059156447336932566,-0.0012117951963654667,0.0,0.0,0.0,0.0,0.5964410363333118,0.397740298321369,0.3233049098602314,-2.6270752702330906,-0.8006802,1.2725799,-0.35841736,0.83031714,2.0190809,-2.3686912,12.765824,0.0013297732
letter_b,pid,57.900000000000006,-0.10848818,-0.24247134,-1.1547014,0.0019987572,-0.008281988,-2.806087,0.2339184,0.24709824,0.005159487,0.009809662,-0.005036629,-0.0828015,-0.054950000000007965,0.0,-0.6,0.0,0.0,3.141592653589793,-0.9404999999937033,0.0,0.0,0.0,0.0,0.0,0.6077435940874643,1.2001427974080983,0.3355056365304672,-2.6384150752591284,-0.30159876,2.3477736,0.6411325,1.4050423,1.7937207,-2.5888834,17.907948,0.0018654113
letter_b,pid,58.0,-0.12261536,-0.2725363,-1.1539748,0.0031613917,-0.008770707,-2.8143573,0.23243524,0.23738368,0.0048658065,0.0109414,-0.0050524743,-0.08269129,-0.14899999999999589,0.0,-0.6,0.0,0.0,3.141592653589793,-0.9405000000015096,0.0,0.0,0.0,0.0,0.0,0.6179484085636004,1.196725435220006,0.32723537285859217,-2.650298608751653,-0.30125755,2.5357919,0.86580855,1.3687258,1.6990861,-2.6788845,19.207348,0.0020007654
letter_b,pid,58.1,-0.13716063,-0.30137333,-1.1532481,0.004425666,-0.009279548,-2.822597,0.23047872,0.22633076,0.0045302613,0.01192008,-0.0053488635,-0.08237627,-0.2430499999999995,0.0,-0.6,0.0,0.0,3.141592653589793,-0.9405000000015235,0.0,0.0,0.0,0.0,0.0,0.6388441698699816,1.1926597565782373,0.3189956267648422,-2.6626207974338527,-0.29655397,2.720946,1.0873799,1.3370123,1.6083827,-2.7650862,20.694084,0.0021556339
letter_b,pid,58.2,-0.15210524,-0.32885352,-1.1525263,0.0057717785,-0.009826538,-2.8307886,0.22814529,0.21409047,0.004153973,0.012700977,-0.0058323713,-0.081889175,-0.337100000000003,0.0,-0.6,0.0,0.0,3.141592653589793,-0.9405000000015373,0.0,0.0,0.0,0.0,0.0,0.6690687288939268,1.1881009169516021,0.31080404122407074,-2.675275556361127,-0.28703222,2.9031143,1.3056923,1.3103898,1.5216471,-2.8474865,22.356003,0.0023287504
letter_b,pid,58.300000000000004,-0.16743289,-0.35486573,-1.1518147,0.007177442,-0.010422449,-2.8389184,0.22554342,0.20080848,0.0037405184,0.01325777,-0.0064282096,-0.08125831,-0.4311500000000066,0.0,-0.6,0.0,0.0,3.141592653589793,-0.9404999999937103,0.0,0.0,0.0,0.0,0.0,0.7070897134520779,1.1832139726380169,0.3026742060952865,-2.6881552821876378,-0.27227968,3.0821936,1.5206239,1.28929,1.4389049,-2.926089,24.181063,0.0025188609
letter_b,pid,58.400000000000006,-0.18312718,-0.37931404,-1.1511191,0.008619558,-0.011073409,-2.8469746,0.22274311,0.18661766,0.0032951387,0.013581529,-0.0070876265,-0.08050808,-0.5252000000000101,0.0,-0.6,0.0,0.0,3.141592653589793,-0.9404999999976238,0.0,0.0,0.0,0.0,0.0,0.7514154831522465,1.1781220388272298,0.2946180423074447,-2.7011593792645545,-0.25196972,3.258054,1.7320278,1.2740566,1.3601893,-3.0008874,26.156986,0.002724686
letter_b,pid,58.5,-0.19917414,-0.4021169,-1.1504455,0.010075515,-0.011781707,-2.8549476,0.21983024,0.17163777,0.0028239295,0.013676725,-0.0077698976,-0.07965947,-0.579700000000002,0.0017499999999998311,-0.6,0.0,0.0,0.08599429119424021,0.9917999999974891,0.08549999999978301,0.0,0.0,0.0,0.0,0.7816000305270546,0.776765726313384,-2.940941858180324,-2.7094056613133297,6.490707,-4.7419457,8.010498,-6.7259436,1.5856429,-2.7727413,184.22408,0.01919001
letter_b,pid,58.6,-0.21438277,-0.4231141,-1.1498103,0.010877551,-0.012678928,-2.8557775,0.20530808,0.1584362,0.0023367368,0.00792257,-0.009055364,-0.008208913,-0.48052000000000644,0.010299999999999452,-0.6,0.0,0.0,0.08599429119424146,0.991800000001597,0.08550000000013841,0.0,0.0,0.0,0.0,0.7489780920825724,0.7898700459011854,-2.941771793254178,-2.711919206826177,6.2792187,-7.25914,7.8003345,-8.780255,1.5752875,-2.7799158,240.27127,0.025028259
letter_b,pid,58.7,-0.22708416,-0.4420401,-1.1492418,0.011076886,-0.01378193,-2.8492043,0.17527914,0.14580081,0.0018771092,0.0028267442,-0.010314447,0.06584295,-0.3813399999999944,0.018850000000000495,-0.6,0.0,0.0,0.08599429119424062,0.991800000001597,0.08550000000013755,0.0,0.0,0.0,0.0,0.7334037740874442,0.818746618776585,-2.935198593028347,-2.710228747383849,6.042825,-7.4240727,7.5475297,-8.928777,1.570374,-2.7820723,238.52686,0.024846548
letter_b,pid,58.800000000000004,-0.23730522,-0.4589713,-1.1487516,0.010787991,-0.014974682,-2.8359232,0.14672868,0.13268869,0.0014103448,-0.0010586256,-0.010455817,0.13292219,-0.2821599999999907,0.027400000000000826,-0.6,0.0,0.0,0.08599429119424062,0.991800000001597,0.08550000000013755,0.0,0.0,0.0,0.0,0.7346409469874496,0.8463889755031105,-2.9219174860794945,-2.7048464823349683,5.7938557,-7.571341,7.262039,-9.039525,1.5743567,-2.7759516,235.52869,0.024534239
letter_b,pid,58.900000000000006,-0.24506979,-0.47394776,-1.14835,0.010153725,-0.016162453,-2.8171246,0.11916219,0.11947359,0.00094287784,-0.0035277326,-0.0098493,0.18808226,-0.18297999999999515,0.03595000000000045,-0.6,0.0,0.0,0.08599429119424205,0.9917999999974753,0.08549999999978367,0.0,0.0,0.0,0.0,0.7513578333394736,0.8732994026345896,-2.903118896373075,-2.6964327816632316,5.5474057,-7.715064,6.950921,-9.11858,1.592604,-2.7562423,231.89299,0.02415552
letter_b,pid,59.0,-0.2504036,-0.48698178,-1.1480455,0.009321497,-0.017269697,-2.7941976,0.092145406,0.106544815,0.0004740372,-0.0046168547,-0.008744251,0.22934155,-0.08379999999999962,0.04450000000000007,-0.6,0.0,0.0,0.08599429119424144,0.9917999999974821,0.08549999999978367,0.0,0.0,0.0,0.0,0.7813984638700843,0.8999008267430664,-2.880191850550931,-2.685648692167761,5.320435,-7.870364,6.6262097,-9.176139,1.6284778,-2.719649,228.40627,0.023792317
letter_b,pid,59.1,-0.25333664,-0.49806887,-1.1478446,0.0084158275,-0.018240277,-2.768429,0.06534893,0.09426642,2.6604805e-06,-0.004606788,-0.00730377,0.25772512,-0.01800099880608043,0.04996523125084776,-0.6,0.0,0.0,-0.017391307133915873,0.05603757445259497,-0.0009746649352534997,0.0,0.0,0.0,0.0,0.809850537187116,0.09569517239520955,-2.7510377337748975,-2.674041078162836,5.5946417,-6.6453166,7.1459775,-8.196652,1.5074081,-2.8403132,204.05002,0.02125521
letter_b,pid,59.2,-0.25516894,-0.50748247,-1.1477298,0.007610243,-0.018990006,-2.7411025,0.051393073,0.08097625,-0.00047077826,-0.003071683,-0.0051976847,0.27327356,-0.012397241360829266,0.04986776475732248,-0.6,0.0,0.0,-0.017391307133915873,0.05603757445259497,-0.0009746649352534997,0.0,0.0,0.0,0.0,0.8182818994457347,0.0820837689285849,-2.7237111499125928,-2.661235058455218,5.4697323,-6.618292,7.012703,-8.1612625,1.5092468,-2.839143,199.84253,0.020816928
letter_b,pid,59.300000000000004,-0.2559489,-0.5152008,-1.1477015,0.006947038,-0.019544758,-2.712849,0.03727234,0.068029955,-0.00094349607,-0.0012669949,-0.0033975882,0.2825199,-0.006793483915578567,0.049770298263797204,-0.6,0.0,0.0,-0.017391307133977633,0.0560375744525954,-0.0009746649352569692,0.0,0.0,0.0,0.0,0.825377302740178,0.07151686323670688,-2.6954575946146795,-2.6474764279968674,5.3539777,-6.5975003,6.877036,-8.120559,1.5185364,-2.831177,195.75072,0.020390699
letter_b,pid,59.400000000000006,-0.25573295,-0.52120763,-1.1477592,0.0064421357,-0.019927315,-2.6840856,0.02299264,0.05552085,-0.0014116281,0.00057233876,-0.0018276856,0.28759784,-0.0011897264703283382,0.049672831770271944,-0.6,0.0,0.0,-0.017391307133936475,0.056037574452129625,-0.0009746649352465608,0.0,0.0,0.0,0.0,0.8311058278292761,0.06546528605124183,-2.66669430039475,-2.6329819168117634,5.2471213,-6.5817366,6.73949,-8.074105,1.5344491,-2.8172262,191.75475,0.019974453
letter_b,pid,59.5,-0.25458393,-0.525492,-1.1479009,0.0060941237,-0.020157924,-2.6550784,0.008585899,0.043501884,-0.0018690729,0.0022998524,-0.000437732,0.29002324,0.004414030974921427,0.049575365276746684,-0.6,0.0,0.0,-0.017391307133926108,0.056037574452362515,-0.0009746649352500303,0.0,0.0,0.0,0.0,0.8354506982050296,0.06506395550752882,-2.6376871039683687,-2.6180591086135525,5.1488633,-6.569907,6.600504,-8.021547,1.5562494,-2.7979913,187.837,0.019566355
letter_b,pid,59.6,-0.25256914,-0.5280498,-1.1481242,0.005890109,-0.02025442,-2.6259925,-0.005894788,0.032016885,-0.0023090946,0.0038225527,0.0008072115,0.2907995,0.010017788420172124,0.04947789878322141,-0.6,0.0,0.0,-0.017391307133915603,0.056037574452595836,-0.0009746649352534997,0.0,0.0,0.0,0.0,0.8384094026247584,0.07020962742288835,-2.6086012294108842,-2.6032227107114494,5.058954,-6.5610757,6.4605217,-7.9626436,1.5832645,-2.7741046,183.98517,0.019165117
letter_b,pid,59.7,-0.24975964,-0.52888453,-1.1484255,0.0058107437,-0.02023243,-2.5969296,-0.020383831,0.02109852,-0.002725155,0.005092468,0.0019313766,0.29056314,0.01561563666107085,0.0492813586368381,-0.6,0.0,0.0,-0.05220395671589591,0.05592142802223789,-0.002921974663845639,0.0,0.0,0.0,0.0,0.8399228057476501,0.08004313359126149,-2.5447255934550026,-2.588733462724891,4.8904133,-6.4653263,6.230806,-7.805719,1.6160173,-2.7449942,175.61526,0.01829326
letter_b,pid,59.800000000000004,-0.24623063,-0.52800906,-1.1488006,0.0058408217,-0.02010477,-2.5680385,-0.0347885,0.010779105,-0.0031114542,0.0061457534,0.002955004,0.2888396,0.021207779463286287,0.048989161170453856,-0.6,0.0,0.0,-0.0522039567159594,0.05592142802223615,-0.0029219746638491084,0.0,0.0,0.0,0.0,0.8400192610671721,0.09179156753388108,-2.51583450687657,-2.574141311362959,4.8178606,-6.460919,6.0911155,-7.7341733,1.652072,-2.7130477,171.96436,0.017912954
letter_b,pid,59.900000000000006,-0.24205671,-0.5254424,-1.1492449,0.005953606,-0.019884124,-2.5393229,-0.049066585,0.001069055,-0.003463382,0.006900663,0.0038832908,0.2870804,0.026799922265501264,0.04869696370406964,-0.6,0.0,0.0,-0.05220395671589602,0.05592142802177298,-0.002921974663821353,0.0,0.0,0.0,0.0,0.8388026518617715,0.10512091189537878,-2.487118896372483,-2.5591124649380834,4.7529244,-6.4572153,5.9518456,-7.656137,1.6915654,-2.6780767,168.36029,0.017537532
letter_b,pid,60.0,-0.23731215,-0.52120936,-1.149753,0.006125555,-0.019581886,-2.510785,-0.06316702,-0.008026514,-0.0037770036,0.0073935874,0.0047210082,0.28529763,0.03239206506771531,0.04840476623768547,-0.6,0.0,0.0,-0.05220395671595628,0.055921428021774716,-0.0029219746638248223,0.0,0.0,0.0,0.0,0.8363186893040913,0.11925762321145397,-2.458581146128282,-2.5435387659762507,4.69544,-6.453755,5.8134394,-7.5717545,1.7340988,-2.640426,164.8046,0.017167145
letter_b,pid,60.1,-0.23207214,-0.51534176,-1.1503187,0.006336332,-0.019207755,-2.4824271,-0.07701889,-0.016503807,-0.004049538,0.0076604746,0.005478004,0.2834989,0.037984207869930287,0.04811256877130125,-0.6,0.0,0.0,-0.052203956715894305,0.05592142802223962,-0.002921974663845639,0.0,0.0,0.0,0.0,0.832623522572439,0.13369365070756503,-2.4302231634928457,-2.5274067440882564,4.6452208,-6.4500737,5.676344,-7.481197,1.7792839,-2.600429,161.2988,0.016801959
letter_b,pid,60.2,-0.22641115,-0.50787663,-1.150936,0.0065689413,-0.018770404,-2.4542496,-0.09057288,-0.02436831,-0.004279237,0.0077380203,0.0061584967,0.2816893,0.0435763506721448,0.04782037130491706,-0.6,0.0,0.0,-0.05220395671595617,0.05592142802223962,-0.0029219746638491084,0.0,0.0,0.0,0.0,0.8277819137050834,0.14811765286093403,-2.402045663721666,-2.510740068539513,4.602039,-6.445754,5.5409584,-7.384673,1.8267635,-2.5583901,157.84456,0.01644214
letter_b,pid,60.300000000000004,-0.22040178,-0.49885583,-1.151598,0.0068094363,-0.018277764,-2.4262536,-0.10379013,-0.03162635,-0.004465195,0.0076596034,0.006764988,0.27987215,0.04915315903539318,0.047399892175165534,-0.6,0.0,0.0,-0.08710677376307654,0.05568937589250575,-0.004863228153722393,0.0,0.0,0.0,0.0,0.8217758244076098,0.16177117938484353,-2.3391467834421236,-2.4936252426064,4.4788465,-6.3504863,5.3187876,-7.1904273,1.877157,-2.5136344,150.22255,0.015648184
letter_b,pid,60.400000000000006,-0.21411592,-0.48832715,-1.1522979,0.007053531,-0.017736157,-2.3985267,-0.11661348,-0.03828298,-0.0046072463,0.0075085117,0.007303648,0.27717894,0.05472209662465802,0.04691356935979191,-0.6,0.0,0.0,-0.08710677376309116,0.05568937589273473,-0.00486322815374321,0.0,0.0,0.0,0.0,0.8147327297114131,0.1755744279780532,-2.3114198947854927,-2.4760977802462794,4.4501595,-6.3443832,5.1888824,-7.0831065,1.9285097,-2.4680657,146.96051,0.015308388
letter_b,pid,60.5,-0.20762095,-0.4763402,-1.1530285,0.007288432,-0.017152851,-2.3710363,-0.12903571,-0.04436433,-0.004705946,0.0072245067,0.00777165,0.27481312,0.06029103421392193,0.04642724654441836,-0.6,0.0,0.0,-0.0871067737630055,0.055689375892273296,-0.004863228153698107,0.0,0.0,0.0,0.0,0.8067856884411947,0.18895989194312576,-2.283929517359431,-2.4582024076382396,4.427521,-6.3363967,5.0617237,-6.9705987,1.9810396,-2.421413,143.7509,0.014974053
letter_b,pid,60.6,-0.20098321,-0.4629501,-1.1537827,0.0075051812,-0.016533842,-2.3437622,-0.1410024,-0.049878813,-0.004762087,0.00684556,0.008177474,0.27264932,0.0658599718031863,0.04594092372904478,-0.6,0.0,0.0,-0.08710677376307115,0.05568937589250922,-0.004863228153722393,0.0,0.0,0.0,0.0,0.7980292450484455,0.2018334356776788,-2.256655385584463,-2.4399947984807326,4.4106812,-6.3262596,4.9376245,-6.8532033,2.0344846,-2.3738863,140.59666,0.014645484
letter_b,pid,60.7,-0.19426721,-0.44821647,-1.1545537,0.007697804,-0.015884347,-2.3166916,-0.15247166,-0.054840766,-0.004776991,0.0064018024,0.008526153,0.270611,0.07142890939245114,0.04545460091367116,-0.6,0.0,0.0,-0.08710677376308576,0.0556893758927382,-0.00486322815374321,0.0,0.0,0.0,0.0,0.788565347165273,0.2141298471439156,-2.2295848632760986,-2.421538057069337,4.399345,-6.313723,4.816858,-6.7312355,2.0885868,-2.3256955,137.50005,0.014322921
letter_b,pid,60.800000000000004,-0.18753591,-0.43220136,-1.155334,0.007863091,-0.015209126,-2.289817,-0.163412,-0.059281625,-0.0047524516,0.0059215347,0.008820478,0.2686511,0.07699784698171644,0.04496827809829749,-0.6,0.0,0.0,-0.08710677376314759,0.0556893758927382,-0.004863228153746679,0.0,0.0,0.0,0.0,0.7785016479506628,0.22580824315522877,-2.2027103210397088,-2.402900733314656,4.393179,-6.2985663,4.6996512,-6.6050386,2.1431062,-2.2770307,134.46301,0.014006562
letter_b,pid,60.900000000000006,-0.1808488,-0.4149686,-1.156117,0.007999623,-0.014512926,-2.2631338,-0.1738114,-0.06322481,-0.004690525,0.0054234816,0.009059667,0.26674077,0.08253853937550787,0.04432497683540407,-0.6,0.0,0.0,-0.12216007218604855,0.05534189902756115,-0.006794401860649862,0.0,0.0,0.0,0.0,0.76784736043083,0.23604581938915067,-2.140973692080919,-2.3841974350260005,4.3047314,-6.189727,4.4974966,-6.3824916,2.1985462,-2.2273428,127.60177,0.013291851
letter_b,pid,61.0,-0.17426386,-0.3965869,-1.1568961,0.008113811,-0.013799109,-2.2367256,-0.1836222,-0.06668827,-0.0045935055,0.0049743312,0.00925025,0.26398745,0.08807272927825519,0.04364553664934063,-0.6,0.0,0.0,-0.12216007218597798,0.0553418990273391,-0.006794401860618637,0.0,0.0,0.0,0.0,0.7568080104048446,0.24639848725721614,-2.114565496585384,-2.365486302158685,4.309012,-6.169333,4.389005,-6.2493267,2.2534306,-2.178068,124.76763,0.012996628
letter_b,pid,61.1,-0.16783333,-0.37712294,-1.1576651,0.008202635,-0.013072817,-2.2105591,-0.19286856,-0.06971904,-0.0044640265,0.00449888,0.009385562,0.2615737,0.0936069191810025,0.04296609646327719,-0.6,0.0,0.0,-0.12216007218592256,0.05534189902711012,-0.006794401860587412,0.0,0.0,0.0,0.0,0.7455308185973506,0.25610128801849674,-2.088399057529043,-2.3468288011609255,4.3172503,-6.145696,4.2845464,-6.1129923,2.3079288,-2.1289966,121.9934,0.012707646
letter_b,pid,61.2,-0.16160722,-0.3566435,-1.1584184,0.008265888,-0.012338856,-2.1846125,-0.20154504,-0.07235274,-0.004304656,0.004024392,0.009467457,0.25937492,0.09914110908375029,0.0422866562772137,-0.6,0.0,0.0,-0.12216007218597798,0.0553418990273391,-0.006794401860618637,0.0,0.0,0.0,0.0,0.7341430976906645,0.26515528901248886,-2.062452440402523,-2.328290125183015,4.3291383,-6.1187673,4.1842113,-5.97384,2.361904,-2.0802312,119.28109,0.0124251135
letter_b,pid,61.300000000000004,-0.15563293,-0.33521545,-1.1591505,0.008305104,-0.01160179,-2.1588721,-0.20965065,-0.074622974,-0.0041180737,0.0035681343,0.009497891,0.25731334,0.10467529898649759,0.04160721609115027,-0.6,0.0,0.0,-0.12216007218590987,0.05534189902756809,-0.0067944018606429235,0.0,0.0,0.0,0.0,0.7227758676620589,0.2735666739051284,-2.0367120553470492,-2.3099362096472826,4.3443575,-6.0885015,4.0880675,-5.832211,2.4152157,-2.031879,116.63207,0.012149174
letter_b,pid,61.400000000000006,-0.14995514,-0.3129065,-1.1598567,0.008322664,-0.010865774,-2.1333294,-0.21717814,-0.07655671,-0.0039070467,0.0031389382,0.009481087,0.25534004,0.11020948888924584,0.04092777590508672,-0.6,0.0,0.0,-0.12216007218600831,0.055341899027325225,-0.006794401860618637,0.0,0.0,0.0,0.0,0.7115643538212455,0.2813347019760483,-2.011169319293484,-2.2918336041872127,4.3625917,-6.054855,3.99617,-5.688433,2.4677184,-1.9840592,114.04724,0.011879922
letter_b,pid,61.5,-0.14461625,-0.28978384,-1.1605327,0.008321744,-0.010134801,-2.1079786,-0.22413036,-0.07819157,-0.0036744298,0.0027453247,0.009419188,0.25342402,0.11569908234092488,0.040063353227914385,-0.6,0.0,0.0,-0.1574244593501704,0.054879717625362645,-0.008711493132106118,0.0,0.0,0.0,0.0,0.7005427613004529,0.28755452931748493,-1.9505541230320318,-2.2740923559850303,4.295793,-5.9258566,3.8198245,-5.449888,2.5197456,-1.9364138,107.96077,0.011245914
letter_b,pid,61.6,-0.13965712,-0.26591605,-1.1611748,0.008312171,-0.0094117625,-2.0829039,-0.23049092,-0.07956019,-0.0034230885,0.002445496,0.009316664,0.25066546,0.1211870541034751,0.039192203914701594,-0.6,0.0,0.0,-0.15742445935013816,0.05487971762513366,-0.008711493132067955,0.0,0.0,0.0,0.0,0.689962215749878,0.2940538350954985,-1.9254794026493736,-2.2567622495608086,4.3201365,-5.88593,3.7375526,-5.303346,2.5704203,-1.8898021,105.58095,0.010998015
letter_b,pid,61.7,-0.1351117,-0.24136713,-1.1617799,0.008293236,-0.008701514,-2.058072,-0.23631603,-0.08069958,-0.0031559954,0.0021477188,0.009166181,0.24823953,0.12667502586602533,0.0383210546014888,-0.6,0.0,0.0,-0.15742445935018018,0.05487971762557775,-0.008711493132140813,0.0,0.0,0.0,0.0,0.6799664754746635,0.2999786747961247,-1.9006476307987457,-2.2398934939280544,4.346397,-5.842564,3.6594703,-5.1556373,2.6198075,-1.8441452,103.2633,0.010756594
letter_b,pid,61.800000000000004,-0.13101056,-0.21619758,-1.1623454,0.00826583,-0.008008951,-2.0334616,-0.24164362,-0.08163756,-0.002875761,0.0018674007,0.008966292,0.24602945,0.1321629976285751,0.03744990528827609,-0.6,0.0,0.0,-0.1574244593501019,0.054879717625605506,-0.008711493132140813,0.0,0.0,0.0,0.0,0.6706934686517866,0.30537284206675985,-1.8760371113896441,-2.223534349547675,4.374345,-5.7958584,3.5855162,-5.00703,2.6678681,-1.7994704,101.00876,0.010521746
letter_b,pid,61.900000000000006,-0.12738244,-0.19046679,-1.1628693,0.008231752,-0.007338285,-2.0090585,-0.24648365,-0.08240272,-0.0025849128,0.0016136391,0.008723479,0.2439604,0.13765096939112578,0.03657875597506322,-0.6,0.0,0.0,-0.15742445935014102,0.05487971762559163,-0.008711493132140813,0.0,0.0,0.0,0.0,0.6622796066066525,0.3102530587651792,-1.8516340161442437,-2.2077327939298717,4.4037414,-5.7458816,3.515645,-4.857785,2.714546,-1.7558268,98.81762,0.010293502
letter_b,pid,62.0,-0.12425501,-0.16423205,-1.1633503,0.008193601,-0.006693299,-1.9848531,-0.25085348,-0.08303445,-0.002285956,0.001394719,0.008442075,0.24198404,0.1431322051537073,0.035685395721831006,-0.6,0.0,0.0,-0.19296093315844093,0.054303789627882515,-0.010610528503731537,0.0,0.0,0.0,0.0,0.6548484674424174,0.31364216600695766,-1.7918922153019472,-2.1925792139945415,4.3454375,-5.599868,3.3605525,-4.614983,2.7599514,-1.7131011,93.38478,0.0097275805
letter_b,pid,62.1,-0.12165481,-0.137551,-1.1637875,0.00816009,-0.0060764,-1.9609286,-0.25474885,-0.08355934,-0.0019813047,0.0012662311,0.008129005,0.23918232,0.14856258411653286,0.034624342871450796,-0.6,0.0,0.0,-0.1929609331583313,0.05430378962789639,-0.010610528503728067,0.0,0.0,0.0,0.0,0.6484736798637032,0.31755155429637544,-1.7679676261449524,-2.1781011851587575,4.3780184,-5.544107,3.2997372,-4.4658256,2.8038676,-1.6715124,91.391655,0.009519964
letter_b,pid,62.2,-0.119603984,-0.110477015,-1.1641803,0.008129766,-0.0054913084,-1.9372506,-0.2582147,-0.08401445,-0.0016734814,0.0011355208,0.007782813,0.23672019,0.15399296307935798,0.033563290021070676,-0.6,0.0,0.0,-0.19296093315840984,0.05430378962810456,-0.01061052850377317,0.0,0.0,0.0,0.0,0.643352380910994,0.32102764774993425,-1.7442896810078499,-2.1643233514534295,4.411228,-5.485305,3.2427003,-4.316777,2.8461678,-1.6311917,89.45863,0.009318608
letter_b,pid,62.300000000000004,-0.118124045,-0.083063744,-1.1645288,0.008102482,-0.0049406695,-1.9137967,-0.2612492,-0.0844209,-0.001364579,0.00101508,0.0074128998,0.23448272,0.15942334204218356,0.032502237170690465,-0.6,0.0,0.0,-0.19296093315847138,0.05430378962810456,-0.01061052850377664,0.0,0.0,0.0,0.0,0.639594298834706,0.32407334191673115,-1.7208357301258304,-2.151252869058653,4.4449105,-5.4235754,3.1893628,-4.1680274,2.8868494,-1.5921485,87.585724,0.009123513
letter_b,pid,62.400000000000006,-0.11723061,-0.055379335,-1.1648334,0.00807562,-0.0044237385,-1.8905518,-0.26373446,-0.084704004,-0.0010567853,0.00087982335,0.007052509,0.23239636,0.16485372100500956,0.03144118432031018,-0.6,0.0,0.0,-0.1929609331583922,0.05430378962834048,-0.010610528503818273,0.0,0.0,0.0,0.0,0.6372959842009919,0.3265567149648047,-1.6975908723378237,-2.1387908977723376,4.478937,-5.3588486,3.1398091,-4.0197206,2.9257357,-1.5545691,85.77131,0.00893451
letter_b,pid,62.5,-0.116900735,-0.027587157,-1.1650939,0.008026226,-0.0039225197,-1.8675047,-0.26488042,-0.08423764,-0.0007532347,0.0005256059,0.006873185,0.23042092,0.17028409996783422,0.03038013146993014,-0.6,0.0,0.0,-0.19296093315839286,0.05430378962789639,-0.010610528503731537,0.0,0.0,0.0,0.0,0.6365268652155517,0.3275669064267978,-1.6745437827611018,-2.1268181283222134,4.513305,-5.289996,3.0951357,-3.871827,2.9616365,-1.5196525,84.00552,0.008750576
letter_b,pid,62.6,-0.11707385,6.645024e-05,-1.1653097,0.007919676,-0.0034079333,-1.8446469,-0.26395285,-0.08251385,-0.00046032612,-0.00016891226,0.006980282,0.22852756,0.1756959583919963,0.029268585053568375,-0.6,0.0,0.0,-0.2288309578775274,0.05361530873432274,-0.01248757193482268,0.0,0.0,0.0,0.0,0.6372926682257163,0.3251975204215129,-1.6158159728170527,-2.1152853722757703,4.457617,-5.1219983,2.9665213,-3.6309025,2.9932606,-1.4887058,79.26478,0.008256746
letter_b,pid,62.7,-0.117668904,0.027299952,-1.1654801,0.0077305627,-0.002850738,-1.822062,-0.26058194,-0.07938321,-0.00018726409,-0.0011214503,0.0073603992,0.2257962,0.18105748926544193,0.02801982786008293,-0.6,0.0,0.0,-0.22883095787755237,0.0536153087341007,-0.012487571934772373,0.0,0.0,0.0,0.0,0.6395355828009425,0.32123974340673916,-1.593231057655895,-2.1041506939842325,4.491905,-5.0431595,2.9348726,-3.4861271,3.0202243,-1.462139,77.63684,0.00808717
letter_b,pid,62.800000000000004,-0.11860134,0.053874124,-1.1656053,0.0074403975,-0.0022381677,-1.7997179,-0.25508124,-0.07510475,5.6368248e-05,-0.0022646803,0.007852826,0.22338685,0.186419020138888,0.026771070666597386,-0.6,0.0,0.0,-0.22883095787756386,0.053615308734544787,-0.012487571934876457,0.0,0.0,0.0,0.0,0.6431806563394205,0.31498328718808577,-1.5708869452596432,-2.0933653232174767,4.524203,-4.9596057,2.9085665,-3.3439693,3.0424094,-1.440101,76.03814,0.007920639
letter_b,pid,62.900000000000006,-0.119786724,0.07958522,-1.1656862,0.0070445286,-0.0015676314,-1.777593,-0.2477146,-0.069890074,0.00026416106,-0.003463498,0.00835133,0.2211913,0.19178055101233366,0.025522313473111943,-0.6,0.0,0.0,-0.2288309578775332,0.053615308734544787,-0.012487571934874722,0.0,0.0,0.0,0.0,0.6480724479609256,0.30674880172535024,-1.5487620587469175,-2.0828759205672895,4.5537558,-4.871973,2.8869953,-3.2052124,3.0600622,-1.422374,74.46807,0.0077570905
letter_b,pid,63.0,-0.12114031,0.10426045,-1.1657255,0.0065476927,-0.0008432834,-1.7556736,-0.23871602,-0.063910626,0.000432356,-0.004624743,0.0087874085,0.21913792,0.19714208188577975,0.024273556279626393,-0.6,0.0,0.0,-0.22883095787752167,0.0536153087341007,-0.012487571934770639,0.0,0.0,0.0,0.0,0.6540236162301016,0.2968200193007291,-1.5268426890493583,-2.072631457802336,4.5799394,-4.7808466,2.8695958,-3.0705032,3.0734377,-1.4087336,72.92546,0.0075964015
letter_b,pid,63.1,-0.12257681,0.12775995,-1.1657263,0.0059609353,-7.473085e-05,-1.7339501,-0.22834955,-0.05731597,0.00055959175,-0.0056843865,0.009107732,0.21717909,0.20250361275922538,0.02302479908614095,-0.6,0.0,0.0,-0.22883095787747024,0.05361530873433662,-0.01248757193482268,0.0,0.0,0.0,0.0,0.6608274995254801,0.28550670921818033,-1.5051191802145707,-2.0633046782997155,4.602264,-4.686814,2.8557966,-2.940347,3.0828338,-1.3989125,71.40909,0.0074384473
letter_b,pid,63.2,-0.1240108,0.14997254,-1.1656933,0.005298832,0.0007253611,-1.7124166,-0.21684684,-0.050226584,0.00064658985,-0.006604938,0.009284366,0.21528319,0.20783147597757437,0.021698098270285543,-0.6,0.0,0.0,-0.2650965112783645,0.05281570192554319,-0.014338732966044654,0.0,0.0,0.0,0.0,0.6682682999541047,0.272040882396305,-1.4473201375863816,-2.054255268973912,4.529068,-4.495053,2.7545915,-2.7205763,3.0881672,-1.3930247,67.18456,0.006998392
letter_b,pid,63.300000000000004,-0.12535952,0.17080937,-1.1656315,0.0045836787,0.0015439166,-1.6911597,-0.20437902,-0.042759772,0.00069562386,-0.0073057264,0.009311809,0.21252379,0.2131130461701644,0.020264224973671693,-0.6,0.0,0.0,-0.265096511278288,0.05281570192598728,-0.01433873296616088,0.0,0.0,0.0,0.0,0.6761409251670754,0.25876121319148065,-1.426063213910921,-2.0453310475079887,4.543473,-4.397227,2.7476637,-2.6014175,3.090494,-1.390048,65.77916,0.0068519968
letter_b,pid,63.400000000000006,-0.12653986,0.19020747,-1.165547,0.0038286357,0.002366096,-1.6701487,-0.19116133,-0.035006918,0.0007098491,-0.00787482,0.009184778,0.21006921,0.21839461636275492,0.018830351677057725,-0.6,0.0,0.0,-0.26509651127822154,0.05281570192600116,-0.01433873296616088,0.0,0.0,0.0,0.0,0.684246541877505,0.2448519390759503,-1.4050522189997936,-2.0364614352279173,4.5530343,-4.297995,2.7428277,-2.4877884,3.0895936,-1.3902372,64.393425,0.006707648
letter_b,pid,63.5,-0.12747197,0.20812371,-1.1654462,0.0030477287,0.003177795,-1.649363,-0.17735629,-0.027043622,0.00069328945,-0.00830088,0.008912737,0.20782411,0.22367618655534544,0.017396478380443753,-0.6,0.0,0.0,-0.26509651127824446,0.05281570192577911,-0.0143387329661019,0.0,0.0,0.0,0.0,0.6923953115810159,0.2305234038588335,-1.3842665296458279,-2.0275844308769937,4.557628,-4.1977525,2.739715,-2.379839,3.0857337,-1.3933612,63.02598,0.0065652058
letter_b,pid,63.6,-0.12808017,0.2245317,-1.165335,0.0022548272,0.0039662737,-1.628788,-0.16309899,-0.018939456,0.0006503214,-0.008582844,0.008511817,0.20572385,0.2289577567479355,0.015962605083829903,-0.6,0.0,0.0,-0.2650965112783339,0.05281570192554319,-0.01433873296604292,0.0,0.0,0.0,0.0,0.7004147904775684,0.21596468265784394,-1.3636914831064317,-2.0186494096503904,4.5571647,-4.096852,2.7379882,-2.2776756,3.0791543,-1.3992118,61.675312,0.0064245122
letter_b,pid,63.7,-0.12829325,0.2394198,-1.16522,0.0014628569,0.004720303,-1.6084137,-0.1485107,-0.010754817,0.00058539736,-0.008727804,0.007999677,0.20372447,0.234239326940526,0.014528731787215934,-0.6,0.0,0.0,-0.26509651127832623,0.052815701925765235,-0.014338732966102767,0.0,0.0,0.0,0.0,0.708152196836565,0.20135914442070663,-1.3433171850107364,-2.00961493079211,4.5515976,-3.9956183,2.7373369,-2.1813574,3.0700772,-1.4076011,60.340054,0.006285422
letter_b,pid,63.800000000000004,-0.12804493,0.25278747,-1.165107,0.00068343076,0.005430673,-1.5882328,-0.13367943,-0.0025453442,0.00050292455,-0.008746857,0.007398902,0.20179589,0.23946879807418167,0.012990471766552863,-0.6,0.0,0.0,-0.30182009464771326,0.051906626509445886,-0.016160174783624512,0.0,0.0,0.0,0.0,0.7154822696064231,0.18608547134272957,-1.2864126610132975,-2.000570173268933,4.448086,-3.7975998,2.646017,-1.9955312,3.0580695,-1.4189924,56.556107,0.0058912616
letter_b,pid,63.900000000000006,-0.12727475,0.26464492,-1.1650014,-6.800235e-05,0.006089625,-1.568332,-0.11869466,0.005633595,0.00040709876,-0.008595075,0.006725524,0.1990009,0.2446594607251621,0.011374454288179531,-0.6,0.0,0.0,-0.30182009464767207,0.05190662650966793,-0.0161601747836913,0.0,0.0,0.0,0.0,0.7222932651901492,0.17198818019437911,-1.2665118622157312,-1.9920727377389067,4.4331207,-3.6970456,2.6478653,-1.9117901,3.0446088,-1.4319373,55.306923,0.005761139
letter_b,pid,64.0,-0.12592535,0.275014,-1.1649082,-0.00078670756,0.006690429,-1.5486808,-0.10366098,0.0137494635,0.0003017375,-0.008383729,0.00599468,0.19650859,0.2498501233761421,0.009758436809806334,-0.6,0.0,0.0,-0.30182009464764614,0.051906626509889975,-0.016160174783758953,0.0,0.0,0.0,0.0,0.7284840192789007,0.158417035690667,-1.246860687670469,-1.9834299160396127,4.413087,-3.5970478,2.6499066,-1.8338672,3.0291698,-1.4469862,54.0688,0.005632167
letter_b,pid,64.10000000000001,-0.12394513,0.28392434,-1.1648315,-0.0014682473,0.007228073,-1.5292578,-0.08864695,0.021767624,0.0001906877,-0.0081148725,0.0052236384,0.19423024,0.255040786027123,0.008142419331432869,-0.6,0.0,0.0,-0.3018200946476874,0.05190662650966793,-0.016160174783692166,0.0,0.0,0.0,0.0,0.7339759120129137,0.1455811171260317,-1.22743767970534,-1.9746595056141292,4.3880777,-3.49781,2.6519513,-1.7616837,3.0119224,-1.4639889,52.841217,0.0055042934
letter_b,pid,64.2,-0.12128794,0.29141247,-1.1647749,-0.0021088764,0.0076990114,-1.5100474,-0.07371533,0.029658424,7.747451e-05,-0.00779481,0.0044273324,0.19210437,0.2602314486781026,0.006526401853059804,-0.6,0.0,0.0,-0.301820094647605,0.05190662651011202,-0.01616017478382574,0.0,0.0,0.0,0.0,0.7387068434016544,0.1337169612339347,-1.208227341112893,-1.965810024345343,4.358202,-3.3995185,2.6538222,-1.6951386,2.99302,-1.4828062,51.6238,0.0053774794
letter_b,pid,64.3,-0.117913485,0.2975208,-1.1647409,-0.0027055477,0.008100974,-1.4910389,-0.05892277,0.037390996,-3.4654255e-05,-0.0074301707,0.0036187693,0.19008802,0.26542211132908305,0.004910384374686471,-0.6,0.0,0.0,-0.30182009464763854,0.051906626509889975,-0.01616017478375852,0.0,0.0,0.0,0.0,0.7426300110618309,0.1230889292416591,-1.1892188238475396,-1.9569567603392237,4.323583,-3.3023517,2.6553485,-1.6341172,2.9726112,-1.5033002,50.41644,0.005251713
letter_b,pid,64.4,-0.11378646,0.30229548,-1.1647314,-0.0032561957,0.008433113,-1.472224,-0.04430625,0.044943728,-0.00014282027,-0.007030653,0.002812336,0.18815114,0.270539051279229,0.003164714571131196,-0.6,0.0,0.0,-0.3390646960271018,0.05088996668384249,-0.01794812217135121,0.0,0.0,0.0,0.0,0.7457257174658148,0.11409524324303759,-1.133159301088987,-1.9482217492478642,4.189786,-3.108235,2.5637228,-1.4821719,2.9499338,-1.5262357,47.016445,0.0048975465
letter_b,pid,64.5,-0.10887765,0.30578363,-1.1647477,-0.0037542214,0.008695695,-1.4536898,-0.02987879,0.052283652,-0.00024445192,-0.0065432466,0.0020223195,0.18534271,0.2756280479476067,0.0013699023539990491,-0.6,0.0,0.0,-0.3390646960267989,0.050889966684314336,-0.01794812217150029,0.0,0.0,0.0,0.0,0.7479654615314497,0.10703342404557491,-1.1146251175870927,-1.9396353712071985,4.1468596,-3.0142472,2.565336,-1.4327236,2.92687,-1.5497352,45.884026,0.004779586
letter_b,pid,64.60000000000001,-0.10316175,0.30803788,-1.16479,-0.0042022183,0.008889649,-1.4354064,-0.015705565,0.05940302,-0.00033752358,-0.0060698204,0.001253161,0.18283333,0.2807170446159852,-0.00042490986313339614,-0.6,0.0,0.0,-0.3390646960271018,0.05088996668384249,-0.01794812217135121,0.0,0.0,0.0,0.0,0.7493330397304797,0.10206996665940414,-1.0963417504298074,-1.9311581360473014,4.0996337,-2.92191,2.5661037,-1.3883802,2.9026394,-1.5745727,44.76164,0.0046626707
letter_b,pid,64.7,-0.09661869,0.3091133,-1.1648583,-0.0046022837,0.009016677,-1.4173521,-0.001817841,0.06628571,-0.0004199076,-0.005605601,0.00051161414,0.18054022,0.2858060412843624,-0.0022197220802653932,-0.6,0.0,0.0,-0.33906469602704065,0.050889966684064536,-0.017948122171426023,0.0,0.0,0.0,0.0,0.7498278917609361,0.0993661275088596,-1.078287384318113,-1.9227106267249634,4.04828,-2.8313184,2.5659351,-1.348974,2.8773563,-1.6006275,43.649876,0.004546862
letter_b,pid,64.8,-0.08923333,0.30906585,-1.1649514,-0.004956259,0.009079287,-1.399511,0.01176473,0.0729164,-0.0004897871,-0.005148408,-0.00019497015,0.17840472,0.29089503795274047,-0.004014534297397689,-0.6,0.0,0.0,-0.33906469602693456,0.05088996668387025,-0.01794812217135143,0.0,0.0,0.0,0.0,0.7494578287194259,0.09893121863707321,-1.0604462836254702,-1.9142219597433032,3.992966,-2.742561,2.5647445,-1.3143394,2.8511221,-1.6277828,42.549393,0.0044322284
letter_b,pid,64.9,-0.08099508,0.30795264,-1.165068,-0.00526595,0.009080526,-1.3818715,0.0250208,0.07928316,-0.0005456816,-0.004698426,-0.0008618215,0.17638502,0.2959840346211181,-0.005809346514529836,-0.6,0.0,0.0,-0.3390646960270331,0.050889966684064536,-0.01794812217142559,0.0,0.0,0.0,0.0,0.7482390792109107,0.10061527882259869,-1.042806765841253,-1.905650812077162,3.9338708,-2.6557207,2.5624504,-1.2843003,2.8240354,-1.6559255,41.461037,0.004318858
letter_b,pid,65.0,-0.07189754,0.30583072,-1.1652061,-0.0055332105,0.009024065,-1.3644252,0.03793801,0.08537595,-0.00058639795,-0.0042568007,-0.001483281,0.17445113,0.3009745982146535,-0.0077577330442580965,-0.6,0.0,0.0,-0.3768936956549724,0.04976782963087012,-0.01969886933503003,0.0,0.0,0.0,0.0,0.7462099247589009,0.10574027662167099,-0.9875314866875567,-1.8970281792955999,3.774662,-2.4710653,2.4648938,-1.1612972,2.795061,-1.6860707,38.433754,0.004003516
letter_b,pid,65.10000000000001,-0.061939083,0.30275464,-1.1653632,-0.0057545113,0.008913833,-1.3472599,0.050526183,0.091173016,-0.0006110357,-0.003761995,-0.0020520561,0.17163704,0.30595138117771126,-0.009727619977749954,-0.6,0.0,0.0,-0.3768936956550602,0.049767829630648075,-0.019698869334947196,0.0,0.0,0.0,0.0,0.7433869089005024,0.11087616208711747,-0.9703661834571835,-1.8883522322654938,3.7092712,-2.3887613,2.4614131,-1.1409032,2.766501,-1.7158972,37.42292,0.003898221
letter_b,pid,65.2,-0.051120978,0.29878116,-1.1655366,-0.0059347204,0.0087541025,-1.3303463,0.06274049,0.09668625,-0.0006192867,-0.003309714,-0.0025705213,0.16911666,0.31092816414076785,-0.011697506911241322,-0.6,0.0,0.0,-0.37689369565507547,0.04976782963106441,-0.019698869335112862,0.0,0.0,0.0,0.0,0.7398028623915793,0.11710751372877162,-0.9534526502464139,-1.8796383030224268,3.6406994,-2.308685,2.4565628,-1.1245483,2.7373471,-1.7463903,36.42698,0.0037944766
letter_b,pid,65.3,-0.039447885,0.29396656,-1.1657236,-0.0060778493,0.008549334,-1.3136629,0.07457262,0.10191267,-0.00061057677,-0.0028917573,-0.0030377216,0.16681321,0.3159049471038252,-0.013667393844733018,-0.6,0.0,0.0,-0.37689369565509034,0.049767829630648075,-0.01969886933494893,0.0,0.0,0.0,0.0,0.735498086114816,0.12411694899110584,-0.9367691909644775,-1.8709121363240335,3.5688207,-2.2305493,2.4506102,-1.1123388,2.707395,-1.7777312,35.444935,0.0036921806
letter_b,pid,65.4,-0.026928334,0.28836718,-1.1659204,-0.0061871377,0.008303839,-1.2971934,0.086005,0.106845215,-0.0005846006,-0.002500903,-0.003455855,0.16467108,0.32088173006688214,-0.015637280778224547,-0.6,0.0,0.0,-0.37689369565504527,0.04976782963106441,-0.019698869335111127,0.0,0.0,0.0,0.0,0.730517916696924,0.13163160604073934,-0.920299712357345,-1.8622071024625493,3.492885,-2.1534452,2.444415,-1.1049751,2.6758766,-1.8106594,34.472515,0.0035908867
letter_b,pid,65.5,-0.013575748,0.28203878,-1.1661241,-0.0062648416,0.0080218,-1.2809258,0.09702282,0.11146513,-0.0005413358,-0.002127857,-0.003826795,0.16264963,0.3258549303150857,-0.017612167472677513,-0.6,0.0,0.0,-0.4153707011052067,0.04854254115088663,-0.021408787583792124,0.0,0.0,0.0,0.0,0.7249140480458481,0.14144294655636486,-0.8655550496272152,-1.8535828446589693,3.3159797,-1.9777703,2.340432,-1.0022225,2.6430795,-1.8448639,31.778759,0.0033102876
letter_b,pid,65.60000000000001,0.0005760804,0.27505997,-1.1663308,-0.0063045453,0.0077006323,-1.2649472,0.10733946,0.11567219,-0.00048102156,-0.0016787926,-0.0042126025,0.15975773,0.3307091844301446,-0.019753046231044517,-0.6,0.0,0.0,-0.41537070110533986,0.048542541150664587,-0.02140878758370192,0.0,0.0,0.0,0.0,0.7187719883009203,0.1491593242918357,-0.8495764748742745,-1.845036076540085,3.236138,-1.9061584,2.3322015,-1.0022217,2.6113572,-1.8779634,30.895575,0.0032182895
letter_b,pid,65.7,0.015466086,0.2675422,-1.1665363,-0.006304432,0.0073313015,-1.2492272,0.11653546,0.11935853,-0.00040542777,-0.0012093983,-0.004684277,0.15716925,0.3355634385452022,-0.021893924989410986,-0.6,0.0,0.0,-0.41537070110538776,0.048542541150858876,-0.02140878758379039,0.0,0.0,0.0,0.0,0.7121790561187126,0.15632862826937508,-0.8338564650704545,-1.8365720352743824,3.1549277,-1.8374729,2.321985,-1.0045301,2.5802493,-1.9103911,30.037851,0.003128943
letter_b,pid,65.8,0.03100804,0.25962147,-1.1667364,-0.006259935,0.006901181,-1.233743,0.12427974,0.12242336,-0.00031743373,-0.0006902126,-0.0052772774,0.15480758,0.3404176926602598,-0.024034803747777455,-0.6,0.0,0.0,-0.41537070110530994,0.048542541150664587,-0.021408787583700184,0.0,0.0,0.0,0.0,0.7052555010926033,0.162554328916001,-0.8183722512414919,-1.8282033721736883,3.0730085,-1.771792,2.309707,-1.0084904,2.5501935,-1.9416853,29.208055,0.0030425063
letter_b,pid,65.9,0.047094394,0.25144812,-1.1669265,-0.0061651864,0.0063973973,-1.2184775,0.13034351,0.124786176,-0.00022139015,-0.00010600639,-0.0059933173,0.15261674,0.34527194677531864,-0.02617568250614446,-0.6,0.0,0.0,-0.41537070110538776,0.048542541150858876,-0.02140878758379039,0.0,0.0,0.0,0.0,0.6981335771700464,0.16752437169438772,-0.8031067864586992,-1.819948259367818,2.9910214,-1.7091023,2.2953825,-1.0134635,2.5215538,-1.9714628,28.408028,0.0029591694
letter_b,pid,66.0,0.063601345,0.2431755,-1.1671028,-0.006014145,0.0058096033,-1.2034177,0.1346145,0.12638657,-0.00012266544,0.00054698833,-0.006806268,0.15055573,0.35012620089037666,-0.028316561264511105,-0.6,0.0,0.0,-0.415370701105599,0.04854254115083112,-0.02140878758379039,0.0,0.0,0.0,0.0,0.6909486503227167,0.17103176260797726,-0.7880469577002482,-1.8118286847623046,2.9095454,-1.6493126,2.279102,-1.0188692,2.494606,-1.9994344,27.638884,0.0028790503
letter_b,pid,66.10000000000001,0.08039532,0.23494846,-1.1672617,-0.0058015967,0.005132194,-1.1885536,0.13710669,0.12718683,-2.7022694e-05,0.0012619448,-0.007667894,0.14859451,0.3549564182162024,-0.030487634118365584,-0.6,0.0,0.0,-0.45455929808918766,0.047216640841368784,-0.02307433285092704,0.0,0.0,0.0,0.0,0.6838318317914318,0.17509608677989766,-0.7339942736118621,-1.8039124395450348,2.7284112,-1.4894991,2.162922,-0.9240099,2.4683359,-2.0266054,25.394672,0.0026452783
letter_b,pid,66.2,0.09733913,0.22689508,-1.1674002,-0.005518407,0.0043646162,-1.1739755,0.1379278,0.12717232,6.0065184e-05,0.0020837204,-0.008521404,0.14573301,0.3596780823003321,-0.032795067403454614,-0.6,0.0,0.0,-0.45455929808896367,0.04721664084159083,-0.02307433285102245,0.0,0.0,0.0,0.0,0.6769074758937388,0.17550662408339288,-0.7194161695929211,-1.796215452739963,2.649988,-1.4354835,2.144519,-0.9300145,2.4451005,-2.050614,24.730473,0.002576091
letter_b,pid,66.3,0.11430253,0.2191206,-1.1675166,-0.0051672067,0.0035131336,-1.1596545,0.13726884,0.12640622,0.00013351912,0.0028869493,-0.009304971,0.143159,0.364399746384461,-0.03510250068854326,-0.6,0.0,0.0,-0.4545592980894493,0.04721664084134103,-0.023074332850928775,0.0,0.0,0.0,0.0,0.6702634441388512,0.174510323709768,-0.7050952000108316,-1.7887597153286954,2.5733254,-1.3838575,2.124743,-0.9352751,2.4237332,-2.0726297,24.096613,0.002510064
letter_b,pid,66.4,0.13117181,0.21170174,-1.1676096,-0.0047543105,0.0025903517,-1.1455686,0.13542779,0.124985464,0.00019069905,0.0036341085,-0.00995553,0.14080755,0.36912141046859104,-0.03740993397363247,-0.6,0.0,0.0,-0.4545592980891956,0.04721664084156307,-0.02307433285102245,0.0,0.0,0.0,0.0,0.663970830849957,0.17234542712399384,-0.6910093111484753,-1.7815757741353258,2.4985383,-1.3342873,2.103896,-0.9396449,2.4040053,-2.0928805,23.491718,0.0024470536
letter_b,pid,66.5,0.14785933,0.20468086,-1.1676794,-0.0042903167,0.0016153764,-1.1317008,0.13279831,0.123051375,0.0002309726,0.004280715,-0.010408959,0.13863036,0.3738430745527203,-0.039717367258721305,-0.6,0.0,0.0,-0.4545592980891956,0.04721664084156307,-0.02307433285102245,0.0,0.0,0.0,0.0,0.6580722439414755,0.16934284361649118,-0.6771414560764538,-1.7746983578130442,2.4255688,-1.2864195,2.0822976,-0.9431482,2.3855512,-2.1117358,22.914034,0.0023868785
letter_b,pid,66.60000000000001,0.16430971,0.19806649,-1.1677266,-0.0037900938,0.0006123897,-1.1180372,0.12980373,0.12077939,0.00025581793,0.0047815107,-0.010615983,0.13659108,0.37856473863685003,-0.04202480054381034,-0.6,0.0,0.0,-0.454559298089158,0.047216640841368784,-0.023074332850925305,0.0,0.0,0.0,0.0,0.6525814716349985,0.16587521206570247,-0.66347792572676,-1.76856133178001,2.3542309,-1.239908,2.0602598,-0.945937,2.3679128,-2.1296532,22.361675,0.0023293414
letter_b,pid,66.7,0.18050638,0.19183326,-1.1677524,-0.0032726747,-0.0003903064,-1.1045672,0.12690413,0.118380085,0.00026859948,0.005091701,-0.010537418,0.13466209,0.38323894392072183,-0.044386157835192064,-0.6,0.0,0.0,-0.494522701473448,0.04579287683387223,-0.024692053039822304,0.0,0.0,0.0,0.0,0.647489672669192,0.16446502397607032,-0.6100444686696794,-1.7634514105057206,2.1811566,-1.0897183,1.937939,-0.84650075,2.3491957,-2.148525,20.551983,0.0021408314
letter_b,pid,66.8,0.19647299,0.18591993,-1.1677581,-0.0027529579,-0.0013612799,-1.0913814,0.124595195,0.11604295,0.00027410573,0.0052486323,-0.010141205,0.13182394,0.387818231604079,-0.046855363139159556,-0.6,0.0,0.0,-0.494522701473654,0.04579287683365019,-0.02469205303971475,0.0,0.0,0.0,0.0,0.6427648137050866,0.16129544743453567,-0.5968587291522616,-1.7587699710496252,2.112537,-1.0454526,1.9171917,-0.85010743,2.3313878,-2.1663601,20.082577,0.002091935
letter_b,pid,66.9,0.21227473,0.18023624,-1.167745,-0.002256475,-0.0022677397,-1.0784519,0.1233166,0.11398645,0.00027733698,0.005140838,-0.00942051,0.12927085,0.3923975192874365,-0.049324568443127256,-0.6,0.0,0.0,-0.4945227014736425,0.045792876833844476,-0.024692053039818834,0.0,0.0,0.0,0.0,0.6383390636187313,0.15887646525168556,-0.5839291703983057,-1.7545089511598269,2.0442274,-1.001831,1.8967377,-0.8543414,2.3126829,-2.1849577,19.632587,0.0020450612
letter_b,pid,67.0,0.2279919,0.1746858,-1.167714,-0.0018039275,-0.0030835227,-1.065756,0.12320635,0.11226701,0.00028341933,0.004813383,-0.008444286,0.1269394,0.39697680697079396,-0.05179377374709496,-0.6,0.0,0.0,-0.49452270147396593,0.04579287683362243,-0.02469205303971822,0.0,0.0,0.0,0.0,0.6341514696179614,0.15732358580332598,-0.5712332618515346,-1.7506343630474186,1.9758142,-0.9588705,1.8765194,-0.8595757,2.292864,-2.2045255,19.200626,0.0020000655
letter_b,pid,67.10000000000001,0.2436894,0.16919276,-1.1676663,-0.0014071368,-0.0037958885,-1.0532767,0.12402477,0.11079942,0.00029519442,0.004352709,-0.0073487647,0.12477926,0.4015560946541515,-0.05426297905106266,-0.6,0.0,0.0,-0.49452270147371274,0.04579287683365019,-0.02469205303971822,0.0,0.0,0.0,0.0,0.6301582392976401,0.15645528068755946,-0.5587539565844537,-1.7471240006156403,1.9072683,-0.9167986,1.8562934,-0.86582375,2.272155,-2.22484,18.78627,0.0019569031
letter_b,pid,67.2,0.25941986,0.16369657,-1.1676027,-0.0010713007,-0.0044008093,-1.0410005,0.12558874,0.10951401,0.00031368915,0.003824349,-0.0062219426,0.122752234,0.4061353823375086,-0.056732184355030156,-0.6,0.0,0.0,-0.49452270147394295,0.04579287683401101,-0.024692053039926387,0.0,0.0,0.0,0.0,0.6263282360988677,0.15613694982856147,-0.5464777839462841,-1.7439634269526962,1.8385665,-0.875799,1.8358619,-0.8730945,2.2507608,-2.2456975,18.389116,0.001915533
letter_b,pid,67.3,0.275225,0.15814924,-1.1675241,-0.00079668727,-0.0049000545,-1.028917,0.1277432,0.10835022,0.00033885837,0.0032779083,-0.005121901,0.12082925,0.4106409564716022,-0.05927742649962468,-0.6,0.0,0.0,-0.5353232899264454,0.0442742000958396,-0.02625859517794288,0.0,0.0,0.0,0.0,0.6226519391318527,0.15838788176265095,-0.4935936650677563,-1.7411913880829775,1.6641426,-0.7292822,1.7126635,-0.7778031,2.2274125,-2.2683752,16.946308,0.0017652406
letter_b,pid,67.4,0.29113728,0.15250899,-1.1674318,-0.00057258294,-0.005298238,-1.0171195,0.13039225,0.107236974,0.00037008576,0.0028191207,-0.0040758178,0.11796946,0.41506837648117695,-0.061903286017415016,-0.6,0.0,0.0,-0.5353232899263172,0.04427420009603389,-0.02625859517805043,0.0,0.0,0.0,0.0,0.6191206861827433,0.15886322117674972,-0.481796236936781,-1.7387957979809563,1.5956666,-0.6913336,1.6927247,-0.78839165,2.2050798,-2.2899148,16.61706,0.0017309437
letter_b,pid,67.5,0.3071831,0.14674136,-1.1673266,-0.00039620028,-0.0056020524,-1.0055815,0.13343479,0.10615773,0.00040615094,0.0023751352,-0.0031042094,0.115376815,0.4194957964907513,-0.06452914553520514,-0.6,0.0,0.0,-0.5353232899267205,0.044274200095811844,-0.02625859517794288,0.0,0.0,0.0,0.0,0.6157181237843292,0.15963664306078565,-0.4702582082193366,-1.7367687359959614,1.5270919,-0.65489334,1.6722653,-0.80006665,2.1825557,-2.3115323,16.304203,0.0016983544
letter_b,pid,67.60000000000001,0.32338297,0.14081888,-1.1672095,-0.00026288597,-0.00581954,-0.99428165,0.13678436,0.105083205,0.00044629502,0.001966166,-0.0022196434,0.11299632,0.4239232165003254,-0.06715500505299504,-0.6,0.0,0.0,-0.5353232899266045,0.044274200095811844,-0.02625859517793594,0.0,0.0,0.0,0.0,0.612444365323109,0.160651788826249,-0.4589583596629341,-1.7351108231857353,1.4584264,-0.6200241,1.6511886,-0.81278634,2.159981,-2.3330986,16.00735,0.0016674324
letter_b,pid,67.7,0.33975655,0.13472196,-1.1670815,-0.00016840489,-0.0059592207,-0.98320276,0.14037289,0.10403585,0.00048970955,0.001589545,-0.0014259297,0.110786244,0.4283506365098998,-0.06978086457078517,-0.6,0.0,0.0,-0.5353232899265342,0.04427420009600613,-0.026258595178046962,0.0,0.0,0.0,0.0,0.6093042911105704,0.16190070760331796,-0.44787946552466823,-1.7338279597037813,1.389694,-0.5867121,1.6294765,-0.82649463,2.137405,-2.354573,15.726282,0.0016381544
letter_b,pid,67.8,0.35632303,0.12843755,-1.1669438,-0.00010908306,-0.0060295346,-0.97233117,0.1441472,0.103040755,0.00053569354,0.0012410771,-0.00072145084,0.10871395,0.43277805651947343,-0.07240672408857485,-0.6,0.0,0.0,-0.5353232899264639,0.04427420009620042,-0.026258595178157984,0.0,0.0,0.0,0.0,0.6063077204420123,0.1633806152968121,-0.437007876340931,-1.732928335129594,1.3209118,-0.5549298,1.60713,-0.841148,2.1148596,-2.3759358,15.460854,0.0016105055
letter_b,pid,67.9,0.37310115,0.12195835,-1.1667973,-8.166598e-05,-0.006038608,-0.9616556,0.14806108,0.10211874,0.0005836856,0.0009178535,-0.00010237563,0.10675364,0.4371028226379047,-0.07512897002373042,-0.6,0.0,0.0,-0.5770220069912593,0.04266375831768476,-0.027770712368029027,0.0,0.0,0.0,0.0,0.6034888436867288,0.16727284834943004,-0.38463360976899463,-1.7324697272666243,1.1438502,-0.4157156,1.4793392,-0.75120467,2.0907795,-2.39876,14.359375,0.0014957682
letter_b,pid,68.0,0.39010793,0.11528019,-1.1666429,-7.553143e-05,-0.0059936703,-0.95127106,0.15208334,0.101269275,0.00063323445,0.0006884249,0.00044089337,0.1038438,0.44136919846963013,-0.07790604126050639,-0.6,0.0,0.0,-0.5770220069917681,0.042663758317296185,-0.027770712367806982,0.0,0.0,0.0,0.0,0.6008600652925622,0.16918736235054135,-0.37424905013713816,-1.7324561238543394,1.075572,-0.38740912,1.4571251,-0.76896226,2.068225,-2.4199948,14.155386,0.0014745194
letter_b,pid,68.10000000000001,0.40736002,0.10840484,-1.1664817,-9.091133e-05,-0.0059020417,-0.94115096,0.15615697,0.100537114,0.00068378646,0.00045276192,0.0009086421,0.10119909,0.4456355743013552,-0.0806831124972821,-0.6,0.0,0.0,-0.5770220069913736,0.04266375831768476,-0.027770712368035966,0.0,0.0,0.0,0.0,0.5984319721606249,0.17130112490866084,-0.3641289563150534,-1.732894038739632,1.0074352,-0.36060798,1.434427,-0.7875998,2.045752,-2.4410934,13.966896,0.0014548851
letter_b,pid,68.2,0.42487332,0.10133878,-1.1663145,-0.00012776472,-0.005770609,-0.9312738,0.16024601,0.09993972,0.00073516497,0.00021441471,0.0013053517,0.09876965,0.44990195013308065,-0.08346018373405807,-0.6,0.0,0.0,-0.5770220069915136,0.042663758317490474,-0.027770712367918005,0.0,0.0,0.0,0.0,0.5962291363541988,0.17359747031221945,-0.3542518110245386,-1.7337920750099074,0.9394243,-0.3352304,1.4112809,-0.807087,2.0233495,-2.462073,13.793747,0.0014368488
letter_b,pid,68.3,0.44266242,0.094092146,-1.1661422,-0.0001856445,-0.005605689,-0.9216221,0.16432032,0.099487424,0.000787188,-2.1836504e-05,0.0016368692,0.09651604,0.4541683259648054,-0.08623725497083357,-0.6,0.0,0.0,-0.5770220069915136,0.042663758317490474,-0.027770712367918005,0.0,0.0,0.0,0.0,0.5942794778938827,0.17605559316423325,-0.3446000905007044,-1.7351613788246658,0.8715219,-0.31120127,1.3877225,-0.82740194,2.0010123,-2.482948,13.635845,0.0014204006
letter_b,pid,68.4,0.46074167,0.086677164,-1.1659658,-0.00026382605,-0.005412667,-0.9121813,0.16836804,0.09919049,0.0008396857,-0.00025259596,0.00191269,0.09440694,0.45843470179653123,-0.08901432620760974,-0.6,0.0,0.0,-0.5770220069915136,0.042663758317490474,-0.027770712367918005,0.0,0.0,0.0,0.0,0.5926129457474506,0.17866566094634195,-0.33515931081473027,-1.737013307669037,0.80369335,-0.2884457,1.3637922,-0.84854454,1.9787228,-2.503742,13.493149,0.0014055362
letter_b,pid,68.5,0.4791247,0.07910748,-1.1657858,-0.00036115956,-0.0051961006,-0.9029395,0.17237946,0.09905184,0.00089254236,-0.00047310945,0.002141285,0.092417255,0.4625669563967323,-0.09190623098236235,-0.6,0.0,0.0,-0.6196776116597084,0.0409648893846537,-0.029225270515513546,0.0,0.0,0.0,0.0,0.5912980695448236,0.18364532193013522,-0.28326188676482167,-1.7394069833254848,0.62485534,-0.15565373,1.2321137,-0.7629121,1.9547844,-2.526157,12.717463,0.0013247356
letter_b,pid,68.60000000000001,0.49782228,0.07139673,-1.1656032,-0.0004682603,-0.0049596247,-0.89399326,0.17634319,0.099050984,0.0009456888,-0.0006061546,0.0023324494,0.08946186,0.46666344533519394,-0.094828758033909,-0.6,0.0,0.0,-0.6196776116594866,0.04096488938484799,-0.029225270515638446,0.0,0.0,0.0,0.0,0.5903462729573561,0.18650194475411805,-0.2743156468167707,-1.7423475780399578,0.55763155,-0.13579167,1.2089353,-0.7870953,1.9324231,-2.5469744,12.631773,0.0013158098
letter_b,pid,68.7,0.51684564,0.06355916,-1.1654185,-0.00058595586,-0.0047064153,-0.88531667,0.18025115,0.0992147,0.0009990104,-0.0007466302,0.0024914644,0.08676623,0.4707599342736553,-0.09775128508545541,-0.6,0.0,0.0,-0.6196776116594866,0.04096488938484799,-0.029225270515638446,0.0,0.0,0.0,0.0,0.5897821960060541,0.1894689619524978,-0.26563905828146184,-1.7458395957371216,0.49054596,-0.11710796,1.1856246,-0.8121866,1.9100795,-2.5677583,12.561489,0.0013084883
letter_b,pid,68.8,0.53620464,0.05561011,-1.1652325,-0.0007142868,-0.004439291,-0.87688816,0.18409237,0.099539176,0.0010525701,-0.00088663114,0.0026218542,0.0842855,0.47485642321211663,-0.10067381213700183,-0.6,0.0,0.0,-0.6196776116591662,0.04096488938487575,-0.029225270515638446,0.0,0.0,0.0,0.0,0.5896406453190197,0.19252757455055944,-0.25721054427802853,-1.7498893895077225,0.4235447,-0.09952486,1.162206,-0.83818626,1.8877391,-2.5885286,12.506614,0.0013027722
letter_b,pid,68.9,0.55590856,0.047564358,-1.1650456,-0.0008526042,-0.00416035,-0.8686899,0.18787414,0.10001735,0.0011064167,-0.0010192312,0.0027308483,0.08198373,0.4789529121505787,-0.10359633918854873,-0.6,0.0,0.0,-0.6196776116591662,0.04096488938487575,-0.029225270515638446,0.0,0.0,0.0,0.0,0.5899561675619602,0.19567116708632962,-0.24901228301704226,-1.7545025933890703,0.35655892,-0.082978085,1.1386979,-0.8651171,1.8653852,-2.6093047,12.467213,0.0012986681
letter_b,pid,69.0,0.5759655,0.039437257,-1.1648583,-0.0009998146,-0.0038714465,-0.86070687,0.19158861,0.10064369,0.0011606454,-0.0011399823,0.0028209733,0.07983205,0.4830494010890397,-0.10651886624009489,-0.6,0.0,0.0,-0.6196776116590677,0.04096488938470921,-0.029225270515513546,0.0,0.0,0.0,0.0,0.5907635240318283,0.1988838820685858,-0.24102925412843845,-1.7596837205196658,0.2895435,-0.06740359,1.1151234,-0.8929835,1.8430076,-2.6301005,12.443403,0.0012961879
letter_b,pid,69.10000000000001,0.59638155,0.031245468,-1.1646714,-0.0011545051,-0.0035744598,-0.85292643,0.19521694,0.10141202,0.0012153515,-0.0012456884,0.0028920753,0.077807054,0.4869779439676419,-0.1095726397677701,-0.6,0.0,0.0,-0.6633457630561493,0.03918111446332695,-0.03061925482731459,0.0,0.0,0.0,0.0,0.5921593545765117,0.20440379954776766,-0.18958067003024592,-1.7654849197761804,0.10850231,0.060956612,0.9813566,-0.8118977,1.818832,-2.652696,11.982673,0.001248195
letter_b,pid,69.2,0.61715895,0.023004824,-1.1644851,-0.0013070512,-0.003270917,-0.84544677,0.1987446,0.102290355,0.0012705937,-0.0012581052,0.0029490741,0.074799344,0.49089605541395387,-0.11263456525048382,-0.6,0.0,0.0,-0.6633457630561493,0.03918111446332695,-0.03061925482731459,0.0,0.0,0.0,0.0,0.594124386846407,0.2076706118883874,-0.1821010023666717,-1.771905465357094,0.041896842,0.074218065,0.95915234,-0.8430374,1.7962397,-2.673711,12.013157,0.0012513706
letter_b,pid,69.3,0.6383007,0.014730457,-1.1642998,-0.0014581988,-0.0029620233,-0.83824253,0.20217304,0.1033032,0.0013263926,-0.0012758309,0.002994773,0.072046265,0.4948141668602656,-0.1156964907331973,-0.6,0.0,0.0,-0.6633457630558056,0.039181114463354705,-0.03061925482731459,0.0,0.0,0.0,0.0,0.5966857587031332,0.21095817403646433,-0.1748967677669483,-1.7789428098395053,-0.024649216,0.0866066,0.93714744,-0.8751901,1.7735833,-2.694797,12.059839,0.0012562332
letter_b,pid,69.4,0.6598088,0.00643837,-1.1641159,-0.0016083741,-0.0026489329,-0.8312921,0.2054934,0.104449034,0.0013828011,-0.001295881,0.0030295507,0.06950819,0.49873227830657824,-0.11875841621591154,-0.6,0.0,0.0,-0.6633457630561493,0.03918111446332695,-0.03061925482731459,0.0,0.0,0.0,0.0,0.5998721871349812,0.21425483157124323,-0.16794632974399104,-1.786593069467657,-0.09118489,0.098205455,0.9153648,-0.9083442,1.7508343,-2.7159836,12.122929,0.0012628051
letter_b,pid,69.5,0.6816829,-0.001856044,-1.1639336,-0.0017571142,-0.0023327172,-0.82457733,0.2086978,0.105706446,0.0014398544,-0.0013095316,0.003054154,0.067152545,0.50265038975289,-0.121820341698625,-0.6,0.0,0.0,-0.6633457630563424,0.039181114463160416,-0.03061925482719663,0.0,0.0,0.0,0.0,0.6037095422187131,0.2175377556344576,-0.16123156848662634,-1.7947318368362692,-0.15775381,0.10906622,0.8938049,-0.9424925,1.727999,-2.7372675,12.202575,0.0012711016
letter_b,pid,69.60000000000001,0.7038429,-0.010117516,-1.1637534,-0.0018890938,-0.002029239,-0.81808317,0.21110104,0.10662492,0.0014981392,-0.0011683055,0.0029206686,0.0649466,0.5065510510587167,-0.12489471650279219,-0.6,0.0,0.0,-0.7080779271944854,0.0373161306989056,-0.0319497760576104,0.0,0.0,0.0,0.0,0.608207000925178,0.22227547459145566,-0.11000523988162547,-1.803195437583101,-0.33999968,0.2347201,0.75871205,-0.8639916,1.7046889,-2.759037,12.011068,0.001251153
letter_b,pid,69.7,0.7260997,-0.018286627,-1.1635749,-0.001965159,-0.001770183,-0.811909,0.21177699,0.10659017,0.0015555467,-0.00063536636,0.0024739201,0.061746016,0.5102826641285859,-0.12808969410853455,-0.6,0.0,0.0,-0.7080779271944265,0.037316130699072136,-0.03194977605774918,0.0,0.0,0.0,0.0,0.6133925542056452,0.22278313613084177,-0.10383109275262546,-1.8117771477885733,-0.40308967,0.24244761,0.73796844,-0.8986105,1.6850214,-2.7771792,12.125382,0.0012630606
letter_b,pid,69.8,0.74820936,-0.026294842,-1.1633979,-0.0019539827,-0.0015888711,-0.8060293,0.21025044,0.10531959,0.0016053531,0.00021584626,0.0016975681,0.058800768,0.5140142771984546,-0.13128467171427635,-0.6,0.0,0.0,-0.7080779271944854,0.0373161306989056,-0.0319497760576104,0.0,0.0,0.0,0.0,0.6191020939791748,0.22079793982474546,-0.09795139256869823,-1.8203707050016655,-0.46279803,0.2484689,0.71678585,-0.931115,1.6686062,-2.7921026,12.236759,0.0012746624
letter_b,pid,69.9,0.76996326,-0.034085967,-1.1632214,-0.0018398392,-0.0015021297,-0.8004213,0.20683618,0.1030176,0.0016382387,0.0012305396,0.0007578328,0.056081686,0.5177458902683242,-0.13447964932001896,-0.6,0.0,0.0,-0.7080779271942119,0.037316130699072136,-0.0319497760577353,0.0,0.0,0.0,0.0,0.6252285941048026,0.2166931534060206,-0.0923433703559895,-1.8288695452530137,-0.5189786,0.2531241,0.6954233,-0.96127784,1.6551381,-2.8041348,12.343733,0.0012858056
letter_b,pid,70.0,0.7911805,-0.041611858,-1.1630447,-0.0016186145,-0.0015161477,-0.7950649,0.20176964,0.099851795,0.0016474673,0.0022927062,-0.00023872784,0.05356326,0.5214775033381928,-0.13767462692576077,-0.6,0.0,0.0,-0.7080779271945443,0.03731613069873907,-0.031949776057471624,0.0,0.0,0.0,0.0,0.6316542421166405,0.21075892214628883,-0.08698699895291662,-1.8371771764966451,-0.5714732,0.2567098,0.67410684,-0.98887026,1.6443373,-2.8135734,12.444806,0.0012963341
letter_b,pid,70.10000000000001,0.8117069,-0.048834167,-1.1628677,-0.0012947003,-0.0016289643,-0.78994244,0.19529693,0.09596393,0.0016287179,0.0033168073,-0.0012110781,0.051222958,0.5252091164080623,-0.14086960453150338,-0.6,0.0,0.0,-0.7080779271944854,0.0373161306989056,-0.0319497760576104,0.0,0.0,0.0,0.0,0.6382566181866443,0.20327936930288776,-0.08186451617633372,-1.845205989210157,-0.6202085,0.25947082,0.65301716,-1.0137548,1.6359134,-2.8207204,12.53879,0.0013061239
letter_b,pid,70.2,0.83141255,-0.055723537,-1.162691,-0.00087842427,-0.0018329433,-0.78503805,0.18764406,0.09147649,0.001580007,0.0042426507,-0.0021032845,0.04904083,0.5288930231972085,-0.1440956351305203,-0.6,0.0,0.0,-0.7539200994430192,0.035373803555061034,-0.033214076497950495,0.0,0.0,0.0,0.0,0.6449409681536513,0.1968158194504453,-0.031117954546391213,-1.8529241311174034,-0.7847226,0.3802059,0.51592267,-0.9204394,1.628109,-2.8273456,12.5183525,0.0013039951
letter_b,pid,70.3,0.850185,-0.062259804,-1.1625156,-0.0003753337,-0.002116909,-0.7804524,0.1789937,0.08645711,0.001501271,0.005114958,-0.0028799376,0.045854364,0.532430403552705,-0.14741704278030857,-0.6,0.0,0.0,-0.7539200994438483,0.03537380355528308,-0.03321407649821417,0.0,0.0,0.0,0.0,0.6516468136620513,0.18694951759359715,-0.02653227119976742,-1.8604509220793148,-0.82531416,0.3813075,0.497183,-0.94118965,1.6234747,-2.8309054,12.609263,0.0013134648
letter_b,pid,70.4,0.8679308,-0.068430744,-1.1623435,0.00019704578,-0.0024678735,-0.7761597,0.16952302,0.081008814,0.0013936937,0.005814667,-0.003525756,0.042925183,0.5359677839082024,-0.15073845043009765,-0.6,0.0,0.0,-0.753920099443121,0.035373803555172056,-0.03321407649806152,0.0,0.0,0.0,0.0,0.6581825251907488,0.1761954092932012,-0.02223960428841587,-1.8679475898485483,-0.86189294,0.38200462,0.4792801,-0.95916843,1.6204752,-2.8329463,12.690025,0.0013218777
letter_b,pid,70.5,0.88457334,-0.07423108,-1.1621766,0.0008209813,-0.0028718922,-0.7721377,0.15940015,0.075196736,0.00125978,0.006338612,-0.0040322617,0.040220592,0.5395051642636989,-0.15405985807988593,-0.6,0.0,0.0,-0.7539200994433854,0.03537380355500552,-0.03321407649792274,0.0,0.0,0.0,0.0,0.6644450463659178,0.16473319602942313,-0.018217602067997607,-1.8749630111603866,-0.8945168,0.38240242,0.46224555,-0.97436,1.6189284,-2.8336577,12.759986,0.0013291653
letter_b,pid,70.60000000000001,0.90005076,-0.0796614,-1.162018,0.0014793476,-0.0033150031,-0.76836675,0.14877306,0.0690781,0.0011027991,0.006691961,-0.0044001495,0.037713036,0.5430425446191963,-0.15738126572967504,-0.6,0.0,0.0,-0.7539200994430653,0.03537380355533859,-0.03321407649821417,0.0,0.0,0.0,0.0,0.6703427552865928,0.15272294288811736,-0.014446654611957932,-1.8814326507365042,-0.9232511,0.38258338,0.4460956,-0.9867633,1.6186838,-2.8332024,12.818639,0.0013352749
letter_b,pid,70.7,0.9143151,-0.08472811,-1.1618704,0.0021562688,-0.0037836162,-0.7648295,0.13778315,0.06270123,0.00092647487,0.0068864706,-0.0046337973,0.03537913,0.5465799249746931,-0.16070267337946356,-0.6,0.0,0.0,-0.7539200994435938,0.03537380355500552,-0.03321407649793662,0.0,0.0,0.0,0.0,0.6757955303750117,0.1403149319634646,-0.010909416967233798,-1.8872980033864026,-0.94818157,0.38260332,0.43082598,-0.99640423,1.6196158,-2.831716,12.865637,0.0013401704
letter_b,pid,70.8,0.92732793,-0.08944051,-1.161737,0.0028376237,-0.0042657633,-0.7615106,0.12652078,0.056104064,0.00073470845,0.006939125,-0.004749896,0.033199,0.5500371510359027,-0.16407161975747095,-0.6,0.0,0.0,-0.800911344961826,0.03335815880173287,-0.03440953569301686,0.0,0.0,0.0,0.0,0.6807837786198387,0.1298942878535382,0.039400734381381704,-1.892571143747927,-1.0923918,0.5042233,0.2967037,-0.88487226,1.620109,-2.8308253,12.956918,0.0013496791
letter_b,pid,70.9,0.93905795,-0.09381168,-1.1616207,0.0035195698,-0.0047502057,-0.758514,0.115067184,0.049302638,0.0005314003,0.0069472883,-0.00475937,0.029979771,0.55337296691606,-0.16751257332675165,-0.6,0.0,0.0,-0.8009113449616245,0.03335815880173287,-0.03440953569300298,0.0,0.0,0.0,0.0,0.685275547261064,0.11698023394606397,0.04239735789726296,-1.8972094034598184,-1.1096444,0.5037425,0.28436714,-0.89026904,1.6229787,-2.8277245,12.988596,0.0013529789
letter_b,pid,71.0,0.9494848,-0.097857125,-1.1615247,0.004189185,-0.0052276254,-0.75581604,0.10351379,0.042357463,0.0003202101,0.0068243076,-0.004679216,0.026995443,0.5567087827962165,-0.17095352689603147,-0.6,0.0,0.0,-0.8009113449607929,0.033358158801788385,-0.03440953569300298,0.0,0.0,0.0,0.0,0.6891487791506195,0.10399561324475301,0.04509530253754456,-1.9011761335394488,-1.1230837,0.50313663,0.2731537,-0.8931008,1.626764,-2.8238854,13.007396,0.0013549371
letter_b,pid,71.10000000000001,0.95859456,-0.10159297,-1.1614513,0.0048357504,-0.0056904885,-0.75339603,0.09191889,0.035296723,0.00010482498,0.0065921647,-0.004527214,0.02421901,0.5600445986763738,-0.17439448046531214,-0.6,0.0,0.0,-0.8009113449607929,0.033358158801788385,-0.03440953569300298,0.0,0.0,0.0,0.0,0.6923653215973019,0.09104028301811434,0.04751531072007021,-1.9044433712623925,-1.1327823,0.5024227,0.26301327,-0.89337295,1.631431,-2.8193507,13.013222,0.0013555437
letter_b,pid,71.2,0.96637887,-0.1050354,-1.1614031,0.005450625,-0.0061329654,-0.75123537,0.08032821,0.028145833,-0.000111346424,0.006271698,-0.004320233,0.02162788,0.5633804145565307,-0.17783543403459223,-0.6,0.0,0.0,-0.8009113449604407,0.03335815880167736,-0.0344095356928642,0.0,0.0,0.0,0.0,0.6948963905431738,0.07822641730349418,0.04967597909282595,-1.906994974174134,-1.1388066,0.5016128,0.25389588,-0.8910897,1.6369605,-2.8141456,13.006055,0.0013547974
letter_b,pid,71.3,0.9728355,-0.10820168,-1.1613821,0.0060271006,-0.0065503134,-0.7493172,0.06879927,0.020927101,-0.0003251792,0.0058823903,-0.0040688734,0.019203037,0.5667162304366872,-0.18127638760387207,-0.6,0.0,0.0,-0.8009113449607929,0.033358158801788385,-0.03440953569300298,0.0,0.0,0.0,0.0,0.6967227548256553,0.06571393810156094,0.05159411616669495,-1.9088250226026156,-1.141246,0.50070584,0.24574207,-0.88628215,1.6433392,-2.8082907,12.9860935,0.0013527181
letter_b,pid,71.4,0.97796714,-0.11111002,-1.1613896,0.0065603307,-0.006938879,-0.74762666,0.057379503,0.013657084,-0.00053375243,0.0054430417,-0.0037836942,0.01692836,0.5699374441207254,-0.18477913601332663,-0.6,0.0,0.0,-0.8490821713730601,0.03127337417024867,-0.03553367587064149,0.0,0.0,0.0,0.0,0.6979066164900944,0.05569152246457966,0.10145550911872658,-1.910005738223615,-1.2665222,0.62439966,0.11558111,-0.7577036,1.6489754,-2.8033779,13.159473,0.0013707784
letter_b,pid,71.5,0.981779,-0.113780804,-1.1614269,0.0070562027,-0.0072946786,-0.74627054,0.046107538,0.006327125,-0.0007344358,0.0050528157,-0.003468958,0.013584091,0.5730647815377297,-0.18833250360036985,-0.6,0.0,0.0,-0.8490821713741341,0.03127337417019316,-0.03553367587065537,0.0,0.0,0.0,0.0,0.6984306819250987,0.04441754658642331,0.1028116339977303,-1.9105712117917697,-1.2618653,0.62294763,0.11032778,-0.7492454,1.6568781,-2.7963986,13.118999,0.0013665626
letter_b,pid,71.60000000000001,0.984282,-0.116233796,-1.1614945,0.007510387,-0.007615947,-0.74522704,0.035025388,-0.0010239003,-0.0009249168,0.004617961,-0.0031389776,0.0104570445,0.5761921189547341,-0.19188587118741335,-0.6,0.0,0.0,-0.8490821713737466,0.03127337417019316,-0.03553367587062761,0.0,0.0,0.0,0.0,0.6982382597634393,0.034725461633950065,0.10385513251342561,-1.9106255070689993,-1.25365,0.62122625,0.10616677,-0.73859054,1.6655917,-2.7888055,13.065979,0.0013610395
letter_b,pid,71.7,0.9854906,-0.1184882,-1.1615927,0.007919967,-0.007901793,-0.74447656,0.024162414,-0.008380769,-0.0011030618,0.0041529634,-0.002802018,0.00752611,0.5793194563717385,-0.19543923877445685,-0.6,0.0,0.0,-0.8490821713735704,0.031273374170082135,-0.035533675870488834,0.0,0.0,0.0,0.0,0.6973398468292789,0.028090262860501453,0.10460561459561635,-1.910430964036128,-1.2419705,0.6192122,0.103006355,-0.72576475,1.6751264,-2.780584,13.000956,0.0013542663
letter_b,pid,71.8,0.9854226,-0.12056322,-1.1617212,0.008283321,-0.008151943,-0.74400115,0.013549371,-0.015731798,-0.0012670452,0.0036711018,-0.0024637608,0.0047735563,0.5824467937887424,-0.1989926063614998,-0.6,0.0,0.0,-0.8490821713730601,0.03127337417024867,-0.03553367587064149,0.0,0.0,0.0,0.0,0.6957524116892531,0.02660563945384501,0.1050810212418345,-1.9102590412322515,-1.2269272,0.61687416,0.10075051,-0.71080345,1.6854969,-2.771711,12.924559,0.0013463082
letter_b,pid,71.9,0.9840974,-0.12247627,-1.1618792,0.0085997945,-0.008367096,-0.7437845,0.0031927044,-0.02306274,-0.001415307,0.0031824,-0.002133512,0.002184534,0.5855741312057472,-0.20254597394854357,-0.6,0.0,0.0,-0.8490821713737466,0.03127337417019316,-0.03553367587062761,0.0,0.0,0.0,0.0,0.6934985110132702,0.03075794794862997,0.1052976841262796,-1.9099185371335505,-1.2085909,0.6141907,0.099317744,-0.6937179,1.6967219,-2.7621565,12.837404,0.0013372296
letter_b,pid,72.0,0.98153526,-0.12424229,-1.1620657,0.0088694915,-0.008548922,-0.74381137,-0.0069132783,-0.030358603,-0.0015465555,0.0026947157,-0.0018205069,-0.00025347815,0.5885506192560744,-0.20617306021686124,-0.6,0.0,0.0,-0.898452763672047,0.029123770695083095,-0.03658416707881529,0.0,0.0,0.0,0.0,0.6907007142326369,0.03660352955901462,0.15464139472978622,-1.9091743361421272,-1.3166296,0.7388675,-0.027427621,-0.5503346,1.7071781,-2.7535336,13.079464,0.0013624443
letter_b,pid,72.10000000000001,0.97775584,-0.12587605,-1.1622794,0.009102676,-0.008697916,-0.74419147,-0.016768223,-0.03762949,-0.0016597302,0.0022993507,-0.0015235903,-0.0037872028,0.5914629963255649,-0.20983147692472157,-0.6,0.0,0.0,-0.898452763672047,0.029123770695083095,-0.03658416707881529,0.0,0.0,0.0,0.0,0.6873345362262778,0.04593389225248912,0.15426129591005355,-1.9078907886000809,-1.2917031,0.73509276,-0.026266642,-0.53034365,1.7200037,-2.7426882,12.971563,0.0013512046
letter_b,pid,72.2,0.97278297,-0.12738982,-1.1625185,0.009297868,-0.00881645,-0.7449029,-0.026347939,-0.04483856,-0.0017538874,0.0018900434,-0.0012500478,-0.0071032923,0.5943753733950548,-0.21348989363258097,-0.6,0.0,0.0,-0.8984527636716862,0.029123770694972073,-0.036584167078648755,0.0,0.0,0.0,0.0,0.6833978314312961,0.05610990708608463,0.15354985486965378,-1.906025477503762,-1.2634586,0.73076785,-0.024175113,-0.5085156,1.7336763,-2.7311282,12.854216,0.0013389811
letter_b,pid,72.3,0.9666436,-0.12879539,-1.1627811,0.009454141,-0.008906739,-0.7459233,-0.03562767,-0.05197168,-0.0018283504,0.0014727728,-0.0009977125,-0.010194169,0.5972877504645449,-0.21714831034044096,-0.6,0.0,0.0,-0.8984527636731514,0.029123770695138607,-0.036584167078967944,0.0,0.0,0.0,0.0,0.6789348646516226,0.06657978379740856,0.15252948295720903,-1.903570540850085,-1.2320322,0.72588515,-0.021281095,-0.4848659,1.748191,-2.7188408,12.728628,0.0013258988
letter_b,pid,72.4,0.9593642,-0.13010201,-1.1630648,0.009571203,-0.008971648,-0.7472296,-0.044620335,-0.059018515,-0.0018826803,0.0010542691,-0.00077256537,-0.013055793,0.6002001275340354,-0.2208067270483013,-0.6,0.0,0.0,-0.8984527636712939,0.02912377069524963,-0.036584167078967944,0.0,0.0,0.0,0.0,0.6739941918856283,0.07710406989273587,0.15122318756045405,-1.9005318264420052,-1.1975143,0.72044605,-0.017701576,-0.45936662,1.7635648,-2.7057898,12.595874,0.0013120702
letter_b,pid,72.5,0.95097196,-0.13131684,-1.1633675,0.00964927,-0.009014315,-0.74879885,-0.053332034,-0.065967225,-0.0019166253,0.0006398824,-0.0005768342,-0.015687285,0.6031125046035251,-0.2244651437561607,-0.6,0.0,0.0,-0.898452763672047,0.029123770695083095,-0.03658416707881529,0.0,0.0,0.0,0.0,0.6686297622276837,0.08755568130247071,0.14965391647356066,-1.8969212170548488,-1.1600022,0.71445453,-0.013547126,-0.4320006,1.7798104,-2.6919453,12.457153,0.0012976202
letter_b,pid,72.60000000000001,0.9414952,-0.13244572,-1.1636864,0.009688979,-0.009037792,-0.75060827,-0.06175941,-0.07280528,-0.001930098,0.0002339846,-0.00040934168,-0.01809059,0.6058361944374335,-0.2282067774701888,-0.6,0.0,0.0,-0.949031130600302,0.026913803757855348,-0.037558832014214505,0.0,0.0,0.0,0.0,0.6630079078144229,0.09544095460912859,0.19842286520036911,-1.8928236766064837,-1.2524911,0.8386924,-0.13814022,-0.27565846,1.7952296,-2.6789849,12.767018,0.0013298979
letter_b,pid,72.7,0.9309612,-0.13349473,-1.164019,0.00970113,-0.009043223,-0.75276214,-0.069904305,-0.07954402,-0.0019231847,-7.315417e-05,-0.0002629953,-0.021536471,0.6085275748131934,-0.23196266067157345,-0.6,0.0,0.0,-0.9490311306003594,0.026913803757633303,-0.037558832013909194,0.0,0.0,0.0,0.0,0.657097244868345,0.10554715091376071,0.196268991756823,-1.8882497310031867,-1.2091142,0.83120316,-0.13200104,-0.24590999,1.813083,-2.6636283,12.612938,0.0013138478
letter_b,pid,72.8,0.9194012,-0.13446683,-1.1643624,0.009683884,-0.009033618,-0.7552281,-0.077747315,-0.086147666,-0.0018958834,-0.0003954592,-0.00014316197,-0.024658453,0.611218955188954,-0.23571854387295876,-0.6,0.0,0.0,-0.9490311305993542,0.026913803757799837,-0.03755883201406185,0.0,0.0,0.0,0.0,0.6509479063390647,0.11540545469991591,0.19380302839217034,-1.8832065942556022,-1.1628474,0.8230063,-0.1253031,-0.21453798,1.8317626,-2.6474621,12.45569,0.0012974677
letter_b,pid,72.9,0.9068661,-0.1353731,-1.1647137,0.00963409,-0.009007437,-0.7579744,-0.08508633,-0.09254347,-0.0018486537,-0.000746026,-4.136297e-06,-0.027462939,0.6139103355647146,-0.23947442707434433,-0.6,0.0,0.0,-0.9490311306003307,0.026913803757744326,-0.03755883201406185,0.0,0.0,0.0,0.0,0.6446407985515612,0.12478284271539089,0.19105674438512077,-1.877702547618913,-1.1140888,0.81412345,-0.11818151,-0.18178378,1.8510786,-2.6306553,12.297842,0.0012810251
letter_b,pid,73.0,0.8934482,-0.1362452,-1.1650693,0.00954568,-0.008954428,-0.7609701,-0.09147777,-0.09859693,-0.0017826093,-0.001153927,0.00024146946,-0.02995943,0.6166017159404746,-0.243230310275729,-0.6,0.0,0.0,-0.949031130600477,0.026913803757855348,-0.03755883201422838,0.0,0.0,0.0,0.0,0.63827355793638,0.13321182793823175,0.18806101493885585,-1.8717754196930476,-1.0635945,0.8045571,-0.11079082,-0.14824656,1.8706217,-2.6135938,12.142895,0.001264885
letter_b,pid,73.10000000000001,0.8792661,-0.13712811,-1.1654253,0.009412013,-0.008861507,-0.7641856,-0.09664134,-0.10421783,-0.001700092,-0.0016245944,0.0006222422,-0.032161415,0.6192917713162907,-0.24698671793238972,-0.6,0.0,0.0,-0.989965277292318,0.025118428832626716,-0.03826946891183347,0.0,0.0,0.0,0.0,0.6319504142898197,0.13848291389283363,0.2257796698589989,-1.8655406003441946,-1.1191349,0.89984083,-0.20814134,-0.011152757,1.8890357,-2.5976124,12.42167,0.001293924
letter_b,pid,73.2,0.8644495,-0.13807338,-1.1657777,0.009235242,-0.008715579,-0.76769555,-0.10045424,-0.10936758,-0.0016044301,-0.0020787348,0.0011288819,-0.035109982,0.6217565767015006,-0.25083228298581683,-0.6,0.0,0.0,-1.0008112339317572,0.024648053852160956,-0.03845565053434141,0.0,0.0,0.0,0.0,0.6258744375067192,0.1438111957146611,0.23311568778154967,-1.8590780210410447,-1.0952306,0.9164986,-0.22752535,0.048793375,1.9078108,-2.581201,12.39599,0.0012912491
letter_b,pid,73.3,0.8491334,-0.13913508,-1.1661226,0.009011468,-0.0085077295,-0.77149075,-0.10285444,-0.11402499,-0.0014991371,-0.002568516,0.0017279339,-0.03796788,0.6242213820867112,-0.25467784803924454,-0.6,0.0,0.0,-1.0008112339327013,0.024648053852216467,-0.038455650534507946,0.0,0.0,0.0,0.0,0.620024421499584,0.14822232569808952,0.22932048123571036,-1.8524597527260507,-1.0423695,0.90406984,-0.21899785,0.080698155,1.9265769,-2.5647116,12.247792,0.0012758117
letter_b,pid,73.4,0.83344984,-0.14036372,-1.1664562,0.008736353,-0.008233871,-0.7755343,-0.10388929,-0.11817125,-0.001388173,-0.003095157,0.002374097,-0.040457334,0.6266861874719216,-0.2585234130926723,-0.6,0.0,0.0,-1.0008112339317572,0.024648053852160956,-0.03845565053434141,0.0,0.0,0.0,0.0,0.6144799204477871,0.1512559157856274,0.2252769617378485,-1.845756792183556,-0.98935795,0.89063,-0.21062768,0.11189972,1.9449478,-2.5485146,12.106686,0.0012611131
letter_b,pid,73.5,0.81752795,-0.14180142,-1.1667755,0.00840636,-0.007893983,-0.77979183,-0.10364731,-0.12175045,-0.0012753948,-0.0036504949,0.0030268217,-0.042602025,0.6291509928571319,-0.2623689781460997,-0.6,0.0,0.0,-1.0008112339323734,0.024648053852216467,-0.03845565053448019,0.0,0.0,0.0,0.0,0.6093084953297984,0.15296846088069344,0.22101940196215852,-1.8390403677189104,-0.93643844,0.8762475,-0.20249179,0.1423009,1.9628339,-2.532688,11.973204,0.0012472087
letter_b,pid,73.60000000000001,0.80148894,-0.14348093,-1.1670774,0.008019557,-0.007491916,-0.7842315,-0.10225843,-0.12473192,-0.0011642624,-0.004218483,0.0036473328,-0.044427335,0.6316157982423427,-0.2662145431995278,-0.6,0.0,0.0,-1.0008112339327013,0.024648053852216467,-0.038455650534507946,0.0,0.0,0.0,0.0,0.6045636659800877,0.15346076262721878,0.2165797499963915,-1.8323799095306892,-0.8837926,0.8609958,-0.19464752,0.17185074,1.980197,-2.5172584,11.847593,0.0012341244
letter_b,pid,73.7,0.78544116,-0.1454239,-1.16736,0.007576191,-0.00703539,-0.788824,-0.099902764,-0.12710987,-0.0010576006,-0.004777732,0.004196824,-0.045959342,0.6340440219944838,-0.27007301004209594,-0.6,0.0,0.0,-1.0537711955804383,0.02233121709099839,-0.03927276384643741,0.0,0.0,0.0,0.0,0.6002964299855442,0.15052448942275298,0.26494717376418464,-1.825911546415613,-0.9702104,0.9815248,-0.3227753,0.33408976,1.9956462,-2.5036106,12.371168,0.0012886634
letter_b,pid,73.8,0.769473,-0.1476402,-1.1676215,0.0070889792,-0.006534342,-0.7936755,-0.09681532,-0.12892683,-0.0009573742,-0.0052134334,0.004642788,-0.048549972,0.6362771437035916,-0.2740002864267496,-0.6,0.0,0.0,-1.0537711955787417,0.022331217091275946,-0.039272763846770475,0.0,0.0,0.0,0.0,0.5965753699209073,0.14911292589172126,0.2600957133056398,-1.8196801492675485,-0.918069,0.96426517,-0.31448132,0.36067748,2.011988,-2.4889314,12.244519,0.0012754708
letter_b,pid,73.9,0.75365293,-0.15012416,-1.1678611,0.0065599126,-0.0060040853,-0.7987466,-0.09323979,-0.13021486,-0.0008637635,-0.0056220265,0.004942957,-0.050746307,0.6385102654126996,-0.27792756281140396,-0.6,0.0,0.0,-1.0537711955796738,0.0223312170910539,-0.039272763846465164,0.0,0.0,0.0,0.0,0.5933445675700633,0.14706416325998606,0.25502460973372654,-1.813723591122016,-0.86601937,0.9461735,-0.30633765,0.3864918,2.0280292,-2.4744067,12.124044,0.0012629213
letter_b,pid,74.0,0.73802394,-0.15285696,-1.1680785,0.0059947106,-0.00546248,-0.8040015,-0.08946013,-0.13105103,-0.0007769819,-0.0059675295,0.005071233,-0.05258254,0.6407433871218071,-0.28185483919605736,-0.6,0.0,0.0,-1.05377119557981,0.022331217091220434,-0.039272763846770475,0.0,0.0,0.0,0.0,0.5906074733236125,0.14464148488841935,0.2497696854365299,-1.8080671047670709,-0.8139347,0.9273362,-0.29838952,0.4117911,2.0439835,-2.4598224,12.009645,0.0012510046
letter_b,pid,74.10000000000001,0.7226045,-0.15580992,-1.1682738,0.005402609,-0.0049282718,-0.8094078,-0.085728794,-0.1315364,-0.000696302,-0.006216328,0.0050178994,-0.054092526,0.6429765088309151,-0.2857821155807117,-0.6,0.0,0.0,-1.05377119557981,0.022331217091220434,-0.039272763846770475,0.0,0.0,0.0,0.0,0.5883608662149102,0.1420916198135095,0.2443634249461124,-1.802724322104387,-0.76166934,0.9078118,-0.29069307,0.43683553,2.060097,-2.4449294,11.90127,0.0012397156
letter_b,pid,74.2,0.7073881,-0.1589447,-1.1684476,0.004795593,-0.00442054,-0.81493604,-0.08229761,-0.1317811,-0.00062029593,-0.006342605,0.0047785807,-0.055308715,0.6452096305400227,-0.2897093919653654,-0.6,0.0,0.0,-1.05377119557981,0.022331217091220434,-0.039272763846770475,0.0,0.0,0.0,0.0,0.5865988899067198,0.13966162087515144,0.2388351537478397,-1.797696487050686,-0.70901895,0.88765216,-0.28329584,0.46192908,2.0766442,-2.4294543,11.798968,0.0012290593
letter_b,pid,74.3,0.69234484,-0.16221508,-1.1686007,0.0041876677,-0.0039577275,-0.8205601,-0.07939187,-0.13190325,-0.00054704014,-0.006327867,0.004358367,-0.05626165,0.6473695092983793,-0.2936594711974665,-0.6,0.0,0.0,-1.1078716998736777,0.019968095472611136,-0.0400084783587773,0.0,0.0,0.0,0.0,0.585326523623805,0.13534160375941795,0.28731160217928076,-1.793045280299993,-0.7974963,1.0064272,-0.41479418,0.623725,2.0924249,-2.4145963,12.418501,0.0012935939
letter_b,pid,74.4,0.6774226,-0.16556777,-1.168734,0.003602978,-0.003555915,-0.8263919,-0.07722062,-0.1320226,-0.00047449186,-0.0060777017,0.003773876,-0.05833376,0.6493663188456302,-0.29766031903331913,-0.6,0.0,0.0,-1.1078716998728482,0.019968095472555625,-0.04000847835858301,0.0,0.0,0.0,0.0,0.584545897459536,0.13383747864906617,0.2814798241289822,-1.7887353777973187,-0.7430854,0.98456186,-0.40700984,0.6484863,2.1105685,-2.397226,12.308922,0.0012821794
letter_b,pid,74.5,0.66255516,-0.16894071,-1.1688485,0.00305166,-0.0032308146,-0.8323933,-0.07592779,-0.13220392,-0.00039991378,-0.0057265875,0.0030347547,-0.0600253,0.6513631283928805,-0.3016611668691707,-0.6,0.0,0.0,-1.1078716998745113,0.019968095472555625,-0.040008478358749544,0.0,0.0,0.0,0.0,0.5842333559759367,0.1330269893078439,0.2754784112621456,-1.7847233270056868,-0.6873308,0.961992,-0.39943588,0.6740971,2.1298661,-2.378552,12.2056465,0.0012714216
letter_b,pid,74.60000000000001,0.6476689,-0.17226629,-1.1689457,0.0025420722,-0.0029948226,-0.83853006,-0.075609215,-0.13247691,-0.00032226724,-0.005294145,0.0021726377,-0.061374184,0.6533599379401314,-0.3056620147050233,-0.6,0.0,0.0,-1.1078716998725668,0.019968095472666647,-0.0400084783587773,0.0,0.0,0.0,0.0,0.5844022441522047,0.13298698087892782,0.26934163624341645,-1.7809538532113944,-0.6300424,0.9388531,-0.39205608,0.7008668,2.150417,-2.3584814,12.110049,0.0012614635
letter_b,pid,74.7,0.63270247,-0.17548217,-1.1690264,0.0020785634,-0.0028530292,-0.8447713,-0.07614563,-0.13280016,-0.00024126079,-0.004822,0.0012592725,-0.06241561,0.6553567474873816,-0.30966286254087494,-0.6,0.0,0.0,-1.1078716998745113,0.019968095472555625,-0.040008478358749544,0.0,0.0,0.0,0.0,0.5850715256343505,0.13359716427116092,0.26310037428628497,-1.7773783859304777,-0.57127655,0.91531724,-0.38481152,0.7288522,2.172101,-2.3371408,12.023718,0.0012524707
letter_b,pid,74.8,0.6176066,-0.1785312,-1.1690918,0.00166225,-0.0028051832,-0.85108954,-0.077422574,-0.13313341,-0.00015712203,-0.0043433965,0.00034713218,-0.06318305,0.6573535570346323,-0.3136637103767272,-0.6,0.0,0.0,-1.1078716998734004,0.019968095472611136,-0.040008478358749544,0.0,0.0,0.0,0.0,0.586264546099507,0.13474873051214487,0.2567821627296931,-1.7739548111558145,-0.5111001,0.8915459,-0.3776398,0.75808555,2.1947892,-2.3146696,11.948178,0.0012446019
letter_b,pid,74.9,0.60234374,-0.1813629,-1.1691432,0.0012918594,-0.0028468526,-0.85746044,-0.07931393,-0.13344242,-7.0333386e-05,-0.003882621,-0.0005225949,-0.06370784,0.6592392810993625,-0.3176947163854749,-0.6,0.0,0.0,-1.1630547263038895,0.01756358692683868,-0.04066126918964019,0.0,0.0,0.0,0.0,0.5880029334667123,0.1341402209795633,0.30559428709871983,-1.7707238731858117,-0.5942478,1.0100454,-0.51176757,0.92756516,2.2167888,-2.2927709,12.666555,0.001319433
letter_b,pid,75.0,0.58688354,-0.18393192,-1.169182,0.0009740547,-0.0029706722,-0.8640007,-0.08173932,-0.1337178,1.8483577e-05,-0.0033642382,-0.0013226838,-0.065400556,0.6609956397920433,-0.3217608433044297,-0.6,0.0,0.0,-1.163054726303641,0.01756358692683868,-0.04066126918961244,0.0,0.0,0.0,0.0,0.590302888112662,0.13609036269519623,0.2990540482412021,-1.7676430865327746,-0.5312226,0.9856071,-0.50348175,0.95786625,2.2410288,-2.2685285,12.593052,0.0013117762
letter_b,pid,75.10000000000001,0.5712076,-0.1861964,-1.1692092,0.0007008415,-0.0031685836,-0.870673,-0.08458014,-0.13391282,0.00010937419,-0.0029303436,-0.0020441047,-0.06672075,0.6627519984847245,-0.32582697022338514,-0.6,0.0,0.0,-1.163054726303641,0.01756358692683868,-0.04066126918961244,0.0,0.0,0.0,0.0,0.5931915683017269,0.13830836443889483,0.2923817254911105,-1.7646808655456898,-0.46683803,0.9610776,-0.49497527,0.9892148,2.2658827,-2.243578,12.53302,0.001305523
letter_b,pid,75.2,0.5553043,-0.18811882,-1.1692263,0.00046448602,-0.0034317442,-0.87744445,-0.08776499,-0.13400866,0.00020143026,-0.0025781135,-0.0026790625,-0.06771224,0.6645083571774053,-0.32989309714233994,-0.6,0.0,0.0,-1.1630547263034199,0.017563586927005215,-0.04066126918997326,0.0,0.0,0.0,0.0,0.5966942628761703,0.14074049143828007,0.2856102802165363,-1.7618139020089199,-0.40119705,0.9365843,-0.4862332,1.0216204,2.2912493,-2.2180324,12.487771,0.0013008096
letter_b,pid,75.3,0.5391673,-0.18966882,-1.1692344,0.00025862784,-0.0037507154,-0.8842862,-0.09121315,-0.1340173,0.0002939009,-0.0022933737,-0.003221492,-0.068415925,0.6662647158700861,-0.33395922406129475,-0.6,0.0,0.0,-1.163054726303641,0.01756358692683868,-0.04066126918961244,0.0,0.0,0.0,0.0,0.6008338158994285,0.1433450886034716,0.2787685014615695,-1.7590250629501594,-0.33442277,0.91219926,-0.47727865,1.0550551,2.317075,-2.1919582,12.4584,0.0012977499
letter_b,pid,75.4,0.52279365,-0.19082163,-1.1692348,7.812386e-05,-0.004116287,-0.89117324,-0.094865955,-0.13395122,0.0003862274,-0.0020633521,-0.003673527,-0.06886888,0.6680210745627669,-0.33802535098024955,-0.6,0.0,0.0,-1.1630547263033926,0.01756358692683868,-0.04066126918958468,0.0,0.0,0.0,0.0,0.6056303682578328,0.1460943719407179,0.27188148278074853,-1.7563844613750845,-0.26661187,0.8879826,-0.46813247,1.0895032,2.343322,-2.1654038,12.445892,0.0012964471
letter_b,pid,75.5,0.50618106,-0.19155505,-1.1692287,-8.109514e-05,-0.0045204586,-0.89808375,-0.09870403,-0.13382345,0.0004780184,-0.0018766461,-0.0040471135,-0.0691043,0.6696275527086781,-0.3421263866622722,-0.6,0.0,0.0,-1.2192427573892404,0.015122675165291088,-0.04122978333132021,0.0,0.0,0.0,0.0,0.6110709977003166,0.14673219081214633,0.3211590109559823,-1.753928829269692,-0.3451347,1.0090028,-0.6026099,1.266478,2.3683443,-2.1400273,13.29308,0.001384696
letter_b,pid,75.60000000000001,0.48932788,-0.191853,-1.1692171,-0.00021200704,-0.004954994,-0.9051397,-0.10268198,-0.13367124,0.000569098,-0.0016280761,-0.004339633,-0.07055844,0.6711398202251915,-0.34624936499536674,-0.6,0.0,0.0,-1.2192427573894582,0.015122675165291088,-0.04122978333134797,0.0,0.0,0.0,0.0,0.6171725345235575,0.14974539482601096,0.3141030727123342,-1.7515680391383466,-0.27511948,0.9846044,-0.59205896,1.301544,2.3953464,-2.1126306,13.29058,0.0013844353
letter_b,pid,75.7,0.47223583,-0.19170062,-1.1692011,-0.0003207607,-0.0054135234,-0.912305,-0.10675287,-0.13349012,0.00065988133,-0.0014425783,-0.0045701046,-0.07165366,0.6726520877417046,-0.35037234332846057,-0.6,0.0,0.0,-1.2192427573890023,0.015122675165180066,-0.041229783330987146,0.0,0.0,0.0,0.0,0.6239658041364087,0.15285958729590873,0.30693775994484956,-1.7492958264742007,-0.20404308,0.96021074,-0.58129,1.3374577,2.422737,-2.0848129,13.306429,0.0013860861
letter_b,pid,75.8,0.45490825,-0.1910869,-1.169182,-0.00041209863,-0.005890176,-0.9195486,-0.11088295,-0.13329118,0.0007501469,-0.001305508,-0.0047432897,-0.07243583,0.6741643552582177,-0.35449532166155445,-0.6,0.0,0.0,-1.2192427573882714,0.0151226751653466,-0.04122978333134797,0.0,0.0,0.0,0.0,0.6314615065926298,0.1560553833127431,0.29969418627849964,-1.7471065872665663,-0.1301259,0.93400425,-0.5684852,1.3723636,2.4505026,-2.0565968,13.330407,0.0013885841
letter_b,pid,75.9,0.43735173,-0.19000603,-1.1691602,-0.0004898592,-0.0063791056,-0.92684126,-0.11501725,-0.13308051,0.00083980645,-0.0012071586,-0.0048592426,-0.07292812,0.6756766227747307,-0.35861829999464834,-0.6,0.0,0.0,-1.219242757390189,0.015122675165124555,-0.041229783330987146,0.0,0.0,0.0,0.0,0.6396657222232793,0.15929112295794368,0.2924014983875034,-1.7449996481620749,-0.05508865,0.9076391,-0.5552976,1.4078481,2.47861,-2.028022,13.373617,0.001393085
letter_b,pid,76.0,0.4195739,-0.18845479,-1.1691368,-0.00055705576,-0.006875298,-0.9341579,-0.119133376,-0.13286157,0.00092877535,-0.0011386984,-0.0049260817,-0.073167354,0.6771888902912441,-0.3627412783277429,-0.6,0.0,0.0,-1.2192427573894582,0.015122675165291088,-0.04122978333134797,0.0,0.0,0.0,0.0,0.6485814640802321,0.16254825138264806,0.2850848494266591,-1.7429789798871091,0.020669777,0.88148695,-0.5420903,1.444247,2.5070438,-1.9991091,13.438864,0.0013998817
letter_b,pid,76.10000000000001,0.4015814,-0.18643035,-1.1691124,-0.0006158159,-0.007375095,-0.94147676,-0.12323837,-0.13264273,0.001017009,-0.0010907891,-0.0049572,-0.07318936,0.6785117627716155,-0.3669012629442519,-0.6,0.0,0.0,-1.2763386028094552,0.012650419349946596,-0.041712842450747356,0.0,0.0,0.0,0.0,0.658140673747294,0.1635085379254372,0.3348618405146859,-1.7410927802484604,-0.052218556,1.0025859,-0.67453796,1.6249053,2.5341015,-1.9715686,14.411978,0.0015012476
letter_b,pid,76.2,0.38341054,-0.18395464,-1.1690875,-0.0006611279,-0.0078669805,-0.94892156,-0.1269619,-0.13232717,0.0011046854,-0.0010021776,-0.004873012,-0.074449226,0.6797768047065995,-0.371072547189283,-0.6,0.0,0.0,-1.2763386028094552,0.012650419349946596,-0.041712842450747356,0.0,0.0,0.0,0.0,0.6683611954337281,0.1664445155321162,0.3274170415683053,-1.73931305086148,0.0251787,0.97593874,-0.6598211,1.6609385,2.5628104,-1.942374,14.487985,0.001509165
letter_b,pid,76.3,0.36514294,-0.18107755,-1.1690618,-0.0007073461,-0.008332609,-0.95645523,-0.12979832,-0.13171697,0.001191414,-0.0010548475,-0.004606478,-0.07533733,0.681041846641584,-0.3752438314343155,-0.6,0.0,0.0,-1.2763386028094903,0.012650419349835573,-0.041712842450386534,0.0,0.0,0.0,0.0,0.67920834115044,0.16850461717566947,0.3198833720965996,-1.7376301159064527,0.10231636,0.94955784,-0.6448842,1.6967584,2.5909371,-1.913759,14.582422,0.0015190021
letter_b,pid,76.4,0.34689736,-0.17787561,-1.1690345,-0.0007710247,-0.008749541,-0.9640455,-0.13132912,-0.13063854,0.0012749002,-0.001269248,-0.0041156323,-0.07590325,0.6823068885765683,-0.3794151156793474,-0.6,0.0,0.0,-1.2763386028080868,0.012650419349891084,-0.04171284245035878,0.0,0.0,0.0,0.0,0.6905924725175093,0.1692321262071026,0.3122930782109188,-1.7360471598175313,0.17847788,0.92365414,-0.62963647,1.7317685,2.6179295,-1.8862778,14.692055,0.0015304224
letter_b,pid,76.5,0.32882288,-0.17444804,-1.1690042,-0.0008692595,-0.009094286,-0.9716648,-0.13121092,-0.12893997,0.0013516019,-0.0016489878,-0.0033887017,-0.07619205,0.6835719305115525,-0.3835863999243792,-0.6,0.0,0.0,-1.2763386028094903,0.012650419349835573,-0.041712842450386534,0.0,0.0,0.0,0.0,0.7023898648189645,0.16824531113432523,0.30467381647068414,-1.7345738249973057,0.25295687,0.898404,-0.61400324,1.7653642,2.6432855,-1.8604335,14.812799,0.0015429999
letter_b,pid,76.60000000000001,0.3110944,-0.17091551,-1.1689689,-0.001018508,-0.009343734,-0.9792893,-0.12913921,-0.12648658,0.0014169429,-0.002185869,-0.002428209,-0.076244004,0.684836972446537,-0.38775768416941175,-0.6,0.0,0.0,-1.2763386028093053,0.012650419349835573,-0.04171284245035878,0.0,0.0,0.0,0.0,0.7144436030827662,0.16520561556786342,0.29704930952012076,-1.7332463913421015,0.32502428,0.8739555,-0.59792465,1.7969043,2.6665325,-1.836698,14.939673,0.0015562159
letter_b,pid,76.7,0.2938819,-0.16739994,-1.1689267,-0.0012297295,-0.009482867,-0.9868991,-0.12515266,-0.12327973,0.0014656506,-0.0028232476,-0.0013138199,-0.07609637,0.6858726221643474,-0.3919653816616492,-0.6,0.0,0.0,-1.334225961012532,0.010151943608760483,-0.04210944533433736,0.0,0.0,0.0,0.0,0.7264736581138042,0.15779131574725386,0.3473268831202285,-1.7321848529345392,0.24282677,0.9994162,-0.7290629,1.9713058,2.685784,-1.8169607,15.990159,0.0016656416
letter_b,pid,76.80000000000001,0.2773223,-0.16400298,-1.1688762,-0.0014951107,-0.009509494,-0.9946222,-0.11962112,-0.11943524,0.0014934227,-0.0033861687,-0.00017129909,-0.07722736,0.6868878165252126,-0.3961763261950395,-0.6,0.0,0.0,-1.334225961012532,0.010151943608760483,-0.04210944533433736,0.0,0.0,0.0,0.0,0.7384229662884593,0.15107136553323805,0.3396037900873916,-1.7314115633960148,0.31003934,0.9752555,-0.7109409,1.9962357,2.7048762,-1.7973874,16.084599,0.001675479
letter_b,pid,76.9,0.26153132,-0.1608089,-1.1688163,-0.0018166568,-0.009430164,-1.0024228,-0.11280561,-0.11501611,0.0014986339,-0.003957255,0.0009099226,-0.078002036,0.6879030108860773,-0.4003872707284284,-0.6,0.0,0.0,-1.3342259610130713,0.01015194360864946,-0.042109445333976536,0.0,0.0,0.0,0.0,0.7501617318854016,0.1429551967136131,0.33180315141224126,-1.730939846000347,0.37461025,0.95135427,-0.69270027,2.0186648,2.7222366,-1.7795484,16.177614,0.001685168
letter_b,pid,77.0,0.24660406,-0.15788946,-1.1687473,-0.0021913976,-0.009256134,-1.0102707,-0.104940996,-0.11009225,0.0014806946,-0.0044874637,0.0018828548,-0.07847189,0.6889182052469425,-0.4045982152618187,-0.6,0.0,0.0,-1.334225961012382,0.010151943608760483,-0.0421094453343096,0.0,0.0,0.0,0.0,0.7615645195327917,0.13367961391127794,0.32395524625255523,-1.7307730603358422,0.4364647,0.9277005,-0.67443943,2.0386047,2.7380226,-1.7632891,16.267862,0.0016945692
letter_b,pid,77.10000000000001,0.23261863,-0.15530509,-1.1686693,-0.0026131626,-0.009001361,-1.0181398,-0.09622849,-0.1047172,0.0014403539,-0.0049460125,0.0027201546,-0.07868168,0.6899333996078074,-0.4088091597952082,-0.6,0.0,0.0,-1.3342259610129212,0.01015194360864946,-0.04210944533394878,0.0,0.0,0.0,0.0,0.7725192132639039,0.12344473281330262,0.31608612184055795,-1.73090915663625,0.49553952,0.9043066,-0.6562208,2.056067,2.7523575,-1.7484854,16.35404,0.0017035458
letter_b,pid,77.2,0.21963845,-0.15310515,-1.1685838,-0.003073874,-0.008681174,-1.026008,-0.086852744,-0.098933995,0.0013793722,-0.0053153466,0.003407464,-0.07867002,0.6909309131462543,-0.41302227502773986,-0.6,0.0,0.0,-1.3927708012909024,0.007632426414050375,-0.042418769961694025,0.0,0.0,0.0,0.0,0.7829182428950873,0.1101059524861273,0.36676279138031886,-1.7314087849872921,0.39854348,1.0311024,-0.78823566,2.2178814,2.7639112,-1.7364724,17.416864,0.0018142565
letter_b,pid,77.30000000000001,0.2077146,-0.15132965,-1.1684921,-0.003554096,-0.008310518,-1.0340025,-0.07696755,-0.09278024,0.0013002065,-0.0054962393,0.0039522783,-0.079931386,0.6916941557876604,-0.41726415202390366,-0.6,0.0,0.0,-1.3927708012909024,0.007632426414050375,-0.042418769961694025,0.0,0.0,0.0,0.0,0.7925532224170656,0.09846382375515783,0.3587682587951748,-1.7322503603744146,0.45072272,1.0051183,-0.7707327,2.2265737,2.7756317,-1.7243057,17.442434,0.0018169201
letter_b,pid,77.4,0.19689207,-0.15000951,-1.1683962,-0.004049828,-0.007903592,-1.0420852,-0.066679075,-0.086257614,0.001206207,-0.005629019,0.004356493,-0.080808364,0.6924573984290664,-0.42150602902006673,-0.6,0.0,0.0,-1.3927708012898496,0.007632426414161397,-0.04241876996205485,0.0,0.0,0.0,0.0,0.8014796532687496,0.08628730204930132,0.35068563054400004,-1.7334149412726323,0.5001875,0.97916496,-0.7533191,2.2326715,2.7861426,-1.7133646,17.45947,0.001818695
letter_b,pid,77.5,0.18720852,-0.14917041,-1.1682984,-0.0045562373,-0.00747299,-1.0502228,-0.05608164,-0.07938593,0.0011001133,-0.00570725,0.0046355226,-0.08135535,0.6932206410704724,-0.4257479060162298,-0.6,0.0,0.0,-1.3927708012909024,0.007632426414050375,-0.042418769961694025,0.0,0.0,0.0,0.0,0.8096335021325274,0.07366996354171956,0.34254804681244777,-1.734887083522944,0.5468494,0.9533721,-0.7359663,2.236188,2.7954469,-1.7036539,17.467106,0.0018194901
letter_b,pid,77.60000000000001,0.1786952,-0.14883336,-1.1682009,-0.0050680717,-0.0070296894,-1.0583872,-0.045258746,-0.07218478,0.0009847424,-0.005728459,0.0048049386,-0.0816203,0.6939838837118786,-0.42998978301239366,-0.6,0.0,0.0,-1.3927708012909024,0.007632426414050375,-0.042418769961694025,0.0,0.0,0.0,0.0,0.81695995246804,0.060699761685438614,0.33438364098969386,-1.7366579521091077,0.59063184,0.92786205,-0.718636,2.23713,2.8035424,-1.6951851,17.464464,0.0018192149
letter_b,pid,77.7,0.17137629,-0.14901367,-1.1681058,-0.0055798274,-0.006583521,-1.0665543,-0.03430403,-0.06467832,0.00086295867,-0.0056916745,0.004875528,-0.08164513,0.6947471263532844,-0.434231660008556,-0.6,0.0,0.0,-1.3927708012898496,0.007632426414161397,-0.04241876996205485,0.0,0.0,0.0,0.0,0.8234139806424853,0.04748577269809538,0.3262164933522275,-1.7387279841471959,0.63149005,0.90274507,-0.70128804,2.2355232,2.810438,-1.6879561,17.450855,0.0018177973
letter_b,pid,77.80000000000001,0.16527021,-0.1497239,-1.1680157,-0.006085813,-0.0061425706,-1.0747037,-0.02327643,-0.056897577,0.0007375961,-0.005596367,0.004864144,-0.08146625,0.6954540281821604,-0.4384784571213724,-0.6,0.0,0.0,-1.4518235936262145,0.005097089850247816,-0.04264017521141139,0.0,0.0,0.0,0.0,0.8289245629810218,0.03176277944750379,0.37711990023632186,-1.7411868107978068,0.51536417,1.0300524,-0.8346161,2.3800328,2.8146217,-1.6834882,18.443975,0.0019212476
letter_b,pid,77.9,0.16038729,-0.15097351,-1.1679323,-0.0065696226,-0.005713966,-1.0829655,-0.012247196,-0.048895516,0.00061137904,-0.005345584,0.004788751,-0.082589194,0.695963737167181,-0.4427424746424721,-0.6,0.0,0.0,-1.4518235936265007,0.0050970898501923045,-0.04264017521105057,0.0,0.0,0.0,0.0,0.8333776575867503,0.018447962813480906,0.3688581004242912,-1.7440782047893677,0.5510172,1.004757,-0.81568336,2.3714576,2.8191662,-1.6787133,18.368084,0.001913342
letter_b,pid,78.0,0.15673576,-0.15277033,-1.1678575,-0.007030136,-0.00530302,-1.091302,-0.0012386839,-0.040681783,0.0004872804,-0.005081481,0.0046570455,-0.08333582,0.6964734461522013,-0.44700649216357174,-0.6,0.0,0.0,-1.4518235936250077,0.005097089850303327,-0.042640175211439146,0.0,0.0,0.0,0.0,0.8368714717420711,0.0066494188689964545,0.360521556385933,-1.7475169166930515,0.583821,0.97976005,-0.7966386,2.3602197,2.822579,-1.6751298,18.27906,0.0019040685
letter_b,pid,78.10000000000001,0.1543191,-0.15512064,-1.1677929,-0.007465579,-0.0049137045,-1.0996813,0.009707041,-0.03228752,0.0003674778,-0.0047987783,0.0044821114,-0.08376111,0.696983155137222,-0.45127050968467214,-0.6,0.0,0.0,-1.4518235936240105,0.005097089850303327,-0.042640175211078324,0.0,0.0,0.0,0.0,0.8393913421399465,0.011338614207128148,0.3521423354224113,-1.7516814873339395,0.6137034,0.9551908,-0.7774471,2.3463414,2.8248394,-1.6727623,18.176613,0.0018933973
letter_b,pid,78.2,0.15313599,-0.1580281,-1.1677397,-0.007873897,-0.0045491583,-1.1080756,0.02053979,-0.023741178,0.00025401995,-0.0044956594,0.0042720363,-0.08391316,0.6974928641222425,-0.4555345272057718,-0.6,0.0,0.0,-1.4518235936265775,0.0050970898501923045,-0.042640175211078324,0.0,0.0,0.0,0.0,0.8409297895038945,0.024407245105316444,0.34374797488268105,-1.7566538267285163,0.6406222,0.9311661,-0.7580716,2.32986,2.8259325,-1.6716292,18.060625,0.0018813153
letter_b,pid,78.30000000000001,0.15318057,-0.161494,-1.1676987,-0.0082528675,-0.004211772,-1.116462,0.03121482,-0.015073954,0.00014881219,-0.0041712048,0.0040340815,-0.08383372,0.6980025731072631,-0.45979854472687215,-0.6,0.0,0.0,-1.4518235936265775,0.0050970898501923045,-0.042640175211078324,0.0,0.0,0.0,0.0,0.8414858742497656,0.03797439307757813,0.3353616013627836,-1.762295722985597,0.66454774,0.90778446,-0.73847884,2.310811,2.825848,-1.6717398,17.931026,0.0018678154
letter_b,pid,78.4,0.154444,-0.16552073,-1.1676706,-0.008600172,-0.0039024935,-1.1248208,0.04172787,-0.0063199205,5.355912e-05,-0.003825095,0.0037825038,-0.08355878,0.6984169969063775,-0.4640675410353323,-0.6,0.0,0.0,-1.5112223450029247,0.0025511887893348018,-0.04277320218620817,0.0,0.0,0.0,0.0,0.8410034162827056,0.05351314808208627,0.38640151656511956,-1.7684848953341912,0.53046525,1.0380518,-0.87016004,2.438677,2.8229704,-1.6747108,18.83709,0.0019621965
letter_b,pid,78.5,0.15691237,-0.17011032,-1.1676555,-0.008903299,-0.0036222253,-1.1332837,0.052054152,0.002473162,-3.0228426e-05,-0.0033615455,0.0035303968,-0.08460193,0.6986721157853051,-0.4683448612539134,-0.6,0.0,0.0,-1.5112223450042563,0.0025511887892792906,-0.042773202186235926,0.0,0.0,0.0,0.0,0.8394523187025015,0.0670654735597283,0.3779386106826621,-1.775096267229442,0.5490854,1.0149661,-0.8485811,2.4126327,2.8204973,-1.6773392,18.641209,0.0019417927
letter_b,pid,78.60000000000001,0.1605709,-0.17526416,-1.1676531,-0.009164546,-0.0033706464,-1.1418135,0.062184326,0.011304474,-0.000101030004,-0.0029214264,0.003275101,-0.08527093,0.6989272346642329,-0.4726221814724938,-0.6,0.0,0.0,-1.5112223450037936,0.0025511887892792906,-0.04277320218590286,0.0,0.0,0.0,0.0,0.836946444960487,0.0805016547114119,0.3694088283869723,-1.782066166664304,0.5648541,0.9924106,-0.82670075,2.3839655,2.816853,-1.6811944,18.43174,0.0019199728
letter_b,pid,78.7,0.16540122,-0.18098189,-1.1676631,-0.0093855485,-0.003147235,-1.1503781,0.072087124,0.020146016,-0.00015783412,-0.002498706,0.003018914,-0.08562173,0.6991823535431607,-0.47689950169107415,-0.6,0.0,0.0,-1.5112223450042563,0.0025511887892792906,-0.042773202186235926,0.0,0.0,0.0,0.0,0.8335052031005067,0.09377685864320344,0.36084423697965917,-1.7893668147233366,0.5777403,0.9705006,-0.8044955,2.3527362,2.812012,-1.6862963,18.209242,0.0018967962
letter_b,pid,78.80000000000001,0.17138252,-0.18726295,-1.1676846,-0.009567539,-0.002950921,-1.1589507,0.081752114,0.028971747,-0.00019979442,-0.0020897114,0.0027676183,-0.085703075,0.6994374724220884,-0.4811768219096552,-0.6,0.0,0.0,-1.5112223450029632,0.0025511887893348018,-0.042773202186235926,0.0,0.0,0.0,0.0,0.8291520687567578,0.10686516805241093,0.3522716585481902,-1.7969907750843164,0.58771014,0.94933486,-0.78194106,2.3189862,2.8059418,-1.6926672,17.974201,0.0018723124
letter_b,pid,78.9,0.17849232,-0.19410846,-1.1677164,-0.009711435,-0.0027798188,-1.1675085,0.09119034,0.037754364,-0.00022622099,-0.00169149,0.002529696,-0.08555708,0.6996925913010161,-0.48545414212823557,-0.6,0.0,0.0,-1.511222345003755,0.0025511887892792906,-0.0427732021858751,0.0,0.0,0.0,0.0,0.8239137827021658,0.11975658202640867,0.34371386207071053,-1.804940453018083,0.59471864,0.9289944,-0.75901943,2.2827325,2.7986083,-1.700331,17.727032,0.0018465657
letter_b,pid,79.0,0.18670607,-0.20152014,-1.1677573,-0.009817911,-0.0026317001,-1.1760323,0.10040385,0.04646575,-0.00023654099,-0.0013017126,0.0023088905,-0.08521986,0.6998134370857714,-0.4897337977668964,-0.6,0.0,0.0,-1.5707963267948966,0.0,-0.04281757516738649,0.0,0.0,0.0,0.0,0.8177374912100464,0.1343595991871627,0.39476402203110267,-1.8132902713406267,0.44326815,1.0630176,-0.88758814,2.393874,2.788318,-1.71097,18.547073,0.0019319867
letter_b,pid,79.10000000000001,0.195994,-0.20949759,-1.1678056,-0.009877274,-0.0025057078,-1.184655,0.1093576,0.05506018,-0.0002303233,-0.00082054577,0.0021064077,-0.08620936,0.6998134370857714,-0.4940155552836297,-0.6,0.0,0.0,-1.5707963267948966,0.0,-0.04281757516738649,0.0,0.0,0.0,0.0,0.810671105245189,0.14676237141062826,0.3861413756993155,-1.8220455336977803,0.44516367,1.0432869,-0.8624114,2.350862,2.7784336,-1.7212062,18.239168,0.0018999133
letter_b,pid,79.2,0.20632608,-0.21804067,-1.1678594,-0.0098939175,-0.0023998378,-1.193339,0.11805114,0.063543685,-0.00020744416,-0.00038403037,0.0019163769,-0.08682542,0.6998134370857714,-0.4982973128003637,-0.6,0.0,0.0,-1.5707963267948966,0.0,-0.04281757516777507,0.0,0.0,0.0,0.0,0.802831171772507,0.15889881264644104,0.37745733658340974,-1.8312163201424596,0.44435653,1.0242174,-0.8368281,2.305402,2.7673192,-1.7326621,17.921806,0.0018668548
letter_b,pid,79.30000000000001,0.21767113,-0.22714986,-1.167917,-0.009871573,-0.0023117582,-1.2020528,0.12649071,0.0718967,-0.00016791689,1.4329503e-05,0.001742875,-0.08712495,0.6998134370857714,-0.5025790703170977,-0.6,0.0,0.0,-1.5707963267948966,0.0,-0.04281757516777507,0.0,0.0,0.0,0.0,0.7942620425717465,0.17076092602866047,0.3687434951451163,-1.8408157722645528,0.44081444,1.0059068,-0.8108286,2.25755,2.7549353,-1.7453628,17.5961,0.0018329271
letter_b,pid,79.4,0.22999647,-0.23682551,-1.1679761,-0.009813365,-0.0022391025,-1.2107697,0.13467689,0.080098085,-0.0001118451,0.00038056463,0.0015870004,-0.08715734,0.6998134370857714,-0.5068608278338302,-0.6,0.0,0.0,-1.5707963267948966,0.0,-0.04281757516738649,0.0,0.0,0.0,0.0,0.7850120694949193,0.1823352307388407,0.36002667347458406,-1.850861366942555,0.4345233,0.9884281,-0.78441256,2.207364,2.7412584,-1.7593157,17.263248,0.0017982553
letter_b,pid,79.5,0.24326903,-0.2470678,-1.1680347,-0.0097222915,-0.0021794792,-1.2194672,0.14261371,0.08813734,-3.9450988e-05,0.00071599096,0.0014497084,-0.08696493,0.6998134370857714,-0.5111425853505636,-0.6,0.0,0.0,-1.5707963267948966,0.0,-0.04281757516738649,0.0,0.0,0.0,0.0,0.7751333329107253,0.19361782529859703,0.35132916370895906,-1.8613712383124996,0.42548397,0.9718488,-0.7575712,2.154904,2.726257,-1.7745367,16.924511,0.0017629699
letter_b,pid,79.60000000000001,0.25745434,-0.2578757,-1.1680903,-0.009601006,-0.0021307997,-1.2281265,0.15029398,0.09599732,4.8945567e-05,0.0010241187,0.0013286386,-0.08658403,0.6996403739866157,-0.5154213327703049,-0.6,0.0,0.0,-1.6303703085860382,-0.0025511887892792906,-0.0427732021858751,0.0,0.0,0.0,0.0,0.7645815053014883,0.2064434650511265,0.4022437827071319,-1.8724314038680208,0.25817776,1.1098008,-0.88206923,2.2500477,2.7081704,-1.7927712,17.68729,0.001842426
letter_b,pid,79.7,0.27251366,-0.2692471,-1.1681409,-0.0094413785,-0.0020921924,-1.2368807,0.15770099,0.103633,0.00015287775,0.0014097517,0.0012265213,-0.08753287,0.699385255107688,-0.5196986529888853,-0.6,0.0,0.0,-1.6303703085860382,-0.0025511887892792906,-0.0427732021858751,0.0,0.0,0.0,0.0,0.7534782030648104,0.21706118780812153,0.39348964852897034,-1.8840542997418643,0.24454129,1.0939659,-0.8528625,2.1913698,2.690511,-1.8104897,17.30276,0.0018023709
letter_b,pid,79.80000000000001,0.2884086,-0.2811811,-1.1681842,-0.0092488555,-0.0020615966,-1.2456923,0.16484186,0.111059226,0.0002713495,0.0017408719,0.0011378669,-0.088109024,0.6991301362287602,-0.5239759732074664,-0.6,0.0,0.0,-1.630370308584822,-0.0025511887892237795,-0.04277320218581959,0.0,0.0,0.0,0.0,0.7419398677061251,0.22734318239799453,0.384678055472029,-1.896252679228646,0.22847822,1.078843,-0.82321167,2.130533,2.6715865,-1.829372,16.91693,0.0017621801
letter_b,pid,79.9,0.30510014,-0.2936775,-1.1682178,-0.009027954,-0.002036793,-1.2545298,0.1717312,0.11825894,0.00040365086,0.002026818,0.0010653927,-0.08837024,0.6988750173498325,-0.5282532934260468,-0.6,0.0,0.0,-1.6303703085842822,-0.0025511887892237795,-0.04277320218620817,0.0,0.0,0.0,0.0,0.7300382824836238,0.23728857017128036,0.37584047479064214,-1.9090377889283179,0.20997016,1.0645034,-0.7931309,2.0676045,2.6513753,-1.8494236,16.53146,0.001722027
letter_b,pid,80.0,0.32254794,-0.30673426,-1.1682396,-0.008782378,-0.0020160994,-1.263367,0.17835706,0.12521537,0.00054900127,0.0022757612,0.0010047357,-0.088366464,0.6986198984709048,-0.5325306136446272,-0.6,0.0,0.0,-1.630370308586501,-0.0025511887892792906,-0.042773202185542036,0.0,0.0,0.0,0.0,0.7178511985990522,0.24687700742439397,0.36700325173988224,-1.9224227333379096,0.18903947,1.0509903,-0.7626447,2.0026746,2.6298842,-1.8706241,16.148174,0.0016821014
letter_b,pid,80.10000000000001,0.34071103,-0.32034922,-1.1682476,-0.008515197,-0.001997819,-1.2721816,0.18472902,0.13191374,0.0007064656,0.0024941033,0.0009569129,-0.088140495,0.698364779591977,-0.5368079338632075,-0.6,0.0,0.0,-1.6303703085865782,-0.0025511887892792906,-0.042773202185486525,0.0,0.0,0.0,0.0,0.7054614770376448,0.25610525964518793,0.3581886784519957,-1.9364198232035965,0.16569965,1.0383381,-0.731776,1.9358138,2.6071165,-1.8929579,15.76882,0.0016425854
letter_b,pid,80.2,0.3595481,-0.33451968,-1.1682397,-0.008229042,-0.0019804214,-1.280955,0.19085103,0.13834295,0.0008750389,0.002686267,0.00092102773,-0.08772872,0.6978982467068202,-0.5410742073973303,-0.6,0.0,0.0,-1.6897690599647857,-0.005097089850303327,-0.042640175211439146,0.0,0.0,0.0,0.0,0.6928506111551801,0.26674205307511784,0.40881410295642384,-1.9511077706971522,-0.01516498,1.1798246,-0.8517477,2.0164073,2.581251,-1.9182345,16.526068,0.0017214655
letter_b,pid,80.30000000000001,0.37901506,-0.3492428,-1.1682143,-0.007915837,-0.0019630655,-1.28982,0.19672701,0.14446723,0.0010536312,0.002956501,0.00090304395,-0.08864494,0.6973885377217997,-0.5453382249184306,-0.6,0.0,0.0,-1.689769059964576,-0.005097089850247816,-0.04264017521105057,0.0,0.0,0.0,0.0,0.6802077626044942,0.2752149328650126,0.3999491041387704,-1.9663924032989395,-0.042404346,1.1678476,-0.818594,1.9440372,2.5559368,-1.9427942,16.122307,0.0016794069
letter_b,pid,80.4,0.39902887,-0.36445424,-1.1681695,-0.0075740176,-0.001959739,-1.2987396,0.20164664,0.15010439,0.0012399479,0.0032430883,0.00073931256,-0.08919241,0.6968788287367791,-0.5496022424395303,-0.6,0.0,0.0,-1.6897690599632926,-0.0050970898501923045,-0.04264017521105057,0.0,0.0,0.0,0.0,0.6676907677461015,0.28265699098114655,0.39102950746542886,-1.9821357116281584,-0.071066275,1.1560827,-0.78546894,1.8704854,2.5301504,-1.9676535,15.730576,0.0016386017
letter_b,pid,80.5,0.41946647,-0.38001484,-1.1681039,-0.0071960157,-0.0019982173,-1.3076826,0.20480233,0.15503913,0.0014288801,0.0036047597,0.00029257263,-0.089430995,0.6963691197517586,-0.5538662599606299,-0.6,0.0,0.0,-1.6897690599632926,-0.0050970898501923045,-0.04264017521105057,0.0,0.0,0.0,0.0,0.6554704236069959,0.2883347331112521,0.3820864265633292,-1.9981756136200235,-0.100281745,1.1441311,-0.7528192,1.7966685,2.5047097,-1.9920006,15.355484,0.0015995296
letter_b,pid,80.60000000000001,0.4401784,-0.39571422,-1.1680162,-0.00677303,-0.0021144762,-1.3166231,0.20546162,0.15915166,0.0016115691,0.0040512066,-0.0005192081,-0.08941051,0.695859410766738,-0.5581302774817303,-0.6,0.0,0.0,-1.6897690599647857,-0.005097089850303327,-0.042640175211439146,0.0,0.0,0.0,0.0,0.6437345376168678,0.2916462105159066,0.3731459682670928,-2.014425146480928,-0.12905921,1.1317626,-0.72091186,1.7236152,2.4802988,-2.015168,15.000889,0.0015625927
letter_b,pid,80.7,0.4610301,-0.41135532,-1.1679054,-0.006300939,-0.0023297977,-1.325539,0.20381808,0.16248056,0.0017771219,0.0045323893,-0.0015492914,-0.08917207,0.6953497017817175,-0.5623942950028299,-0.6,0.0,0.0,-1.689769059964576,-0.005097089850247816,-0.04264017521105057,0.0,0.0,0.0,0.0,0.6326413286485612,0.29278528778499724,0.36423006708280115,-2.0307935842983342,-0.1571479,1.119248,-0.68953323,1.6516334,2.456856,-2.0372455,14.667271,0.0015278409
letter_b,pid,80.80000000000001,0.4818932,-0.4267709,-1.1677711,-0.0057756416,-0.002651206,-1.3344125,0.20020202,0.16494909,0.0019169885,0.0050462354,-0.0026549136,-0.088752784,0.6945909070991954,-0.5666365604292558,-0.6,0.0,0.0,-1.7488218523001586,-0.007632426414105886,-0.042418769961694025,0.0,0.0,0.0,0.0,0.6222272390071105,0.2935988082219847,0.4144093967413817,-2.047250686858006,-0.3388332,1.2592038,-0.8087978,1.7291683,2.4324846,-2.0601542,15.505796,0.0016151872
letter_b,pid,80.9,0.50264317,-0.44182077,-1.167613,-0.0051834793,-0.0030758923,-1.3433759,0.19491112,0.16647546,0.0020250562,0.005683985,-0.0037290996,-0.08965744,0.6938276644577894,-0.5708784374254181,-0.6,0.0,0.0,-1.7488218523000576,-0.007632426414161397,-0.04241876996202709,0.0,0.0,0.0,0.0,0.6126923733191418,0.2909721451800761,0.40544593105066795,-2.063691984546751,-0.36463267,1.2457072,-0.77661455,1.6576891,2.4109552,-2.080141,15.175499,0.001580781
letter_b,pid,81.0,0.52316415,-0.45639098,-1.1674321,-0.004526161,-0.0035934378,-1.3523928,0.1882228,0.1670663,0.0020963566,0.0062958314,-0.0047080014,-0.090193756,0.6930644218163833,-0.575120314421582,-0.6,0.0,0.0,-1.748821852298891,-0.007632426414050375,-0.042418769961694025,0.0,0.0,0.0,0.0,0.6041042217285002,0.286788527923755,0.39642905959716984,-2.080014174078899,-0.3893671,1.2321573,-0.74466395,1.5874542,2.3904362,-2.0990608,14.864595,0.0015483954
letter_b,pid,81.10000000000001,0.54334795,-0.47038928,-1.1672298,-0.0038065792,-0.004189109,-1.3614322,0.18039623,0.16670518,0.0021292777,0.0068709976,-0.005547518,-0.09041907,0.6923011791749774,-0.579362191417745,-0.6,0.0,0.0,-1.748821852298891,-0.007632426414050375,-0.042418769961694025,0.0,0.0,0.0,0.0,0.5964996001714152,0.2812332376580161,0.38738965758911315,-2.0961205378552807,-0.41300264,1.218631,-0.712951,1.5185794,2.370905,-2.116953,14.572695,0.0015179891
letter_b,pid,81.2,0.5630951,-0.48374298,-1.1670085,-0.0030291954,-0.0048457277,-1.370468,0.17167076,0.16539808,0.002123905,0.007395315,-0.0062221857,-0.090382434,0.6915379365335713,-0.5836040684139081,-0.6,0.0,0.0,-1.7488218523001586,-0.007632426414105886,-0.042418769961694025,0.0,0.0,0.0,0.0,0.5898885161431396,0.27448494831232734,0.3783538318610107,-2.11191857663571,-0.43548852,1.2051828,-0.6814885,1.4511828,2.3523304,-2.1338663,14.299318,0.0014895123
letter_b,pid,81.30000000000001,0.58231455,-0.49639276,-1.1667712,-0.0022002966,-0.005546046,-1.3794787,0.16222264,0.16317378,0.0020817162,0.007852362,-0.0067302063,-0.090125576,0.690740805649197,-0.587841784903383,-0.6,0.0,0.0,-1.8073666925781178,-0.010151943608704972,-0.04210944533394878,0.0,0.0,0.0,0.0,0.5842505802889276,0.2680644189694935,0.4278879995696949,-2.12738837692733,-0.6091782,1.342729,-0.79947585,1.5330267,2.333169,-2.1513627,15.23539,0.0015870199
letter_b,pid,81.4,0.6009219,-0.5082909,-1.1665214,-0.0013171268,-0.0062732957,-1.3885918,0.1522045,0.16005018,0.0020051675,0.008326283,-0.0070719696,-0.091145635,0.689725611288332,-0.5920527294367726,-0.6,0.0,0.0,-1.8073666925772611,-0.010151943608760483,-0.04210944533433736,0.0,0.0,0.0,0.0,0.579524521434923,0.25929163230573765,0.4187749262198393,-2.1424460610770133,-0.6282382,1.3285186,-0.7669294,1.4672098,2.316375,-2.166507,14.959877,0.0015583205
letter_b,pid,81.5,0.6188431,-0.51940185,-1.1662635,-0.00039238023,-0.0070117265,-1.3977678,0.14175627,0.15610954,0.0018962261,0.008671831,-0.0072634406,-0.091767944,0.6887104169274673,-0.5962636739701614,-0.6,0.0,0.0,-1.807366692576872,-0.01015194360864946,-0.04210944533394878,0.0,0.0,0.0,0.0,0.5757112927480379,0.2497407990910271,0.4095989103655684,-2.157576073094563,-0.6455867,1.3142698,-0.73457557,1.4032586,2.3004851,-2.180788,14.7008915,0.0015313429
letter_b,pid,81.60000000000001,0.63601285,-0.5296979,-1.1660017,0.0005609566,-0.0077473847,-1.4069732,0.13099888,0.15140696,0.0017591005,0.008887912,-0.007320462,-0.09205512,0.6876952225666021,-0.6004746185035518,-0.6,0.0,0.0,-1.807366692578507,-0.010151943608815994,-0.04210944533433736,0.0,0.0,0.0,0.0,0.5727462884541703,0.23953130897056277,0.4003934498188024,-2.1725582074845704,-0.66114205,1.3000113,-0.7024714,1.3413405,2.2854712,-2.1942542,14.457928,0.0015060343
letter_b,pid,81.7,0.6523752,-0.5391569,-1.1657406,0.0015297736,-0.0084684985,-1.41618,0.120026216,0.14600684,0.00159825,0.00897489,-0.0072627803,-0.09206122,0.686680028205737,-0.6046855630369421,-0.6,0.0,0.0,-1.8073666925763157,-0.010151943608704972,-0.04210944533428185,0.0,0.0,0.0,0.0,0.5705552212708533,0.2287720338712122,0.39118667796602513,-2.1869304308031827,-0.6748031,1.2857584,-0.6706705,1.2816259,2.2713153,-2.2069435,14.230371,0.0014823303
letter_b,pid,81.80000000000001,0.66788214,-0.54776305,-1.1654851,0.002501446,-0.009165097,-1.4253647,0.10893302,0.13996828,0.001418169,0.00893893,-0.007106482,-0.09183274,0.685664833844872,-0.6088965075703316,-0.6,0.0,0.0,-1.8073666925781178,-0.010151943608704972,-0.04210944533394878,0.0,0.0,0.0,0.0,0.56905796842417,0.2175673127559941,0.3820019598358082,-2.20063205900386,-0.6864852,1.2715114,-0.6392278,1.224254,2.2580116,-2.2188845,14.017477,0.001460154
letter_b,pid,81.9,0.6824939,-0.5555043,-1.1652398,0.0034637966,-0.00982925,-1.4345077,0.09778942,0.13335982,0.0012233172,0.008785554,-0.006870204,-0.09140903,0.684578045734698,-0.6130960874596889,-0.6,0.0,0.0,-1.8652540507817066,-0.012650419349891084,-0.04171284245035878,0.0,0.0,0.0,0.0,0.568170043980829,0.2069997391456254,0.4307463231587207,-2.213682934392633,-0.84691364,1.4065892,-0.75556797,1.3152435,2.2439594,-2.2316988,15.012338,0.0015637851
letter_b,pid,82.0,0.6961749,-0.5623702,-1.1650091,0.0044168294,-0.010454344,-1.4437373,0.086628035,0.12621756,0.0010179399,0.008623146,-0.0065705744,-0.09226871,0.6833130037997137,-0.6172673717047208,-0.6,0.0,0.0,-1.8652540507817066,-0.012650419349891084,-0.04171284245035878,0.0,0.0,0.0,0.0,0.5678155156334088,0.19508425709640714,0.42151678233383055,-2.22602661288595,-0.85355455,1.3913839,-0.723315,1.2611443,2.2322953,-2.2422698,14.78909,0.0015405301
letter_b,pid,82.10000000000001,0.70889765,-0.56835383,-1.1647974,0.005346839,-0.011036253,-1.4530157,0.07549413,0.11862393,0.00080478564,0.008330118,-0.0062288176,-0.09275247,0.6820479618647293,-0.6214386559497533,-0.6,0.0,0.0,-1.8652540507815567,-0.012650419350002107,-0.041712842450747356,0.0,0.0,0.0,0.0,0.567921681146322,0.18296991416918407,0.41223836570007477,-2.23761759890751,-0.8577139,1.3759788,-0.6914358,1.2097007,2.2215378,-2.2521024,14.577645,0.0015185047
letter_b,pid,82.2,0.7206416,-0.5734523,-1.1646084,0.006241859,-0.011571947,-1.4623114,0.06444872,0.11063976,0.00058808044,0.007924322,-0.0058538555,-0.092921354,0.6807829199297449,-0.6256099401947852,-0.6,0.0,0.0,-1.8652540507813369,-0.012650419349891084,-0.04171284245041429,0.0,0.0,0.0,0.0,0.5684115893581807,0.1707511006659587,0.40294266371926407,-2.248420908458333,-0.8593604,1.3603915,-0.65999186,1.161023,2.2116902,-2.2612088,14.377367,0.0014976425
letter_b,pid,82.30000000000001,0.73139274,-0.5776657,-1.1644454,0.007091761,-0.012059473,-1.4715979,0.053542115,0.10232141,0.00037164392,0.007424405,-0.005454791,-0.092827685,0.6795178779947607,-0.629781224439817,-0.6,0.0,0.0,-1.8652540507813369,-0.012650419349891084,-0.04171284245041429,0.0,0.0,0.0,0.0,0.5692149335412324,0.15851641932912955,0.3936561408539687,-2.2584117737308094,-0.858465,1.3446263,-0.62904334,1.1152047,2.202769,-2.269586,14.187572,0.001477872
letter_b,pid,82.4,0.74114287,-0.58099586,-1.1643114,0.007888055,-0.012498072,-1.4808536,0.0428071,0.09372749,0.00015888033,0.0068467967,-0.0050422084,-0.092515774,0.6782528360597762,-0.6339525086848495,-0.6,0.0,0.0,-1.8652540507815567,-0.012650419350002107,-0.041712842450747356,0.0,0.0,0.0,0.0,0.5702691728019876,0.14635452048872863,0.3844004931948868,-2.2675757657744064,-0.85498834,1.32868,-0.59864396,1.0723356,2.1947982,-2.2772207,14.007547,0.0014591195
letter_b,pid,82.5,0.7498897,-0.58344537,-1.1642088,0.008623754,-0.012888149,-1.49006,0.032262836,0.08491671,-4.7223457e-05,0.006206391,-0.004626792,-0.09202296,0.6768793618521918,-0.6381026061263991,-0.6,0.0,0.0,-1.9223498962010293,-0.015122675165069044,-0.04122978333065408,0.0,0.0,0.0,0.0,0.5715325491306159,0.13475283618680212,0.43228992439164204,-2.275981162699344,-0.9977264,1.4599581,-0.7140772,1.1763089,2.1861365,-2.2857637,15.024452,0.0015650472
letter_b,pid,82.60000000000001,0.75763303,-0.5850156,-1.1641395,0.009304974,-0.013229654,-1.4993446,0.021902902,0.07591576,-0.00024409537,0.005615614,-0.004215532,-0.092806116,0.6753670943356784,-0.6422255844594936,-0.6,0.0,0.0,-1.9223498962019778,-0.015122675165235577,-0.041229783330987146,0.0,0.0,0.0,0.0,0.5729695044059121,0.12285776970064143,0.423005308875928,-2.283627697288078,-0.9881954,1.4427181,-0.68324053,1.1377633,2.1800742,-2.2919307,14.824959,0.0015442665
letter_b,pid,82.7,0.76437974,-0.5857099,-1.1641048,0.009923755,-0.013524892,-1.5086712,0.011746228,0.06679759,-0.00043046815,0.004953967,-0.0038199963,-0.09322625,0.6738548268191653,-0.6463485627925876,-0.6,0.0,0.0,-1.922349896200791,-0.015122675165180066,-0.041229783330987146,0.0,0.0,0.0,0.0,0.5745311574404558,0.11131952664386884,0.4136787316881567,-2.2905339649805656,-0.9757717,1.4251198,-0.6529405,1.1022885,2.1750605,-2.2972775,14.632839,0.0015242541
letter_b,pid,82.80000000000001,0.77014023,-0.5855341,-1.1641057,0.010474529,-0.013776341,-1.5180093,0.001820635,0.057599984,-0.0006039705,0.004244818,-0.0034409654,-0.09334281,0.672342559302652,-0.6504715411256821,-0.6,0.0,0.0,-1.922349896200791,-0.015122675165180066,-0.041229783330987146,0.0,0.0,0.0,0.0,0.5761913266783258,0.10027344351192617,0.4043405912004858,-2.296747540359439,-0.96048987,1.4071771,-0.6232396,1.0699267,2.1711237,-2.3017762,14.447811,0.0015049804
letter_b,pid,82.9,0.77492946,-0.58449394,-1.164142,0.010953462,-0.013986933,-1.5273335,-0.007864269,0.048369292,-0.0007626735,0.0035048285,-0.0030823573,-0.09320633,0.6708302917861388,-0.654594519458776,-0.6,0.0,0.0,-1.9223498961996042,-0.015122675165124555,-0.041229783330987146,0.0,0.0,0.0,0.0,0.5779333351948757,0.08989583113422973,0.3950163981985056,-2.3023489011039846,-0.9423643,1.3889055,-0.5941856,1.0407269,2.168288,-2.3053956,14.269599,0.0014864166
letter_b,pid,83.0,0.7787641,-0.5825969,-1.1642139,0.011358984,-0.014159754,-1.5366229,-0.017294727,0.039127048,-0.0009050875,0.0027559698,-0.0027454917,-0.09285992,0.6693180242696258,-0.6587174977918698,-0.6,0.0,0.0,-1.9223498962003558,-0.015122675165180066,-0.04122978333104266,0.0,0.0,0.0,0.0,0.5797500458677093,0.08039127659247126,0.38572701431101253,-2.307438440836352,-0.9214334,1.3702937,-0.5658396,1.0146999,2.1666043,-2.3080807,14.097945,0.001468536
letter_b,pid,83.10000000000001,0.7816625,-0.57985044,-1.1643205,0.011691312,-0.014298216,-1.5458599,-0.026470527,0.029895484,-0.0010300917,0.0020153834,-0.0024336462,-0.09233972,0.6676615859414581,-0.6628068972195366,-0.6,0.0,0.0,-1.978537927286622,-0.017563586927005215,-0.040661269189945504,0.0,0.0,0.0,0.0,0.581666210144798,0.07112418825610733,0.4326779943871468,-2.312150750586383,-1.0442736,1.4965271,-0.6810562,1.1333096,2.164385,-2.311509,15.105965,0.001573538
letter_b,pid,83.2,0.7836422,-0.5762617,-1.1644605,0.0119635435,-0.014403804,-1.5551707,-0.035399333,0.020673504,-0.0011368642,0.0013910935,-0.002144208,-0.09307871,0.6659052272487769,-0.6668730241384919,-0.6,0.0,0.0,-1.9785379272850017,-0.01756358692678317,-0.04066126918961244,0.0,0.0,0.0,0.0,0.583684933478218,0.063885528093707,0.42336727203445235,-2.3164435269437598,-1.017061,1.4763044,-0.6526275,1.111871,2.1650636,-2.3122349,14.909998,0.0015531249
letter_b,pid,83.30000000000001,0.78472745,-0.5718396,-1.1646327,0.012173309,-0.014480313,-1.5645194,-0.04406651,0.011528225,-0.0012254487,0.00075111754,-0.0018833415,-0.093462534,0.6641488685560961,-0.6709391510574467,-0.6,0.0,0.0,-1.9785379272856551,-0.01756358692683868,-0.04066126918966795,0.0,0.0,0.0,0.0,0.5858071211428,0.05854613552341914,0.4140185219206649,-2.320216674048221,-0.9869176,1.4555737,-0.6248902,1.0935462,2.1669955,-2.3118925,14.719749,0.0015333071
letter_b,pid,83.4,0.78494525,-0.5665935,-1.1648351,0.012319727,-0.014531472,-1.5738766,-0.05246936,0.0024917054,-0.0012950322,0.00010926819,-0.0016504806,-0.093549125,0.6623925098634152,-0.6750052779764015,-0.6,0.0,0.0,-1.978537927286125,-0.017563586927005215,-0.040661269190001015,0.0,0.0,0.0,0.0,0.5880569416187438,0.055518190027782514,0.40466130794713573,-2.3233832768495137,-0.95390445,1.4343624,-0.59789187,1.0783498,2.1701941,-2.3104522,14.535574,0.0015141222
letter_b,pid,83.5,0.7843236,-0.5605345,-1.1650656,0.012403621,-0.014560692,-1.5832175,-0.060597852,-0.0064201117,-0.0013451064,-0.00051837385,-0.0014428017,-0.09338811,0.6606361511707344,-0.6790714048953562,-0.6,0.0,0.0,-1.9785379272856551,-0.01756358692683868,-0.04066126918966795,0.0,0.0,0.0,0.0,0.5904648728326788,0.05501103646989374,0.39532042564533537,-2.325894852992087,-0.9180998,1.4126848,-0.5716809,1.066266,2.1746829,-2.3078725,14.35785,0.0014956092
letter_b,pid,83.60000000000001,0.78289104,-0.55367374,-1.1653216,0.012427275,-0.014571324,-1.5925215,-0.068454236,-0.015194676,-0.0013754441,-0.0011181349,-0.0012601924,-0.093021475,0.6588797924780533,-0.6831375318143118,-0.6,0.0,0.0,-1.9785379272850017,-0.01756358692678317,-0.04066126918961244,0.0,0.0,0.0,0.0,0.5930667407949981,0.05692360989074247,0.38601637901382246,-2.327732254367265,-0.8795727,1.3905425,-0.546306,1.0572758,2.1804934,-2.3041005,14.18697,0.0014778093
letter_b,pid,83.7,0.780678,-0.5460247,-1.1656005,0.0123936795,-0.014566215,-1.6017716,-0.076024406,-0.023806455,-0.0013860518,-0.0016837656,-0.0010982904,-0.09248435,0.6569448533261306,-0.6871551766072194,-0.6,0.0,0.0,-2.0337209537144463,-0.019968095472444602,-0.040008478358610766,0.0,0.0,0.0,0.0,0.5959292500908737,0.058367256442018886,0.4319493606205742,-2.3289156671129767,-0.9823982,1.5107063,-0.66189176,1.1901999,2.1858222,-2.3009217,15.174076,0.0015806329
letter_b,pid,83.80000000000001,0.7777489,-0.5376785,-1.1658981,0.012305276,-0.014529116,-1.6110907,-0.08254963,-0.03188098,-0.0013773767,-0.0022414303,-0.00078386994,-0.093178555,0.6549480437788802,-0.6911560244430713,-0.6,0.0,0.0,-2.033720953715563,-0.019968095472666647,-0.04000847835894383,0.0,0.0,0.0,0.0,0.5990626385108604,0.06312212040321484,0.4226302936203483,-2.3294058111281184,-0.9381746,1.4877168,-0.63576645,1.1853086,2.1932654,-2.2957077,14.9833145,0.001560762
letter_b,pid,83.9,0.7742133,-0.5288255,-1.1662076,0.012136843,-0.01443013,-1.6204426,-0.08706903,-0.038912646,-0.0013514967,-0.003043035,-0.00016084337,-0.09351444,0.6529512342316293,-0.6951568722789239,-0.6,0.0,0.0,-2.033720953716674,-0.019968095472722158,-0.04000847835894383,0.0,0.0,0.0,0.0,0.6024629467094638,0.06712348634784485,0.4132783248562002,-2.329232537089802,-0.89203423,1.4661164,-0.6085352,1.1826174,2.1998801,-2.2913582,14.803917,0.0015420747
letter_b,pid,84.0,0.7702022,-0.51973194,-1.1665211,0.011861352,-0.014232926,-1.6297969,-0.08886936,-0.044593915,-0.0013123812,-0.004104685,0.00083673286,-0.093549654,0.650954424684379,-0.6991577201147752,-0.6,0.0,0.0,-2.033720953717785,-0.01996809547277767,-0.04000847835894383,0.0,0.0,0.0,0.0,0.6061021143428287,0.06906615128478534,0.4039240911155511,-2.3285510731323322,-0.8447452,1.4466692,-0.5795505,1.1814746,2.204738,-2.2887545,14.637474,0.0015247368
letter_b,pid,84.10000000000001,0.7658182,-0.5106166,-1.1668319,0.011469172,-0.013923483,-1.6391289,-0.088445015,-0.04915755,-0.0012658718,-0.0052499827,0.0019874405,-0.093341745,0.6489576151371282,-0.7031585679506278,-0.6,0.0,0.0,-2.0337209537172285,-0.019968095472722158,-0.04000847835888832,0.0,0.0,0.0,0.0,0.6099402821952109,0.06909700761872661,0.3945920303010908,-2.327495524863404,-0.7967459,1.4287653,-0.54946625,1.1814857,2.2082875,-2.287415,14.482797,0.0015086246
letter_b,pid,84.2,0.76114124,-0.50166225,-1.167134,0.010963079,-0.0135019785,-1.6484194,-0.08617474,-0.052791517,-0.0012175547,-0.0063544484,0.0031493611,-0.09293739,0.6469608055898775,-0.7071594157864804,-0.6,0.0,0.0,-2.0337209537155574,-0.019968095472500114,-0.040008478358610766,0.0,0.0,0.0,0.0,0.6139277497107892,0.06744040691907834,0.38530157352756905,-2.3261828284534234,-0.7484231,1.4119278,-0.51879394,1.1822987,2.2109044,-2.286938,14.338839,0.001493629
letter_b,pid,84.30000000000001,0.7562334,-0.49302197,-1.1674235,0.010354185,-0.012977478,-1.6576524,-0.08236869,-0.055646855,-0.0011718783,-0.0073355525,0.0042325724,-0.092374176,0.6447525588451758,-0.7110944365344181,-0.6,0.0,0.0,-2.0878214580106014,-0.022331217091331457,-0.03927276384690925,0.0,0.0,0.0,0.0,0.6180234564629826,0.06224132020515233,0.430169079928326,-2.3247856116990917,-0.8413678,1.5358584,-0.6251711,1.3196617,2.2110367,-2.2888575,15.326658,0.0015965268
letter_b,pid,84.4,0.7511392,-0.48482522,-1.1676968,0.009669859,-0.012361849,-1.6669506,-0.07726818,-0.057875175,-0.0011318611,-0.008049895,0.0051933057,-0.093033075,0.6425194371360682,-0.7150217129190718,-0.6,0.0,0.0,-2.0878214580093655,-0.022331217091109412,-0.0392727638466317,0.0,0.0,0.0,0.0,0.6221481950095205,0.05801207684691045,0.4208708745514187,-2.3233769240405158,-0.79261714,1.5192187,-0.59288996,1.3194915,2.2126093,-2.289232,15.165068,0.0015796944
letter_b,pid,84.5,0.745894,-0.47718212,-1.1679522,0.008924876,-0.011671869,-1.6762811,-0.07106843,-0.059561115,-0.0010989077,-0.008603211,0.0059973127,-0.09336011,0.6402863154269606,-0.7189489893037255,-0.6,0.0,0.0,-2.0878214580095333,-0.022331217091275946,-0.03927276384690925,0.0,0.0,0.0,0.0,0.6262378812315472,0.052802846063949214,0.4115403634584469,-2.3220219041797145,-0.74421483,1.5025121,-0.5609475,1.3192447,2.2140548,-2.2896202,15.010866,0.0015636319
letter_b,pid,84.60000000000001,0.74052256,-0.47018677,-1.1681883,0.008136101,-0.010924598,-1.6856165,-0.063932344,-0.060793,-0.0010734523,-0.008977347,0.0066393083,-0.093410395,0.6380531937178525,-0.7228762656883798,-0.6,0.0,0.0,-2.0878214580095333,-0.022331217091275946,-0.03927276384690925,0.0,0.0,0.0,0.0,0.6302300653916325,0.04685004484793262,0.4022049647844357,-2.3207770790301945,-0.69641685,1.4855586,-0.52959186,1.3187337,2.2155402,-2.2898462,14.8634205,0.001548273
letter_b,pid,84.7,0.7350492,-0.46391886,-1.1684052,0.0073183225,-0.010136736,-1.6949339,-0.05601593,-0.06156505,-0.0010551655,-0.0091956435,0.0071203494,-0.093228936,0.6358200720087454,-0.7268035420730329,-0.6,0.0,0.0,-2.087821458009973,-0.022331217091109412,-0.039272763846576186,0.0,0.0,0.0,0.0,0.6340656230039192,0.040406921525728313,0.39288756671358627,-2.319693307897049,-0.64936554,1.4682859,-0.4989539,1.3178743,2.2171152,-2.2898593,14.722342,0.0015335773
letter_b,pid,84.80000000000001,0.72950166,-0.4584463,-1.1686028,0.0064829728,-0.009323877,-1.704214,-0.047453426,-0.06183366,-0.001043142,-0.009294181,0.0074492567,-0.092853166,0.6335761112972466,-0.7307269957053492,-0.6,0.0,0.0,-2.140781419659059,-0.024648053852216467,-0.03845565053434141,0.0,0.0,0.0,0.0,0.6376893161784322,0.03267574806785401,0.4365674427990127,-2.3188933525408704,-0.74098116,1.5875132,-0.6037093,1.4502413,2.2172713,-2.2911654,15.702646,0.0016356924
letter_b,pid,84.9,0.7239083,-0.45382443,-1.1687821,0.005649177,-0.00849918,-1.7135729,-0.038382363,-0.061592955,-0.0010361414,-0.009210568,0.007640094,-0.09363712,0.6311113059120362,-0.7345725607587766,-0.6,0.0,0.0,-2.1407814196568036,-0.02464805385227198,-0.03845565053461897,0.0,0.0,0.0,0.0,0.6410490542261279,0.026926561043248594,0.4272085598927044,-2.3184141716465083,-0.69501173,1.5687516,-0.57310176,1.4468416,2.218862,-2.2909136,15.537453,0.0016184846
letter_b,pid,85.0,0.7183007,-0.4500993,-1.1689442,0.0048199953,-0.007676146,-1.7229749,-0.028906144,-0.060812544,-0.0010322836,-0.009090902,0.00769909,-0.09406201,0.6286465005268259,-0.738418125812204,-0.6,0.0,0.0,-2.1407814196573804,-0.024648053852160956,-0.038455650534396923,0.0,0.0,0.0,0.0,0.6440987305760167,0.02278217794362282,0.4178065232264112,-2.3182982484226455,-0.6499119,1.5494952,-0.54324394,1.4428273,2.220462,-2.2905319,15.377174,0.0016017888
letter_b,pid,85.10000000000001,0.7127111,-0.44730884,-1.1690906,0.003998181,-0.0068663163,-1.7323899,-0.01911914,-0.05948604,-0.001030299,-0.008940848,0.007644415,-0.094185516,0.6261816951416151,-0.7422636908656322,-0.6,0.0,0.0,-2.1407814196570127,-0.024648053852105445,-0.03845565053434141,0.0,0.0,0.0,0.0,0.6467996952533704,0.02176941995897603,0.40839149274661235,-2.3185930484124833,-0.6058415,1.5298098,-0.5141522,1.4381206,2.2220154,-2.2900834,15.22174,0.001585598
letter_b,pid,85.2,0.7071714,-0.44548416,-1.1692228,0.0031863598,-0.0060793487,-1.7417928,-0.009104937,-0.057615783,-0.0010289436,-0.008763837,0.0074936794,-0.094057076,0.6237168897564048,-0.7461092559190596,-0.6,0.0,0.0,-2.140781419658036,-0.024648053852160956,-0.03845565053434141,0.0,0.0,0.0,0.0,0.6491184265257688,0.024693275910265943,0.39898862161573856,-2.319349983929829,-0.5629576,1.509763,-0.4858266,1.4326321,2.2234647,-2.2896328,15.070981,0.0015698938
letter_b,pid,85.30000000000001,0.70171326,-0.4446503,-1.1693425,0.0023870051,-0.0053231264,-1.7511625,0.0010633012,-0.055207547,-0.001027049,-0.008563157,0.0072636367,-0.093718626,0.6212520843711941,-0.7499548209724877,-0.6,0.0,0.0,-2.1407814196568036,-0.02464805385227198,-0.03845565053461897,0.0,0.0,0.0,0.0,0.6510266962493417,0.030704309767101118,0.38961889066510436,-2.3206208378657234,-0.52141035,1.4894294,-0.45824903,1.426268,2.2247474,-2.2892523,14.924678,0.001554654
letter_b,pid,85.4,0.69636744,-0.44482705,-1.1694512,0.0016026315,-0.0046038753,-1.7604815,0.011322711,-0.05227658,-0.0010234828,-0.008339797,0.0069700493,-0.09320565,0.6187422289878627,-0.7537825545465615,-0.6,0.0,0.0,-2.192561522989609,-0.026913803757633303,-0.037558832013895316,0.0,0.0,0.0,0.0,0.6524981904992448,0.04098402984955447,0.4320800462058565,-2.32252063897164,-0.61617345,1.602787,-0.5628911,1.5495048,2.2242599,-2.2905538,15.860376,0.0016521225
letter_b,pid,85.5,0.6911602,-0.44602856,-1.1695509,0.00084545783,-0.003925718,-1.7698647,0.021613214,-0.048874237,-0.0010171242,-0.008003722,0.0066311928,-0.09384088,0.6160508486121029,-0.7575384377479459,-0.6,0.0,0.0,-2.1925615229893163,-0.026913803757855348,-0.03755883201422838,0.0,0.0,0.0,0.0,0.6535044310775271,0.04983918530591898,0.42269684460644275,-2.325064681626453,-0.5770318,1.5812671,-0.5352102,1.5394455,2.2249568,-2.2905927,15.686961,0.0016340584
letter_b,pid,85.60000000000001,0.68611646,-0.44826767,-1.1696428,0.00011491856,-0.0032920002,-1.7792779,0.031919375,-0.045014404,-0.0010063326,-0.007674932,0.006257588,-0.09413768,0.6133594682363422,-0.7612943209493315,-0.6,0.0,0.0,-2.192561522990016,-0.026913803757855348,-0.03755883201417287,0.0,0.0,0.0,0.0,0.6540429581094692,0.05931223470215563,0.41328360226705474,-2.32884077706354,-0.5394713,1.5594889,-0.50810444,1.5281221,2.2253373,-2.290875,15.516596,0.0016163122
letter_b,pid,85.7,0.6812578,-0.4515531,-1.1697284,-0.0005883752,-0.0027049568,-1.7886931,0.0421959,-0.04073477,-0.0009903004,-0.007342884,0.0058596153,-0.09415162,0.610668087860582,-0.7650502041507165,-0.6,0.0,0.0,-2.1925615229898856,-0.026913803757688814,-0.03755883201395083,0.0,0.0,0.0,0.0,0.6541053305579976,0.0691897291302972,0.4038684525782035,-2.3333321143688712,-0.5036627,1.5375389,-0.481563,1.5154392,2.225352,-2.2914581,15.349133,0.001598868
letter_b,pid,85.80000000000001,0.67660356,-0.45589012,-1.1698089,-0.0012632567,-0.0021658363,-1.7980864,0.05240384,-0.036065817,-0.00096826203,-0.0070028994,0.0054464727,-0.09392982,0.6079767074848214,-0.768806087352102,-0.6,0.0,0.0,-2.192561522988909,-0.026913803757633303,-0.03755883201395083,0.0,0.0,0.0,0.0,0.6536881440448209,0.07933760408563684,0.394475118188494,-2.338402226989153,-0.46975398,1.5155067,-0.45555988,1.5013127,2.2249446,-2.2924058,15.184408,0.001581709
letter_b,pid,85.9,0.67217,-0.46128058,-1.1698854,-0.0019079474,-0.0016750993,-1.8074383,0.06250676,-0.031047136,-0.0009394421,-0.0066494527,0.0050255028,-0.093512185,0.6052853271090611,-0.772561970553487,-0.6,0.0,0.0,-2.1925615229898856,-0.026913803757688814,-0.03755883201395083,0.0,0.0,0.0,0.0,0.6527932477565977,0.08966226379552884,0.3851232686335014,-2.34403045664107,-0.43788478,1.4934663,-0.4300736,1.4856551,2.2240708,-2.2937684,15.022182,0.0015648106
letter_b,pid,86.0,0.6679709,-0.4677231,-1.1699587,-0.0025204204,-0.0012325267,-1.8167324,0.07247286,-0.025715254,-0.00090311276,-0.006280415,0.0046030437,-0.09293218,0.6025164040337466,-0.7762836549852139,-0.6,0.0,0.0,-2.2431398899182917,-0.029123770694972073,-0.03658416707863488,0.0,0.0,0.0,0.0,0.6514190952067179,0.10218035445464269,0.42640748330208084,-2.350257511435832,-0.53994775,1.6024171,-0.53339446,1.5958638,2.221082,-2.2971983,15.9009,0.0016563438
letter_b,pid,86.10000000000001,0.66401464,-0.4752121,-1.1700293,-0.003089566,-0.000837295,-1.8260815,0.08226748,-0.020137198,-0.00085857906,-0.005806688,0.0041879406,-0.09348064,0.5996040269642561,-0.7799420716930743,-0.6,0.0,0.0,-2.2431398899175705,-0.029123770695194118,-0.036584167078967944,0.0,0.0,0.0,0.0,0.6495709869652152,0.1126021769374745,0.41705837555905,-2.3570644661515607,-0.5118111,1.5797688,-0.5073634,1.5753211,2.2190566,-2.2996173,15.709126,0.0016363673
letter_b,pid,86.2,0.6603085,-0.48374176,-1.1700977,-0.0036166706,-0.00048805214,-1.835453,0.09189049,-0.014318477,-0.000804759,-0.005349513,0.003781953,-0.09370453,0.5966916498947665,-0.7836004884009334,-0.6,0.0,0.0,-2.243139889917363,-0.029123770694916562,-0.03658416707863488,0.0,0.0,0.0,0.0,0.6472818207082541,0.12304820291688733,0.4076868564700975,-2.36443828837241,-0.48582557,1.5571399,-0.48167062,1.552985,2.2164495,-2.3025725,15.518968,0.0016165593
letter_b,pid,86.30000000000001,0.6568577,-0.493305,-1.1701639,-0.004102574,-0.00018283307,-1.8448199,0.10132887,-0.008288073,-0.0007414083,-0.0049047507,0.0033909387,-0.09365704,0.5937792728252761,-0.7872589051087937,-0.6,0.0,0.0,-2.2431398899175705,-0.029123770695194118,-0.036584167078967944,0.0,0.0,0.0,0.0,0.644573215244364,0.1334882415428859,0.39831998654385226,-2.3723847625207615,-0.4621079,1.5346335,-0.45628557,1.5288111,2.2131953,-2.306127,15.330559,0.0015969332
letter_b,pid,86.4,0.6536558,-0.50384927,-1.1702276,-0.0045407596,7.2015326e-05,-1.8541597,0.11017319,-0.0022886493,-0.00066750427,-0.004398928,0.0029316323,-0.09338642,0.5908668957557857,-0.7909173218166541,-0.6,0.0,0.0,-2.2431398899182917,-0.029123770694972073,-0.03658416707863488,0.0,0.0,0.0,0.0,0.6414905195280989,0.14345825470645307,0.38898017712684885,-2.380821158388604,-0.4407526,1.5118196,-0.43167996,1.5027469,2.2097,-2.3098714,15.142738,0.0015773686
letter_b,pid,86.5,0.6506775,-0.5152487,-1.1702882,-0.004914014,0.0002589136,-1.8634541,0.1177755,0.0032786261,-0.00058223587,-0.0037258533,0.0022909988,-0.09293465,0.5879545186862961,-0.7945757385245131,-0.6,0.0,0.0,-2.2431398899175705,-0.029123770695194118,-0.036584167078967944,0.0,0.0,0.0,0.0,0.6381115851993495,0.15221293295594526,0.3796857864477219,-2.389393202040168,-0.42178336,1.4879218,-0.40864965,1.4747882,2.206714,-2.3130455,14.953573,0.0015576639
letter_b,pid,86.60000000000001,0.6478887,-0.5273135,-1.1703441,-0.0052004894,0.00035399833,-1.872688,0.12356315,0.008107374,-0.0004867476,-0.002840844,0.0014045927,-0.09233392,0.5849340329040207,-0.7981813235107933,-0.6,0.0,0.0,-2.2925104822169096,-0.03127337417013765,-0.03553367587050271,0.0,0.0,0.0,0.0,0.634527458005416,0.16086990649837626,0.4198224271784574,-2.3979675923301684,-0.5337232,1.5902452,-0.51296586,1.5694879,2.203236,-2.3166437,15.761255,0.0016417974
letter_b,pid,86.7,0.6452551,-0.539797,-1.1703932,-0.005370487,0.00033025257,-1.8819722,0.1270206,0.011973827,-0.00038467854,-0.001667109,0.00024536342,-0.092841275,0.5818066954870165,-0.8017346910978365,-0.6,0.0,0.0,-2.292510482215782,-0.03127337417035969,-0.03553367587083578,0.0,0.0,0.0,0.0,0.6308609066788391,0.1652697560787127,0.4105382884978255,-2.406421642605727,-0.5181136,1.5617005,-0.4933696,1.5369564,2.2030232,-2.3169034,15.53435,0.0016181614
letter_b,pid,86.80000000000001,0.64275616,-0.55246073,-1.1704338,-0.005415959,0.00017147971,-1.8912748,0.12820666,0.01498598,-0.00028229397,-0.0004239983,-0.0010881149,-0.093032844,0.5786793580700118,-0.8052880586848803,-0.6,0.0,0.0,-2.2925104822156768,-0.03127337417030418,-0.03553367587078027,0.0,0.0,0.0,0.0,0.6272337437929792,0.1672907501882013,0.40123567237833546,-2.41480738689752,-0.5036497,1.5310681,-0.47615176,1.5035701,2.2044795,-2.315427,15.306208,0.0015943967
letter_b,pid,86.9,0.64038354,-0.5650964,-1.1704639,-0.005338663,-0.00012547777,-1.9005688,0.12739755,0.017287986,-0.00018638375,0.00078889675,-0.00246617,-0.09295557,0.5755520206530076,-0.8088414262719235,-0.6,0.0,0.0,-2.292510482216029,-0.031273374170082135,-0.03553367587050271,0.0,0.0,0.0,0.0,0.6237338038897259,0.16723225045640797,0.39194163932815046,-2.4232505138974134,-0.48995027,1.4988883,-0.46085098,1.4697889,2.2073104,-2.3125176,15.079338,0.0015707643
letter_b,pid,87.0,0.6381378,-0.57752496,-1.1704828,-0.0051473924,-0.0005541997,-1.9098318,0.12486055,0.01900092,-0.000102236976,0.001901083,-0.003792642,-0.092651226,0.5724246832360035,-0.8123947938589667,-0.6,0.0,0.0,-2.292510482216557,-0.03127337417035969,-0.03553367587078027,0.0,0.0,0.0,0.0,0.6204293902254512,0.16538389897266653,0.3826787199027142,-2.431530449600472,-0.47669315,1.4656501,-0.447041,1.435998,2.2112296,-2.3084714,14.855879,0.0015474875
letter_b,pid,87.10000000000001,0.63602585,-0.5895946,-1.1704898,-0.0048558535,-0.0011017158,-1.9190447,0.12085005,0.020223904,-3.3395256e-05,0.0028643294,-0.0050008637,-0.09215649,0.5692973458189987,-0.8159481614460105,-0.6,0.0,0.0,-2.292510482216557,-0.03127337417035969,-0.03553367587078027,0.0,0.0,0.0,0.0,0.617371221083102,0.16201988994467967,0.3734657491690716,-2.4396074041255864,-0.46360996,1.4317907,-0.4343359,1.4025166,2.2159607,-2.3035722,14.637587,0.0015247486
letter_b,pid,87.2,0.6340586,-0.6011795,-1.1704855,-0.0044807526,-0.0017508775,-1.928192,0.11560803,0.02104177,1.8279085e-05,0.0036502308,-0.0060473625,-0.091503344,0.5660334611044917,-0.8194279011383778,-0.6,0.0,0.0,-2.3406813086281435,-0.03335815880167736,-0.03440953569294747,0.0,0.0,0.0,0.0,0.6145840004671035,0.15895210823960684,0.41248928916555805,-2.4474995059555176,-0.5761296,1.5226562,-0.5443484,1.490875,2.2195394,-2.2997944,15.38484,0.0016025876
letter_b,pid,87.30000000000001,0.63224804,-0.6121734,-1.1704707,-0.004031624,-0.0024831067,-1.9373811,0.109325536,0.021499459,5.235711e-05,0.0043303943,-0.0069104834,-0.09192213,0.5626976452243343,-0.8228688547076586,-0.6,0.0,0.0,-2.3406813086280924,-0.03335815880156634,-0.034409535692836446,0.0,0.0,0.0,0.0,0.61210021880474,0.15324638671793794,0.40330016028977456,-2.455170024569937,-0.5621047,1.4879451,-0.5313963,1.4572368,2.225073,-2.2940378,15.149424,0.0015780648
letter_b,pid,87.4,0.6306077,-0.6224908,-1.1704471,-0.0035289002,-0.003278957,-1.9465812,0.1021992,0.021667164,6.9419155e-05,0.0047987923,-0.0075875227,-0.09203273,0.5593618293441776,-0.8263098082769387,-0.6,0.0,0.0,-2.340681308628924,-0.03335815880162185,-0.034409535692836446,0.0,0.0,0.0,0.0,0.609941032214056,0.1466983221072162,0.3941000641602353,-2.4625803590429767,-0.54749244,1.4534339,-0.5185763,1.4245179,2.2308197,-2.2880557,14.922146,0.0015543904
letter_b,pid,87.5,0.62914526,-0.6320603,-1.1704167,-0.0029892472,-0.004119738,-1.9557673,0.09438488,0.02151601,7.092099e-05,0.0050953273,-0.008083596,-0.09188813,0.5560260134640207,-0.8297507618462188,-0.6,0.0,0.0,-2.340681308628924,-0.03335815880162185,-0.034409535692836446,0.0,0.0,0.0,0.0,0.6081144415240927,0.13944875540448112,0.38491403472603114,-2.4696950778554236,-0.5322584,1.419309,-0.5057627,1.3928133,2.2367132,-2.281925,14.703529,0.0015316176
letter_b,pid,87.60000000000001,0.62786275,-0.64082336,-1.1703817,-0.0024260436,-0.0049878294,-1.964918,0.08603374,0.02102139,5.8884478e-05,0.0052550486,-0.008407339,-0.091532886,0.5526901975838634,-0.8331917154154994,-0.6,0.0,0.0,-2.3406813086281177,-0.03335815880162185,-0.03440953569289196,0.0,0.0,0.0,0.0,0.6066232269022513,0.1316321249693368,0.3757632912407276,-2.476479621289602,-0.5163643,1.3857262,-0.4928514,1.3622134,2.242712,-2.2756965,14.493949,0.0015097862
letter_b,pid,87.7,0.6267574,-0.64873147,-1.1703445,-0.001849787,-0.0058674873,-1.9740164,0.07726395,0.020161066,3.559358e-05,0.0053087533,-0.008575823,-0.09100427,0.5493543817037068,-0.8366326689847795,-0.6,0.0,0.0,-2.3406813086282448,-0.03335815880189941,-0.03440953569316951,0.0,0.0,0.0,0.0,0.6054675068617764,0.12334992137047061,0.36666488063447034,-2.4829038771885408,-0.4997577,1.3527833,-0.47978303,1.3328086,2.248815,-2.2693837,14.293623,0.0014889189
letter_b,pid,87.80000000000001,0.6258228,-0.6557461,-1.1703075,-0.0012689107,-0.006744761,-1.9830483,0.068188794,0.018927598,3.4794502e-06,0.005278822,-0.008605656,-0.09033304,0.545855899755731,-0.8399771468997337,-0.6,0.0,0.0,-2.3876725541461026,-0.03537380355533859,-0.03321407649825581,0.0,0.0,0.0,0.0,0.604637448498079,0.11594811716428881,0.40462423432951317,-2.4889930684076687,-0.6050284,1.4425851,-0.5853603,1.422917,2.2532613,-2.2647579,15.020765,0.001564663
letter_b,pid,87.9,0.6250469,-0.6618361,-1.1702735,-0.0006812044,-0.007607302,-1.9921192,0.05890726,0.017292263,-3.50548e-05,0.005265257,-0.0085103065,-0.090717964,0.5423185194002348,-0.8432985545495216,-0.6,0.0,0.0,-2.387672554145574,-0.03537380355500552,-0.03321407649797825,0.0,0.0,0.0,0.0,0.6041394925526945,0.10695704914425568,0.3955533610684867,-2.4947147250428845,-0.5861852,1.4104713,-0.57039183,1.394678,2.2594776,-2.258405,14.809149,0.0015426198
letter_b,pid,88.0,0.624418,-0.66697735,-1.1702447,-9.5112686e-05,-0.008445318,-2.0012002,0.0494896,0.0152875045,-7.795704e-05,0.005170113,-0.008318299,-0.09081195,0.5387811390447379,-0.8466199621993102,-0.6,0.0,0.0,-2.387672554145319,-0.03537380355528308,-0.03321407649825581,0.0,0.0,0.0,0.0,0.6039736382943668,0.09774562131181072,0.3864723550181219,-2.5005254924800435,-0.56622887,1.3789955,-0.5550973,1.3678639,2.2658703,-2.2519288,14.60678,0.0015215395
letter_b,pid,88.10000000000001,0.6239229,-0.6711531,-1.1702234,0.00048248292,-0.009250622,-2.0102665,0.04001526,0.012923092,-0.0001229888,0.0050102673,-0.008044421,-0.0906629,0.5352437586892406,-0.8499413698490993,-0.6,0.0,0.0,-2.387672554146153,-0.03537380355528308,-0.033214076498200296,0.0,0.0,0.0,0.0,0.6041389721256404,0.08838645008725556,0.3774060117114608,-2.506001518191588,-0.54511577,1.3482069,-0.5394899,1.342581,2.27246,-2.2453194,14.41392,0.00150145
letter_b,pid,88.2,0.62354773,-0.67435116,-1.1702114,0.0010460485,-0.010016936,-2.0192986,0.030537384,0.010211032,-0.00016809731,0.0048001613,-0.007706707,-0.090311386,0.5317063783337438,-0.8532627774988879,-0.6,0.0,0.0,-2.387672554145574,-0.03537380355500552,-0.03321407649797825,0.0,0.0,0.0,0.0,0.6046364880401435,0.07893068409015049,0.36837400067877724,-2.5110254441724846,-0.5227898,1.3181149,-0.5236054,1.3189304,2.2792866,-2.2385445,14.230705,0.0014823652
letter_b,pid,88.30000000000001,0.6232783,-0.67656374,-1.1702107,0.001591169,-0.01073957,-2.0282788,0.021105368,0.0071661603,-0.0002114335,0.004551662,-0.0073202658,-0.089791626,0.5281689979782463,-0.856584185148677,-0.6,0.0,0.0,-2.387672554146357,-0.035373803555061034,-0.03321407649797825,0.0,0.0,0.0,0.0,0.6054695764796612,0.06942985676329537,0.3593937264791207,-2.5155813738753343,-0.49919623,1.2887207,-0.5074841,1.2970086,2.2863936,-2.2315688,14.057264,0.0014642985
letter_b,pid,88.4,0.6231003,-0.6777875,-1.1702225,0.002114288,-0.011415199,-2.0371938,0.011763256,0.0038077263,-0.00025133757,0.004273794,-0.0068981363,-0.08913232,0.5244453359551652,-0.8597843382532975,-0.6,0.0,0.0,-2.4335147263961074,-0.03731613069873907,-0.03194977605741611,0.0,0.0,0.0,0.0,0.6066377640831312,0.060724363722744895,0.3963209512191055,-2.519811654819054,-0.5940104,1.3791745,-0.60699606,1.39216,2.2920134,-2.2261646,14.7706585,0.0015386102
letter_b,pid,88.5,0.62299025,-0.6780913,-1.1702473,0.0026134974,-0.01202662,-2.0461454,0.0032051052,0.00038249607,-0.0002850875,0.0039702533,-0.0063034412,-0.08949864,0.5207137228852956,-0.8629793158590402,-0.6,0.0,0.0,-2.4335147263961017,-0.03731613069912765,-0.03194977605774918,0.0,0.0,0.0,0.0,0.608133269048713,0.05184040561718516,0.38736928724815245,-2.5247218347397253,-0.56706095,1.3512851,-0.588329,1.3725531,2.2990878,-2.2193847,14.589035,0.0015196912
letter_b,pid,88.60000000000001,0.6229213,-0.6776149,-1.1702838,0.00306826,-0.012549161,-2.0551052,-0.003924056,-0.0027942883,-0.00031033953,0.0034701158,-0.0054595396,-0.089575484,0.5169821098154261,-0.8661742934647827,-0.6,0.0,0.0,-2.433514726396225,-0.037316130699072136,-0.03194977605769367,0.0,0.0,0.0,0.0,0.6099191341543361,0.044330231567107595,0.3784095170456392,-2.529698037750536,-0.5384738,1.3254013,-0.56799686,1.3549244,2.3053493,-2.2134795,14.41921,0.0015020012
letter_b,pid,88.7,0.6228604,-0.67655534,-1.1703295,0.0034557339,-0.012955142,-2.064048,-0.009098918,-0.005473135,-0.00032536645,0.002752517,-0.0043341573,-0.08940848,0.5132504967455578,-0.8693692710705243,-0.6,0.0,0.0,-2.433514726396225,-0.037316130699072136,-0.03194977605769367,0.0,0.0,0.0,0.0,0.6119372695199571,0.038695341650537396,0.3694666745621187,-2.5341395655298458,-0.50839293,1.3020838,-0.54552263,1.3392136,2.3102698,-2.2089527,14.261792,0.0014856033
letter_b,pid,88.80000000000001,0.6227662,-0.67515236,-1.1703805,0.0037542188,-0.013217803,-2.0729535,-0.011916993,-0.007473633,-0.00033015796,0.0018311588,-0.002934317,-0.08903808,0.5095188836756882,-0.8725642486762668,-0.6,0.0,0.0,-2.433514726396225,-0.037316130699072136,-0.03194977605769367,0.0,0.0,0.0,0.0,0.6141093479911697,0.03527473262676719,0.3605612637955171,-2.5381296560508186,-0.4770977,1.2817007,-0.52060443,1.3252075,2.3134327,-2.2061923,14.116838,0.0014705039
letter_b,pid,88.9,0.62259823,-0.67361987,-1.1704332,0.0039512743,-0.0133257825,-2.081805,-0.012630152,-0.008849642,-0.0003270372,0.0008006257,-0.0014120557,-0.08850187,0.5057665485639923,-0.8757444427127836,-0.6,0.0,0.0,-2.4782468905336983,-0.03918111446321593,-0.030619254827224385,0.0,0.0,0.0,0.0,0.6163586460236178,0.034336228903744694,0.39644189976526567,-2.541827862554632,-0.5614422,1.3797464,-0.60706365,1.4253678,2.31356,-2.2064552,14.840122,0.001545846
letter_b,pid,89.0,0.62231773,-0.6721316,-1.1704844,0.004052811,-0.013280974,-2.0907004,-0.011615564,-0.009726872,-0.00031900112,-0.00016999588,9.663212e-05,-0.088948265,0.5018484371176802,-0.8788063681954974,-0.6,0.0,0.0,-2.4782468905330113,-0.039181114463160416,-0.030619254827224385,0.0,0.0,0.0,0.0,0.618611177647295,0.03458978171234994,0.3875465025782994,-2.545316444969246,-0.5283994,1.3631523,-0.57740587,1.4121587,2.313678,-2.206701,14.687616,0.00152996
letter_b,pid,89.10000000000001,0.6218891,-0.67083323,-1.1705315,0.0040590144,-0.0130942715,-2.0996108,-0.009143917,-0.010171315,-0.00030870692,-0.0011213173,0.0015059185,-0.08910291,0.4979303256713676,-0.8818682936782116,-0.6,0.0,0.0,-2.4782468905333546,-0.03918111446318817,-0.030619254827224385,0.0,0.0,0.0,0.0,0.6208121976780665,0.03633795252073745,0.37863608502187995,-2.548694103886791,-0.49514508,1.3478874,-0.5467459,1.3994882,2.3127244,-2.20798,14.543337,0.0015149309
letter_b,pid,89.2,0.6212789,-0.6698451,-1.1705726,0.0039756233,-0.012781704,-2.108512,-0.0054577324,-0.010255369,-0.000298048,-0.0019994003,0.0027643808,-0.08901457,0.49401221422505553,-0.8849302191609254,-0.6,0.0,0.0,-2.4782468905339607,-0.03918111446352124,-0.03061925482744643,0.0,0.0,0.0,0.0,0.6229057290005414,0.03939597903940015,0.36973496579030835,-2.5521043590944315,-0.46200353,1.3336041,-0.5154897,1.3870903,2.3109117,-2.2100713,14.406424,0.0015006693
letter_b,pid,89.30000000000001,0.6204544,-0.6692685,-1.1706064,0.0038121282,-0.012361442,-2.1173835,-0.0007341255,-0.010036296,-0.00028825636,-0.0027688544,0.0038499231,-0.08872419,0.4900941027787429,-0.8879921446436396,-0.6,0.0,0.0,-2.4782468905339607,-0.03918111446352124,-0.03061925482744643,0.0,0.0,0.0,0.0,0.6248403572175962,0.04361091879027176,0.36086341046193926,-2.5557484218134503,-0.4292528,1.3200412,-0.4839477,1.3747361,2.3084128,-2.212796,14.276107,0.0014870944
letter_b,pid,89.4,0.61938685,-0.669188,-1.170632,0.003579563,-0.011852607,-2.1262088,0.0048575653,-0.009538922,-0.00027991543,-0.0034165657,0.0047519,-0.08826558,0.4861759913324315,-0.891054070126353,-0.6,0.0,0.0,-2.4782468905336983,-0.03918111446321593,-0.030619254827224385,0.0,0.0,0.0,0.0,0.6265704758551142,0.04882483055383121,0.35203810833765337,-2.559723059176875,-0.39710656,1.306976,-0.45238224,1.3622516,2.3053656,-2.2160118,14.151676,0.0014741329
letter_b,pid,89.5,0.61805505,-0.6696774,-1.1706492,0.0032880888,-0.011273919,-2.134974,0.011177893,-0.00873659,-0.00027308846,-0.003953625,0.0054731155,-0.08766628,0.48221093844081636,-0.8940793118113916,-0.6,0.0,0.0,-2.5219150419296468,-0.040964889385014525,-0.02922527051579804,0.0,0.0,0.0,0.0,0.6280528052104302,0.05602437276193992,0.386941039091512,-2.564030452513692,-0.47944734,1.407545,-0.5315237,1.4596213,2.3003573,-2.2211294,14.849125,0.0015467837
letter_b,pid,89.60000000000001,0.61644226,-0.67079884,-1.1706581,0.0029558246,-0.010642385,-2.1437764,0.018098308,-0.007632597,-0.00026741752,-0.00431501,0.006025881,-0.08803983,0.47811444950235504,-0.8970018388629379,-0.6,0.0,0.0,-2.521915041930613,-0.04096488938470921,-0.029225270515520485,0.0,0.0,0.0,0.0,0.6292480129979985,0.0628870123732747,0.37813862515204866,-2.56861054630894,-0.44837475,1.3944545,-0.49905345,1.4451332,2.2962787,-2.2252584,14.707678,0.0015320498
letter_b,pid,89.7,0.6145379,-0.67260766,-1.170659,0.002588321,-0.009974312,-2.1525888,0.02552197,-0.006196921,-0.00026212152,-0.004612865,0.0064202384,-0.08813805,0.47401796056389367,-0.8999243659144842,-0.6,0.0,0.0,-2.521915041930293,-0.04096488938468146,-0.029225270515520485,0.0,0.0,0.0,0.0,0.6301351991783994,0.07036246138945718,0.3693261976309765,-2.573444482376268,-0.41815197,1.3813531,-0.46691838,1.4301195,2.2918184,-2.229709,14.570274,0.0015177369
letter_b,pid,89.80000000000001,0.6123356,-0.6751515,-1.1706525,0.0021911042,-0.009284225,-2.161388,0.033354513,-0.004420966,-0.00025642285,-0.004849807,0.006673107,-0.088004515,0.4699214716254316,-0.9028468929660312,-0.6,0.0,0.0,-2.5219150419324095,-0.04096488938470921,-0.029225270515409463,0.0,0.0,0.0,0.0,0.6306910937669125,0.07834981111692349,0.3605271215527708,-2.5785337214474233,-0.38894096,1.3682052,-0.43521795,1.4144821,2.2869852,-2.2344759,14.436619,0.0015038145
letter_b,pid,89.9,0.60983247,-0.6784715,-1.1706394,0.0017697443,-0.008584758,-2.1701546,0.041514907,-0.0023047044,-0.00024943025,-0.005027491,0.0068025785,-0.08767657,0.46582498268697026,-0.9057694200175775,-0.6,0.0,0.0,-2.5219150419296468,-0.040964889385014525,-0.02922527051579804,0.0,0.0,0.0,0.0,0.630897627962804,0.08676229545597054,0.35176047039644365,-2.583888003138946,-0.36089823,1.3549887,-0.40402487,1.3981153,2.2817795,-2.2395601,14.306352,0.001490245
letter_b,pid,90.0,0.60702765,-0.68260247,-1.1706204,0.001329908,-0.00788671,-2.178872,0.04993094,0.00014340732,-0.00024018838,-0.005146747,0.006826199,-0.087185994,0.4617284937485089,-0.9086919470691239,-0.6,0.0,0.0,-2.5219150419299727,-0.0409648893846537,-0.029225270515520485,0.0,0.0,0.0,0.0,0.6307424092219227,0.09552292377530332,0.3430429334705001,-2.5895207326931167,-0.3341788,1.3416922,-0.37339652,1.3809099,2.2761996,-2.2449675,14.179114,0.0014769911
letter_b,pid,90.10000000000001,0.60392344,-0.68757266,-1.1705967,0.0008770862,-0.0071993982,-2.1875274,0.05852682,0.0029159999,-0.00022773183,-0.005210831,0.0067580077,-0.086559564,0.4575614669771712,-0.911554080185883,-0.6,0.0,0.0,-2.5645706465991225,-0.04266375831732394,-0.02777071236775841,0.0,0.0,0.0,0.0,0.6302143445603211,0.10574147530255384,0.3770432284625258,-2.595502187241923,-0.4200997,1.439057,-0.4512731,1.4702305,2.2687151,-2.2522328,14.832215,0.0015450224
letter_b,pid,90.2,0.600522,-0.69340265,-1.170569,0.00042496427,-0.006530256,-2.1962156,0.067233205,0.005970769,-0.00021108064,-0.005146708,0.0066152187,-0.08688501,0.45329509114544686,-0.9143311514226582,-0.6,0.0,0.0,-2.5645706465981224,-0.04266375831765701,-0.027770712368035966,0.0,0.0,0.0,0.0,0.6293123864085157,0.11496031766685834,0.3683550170204857,-2.6018650472696305,-0.3958848,1.4249763,-0.42056823,1.4496597,2.2622545,-2.2584305,14.683977,0.0015295809
letter_b,pid,90.30000000000001,0.59682715,-0.70011055,-1.1705378,-2.4171177e-05,-0.005885546,-2.20491,0.076013625,0.009315722,-0.00018914833,-0.0050591123,0.0064101503,-0.08694415,0.4490287153137211,-0.9171082226594344,-0.6,0.0,0.0,-2.5645706465984195,-0.04266375831768476,-0.027770712368035966,0.0,0.0,0.0,0.0,0.6280491858072429,0.12433728564126936,0.3596606066966861,-2.6090135604852414,-0.37320307,1.4106625,-0.3904392,1.4278988,2.2554097,-2.2649696,14.537548,0.0015143278
letter_b,pid,90.4,0.5928433,-0.70770997,-1.170504,-0.0004675718,-0.0052700993,-2.213588,0.08482415,0.012930052,-0.00016118567,-0.004944755,0.0061565675,-0.08677907,0.44476233948199606,-0.9198852938962101,-0.6,0.0,0.0,-2.564570646599739,-0.042663758317296185,-0.0277707123677029,0.0,0.0,0.0,0.0,0.6264352499018667,0.1338272975930219,0.3509826472558668,-2.616531232770324,-0.3521993,1.3961632,-0.36090255,1.4048665,2.2481523,-2.2718818,14.392853,0.0014992555
letter_b,pid,90.5,0.5885763,-0.71621054,-1.1704681,-0.0009025532,-0.0046876557,-2.222231,0.093618594,0.016801586,-0.00012652588,-0.0048053046,0.005864846,-0.0864256,0.440495963650271,-0.9226623651329857,-0.6,0.0,0.0,-2.5645706465984195,-0.04266375831768476,-0.027770712368035966,0.0,0.0,0.0,0.0,0.6244869809313214,0.14338614091756108,0.3423397353435367,-2.6244271409786926,-0.33299246,1.3815223,-0.33196497,1.3804948,2.2404478,-2.2792044,14.249834,0.0014843576
letter_b,pid,90.60000000000001,0.5840326,-0.72561765,-1.1704304,-0.0013261897,-0.00414095,-2.230823,0.102357216,0.02090536,-8.454423e-05,-0.0046391278,0.0055446033,-0.08591435,0.43622958781854526,-0.925439436369762,-0.6,0.0,0.0,-2.5645706465982085,-0.04266375831732394,-0.02777071236781392,0.0,0.0,0.0,0.0,0.622226118517479,0.15297205715184897,0.3337476065896636,-2.6327122880010076,-0.3157016,1.3667822,-0.30362746,1.3547081,2.232268,-2.2869651,14.108415,0.0014696266
letter_b,pid,90.7,0.5792171,-0.7359338,-1.1703913,-0.0017353208,-0.0036314626,-2.239351,0.11102151,0.025210997,-3.4704946e-05,-0.004444446,0.0052079633,-0.08527132,0.43187185944149065,-0.9281307325378733,-0.6,0.0,0.0,-2.6062693636636522,-0.044274200095811844,-0.026258595177908184,0.0,0.0,0.0,0.0,0.6196745440300229,0.16360280589620912,0.36691832949922354,-2.641443442813322,-0.40920413,1.4603635,-0.38125336,1.4324127,2.2220125,-2.2967663,14.709745,0.0015322653
letter_b,pid,90.80000000000001,0.5741329,-0.7471571,-1.1703507,-0.0021193386,-0.0031596797,-2.2479076,0.119586304,0.02967157,2.3465593e-05,-0.0041509164,0.004866309,-0.08555941,0.4274444394319158,-0.9307565920556635,-0.6,0.0,0.0,-2.6062693636639276,-0.0442742000958396,-0.026258595177908184,0.0,0.0,0.0,0.0,0.616868034885123,0.17314285635379156,0.3583617251141229,-2.6506248431082096,-0.3955227,1.4450215,-0.35274053,1.4022393,2.2126617,-2.3056242,14.547001,0.0015153126
letter_b,pid,90.9,0.56878334,-0.7592836,-1.1703085,-0.0024779844,-0.0027257414,-2.2564676,0.12803009,0.034283917,9.056575e-05,-0.0038569213,0.004520786,-0.08558912,0.4230170194223425,-0.9333824515734531,-0.6,0.0,0.0,-2.6062693636625904,-0.04427420009617267,-0.02625859517818574,0.0,0.0,0.0,0.0,0.6138485009870746,0.1826312485361571,0.34980178286730235,-2.6602602762638368,-0.3838584,1.4295727,-0.3246963,1.3704106,2.202769,-2.3149843,14.385822,0.0014985232
letter_b,pid,91.0,0.56317216,-0.7723062,-1.1702642,-0.0028108426,-0.0023293633,-2.2650087,0.13632496,0.039027546,0.00016677202,-0.003561391,0.0041754143,-0.08540085,0.41858959941276774,-0.9360083110912435,-0.6,0.0,0.0,-2.606269363663518,-0.04427420009617267,-0.02625859517813023,0.0,0.0,0.0,0.0,0.6106585013541087,0.19203740140750417,0.3412606756904957,-2.670354314627323,-0.3743057,1.4140823,-0.29711834,1.3368949,2.192293,-2.3248835,14.226532,0.0014819304
letter_b,pid,91.10000000000001,0.5573027,-0.7862146,-1.1702178,-0.0031171232,-0.0019698997,-2.2735128,0.14444588,0.043872293,0.00025218306,-0.003260895,0.0038336555,-0.08502935,0.4141621794031936,-0.9386341706090333,-0.6,0.0,0.0,-2.606269363663,-0.0442742000958396,-0.026258595177963695,0.0,0.0,0.0,0.0,0.6073460514557114,0.20132976478174652,0.3327565233920038,-2.6809131563452877,-0.36695206,1.3986034,-0.27000263,1.3016541,2.1812048,-2.3353484,14.069456,0.0014655684
letter_b,pid,91.2,0.55117774,-0.8009965,-1.1701683,-0.003396027,-0.001646072,-2.2819643,0.15238528,0.048794486,0.00034678387,-0.0029555238,0.0035017028,-0.084504105,0.4097347593936196,-0.9412600301268232,-0.6,0.0,0.0,-2.606269363663518,-0.04427420009617267,-0.02625859517813023,0.0,0.0,0.0,0.0,0.603963449078694,0.21049474132844295,0.3243050616005299,-2.6919427957466384,-0.36186454,1.3832047,-0.24332489,1.264665,2.1694653,-2.346413,13.915019,0.0014494811
letter_b,pid,91.30000000000001,0.5447989,-0.81663764,-1.1701151,-0.0036466538,-0.001356202,-2.2903502,0.16013399,0.05376575,0.0004505048,-0.0026443095,0.0031834764,-0.08385019,0.40519810123272715,-0.9437732085434432,-0.6,0.0,0.0,-2.647069952115381,-0.04579287683401101,-0.024692053039954143,0.0,0.0,0.0,0.0,0.6005689655219033,0.22036720163841098,0.35671975336965334,-2.7034953411086837,-0.4656076,1.4740593,-0.32009366,1.3285455,2.1554317,-2.359715,14.471275,0.0015074244
letter_b,pid,91.4,0.538166,-0.8331208,-1.1700574,-0.003861179,-0.0010983174,-2.298762,0.16768464,0.058744542,0.00056318764,-0.002259333,0.002885574,-0.084107354,0.40061881354937,-0.9462424138474107,-0.6,0.0,0.0,-2.6470699521179775,-0.04579287683367794,-0.024692053039621076,0.0,0.0,0.0,0.0,0.5972279101211467,0.22920435144273765,0.3483078690643886,-2.715569428452733,-0.46468854,1.4584503,-0.2929141,1.2866759,2.142159,-2.372193,14.300492,0.0014896346
letter_b,pid,91.5,0.5312788,-0.8504276,-1.1699944,-0.004041487,-0.0008703803,-2.3071742,0.17502521,0.063734084,0.00068474986,-0.0018954688,0.0026041656,-0.08411321,0.396039525866013,-0.9487116191513781,-0.6,0.0,0.0,-2.647069952116785,-0.04579287683365019,-0.024692053039676587,0.0,0.0,0.0,0.0,0.5940058629187664,0.23786609265902328,0.3398957463367558,-2.72806689867219,-0.46598703,1.4429322,-0.26602152,1.2429667,2.1281672,-2.3853219,14.133787,0.0014722695
letter_b,pid,91.60000000000001,0.5241539,-0.86847204,-1.1699247,-0.0041786837,-0.0006834812,-2.3155663,0.18154404,0.06839652,0.00081536494,-0.0014450138,0.0022081346,-0.08391135,0.39146023818265585,-0.9511808244553457,-0.6,0.0,0.0,-2.6470699521155927,-0.04579287683362243,-0.024692053039732098,0.0,0.0,0.0,0.0,0.5909843928297225,0.2456587464511419,0.3315036507697675,-2.7408467100373044,-0.4698771,1.426795,-0.24016297,1.1970809,2.1139603,-2.3985868,13.969255,0.0014551306
letter_b,pid,91.7,0.5168294,-0.8870948,-1.1698469,-0.0042549316,-0.0005594462,-2.3239207,0.18656874,0.07236896,0.00095289067,-0.0008195772,0.0015894418,-0.083537996,0.386880950499298,-0.9536500297593136,-0.6,0.0,0.0,-2.647069952115634,-0.045792876834038765,-0.024692053039954143,0.0,0.0,0.0,0.0,0.5882530680048719,0.2518207046451332,0.32314922533951096,-2.753741431579379,-0.4766178,1.409274,-0.21613273,1.1487888,2.1001413,-2.4113793,13.804991,0.0014380198
letter_b,pid,91.80000000000001,0.5093703,-0.9060719,-1.1697592,-0.0042485157,-0.0005267783,-2.332223,0.18946326,0.075366616,0.0010921403,1.771101e-05,0.0006799352,-0.083021514,0.3823016628159401,-0.9561192350632814,-0.6,0.0,0.0,-2.647069952115381,-0.04579287683401101,-0.024692053039954143,0.0,0.0,0.0,0.0,0.5858981779817279,0.25565284850445485,0.31484701357778316,-2.766602604983358,-0.48623323,1.3896976,-0.19462277,1.0980871,2.0872805,-2.423133,13.6396675,0.0014207987
letter_b,pid,91.9,0.5018648,-0.92515165,-1.1696595,-0.0041420464,-0.000611765,-2.340461,0.1898945,0.07730807,0.0012247646,0.0010212966,-0.00049986946,-0.0823824,0.3775983161634899,-0.9584474811227285,-0.6,0.0,0.0,-2.687033355500635,-0.047216640841368784,-0.023074332850925305,0.0,0.0,0.0,0.0,0.5840057448531976,0.2574875132055978,0.3465723397993412,-2.7794003600463713,-0.6027978,1.4718506,-0.27672723,1.1457801,2.0740213,-2.4352155,14.150938,0.001474056
letter_b,pid,92.0,0.49439594,-0.9441152,-1.1695464,-0.003922965,-0.0008248684,-2.3487234,0.18816172,0.07832467,0.0013411978,0.0021402712,-0.0017887801,-0.082633056,0.3728766520793606,-0.9607549144078174,-0.6,0.0,0.0,-2.687033355499686,-0.047216640841368784,-0.023074332850980817,0.0,0.0,0.0,0.0,0.5826035356961196,0.25629382944784684,0.33830994393962754,-2.7920609044966525,-0.6163479,1.4477386,-0.2589511,1.0903418,2.0633442,-2.4446652,13.96551,0.0014547406
letter_b,pid,92.10000000000001,0.48704123,-0.96277726,-1.1694185,-0.0035966847,-0.0011645405,-2.3569856,0.18455923,0.07857283,0.0014341511,0.0031946492,-0.0030725794,-0.08263321,0.3681549879952306,-0.9630623476929066,-0.6,0.0,0.0,-2.687033355501584,-0.047216640841368784,-0.023074332850869794,0.0,0.0,0.0,0.0,0.5816969975391842,0.2530894217230034,0.33004778650134003,-2.804515897242944,-0.6310318,1.4222661,-0.24285315,1.0340875,2.053565,-2.4531798,13.784577,0.0014358936
letter_b,pid,92.2,0.47987202,-0.98098123,-1.1692759,-0.00317451,-0.0016211623,-2.3652258,0.17935532,0.07816465,0.0014990318,0.004125783,-0.00426981,-0.08241928,0.36343332391110134,-0.9653697809779953,-0.6,0.0,0.0,-2.6870333555004033,-0.04721664084134103,-0.023074332850925305,0.0,0.0,0.0,0.0,0.5812716355181753,0.24816614210930837,0.321807563569251,-2.8167024816538273,-0.64636916,1.3959048,-0.22802325,0.9775589,2.0444908,-2.4609675,13.610263,0.0014177359
letter_b,pid,92.30000000000001,0.47295362,-0.99859565,-1.169119,-0.0026713328,-0.0021801963,-2.3734264,0.17278568,0.07719147,0.0015336518,0.0048988285,-0.005329981,-0.08202388,0.3587116598269713,-0.9676772142630845,-0.6,0.0,0.0,-2.687033355500867,-0.04721664084139654,-0.023074332850925305,0.0,0.0,0.0,0.0,0.5812947716442938,0.2417780115352256,0.3136069181229373,-2.828566753524062,-0.6619426,1.3690535,-0.21410844,0.9212192,2.0359552,-2.4682047,13.444111,0.0014004282
letter_b,pid,92.4,0.46634224,-1.0155127,-1.1689494,-0.0021037078,-0.0028237242,-2.3815725,0.16509368,0.075724065,0.00153776,0.0054986533,-0.006217653,-0.081475906,0.35398689422165075,-0.9699807515358524,-0.6,0.0,0.0,-2.7262219524842077,-0.048542541151053165,-0.021408787583887534,0.0,0.0,0.0,0.0,0.5817218091671538,0.23468614952018288,0.3446494675141149,-2.8401025166180953,-0.77940625,1.4437332,-0.29999605,0.964323,2.0265162,-2.476346,13.950813,0.0014532098
letter_b,pid,92.5,0.46008477,-1.0316427,-1.1687695,-0.001481539,-0.0035324756,-2.3897488,0.15648544,0.07380069,0.0015126765,0.0059908074,-0.0069154887,-0.08177895,0.3491326401065927,-0.972121630294219,-0.6,0.0,0.0,-2.726221952484998,-0.04854254115027601,-0.021408787583498956,0.0,0.0,0.0,0.0,0.5825391395399567,0.22606106537488732,0.33647314076319645,-2.8512543392961742,-0.7939418,1.4164816,-0.2856702,0.90821004,2.0184958,-2.4830842,13.783249,0.0014357552
letter_b,pid,92.60000000000001,0.4542176,-1.0469108,-1.1685821,-0.0008218706,-0.0042873607,-2.3979304,0.14714043,0.07144931,0.0014605747,0.006307679,-0.007427634,-0.08182434,0.3442783859915346,-0.9742625090525856,-0.6,0.0,0.0,-2.726221952484998,-0.04854254115027601,-0.021408787583498956,0.0,0.0,0.0,0.0,0.5836522818318047,0.21660236395289442,0.32829156880274724,-2.8619666198382143,-0.8076513,1.3895398,-0.27132705,0.8532156,2.0107176,-2.4896092,13.625856,0.0014193602
letter_b,pid,92.7,0.4487673,-1.0612526,-1.1683904,-0.00013874615,-0.0050704335,-2.406095,0.13721284,0.06865553,0.0013845686,0.006481192,-0.007763621,-0.08165337,0.3394241318764766,-0.9764033878109524,-0.6,0.0,0.0,-2.7262219524832503,-0.048542541151053165,-0.021408787583943045,0.0,0.0,0.0,0.0,0.5849982532614183,0.2064426327716847,0.3201269245596663,-2.8727445865420513,-0.82037246,1.3630974,-0.2568355,0.7995604,2.0031745,-2.495943,13.478747,0.0014040362
letter_b,pid,92.80000000000001,0.44375107,-1.0746129,-1.1681982,0.0005564,-0.005865222,-2.414225,0.12684546,0.065409526,0.0012880592,0.006539231,-0.007936605,-0.08130121,0.33456987776141767,-0.9785442665693193,-0.6,0.0,0.0,-2.7262219524848708,-0.04854254115063683,-0.02140878758366549,0.0,0.0,0.0,0.0,0.5865142215612513,0.19570393736231673,0.3119968510139235,-2.8831245260237597,-0.8319417,1.3372995,-0.24209303,0.7474507,1.9958856,-2.5020847,13.341776,0.0013897683
letter_b,pid,92.9,0.4391795,-1.0869442,-1.1680092,0.0012542189,-0.0066574155,-2.4223056,0.11614726,0.061710354,0.001174573,0.0065042614,-0.007966894,-0.08079752,0.32971562364635965,-0.9806851453276859,-0.6,0.0,0.0,-2.726221952482956,-0.04854254115063683,-0.021408787583776512,0.0,0.0,0.0,0.0,0.5881392198434764,0.1844800830767741,0.3039163685290984,-2.89291735435891,-0.8422018,1.3122323,-0.22704838,0.6970789,1.9888917,-2.508009,13.214527,0.0013765133
letter_b,pid,93.0,0.43505675,-1.098207,-1.1678271,0.0019469751,-0.0074345297,-2.4303234,0.10522903,0.05756585,0.0010476083,0.0063937833,-0.007871694,-0.080167286,0.32483987324217894,-0.982796025520285,-0.6,0.0,0.0,-2.7646989579346877,-0.049767829630648075,-0.019698869334949798,0.0,0.0,0.0,0.0,0.5898263305435897,0.17319053082326946,0.33437559558422386,-2.9021284867090835,-0.9512423,1.3878368,-0.3090188,0.7456132,1.9809003,-2.5150273,13.731712,0.0014303867
letter_b,pid,93.10000000000001,0.4313807,-1.1083674,-1.1676557,0.0026354792,-0.008185511,-2.4383643,0.094183855,0.052972708,0.00091058324,0.0062872428,-0.0076663517,-0.08039215,0.31986309027912113,-0.9847659124537769,-0.6,0.0,0.0,-2.7646989579346575,-0.04976782963106441,-0.01969886933511633,0.0,0.0,0.0,0.0,0.5915627728701452,0.16125778969702442,0.3263346905854143,-2.9107118595538046,-0.9579577,1.3639718,-0.29197645,0.6979906,1.9744788,-2.5205882,13.602474,0.0014169244
letter_b,pid,93.2,0.42814592,-1.117399,-1.1674985,0.0033119263,-0.008901799,-2.4464047,0.083088875,0.04797219,0.00076643267,0.0061063413,-0.0073747416,-0.08038076,0.3148863073160642,-0.9867357993872683,-0.6,0.0,0.0,-2.7646989579348786,-0.04976782963067583,-0.019698869334949798,0.0,0.0,0.0,0.0,0.5932580531003921,0.1491001802799078,0.3182942624240144,-2.918625509684097,-0.9627561,1.3408647,-0.2744543,0.65256286,1.9685117,-2.5258253,13.480812,0.0014042513
letter_b,pid,93.30000000000001,0.42534566,-1.1252797,-1.1673584,0.0039698454,-0.009577113,-2.4544241,0.07199239,0.042584784,0.00061829196,0.005865318,-0.0070186993,-0.08016943,0.30990952435300645,-0.9887056863207604,-0.6,0.0,0.0,-2.7646989579335326,-0.04976782963062032,-0.01969886933500531,0.0,0.0,0.0,0.0,0.5948726797974053,0.1367669069933923,0.3102748150960082,-2.925836594585873,-0.9655349,1.3185035,-0.2565172,0.6094858,1.9630682,-2.5306814,13.365969,0.0013922885
letter_b,pid,93.4,0.4229713,-1.1319928,-1.1672386,0.004603845,-0.010206841,-2.462406,0.06094807,0.03683575,0.0004690428,0.005575576,-0.006614075,-0.07978937,0.3049327413899503,-0.9906755732542515,-0.6,0.0,0.0,-2.7646989579346575,-0.04976782963106441,-0.01969886933511633,0.0,0.0,0.0,0.0,0.5963751236633322,0.12431570093762614,0.30229303790597095,-2.9323164631495615,-0.96618825,1.2968737,-0.23822035,0.5689057,1.9582173,-2.5351024,13.257162,0.0013809545
letter_b,pid,93.5,0.42101428,-1.1375248,-1.1671412,0.0052094734,-0.010788211,-2.470336,0.049984716,0.030752443,0.0003213255,0.005246904,-0.0061786966,-0.07926721,0.2999559584268925,-0.9926454601877434,-0.6,0.0,0.0,-2.7646989579348786,-0.04976782963067583,-0.019698869334949798,0.0,0.0,0.0,0.0,0.5977409910383581,0.11178554682766789,0.294362997546695,-2.938046344371294,-0.9646197,1.2759273,-0.21964401,0.5309516,1.9540349,-2.5390198,13.153509,0.0013701571
letter_b,pid,93.60000000000001,0.41946426,-1.141868,-1.1670686,0.0057829143,-0.011319306,-2.4782019,0.03915584,0.024369255,0.00017757119,0.0048858365,-0.005720631,-0.078625605,0.29494242711589425,-0.9945580127111991,-0.6,0.0,0.0,-2.8025279575622934,-0.05088996668384249,-0.01794812217137398,0.0,0.0,0.0,0.0,0.5989763899829068,0.09949391627730293,0.3243260914123911,-2.9430574795088122,-1.0593745,1.3538892,-0.29650182,0.5910166,1.9491997,-2.5437655,13.662626,0.0014231903
letter_b,pid,93.7,0.41831145,-1.1450154,-1.1670221,0.0063285925,-0.011799008,-2.486088,0.02846801,0.017699856,3.9982755e-05,0.0045641335,-0.0052529583,-0.07882831,0.2898534304475166,-0.9963528249283312,-0.6,0.0,0.0,-2.8025279575634348,-0.05088996668387025,-0.01794812217131847,0.0,0.0,0.0,0.0,0.6000967281507441,0.08699694412190481,0.31643992007259003,-2.947332816796398,-1.0526394,1.3337668,-0.27628377,0.55741113,1.9463856,-2.5466683,13.54796,0.0014112458
letter_b,pid,93.80000000000001,0.4175483,-1.1469647,-1.167003,0.006841323,-0.012228333,-2.4939718,0.017932875,0.010800681,-8.971479e-05,0.004197124,-0.004792058,-0.078803055,0.2847644337791382,-0.9981476371454636,-0.6,0.0,0.0,-2.802527957563264,-0.05088996668384249,-0.01794812217131847,0.0,0.0,0.0,0.0,0.6010578226549836,0.07458609311167215,0.30855613291726763,-2.95086519966306,-1.0432758,1.3140752,-0.25588652,0.5266859,1.944433,-2.5488923,13.435766,0.001399559
letter_b,pid,93.9,0.4171677,-1.1477171,-1.1670122,0.0073169786,-0.012608864,-2.5018337,0.0075737042,0.0037040608,-0.00020959966,0.0037952135,-0.0043430356,-0.07858434,0.27967543711076054,-0.9999424493625959,-0.6,0.0,0.0,-2.802527957562919,-0.050889966684258825,-0.017948122171485004,0.0,0.0,0.0,0.0,0.6018673648538524,0.06234470127324256,0.30069428027104905,-2.9544845988415602,-1.0312366,1.2947776,-0.2353983,0.49893928,1.9433988,-2.5503805,13.32549,0.001388072
letter_b,pid,94.0,0.41716167,-1.1472789,-1.1670499,0.0077522798,-0.012942277,-2.509657,-0.002573014,-0.0035545942,-0.00031793935,0.0033665875,-0.003906421,-0.0782019,0.27458644044238373,-1.0017372615797275,-0.6,0.0,0.0,-2.8025279575624644,-0.05088996668387025,-0.01794812217137398,0.0,0.0,0.0,0.0,0.6025409851773798,0.0504162934781357,0.29287105143453473,-2.958965647717286,-1.0164748,1.2758511,-0.2148857,0.47426194,1.9433292,-2.5510833,13.216672,0.0013767366
letter_b,pid,94.10000000000001,0.41752195,-1.1456599,-1.1671158,0.00814465,-0.013230426,-2.5174282,-0.01247772,-0.010938145,-0.0004132176,0.0029179503,-0.003483801,-0.077681184,0.26949744377400525,-1.0035320737968603,-0.6,0.0,0.0,-2.802527957562919,-0.050889966684258825,-0.017948122171485004,0.0,0.0,0.0,0.0,0.6031019153797027,0.03904883108332645,0.28509979784917405,-2.9626878598343036,-0.9989479,1.2572618,-0.19441472,0.45272854,1.9442679,-2.55095,13.108888,0.0013655092
letter_b,pid,94.2,0.41824052,-1.1428738,-1.1672095,0.008492288,-0.013475562,-2.5251355,-0.022124369,-0.018413974,-0.00049416313,0.0024567007,-0.0030789485,-0.07704402,0.2643596949970104,-1.0052411481860497,-0.6,0.0,0.0,-2.8397725589421534,-0.051906626510334064,-0.016160174783896863,0.0,0.0,0.0,0.0,0.6036130119366037,0.02987150294879926,0.31463704182179203,-2.9656944831851613,-1.0758437,1.3357428,-0.26819822,0.52809733,1.9448353,-2.551353,13.584251,0.0014150263
letter_b,pid,94.30000000000001,0.41930917,-1.1389339,-1.16733,0.0088018775,-0.013679342,-2.5328622,-0.031510856,-0.025973357,-0.0005597359,0.002054723,-0.0026938291,-0.07723897,0.25916903234603034,-1.006857165664423,-0.6,0.0,0.0,-2.8397725589416747,-0.051906626509889975,-0.01616017478378584,0.0,0.0,0.0,0.0,0.6041129740885726,0.022640656112643508,0.3069103725097899,-2.9679854706710573,-1.0522952,1.3172505,-0.24678935,0.5117446,1.9477711,-2.5495415,13.459235,0.0014020037
letter_b,pid,94.4,0.42072153,-1.1338583,-1.167476,0.0090703815,-0.013844987,-2.5405858,-0.040626124,-0.033568844,-0.00060923025,0.0016285253,-0.0023361396,-0.077211805,0.25397836969505033,-1.008473183142796,-0.6,0.0,0.0,-2.8397725589416747,-0.051906626509889975,-0.01616017478378584,0.0,0.0,0.0,0.0,0.6046104461098386,0.020752895686998306,0.2991868026397948,-2.969569251459926,-1.0257901,1.2988437,-0.2255264,0.49858004,1.951841,-2.5467377,13.33424,0.0013889835
letter_b,pid,94.5,0.42247215,-1.1276665,-1.167646,0.009295974,-0.013975986,-2.5482876,-0.049470756,-0.041177236,-0.0006419051,0.0011896464,-0.0020084458,-0.07699577,0.24878770704407027,-1.0100892006211692,-0.6,0.0,0.0,-2.8397725589436247,-0.051906626509889975,-0.01616017478367482,0.0,0.0,0.0,0.0,0.6051551363828325,0.025143564492893695,0.29148492886244787,-2.970457954768313,-0.99635506,1.2804759,-0.2045057,0.48862657,1.9570847,-2.5428877,13.209379,0.001375977
letter_b,pid,94.60000000000001,0.42455578,-1.1203796,-1.1678382,0.009477769,-0.014075782,-2.5559516,-0.05803767,-0.04877354,-0.00065722695,0.00074687554,-0.0017102723,-0.0766195,0.24359704439308938,-1.0117052180995427,-0.6,0.0,0.0,-2.8397725589420015,-0.05190662651030631,-0.016160174783896863,0.0,0.0,0.0,0.0,0.6058022919618328,0.033191160027201634,0.28382096363560505,-2.970669054308663,-0.9640146,1.2621114,-0.18380684,0.4819037,1.9635352,-2.5379431,13.084891,0.0013630096
letter_b,pid,94.7,0.42696804,-1.1120207,-1.1680504,0.0096157165,-0.014147897,-2.563564,-0.06632858,-0.05633509,-0.0006548606,0.0003079849,-0.0014425382,-0.076107666,0.23840638174210935,-1.013321235577916,-0.6,0.0,0.0,-2.8397725589415987,-0.0519066265098761,-0.01616017478378584,0.0,0.0,0.0,0.0,0.6066121949603003,0.04269010961429563,0.2762084968230685,-2.970223543011762,-0.9288018,1.243707,-0.16350918,0.47841433,1.9712243,-2.531855,12.961111,0.0013501156
letter_b,pid,94.80000000000001,0.42970526,-1.1026144,-1.1682804,0.0097103035,-0.014195816,-2.5711138,-0.07434428,-0.063835695,-0.00063464453,-0.00012221721,-0.0012050356,-0.07548131,0.2331583038016914,-1.0148222146257042,-0.6,0.0,0.0,-2.876496142310919,-0.0528157019259734,-0.01433873296619037,0.0,0.0,0.0,0.0,0.6076847424564384,0.05397991870707091,0.30538231746655864,-2.969194200811086,-0.98668814,1.3206941,-0.2364586,0.57046455,1.9787087,-2.526049,13.39534,0.0013953481
letter_b,pid,94.9,0.43276238,-1.092186,-1.1685258,0.009770101,-0.014221421,-2.5786827,-0.082073815,-0.07126966,-0.0005965798,-0.0004764617,-0.00099092,-0.07567532,0.2278767336091005,-1.0162560879223186,-0.6,0.0,0.0,-2.876496142311087,-0.05281570192641749,-0.014338732966301393,0.0,0.0,0.0,0.0,0.6090690271693736,0.06401190269049606,0.2978134812545683,-2.967600020856608,-0.9453879,1.3016784,-0.21592034,0.57221085,1.9887886,-2.5177076,13.256304,0.001380865
letter_b,pid,95.0,0.4361365,-1.0807642,-1.1687839,0.009793713,-0.014228108,-2.586249,-0.08951486,-0.07859752,-0.00054081436,-0.0008398892,-0.00080602383,-0.07565169,0.22259516341651134,-1.017689961218932,-0.6,0.0,0.0,-2.876496142310817,-0.05281570192554319,-0.014338732966079348,0.0,0.0,0.0,0.0,0.6108137140027146,0.07400211309993442,0.2902470292279311,-2.9654661181994486,-0.9011598,1.2824198,-0.19583999,0.5771,2.0001574,-2.5081158,13.119361,0.0013666
letter_b,pid,95.10000000000001,0.43982506,-1.0683784,-1.1690522,0.009780886,-0.014219186,-2.5937943,-0.096672684,-0.08580523,-0.00046760682,-0.0012017838,-0.00064965826,-0.07544254,0.2173135932239204,-1.0191238345155462,-0.6,0.0,0.0,-2.876496142310919,-0.0528157019259734,-0.01433873296619037,0.0,0.0,0.0,0.0,0.6129908844958609,0.08385173644332425,0.2827017964552061,-2.9628192146432593,-0.8540808,1.2628946,-0.17629516,0.585109,2.0128314,-2.49724,12.985488,0.0013526549
letter_b,pid,95.2,0.443825,-1.0550609,-1.169328,0.009731778,-0.014197415,-2.6013029,-0.10353415,-0.09286418,-0.0003773646,-0.0015586863,-0.0005166001,-0.07507545,0.2120320230313304,-1.02055770781216,-0.6,0.0,0.0,-2.8764961423110518,-0.05281570192600116,-0.01433873296619037,0.0,0.0,0.0,0.0,0.61567263807409,0.09348127420015595,0.2751932801436934,-2.9596925899219517,-0.8042048,1.2431012,-0.15733087,0.5962273,2.0268064,-2.4850647,12.855777,0.0013391435
letter_b,pid,95.30000000000001,0.44813535,-1.0408442,-1.1696085,0.009647075,-0.014165846,-2.608761,-0.11012089,-0.09975247,-0.00027067363,-0.0019058649,-0.00041006118,-0.074574314,0.20675045283873947,-1.021991581108774,-0.6,0.0,0.0,-2.876496142312943,-0.05281570192598728,-0.014338732966079348,0.0,0.0,0.0,0.0,0.6189312574479257,0.10285652508826892,0.2677350701541297,-2.9561212255724287,-0.7516112,1.2230037,-0.13902129,0.6104139,2.0420878,-2.471566,12.73135,0.0013261823
letter_b,pid,95.4,0.452755,-1.0257614,-1.1698909,0.009528194,-0.014127304,-2.6161578,-0.116437666,-0.10645876,-0.00014820708,-0.0022365835,-0.0003280788,-0.07395983,0.20140622339916314,-1.023280392663755,-0.6,0.0,0.0,-2.9127616957129048,-0.053615308734544787,-0.012487571934838293,0.0,0.0,0.0,0.0,0.6228627301384582,0.11303652015575841,0.2966039255560444,-2.9521919130891625,-0.7912184,1.2969068,-0.21299691,0.7186853,2.057168,-2.4582317,13.144713,0.001369241
letter_b,pid,95.5,0.45768332,-1.0098444,-1.1701727,0.009384369,-0.01408341,-2.623574,-0.12250044,-0.11298375,-1.0755236e-05,-0.0024859195,-0.00026762218,-0.07415501,0.1960446925257175,-1.0245291498572406,-0.6,0.0,0.0,-2.9127616957129048,-0.053615308734544787,-0.012487571934838293,0.0,0.0,0.0,0.0,0.6275088151442102,0.12183859472151681,0.2891876772345112,-2.947872654831415,-0.73299104,1.2757037,-0.19494425,0.73765683,2.0749264,-2.4421663,13.016333,0.0013558678
letter_b,pid,95.60000000000001,0.46287155,-0.9931873,-1.17045,0.009205937,-0.014021136,-2.6309876,-0.12758133,-0.119031735,0.00014050638,-0.0028283894,-7.294339e-05,-0.07413266,0.1906831616522718,-1.025777907050726,-0.6,0.0,0.0,-2.91276169571277,-0.053615308734988876,-0.012487571934949315,0.0,0.0,0.0,0.0,0.632899547661833,0.12970216036652993,0.2817740515172136,-2.943095518359778,-0.6716038,1.254825,-0.17679104,0.76001227,2.0935662,-2.4251401,12.898835,0.0013436287
letter_b,pid,95.7,0.46818012,-0.97598696,-1.1707169,0.008970772,-0.013903382,-2.6383796,-0.13039815,-0.12412297,0.00030150803,-0.0033880442,0.000497067,-0.07391929,0.18532163077882524,-1.0270266642442116,-0.6,0.0,0.0,-2.9127616957148685,-0.053615308734544787,-0.01248757193472727,0.0,0.0,0.0,0.0,0.6390084003326825,0.13549228144733197,0.27438212189284705,-2.9378865060992143,-0.60639566,1.2356254,-0.15726095,0.7864907,2.1123083,-2.407902,12.797623,0.0013330858
letter_b,pid,95.80000000000001,0.47343606,-0.958466,-1.170967,0.008659908,-0.013695608,-2.6457334,-0.13055986,-0.12814537,0.00046431136,-0.0041310205,0.0014180543,-0.073545136,0.1799600999053796,-1.028275421437697,-0.6,0.0,0.0,-2.9127616957128475,-0.05361530873453091,-0.012487571934838293,0.0,0.0,0.0,0.0,0.6457590800470476,0.13891510122299242,0.2670283392370174,-2.932347106031675,-0.5376323,1.2183853,-0.13613011,0.81688315,2.1308515,-2.3907287,12.715453,0.0013245264
letter_b,pid,95.9,0.4784941,-0.9408062,-1.1711947,0.008266593,-0.013384568,-2.6530356,-0.12853079,-0.1312621,0.00062021957,-0.0049331984,0.002477984,-0.07304013,0.17459856903193394,-1.0295241786311824,-0.6,0.0,0.0,-2.91276169571277,-0.053615308734988876,-0.012487571934949315,0.0,0.0,0.0,0.0,0.6530595151869313,0.14042827479733014,0.2597260549962175,-2.9265625252960685,-0.46623385,1.2024271,-0.11411028,0.85030353,2.1493495,-2.373453,12.652225,0.0013179401
letter_b,pid,96.0,0.48323008,-0.9231578,-1.1713957,0.007792856,-0.0129705155,-2.660276,-0.12466798,-0.13360752,0.00076262763,-0.00570643,0.003541913,-0.07242838,0.16917261889357182,-1.0305973060299494,-0.6,0.0,0.0,-2.948631720431401,-0.05430378962834048,-0.010610528503818273,0.0,0.0,0.0,0.0,0.6608088499665186,0.14170377969535283,0.28835578430469194,-2.920651551136792,-0.48686242,1.280552,-0.18230715,0.9759968,2.166381,-2.3574839,13.11359,0.0013659991
letter_b,pid,96.10000000000001,0.4875364,-0.90564466,-1.1715671,0.007253513,-0.012460972,-2.667535,-0.11925947,-0.1352951,0.00088715117,-0.006334972,0.004529625,-0.07262464,0.16374223993074583,-1.0316583588803296,-0.6,0.0,0.0,-2.948631720431449,-0.05430378962835436,-0.010610528503818273,0.0,0.0,0.0,0.0,0.6688879141176856,0.14059256020750166,0.2810966538268347,-2.9146601632642937,-0.41190338,1.2652316,-0.15889296,1.0122211,2.1850288,-2.3397305,13.069004,0.0013613546
letter_b,pid,96.2,0.4913266,-0.88838494,-1.1717069,0.006652303,-0.011869376,-2.6747932,-0.1125216,-0.13625795,0.0009917947,-0.006916511,0.0053893807,-0.07261655,0.15831186096792071,-1.03271941173071,-0.6,0.0,0.0,-2.948631720431401,-0.05430378962834048,-0.010610528503818273,0.0,0.0,0.0,0.0,0.6771853907206496,0.13848310792083945,0.27383847702319786,-2.9086318133890057,-0.3359399,1.2497993,-0.13583104,1.0496904,2.203859,-2.3216186,13.042061,0.0013585481
letter_b,pid,96.30000000000001,0.4945294,-0.8714917,-1.1718144,0.0059926286,-0.011210952,-2.6820328,-0.10463145,-0.13644128,0.0010751158,-0.0074560153,0.006102536,-0.07243291,0.1528814820050956,-1.0337804645810902,-0.6,0.0,0.0,-2.94863172043294,-0.05430378962878457,-0.010610528503818273,0.0,0.0,0.0,0.0,0.6855893127105585,0.13552640253480389,0.2665988968703181,-2.9026100086090043,-0.25938153,1.234053,-0.11337954,1.0880511,2.2228148,-2.3032038,13.03253,0.001357555
letter_b,pid,96.4,0.4970871,-0.85507184,-1.1718895,0.0052782563,-0.010501662,-2.689239,-0.09575666,-0.1358136,0.0011365543,-0.007951595,0.006660955,-0.072099105,0.14745110304226958,-1.0348415174314705,-0.6,0.0,0.0,-2.948631720430971,-0.05430378962878457,-0.010610528503929295,0.0,0.0,0.0,0.0,0.6939885519133018,0.1318917722208909,0.2593926953150043,-2.8966394573200587,-0.18264064,1.2178351,-0.09174396,1.1269383,2.241834,-2.284549,13.03987,0.0013583199
letter_b,pid,96.5,0.49895602,-0.8392243,-1.1719332,0.004513729,-0.009757893,-2.6963995,-0.08607639,-0.13436323,0.0011763369,-0.008397212,0.007059673,-0.07163729,0.14201567207946952,-1.0358859120768356,-0.6,0.0,0.0,-2.984168194239997,-0.05487971762606347,-0.008711493132196324,0.0,0.0,0.0,0.0,0.7022747104362176,0.1294719134096973,0.2877687439378729,-2.8908099375844682,-0.19882649,1.2931018,-0.161161,1.2554363,2.2596374,-2.2669404,13.558718,0.0014123664
letter_b,pid,96.60000000000001,0.50010216,-0.82403934,-1.1719471,0.0037113512,-0.008994417,-2.7035918,-0.07573336,-0.13210793,0.0011953325,-0.008725587,0.0073100496,-0.0719539,0.13652770031691885,-1.0367570613900485,-0.6,0.0,0.0,-2.9841681942399183,-0.05487971762603572,-0.008711493132196324,0.0,0.0,0.0,0.0,0.7103229746851429,0.12515184220383574,0.28057637066203744,-2.8851543404198203,-0.12250757,1.2750864,-0.14052242,1.2931012,2.2784982,-2.2481153,13.578287,0.0014144048
letter_b,pid,96.7,0.50050205,-0.8096016,-1.1719339,0.0028746652,-0.008225977,-2.7107942,-0.0648523,-0.12904924,0.0011955658,-0.009014674,0.0074170474,-0.07205005,0.1310397285543682,-1.0376282107032613,-0.6,0.0,0.0,-2.984168194240639,-0.05487971762559163,-0.008711493132085302,0.0,0.0,0.0,0.0,0.7180577370095829,0.12075618168699916,0.2733739838066791,-2.8797068262114993,-0.047007486,1.2561762,-0.121010184,1.3301789,2.2972622,-2.2292404,13.611134,0.0014178265
letter_b,pid,96.80000000000001,0.5001393,-0.7959876,-1.171896,0.0020087203,-0.0074656717,-2.717988,-0.053550724,-0.12521313,0.0011786578,-0.009251203,0.007396233,-0.071957015,0.12555175679181846,-1.038499360016474,-0.6,0.0,0.0,-2.9841681942399183,-0.05487971762603572,-0.008711493132196324,0.0,0.0,0.0,0.0,0.7253914724332581,0.1165151799384524,0.2661801800187269,-2.874502030459755,0.027292134,1.2363772,-0.102680385,1.3663498,2.3158572,-2.210402,13.655901,0.0014224896
letter_b,pid,96.9,0.49900204,-0.78326666,-1.1718369,0.0011199432,-0.006724464,-2.725157,-0.04191612,-0.120638326,0.0011466037,-0.009422975,0.0072680674,-0.071702205,0.12006378502926872,-1.0393705093296868,-0.6,0.0,0.0,-2.984168194240639,-0.05487971762559163,-0.008711493132085302,0.0,0.0,0.0,0.0,0.7322436527228267,0.11268090084940183,0.25901117176444277,-2.8695760788271594,0.10003753,1.2157397,-0.085538484,1.4013157,2.3342116,-2.1916916,13.711088,0.0014282385
letter_b,pid,97.0,0.49708346,-0.7715007,-1.1717598,0.00021558229,-0.0060116523,-2.7322872,-0.030041726,-0.11536357,0.0011016792,-0.009523081,0.007048256,-0.07130931,0.11457581326671896,-1.0402416586428993,-0.6,0.0,0.0,-2.984168194239958,-0.054879717626049596,-0.008711493132196324,0.0,0.0,0.0,0.0,0.7385412070497402,0.10951166420896861,0.2518810257371502,-2.8656648387465253,0.1708949,1.1943129,-0.06958431,1.434792,2.3522525,-2.1732004,13.77495,0.0014348906
letter_b,pid,97.10000000000001,0.49438077,-0.76074356,-1.1716684,-0.000696293,-0.0053348923,-2.7393672,-0.018009918,-0.109441265,0.0010464116,-0.009544368,0.006752339,-0.07079895,0.10907675996178175,-1.0410668426098366,-0.6,0.0,0.0,-3.0194325814040814,-0.055341899028026054,-0.006794401860688026,0.0,0.0,0.0,0.0,0.7442076973420211,0.1092298054853662,0.2800653347762738,-2.8623703089858945,0.14747384,1.263576,-0.14413859,1.5551884,2.3686445,-2.156282,14.317787,0.0014914363
letter_b,pid,97.2,0.49089372,-0.75103974,-1.171566,-0.0016006104,-0.0046999883,-2.7464747,-0.0058942675,-0.10294527,0.0009834728,-0.009422347,0.006398527,-0.071069226,0.10354257005903532,-1.0417462827958999,-0.6,0.0,0.0,-3.0194325814030805,-0.05534189902756809,-0.006794401860688026,0.0,0.0,0.0,0.0,0.749158801496199,0.10812504138626393,0.27295783851367617,-2.8595079731665454,0.21407822,1.2402536,-0.12939784,1.5837296,2.385761,-2.1385806,14.374384,0.0014973317
letter_b,pid,97.30000000000001,0.48662576,-0.74242896,-1.1714561,-0.0024916353,-0.004111805,-2.7535884,0.0062516257,-0.095903106,0.0009161308,-0.0092445975,0.005995687,-0.07112813,0.09800838015628707,-1.0424257229819636,-0.6,0.0,0.0,-3.0194325814050416,-0.05534189902756115,-0.006794401860577004,0.0,0.0,0.0,0.0,0.7533814437991989,0.10832803305452528,0.26584414337098394,-2.8571166606772573,0.2781362,1.2161857,-0.11568697,1.6100088,2.4023936,-2.1213205,14.4334755,0.001503487
letter_b,pid,97.4,0.481581,-0.7349441,-1.1713419,-0.0033630284,-0.0035734815,-2.7606905,0.018383868,-0.08837343,0.0008467818,-0.009005949,0.005560172,-0.07100529,0.09247419025353973,-1.0431051631680268,-0.6,0.0,0.0,-3.0194325814040814,-0.055341899028026054,-0.006794401860688026,0.0,0.0,0.0,0.0,0.7568347978166835,0.10996064574719115,0.2587421307357465,-2.855237338434946,0.3393942,1.1914988,-0.102940015,1.633833,2.418464,-2.1045969,14.493161,0.0015097043
letter_b,pid,97.5,0.4757663,-0.7286107,-1.1712261,-0.004208222,-0.0030872696,-2.7677648,0.030438637,-0.08041469,0.0007778564,-0.008704738,0.0051000025,-0.070726514,0.08694000035079238,-1.0437846033540903,-0.6,0.0,0.0,-3.0194325814030654,-0.05534189902756115,-0.006794401860688026,0.0,0.0,0.0,0.0,0.7594865321255608,0.11304358593372883,0.25166777465562884,-2.8539089483912026,0.3976106,1.1662937,-0.09111113,1.6550155,2.4339,-2.0884948,14.5513935,0.00151577
letter_b,pid,97.60000000000001,0.4691885,-0.7234486,-1.1711116,-0.0050208615,-0.0026539587,-2.7747982,0.04238719,-0.0720807,0.00071166654,-0.008343531,0.004629045,-0.0703141,0.08140581044804412,-1.044464043540154,-0.6,0.0,0.0,-3.0194325814030654,-0.05534189902756115,-0.006794401860688026,0.0,0.0,0.0,0.0,0.7613112343309152,0.11753204873340889,0.24463442657213275,-2.8531600950719924,0.45259413,1.1407012,-0.080115564,1.6734109,2.4486232,-2.0731068,14.606291,0.0015214887
letter_b,pid,97.7,0.46185568,-0.71947247,-1.1710004,-0.005795226,-0.0022734017,-2.7817788,0.054194067,-0.06341761,0.00065038924,-0.007928909,0.0041560144,-0.06978723,0.07585800595467315,-1.0450678178558301,-0.6,0.0,0.0,-3.0544858798267587,-0.05568937589273126,-0.00486322815373974,0.0,0.0,0.0,0.0,0.7622650122212004,0.12451269011786302,0.2727070674183114,-2.8530446684734905,0.41255036,1.2057236,-0.15867367,1.7769476,2.4612396,-2.059836,15.107311,0.0015736782
letter_b,pid,97.80000000000001,0.45377514,-0.7166899,-1.1708941,-0.00651971,-0.001944648,-2.7887847,0.06583585,-0.054499846,0.00059607014,-0.0074041113,0.0036934814,-0.07003781,0.07028906836540785,-1.045554140671204,-0.6,0.0,0.0,-3.0544858798255037,-0.05568937589319617,-0.004863228153850763,0.0,0.0,0.0,0.0,0.7623210544928364,0.1312727286143384,0.265701137470157,-2.8535494575587212,0.46100742,1.17917,-0.14805882,1.7882363,2.47421,-2.0462272,15.131441,0.0015761917
letter_b,pid,97.9,0.44495684,-0.715105,-1.1707945,-0.0071921865,-0.001666473,-2.7957947,0.077277005,-0.04534726,0.00055102643,-0.0068610865,0.0032387173,-0.070080005,0.06472013077614348,-1.0460404634865774,-0.6,0.0,0.0,-3.05448587982678,-0.05568937589274514,-0.00486322815373974,0.0,0.0,0.0,0.0,0.7615146640796779,0.13899395206976417,0.2586911544086892,-2.8546510685219717,0.50596994,1.1523607,-0.1380258,1.7963564,2.486285,-2.033535,15.146766,0.001577788
letter_b,pid,98.0,0.43541235,-0.71471715,-1.1707022,-0.00781074,-0.0014372412,-2.8027906,0.0884819,-0.03600435,0.0005166382,-0.0063021216,0.0027954243,-0.069942415,0.05915119318688004,-1.046526786301951,-0.6,0.0,0.0,-3.0544858798274874,-0.05568937589319964,-0.00486322815373974,0.0,0.0,0.0,0.0,0.7598494020583382,0.14749709840868022,0.25169523804281946,-2.8563235763938515,0.54729855,1.125417,-0.12851351,1.8012291,2.4973814,-2.0218437,15.151808,0.0015783132
letter_b,pid,98.10000000000001,0.42515236,-0.7155207,-1.1706177,-0.0083733685,-0.001254538,-2.8097575,0.09943883,-0.026526356,0.0004941546,-0.0057264087,0.00237112,-0.0696503,0.05358225559761474,-1.0470131091173247,-0.6,0.0,0.0,-3.0544858798255037,-0.05568937589319617,-0.004863228153850763,0.0,0.0,0.0,0.0,0.7573348884335931,0.156634274477021,0.24472840874090895,-2.8585409272426645,0.5848834,1.0984746,-0.11943484,1.8027928,2.5074248,-2.0112271,15.145275,0.001577633
letter_b,pid,98.2,0.41418907,-0.7175047,-1.1705413,-0.008878283,-0.0011158657,-2.8166814,0.11011644,-0.01696292,0.00048468672,-0.0051360116,0.0019664355,-0.06922554,0.04801331800835037,-1.0474994319326982,-0.6,0.0,0.0,-3.0544858798247856,-0.05568937589273473,-0.004863228153850763,0.0,0.0,0.0,0.0,0.7539884464968255,0.16624742122456604,0.23780449478450236,-2.86128465014541,0.6186244,1.0716388,-0.11073034,1.8009936,2.5163493,-2.0017502,15.125963,0.0015756212
letter_b,pid,98.30000000000001,0.40253586,-0.72065544,-1.1704724,-0.009324552,-0.0010184962,-2.8235512,0.12049389,-0.0073454115,0.00048909,-0.0045393496,0.0015835705,-0.06868688,0.04243176004011217,-1.0478801778038846,-0.6,0.0,0.0,-3.0893886968730326,-0.05592142802223962,-0.0029219746638942112,0.0,0.0,0.0,0.0,0.7497931236595243,0.17647144253675218,0.265837518894517,-2.864583832150868,0.5571319,1.1355218,-0.19073732,1.883391,2.5227215,-1.9948392,15.526855,0.0016173808
letter_b,pid,98.4,0.3902068,-0.724954,-1.1704104,-0.009705692,-0.00096005463,-2.8304443,0.13054961,0.0022714308,0.0005080064,-0.0038816028,0.0012271283,-0.068922155,0.03683961723789763,-1.0481723752702687,-0.6,0.0,0.0,-3.0893886968730295,-0.05592142802223615,-0.0029219746638942112,0.0,0.0,0.0,0.0,0.7447862151107172,0.18654403615630216,0.2589443609355295,-2.8684311743947344,0.5834348,1.108654,-0.1815495,1.8736384,2.5291011,-1.9879277,15.461201,0.0016105417
letter_b,pid,98.5,0.37721485,-0.73038006,-1.1703542,-0.010023885,-0.00093710306,-2.8373399,0.14029384,0.011875395,0.0005421556,-0.0032481346,0.0008987645,-0.06895099,0.03124747443568309,-1.048464572736653,-0.6,0.0,0.0,-3.089388696875011,-0.05592142802223789,-0.002921974663783189,0.0,0.0,0.0,0.0,0.7390366362830283,0.1967731845094219,0.25204881879273566,-2.872825244100105,0.6059518,1.0820054,-0.17249325,1.8604504,2.534207,-1.9822861,15.380606,0.0016021467
letter_b,pid,98.60000000000001,0.36357263,-0.7369115,-1.1703025,-0.010281566,-0.0009459723,-2.8442204,0.1497237,0.021439841,0.00059163454,-0.0026412816,0.0006009854,-0.06880155,0.025655331633467626,-1.0487567702030374,-0.6,0.0,0.0,-3.0893886968734625,-0.05592142802270106,-0.0029219746638942112,0.0,0.0,0.0,0.0,0.7325848344423035,0.20708395445989855,0.2451682970168951,-2.8777686604298447,0.6246523,1.0556972,-0.16350155,1.8438511,2.5379643,-1.9779785,15.284868,0.0015921738
letter_b,pid,98.7,0.34929463,-0.74452406,-1.1702538,-0.010481528,-0.0009832958,-2.8510702,0.15881914,0.030943803,0.00065642735,-0.0020644192,0.00033104164,-0.06849856,0.020063188831254013,-1.0490489676694215,-0.6,0.0,0.0,-3.0893886968730313,-0.05592142802223789,-0.0029219746638942112,0.0,0.0,0.0,0.0,0.7254778463523083,0.2173955679249814,0.23831853123887603,-2.8832688751222486,0.6395112,1.0298241,-0.15452974,1.823865,2.540305,-1.9750618,15.173894,0.001580614
letter_b,pid,98.80000000000001,0.33439595,-0.7531914,-1.1702058,-0.010626552,-0.0010457631,-2.8578763,0.16757198,0.04035844,0.0007363731,-0.0015171687,8.873161e-05,-0.06806383,0.014471046029038547,-1.0493411651358058,-0.6,0.0,0.0,-3.089388696875444,-0.05592142802270279,-0.002921974663783189,0.0,0.0,0.0,0.0,0.7177682828861651,0.2276467404787517,0.23151239606367646,-2.8893373473428188,0.65052086,1.0044832,-0.14551936,1.8005234,2.5411701,-1.9735792,15.047785,0.0015674775
letter_b,pid,98.9,0.3188906,-0.7628852,-1.1701571,-0.010719297,-0.0011298321,-2.8646274,0.17599045,0.049652766,0.00083117647,-0.0009980514,-0.00012324289,-0.06751645,0.008870820522020479,-1.049497848065522,-0.6,0.0,0.0,-3.1242013464547633,-0.05603757445259497,-0.0009746649353159498,0.0,0.0,0.0,0.0,0.7094632881705717,0.23748859043619377,0.2595739851571559,-2.896025660117133,0.56649685,1.0700643,-0.22456959,1.8611307,2.539106,-1.9749731,15.327772,0.0015966431
letter_b,pid,99.0,0.30279255,-0.77357364,-1.1701053,-0.010756464,-0.0012326612,-2.8714008,0.18407209,0.058786202,0.0009404576,-0.0004481942,-0.00030217523,-0.06774202,0.003267063076771208,-1.0495953145590473,-0.6,0.0,0.0,-3.1242013464568887,-0.05603757445306117,-0.0009746649352049275,0.0,0.0,0.0,0.0,0.700659389290821,0.24743665393876613,0.2528005133270059,-2.9033430657681825,0.570255,1.0455366,-0.21425588,1.8300475,2.5367777,-1.9765626,15.155357,0.0015786832
letter_b,pid,99.10000000000001,0.28611562,-0.78522485,-1.1700482,-0.010742889,-0.0013508627,-2.8781765,0.19181839,0.06776403,0.0010638015,5.2229254e-05,-0.00045315598,-0.067763865,-0.0023366943684799265,-1.0496927810525727,-0.6,0.0,0.0,-3.124201346456744,-0.05603757445259453,-0.0009746649352049275,0.0,0.0,0.0,0.0,0.6914499345225916,0.2572133686131722,0.24602489572737388,-2.9113001854463016,0.5704069,1.021603,-0.20370123,1.7957112,2.5328896,-1.9796271,14.969563,0.0015593296
letter_b,pid,99.2,0.26887286,-0.7978061,-1.1699835,-0.010683128,-0.0014809867,-2.8849363,0.1992397,0.07656733,0.0012004896,0.00050628936,-0.0005749612,-0.06760994,-0.00794045181373013,-1.0497902475460978,-0.6,0.0,0.0,-3.1242013464549077,-0.056037574453059874,-0.0009746649353159498,0.0,0.0,0.0,0.0,0.6819111554527113,0.2667970941566418,0.23926501375227094,-2.9199077891905993,0.5669766,0.9983708,-0.19285354,1.758201,2.5273933,-1.9841998,14.771436,0.0015386911
letter_b,pid,99.30000000000001,0.25107783,-0.81128347,-1.169909,-0.010581473,-0.0016199015,-2.8916657,0.20633437,0.08517757,0.0013497674,0.000916891,-0.00067017274,-0.06730486,-0.013544209258981265,-1.049887714039623,-0.6,0.0,0.0,-3.1242013464568883,-0.05603757445306074,-0.0009746649352049275,0.0,0.0,0.0,0.0,0.6721257906590741,0.27615768217719655,0.23253564935910995,-2.929102346603077,0.5599925,0.97592,-0.1816765,1.717589,2.5202527,-1.9903028,14.562109,0.0015168864
letter_b,pid,99.4,0.23279303,-0.8255834,-1.1698222,-0.010433489,-0.0017771912,-2.898352,0.21253663,0.09332144,0.0015105832,0.0013715304,-0.0008653371,-0.06687369,-0.01914796670423147,-1.0499851805331482,-0.6,0.0,0.0,-3.124201346456744,-0.05603757445259497,-0.0009746649352049275,0.0,0.0,0.0,0.0,0.662214304534629,0.2846509137090145,0.22584943872664143,-2.938766882390616,0.54895234,0.95381594,-0.17063737,1.6734056,2.5116956,-1.997693,14.339909,0.0014937405
letter_b,pid,99.5,0.21415874,-0.840577,-1.1697208,-0.010224868,-0.0019784118,-2.904984,0.21697079,0.10062936,0.0016790174,0.0019683451,-0.0013201479,-0.06633849,-0.1041000000000059,-1.0427499999999994,-0.6,0.0,0.0,3.0555983623955525,-0.9918000000098472,0.08550000000084879,0.0,0.0,0.0,0.0,0.6831868718033751,1.2088666307009357,0.32260294743906326,-2.949804318618199,0.99629754,2.4375565,0.80354744,2.6303065,2.2694604,-2.2381206,24.658125,0.0025685546
letter_b,pid,99.60000000000001,0.19401225,-0.8561626,-1.1695969,-0.009836536,-0.0022139575,-2.911816,0.23238754,0.10427546,0.0018450848,0.003748163,-0.0016568113,-0.06833781,-0.20328000000001792,-1.0341999999999985,-0.6,0.0,0.0,3.055598362395552,-0.9918000000098404,0.08550000000084879,0.0,0.0,0.0,0.0,0.7169233494310129,1.2243329048632283,0.3157710630549089,-2.9610455660722583,1.0595571,2.6126719,1.0126793,2.6595497,2.2084332,-2.2976117,26.203636,0.0027295453
letter_b,pid,99.7,0.17256844,-0.8721182,-1.1694442,-0.009268667,-0.0025576658,-2.9188008,0.24514526,0.106506795,0.0020324055,0.0055240453,-0.0027498365,-0.06988129,-0.30245999999999695,-1.0256500000000002,-0.6,0.0,0.0,3.055598362395505,-0.9918000000015692,0.08550000000018265,0.0,0.0,0.0,0.0,0.7572917147720586,1.237125294996876,0.3087861139430166,-2.9724830036877083,1.1203641,2.7821007,1.2163824,2.6860826,2.1500142,-2.3542068,27.854776,0.0029015392
letter_b,pid,99.80000000000001,0.15003441,-0.88824755,-1.1692561,-0.008532511,-0.0030574715,-2.9258986,0.25541332,0.10750174,0.0022233974,0.007180021,-0.0043399907,-0.07102011,-0.40164000000000893,-1.0170999999999992,-0.6,0.0,0.0,3.05559836239551,-0.9918000000016247,0.08550000000018265,0.0,0.0,0.0,0.0,0.8031189880333943,1.2474093532726773,0.3016883928431586,-2.9841032295611494,1.1795267,2.9461768,1.4148657,2.7108376,2.094109,-2.4080067,29.605515,0.0030839078
letter_b,pid,99.9,0.12660387,-0.9043781,-1.169027,-0.0076465486,-0.0037404345,-2.9330735,0.2634053,0.10740367,0.002402746,0.008640253,-0.0062171975,-0.07180386,-0.5008200000000045,-1.0085499999999996,-0.6,0.0,0.0,3.055598362395505,-0.9918000000015692,0.08550000000018265,0.0,0.0,0.0,0.0,0.8534073995414777,1.2553986905505103,0.29451342412368064,-2.9958861224169393,1.2377893,3.1052842,1.6084092,2.7346642,2.040606,-2.4591296,31.451672,0.0032762156
