trajectory,controller,time,x,y,z,roll,pitch,yaw,u,v,w,p,q,r,x_ref,y_ref,z_ref,roll_ref,pitch_ref,yaw_ref,u_ref,v_ref,w_ref,p_ref,q_ref,r_ref,tracking_error_m,velocity_error,yaw_error,reward,T1,T2,T3,T4,T5,T6,control_effort,control_effort_normalized
figure_eight_depth,smc,0.0,0.0,0.0,0.0,0.0,0.0,0.0,0.0,0.0,0.0,0.0,0.0,0.0,0.0,0.0,-0.6,0.0,0.0,0.7853981606558915,0.052359877464131496,0.05235987717703634,0.006544984691991829,0.0,0.0,0.0,0.6,0.0743367360776057,-0.7853981606558915,0.9823387123888228,8.0,-7.6406965,7.633083,-5.696935,-8.0,8.0,341.09927,0.035531174
figure_eight_depth,smc,0.1,0.0007420894,0.0006015725,-0.006889623,-0.00041535238,4.444896e-05,0.007040626,0.007420894,0.006015725,-0.068896234,-0.0041535236,0.0004444896,0.07040626,0.010471784116245794,0.01047120994167848,-0.5986910090421451,0.0,0.0,0.7853159064358647,0.10471401307765756,0.1046967875814337,0.01308978994990495,0.0,0.0,0.0,0.5919636450632604,0.16101431993351265,-0.7782752805321093,0.9511065005356786,12.332968,-7.96981,7.9501624,-3.5870051,-8.918103,11.082834,494.05344,0.0514639
figure_eight_depth,smc,0.2,0.00431268,0.0034577132,-0.021480726,-0.0015192989,0.00018951671,0.0211356,0.035912596,0.02836991,-0.14589766,-0.011045731,0.0013921335,0.14095034,0.02094241988335696,0.020937826864599815,-0.5973820539709386,0.0,0.0,0.7850690535490393,0.10469678815549534,0.10462789733749721,0.013089251652664835,0.0,0.0,0.0,0.5764064903247421,0.18927066047377022,-0.7639334532652973,0.9104648265091043,12.233567,-8.349758,8.148415,-4.264606,-10.606722,9.393974,504.7115,0.052574113
figure_eight_depth,smc,0.30000000000000004,0.010017548,0.008336428,-0.042903576,-0.0023567348,0.00033504886,0.041300118,0.058107603,0.047895987,-0.21414496,-0.0084125735,0.0011489608,0.20164715,0.03141075907812829,0.03139525976465669,-0.5960731706720448,0.0,0.0,0.7846573311162532,0.1046680820506879,0.10451311383980269,0.013088354506918254,0.0,0.0,0.0,0.5540631549281625,0.23876422788735838,-0.7433572131467403,0.8623262600643306,12.14229,-8.661059,8.413847,-4.932616,-10.317192,9.683419,517.78577,0.053936016
figure_eight_depth,smc,0.4,0.017323403,0.015070604,-0.07014076,-0.0030126057,0.00042520455,0.06631695,0.07586793,0.06490954,-0.27219424,-0.006642527,0.0003119746,0.25016972,0.04187565372919963,0.04183892166615775,-0.5947643950291608,0.0,0.0,0.7840802870087799,0.10462789791118587,0.10435248743619757,0.01308709853742318,0.0,0.0,0.0,0.5258795658532378,0.2894275765376691,-0.7177633396678146,0.8084450489754405,12.040604,-8.927531,8.722769,-5.609697,-10.208563,9.792037,532.33105,0.055451155
figure_eight_depth,smc,0.5,0.02581909,0.023484208,-0.102144435,-0.003493019,0.0004374704,0.09496544,0.09048174,0.07928482,-0.31976092,-0.0049259467,-0.00074040703,0.28648397,0.05233595624294383,0.05226423163382673,-0.5934557629230317,0.0,0.0,0.7833372868513121,0.10457624014362232,0.10414608858271349,0.013085483778374485,0.0,0.0,0.0,0.4928673806520801,0.3340710482173263,-0.6883718438362135,0.7503080922174871,11.925889,-9.177064,9.047905,-6.2990794,-10.1127,9.887908,548.02576,0.05708602
figure_eight_depth,smc,0.6000000000000001,0.035144974,0.03338895,-0.13793045,-0.0038201958,0.00036279848,0.12622903,0.102387145,0.09100737,-0.35749972,-0.0034085384,-0.0018387551,0.31263134,0.06279051952931337,0.06266661678215212,-0.592147310230468,0.0,0.0,0.7824275126232177,0.10451311441286859,0.10389400781271596,0.013083510274236598,0.0,0.0,0.0,0.4559982582658655,0.3708133153411336,-0.6561984797491104,0.6890773063407565,11.809912,-9.417138,9.382238,-6.9894648,-10.05155,9.949071,565.0532,0.058859706
figure_eight_depth,smc,0.7000000000000001,0.044989605,0.044586066,-0.17663728,-0.004021363,0.00020218012,0.1593628,0.111899965,0.100164264,-0.38664776,-0.0021318793,-0.0028719434,0.3313291,0.07323819712763169,0.07304151428120581,-0.5908390728233609,0.0,0.0,0.7813499608548116,0.10443852764135259,0.10359635569717057,0.013081178079077382,0.0,0.0,0.0,0.4161379857338919,0.39981330258306036,-0.6219871678860616,-0.3743235291778142,11.558436,-9.649943,9.72038,-7.8118863,-10.094202,9.906389,582.2597,0.060652047
figure_eight_depth,smc,0.8,0.05500658,0.056783978,-0.21755005,-0.004098809,-3.8973754e-05,0.1938664,0.11833992,0.106181934,-0.40868023,-0.00084421877,-0.0037990308,0.3450236,0.0836778433323155,0.08338437335805114,-0.5895310865677,0.0,0.0,0.780103440413824,0.10435248800837182,0.10325326279610886,0.013078487256790172,0.0,0.0,0.0,0.37403143037585007,0.4220007597539919,-0.5862370385030421,-0.4395426361251101,11.430759,-9.869447,10.074502,-8.513189,-10.086803,9.913779,602.0649,0.06271509
figure_eight_depth,smc,0.9,0.06498774,0.06975707,-0.2601003,-0.0040899618,-0.000343907,0.22942583,0.122918434,0.10981464,-0.42506072,0.000102327824,-0.0045068157,0.35557878,0.09410831331851431,0.0936906572928623,-0.5882233873225893,0.0,0.0,0.7786865698791186,0.10425500494912893,0.10286487960144142,0.013075437881204799,0.0,0.0,0.0,0.3302810645020151,0.43858854853634743,-0.5492607372499148,-0.5059593959852839,11.387728,-10.086545,10.4330225,-9.13184,-10.098669,9.901903,623.688,0.06496749
figure_eight_depth,smc,1.0,0.074810326,0.083328076,-0.30384976,-0.0040259683,-0.0006917221,0.2658497,0.12636459,0.1116043,-0.43708518,0.00076520164,-0.00496784,0.36422148,0.10452846326765346,0.10395584540887964,-0.586916010939264,0.0,0.0,0.7770977744934099,0.10414608915375323,0.10243137647086842,0.013072030035865545,0.0,0.0,0.0,0.28536849307284123,0.4507985352483376,-0.5112480649826067,-0.5732803543071862,11.405111,-10.306768,10.789959,-9.691616,-10.128012,9.87254,646.7003,0.067364626
figure_eight_depth,smc,1.1,0.08440384,0.0973565,-0.34846833,-0.0039296425,-0.0010619374,0.30302334,0.12911303,0.111946814,-0.44582808,0.0012203956,-0.0051987176,0.3717182,0.11493715049286661,0.11417543505532787,-0.5856089932601082,0.0,0.0,0.7753352826909853,0.1040257525660726,0.1019529435531824,0.013068263814197678,0.0,0.0,0.0,0.23968907367822423,0.4596902257290893,-0.4723119443731142,-0.6316963342976413,11.466603,-10.533627,11.141491,-10.208513,-2.4759574,2.1401525,481.49747,0.050155986
figure_eight_depth,smc,1.2000000000000002,0.09371362,0.111746155,-0.38854742,-0.0038168149,-0.0014853518,0.3408783,0.13137013,0.111134045,-0.4004972,0.0015302706,-0.0057216715,0.3785299,0.12533323356430426,0.12434494358242741,-0.5843023701176716,0.0,0.0,0.773397122191584,0.10389400838235752,0.10142979070485586,0.01306413931950745,0.0,0.0,0.0,0.19869204769367618,0.414586648923502,-0.4325188143722175,-0.6790978655836775,6.444078,-5.6457486,6.3700457,-5.5717163,2.9831538,-3.411086,165.55684,0.017245505
figure_eight_depth,smc,1.3,0.10271931,0.12638561,-0.4216078,-0.0033744804,-0.0019721575,0.3743847,0.13332587,0.1091258,-0.33038774,0.0049210326,-0.006146893,0.33504263,0.13571557243430438,0.13445991030763285,-0.5829961773336879,0.0,0.0,0.7712811156541809,0.10375087104985692,0.10086214739807309,0.013059656664815567,0.0,0.0,0.0,0.16492470582472207,0.34481746474929764,-0.39689641440219725,-0.7230175151814635,7.3419094,-6.650219,7.4728394,-6.781149,2.98677,-2.800346,216.71907,0.022574907
figure_eight_depth,smc,1.4000000000000001,0.11145831,0.14118403,-0.4495353,-0.0030140309,-0.0024764484,0.406585,0.13490352,0.1067179,-0.27918327,0.0042395364,-0.00612947,0.3219836,0.14608302856241162,0.1445158984722358,-0.581690450718092,0.0,0.0,0.7689848758804891,0.10359635626518149,0.1002502626199081,0.013054815973079226,0.0,0.0,0.0,0.136656334236098,0.2939814056923014,-0.36239986797452906,-0.7617239547009003,4.8718305,-4.2678986,5.191202,-4.5872703,3.732674,-3.807201,118.36895,0.0123301
figure_eight_depth,smc,1.5,0.11997112,0.15605557,-0.47281918,-0.0025745747,-0.0029745055,0.43576628,0.13642432,0.10362785,-0.23286602,0.0051172194,-0.0058600763,0.29179552,0.15643446504023087,0.15450849718747373,-0.5803852260680388,0.0,0.0,0.7665058005618615,0.10343048097261054,0.09959440476324521,0.013049617376914568,0.0,0.0,0.0,0.11358883512642681,0.24815189341244692,-0.33073952086444325,-0.796727887570794,4.696182,-4.1674867,5.170947,-4.642252,3.9884002,-4.0147376,119.73671,0.012472575
figure_eight_depth,smc,1.6,0.12831403,0.17094044,-0.49216694,-0.0021754156,-0.003442001,0.4630925,0.13788615,0.10022132,-0.1936313,0.0048044096,-0.0053784708,0.27324814,0.16676874671610228,0.16443332336929165,-0.5790805391669211,0.0,0.0,0.7638410665588227,0.10325326336224627,0.0988948615090468,0.013044061018929742,0.0,0.0,0.0,0.09526322458853617,0.2095612175473338,-0.3007485606269684,-0.8281548866166739,3.300642,-2.840471,3.9081695,-3.4479988,4.014238,-4.1972804,79.85626,0.008318361
figure_eight_depth,smc,1.7000000000000002,0.1365377,0.18579641,-0.508158,-0.001756679,-0.0038617426,0.48799992,0.13938798,0.09652478,-0.16018185,0.0050446778,-0.0047392407,0.24906269,0.1770847403195833,0.1742860236609076,-0.5777764257833896,0.0,0.0,0.7609876237044549,0.10306472286801538,0.09815193970008629,0.013038147051391835,0.0,0.0,0.0,0.0813834915011236,0.17699489852205774,-0.2729877076277948,-0.8566989509818127,2.8432286,-2.4479024,3.5587866,-3.1634605,3.954072,-4.201443,70.03543,0.007295357
figure_eight_depth,smc,1.8,0.14468965,0.20060314,-0.5213049,-0.0013592226,-0.004221402,0.5109791,0.14091806,0.09279432,-0.1318515,0.0048619607,-0.00400026,0.22978397,0.1873813145857246,0.18406227634233896,-0.5764729216703715,0.0,0.0,0.7579421881239599,0.10286488016544859,0.09736596520640295,0.01303187563650443,0.0,0.0,0.0,0.07169162118444233,0.14986705907627537,-0.24696307216097768,-0.8825789952299459,1.8654267,-1.5346941,2.670508,-2.3397753,3.7894387,-4.156068,50.07401,0.005216043
figure_eight_depth,smc,1.9000000000000001,0.15280794,0.21535413,-0.5320537,-0.000956038,-0.004512655,0.53178334,0.142495,0.08911373,-0.107969515,0.004910072,-0.0031952995,0.20803586,0.19765734037912616,0.1937577932260515,-0.5751700625640902,0.0,0.0,0.7547012350591811,0.10265375716961289,0.09653728278240237,0.013025246946130054,0.0,0.0,0.0,0.06585507388671807,0.12760159378314262,-0.22291789269773088,-0.906283985193051,1.4699286,-1.2044541,2.3468502,-2.0813754,3.5957494,-4.0515943,42.79606,0.0044579227
figure_eight_depth,smc,2.0,0.16092439,0.23005642,-0.54079044,-0.0005712762,-0.0047309864,0.5507547,0.14411144,0.08564756,-0.087936714,0.004703731,-0.002364681,0.1897102,0.20791169081775931,0.2033683215379001,-0.5738678841830867,0.0,0.0,0.7512609911929495,0.10243137703248861,0.09566625591558853,0.013018261162067724,0.0,0.0,0.0,0.0633575444817436,0.10967911805802699,-0.20050626525987458,-0.9280697510351484,0.8848355,-0.6866836,1.81896,-1.6208081,3.370104,-3.9376752,34.05299,0.0035471867
figure_eight_depth,smc,2.1,0.16905999,0.24472643,-0.5478476,-0.00019781136,-0.0048745587,0.5678985,0.14576305,0.08247214,-0.07121504,0.004545714,-0.0015336594,0.17143482,0.21814324139654254,0.21288964578253633,-0.5725664222272386,0.0,0.0,0.7476174264628714,0.10219776414061021,0.09475326666716355,0.013010918475775402,0.0,0.0,0.0,0.06351193000034769,0.09561784816912607,-0.17971891457627476,-0.9484033907641839,0.5097815,-0.38050595,1.4871522,-1.3578768,3.1433532,-3.8141484,28.888512,0.00300922
figure_eight_depth,smc,2.2,0.17722929,0.2593899,-0.5535102,0.00015738071,-0.0049435236,0.5833787,0.14746134,0.079689845,-0.057329457,0.004306507,-0.0007202697,0.15479955,0.22835087011065575,0.22231758959246375,-0.5712657123767834,0.0,0.0,0.7437662453610214,0.10195294411219358,0.09379871550431462,0.013003219088592033,0.0,0.0,0.0,0.06559749823763224,0.08495151356360166,-0.16038757276122895,-0.9674964284950546,0.04119793,0.017892178,1.2317944,-1.1727042,2.8364286,-3.7795677,25.225029,0.0026276072
figure_eight_depth,smc,2.3000000000000003,0.18549173,0.27399966,-0.55802155,0.0005255014,-0.004939554,0.59727633,0.14921121,0.0764132,-0.045863386,0.004368238,6.156851e-05,0.138975,0.23853345757858088,0.23164801755993086,-0.5699657902913382,0.0,0.0,0.7397028777141106,0.10169694379456862,0.09280302112479877,0.012995163211571015,0.0,0.0,0.0,0.06891844466629282,0.07739871368867426,-0.14242654771990892,-0.9853745872262257,-0.3496824,0.34820583,1.061007,-1.0624837,2.5370872,-3.75746,23.053452,0.002401401
figure_eight_depth,smc,2.4000000000000004,0.19391018,0.28851596,-0.5615886,0.0009276152,-0.0048656836,0.60969883,0.1510704,0.07266716,-0.03645555,0.0046347515,0.00080398214,0.12422297,0.2486898871648548,0.24087683705085763,-0.5686666916089239,0.0,0.0,0.7354224689417319,0.10142979126102902,0.09176662027300664,0.012986751065591218,0.0,0.0,0.0,0.0729410811344789,0.07261901006923258,-0.1257236369066672,-1.0022306219017811,-0.70487607,0.65145344,0.9272653,-0.9806879,2.2672558,-3.7313452,21.806196,0.002271479
figure_eight_depth,smc,2.5,0.20254755,0.30290794,-0.56438726,0.0013712608,-0.004725971,0.620736,0.15308435,0.06850244,-0.02879519,0.0049734875,0.0014995044,0.1103689,0.25881904510252074,0.24999999999999997,-0.5673684519449871,0.0,0.0,0.7309198697956227,0.10115151580789017,0.09068996754869885,0.012977982881301475,0.0,0.0,0.0,0.07729566056353225,0.07024460019338453,-0.11018386687356463,-1.0182386155098446,-1.015338,0.91824114,0.8343618,-0.93145853,2.0354156,-3.694292,21.228563,0.0022113086
figure_eight_depth,smc,2.6,0.21146464,0.317157,-0.5665668,0.001848542,-0.0045248205,0.6304751,0.15530884,0.06401325,-0.022617836,0.005233078,0.0021450492,0.0973872,0.2689198206152657,0.25901350468656514,-0.5660711068914239,0.0,0.0,0.7261896255810268,0.10086214795115844,0.0895735352073046,0.012968858899009561,0.0,0.0,0.0,0.08174355753645599,0.06988693409788006,-0.09571452172589377,-1.0335558142266565,-1.2878857,1.1551958,0.7710084,-0.9036981,1.8201994,-3.666514,21.160702,0.0022042396
figure_eight_depth,smc,2.7,0.2207187,0.3312553,-0.5682546,0.002349374,-0.004266998,0.6389961,0.15778476,0.059290603,-0.017701676,0.0053938786,0.0027357377,0.08520462,0.2789911060392293,0.26791339748949833,-0.5647746920156043,0.0,0.0,0.7212259648723643,0.10056171942324221,0.08841781295285123,0.012959379368959745,0.0,0.0,0.0,0.08613929612550997,0.07115455759943949,-0.08222984060478623,-1.048326902078427,-1.5231264,1.3634373,0.7325295,-0.8922186,1.6220127,-3.6449106,21.427826,0.0022320652
figure_eight_depth,smc,2.8000000000000003,0.23036137,0.34520632,-0.5695596,0.0028615384,-0.0039576194,0.6463738,0.16054675,0.054443993,-0.013862796,0.0054364526,0.003267103,0.073768854,0.2890317969444716,0.27669577462167205,-0.5634792428593971,0.0,0.0,0.7160227877374715,0.10025026316962116,0.08722330772345521,0.012949544550888703,0.0,0.0,0.0,0.09040400450982722,0.07368209695287732,-0.06964897935352989,-1.062685608570074,-1.7232131,1.5463885,0.71381533,-0.8906399,1.4401666,-3.6263359,21.887943,0.002279994
figure_eight_depth,smc,2.9000000000000004,0.24043739,0.35902533,-0.5705758,0.0033711554,-0.003602227,0.65267754,0.16362382,0.04959466,-0.010951734,0.0053456426,0.0037342906,0.06302594,0.2990407922560867,0.28535678384221586,-0.5621847949381952,0.0,0.0,0.7105736534893188,0.09992781334486334,0.08599054346850044,0.01293935471452512,0.0,0.0,0.0,0.09450831743002686,0.07715326546390706,-0.05789611747857659,-1.0767596932418406,-1.8895686,1.7076623,0.71179235,-0.89369863,1.2729611,-3.6078207,22.428726,0.0023363258
figure_eight_depth,smc,3.0,0.25098592,0.37273958,-0.57138556,0.0038635049,-0.0032064505,0.6579714,0.16706248,0.044862024,-0.00885079,0.0051141926,0.0041362043,0.052924693,0.3090169943749474,0.2938926261462365,-0.5608913837399423,0.0,0.0,0.7048717679970388,0.09959440530935004,0.08472006091922446,0.012928810139256619,0.0,0.0,0.0,0.09846103785046927,0.0813323713813413,-0.046900385855925486,-1.090671507428473,-2.0230353,1.8512433,0.7246358,-0.8964278,1.1181179,-3.5863743,22.960722,0.0023917418
figure_eight_depth,smc,3.1,0.26204082,0.38638753,-0.5720623,0.0043239216,-0.0027763257,0.6623148,0.17090662,0.0403566,-0.007471672,0.0047434345,0.0044690208,0.043416433,0.31895930929807,0.3022995574311874,-0.5595990447241597,0.0,0.0,0.6989099705948144,0.09925007562491817,0.08341241735113081,0.012917911114185276,0.0,0.0,0.0,0.10230265733276248,0.08604765366892281,-0.036595197988918415,-1.1045489977656369,-2.123957,1.9818443,0.7519914,-0.8941039,0.9725769,-3.5590475,23.416536,0.0024392228
figure_eight_depth,smc,3.2,0.27363563,0.40002114,-0.5726735,0.0047384636,-0.0023174288,0.66576225,0.17525457,0.03618026,-0.0067545436,0.0042411336,0.004737992,0.034454655,0.32886664673858323,0.31057389013915515,-0.5583078133209745,0.0,0.0,0.6926807206399102,0.09889486205130749,0.0820681863400452,0.012906657937961086,0.0,0.0,0.0,0.10610206580914558,0.09123085691638942,-0.026918474984850338,-1.1184281220590546,-2.23498,2.0607104,0.75084525,-0.9251149,0.8330689,-3.5222862,23.761774,0.0024751846
figure_eight_depth,smc,3.3000000000000003,0.28575784,0.41366732,-0.57328326,0.005094796,-0.0018376429,0.6683641,0.17960705,0.032414623,-0.006667656,0.0036236183,0.004921093,0.02599541,0.33873792024529137,0.3187119948743448,-0.5570177249301476,0.0,0.0,0.6861760837823649,0.098528803541581,0.08068795751001168,0.012895050919281559,0.0,0.0,0.0,0.10994530643477606,0.09636750586899177,-0.017811976173569773,-1.1319983095974422,-2.3893816,2.0743814,0.7036466,-1.0186468,1.2091902,-4.000242,29.00904,0.0030217755
figure_eight_depth,smc,3.4000000000000004,0.29833463,0.42730424,-0.5736061,0.0053845537,-0.0013492946,0.6701662,0.18320929,0.029070249,-0.003713104,0.0029306964,0.004975234,0.017996088,0.3485720473218152,0.3267103019950527,-0.5557288149201042,0.0,0.0,0.6793877180299676,0.09815194023823914,0.07927233627508246,0.01288309037611457,0.0,0.0,0.0,0.11385312744904089,0.10015206024699685,-0.009221523591033233,-1.1451124886172912,-2.565539,2.0716007,0.65560216,-1.1495403,1.4225522,-4.336126,33.450417,0.0034844186
figure_eight_depth,smc,3.5,0.31128913,0.44088882,-0.57347673,0.0056076134,-0.0008594892,0.6712104,0.18590455,0.02600747,0.0009028166,0.002244683,0.0049542054,0.0104151135,0.3583679495453002,0.33456530317942906,-0.5544411186269631,0.0,0.0,0.6723068597058418,0.09776431346858461,0.07782194357347505,0.012870776636697556,0.0,0.0,0.0,0.11782809654050903,0.10294014102217672,-0.0010964514950874138,-1.1576929894520682,-2.7662086,2.0562184,0.6081416,-1.3181318,1.4724673,-4.5323896,36.697968,0.003822705
figure_eight_depth,smc,3.6,0.32454252,0.45435825,-0.5728413,0.0057703303,-0.0003709901,0.6715348,0.18755963,0.023082186,0.0060639065,0.0016299612,0.004903103,0.003216239,0.3681245526846779,0.3422735529643443,-0.5531546713535689,0.0,0.0,0.6649243094231979,0.09736596574025369,0.07633741559537333,0.012858110038316273,0.0,0.0,0.0,0.12186031130374346,0.104962748656168,0.006610467264424159,-1.1700243677179056,-2.992081,2.0325325,0.56312984,-1.5226784,0.92340684,-4.1552362,33.838066,0.003524799
figure_eight_depth,smc,3.7,0.33801466,0.46763146,-0.57204324,0.005884393,0.00011925481,0.6711741,0.18805608,0.020134758,0.0077941427,0.0011392862,0.004881558,-0.0036345448,0.3778407868184671,0.3498316702566827,-0.5518695083685231,0.0,0.0,0.6572304182230806,0.09695694073658112,0.07481940350381744,0.012845090928359504,0.0,0.0,0.0,0.12597575136219352,0.10637187581059776,0.013943690759005587,-1.1824167010994393,-3.2414079,2.0047061,0.5226804,-1.759382,0.55554587,-3.9845965,34.079834,0.0035499826
figure_eight_depth,smc,3.8000000000000003,0.35163027,0.4806115,-0.57127523,0.0059649055,0.00061448914,0.67016166,0.18734555,0.017014407,0.0076027787,0.00080633507,0.0048926803,-0.010153648,0.387515586452103,0.3572363398164017,-0.5505856649052184,0.0,0.0,0.6492150740558397,0.09653728331174283,0.07326857314912671,0.012831719663763952,0.0,0.0,0.0,0.13014317155388538,0.10694865252373115,0.020946590430091727,-1.1945178365601434,-3.510505,1.9770029,0.4872146,-2.0207167,0.27349567,-3.921612,36.0067,0.0037506977
figure_eight_depth,smc,3.9000000000000004,0.36532393,0.493201,-0.5706525,0.0060261353,0.001120489,0.6685353,0.18551128,0.013651053,0.0062600356,0.00062228827,0.0049628983,-0.016293405,0.3971478906347806,0.3644843137107058,-0.5493031761608719,0.0,0.0,0.6408676888165151,0.09610703948592647,0.0716856047766612,0.01281799661112526,0.0,0.0,0.0,0.13430018437394528,0.10679013780945183,0.027667603332074964,-1.2063206588209758,-3.7984984,1.9560533,0.4517148,-2.29416,0.028738996,-3.91225,39.028477,0.0040654666
figure_eight_depth,smc,4.0,0.37903842,0.5053062,-0.5702526,0.0060804104,0.0016445194,0.66633224,0.18264967,0.0100106,0.0041431338,0.0005674394,0.0051074503,-0.02206193,0.40673664307580015,0.37157241273869707,-0.5480220772955602,0.0,0.0,0.6321771861940786,0.09566625644019666,0.07007119272872675,0.012803922146586988,0.0,0.0,0.0,0.13836946575628198,0.10605846798587193,0.034155058678968286,-1.2175797103303205,-4.0998507,1.9438846,0.4153684,-2.5713346,0.32604742,-4.4554567,47.329155,0.0049301204
figure_eight_depth,smc,4.1000000000000005,0.3927265,0.5168389,-0.569781,0.0061375746,0.0021912507,0.6635866,0.178878,0.0060817306,0.004973188,0.0006167938,0.0053002685,-0.027488919,0.4162807922604012,0.37849752782587825,-0.5467424034312558,0.0,0.0,0.6231319906266831,0.09521498251136018,0.06842604513976336,0.012789496656118171,0.0,0.0,0.0,0.14221082546449004,0.1046298609287143,0.04045462588943016,-1.2281319531205623,-4.40659,1.940137,0.3786435,-2.8450963,0.5054915,-4.884477,55.533752,0.0057847663
figure_eight_depth,smc,4.2,0.40635133,0.52772504,-0.5690395,0.0062041692,0.0027677908,0.6603295,0.1743708,0.0018859849,0.007785634,0.0007373183,0.005565386,-0.032605723,0.42577929156507266,0.3852566213878946,-0.5454641896508643,0.0,0.0,0.6137200177226044,0.09475326718672017,0.06675088362587123,0.012774720535069228,0.0,0.0,0.0,0.14570687253895473,0.10281681225189121,0.04660950297975763,-1.2378988726838211,-4.7104983,1.9424419,0.3408432,-3.1088994,0.55592984,-5.1801376,62.886192,0.006550645
figure_eight_depth,smc,4.3,0.41988206,0.5379082,-0.56793064,0.0062820534,0.003382102,0.65658927,0.1692938,-0.0024973636,0.011572969,0.0008823615,0.0059109447,-0.03743962,0.43523109937232746,0.39184672866291986,-0.5441874709972622,0.0,0.0,0.6039286665577726,0.09428116109858053,0.06504644296834172,0.012759594188671564,0.0,0.0,0.0,0.14877258963300627,0.10094786166004313,0.05266060308028897,-1.2470521094073401,-5.0054293,1.9490792,0.30195057,-3.3583004,0.0041548563,-4.8639174,63.8803,0.006654198
figure_eight_depth,smc,4.4,0.43329397,0.54735255,-0.5667714,0.006369237,0.0040457007,0.6523919,0.16384295,-0.0069856574,0.012191385,0.0010137936,0.0063721817,-0.042013913,0.4446351791849275,0.3982649590120982,-0.542912282472336,0.0,0.0,0.5937448143284533,0.09379871601866707,0.06331347079108207,0.012744118031537965,0.0,0.0,0.0,0.151410007881534,0.09923944341949587,0.05864709622452525,-1.2557071360239025,-5.2860794,1.9568418,0.26058537,-3.5898228,-0.36728707,-4.7125244,67.06938,0.0069863945
figure_eight_depth,smc,4.5,0.44656903,0.55604166,-0.56574225,0.006460051,0.00476703,0.64776176,0.15819605,-0.0114747835,0.011004736,0.0010954611,0.006918245,-0.04634621,0.4539904997395468,0.4045084971874737,-0.5416386590360236,0.0,0.0,0.5831548139235037,0.09330598485252084,0.06155272723304406,0.012728292487940163,0.0,0.0,0.0,0.15361757837314438,0.09770725733201234,0.06460694821867774,-1.263943323275143,-5.549084,1.962922,0.21568646,-3.801849,-0.6426215,-4.638005,71.07002,0.0074031274
figure_eight_depth,smc,4.6000000000000005,0.45969364,0.56397915,-0.5649539,0.006545487,0.005552249,0.64272183,0.152516,-0.015842047,0.008712438,0.0010946147,0.007526447,-0.050448675,0.4632960351198617,0.410574604566852,-0.5403666356053548,0.0,0.0,0.5721444950508262,0.09280302163366949,0.059764984614463224,0.012712117991753313,0.0,0.0,0.0,0.15540420255245746,0.09642645529018272,0.07057733674772726,-1.2715698849045984,-5.9113064,2.0826652,0.048631046,-3.8772721,-0.33714214,-5.1238093,80.68373,0.008404556
figure_eight_depth,smc,4.7,0.47265932,0.57118577,-0.5641271,0.006620737,0.00640329,0.63717955,0.1469327,-0.019966425,0.009215356,0.0010602189,0.0081474725,-0.0554761,0.47255076486905395,0.4164606203550497,-0.5390962470534943,0.0,0.0,0.5606991696651462,0.09228988151768758,0.05795102709840738,0.012695594986511516,0.0,0.0,0.0,0.15673680476482627,0.09523171613251157,0.07648038384361233,-1.2784651534714349,-6.2180977,2.1592612,-0.08413833,-3.974698,-0.13340874,-5.488644,89.27547,0.009299528
figure_eight_depth,smc,4.800000000000001,0.48546228,0.5776941,-0.5630751,0.0066769547,0.007321563,0.63109267,0.14155705,-0.023780372,0.011583996,0.000951936,0.008779543,-0.06092703,0.4817536741017153,0.4221639627510076,-0.5378275282087863,0.0,0.0,0.5488036425295769,0.09176662077625686,0.05611165034657972,0.01267872392501923,0.0,0.0,0.0,0.15760972082151967,0.0941436178247986,0.08228902505007395,-1.284584205476515,-6.4873657,2.207811,-0.2001028,-4.079452,-0.04438899,-5.720382,96.367065,0.010038235
figure_eight_depth,smc,4.9,0.4980981,0.58354455,-0.5617069,0.0067035477,0.0083071655,0.6244484,0.13643482,-0.027220726,0.014863617,0.0007523888,0.009412185,-0.06650507,0.4909037536151409,0.4276821300802533,-0.5365605138537985,0.0,0.0,0.5364422278746165,0.09123329679061598,0.054247661170320205,0.012661505269961904,0.0,0.0,0.0,0.158041748057936,0.09319402020461257,0.08800619074263205,-1.2900854918676878,-6.734251,2.2411919,-0.3106832,-4.182376,-0.54128915,-5.351521,96.89364,0.010093087
figure_eight_depth,smc,5.0,0.51055723,0.5887839,-0.56033593,0.006689987,0.009362084,0.61724883,0.13159254,-0.03023592,0.015006244,0.0004624715,0.010066339,-0.0720627,0.49999999999999994,0.4330127018922193,-0.5352952387243698,0.0,0.0,0.5235987732239428,0.09068996804600937,0.052359877177055036,0.012643939493350853,0.0,0.0,0.0,0.15812388799855978,0.09219906052718069,0.0936500599555311,-1.295093675598443,-6.9705343,2.268618,-0.42236218,-4.279554,-0.8576148,-5.1535597,99.52263,0.01036694
figure_eight_depth,smc,5.1000000000000005,0.52283174,0.59345883,-0.5591369,0.0066284747,0.010484803,0.6095012,0.12703584,-0.032832645,0.013400068,0.00011020417,0.010708648,-0.07754659,0.5090414157503713,0.4381533400219318,-0.5340317375086567,0.0,0.0,0.5102566915945831,0.0901366941242765,0.050449126411056255,0.012626027076745316,0.0,0.0,0.0,0.1579247895605456,0.09109335669363358,0.09924449143840641,-1.299693820040044,-7.2016535,2.2965589,-0.53731614,-4.3677783,-1.0832037,-5.039502,103.074104,0.0107368855
figure_eight_depth,smc,5.2,0.53491646,0.5976158,-0.5582141,0.006514072,0.011671923,0.6012131,0.1227802,-0.035025463,0.010748254,-0.00027505643,0.011321606,-0.08295288,0.5180270093731302,0.44310178961560737,-0.5327700448461835,0.0,0.0,0.49639900340862586,0.08957353569849502,0.048516246991009426,0.012607768511196937,0.0,0.0,0.0,0.15750310369198114,0.08991861505067054,0.1048140941637008,-1.3037681193477697,-7.432776,2.3266153,-0.65810275,-4.448058,-0.7403742,-5.489232,111.55744,0.011620566
figure_eight_depth,smc,5.300000000000001,0.5468108,0.6012964,-0.557285,0.006345266,0.012915089,0.5923905,0.118789606,-0.036856696,0.010918668,-0.00065830845,0.011856717,-0.08829956,0.5269557954966776,0.4478558801197065,-0.5315101953268919,0.0,0.0,0.4820083895846335,0.08900055452493172,0.04656208674144735,0.012589164297305278,0.0,0.0,0.0,0.15685204276461254,0.08859385673250246,0.11038208807268463,-1.3072158158085405,-7.6658373,2.3612573,-0.783951,-4.520629,-0.5051551,-5.828928,119.62285,0.012460713
figure_eight_depth,smc,5.4,0.55851406,0.6045385,-0.55615866,0.00612327,0.014206786,0.5830366,0.11503753,-0.038366217,0.012994131,-0.0010119365,0.012323239,-0.0936109,0.5358267949789967,0.4524135262330098,-0.5302522234901926,0.0,0.0,0.4670672574147901,0.08841781343771338,0.04458750282176904,0.012570214945162306,0.0,0.0,0.0,0.1559739183833757,0.08712122996004876,0.1159693441286364,-1.3099967854318784,-7.902162,2.402085,-0.91385955,-4.5862174,-0.3916382,-6.0463953,126.79498,0.013207811
figure_eight_depth,smc,5.5,0.5700256,0.60737497,-0.55473846,0.0058516623,0.015540392,0.5731525,0.11150175,-0.039602168,0.01603034,-0.0013119116,0.012730652,-0.098910786,0.544639035015027,0.4567727288213004,-0.5289961638240194,0.0,0.0,0.4515578209483146,0.0878253763408332,0.04259336134970759,0.012550920974185864,0.0,0.0,0.0,0.15488117588108652,0.08560830689920797,0.12159466156129844,-1.3122449667044662,-8.142158,2.450216,-1.0469571,-4.6449842,-0.86983484,-5.6725593,127.90483,0.01332342
figure_eight_depth,smc,5.6000000000000005,0.5813435,0.60983354,-0.5533316,0.005536159,0.016913585,0.56273705,0.10819252,-0.04062527,0.015989795,-0.001536488,0.013122287,-0.10422081,0.5533915492433441,0.46093157579425026,-0.527742050763882,0.0,0.0,0.4354621977069694,0.08722330820176705,0.040580537021661645,0.012531282913397224,0.0,0.0,0.0,0.15364872344523736,0.08394076632133893,0.1272748499653023,-1.3140718187424525,-8.385217,2.5049293,-1.1840714,-4.6962156,-1.1741368,-5.4714484,131.35834,0.01368316
figure_eight_depth,smc,5.7,0.59246635,0.6119366,-0.552108,0.0051832376,0.018321516,0.5517872,0.10507536,-0.04147479,0.014245066,-0.0016772961,0.013472979,-0.109558895,0.5620833778521306,0.4648882429441257,-0.526489918691924,0.0,0.0,0.4187625236371848,0.08661167504397937,0.0385499127288913,0.012511301301088018,0.0,0.0,0.0,0.15232412355579592,0.0821453986859711,0.13302467395268947,-1.3155539867792558,-8.631443,2.567793,-1.3239535,-4.7396965,-1.3929081,-5.35582,135.93794,0.014160202
figure_eight_depth,smc,5.800000000000001,0.60339785,0.61370426,-0.5511685,0.0047998447,0.019759089,0.54029846,0.102168225,-0.04219165,0.0114873,-0.0017291397,0.013780164,-0.1149409,0.5707135676844317,0.4686409947459458,-0.5252398019359783,0.0,0.0,0.40144108823195734,0.08599054394003991,0.036502379170272325,0.012490976685208821,0.0,0.0,0.0,0.15094340546201826,0.08034597105218141,0.13885737368210516,-1.3165810647374965,-8.880522,2.637679,-1.467991,-4.7748513,-1.0448197,-5.805312,145.56853,0.015163387
figure_eight_depth,smc,5.9,0.6141463,0.615155,-0.55022734,0.0043923603,0.02121697,0.528265,0.099430695,-0.042793654,0.01158387,-0.001697286,0.014001157,-0.120380074,0.5792811723426788,0.4721881851187405,-0.5239917347686274,0.0,0.0,0.3834804917418303,0.08535998300396308,0.034438834461691936,0.012470309622925058,0.0,0.0,0.0,0.149477050669488,0.07850877642097005,0.14478450764781814,-1.317049517985953,-9.133229,2.716352,-1.6148676,-4.8020096,-0.8063398,-6.14539,154.87755,0.016133077
figure_eight_depth,smc,6.0,0.6247208,0.61630416,-0.54909104,0.003967132,0.022687769,0.5156796,0.096859716,-0.043314982,0.013611416,-0.0015822507,0.014155187,-0.1258887,0.5877852522924731,0.4755282581475768,-0.5227457514062631,0.0,0.0,0.36486382628565533,0.08472006138382504,0.03236018374219718,0.012449300680728026,0.0,0.0,0.0,0.14790593008700342,0.07665150008499726,0.15081577156895892,-1.3168138248081378,-9.389152,2.803215,-1.7653508,-4.820586,-0.69032705,-6.362045,163.32086,0.017012589
figure_eight_depth,smc,6.1000000000000005,0.6350999,0.61708647,-0.54765993,0.003547504,0.024151487,0.5025335,0.09380261,-0.044310458,0.01661906,-0.0012139799,0.014115682,-0.13148418,0.5962248749656158,0.4786597487660337,-0.5215018860081487,0.0,0.0,0.3455748824793469,0.08407084925421415,0.030267338776590602,0.012427950434712454,0.0,0.0,0.0,0.14614194218453255,0.07532675695043332,0.15695861294683106,-1.3158766155679538,-9.6114645,2.9111946,-1.9047686,-4.7955017,-1.1566834,-5.9730697,164.49576,0.017134978
figure_eight_depth,smc,6.2,0.6452463,0.6173829,-0.54623854,0.0031652986,0.025584048,0.4888176,0.089977935,-0.0462138,0.016555518,-0.000509781,0.013839079,-0.13716906,0.6045991148623748,0.48158128339882905,-0.5202601726754825,0.0,0.0,0.3255983828999017,0.08341241780851494,0.028161217555749962,0.012406259470132408,0.0,0.0,0.0,0.14411504513150664,0.07477944459150268,0.16321921949610968,-1.3142656284426764,-9.761584,3.0384808,-2.0350378,-4.6880655,-1.4192121,-5.7260456,165.44199,0.017233541
figure_eight_depth,smc,6.300000000000001,0.65513206,0.6170624,-0.5449935,0.002849788,0.026956545,0.47452283,0.085428245,-0.049204588,0.014796287,0.00050167914,0.013272579,-0.14294375,0.6129070536529765,0.4842915805643156,-0.5190206454504627,0.0,0.0,0.3049202432235818,0.08274483925135856,0.02604274389425565,0.012384228381734363,0.0,0.0,0.0,0.14172377627714833,0.07533378818248328,0.16960258583220433,-1.3119650802570997,-9.81095,3.1723914,-2.1691935,-4.469365,-1.5465988,-5.513686,163.79214,0.01706168
figure_eight_depth,smc,6.4,0.664726,0.61600643,-0.544022,0.0026189508,0.028236207,0.45964006,0.08022334,-0.053194717,0.012033119,0.0017030194,0.012372594,-0.14880942,0.6211477802783104,0.48678945143658015,-0.5177833383153542,0.0,0.0,0.2835278612462018,0.0820681867900741,0.02391284702457641,0.012361857773368623,0.0,0.0,0.0,0.13886885923361214,0.07713033063985876,0.1761121946486499,-1.308803525688107,-9.745676,3.3054552,-2.3152046,-4.1250167,-1.0491704,-5.8062854,163.09387,0.016988946
figure_eight_depth,smc,6.5,0.6740003,0.61412114,-0.5430351,0.002478643,0.029384434,0.44415987,0.07444539,-0.058007915,0.012127975,0.0029673614,0.0110769905,-0.15476975,0.6293203910498374,0.4890738003669028,-0.5165482851915573,0.0,0.0,0.26141043318529034,0.0813825346273056,0.021772461189811798,0.012339148258488919,0.0,0.0,0.0,0.13540562780710008,0.08008168915249556,0.18274943219404316,-1.3046944354974648,-9.558396,3.4317307,-2.4788325,-3.6478333,-0.59826654,-5.9214177,158.01212,0.016459597
figure_eight_depth,smc,6.6000000000000005,0.68296117,0.61142635,-0.5418399,0.0024034132,0.030379988,0.42807353,0.0689532,-0.06280328,0.014139412,0.0039739,0.009556958,-0.16081804,0.6374239897486896,0.4911436253643443,-0.5153155199386772,0.0,0.0,0.2385592956090069,0.08068795795246331,0.01962252523396435,0.012316100459597301,0.0,0.0,0.0,0.13132064461147183,0.08327690495897469,0.18951422981976507,-1.299590785814603,-9.299164,3.5320935,-2.6818821,-3.085188,-0.22138882,-5.8609257,150.06047,0.015631301
figure_eight_depth,smc,6.7,0.69161624,0.6080162,-0.54034173,0.0023503583,0.031212244,0.4113714,0.064100295,-0.06691243,0.017097872,0.0045427713,0.007921294,-0.16696362,0.6454576877239505,0.4929980185352525,-0.514085076353596,0.0,0.0,0.21496829007322044,0.07998453293389662,0.017463982190102367,0.012292715008577204,0.0,0.0,0.0,0.12668545394348243,0.08599288956696316,0.19640311981981545,-1.2935667238124962,-9.016463,3.6103833,-2.9197552,-2.4863248,-0.4095109,-5.1851068,136.0913,0.014176176
figure_eight_depth,smc,6.800000000000001,0.6999503,0.604006,-0.53884906,0.0022768292,0.031878445,0.39404348,0.059856758,-0.070041515,0.016967427,0.004672269,0.006254906,-0.17321017,0.6534206039901055,0.49463616648149417,-0.5128569881695462,0.0,0.0,0.19063414607197735,0.07927233670979028,0.015297778866413259,0.012268992546582425,0.0,0.0,0.0,0.12166493721503305,0.08764607844957926,0.20340932931750325,-1.2867368444694818,-8.739159,3.6825736,-3.1757555,-1.8808293,-0.41937977,-4.6798897,125.63444,0.013086922
figure_eight_depth,smc,6.9,0.7079456,0.59950966,-0.5375329,0.0021508865,0.032376662,0.37608,0.05611475,-0.07217962,0.015121595,0.004466078,0.0045733717,-0.17955433,0.6613118653236518,0.49605735065723894,-0.5116312890551857,0.0,0.0,0.1655568762190927,0.07855144738072584,0.013124865431257682,0.01224493372398161,0.0,0.0,0.0,0.11639578248287888,0.0882526839496931,0.210523130141915,-1.2791325728118978,-8.393017,3.67509,-3.5187366,-1.19919,-0.27196854,-4.190885,115.40607,0.012021466
figure_eight_depth,smc,7.0,0.71555537,0.59470874,-0.5364947,0.0019253702,0.03270638,0.35747358,0.052782994,-0.072576284,0.012253627,0.003767923,0.0028971871,-0.18597336,0.6691306063588581,0.4972609476841367,-0.510408012613675,0.0,0.0,0.13974017572724604,0.07782194400018927,0.010946194996364067,0.012220539200302749,0.0,0.0,0.0,0.11104883990809368,0.08719492353175223,0.2177334063020966,-1.2707495614628679,-8.147691,3.7407908,-3.8064833,-0.60041696,0.3603919,-4.3369784,114.16746,0.011892444
figure_eight_depth,smc,7.1000000000000005,0.722767,0.5896966,-0.53545356,0.001598129,0.032864537,0.33821443,0.049652196,-0.07216424,0.012180591,0.0030254433,0.0012109615,-0.1924914,0.6768759696826607,0.4982464296247522,-0.5091871923817554,0.0,0.0,0.11319181631123623,0.07708390656663289,0.008762723198663114,0.012195809644455213,0.0,0.0,0.0,0.10563635420852549,0.08544982105540709,0.22502261092150608,-1.2615583242874076,-7.9439054,3.856193,-4.0510798,-0.03663259,0.8446247,-4.4148483,114.59273,0.011936743
figure_eight_depth,smc,7.2,0.72959286,0.58452827,-0.53422076,0.0011852826,0.032852434,0.31829715,0.04681256,-0.07138105,0.013987805,0.0024160745,-0.00043917116,-0.19906466,0.6845471059286886,0.4990133642141358,-0.5079688618288305,0.0,0.0,0.08592402272885366,0.07633741601403843,0.006575407780901044,0.01217074573423016,0.0,0.0,0.0,0.10015528194406272,0.08338001979721925,0.23237312502200083,-1.2515712740183087,-7.7628484,4.00483,-4.2740717,0.516053,1.1877743,-4.3923407,115.53793,0.012035202
figure_eight_depth,smc,7.300000000000001,0.73605955,0.57924706,-0.5327016,0.0007074269,0.032674808,0.2977176,0.044367693,-0.070377216,0.016741227,0.0019811166,-0.0020200515,-0.2056824,0.6921431738704068,0.49956141504942914,-0.5067530543560478,0.0,0.0,0.05795381838884101,0.07558255420342386,0.00438520817189203,0.01214534815685564,0.0,0.0,0.0,0.09461383093426227,0.08114745635238628,0.2397637826720263,-1.2410557741354225,-7.518512,4.2555866,-4.4037023,1.1407771,0.9343504,-3.8001819,110.64639,0.011525665
figure_eight_depth,smc,7.4,0.7422915,0.5739192,-0.53120303,0.00018490317,0.032344785,0.27647385,0.04343636,-0.0692043,0.016462171,0.0017148766,-0.003450434,-0.21232156,0.6996633405133654,0.49989034173742275,-0.5055398032953832,0.0,0.0,0.02930332496829312,0.07481940391412811,0.002193085065743672,0.012119617608663535,0.0,0.0,0.0,0.08919658393237742,0.07811107430643109,0.24717052504353243,-1.2304687581424838,-7.3404603,4.4476266,-4.5997224,1.7068889,0.8534645,-3.3793414,109.883,0.011446147
figure_eight_depth,smc,7.5,0.7483187,0.5685858,-0.52989274,-0.0003670914,0.031866603,0.25456625,0.042978488,-0.06775759,0.014513107,0.0015647872,-0.0048222924,-0.2189606,0.7071067811865475,0.5,-0.5043291419087276,0.0,0.0,0.0,0.07404804883398564,0.0,0.012093554795034045,0.0,0.0,0.0,0.08399959162052599,0.07458058104607287,0.2545662522315979,-1.2197189511357538,-7.216437,4.638877,-4.8037972,2.226237,0.83645034,-3.064246,111.71799,0.01163729
figure_eight_depth,smc,7.6000000000000005,0.75414413,0.5632627,-0.528869,-0.00092970405,0.03124422,0.23199694,0.0426241,-0.066189796,0.011577456,0.001564727,-0.0061410214,-0.22558074,0.7144726796328034,0.49989034173742275,-0.5031211033869742,0.0,0.0,-0.02992320389244821,0.07326857355088867,-0.0021930850657714274,0.012067160430506707,0.0,0.0,0.0,0.07907485611399485,0.07095704673701757,0.2619201424786833,-1.2085422302984283,-7.127936,4.840901,-5.0008373,2.7138023,1.3573164,-3.3252568,119.514534,0.012449429
figure_eight_depth,smc,7.7,0.75977564,0.5579545,-0.5278496,-0.0014831083,0.03048035,0.2087712,0.042262536,-0.06461872,0.0114591345,0.0017214773,-0.007422892,-0.23215099,0.7217602280983622,0.49956141504942914,-0.5019157208491096,0.0,0.0,-0.060427773898527715,0.07248106354301731,-0.00438520817189203,0.012040435238669378,0.0,0.0,0.0,0.07434708806675462,0.0673911973886613,0.26919897288648853,-1.1968284530128612,-7.064394,5.053311,-5.1899743,3.1788914,1.7557436,-3.4928184,127.765205,0.013308875
figure_eight_depth,smc,7.800000000000001,0.7652154,0.55265856,-0.5266438,-0.0020091785,0.029581213,0.18489698,0.041852694,-0.06310327,0.013246348,0.00201512,-0.008637424,-0.23864448,0.7289686274214116,0.4990133642141358,-0.5007130273413049,0.0,0.0,-0.09146968025820588,0.07168560516973566,-0.0065754077808455325,0.012013379952213743,0.0,0.0,0.0,0.06974267508520701,0.06392904193789466,0.2763666560138974,-1.1845275004222517,-7.018529,5.2731714,-5.370935,3.6255772,2.0219157,-3.5506277,135.75293,0.014140931
figure_eight_depth,smc,7.9,0.77046496,0.54736996,-0.52515453,-0.0024928425,0.028556598,0.16038537,0.041419227,-0.06166783,0.016000882,0.0024131343,-0.009753864,-0.24502893,0.7360970871197342,0.4982464296247521,-0.49951305583600997,0.0,0.0,-0.12299953932126959,0.0708822856619884,-0.008762723198635358,0.011985995312852049,0.0,0.0,0.0,0.06520549555972294,0.06068889072681583,0.2833849095757862,-1.1716968895583215,-6.9886227,5.494429,-5.547317,4.053124,1.6958345,-3.0339108,138.31062,0.014407354
figure_eight_depth,smc,8.0,0.7755129,0.5420821,-0.5236832,-0.0029230495,0.027421435,0.13525057,0.04094998,-0.060301606,0.015738945,0.0028745965,-0.010725287,-0.251273,0.7431448254773942,0.4972609476841367,-0.49831583923104994,0.0,0.0,-0.1549629041484695,0.07007119311291943,-0.010946194996391823,0.011958282071400372,0.0,0.0,0.0,0.06082866263941438,0.05743078381112714,0.29021347253836205,-1.1584458738975745,-6.9687643,5.7180767,-5.7147627,4.464075,1.5321856,-2.6961844,143.46355,0.01494412
figure_eight_depth,smc,8.1,0.7803545,0.5367894,-0.5223964,-0.0032917757,0.02618948,0.109510124,0.0404691,-0.05901189,0.01381009,0.0033702543,-0.011567382,-0.25734267,0.7501110696304596,0.496057350657239,-0.4971214103487228,0.0,0.0,-0.18730068553347146,0.06925241646776881,-0.013124865431257682,0.011930240987584328,0.0,0.0,0.0,0.05667972033459256,0.05419992956994612,0.29681080926317727,-1.1448493908587924,-6.9558916,5.940451,-5.8737454,4.8583045,1.4461596,-2.4495487,149.86906,0.015611361
figure_eight_depth,smc,8.200000000000001,0.7849865,0.5314886,-0.5213932,-0.003594157,0.024873432,0.08318492,0.039972514,-0.057789147,0.0108926445,0.0038698309,-0.012294132,-0.2632036,0.7569950556517564,0.4946361664814941,-0.49592980193489966,0.0,0.0,-0.21994970072221262,0.06842604551487996,-0.015297778866357747,0.011901872830205606,0.0,0.0,0.0,0.052820507497902715,0.0511481999655362,0.3031346209735821,-1.1308501297137712,-6.947247,6.1593547,-6.022996,5.2351036,1.9104275,-2.7655249,161.18254,0.016789848
figure_eight_depth,smc,8.3,0.7894163,0.526181,-0.52039284,-0.0038283456,0.02348243,0.05629938,0.039473828,-0.056612525,0.010785144,0.0043447833,-0.012943929,-0.2688205,0.7637960286346421,0.4929980185352524,-0.49474104665812724,0.0,0.0,-0.2528433410502577,0.06759217087498604,-0.017463982190046856,0.011873178376975435,0.0,0.0,0.0,0.04914796369651958,0.04821237853491289,0.3091427220083379,-1.1163616647819334,-6.941672,6.3724036,-6.1616135,5.592345,2.2606938,-2.9798188,172.0242,0.017919187
figure_eight_depth,smc,8.4,0.7936486,0.52086896,-0.51920587,-0.003994701,0.022026943,0.028881239,0.03897742,-0.055465933,0.012576286,0.0047742976,-0.013505383,-0.27415955,0.7705132427757893,0.49114362536434436,-0.4935551771087318,0.0,0.0,-0.2859123435833277,0.06675088399182849,-0.019622525233936594,0.011844158414570094,0.0,0.0,0.0,0.04557190011140832,0.045350315181865004,0.31479358235679283,-1.1013538703791603,-6.9373055,6.5774083,-6.2880826,5.928185,2.484145,-3.0794892,181.72607,0.018929802
figure_eight_depth,smc,8.5,0.7976843,0.51555467,-0.5177363,-0.0040949127,0.020518046,0.00096162566,0.03847245,-0.05434812,0.015329504,0.005147224,-0.013973824,-0.27918646,0.7771459614569708,0.4890738003669028,-0.4923722257979262,0.0,0.0,-0.3190856461894937,0.0659022771220541,-0.021772461189811798,0.011814813738575403,0.0,0.0,0.0,0.04202852802170609,0.042730806832484126,0.3200472718470037,-1.1133175791456738,-6.9313397,6.772485,-6.4010444,6.2421894,2.1197689,-2.602295,185.1137,0.019282673
figure_eight_depth,smc,8.6,0.8015093,0.5102397,-0.51628584,-0.0041320915,0.018968608,-0.027425168,0.037893422,-0.05324822,0.015067825,0.005452221,-0.014332078,-0.28386927,0.7836934573258397,0.48678945143658015,-0.4911922251569181,0.0,0.0,-0.3522913006911922,0.06504644332494536,-0.023912847024493145,0.011785145153458965,0.0,0.0,0.0,0.03869120624907592,0.040107687763048176,0.32486613260907415,-1.1263374803934532,-6.919418,6.957586,-6.4971538,6.5353217,1.9209927,-2.3008552,190.19394,0.019811867
figure_eight_depth,smc,8.700000000000001,0.8051106,0.5049279,-0.51502115,-0.004110247,0.017388124,-0.056241788,0.037209284,-0.05216556,0.013139159,0.005684228,-0.014614204,-0.2881772,0.7901550123756904,0.4842915805643156,-0.4900152075360212,0.0,0.0,-0.38545741536195416,0.06418347645231748,-0.02604274389425565,0.01175515347268119,0.0,0.0,0.0,0.03570465421972746,0.03757557847973158,0.32921562739188803,-1.1394985110064975,-6.8980546,7.1312304,-6.574996,6.8081717,1.8024508,-2.087965,195.6278,0.020377897
figure_eight_depth,smc,8.8,0.8084768,0.49962613,-0.5140415,-0.004034533,0.015784249,-0.08544813,0.0364131,-0.051083956,0.010221577,0.0058353175,-0.014838353,-0.29208276,0.7965299180241963,0.48158128339882905,-0.4888412052037681,0.0,0.0,-0.4185130962157353,0.0633134711381933,-0.028161217555722207,0.011724839518389985,0.0,0.0,0.0,0.03321744466569449,0.03537430874620811,0.3330649652505025,-1.152707848685797,-6.865297,7.2917423,-6.6334405,7.059886,2.2362275,-2.435065,205.07658,0.021362146
figure_eight_depth,smc,8.9,0.8116013,0.494345,-0.5130663,-0.0039106975,0.014159773,-0.11500162,0.03547941,-0.049993195,0.010111493,0.0059029562,-0.0150524285,-0.29556116,0.8028174751911146,0.4786597487660337,-0.48767025034602585,0.0,0.0,-0.45138935669452496,0.06243652278847822,-0.030267338776562847,0.01169420412172606,0.0,0.0,0.0,0.03111497337717661,0.03344099600472996,0.33638773783237286,-1.1658391167731375,-6.819,7.4377894,-6.6715145,7.2903047,2.5591958,-2.6780143,213.19836,0.022208162
figure_eight_depth,smc,9.0,0.8144769,0.48909792,-0.5119059,-0.003745139,0.012518678,-0.14485759,0.03441949,-0.048871532,0.011901567,0.005882981,-0.015243372,-0.29859158,0.8090169943749475,0.4755282581475768,-0.4865023750651133,0.0,0.0,-0.48401996715975715,0.06155272757046859,-0.032360183742169424,0.011663248122545378,0.0,0.0,0.0,0.02931357994543631,0.03176309337262363,0.3391623817296119,-1.1788224827694673,-6.7586126,7.567855,-6.6887317,7.497974,2.7583008,-2.8037946,219.37949,0.022852032
figure_eight_depth,smc,9.1,0.8170957,0.48390013,-0.510464,-0.003544312,0.010865665,-0.17496967,0.03323396,-0.047708463,0.014657686,0.005777809,-0.015402358,-0.3011571,0.8151277957285541,0.47218818511874056,-0.4853376113789213,0.0,0.0,-0.5163422192244066,0.060662182402249076,-0.03443883446166418,0.011631972369530175,0.0,0.0,0.0,0.027791695210888742,0.03061936334762687,0.34137254606766837,-1.1916837892042125,-6.6831584,7.6805053,-6.6849494,7.6822963,2.3719733,-2.3500988,218.51021,0.022761479
figure_eight_depth,smc,9.200000000000001,0.81944615,0.47876877,-0.509042,-0.0033147736,0.00920872,-0.20529024,0.031921636,-0.046489764,0.014402841,0.00558985,-0.015494759,-0.30324462,0.821149209133704,0.4686409947459458,-0.4841759912200345,0.0,0.0,-0.5482975847254014,0.05976498494214555,-0.0365023791701613,0.011600377720105692,0.0,0.0,0.0,0.026903378749312565,0.02971285446346555,0.34300734169580693,-1.2045109070287148,-6.5921164,7.774652,-6.660279,7.842814,2.153357,-2.069522,218.69012,0.022780223
figure_eight_depth,smc,9.3,0.82152224,0.4737235,-0.5078069,-0.003063116,0.0075537264,-0.23577079,0.030494947,-0.045202952,0.012482692,0.005323405,-0.015539529,-0.30484575,0.8270805742745618,0.4648882429441257,-0.4830175464348566,0.0,0.0,-0.5798322549293082,0.05886123357790041,-0.03854991272883579,0.011568465040467935,0.0,0.0,0.0,0.026897375702642896,0.029150385161015757,0.3440614631602805,-1.2173583832669717,-6.485729,7.8491054,-6.615342,7.9787183,2.0164826,-1.8757627,218.68053,0.022779224
figure_eight_depth,smc,9.4,0.82332015,0.46878433,-0.50685793,-0.0027951654,0.005905169,-0.2663624,0.02894675,-0.04385485,0.009574601,0.0049902904,-0.015548464,-0.30595642,0.8329212407100994,0.46093157579425026,-0.4818623087827365,0.0,0.0,-0.6108975516494539,0.057951027416069945,-0.04058053702163389,0.011536235205528156,0.0,0.0,0.0,0.02790390439860858,0.029254354498388913,0.3445351527866152,-1.2302269851870802,-6.3637123,7.902327,-6.5515885,8.090203,2.4344623,-2.2402706,222.26372,0.023152472
figure_eight_depth,smc,9.5,0.8249001,0.46395993,-0.50591457,-0.0025174492,0.0042771134,-0.2970161,0.027885213,-0.042410627,0.0094799,0.004587307,-0.01542369,-0.30657625,0.8386705679454239,0.4567727288213004,-0.4807103099350979,0.0,0.0,-0.6414502080363884,0.05703446627114417,-0.04259336134967984,0.011503689098829595,0.0,0.0,0.0,0.029606360937809006,0.02921999404597789,0.3444340940398827,-1.2432431198857385,-6.1546793,8.018145,-6.3862057,8.249671,2.7378197,-2.5042598,224.77838,0.023414416
figure_eight_depth,smc,9.600000000000001,0.82648236,0.45920753,-0.5047873,-0.0022364953,0.0026981714,-0.32768366,0.028989717,-0.040840752,0.011293801,0.00412122,-0.015017338,-0.30671126,0.8443279255020151,0.4524135262330097,-0.4795615814745712,0.0,0.0,-0.6714525223251679,0.05611165065422252,-0.04458750282171353,0.011470827612741763,0.0,0.0,0.0,0.031637969235465205,0.027380079300758725,0.3437688649174074,-1.2564983646363528,-5.977966,8.111557,-6.2053065,8.338898,2.8979545,-2.6699538,225.10326,0.023448257
figure_eight_depth,smc,9.700000000000001,0.8282747,0.45445544,-0.503379,-0.001952995,0.0011955105,-0.3583175,0.032226544,-0.03925541,0.014082661,0.0036615552,-0.014341449,-0.3063701,0.849892692986864,0.4478558801197064,-0.47841615489412737,0.0,0.0,-0.7008723925820739,0.055182681762411256,-0.04656208674139184,0.011437651648099623,0.0,0.0,0.0,0.033675415212441856,0.02423567328105089,0.3425548981896788,-1.2703430860425398,-5.8443584,8.172833,-6.019875,8.348351,2.4525673,-2.2742474,218.07288,0.022715924
figure_eight_depth,smc,9.8,0.8304521,0.44960907,-0.50198966,-0.001662932,-0.00020389068,-0.3888712,0.03737056,-0.037776716,0.0138641475,0.0032659022,-0.013397274,-0.3055636,0.8553642601605067,0.44310178961560737,-0.47727406159621477,0.0,0.0,-0.7296832442132781,0.0542476614677212,-0.048516246990953915,0.011404162114453387,0.0,0.0,0.0,0.03569064500149743,0.02015504021945467,0.3408120512811492,-1.2858161809078186,-5.759014,8.193194,-5.8408833,8.2750635,2.1583261,-2.0678551,211.82167,0.022064755
figure_eight_depth,smc,9.9,0.83314365,0.44456047,-0.50078434,-0.0013589829,-0.0014796903,-0.41929993,0.044049904,-0.03653157,0.011983197,0.00297745,-0.01225197,-0.30430803,0.8607420270039435,0.43815334002193185,-0.47613533289189813,0.0,0.0,-0.7578638645917659,0.053306692305687964,-0.05044912641108401,0.011370359929957496,0.0,0.0,0.0,0.03755389529590732,0.01672608872861087,0.3385639342576747,-1.301736137477948,-5.7206807,8.164809,-5.677735,8.121863,1.9342232,-1.9594249,205.17221,0.021372104
figure_eight_depth,smc,10.0,0.83639836,0.43920887,-0.49986026,-0.0010319329,-0.0026232605,-0.44956037,0.051528692,-0.035642017,0.009116186,0.0028227381,-0.011024457,-0.30261955,0.8660254037844386,0.4330127018922194,-0.475,0.0,0.0,-0.7853981606558101,0.0523598774641032,-0.052359877176999525,0.011336246021287355,0.0,0.0,0.0,0.039168690964624484,0.016885093892359274,0.33583778663428,-1.3178978568392412,-5.714456,8.085881,-5.53529,7.9067154,2.2617664,-2.4118047,202.12445,0.021054631
figure_eight_depth,smc,10.100000000000001,0.8401925,0.43347993,-0.498935,-0.00067543995,-0.0036387546,-0.4796115,0.059091646,-0.035118226,0.009061208,0.0027766116,-0.009844829,-0.3005204,0.8712138111201895,0.42768213008025324,-0.4738680940462452,0.0,0.0,-0.8122748558202384,0.051407320771912346,-0.054247661170320205,0.011301821323722594,0.0,0.0,0.0,0.04030244361242907,0.02073654978870662,0.33266336962372045,-1.3338986426964143,-5.8056126,7.8770366,-5.4948645,7.5662885,2.4835947,-2.752916,196.9419,0.02051478
figure_eight_depth,smc,10.200000000000001,0.8443596,0.42738062,-0.49781826,-0.0002885089,-0.0045361803,-0.50941426,0.06515378,-0.034890722,0.010907028,0.0027848643,-0.008772954,-0.2980315,0.8763066800438636,0.4221639627510076,-0.47273964606240715,0.0,0.0,-0.8384871421873734,0.05044912668766832,-0.05611165034641319,0.011267086780952784,0.0,0.0,0.0,0.04094835633126266,0.025820228120998167,0.32907288656832434,-1.3497394356297896,-5.8439655,7.6588364,-5.4391623,7.254033,2.601543,-2.9545593,190.51263,0.019845065
figure_eight_depth,smc,10.3,0.84878874,0.42092764,-0.49641412,0.000119466335,-0.0053186985,-0.5389324,0.07019982,-0.03474069,0.013713222,0.002740761,-0.007740023,-0.2951806,0.8813034520649922,0.41646062035504977,-0.4716146869854575,0.0,0.0,-0.8640323030143757,0.04948540028820725,-0.057951027098379626,0.011232043345410503,0.0,0.0,0.0,0.04113603088291684,0.031208381345472304,0.3250999199539204,-1.365637849505175,-5.845281,7.4348683,-5.367073,6.9566603,2.146635,-2.564469,177.82973,0.018523928
figure_eight_depth,smc,10.4,0.85340893,0.4141401,-0.49502444,0.00053465256,-0.0059835166,-0.56813234,0.07456083,-0.03454119,0.013504425,0.0025988123,-0.006683064,-0.2919945,0.8862035792312146,0.410574604566852,-0.4704932476567174,0.0,0.0,-0.8889113188598796,0.048516247256935596,-0.05976498461440771,0.011196691977660711,0.0,0.0,0.0,0.04110938051166134,0.03633023088082565,0.3207789779518291,-1.3813771085778837,-5.820415,7.2078776,-5.2790556,6.666518,1.8667103,-2.3406687,167.10497,0.017406767
figure_eight_depth,smc,10.5,0.85817343,0.4070381,-0.49381676,0.0009421964,-0.006529975,-0.5969834,0.07844451,-0.034221217,0.0116258925,0.0023491425,-0.0056188353,-0.28850228,0.8910065241883679,0.4045084971874738,-0.4693753588210128,0.0,0.0,-0.9131284690911183,0.0475417738724504,-0.06155272723298855,0.011161033646955865,0.0,0.0,0.0,0.04100967173026645,0.04125780758475424,0.31614509592598766,-1.3970005320692254,-5.775709,6.9798627,-5.1756816,6.379835,1.6730227,-2.1999893,157.20624,0.01637565
figure_eight_depth,smc,10.600000000000001,0.8630509,0.39964175,-0.49289083,0.0013282553,-0.006959826,-0.62545747,0.081975415,-0.033743836,0.0087561915,0.0020012492,-0.004566785,-0.2847308,0.8957117602394128,0.39826495901209813,-0.4682610511258306,0.0,0.0,-0.9366909384335769,0.04656208699671538,-0.06331347079102656,0.011125069330875093,0.0,0.0,0.0,0.04092987942046144,0.046196089767759976,0.31123347278492575,-1.4124083481771017,-5.7155037,6.7528653,-5.0585465,6.095908,2.0333958,-2.6128404,151.9788,0.015831126
figure_eight_depth,smc,10.700000000000001,0.8680203,0.39196968,-0.4919684,0.0016810321,-0.0072795074,-0.6535297,0.085266545,-0.033091236,0.008674875,0.001574007,-0.0035696698,-0.28071085,0.9003187714021935,0.3918467286629199,-0.46715035512047925,0.0,0.0,-0.9596084363728085,0.045577294063403606,-0.06504644296831397,0.011088800015379707,0.0,0.0,0.0,0.040732562460992376,0.05101175321140204,0.3060787327557125,-1.4274960549635376,-5.643109,6.5271206,-4.9292154,5.8132277,2.285883,-2.918831,146.2836,0.015237875
figure_eight_depth,smc,10.8,0.8730684,0.38403785,-0.49086174,0.0019915004,-0.007495438,-0.6811775,0.088382274,-0.032264348,0.010477869,0.0010920748,-0.0026240598,-0.27646697,0.9048270524660196,0.3852566213878946,-0.46604330125525084,0.0,0.0,-0.9818928353389534,0.04458750306624015,-0.06675088362581572,0.011052226694868716,0.0,0.0,0.0,0.04032434723530978,0.05574614759464694,0.3007153384288582,-1.4422218206859712,-5.5607705,6.305013,-4.789937,5.5341797,2.4178262,-3.1051598,139.7339,0.014555614
figure_eight_depth,smc,10.9,0.8781907,0.37585846,-0.48947594,0.0022530188,-0.0076136147,-0.7083819,0.0913993,-0.031258117,0.013235459,0.0005761137,-0.0017235208,-0.2720335,0.9092361090470685,0.3784975278258782,-0.46493991988058625,0.0,0.0,-1.003557831972051,0.043592822546845156,-0.06842604513970785,0.011015350371929022,0.0,0.0,0.0,0.039658522781537885,0.06059573207434256,0.2951759407214407,-1.4566777310053522,-5.469066,6.0857935,-4.6409445,5.257672,1.9710945,-2.7138872,127.37945,0.013268691
figure_eight_depth,smc,11.0,0.8833896,0.3674393,-0.4881109,0.002461477,-0.007637433,-0.7351255,0.094357915,-0.030082833,0.013000276,4.8449245e-05,-0.0008407012,-0.2674267,0.9135454576426008,0.37157241273869723,-0.46384024124624323,0.0,0.0,-1.0246186342481562,0.042593361583243006,-0.07007119272864348,0.010978172057640734,0.0,0.0,0.0,0.03892972793963246,0.06544254602041341,0.2894931521657893,-1.4709707537286196,-5.372032,5.872379,-4.4872193,4.987566,1.6941348,-2.4924188,117.43676,0.0122329965
figure_eight_depth,smc,11.100000000000001,0.88867134,0.35878608,-0.48693272,0.0026146101,-0.007572753,-0.7613954,0.097299635,-0.028734596,0.011109682,-0.0004749937,1.8953695e-07,-0.2626921,0.9177546256839811,0.3644843137107057,-0.46274429550046703,0.0,0.0,-1.0450916760647193,0.04158922977748336,-0.07168560477663344,0.010940692771188587,0.0,0.0,0.0,0.0382542495335879,0.07034534078153658,0.2836962812626258,-1.4851763687200454,-5.2660437,5.6605124,-4.3258157,4.720285,1.5017161,-2.3547692,108.566475,0.011309008
figure_eight_depth,smc,11.200000000000001,0.8940459,0.3499021,-0.48604015,0.0027113825,-0.00742663,-0.7871779,0.10026321,-0.027206367,0.008237873,-0.0009847071,0.0007871335,-0.25782114,0.9218631515885005,0.3572363398164016,-0.46165211268916395,0.0,0.0,-1.0649943597936213,0.04058053724415034,-0.0732685731490712,0.010902913540139503,0.0,0.0,0.0,0.03771428608619516,0.07543772592521111,0.27781643945212964,-1.4991612435317534,-5.0435247,5.341994,-4.050017,4.348486,1.8616748,-2.7679026,100.41313,0.0104597
figure_eight_depth,smc,11.3,0.89952385,0.34078994,-0.48515546,0.0027446637,-0.007210605,-0.8123541,0.10327617,-0.02549195,0.008149255,-0.0015369095,0.0014776359,-0.25175932,0.9258705848099947,0.34983167025668266,-0.4605637227550774,0.0,0.0,-1.084344826571984,0.03956739459748393,-0.07481940350378968,0.010864835400192785,0.0,0.0,0.0,0.03715718940979066,0.080618734122342,0.2719907387423941,-1.5130281114872453,-5.226729,5.4389577,-4.183383,4.395612,2.116319,-3.073486,107.64818,0.011213352
figure_eight_depth,smc,11.4,0.9051187,0.33145016,-0.48409054,0.0027407347,-0.006932327,-0.8372445,0.10635338,-0.023597429,0.009947491,-0.0018340244,0.0020996297,-0.24890445,0.9297764858882513,0.3422735529643444,-0.45947915553696733,0.0,0.0,-1.1031617534039384,0.03854991294022225,-0.07633741559534557,0.0108264593953189,0.0,0.0,0.0,0.03648111904135758,0.08590453383175842,0.26591724275330364,-1.5263942554984673,-4.474482,4.610353,-3.3867645,3.5226355,2.255023,-3.256086,80.842705,0.008421115
figure_eight_depth,smc,11.5,0.9108509,0.32188135,-0.48274952,0.002649828,-0.0066042673,-0.86115396,0.10954477,-0.021451112,0.012709952,-0.0025665357,0.002625309,-0.23909698,0.9335804264972017,0.33456530317942923,-0.45839844076879177,0.0,0.0,-1.1214641757863704,0.03752820385050093,-0.0778219435734473,0.01078778657759294,0.0,0.0,0.0,0.03564393193099527,0.0914754121663949,0.26031021555840406,-1.5400505591383455,-5.669847,5.73909,-4.3556848,4.424928,1.7296574,-2.9482853,115.320404,0.01201254
figure_eight_depth,smc,11.600000000000001,0.916667,0.31201503,-0.48143113,0.0026086373,-0.006222719,-0.8854294,0.112825684,-0.020131396,0.012492557,-0.002015108,0.0031722272,-0.24275807,0.9372819894918916,0.32671030199505263,-0.45732160807889205,0.0,0.0,-1.1392713341830838,0.03650237937036227,-0.0792723362750547,0.010748818007250138,0.0,0.0,0.0,0.034959954581007195,0.0965708977632646,0.25384195185886504,-1.5527080612908915,-3.3934011,3.3924317,-1.8387343,1.8377649,1.372787,-2.8099563,39.56249,0.004121092
figure_eight_depth,smc,11.700000000000001,0.92250925,0.30178976,-0.48030034,0.002459129,-0.0058089304,-0.90757906,0.11620989,-0.019463766,0.010635746,-0.0028733888,0.0035600753,-0.22150296,0.9408807689542255,0.31871199487434493,-0.4562486869891803,0.0,0.0,-1.1566025425551902,0.03547255199298771,-0.08068795750998392,0.010709554752602601,0.0,0.0,0.0,0.034675012366708564,0.10132583228313048,0.24902347818598858,-1.5667260196533124,-7.490013,7.4182277,-5.680603,5.608817,1.0857484,-2.768409,183.70143,0.019135565
figure_eight_depth,smc,11.8,0.9282747,0.29116538,-0.47945628,0.0025642659,-0.005348221,-0.9321119,0.11926395,-0.01995821,0.0077968617,-0.00037371684,0.0040038,-0.24533452,0.944376370237481,0.3105738901391552,-0.4551797069143303,0.0,0.0,-1.1734770770156033,0.03443883465054087,-0.0820681863400452,0.010669997890122573,0.0,0.0,0.0,0.03500437206929418,0.10517225800067002,0.24136515808936432,-1.5776824928442477,-0.19168338,0.054893702,1.8633894,-2.000179,1.3706677,-3.2576997,20.00403,0.002083753
figure_eight_depth,smc,11.9,0.93388474,0.2801041,-0.47861978,0.0023459522,-0.004900643,-0.9509991,0.1222957,-0.020878758,0.007764736,-0.0031932592,0.0039914525,-0.18887976,0.9477684100095857,0.30229955743118747,-0.45411469716097064,0.0,0.0,-1.1899140826839723,0.03340134070178857,-0.08341241735113081,0.010630148504220394,0.0,0.0,0.0,0.03585936254890619,0.10872385304905606,0.2389150015491761,-1.5905620293198786,-8.191684,8.0548935,-6.1366105,5.999821,1.5212597,-3.6663141,221.39693,0.023062179
figure_eight_depth,smc,12.0,0.9393339,0.26866233,-0.47760436,0.002551195,-0.0044260877,-0.97374016,0.124836616,-0.02208313,0.009594328,0.0009379724,0.0042120554,-0.22741859,0.9510565162951535,0.29389262614623657,-0.4530536869268817,0.0,0.0,-1.2059324968536598,0.03236018391961082,-0.0847200609191967,0.01059000768746654,0.0,0.0,0.0,0.03710421203011476,0.11169721150269117,0.2321923363884193,-1.6014582044251717,-2.538384,2.3097348,0.010030371,-0.23867953,1.588828,-3.9218683,29.74076,0.0030979959
figure_eight_depth,smc,12.100000000000001,0.9443992,0.2567469,-0.47631177,0.0026462174,-0.0039741904,-0.9934109,0.12707329,-0.025068674,0.012427416,7.958207e-05,0.0040171235,-0.19671653,0.9542403285162768,0.28535678384221586,-0.4519967053001951,0.0,0.0,-1.2215509866480927,0.03131547847862182,-0.08599054346847268,0.010549576540314076,0.0,0.0,0.0,0.03881490556586261,0.11351016918334125,0.22814010131407778,-1.6141389680450755,-8.988526,8.731869,-6.241597,5.98494,1.07556,-3.5997062,245.9309,0.025617803
figure_eight_depth,smc,12.200000000000001,0.94898105,0.24437474,-0.47504163,0.0031423632,-0.0035102214,-1.0170914,0.12872413,-0.029108362,0.0122671425,0.0040203524,0.004013041,-0.23681444,0.9573194975320672,0.27669577462167205,-0.450943781258596,0.0,0.0,-1.2367878994694375,0.030267338942513433,-0.0872233077233997,0.010508856171181913,0.0,0.0,0.0,0.041168986364859536,0.11434237083764347,0.2196965059986733,-1.6239631002533776,-0.9885265,0.73186916,1.7584026,-2.01506,0.77576286,-3.4036458,20.851875,0.0021720703
figure_eight_depth,smc,12.3,0.9531113,0.23156618,-0.47395673,0.0033595914,-0.0030905607,-1.0357767,0.13070336,-0.032188565,0.01049132,0.0015163858,0.0036094307,-0.1868646,0.9602936856769431,0.26791339748949833,-0.449894943668529,0.0,0.0,-1.251661224643952,0.029215880251565185,-0.08841781295279572,0.010467847696427057,0.0,0.0,0.0,0.04417778931371873,0.11602343488197148,0.2158844902918402,-1.635497165233054,-8.573426,8.336714,-5.504607,5.267895,0.5223424,-3.325704,212.38899,0.022123856
figure_eight_depth,smc,12.4,0.95664483,0.21830788,-0.47315818,0.003935388,-0.0026662177,-1.0581831,0.13209571,-0.03717533,0.0077022417,0.005065485,0.0034906487,-0.22407548,0.9631625667976582,0.25901350468656514,-0.44885022128440627,0.0,0.0,-1.2661885648162783,0.02816121771015423,-0.08957353520722133,0.010426552240344611,0.0,0.0,0.0,0.047857135497888025,0.1164275406266317,0.2080054908187807,-1.6439668176437947,-0.57342595,0.33671376,2.4953928,-2.732105,0.88337314,-3.7373178,28.88147,0.0030084867
figure_eight_depth,smc,12.5,0.9596172,0.20462799,-0.47236615,0.004198895,-0.0023007179,-1.0754402,0.13381416,-0.041160975,0.007725605,0.0021749577,0.002975842,-0.17258313,0.9659258262890682,0.25000000000000017,-0.44780964274781987,0.0,0.0,-1.2803871157744535,0.027103466973876778,-0.09068996754865721,0.010384970935084503,0.0,0.0,0.0,0.0519753814540181,0.11767482538696074,0.20494694739371622,-1.654159245254259,-8.573426,8.336714,-5.504607,5.267895,1.1068091,-4.07054,218.85016,0.022796893
figure_eight_depth,smc,12.600000000000001,0.9620286,0.19061221,-0.4713949,0.004812414,-0.0019339963,-1.0967855,0.13479541,-0.04536759,0.009593154,0.0056440956,0.002770915,-0.21346723,0.9685831611286311,0.24087683705085758,-0.44677323658675583,0.0,0.0,-1.2942736535134138,0.026042744037058085,-0.091766620272965,0.01034310492059598,0.0,0.0,0.0,0.056353532821443265,0.11823948247675668,0.19748810816429274,-1.6615115803725349,-0.57342595,0.33671376,2.4953928,-2.732105,0.7638926,-3.7356677,28.672323,0.0029867003
figure_eight_depth,smc,12.700000000000001,0.9639234,0.17627065,-0.4704815,0.0051017404,-0.0016270729,-1.1133012,0.13626955,-0.048561364,0.009104239,0.0025738534,0.002274407,-0.16516793,0.9711342799096361,0.2316480175599308,-0.4457410312148128,0.0,0.0,-1.3078645274861447,0.024979165219818356,-0.09280302112474326,0.01030095534465536,0.0,0.0,0.0,0.061079783008051315,0.11976772129541473,0.1945633695347897,-1.6704365231753062,-8.573426,8.202885,-5.504607,4.8480005,1.0122614,-4.0557213,212.06833,0.02209045
figure_eight_depth,smc,12.8,0.9651683,0.1618088,-0.46943358,0.0056959107,-0.0013163452,-1.1339484,0.13526173,-0.052656658,0.010527841,0.005605757,0.00205387,-0.20648617,0.9735789028731603,0.2223175895924637,-0.44471305493042235,0.0,0.0,-1.3211756590958728,0.023912847155582728,-0.09379871550428687,0.010258523362810523,0.0,0.0,0.0,0.06590262221348239,0.11870684477390989,0.18722721377574336,-1.676563147935383,-0.57342595,0.20288485,2.4953928,-3.1519992,0.7479004,-3.677842,30.617939,0.0031893689
figure_eight_depth,smc,12.9,0.96584547,0.14720155,-0.46847373,0.005907399,-0.0010599843,-1.1498306,0.13523245,-0.055610534,0.009737433,0.0019058211,0.0016589393,-0.15883338,0.9759167619387473,0.21288964578253647,-0.44368933591607373,0.0,0.0,-1.334222544613836,0.022843906778313716,-0.09475326666712192,0.01021581013838091,0.0,0.0,0.0,0.07092688387663297,0.11901078400128072,0.18439196485614562,-1.6834986513254777,-8.441902,6.9542522,-5.2483554,3.7607055,1.0562779,-3.9487908,178.02414,0.018544182
figure_eight_depth,smc,13.0,0.9657469,0.13309832,-0.4674042,0.0063125044,-0.00080154877,-1.1693288,0.12832777,-0.058468416,0.010905095,0.0038443743,0.001432481,-0.19499381,0.9781476007338056,0.20336832153790022,-0.44266990223754066,0.0,0.0,-1.347020261803805,0.021772461309133018,-0.09566625591556077,0.010172816842374255,0.0,0.0,0.0,0.07552109603755094,0.11286385489788643,0.1776914530193201,-1.6874828030019438,-0.44190237,-1.0457476,2.7516446,-4.2392945,0.9476501,-3.4390283,39.556988,0.0041205194
figure_eight_depth,smc,13.100000000000001,0.96502745,0.119388275,-0.46643877,0.0062005296,-0.0005819624,-1.1837183,0.12339575,-0.060135268,0.009934976,-0.0012350854,0.001287487,-0.14390619,0.9802711746217219,0.19375779322605138,-0.44165478184311247,0.0,0.0,-1.3595834796082267,0.020698628244275596,-0.09653728278236073,0.010129544653403322,0.0,0.0,0.0,0.07985889081001706,0.10895798757640637,0.1758651559006461,-1.6933380247657395,-8.441902,6.9542522,-5.2483554,3.7607055,0.96705556,-3.0144196,171.3374,0.017847646
figure_eight_depth,smc,13.200000000000001,0.9638082,0.106029235,-0.46570978,0.0061293207,-0.0002950863,-1.202054,0.11910851,-0.06167307,0.007603122,-0.0008187955,0.0017318012,-0.18337151,0.9822872507286886,0.18406227634233907,-0.44064400256282754,0.0,0.0,-1.3719264703831184,0.01962252534154496,-0.09736596520636132,0.01008599475788019,0.0,0.0,0.0,0.08401740680398419,0.10572421235199234,0.16987244664044265,-1.6964763049174316,-0.44190237,-1.0457476,2.7516446,-4.2392945,1.558921,-3.1769013,39.35497,0.004099476
figure_eight_depth,smc,13.3,0.9622442,0.09289356,-0.46494856,0.005424455,-5.8105097e-06,-1.215589,0.116892256,-0.061887,0.007957221,-0.007088603,0.0020631072,-0.13536486,0.9841956079692419,0.17428602366090767,-0.43963759210771053,0.0,0.0,-1.3840631241915622,0.018544270607823155,-0.09815193970003078,0.010042168349710945,0.0,0.0,0.0,0.08801841689414022,0.10484187652988677,0.1684740777132907,-1.7019210700381255,-8.441902,6.9542522,-5.2483554,3.7607055,1.9566516,-3.314615,176.13065,0.018346941
figure_eight_depth,smc,13.4,0.9604462,0.07993534,-0.46398145,0.004710007,0.00036902342,-1.2332511,0.1152397,-0.06187147,0.0100060385,-0.007145502,0.0027902157,-0.1766388,0.9859960370705049,0.16443332336929167,-0.4386355780690123,0.0,0.0,-1.3960069647775177,0.017463982285803592,-0.09889486150900517,0.009998066630434455,0.0,0.0,0.0,0.09184289465607297,0.10455057653022581,0.1627558699594025,-1.7047812649338074,-0.44190237,-1.0457476,2.535623,-4.2392945,2.235978,-3.3398685,41.84419,0.00435877
figure_eight_depth,smc,13.5,0.95856917,0.06711882,-0.46271962,0.0033883562,0.00075765327,-1.2463434,0.11471215,-0.060095083,0.012943898,-0.013168196,0.0032696107,-0.13093962,0.9876883405951378,0.15450849718747378,-0.43763798791745406,0.0,0.0,-1.4077711668688584,0.016381778841334516,-0.09959440476320358,0.009953690809111349,0.0,0.0,0.0,0.09546711185307286,0.1060094309015274,0.16142779261653906,-1.7097608237286848,-8.441902,6.347307,-5.464377,3.7607055,1.8698282,-2.8481627,167.16463,0.017412981
figure_eight_depth,smc,13.600000000000001,0.95676905,0.054652855,-0.46147454,0.0021230604,0.0012148526,-1.2635691,0.11240747,-0.056759637,0.012728551,-0.012522444,0.003988298,-0.172272,0.9892723329629883,0.14451589847223584,-0.4366448490024736,0.0,0.0,-1.419368574538162,0.015297778950207341,-0.10025026261986647,0.009909042102296262,0.0,0.0,0.0,0.09873370004064339,0.10644095039193054,0.15579945794575467,-1.7127094885634329,-0.44190237,-1.6526929,2.535623,-4.2392945,1.7125312,-2.5037768,36.529335,0.003805139
figure_eight_depth,smc,13.700000000000001,0.9551395,0.04237828,-0.46041447,0.0003434064,0.0016950223,-1.2761976,0.11205729,-0.052629847,0.010848518,-0.017643124,0.004533578,-0.12629399,0.9907478404714436,0.13445991030763288,-0.43565618855147603,0.0,0.0,-1.430811720374366,0.014212101485278072,-0.10086214739804533,0.0098641217341211,0.0,0.0,0.0,0.10178384788386337,0.10909172716793963,0.15461416769339675,-1.7193447912761137,-8.441902,5.565111,-5.464377,3.7607055,1.567146,-2.3161767,154.05911,0.016047824
figure_eight_depth,smc,13.8,0.9538351,0.030564379,-0.45964396,-0.0012736627,0.002222884,-1.292874,0.10924886,-0.046781573,0.0079061715,-0.01588802,0.005221348,-0.16676606,0.9921147013144779,0.12434494358242741,-0.434672033669087,0.0,0.0,-1.4421128452754657,0.013124865503255645,-0.1014297907048281,0.009818930936045245,0.0,0.0,0.0,0.10432505455573267,0.11058891869245263,0.14923886666065855,-1.724907668667679,-0.44190237,-2.4348886,2.535623,-4.2392945,2.0217183,-2.6461236,41.61428,0.0043348204
figure_eight_depth,smc,13.9,0.9529177,0.01902562,-0.45888224,-0.0032814348,0.0027794081,-1.3049104,0.1084257,-0.040489558,0.007806845,-0.019810168,0.005718539,-0.12035603,0.9933727656003964,0.11417543505532787,-0.4336924113364098,0.0,0.0,-1.4532839186947766,0.012036190231712318,-0.10195294355314077,0.009773470947022078,0.0,0.0,0.0,0.10641723364120441,0.11433526489847234,0.14837349732331662,-1.732869893715378,-8.348827,5.415415,-5.464377,3.7607055,2.089355,-3.1460142,157.29475,0.016384872
figure_eight_depth,smc,14.0,0.9524536,0.007735102,-0.45794415,-0.004922695,0.0033680287,-1.321063,0.1076918,-0.034176674,0.009567931,-0.015963655,0.006416209,-0.1615053,0.9945218953682733,0.10395584540887987,-0.4327173484102854,0.0,0.0,-1.464336659208055,0.010946195056427133,-0.10243137647081985,0.009727743013332457,0.0,0.0,0.0,0.10800260914861319,0.1183995036470071,0.14327361752104317,-1.7392726142948587,-0.34882757,-2.5845854,2.535623,-4.2392945,2.0965593,-3.4716465,47.650658,0.00496361
figure_eight_depth,smc,14.100000000000001,0.9524774,-0.0034717456,-0.45672932,-0.006692537,0.003996724,-1.3326567,0.108609036,-0.027528591,0.012378906,-0.017307945,0.00685759,-0.11590401,0.99556196460308,0.09369065729286227,-0.43174687162255665,0.0,0.0,-1.4752825553130022,0.0098549995073971,-0.10286487960139978,0.009681748388695732,0.0,0.0,0.0,0.1091830366708846,0.12423844259022788,0.1426258141707293,-1.748152542206034,-8.019466,5.1954284,-5.464377,3.7607055,1.3591547,-3.3683412,148.49966,0.015468714
figure_eight_depth,smc,14.200000000000001,0.95312405,-0.014629884,-0.45554304,-0.007868196,0.0046397015,-1.3483305,0.109909646,-0.02011883,0.012167898,-0.0111301495,0.0074785943,-0.15669054,0.9964928592495044,0.08338437335805109,-0.4307810075793348,0.0,0.0,-1.4861328863472594,0.00876272324668026,-0.10325326279606029,0.009635488334047704,0.0,0.0,0.0,0.11000366734754485,0.13095207871585007,0.13780238860556016,-1.7557660457117397,-0.019466007,-2.8045714,2.535623,-4.2392945,1.390847,-2.839103,42.261963,0.0044022882
figure_eight_depth,smc,14.3,0.9544073,-0.025873924,-0.45454812,-0.009174191,0.0053326837,-1.3594264,0.11245326,-0.012374644,0.010374131,-0.012545141,0.0078026317,-0.11089922,0.9973144772244581,0.07304151428120575,-0.42981978276027055,0.0,0.0,-1.496898743495662,0.0076694860545734045,-0.10359635569701098,0.009588964117568377,0.0,0.0,0.0,0.1106199917723516,0.13893040100758913,0.1374723642918656,-1.7660042048371725,-8.002774,5.1954284,-5.464377,3.7607055,0.897963,-2.9964335,144.82413,0.015085847
figure_eight_depth,smc,14.4,0.9562995,-0.037212826,-0.45384836,-0.009901685,0.0060163056,-1.3746874,0.114796385,-0.0053576725,0.0075609526,-0.0064611062,0.008235979,-0.15253994,0.9980267284282716,0.06266661678215227,-0.4288632235178278,0.0,0.0,-1.5075910508125054,0.006575407816955536,-0.10389400781266045,0.00954217701482074,0.0,0.0,0.0,0.11109150841717162,0.14637320305988402,0.1329036175697076,-1.7749465179567816,-0.002774295,-2.8045714,2.535623,-4.2392945,1.5402888,-3.135993,44.47357,0.0046326634
figure_eight_depth,smc,14.5,0.9588081,-0.048767224,-0.45315918,-0.010755178,0.006743571,-1.3854599,0.11817391,0.0020163155,0.007623182,-0.007886832,0.0083389105,-0.107645266,0.9986295347545738,0.05226423163382687,-0.4279113560765615,0.0,0.0,-1.5182205862445766,0.005480608511687635,-0.10414608858266491,0.00949512830847321,0.0,0.0,0.0,0.1114923878351661,0.15483455979029306,0.13276068634223281,-1.7865562978062055,-7.70563,5.1954284,-5.464377,3.7607055,1.8639764,-3.3734014,145.22577,0.015127684
figure_eight_depth,smc,14.600000000000001,0.9620038,-0.060606383,-0.4522962,-0.01120768,0.0074399607,-1.400375,0.12219194,0.009490287,0.009556659,-0.0035192196,0.0085675735,-0.14906406,0.9991228300988584,0.041838921666157644,-0.4269642065323983,0.0,0.0,-1.5287980026174566,0.004385208195956114,-0.104352487436149,0.009447819288382897,0.0,0.0,0.0,0.11186854138045521,0.16382495518282886,0.12842299403438773,-1.7967837854110047,0.29436994,-2.8045714,2.535623,-4.2392945,2.0440266,-3.5175827,48.90471,0.0050942404
figure_eight_depth,smc,14.700000000000001,0.9658623,-0.07282825,-0.4511595,-0.011813851,0.008170441,-1.4108062,0.12690392,0.017158663,0.012504421,-0.00528565,0.00847337,-0.10422,0.9995065603657316,0.03139525976465679,-0.42602180085192143,0.0,0.0,-1.5393338485876435,0.0032893269927836144,-0.10451311383975412,0.009400251251540093,0.0,0.0,0.0,0.11236717432796556,0.1734768718532512,0.1285276695410127,-1.8095284043068927,-7.70563,5.1954284,-5.464377,3.7607055,1.4062915,-3.3113203,143.31403,0.014928545
figure_eight_depth,smc,14.8,0.970338,-0.08538745,-0.4500532,-0.011948222,0.008848221,-1.4254417,0.13102351,0.024032656,0.012418926,-0.00014792953,0.008506258,-0.14626062,0.9997806834748455,0.020937826864599905,-0.4250841648716586,0.0,0.0,-1.5498385895474731,0.002193085077761836,-0.10462789733744864,0.009352425502096029,0.0,0.0,0.0,0.11311670781740389,0.18209947872992993,0.12439684760411372,-1.8209517619791766,0.29436994,-2.8045714,2.535623,-4.2392945,0.948964,-3.2699156,43.94616,0.0045777247
figure_eight_depth,smc,14.9,0.975396,-0.0983786,-0.4491387,-0.012080111,0.009555322,-1.4356608,0.13578136,0.03110351,0.01071918,-0.0004146885,0.008291432,-0.10209488,0.9999451693655121,0.010471209941678555,-0.424151324297374,0.0,0.0,-1.5603226284817082,0.0010966026662839745,-0.10469678758138252,0.009304343351168587,0.0,0.0,0.0,0.11434733338882686,0.19126867822543125,0.12466178940089767,-1.834666559308035,-7.70563,5.1954284,-4.9153132,3.4234934,0.50920725,-3.3759887,133.9064,0.013948585
figure_eight_depth,smc,15.0,0.9807904,-0.111853234,-0.44851378,-0.011642888,0.010206722,-1.4499027,0.14071934,0.03520442,0.008019881,0.005733056,0.008233832,-0.14232299,1.0,6.123233995736766e-17,-0.4232233047033631,0.0,0.0,-1.5707963267948966,0.0,-0.10471975435402178,0.00925600611695332,0.0,0.0,0.0,0.1162745184112016,0.19844957922948717,0.12089367310074374,-1.846602839645197,0.29436994,-2.8045714,3.0846868,-4.5765066,0.62652874,-4.037395,55.10508,0.005740112
figure_eight_depth,smc,15.100000000000001,0.98648846,-0.12585254,-0.4478918,-0.011101557,0.010874217,-1.4595946,0.14577205,0.039589375,0.008169698,0.006402523,0.00780283,-0.09682958,0.9999451693655121,-0.010471209941678434,-0.42230013153175183,0.0,0.0,-1.5812700251080851,-0.0010966026662839745,-0.10469678758138166,0.009207415124640184,0.0,0.0,0.0,0.11894901395411984,0.20588826141348907,0.12167541775487468,-1.8604519212362534,-7.70563,5.1954284,-4.9153132,3.4234934,0.5772572,-4.645228,144.1612,0.0150167905
figure_eight_depth,smc,15.200000000000001,0.99243695,-0.14024235,-0.4470822,-0.009886455,0.011457472,-1.4733987,0.14951374,0.04303836,0.010200773,0.013652078,0.0073645394,-0.13795993,0.9997806834748455,-0.02093782686459978,-0.42138183009179914,0.0,0.0,-1.5917540640423202,-0.002193085077761836,-0.10462789733744864,0.009158571706413543,0.0,0.0,0.0,0.1222620507406985,0.2117105799010286,0.11835537858699796,-1.8721779177410567,0.29436994,-2.8045714,3.0846868,-4.5765066,0.4277319,-5.1120815,64.72831,0.006742533
figure_eight_depth,smc,15.3,0.9985483,-0.15500313,-0.4459807,-0.008470243,0.012018547,-1.4827459,0.15271492,0.046341658,0.013224362,0.015233048,0.006534512,-0.09340544,0.9995065603657316,-0.03139525976465667,-0.4204684255592028,0.0,0.0,-1.6022588050021498,-0.0032893269927836144,-0.10451311383975412,0.009109477201313387,0.0,0.0,0.0,0.1262168765971881,0.21705165371701005,0.11951291915315077,-1.8853252398280915,-7.70563,5.1954284,-4.5060277,3.070964,-0.34693867,-5.0382895,141.60904,0.014750943
figure_eight_depth,smc,15.4,1.0045367,-0.16998073,-0.44488418,-0.006335892,0.012480856,-1.4960692,0.15431884,0.046371166,0.013213765,0.022944735,0.0057513365,-0.13317947,0.9991228300988584,-0.04183892166615774,-0.41955994297540944,0.0,0.0,-1.612794650972338,-0.004385208195956114,-0.10435248743614553,0.00906013295526309,0.0,0.0,0.0,0.13073236690869247,0.21891059123981943,0.11672545808598556,-1.896057941597145,-0.10996393,-1.5934814,3.493972,-4.9290357,-0.91197956,-5.0969715,65.86533,0.0068609715
figure_eight_depth,smc,15.5,1.0099117,-0.18539849,-0.44395256,-0.0039813765,0.012892496,-1.5052242,0.1576314,0.04201579,0.011550958,0.024687765,0.004696328,-0.09151626,0.9986295347545738,-0.05226423163382652,-0.4186564072469281,0.0,0.0,-1.6233720673452168,-0.005480608511687635,-0.10414608858266491,0.009010540321152671,0.0,0.0,0.0,0.1359849704249189,0.21903258929089436,0.11814783943994335,-1.9072603836687128,-8.109964,6.4065185,-4.229691,2.0509276,-1.2635639,-5.1082935,156.60284,0.016312795
figure_eight_depth,smc,15.600000000000001,1.0142668,-0.20075333,-0.44327995,-0.0010233057,0.013190504,-1.5184364,0.15597253,0.033361766,0.008870457,0.031284027,0.003506035,-0.132097,0.9980267284282716,-0.06266661678215214,-0.4177578431446471,0.0,0.0,-1.634001602777288,-0.006575407816955536,-0.10389400781266045,0.008960700658477982,0.0,0.0,0.0,0.14136145240906706,0.21274629571588638,0.11556517089252229,-1.9165094999360806,-1.3802618,-1.417656,3.7703092,-5.9490724,-0.76597136,-5.368803,82.93232,0.008638783
figure_eight_depth,smc,15.700000000000001,1.0171708,-0.21556607,-0.44258457,0.0018507476,0.013366019,-1.5275044,0.14933953,0.021239132,0.008946045,0.029936628,0.0018479368,-0.09067139,0.9973144772244581,-0.07304151428120585,-0.4168642753031553,0.0,0.0,-1.6446939100940523,-0.0076694860545734045,-0.103596355697122,0.008910615333701521,0.0,0.0,0.0,0.14618158391033298,0.20058846006836195,0.11718946597173786,-1.9266912772601201,-9.380261,6.582344,-4.229691,0.86909515,-0.31971547,-5.461156,179.88861,0.018738396
figure_eight_depth,smc,15.8,1.0183089,-0.22926603,-0.44168636,0.00492161,0.013430218,-1.5406715,0.13723153,0.005460403,0.01080728,0.03246848,0.00039832664,-0.13165958,0.9964928592495044,-0.08338437335805098,-0.41597572822006645,0.0,0.0,-1.6554597672426188,-0.00876272324668026,-0.1032532627959562,0.008860285719891614,0.0,0.0,0.0,0.1497278660065563,0.1820350887117612,0.11478829946155189,-1.9324044297793674,-2.2726724,-1.417656,3.7703092,-7.1309047,-0.132651,-4.586487,93.293274,0.00971805
figure_eight_depth,smc,15.9,1.0174944,-0.24154004,-0.44083145,0.007406373,0.013367856,-1.5495989,0.12231326,-0.011787388,0.0102507565,0.026046576,-0.0010629478,-0.08926244,0.99556196460308,-0.09369065729286216,-0.4150922262553476,0.0,0.0,-1.6663100982767909,-0.0098549995073971,-0.10286487960139978,0.00880971319686119,0.0,0.0,0.0,0.15166734178752805,0.16051677563308006,0.11671116601055553,-1.9381472638553177,-10.272673,6.582344,-4.229691,0.3629278,0.44154593,-4.5635853,187.89833,0.019572742
figure_eight_depth,smc,16.0,1.0146611,-0.25216606,-0.4398423,0.00966865,0.013270245,-1.5627167,0.105494134,-0.030494818,0.011528935,0.024376271,-0.0019475346,-0.1311545,0.9945218953682734,-0.10395584540887953,-0.4142137936306514,0.0,0.0,-1.6772559943810879,-0.010946195056371621,-0.10243137647093087,0.008758899151140032,0.0,0.0,0.0,0.15175202144713912,0.13689737666827884,0.11453927189268454,-1.9395441440271401,-2.8347557,-1.417656,3.7703092,-7.637072,0.7264962,-3.6389747,96.35562,0.010037045
figure_eight_depth,smc,16.1,1.0097636,-0.26100478,-0.43895018,0.011003684,0.013079473,-1.571601,0.087862246,-0.049587518,0.010567934,0.014529289,-0.0027665426,-0.08881321,0.9933727656003964,-0.11417543505532797,-0.41334045442865214,0.0,0.0,-1.6883087348959795,-0.01203619023182334,-0.10195294355323792,0.00870784497569721,0.0,0.0,0.0,0.14994456572080644,0.1128064503352562,0.11670770168522515,-1.9414592165752491,-10.834756,6.582344,-4.229691,0.1952816,0.6421747,-3.3084662,190.00595,0.019792287
figure_eight_depth,smc,16.2,1.0028411,-0.2679974,-0.43829867,0.011951159,0.012927708,-1.5847702,0.06989081,-0.06908239,0.008190378,0.011197153,-0.0029665015,-0.13165602,0.9921147013144779,-0.1243449435824273,-0.4124722325923851,0.0,0.0,-1.6994798083141884,-0.013124865503255645,-0.10142979070493913,0.008656552070385182,0.0,0.0,0.0,0.14634921648702534,0.08909643413970288,0.11470960567746968,-1.93922827276381,-2.8347557,-1.417656,2.8288774,-7.8047185,1.542572,-3.1502683,91.26549,0.009506823
figure_eight_depth,smc,16.3,0.9942525,-0.27290502,-0.43762144,0.01191557,0.012706848,-1.5938901,0.050179683,-0.08509714,0.008439358,0.0008230623,-0.0032982405,-0.09115726,0.9907478404714436,-0.13445991030763277,-0.4116091519245905,0.0,0.0,-1.7107809332157007,-0.014212101485333584,-0.10086214739823962,0.008605021841245897,0.0,0.0,0.0,0.14091121654241787,0.06629377587923099,0.11689086230047852,-1.9370625547388947,-10.834756,4.1855693,-5.1711226,-0.0039855745,1.5315815,-3.6897495,177.61145,0.01850119
figure_eight_depth,smc,16.400000000000002,0.9846099,-0.27490616,-0.43673056,0.011641234,0.012524702,-1.6068845,0.022117894,-0.09582194,0.010332963,-0.0010922124,-0.003369544,-0.1299036,0.9892723329629883,-0.14451589847223595,-0.4107512360870609,0.0,0.0,-1.7222240790518628,-0.015297778950262853,-0.10025026262007464,0.008553255701093665,0.0,0.0,0.0,0.13303489624853906,0.0377188281773673,0.11533959952915773,-1.93148941497513,-2.8347557,-3.814431,-0.012264312,-8.003985,2.4332623,-3.0888076,102.11116,0.010636579
figure_eight_depth,smc,16.5,0.9747247,-0.27330044,-0.43552062,0.010504075,0.012286904,-1.6159623,-0.012630822,-0.09922096,0.0130981,-0.010234661,-0.003434473,-0.0907366,0.9876883405951378,-0.15450849718747367,-0.4098985085999922,0.0,0.0,-1.7338214867212989,-0.016381778841390027,-0.0995944047633146,0.008501255069126579,0.0,0.0,0.0,0.12221323060827702,0.0059447557859280695,0.1178592197993018,-1.9279707098066399,-10.834756,2.153629,-8.012264,-0.0039855745,2.5351632,-2.1318986,197.1985,0.02054151
figure_eight_depth,smc,16.6,0.9650688,-0.26773155,-0.43429103,0.008961176,0.012161783,-1.6291384,-0.051419698,-0.09884715,0.012704076,-0.013810106,-0.002635036,-0.13173026,0.985996037070505,-0.1644333233692916,-0.40905099284133944,0.0,0.0,-1.7455856888124595,-0.017463982285859103,-0.09889486150921334,0.008449021370982024,0.0,0.0,0.0,0.10837680258153719,0.03422131466956415,0.11644733832570409,-1.922561610224526,-2.8347557,-5.846371,-1.8328971,-6.5260983,3.312654,-0.8497391,99.8611,0.010402198
figure_eight_depth,smc,16.7,0.95645577,-0.25858876,-0.43320516,0.0063770213,0.012118098,-1.6386899,-0.08637561,-0.09122364,0.010626751,-0.02467994,-0.0012926771,-0.09549999,0.984195607969242,-0.17428602366090737,-0.4082087120461751,0.0,0.0,-1.7575295293978184,-0.018544270607823155,-0.09815193970025282,0.008396556038625658,0.0,0.0,0.0,0.09220234591868066,0.06822071202303136,0.1188396537950962,-1.9195375944900444,-6.468164,-0.43736622,-9.832897,1.4739015,3.9844465,0.16165753,156.78862,0.01633215
figure_eight_depth,smc,16.8,0.95041263,-0.24697062,-0.43236718,0.003207467,0.012300125,-1.6514239,-0.11190739,-0.068127744,0.0074590426,-0.030152446,0.0010082377,-0.12734093,0.9822872507286887,-0.18406227634233896,-0.40737168930605266,0.0,0.0,-1.7696661832068086,-0.019622525341600472,-0.09736596520656948,0.00834386051040692,0.0,0.0,0.0,0.07482129307770491,0.09680988192697103,0.1182422520849824,-1.9177747619448606,1.5318362,-8.4373665,-3.67544,-0.6122339,4.830028,0.25010315,110.81109,0.011542822
figure_eight_depth,smc,16.900000000000002,0.9485453,-0.23469278,-0.43152332,-0.00067797984,0.012679097,-1.6609159,-0.12097026,-0.028478837,0.007042337,-0.037686985,0.003485282,-0.0949232,0.9802711746217219,-0.19375779322605147,-0.4065399475683734,0.0,0.0,-1.78200917398191,-0.020698628244331108,-0.09653728278245788,0.008290936231114543,0.0,0.0,0.0,0.05750108644714406,0.12119369022015761,0.12109332238889237,-1.9254462856118908,-2.294489,-0.43736622,-11.181446,7.3877664,4.7742543,-0.34738225,207.97397,0.021663954
figure_eight_depth,smc,17.0,0.95123225,-0.22336969,-0.4305277,-0.0043176105,0.013257581,-1.6744565,-0.11530665,0.01656459,0.008506394,-0.03467952,0.0058766217,-0.13539186,0.9781476007338057,-0.2033683215378999,-0.40571350963575725,0.0,0.0,-1.79457239178632,-0.02177246130918853,-0.09566625591565792,0.008237784651532465,0.0,0.0,0.0,0.04171611099634033,0.14609750219911508,0.12011591462109794,-1.9365603684431252,5.705511,-6.4274635,-3.181446,2.3395913,3.9941368,-0.44728044,105.61362,0.011001418
figure_eight_depth,smc,17.1,0.9583204,-0.21444741,-0.42965534,-0.007795375,0.013935682,-1.684733,-0.096185416,0.061235588,0.0077135037,-0.03341526,0.007224621,-0.10272612,0.9759167619387474,-0.21288964578253636,-0.40489239816541756,0.0,0.0,-1.8073701089754566,-0.022843906778313716,-0.09475326666733008,0.008184407229022694,0.0,0.0,0.0,0.030418132107333587,0.17237088361072586,0.12263707579521975,-1.952417262474546,2.947367,1.5725366,-4.4703507,10.339591,2.6431525,-1.3546219,146.87228,0.015299197
figure_eight_depth,smc,17.2,0.96875787,-0.21142943,-0.42911467,-0.010260059,0.01468644,-1.6972668,-0.041921746,0.10022602,0.0056043877,-0.022900218,0.008484297,-0.12526375,0.9735789028731603,-0.22231758959246356,-0.40407663566854,0.0,0.0,-1.820416994494536,-0.02391284715569375,-0.09379871550448116,0.008130805426775911,0.0,0.0,0.0,0.02772539441156325,0.19487509359784533,0.12315017740164058,-1.9712087739386206,8.229962,3.7333035,3.529649,7.1064897,1.37987,-3.3515472,157.76735,0.016434101
figure_eight_depth,smc,17.3,0.9797743,-0.21719624,-0.42868364,-0.011440748,0.01540017,-1.7081238,0.043244068,0.116502,0.0061415024,-0.010212471,0.008250712,-0.10847825,0.9711342799096361,-0.2316480175599307,-0.40326624450966564,0.0,0.0,-1.8337281261033482,-0.024979165219818356,-0.09280302112485428,0.008076980714394333,0.0,0.0,0.0,0.03048848387549557,0.22015164824636058,0.12560432296461532,-1.9903673619827607,0.40537214,11.733304,3.5108762,8.8065605,-0.66522765,-5.939478,263.43643,0.027441295
figure_eight_depth,smc,17.400000000000002,0.9875615,-0.23059297,-0.42813498,-0.010511586,0.015789311,-1.7218325,0.12194656,0.09538822,0.008457282,0.011402709,0.005459322,-0.13701785,0.9685831611286311,-0.2408768370508577,-0.4024612469060774,0.0,0.0,-1.8473190000757838,-0.026042744037058085,-0.09176662027317317,0.008022934567558648,0.0,0.0,0.0,0.033542163244057524,0.2385958005790394,0.12548648626657966,-2.0045379699007526,4.278584,8.391826,11.510876,0.8065604,-1.5013208,-7.098959,274.529,0.028596772
figure_eight_depth,smc,17.5,0.9900349,-0.25012222,-0.42732927,-0.007950671,0.015702888,-1.7321169,0.18919694,0.053717118,0.011610962,0.027232932,0.00021671432,-0.10283522,0.9659258262890683,-0.2499999999999999,-0.4016616649271912,0.0,0.0,-1.8612055378159178,-0.0271034669739878,-0.09068996754883762,0.007968668467861484,0.0,0.0,0.0,0.03521487439539804,0.26010101976310285,0.1290886001785887,-2.0154572037432517,-3.721416,16.391827,6.12331,5.7823777,-2.5410361,-7.307525,413.32855,0.043055058
figure_eight_depth,smc,17.6,0.9861162,-0.2740918,-0.42653042,-0.0037197717,0.0149624925,-1.7459922,0.2427228,-0.0002719965,0.01179949,0.04448772,-0.006300693,-0.13878974,0.9631625667976581,-0.2590135046865652,-0.4008675204939509,0.0,0.0,-1.8754040887737242,-0.02816121771020974,-0.08957353520733236,0.00791418390314047,0.0,0.0,0.0,0.03758733406853694,0.285250781667036,0.12941190508842149,-2.018106483997677,-0.8411709,8.786856,12.947412,-2.2176223,-1.127218,-5.3949075,280.84534,0.029254727
figure_eight_depth,smc,17.7,0.975441,-0.299169,-0.42585933,0.0005084718,0.013482208,-1.7565033,0.26541007,-0.061447438,0.010454654,0.04385511,-0.014411795,-0.1051542,0.9602936856769432,-0.26791339748949805,-0.40007883537822736,0.0,0.0,-1.8899314289461266,-0.029215880251620696,-0.08841781295287898,0.007859482367034154,0.0,0.0,0.0,0.04325491234090125,0.2958692009091144,0.13342808536397333,-2.019387882390555,-8.841171,15.387187,4.9474115,1.2450513,-0.7887305,-4.705314,363.72092,0.0378876
figure_eight_depth,smc,17.8,0.9579131,-0.32275534,-0.4253997,0.0046587093,0.011345014,-1.7706087,0.26408553,-0.12871057,0.008222894,0.043404028,-0.021443658,-0.14102969,0.9573194975320672,-0.27669577462167194,-0.39929563120222133,0.0,0.0,-1.9048047541202338,-0.030267338942568944,-0.08722330772359399,0.007804565359259552,0.0,0.0,0.0,0.05294579832440992,0.2972624765110926,0.1341960905612738,-2.0109508339118904,-7.182146,7.387187,6.9599895,-6.7549486,0.33687904,-4.324956,219.04327,0.022817008
figure_eight_depth,smc,17.900000000000002,0.93471295,-0.34085402,-0.42485487,0.007924953,0.008651019,-1.7827922,0.22335869,-0.19142303,0.008874534,0.03404462,-0.02750721,-0.12169982,0.9542403285162768,-0.28535678384221597,-0.398517929437871,0.0,0.0,-1.9200416669409741,-0.03131547847862182,-0.08599054346866697,0.007749434385417864,0.0,0.0,0.0,0.06445848613481515,0.27563781899192025,0.13724945636205568,-1.9954521800042542,-15.182146,6.475794,-1.0400105,-7.666342,0.38533103,-4.7717547,355.20602,0.037000626
figure_eight_depth,smc,18.0,0.90763485,-0.348603,-0.42404398,0.010532938,0.0056622257,-1.7969049,0.13265532,-0.2483332,0.011225221,0.027300732,-0.03100537,-0.14088102,0.9510565162951536,-0.2938926261462365,-0.3977457514062631,0.0,0.0,-1.9356601567356966,-0.03236018391961082,-0.08472006091930773,0.007694090956883448,0.0,0.0,0.0,0.0746342002463696,0.23240448747656706,0.1387552352040193,-1.975151277506199,-12.123566,-1.2456548,-0.53762543,-12.831595,1.1142039,-3.3048854,325.6351,0.03392032
figure_eight_depth,smc,18.1,0.8792478,-0.34508166,-0.42325652,0.01167894,0.002760275,-1.808556,0.029277874,-0.28443903,0.011037026,0.012119729,-0.030245055,-0.1161969,0.9477684100095857,-0.3022995574311874,-0.39697911827704846,0.0,0.0,-1.951678570905132,-0.03340134070178857,-0.08341241735129734,0.007638536590942602,0.0,0.0,0.0,0.08494637024488184,0.21059898293699503,0.14312261024991968,-1.9544662313534191,-14.141471,0.41747603,-8.537625,-4.8315954,4.0663023,0.13064808,312.94275,0.0325982
figure_eight_depth,smc,18.2,0.8531012,-0.3326423,-0.4226574,0.010571241,0.00038412705,-1.8230555,-0.05932867,-0.28332072,0.009136826,-0.010676755,-0.025453202,-0.14470711,0.9443763702374811,-0.310573890139155,-0.39621805106786145,0.0,0.0,-1.9681155765741618,-0.034438834650596384,-0.08206818634018398,0.007582772810654781,0.0,0.0,0.0,0.09755619481488549,0.20279177341278107,0.14506007082159833,-1.9355558869624485,-6.141471,-7.582524,-10.760673,-3.317056,5.7619424,1.1395836,256.5059,0.026719362
figure_eight_depth,smc,18.3,0.83406246,-0.31369984,-0.42197004,0.007134072,-0.0013521003,-1.8369648,-0.1359126,-0.23155569,0.009269845,-0.03431827,-0.018831661,-0.13890158,0.9408807689542255,-0.3187119948743448,-0.3954625706437441,0.0,0.0,-1.9849901110342925,-0.03547255199304322,-0.08068795751017821,0.007526801144908113,0.0,0.0,0.0,0.11017222582352278,0.18125206811770284,0.14802526537694383,-1.9239179566485696,-1.9027104,-12.175397,-16.044846,1.9667385,5.8050957,0.6747837,447.3202,0.046595853
figure_eight_depth,smc,18.400000000000002,0.8260051,-0.29075935,-0.42103216,0.0025691567,-0.0023103028,-1.8510021,-0.20012005,-0.13800585,0.010634112,-0.045838952,-0.010583206,-0.14030147,0.9372819894918916,-0.3267103019950527,-0.39471269771657397,0.0,0.0,-2.0023213194068883,-0.03650237937041778,-0.07927233627513797,0.007470623128003062,0.0,0.0,0.0,0.1198654687198267,0.1738688433510737,0.1513192222770665,-1.9211099597820895,1.1816223,-8.279349,-12.960513,5.8627863,3.1103263,-1.3440287,283.77158,0.029559536
figure_eight_depth,smc,18.5,0.8262539,-0.2696441,-0.42013335,-0.0013773034,-0.0022385444,-1.865617,-0.20358396,-0.05597929,0.009602362,-0.03980225,0.00034210115,-0.14615035,0.9335804264972019,-0.33456530317942895,-0.3939684528444961,0.0,0.0,-2.020128477803743,-0.03752820385061195,-0.07782194357361383,0.0074142403002352975,0.0,0.0,0.0,0.12813410291135233,0.1675004542544291,0.15451144098428493,-1.92438086156483,6.047937,-4.675468,-8.094198,9.466668,3.2916489,-1.722112,227.372,0.023684585
figure_eight_depth,smc,18.6,0.83241683,-0.25606728,-0.41910648,-0.0045842,-0.0011793833,-1.8800905,-0.14779457,0.019505236,0.0106263645,-0.032392964,0.010790945,-0.14471917,0.9297764858882513,-0.3422735529643443,-0.39322985643135955,0.0,0.0,-2.0384309001855563,-0.038549912940277764,-0.0763374155955121,0.00735765420734058,0.0,0.0,0.0,0.13258968335593604,0.1453646947096597,0.15834042510315882,-1.9361842224552883,9.266646,0.8353306,-4.875489,14.977467,3.220141,-1.1409234,346.3344,0.036076505
figure_eight_depth,smc,18.7,0.8424428,-0.2547338,-0.41821375,-0.0070662247,0.00056924194,-1.8955779,-0.043209173,0.09140177,0.00939725,-0.0250029,0.018196039,-0.15479201,0.9258705848099948,-0.3498316702566826,-0.39249692872615816,0.0,0.0,-2.057247827018049,-0.03956739459759495,-0.07481940350395622,0.007300866400661299,0.0,0.0,0.0,0.1290935839882099,0.16627427981668116,0.16166991945579312,-1.9673269465931151,12.770691,1.297953,-1.3714447,15.440088,3.4539638,-0.48943377,417.22183,0.043460608
figure_eight_depth,smc,18.8,0.8555665,-0.26653048,-0.4176396,-0.009154599,0.0024963275,-1.9103647,0.06991832,0.16197453,0.006926065,-0.020799572,0.02031524,-0.14772871,0.9218631515885006,-0.35723633981640157,-0.3917696898224751,0.0,0.0,-2.0765982937955294,-0.04058053724415034,-0.07326857314918223,0.007243878436952178,0.0,0.0,0.0,0.11529115758322685,0.25990270874189225,0.1662335467481051,-2.004189778258937,8.05287,6.0182133,-1.7569643,15.828047,1.8770734,-2.804651,366.07104,0.038132403
figure_eight_depth,smc,18.900000000000002,0.86965483,-0.28917778,-0.41713336,-0.009910172,0.004161268,-1.9270797,0.16660221,0.20821328,0.0073846527,-0.0071384725,0.018178865,-0.16698919,0.9177546256839811,-0.36448431371070583,-0.3910481596579324,0.0,0.0,-2.09650097752614,-0.041589229777649894,-0.07168560477674446,0.007186691878713347,0.0,0.0,0.0,0.09308653169636699,0.34883678524103584,0.16942129994435276,-2.035831897477745,6.93106,7.1421638,6.122562,7.950662,0.272024,-4.9218597,224.04758,0.02333829
figure_eight_depth,smc,19.0,0.88034403,-0.31989542,-0.41646922,-0.009184797,0.0053750314,-1.9418854,0.2505728,0.20723361,0.009738545,0.007869849,0.01360426,-0.14792743,0.913545457642601,-0.371572412738697,-0.39033235801364397,0.0,0.0,-2.1169740193409847,-0.04259336158329852,-0.07007119272883777,0.007129308293690739,0.0,0.0,0.0,0.06675314139606846,0.4035482116991203,0.17508866720628016,-2.062754775721495,-1.06894,15.142164,5.2946863,8.775838,-1.9067217,-6.3730326,379.72794,0.039554995
figure_eight_depth,smc,19.1,0.88454634,-0.35617766,-0.4158435,-0.0064500296,0.005970822,-1.9594414,0.32284883,0.17065276,0.009560552,0.02829132,0.0075701065,-0.1754965,0.9092361090470686,-0.37849752782587814,-0.3896223045136734,0.0,0.0,-2.1380348216174,-0.04359282254690067,-0.06842604513984663,0.007071729255042625,0.0,0.0,0.0,0.04237111888447981,0.43754354360963654,0.17859339820126244,-2.0813486045476757,-0.8744986,14.94287,13.267637,0.80073416,-1.1057148,-5.098401,427.94177,0.044577267
figure_eight_depth,smc,19.200000000000003,0.87917626,-0.3954454,-0.4153571,-0.0031969193,0.005902475,-1.974945,0.38370633,0.099054925,0.0077939737,0.033456784,0.00031649717,-0.15503328,0.9048270524660195,-0.3852566213878946,-0.3889180186244962,0.0,0.0,-2.1596998182502625,-0.044587503066295664,-0.06675088362598225,0.007013956341395122,0.0,0.0,0.0,0.03822041665664258,0.45926874829969594,0.18475486910017702,-2.097391065163886,-6.652581,20.720491,7.4895544,6.5783553,0.8476532,-3.8375626,588.4092,0.061292615
figure_eight_depth,smc,19.3,0.86488676,-0.43668994,-0.4147552,-3.8272876e-05,0.0051243193,-1.9944701,0.43536592,0.030778006,0.008687373,0.03273893,-0.007157321,-0.19527285,0.9003187714021935,-0.3918467286629198,-0.38821951965446566,0.0,0.0,-2.1819842172165544,-0.04557729406345912,-0.06504644296845274,0.006955991136592399,0.0,0.0,0.0,0.06301177149206817,0.4903995241450173,0.18751409774023609,-2.1091170236263976,1.3474188,12.72049,15.489554,-1.4216448,1.7747957,-3.3555584,419.9835,0.04374828
figure_eight_depth,smc,19.400000000000002,0.84228134,-0.47902772,-0.4138715,0.0020979254,0.0036313965,-2.0091832,0.47882682,-0.03201229,0.011289579,0.022115922,-0.0149236005,-0.14712845,0.8957117602394128,-0.39826495901209824,-0.387526826753284,0.0,0.0,-2.2049017151563084,-0.0465620869968264,-0.06331347079116534,0.0068978352297521806,0.0,0.0,0.0,0.10035673657360802,0.5263388221872985,0.1957185467450535,-2.11923691788657,-6.652581,20.720491,7.4895544,6.5783553,0.1032271,-4.2410755,590.9612,0.061558444
figure_eight_depth,smc,19.5,0.81221056,-0.521802,-0.4129514,0.004289303,0.0014917882,-2.0281107,0.5149019,-0.090680726,0.0112609025,0.022601109,-0.021793118,-0.18922903,0.8910065241883679,-0.40450849718747367,-0.38683995891147693,0.0,0.0,-2.228464184498932,-0.04754177387256142,-0.06155272723309957,0.006839490215293509,0.0,0.0,0.0,0.1436954403576235,0.5632147449944032,0.20035344192996218,-2.1197342623525186,-9.102477,12.72049,5.0396585,-1.4216448,0.58282304,-3.2408524,282.928,0.029471666
figure_eight_depth,smc,19.6,0.7786347,-0.5581348,-0.41211113,0.0057779266,-0.0014661842,-2.047485,0.47423074,-0.14079227,0.009714278,0.015175264,-0.03041048,-0.19361651,0.8862035792312146,-0.41057460456685213,-0.3861589349598733,0.0,0.0,-2.2526813347306844,-0.04851624725710213,-0.059764984614518735,0.0067809576927702064,0.0,0.0,0.0,0.18444127560190846,0.5289975743276515,0.20519622158676354,-2.1107296915350036,-14.213259,5.162575,-0.071123436,-8.979561,-0.57966125,-4.0095367,325.71887,0.03392905
figure_eight_depth,smc,19.700000000000003,0.74577785,-0.5816439,-0.4115004,0.006790398,-0.005003416,-2.0660145,0.35965157,-0.18403523,0.0066435137,0.009853041,-0.03644234,-0.1850865,0.8813034520649923,-0.4164606203550497,-0.3854837735690888,0.0,0.0,-2.2775603505758157,-0.04948540028831827,-0.05795102709846289,0.0067222392668708775,0.0,0.0,0.0,0.21524303402520228,0.42812415069040394,0.2115458223012796,-2.0992716424417837,-19.943983,5.860467,-5.801848,-8.281669,-1.2368616,-5.4086776,565.1386,0.058868606
figure_eight_depth,smc,19.8,0.71503097,-0.59198976,-0.41095176,0.007795721,-0.008412311,-2.0870724,0.23717085,-0.22133079,0.0058027063,0.008999623,-0.035518035,-0.2103385,0.8763066800438637,-0.42216396275100737,-0.38481449324901407,0.0,0.0,-2.3031055114015464,-0.050449126687779344,-0.05611165034663523,0.0066633365473633965,0.0,0.0,0.0,0.2356561309447789,0.3316976840842666,0.216033138965023,-2.0859167285480478,-15.491739,1.4027766,-1.3496037,-12.739359,-1.0528283,-5.8375864,441.26035,0.045964617
figure_eight_depth,smc,19.900000000000002,0.68631,-0.5915658,-0.41033658,0.008218307,-0.011233334,-2.1056013,0.13813946,-0.2518224,0.0069532758,0.0026671751,-0.02965377,-0.1850566,0.8712138111201895,-0.42768213008025335,-0.38415111234830707,0.0,0.0,-2.3293177977696113,-0.05140732077202337,-0.05424766117043123,0.006604251149122664,0.0,0.0,0.0,0.24846117209661323,0.27379533372080894,0.22371648703963087,-2.0743526422766156,-22.5559,8.46411,-8.413764,-5.6780257,-2.0377948,-7.2424417,740.04675,0.0770882
figure_eight_depth,smc,20.0,0.6597607,-0.58198047,-0.40957165,0.00895215,-0.013210661,-2.1292086,0.05292772,-0.2772076,0.009333732,0.004686608,-0.02171257,-0.23588689,0.8660254037844387,-0.4330127018922192,-0.38349364905389033,0.0,0.0,-2.356194492933718,-0.05235987746421422,-0.0523598771771383,0.006544984691991829,0.0,0.0,0.0,0.2557666503495995,0.24829369678251395,0.2269859281754174,-2.0586292498522534,-14.5559,0.46411008,-1.8934007,-12.198508,1.388892,-3.0566099,375.75003,0.03914063
figure_eight_depth,smc,20.1,0.63618535,-0.5653166,-0.40893275,0.007490543,-0.014323727,-2.1492612,-0.016327966,-0.2881635,0.009185371,-0.017265106,-0.012925198,-0.20040317,0.8607420270039436,-0.4381533400219318,-0.38284212139045215,0.0,0.0,-2.383728788997694,-0.053306692305798986,-0.05044912641122279,0.006485538800810042,0.0,0.0,0.0,0.2593779517814694,0.24058853850072892,0.23446755280689804,-2.04168323713754,-13.442329,-0.64720935,-9.8934,-4.1985087,1.232387,-2.7286913,305.58646,0.031831924
figure_eight_depth,smc,20.200000000000003,0.61921585,-0.54545414,-0.40854374,0.004709258,-0.014490034,-2.1703303,-0.073466435,-0.25063792,0.0068203565,-0.030830598,-0.0032410217,-0.210649,0.8553642601605065,-0.4431017896156074,-0.3821965472199526,0.0,0.0,-2.411909409377188,-0.05424766146788773,-0.04851624699103718,0.0064259151053014385,0.0,0.0,0.0,0.258720413516734,0.20303370907733875,0.2415791233511868,-2.029235229497858,-7.9894247,-6.0911207,-17.8934,3.8014913,3.1899536,-1.5200441,448.04413,0.046671256
figure_eight_depth,smc,20.3,0.61333,-0.5270776,-0.4081201,0.00093557837,-0.013708062,-2.1935449,-0.118431576,-0.15225424,0.0066703465,-0.041100476,0.006726528,-0.23215525,0.8498926929868639,-0.44785588011970645,-0.3815569442411337,0.0,0.0,-2.440720261007536,-0.05518268176252228,-0.04656208674150286,0.0063661152401028875,0.0,0.0,0.0,0.25088560924585146,0.12317201840796134,0.24717539635299476,-2.0313015916596173,-3.0000863,-11.072694,-17.142221,3.0694418,2.1159573,-3.169632,449.40613,0.04681314
figure_eight_depth,smc,20.400000000000002,0.6182029,-0.5116355,-0.4075164,-0.0025363434,-0.012054416,-2.2155874,-0.15375824,-0.050480325,0.008192674,-0.037740756,0.016330235,-0.22042204,0.8443279255020152,-0.4524135262330097,-0.3809233299890341,0.0,0.0,-2.4701401312641433,-0.05611165065416701,-0.04458750282171353,0.006306140844597463,0.0,0.0,0.0,0.23525931841668382,0.09784243099082889,0.25455275371592556,-2.0485891502834748,-7.1818414,-6.8851056,-21.323977,7.25703,1.9121743,-3.7344468,623.9625,0.064996086
figure_eight_depth,smc,20.5,0.6320952,-0.49928716,-0.40664768,-0.0047843666,-0.009592727,-2.2409322,-0.18207,0.03678567,0.010975923,-0.025535319,0.025259603,-0.2533661,0.8386705679454243,-0.4567727288213003,-0.38029572183450866,0.0,0.0,-2.5001424455537173,-0.05703446627114417,-0.04259336134965208,0.0062459935631087315,0.0,0.0,0.0,0.2125447666994855,0.14817991759868443,0.2592102193726871,-2.0738850583527673,-1.0339916,-13.029218,-15.176127,1.1129181,3.0624044,-1.7388436,414.785,0.04320677
figure_eight_depth,smc,20.6,0.6537842,-0.49047202,-0.40580255,-0.0070010405,-0.006403066,-2.262494,-0.20370552,0.115183316,0.010956995,-0.024235085,0.032927793,-0.21545401,0.8329212407100995,-0.4609315757942502,-0.37967413698375196,0.0,0.0,-2.5306951019405965,-0.05795102741618097,-0.0405805370216894,0.006185675044539929,0.0,0.0,0.0,0.18342683949131308,0.2133764640298607,0.26820101472135827,-2.1092248677882717,-9.033992,-5.0292177,-23.176126,9.112918,2.3397229,-1.9381454,736.3148,0.076699466
figure_eight_depth,smc,20.700000000000003,0.68229467,-0.48545673,-0.40514427,-0.008145288,-0.002626697,-2.2892973,-0.22043234,0.18752736,0.009307454,-0.0131586855,0.039639212,-0.26775485,0.8270805742745617,-0.46488824294412573,-0.3790585924778266,0.0,0.0,-2.5617603986606894,-0.05886123357801143,-0.0385499127288913,0.006125186942540495,0.0,0.0,0.0,0.14854792043862552,0.27789617160376345,0.27246305636027435,-2.151446465164773,-1.0339916,-11.719871,-15.176127,2.422265,3.9918416,0.068911515,390.54626,0.0406819
figure_eight_depth,smc,20.8,0.7164926,-0.4852679,-0.40474424,-0.009760123,0.001645666,-2.312416,-0.2265204,0.2561508,0.006682107,-0.016755607,0.04460528,-0.2308318,0.8211492091337041,-0.4686409947459457,-0.3784491051921963,0.0,0.0,-2.5932950688627754,-0.05976498494220106,-0.03650237917032784,0.006064530915450561,0.0,0.0,0.0,0.10918285330368337,0.33682880148341776,0.28087899220261914,-2.20296288808365,-4.7044115,-3.7198706,-18.846546,10.422265,3.0218244,-1.6577592,511.66443,0.05329838
figure_eight_depth,smc,20.900000000000002,0.75411767,-0.49183425,-0.4043249,-0.010609632,0.0062123626,-2.338809,-0.20573884,0.32173926,0.0069952602,-0.008060754,0.04824073,-0.2634708,0.8151277957285542,-0.4721881851187406,-0.37784569183626276,0.0,0.0,-2.6252504343644425,-0.0606621824023601,-0.03443883446180296,0.00600370862618993,0.0,0.0,0.0,0.06934948884665096,0.38459206033557414,0.2864414209977433,-2.2570325245311853,3.2955887,1.6066923,-10.846547,15.748828,5.1888313,-0.007909968,406.03958,0.042295784
figure_eight_depth,smc,21.0,0.7889592,-0.5108607,-0.4037533,-0.011681899,0.011019477,-2.3660345,-0.10522467,0.3827155,0.009123208,-0.009031338,0.05095685,-0.271724,0.8090169943749475,-0.4755282581475767,-0.37724836895290803,0.0,0.0,-2.657572686430797,-0.061552727570635124,-0.03236018374219718,0.005942721742230317,0.0,0.0,0.0,0.04850986471070715,0.4173789306470282,0.2915381786793323,-2.315473279186924,10.014272,4.107077,-4.127864,18.249212,4.210374,-0.2732579,485.02866,0.050523818
figure_eight_depth,smc,21.1,0.81749827,-0.54418886,-0.4033942,-0.012527114,0.015538941,-2.3917553,0.029516457,0.43770403,0.009030329,-0.0056179017,0.04819598,-0.25664708,0.8028174751911145,-0.4786597487660337,-0.3766571529180406,0.0,0.0,-2.6902032968952683,-0.06243652278847822,-0.030267338776562847,0.005881571935512087,0.0,0.0,0.0,0.07228041891680996,0.4769302506697929,0.2984479544117477,-2.379913442864904,5.1319942,8.99731,-9.010141,23.139444,5.2181444,0.18623786,751.1692,0.07824678
figure_eight_depth,smc,21.200000000000003,0.84075326,-0.58896625,-0.40308797,-0.0128901275,0.019114884,-2.4212542,0.13492341,0.4860653,0.011248982,0.0009534824,0.039451428,-0.2944813,0.7965299180241963,-0.48158128339882905,-0.3760720599401468,0.0,0.0,-2.723079557373245,-0.06331347113830432,-0.02816121755583323,0.005820260882583028,0.0,0.0,0.0,0.11923545809490904,0.5511408558860986,0.3018253993532256,-2.4419994637932643,11.155387,2.9749665,-1.0101413,15.139445,4.900213,0.5265076,387.8056,0.04039641
figure_eight_depth,smc,21.3,0.8583201,-0.6423669,-0.4030278,-0.012958738,0.021657849,-2.4462912,0.22017008,0.5171229,0.011477534,0.0040994124,0.02865417,-0.2499767,0.7901550123756905,-0.4842915805643155,-0.3754931060598461,0.0,0.0,-2.7561352382276993,-0.0641834764524285,-0.02604274389431116,0.005758790264237534,0.0,0.0,0.0,0.17433428589892508,0.6131220046658985,0.30984402996048743,-2.5010560637297123,3.1553867,10.974966,-5.341556,19.468256,-0.4560074,-4.4033065,557.5486,0.05807798
figure_eight_depth,smc,21.400000000000002,0.86922455,-0.7011886,-0.40327692,-0.010078447,0.023079617,-2.4745638,0.2930765,0.5214308,0.010614414,0.034925655,0.01787929,-0.28245112,0.7836934573258398,-0.4867894514365801,-0.37492030714945157,0.0,0.0,-2.789301352898026,-0.06504644332505638,-0.02391284702457641,0.005697161765766401,0.0,0.0,0.0,0.23256541057451344,0.6524384218825685,0.31473751584663434,-2.545072262333611,-4.844613,18.974966,2.658444,11.468255,0.828575,-3.8319743,537.47833,0.05598733
figure_eight_depth,smc,21.5,0.86918616,-0.75773805,-0.40339768,-0.005717696,0.02342822,-2.5046384,0.35008162,0.44395828,0.011347909,0.050548024,0.006516075,-0.30061665,0.777145961456971,-0.4890738003669028,-0.37435367891253485,0.0,0.0,-2.8225070074018115,-0.06590227712222063,-0.021772461189756287,0.005635377076679271,0.0,0.0,0.0,0.285474050874786,0.6244840778156803,0.3178685739453906,-2.577636739592851,-3.980864,18.089617,10.161272,3.9474816,5.590925,0.3550065,493.30005,0.051385418
figure_eight_depth,smc,21.6,0.8580585,-0.8091526,-0.40318394,-0.002950524,0.022772582,-2.53151,0.39508587,0.34707507,0.013380764,0.033966698,-0.0050202734,-0.26867607,0.7705132427757893,-0.49114362536434436,-0.3737932368834951,0.0,0.0,-2.855680310006758,-0.06675088399199502,-0.01962252523396435,0.00557343789092668,0.0,0.0,0.0,0.3311460363796863,0.5897637431703979,0.32417019533695823,-2.6063492797641414,-11.980864,26.089617,2.1612716,11.947481,3.118109,-2.4865022,987.52783,0.10286749
figure_eight_depth,smc,21.700000000000003,0.8376073,-0.8553255,-0.40255812,-0.00028152118,0.021108074,-2.5642614,0.4319041,0.2612129,0.016867667,0.0341477,-0.015678931,-0.32747573,0.763796028634642,-0.4929980185352525,-0.37323899642713376,0.0,0.0,-2.8887493125395483,-0.06759217087509706,-0.01746398219007461,0.005511345906539233,0.0,0.0,0.0,0.3709298270338281,0.5720894112813292,0.3244878760771459,-2.628229120946977,-3.980864,18.089617,10.161272,3.9474816,3.6166196,-1.1082478,476.2237,0.049606632
figure_eight_depth,smc,21.8,0.8093167,-0.8959534,-0.4018258,0.0012385913,0.018491864,-2.5927541,0.4585397,0.1860181,0.017057857,0.021214945,-0.026081901,-0.28487122,0.7569950556517564,-0.49463616648149417,-0.3726909727382328,0.0,0.0,-2.9216429528671535,-0.06842604551499099,-0.015297778866413259,0.00544910282584965,0.0,0.0,0.0,0.40576092303460626,0.5642302147172945,0.3288888272720607,-2.646121694609376,-10.012061,24.071587,4.130075,9.929452,0.921424,-3.274026,806.9024,0.08405233
figure_eight_depth,smc,21.900000000000002,0.77444863,-0.9307165,-0.40114224,0.0030702748,0.0150500545,-2.6246254,0.47861987,0.114688285,0.01554612,0.024210105,-0.034812752,-0.31861606,0.7501110696304597,-0.4960573506572389,-0.3721491808411387,0.0,0.0,-2.954291968056855,-0.06925241646782432,-0.013124865431229926,0.005386710355215207,0.0,0.0,0.0,0.4363043699565335,0.562675271435927,0.3296665236446237,-2.655225761351746,-2.6491332,16.697687,11.493003,2.555551,2.1389356,-1.6826376,431.85693,0.0449851
figure_eight_depth,smc,22.0,0.73405695,-0.95929617,-0.40059093,0.004062815,0.010872169,-2.65131,0.49224892,0.048854474,0.012772797,0.013941284,-0.042597853,-0.2666854,0.7431448254773945,-0.4972609476841366,-0.3716136355893498,0.0,0.0,-2.9866297494415894,-0.07007119311286392,-0.010946194996364067,0.005324170205212031,0.0,0.0,0.0,0.4630321983014002,0.565540020304655,0.3353197824005738,-2.6615776972536125,-10.649133,24.697687,3.4930027,10.555551,0.026761815,-4.513483,867.37274,0.090351336
figure_eight_depth,smc,22.1,0.6890036,-0.9814064,-0.39988527,0.0058627226,0.006157798,-2.6826758,0.5014658,-0.017037153,0.012578582,0.021409143,-0.048417572,-0.31344458,0.7360970871197344,-0.49824642962475213,-0.3710843516651097,0.0,0.0,-3.0185931142687146,-0.07088228566209942,-0.008762723198635358,0.005261484090413049,0.0,0.0,0.0,0.48630323714203455,0.5724546570103288,0.3359172757982556,-2.6610048099291133,-5.3043213,19.322302,8.837814,5.180167,2.7372394,-2.2851794,519.1428,0.054077372
figure_eight_depth,smc,22.200000000000003,0.64008135,-0.9968147,-0.3988419,0.0068484726,0.0009953664,-2.711627,0.50678545,-0.078492925,0.014015015,0.011640246,-0.053320717,-0.28919852,0.7289686274214114,-0.4990133642141358,-0.3705613435790047,0.0,0.0,-3.0501229733308897,-0.07168560516979117,-0.006575407780901044,0.005198653729304725,0.0,0.0,0.0,0.5064651375366073,0.5829910992952917,0.33849596680012795,-2.659629872906729,-13.304321,22.596308,0.8378143,8.454172,0.018675853,-4.2729554,778.0315,0.08104495
figure_eight_depth,smc,22.3,0.5909571,-1.0041031,-0.3976958,0.008488018,-0.0045423154,-2.7446725,0.4768986,-0.13843451,0.012883763,0.016724382,-0.057638615,-0.33006892,0.7217602280983623,-0.49956141504942914,-0.3700446256695656,0.0,0.0,-3.081164879690595,-0.07248106354312833,-0.004385208171947541,0.005135680844536861,0.0,0.0,0.0,0.5219543284724104,0.5655504182902297,0.33649234284061924,-2.6515015285803845,-9.93643,14.596308,4.2057056,0.45417255,1.6138725,-2.1868858,337.06613,0.03511105
figure_eight_depth,smc,22.400000000000002,0.5444907,-1.0026414,-0.39664936,0.00930999,-0.010283893,-2.7745502,0.42293227,-0.19303109,0.010182458,0.0068625784,-0.059949685,-0.29827613,0.7144726796328033,-0.49989034173742275,-0.36953421210287485,0.0,0.0,-3.111669449697769,-0.0732685735509997,-0.002193085065743672,0.005072567162478503,0.0,0.0,0.0,0.531401705510915,0.5316582817140181,0.3371192501891018,-2.634571647427247,-17.93643,9.03158,-3.794294,-5.1105556,-0.96412253,-4.40107,464.09833,0.048343584
figure_eight_depth,smc,22.5,0.5087105,-0.99007523,-0.39595455,0.010480212,-0.016105928,-2.8038065,0.288931,-0.2456433,0.0062640733,0.008693598,-0.060941387,-0.29199144,0.7071067811865476,-0.5,-0.3690301168721783,0.0,0.0,3.141592653589793,-0.07404804883409666,0.0,0.005009314413439991,0.0,0.0,0.0,0.5293956362468585,0.43828758292365133,0.3377861102395736,-2.6200183430069757,-24.93479,10.744259,-10.792654,-3.3978767,-0.033776112,-4.2389445,883.17957,0.091997884
figure_eight_depth,smc,22.6,0.484781,-0.96717274,-0.395509,0.01181528,-0.02128294,-2.8368952,0.14992651,-0.29534733,0.0051365886,0.008021664,-0.05523453,-0.3302836,0.6996633405133653,-0.49989034173742275,-0.36853235379750127,0.0,0.0,3.112289328621827,-0.07481940391401709,0.002193085065715916,0.004945924331450913,0.0,0.0,0.0,0.5150291280286581,0.37288210479024814,0.3340007511255083,-2.6050870659362872,-16.93479,2.7442589,-2.7926543,-11.397877,0.25511742,-4.5808163,453.07755,0.047195572
figure_eight_depth,smc,22.700000000000003,0.47084582,-0.9357953,-0.39518657,0.012302537,-0.025491614,-2.8644428,0.03885893,-0.34107566,0.006428248,-0.0009899187,-0.045337826,-0.27489716,0.6921431738704068,-0.49956141504942914,-0.36804093652527,0.0,0.0,3.0836388352003476,-0.07558255420359039,0.004385208171947541,0.004882398654509901,0.0,0.0,0.0,0.48990755628466504,0.3639264402458507,0.335103646661856,-2.593451623797958,-24.93479,10.744259,-10.792654,-3.3978767,-1.5192595,-6.79121,913.6385,0.095170684
figure_eight_depth,smc,22.8,0.4657784,-0.89725864,-0.39488176,0.013520284,-0.02847907,-2.8964927,-0.056605943,-0.38444158,0.009222657,0.0040083155,-0.03381386,-0.32000273,0.6845471059286888,-0.4990133642141358,-0.36755587852793714,0.0,0.0,3.0556686308613625,-0.07633741601409394,0.006575407780873288,0.0048187391241405475,0.0,0.0,0.0,0.4551985773438918,0.39153928752497663,0.33102395666795587,-2.578526635437976,-16.93479,2.7442589,-2.7926543,-11.397877,-0.22936322,-5.7544646,465.19504,0.048457813
figure_eight_depth,smc,22.900000000000002,0.46894965,-0.8528569,-0.39452666,0.013723811,-0.030444492,-2.923443,-0.1383494,-0.42291194,0.013212413,-0.005638949,-0.023294618,-0.26910567,0.6768759696826607,-0.4982464296247522,-0.36707719310361275,0.0,0.0,3.0284008372789932,-0.0770839065666884,0.008762723198635358,0.004754947485585692,0.0,0.0,0.0,0.41198955936844484,0.4360825677029414,0.33134139090584225,-2.5664802723578894,-24.93479,10.744259,-10.792654,-3.3978767,-2.666757,-7.309269,925.74677,0.09643196
figure_eight_depth,smc,23.0,0.47962666,-0.8035311,-0.39439553,0.014610965,-0.03128367,-2.955118,-0.21085447,-0.45831057,0.014024265,-0.0007701892,-0.012735828,-0.31645596,0.6691306063588585,-0.4972609476841367,-0.36660489337569957,0.0,0.0,3.001852477862744,-0.07782194400030029,0.010946194996364067,0.00469102548775191,0.0,0.0,0.0,0.36122773891044896,0.48783878285138177,0.32621488841413204,-2.5525275434936296,-16.93479,2.7442589,-2.7926543,-11.397877,-1.9126327,-6.0740476,472.58078,0.04922716
figure_eight_depth,smc,23.1,0.4971152,-0.7504078,-0.39458987,0.014485942,-0.03121077,-2.9818604,-0.27027047,-0.48945296,0.0136660235,-0.00961487,-0.003176349,-0.26727518,0.6613118653236519,-0.496057350657239,-0.36613899229253316,0.0,0.0,2.9760357773704715,-0.07855144738078135,0.013124865431285437,0.004626974883098489,0.0,0.0,0.0,0.3040791966275227,0.5379798839372825,0.3252891305628991,-2.543693032959886,-24.93479,10.744259,-10.792654,-3.3978767,-3.787024,-7.615946,937.55396,0.09766188
figure_eight_depth,smc,23.200000000000003,0.5206623,-0.6941803,-0.39512768,0.014995394,-0.0301221,-3.0134096,-0.32191664,-0.5175428,0.01216779,-0.0047506173,0.0063177533,-0.31546256,0.6534206039901053,-0.4946361664814941,-0.3656795026270271,0.0,0.0,2.950958507518959,-0.07927233670984579,0.015297778866329992,0.004562797427554166,0.0,0.0,0.0,0.24147427549151643,0.5855366378957829,0.3188171850976398,-2.5355722915944945,-16.93479,2.7442589,-2.7926543,-11.397877,-2.5373285,-7.154465,489.65298,0.051005512
figure_eight_depth,smc,23.3,0.54965734,-0.6357456,-0.39564776,0.014532776,-0.028273793,-3.0400922,-0.3622622,-0.54234153,0.01384615,-0.012662356,0.014481787,-0.2669531,0.6454576877239505,-0.4929980185352525,-0.36522643697632273,0.0,0.0,2.9266243635175666,-0.07998453293389662,0.0174639821900191,0.004498494880655901,0.0,0.0,0.0,0.1745853103008127,0.6270169581625343,0.3164687138188802,-2.535210025069374,-24.93479,10.744259,-10.792654,-3.3978767,-3.689066,-8.840665,956.9763,0.09968504
figure_eight_depth,smc,23.400000000000002,0.5835145,-0.5755458,-0.39588565,0.014656194,-0.0256091,-3.071615,-0.39773577,-0.56440485,0.017072527,-0.0076773074,0.022064975,-0.31545526,0.6374239897486899,-0.4911436253643444,-0.3647798077614436,0.0,0.0,2.903033357981278,-0.0806879579524078,0.01962252523390884,0.004434069005215813,0.0,0.0,0.0,0.10486910915732509,0.6646555634780293,0.30853696850067647,-2.5383690276263122,-16.93479,2.7442589,-2.7926543,-11.397877,-3.2865863,-7.751393,502.9143,0.052386906
figure_eight_depth,smc,23.5,0.62177414,-0.51428676,-0.39601353,0.013874875,-0.022425054,-3.0982995,-0.42438626,-0.58413637,0.018154169,-0.014646109,0.02792753,-0.26719624,0.6293203910498377,-0.4890738003669029,-0.3643396272269554,0.0,0.0,2.880182220404651,-0.08138253462725009,0.021772461189784043,0.004369521567515466,0.0,0.0,0.0,0.04118100417294894,0.6963957797009196,0.3047035834485199,-2.5507842071220854,-22.951458,8.893705,-8.809321,-5.2484303,-4.6846843,-8.6538515,807.853,0.08415136
figure_eight_depth,smc,23.6,0.6639415,-0.45223108,-0.3961205,0.013470706,-0.01871457,-3.1279697,-0.44804728,-0.60154265,0.017327135,-0.0106946975,0.032985732,-0.2971137,0.6211477802783105,-0.4867894514365802,-0.36390590744062973,0.0,0.0,2.8580647923440847,-0.08206818679012962,0.023912847024548656,0.004304854337222608,0.0,0.0,0.0,0.06374451342449515,0.7247791784577955,0.2971507730142131,-2.5579933974330844,-14.951457,0.8937054,-0.80932176,-13.24843,-3.8810585,-8.512568,488.04712,0.050838243
figure_eight_depth,smc,23.700000000000003,0.70972425,-0.3898652,-0.3959161,0.012286819,-0.01476122,3.131482,-0.4661611,-0.61716336,0.019084193,-0.016280293,0.036333457,-0.23780735,0.6129070536529765,-0.4842915805643156,-0.36347866029311365,0.0,0.0,2.8366724103659853,-0.08274483925146958,0.02604274389431116,0.004240069087141363,0.0,0.0,0.0,0.13907587880407193,0.7489609274403843,0.2948094755440489,-2.558577487984538,-22.951458,8.893705,-8.809321,-5.2484303,-4.544605,-9.553349,822.9375,0.085722655
figure_eight_depth,smc,23.8,0.7588507,-0.32726285,-0.39522344,0.0116382735,-0.010510375,3.1037366,-0.48475483,-0.63073754,0.021834772,-0.010580837,0.039096683,-0.27792352,0.6045991148623749,-0.48158128339882905,-0.36305789749760353,0.0,0.0,2.8159942706896004,-0.08341241780868147,0.02816121755583323,0.0041751675934897925,0.0,0.0,0.0,0.22055010979835327,0.7717092527219364,0.28774236833322675,-2.5694295239487595,-16.493675,2.484719,-2.351539,-11.657416,-4.338002,-8.54493,511.47433,0.05327858
figure_eight_depth,smc,23.900000000000002,0.81105775,-0.26483098,-0.3942866,0.010454275,-0.0061751464,3.0796514,-0.49794137,-0.6434168,0.022092175,-0.014371373,0.04054648,-0.24132606,0.5962248749656157,-0.47865974876603357,-0.362643630589524,0.0,0.0,2.796017771110949,-0.08407084925426966,0.030267338776562847,0.00411015163542805,0.0,0.0,0.0,0.30475758250151436,0.7908618801507533,0.28363358463245936,-2.5848350339594743,-22.44179,10.484719,-8.299654,-3.6574166,-5.153368,-8.784127,799.5423,0.08328566
figure_eight_depth,smc,24.0,0.86477834,-0.20254213,-0.39324537,0.009651839,-0.0016739608,3.0511365,-0.4975443,-0.6547711,0.020331236,-0.009785188,0.04202848,-0.28559858,0.5877852522924732,-0.4755282581475768,-0.36223587092621157,0.0,0.0,2.7767288273040704,-0.08472006138388055,0.032360183742224935,0.0040450229955024675,0.0,0.0,0.0,0.3901386776416846,0.8017720811229558,0.2744076663787909,-2.6067220539742983,-14.44179,6.883085,-0.29965368,-7.259051,-4.9714117,-8.176103,400.28937,0.041696806
figure_eight_depth,smc,24.1,0.91708827,-0.14055046,-0.3922097,0.008352781,0.0028544469,3.0254173,-0.46494386,-0.6644967,0.01754927,-0.013421105,0.04279963,-0.25761703,0.5792811723426787,-0.4721881851187405,-0.3618346296866034,0.0,0.0,2.7581121618477913,-0.08535998300385206,0.03443883446166418,0.003979783459229225,0.0,0.0,0.0,0.4743625813528938,0.7954740452637019,0.2673051660330681,-2.620122770453718,-6.441789,14.883084,7.7003465,0.7409491,-5.580548,-8.4131,424.76996,0.04424687
figure_eight_depth,smc,24.200000000000003,0.95768714,-0.07784925,-0.3913297,0.0068551833,0.0075586666,3.001467,-0.3305964,-0.6697566,0.013451166,-0.014292331,0.04504008,-0.23988588,0.5707135676844317,-0.4686409947459458,-0.36143991787093077,0.0,0.0,2.7401515653583,-0.08599054394015093,0.036502379170272325,0.00391443481520537,0.0,0.0,0.0,0.550781385995119,0.747478896890299,0.26131542415891174,-2.6253876919232693,-4.119762,18.31894,8.224006,5.9751725,-4.538951,-8.058732,541.4382,0.05639981
figure_eight_depth,smc,24.3,0.9851354,-0.015093001,-0.3904936,0.0050241197,0.011872794,2.9772484,-0.18419997,-0.65968436,0.011491365,-0.01648004,0.041480076,-0.24247052,0.5620833778521308,-0.46488824294412584,-0.3610517463004175,0.0,0.0,2.7228301299527877,-0.08661167504414591,0.03854991272894681,0.003848978854970042,0.0,0.0,0.0,0.6181873311480672,0.7050623956756876,0.25441830029928747,-2.615249288656795,3.8802383,10.31894,0.22400545,13.975173,3.4610493,-0.05873158,328.87473,0.034257784
figure_eight_depth,smc,24.400000000000002,1.0003961,0.039611872,-0.38977128,4.112294e-05,0.015320561,2.952789,-0.061132587,-0.56460536,0.009334612,-0.04692603,0.03324846,-0.24474643,0.5533915492433441,-0.46093157579425026,-0.3606701256169832,0.0,0.0,2.7061304558822643,-0.08722330820187807,0.04058053702177267,0.003783417373004472,0.0,0.0,0.0,0.6717169926260338,0.6057734772057007,0.2466586123397816,-2.603173690738939,11.880239,2.3189397,-0.2214697,14.42033,5.325238,0.583871,383.21158,0.03991788
figure_eight_depth,smc,24.5,1.0043112,0.08417058,-0.38887662,-0.0069709034,0.017685369,2.9317026,0.04503194,-0.44501638,0.009655992,-0.06688982,0.02363941,-0.21084093,0.5446390350150273,-0.4567727288213006,-0.3602950662829517,0.0,0.0,2.690034832641463,-0.08782537634094423,0.042593361349763104,0.0037177521667597357,0.0,0.0,0.0,0.7104470924704593,0.5054202140094027,0.24166778118910323,-2.5835014605481272,7.3884215,6.795025,-6.753714,20.93716,2.773319,-2.3511817,597.9578,0.062287282
figure_eight_depth,smc,24.6,0.99826413,0.11986412,-0.38784173,-0.012963123,0.01888967,2.9074252,0.13330838,-0.33658317,0.0103623485,-0.055628877,0.013734787,-0.24264567,0.5358267949789967,-0.4524135262330098,-0.3599265785807642,0.0,0.0,2.674525396174757,-0.0884178134378244,0.04458750282185231,0.0036519850364624684,0.0,0.0,0.0,0.7362942712133815,0.44101997004693194,0.23289976900163456,-2.562062934674242,15.388421,-1.2049754,1.2462857,12.9371605,2.2541869,-2.167599,416.95865,0.04343319
figure_eight_depth,smc,24.700000000000003,0.98370564,0.14816174,-0.3870154,-0.017893137,0.018959412,2.8887432,0.20707859,-0.24161021,0.009045674,-0.04577136,0.003118663,-0.18676332,0.5269557954966774,-0.44785588011970634,-0.35956467261269714,0.0,0.0,2.6595842640054275,-0.08900055452504274,0.046562086741475106,0.003586117785170373,0.0,0.0,0.0,0.7514059923247687,0.4132020597092744,0.2291588981497239,-2.533921058869784,7.3884215,6.795025,-6.753714,20.93716,1.9128493,-2.0421116,592.5677,0.06172581
figure_eight_depth,smc,24.8,0.96192396,0.16995527,-0.38658744,-0.021079674,0.017855862,2.8661978,0.2652819,-0.15665717,0.006508612,-0.027591215,-0.00700065,-0.22557192,0.5180270093731302,-0.4431017896156073,-0.3592093583005854,0.0,0.0,2.6451936501811875,-0.08957353569855053,0.04851624699103718,0.0035201522186056877,0.0,0.0,0.0,0.7573856454386889,0.40991149517775394,0.22100417429696195,-2.5037615407521443,15.312764,-1.2049754,1.1706288,12.9371605,3.3838277,-1.2731696,417.74448,0.043515053
figure_eight_depth,smc,24.900000000000002,0.9339672,0.1857606,-0.38630432,-0.023515048,0.015792655,2.8487134,0.31191128,-0.07623596,0.006796431,-0.021231886,-0.016942667,-0.17521334,0.5090414157503714,-0.43815334002193185,-0.35886064538555046,0.0,0.0,2.6313359619949757,-0.0901366941242765,0.05044912641108401,0.0034540901452939643,0.0,0.0,0.0,0.7553698842072741,0.4215481694525188,0.21737743598476067,-2.4663565797950584,7.3127646,6.795025,-6.829371,20.93716,3.6696184,-1.4810869,600.3136,0.06253268
figure_eight_depth,smc,25.0,0.9006034,0.19585687,-0.38597548,-0.02474052,0.012753607,2.8270772,0.34848398,-0.0005453026,0.0087823095,-0.008837928,-0.025295397,-0.21699092,0.5000000000000003,-0.4330127018922195,-0.3585185434277329,0.0,0.0,2.6179938803656824,-0.0906899680459261,0.05235987717702728,0.003387933376397534,0.0,0.0,0.0,0.7461326395591645,0.4423819771636567,0.20908326997916626,-2.426822578155385,15.312764,-1.2049754,1.1706288,12.9371605,4.380598,-0.07087,423.8679,0.044152904
figure_eight_depth,smc,25.1,0.8623714,0.20041864,-0.38580793,-0.025754638,0.009084213,2.8102715,0.3776259,0.074709415,0.008342621,-0.007997917,-0.032525685,-0.16889846,0.490903753615141,-0.4276821300802534,-0.35818306180603077,0.0,0.0,2.6051504257150797,-0.09123329679078251,0.05424766117043123,0.0033216837255767295,0.0,0.0,0.0,0.7302478396173832,0.46933234628252846,0.20512107582605799,-2.380169865436628,7.3127646,6.795025,-6.829371,20.93716,4.334583,-0.6814538,603.90686,0.06290697
figure_eight_depth,smc,25.200000000000003,0.8196851,0.19965792,-0.38556176,-0.02585803,0.004767006,2.789167,0.40113398,0.14584312,0.009864858,0.0008832531,-0.03772316,-0.21207914,0.4817536741017152,-0.4221639627510075,-0.3578542097178422,0.0,0.0,2.5927890110601797,-0.09176662077634012,0.05611165034663523,0.0032553430091009083,0.0,0.0,0.0,0.7082568802154449,0.5010453358418412,0.1963779162774668,-2.331733750086534,15.312764,-1.2049754,1.1706288,12.9371605,5.0239196,0.6397213,430.32224,0.04482523
figure_eight_depth,smc,25.3,0.7729039,0.19400974,-0.38539866,-0.025951378,0.00016350015,2.7727404,0.4195505,0.21432188,0.009175419,-0.0001504302,-0.0417726,-0.16539931,0.4725507648690541,-0.4164606203550498,-0.35753199617881326,0.0,0.0,2.5808934839248927,-0.09228988151782636,0.05795102709846289,0.0031889130457374293,0.0,0.0,0.0,0.6809277672953096,0.535227304028113,0.19184688014981433,-2.2821119760106905,8.255272,5.6872163,-5.886863,19.829351,4.4123197,0.44231066,548.0165,0.057085052
figure_eight_depth,smc,25.400000000000002,0.7224338,0.18392576,-0.3853934,-0.025210155,-0.0047541256,2.7529116,0.4343986,0.2759289,0.007285876,0.0074446397,-0.044014454,-0.19949642,0.4632960351198616,-0.4105746045668519,-0.35721643002259096,0.0,0.0,2.5694481585388775,-0.09280302163378051,0.05976498461454649,0.0031223956567794087,0.0,0.0,0.0,0.6491355891022015,0.5698120041595494,0.18346340914911075,-2.2321604973509066,16.255272,-2.3127835,2.1131365,11.829352,6.2513714,1.5652616,455.51144,0.04744911
figure_eight_depth,smc,25.5,0.6685334,0.16999914,-0.38522685,-0.024755405,-0.009665113,2.7383864,0.44602516,0.33304945,0.0079430025,0.0038569677,-0.04543287,-0.14644206,0.45399049973954686,-0.4045084971874737,-0.35690751990058084,0.0,0.0,2.558437839666215,-0.09330598485263186,0.061552727233127325,0.0030557926657126533,0.0,0.0,0.0,0.6139133946121388,0.6038314667872214,0.17994855292716896,-2.177056520690795,8.255272,5.6872163,-5.886863,19.829351,5.832815,0.6699417,562.8228,0.05862738
figure_eight_depth,smc,25.6,0.6114372,0.15281215,-0.38468555,-0.023452263,-0.014660289,2.7200022,0.45776954,0.3819736,0.010446952,0.011254587,-0.045386024,-0.18501462,0.44463517918492734,-0.398264959012098,-0.3566052742817099,0.0,0.0,2.547847839261335,-0.0937987160185838,0.06331347079102656,0.0029891058985487273,0.0,0.0,0.0,0.5764524263215465,0.6370458681621516,0.1721543351161063,-2.1224504308202587,16.255272,-2.3127835,2.1131365,11.829352,6.924665,2.554762,468.45953,0.048797864
figure_eight_depth,smc,25.700000000000003,0.5513953,0.13298315,-0.38398716,-0.022523593,-0.019477293,2.7065134,0.46675515,0.4265057,0.010145729,0.007309288,-0.04499401,-0.13596521,0.43523109937232757,-0.39184672866292,-0.35630970145219454,0.0,0.0,2.537663987031973,-0.09428116109869156,0.06504644296842499,0.0029223371835473966,0.0,0.0,0.0,0.5382439614094693,0.6674329380669678,0.16884941781421856,-2.0643975824548475,8.255272,5.6872163,-5.886863,19.829351,6.345027,2.5088778,574.9062,0.059886057
figure_eight_depth,smc,25.8,0.4886057,0.11104687,-0.38325897,-0.020922331,-0.024231154,2.6889389,0.47699308,0.4635009,0.008432565,0.012589762,-0.04356921,-0.17673907,0.4257792915650729,-0.38525662138789474,-0.3560208095153131,0.0,0.0,2.5278726358668995,-0.09475326718685895,0.06675088362601,0.0028554883512166285,0.0,0.0,0.0,0.5010052239964828,0.6959422096196006,0.16106622025797845,-2.008920545483059,16.255272,-2.3127835,2.1131365,11.829352,7.1715145,3.763829,479.5788,0.049956117
figure_eight_depth,smc,25.900000000000002,0.4232931,0.0875395,-0.38258016,-0.019763134,-0.028721783,2.676038,0.48456123,0.49704129,0.005446022,0.008466283,-0.04219832,-0.1298805,0.4162807922604012,-0.37849752782587825,-0.35573860639118404,0.0,0.0,2.518460662963278,-0.0952149825114712,0.06842604513981887,0.0027885612342015698,0.0,0.0,0.0,0.4668620293008317,0.7210121691267577,0.1575773638464142,-1.9534727545247206,8.255272,0.829815,-5.886863,14.971951,7.215177,3.146678,389.6129,0.040584676
figure_eight_depth,smc,26.0,0.3585791,0.061361406,-0.3817673,-0.018193077,-0.033147007,2.6612937,0.46079183,0.5244319,0.0052583506,0.011466357,-0.041331086,-0.14822687,0.40673664307580043,-0.3715724127386973,-0.35546309981654856,0.0,0.0,2.50941546739589,-0.09566625644030768,0.07007119272878226,0.002721557667395569,0.0,0.0,0.0,0.436397469667995,0.7183979893782921,0.1518782776450034,-1.9018236658180339,0.25527224,-7.170185,-13.886864,6.9719505,8.048395,3.5518935,370.32242,0.03857525
figure_eight_depth,smc,26.1,0.3035672,0.02817254,-0.38100812,-0.016463766,-0.037631214,2.645109,0.3345975,0.5484899,0.0064802677,0.011929303,-0.041891888,-0.16254868,0.3971478906347806,-0.3644843137107058,-0.35519429734455854,0.0,0.0,2.500724964773228,-0.09610703948606525,0.07168560477677222,0.00265447948766262,0.0,0.0,0.0,0.40447880446165735,0.6425444718453923,0.14438397344393517,-1.8657688157423153,4.0492682,-15.170185,-10.092868,-1.0280493,7.9956226,4.1827245,430.87915,0.04488324
figure_eight_depth,smc,26.200000000000003,0.25804487,-0.011874728,-0.38065022,-0.015265673,-0.041413363,2.6335459,0.2094875,0.5689541,0.0050618444,0.007630617,-0.03591407,-0.11615614,0.38751558645210277,-0.3572363398164015,-0.3549322063445695,0.0,0.0,2.4923775795340983,-0.0965372833118816,0.07326857314920998,0.0025873285340871632,0.0,0.0,0.0,0.36972790817059514,0.5825473727299296,0.14116829601521808,-1.8416838980549999,-3.9507318,-8.867019,-18.092867,5.275117,7.5436244,4.127541,523.3539,0.05451603
figure_eight_depth,smc,26.3,0.22088495,-0.05813876,-0.38087234,-0.01361185,-0.04422234,2.6186323,0.099426016,0.58500826,0.0025876057,0.010363739,-0.025811872,-0.14942037,0.3778407868184671,-0.3498316702566827,-0.3546768340019387,0.0,0.0,2.484362235366646,-0.09695694073674765,0.07481940350395622,0.002520106647585507,0.0,0.0,0.0,0.33227412243178656,0.5466799276447548,0.13427008122270934,-1.8339683973008203,3.3982873,-16.86702,-10.743849,-2.7248833,8.369687,4.1939855,506.54117,0.05276471
figure_eight_depth,smc,26.400000000000002,0.19096583,-0.110066645,-0.38141057,-0.012622332,-0.0458543,2.6085572,-0.00038739335,0.5993221,0.0027872804,0.0054411897,-0.014948062,-0.10086515,0.36812455268467814,-0.3422735529643445,-0.3544281873178278,0.0,0.0,2.4766683441664568,-0.09736596574022593,0.07633741559537333,0.0024528156710723614,0.0,0.0,0.0,0.2933143529828433,0.5319002869082469,0.13188888010722488,-1.8368060219155378,-4.6017127,-8.867019,-18.743849,5.275117,8.417718,3.5996628,562.77405,0.0586223
figure_eight_depth,smc,26.5,0.16701752,-0.1668943,-0.3820117,-0.011163014,-0.046357863,2.5945706,-0.08269942,0.61111146,0.005490897,0.008182002,-0.0032717066,-0.13977087,0.35836794954530066,-0.3345653031794294,-0.35418627310901135,0.0,0.0,2.4692857938840507,-0.0977643134687789,0.07782194357361383,0.002385457449405326,0.0,0.0,0.0,0.25593516137581535,0.5335112983030965,0.1252848428652169,-1.8537334311334757,3.288389,-16.86702,-10.853746,-2.7248833,8.982691,3.7348182,515.1762,0.053664193
figure_eight_depth,smc,26.6,0.14769456,-0.22793742,-0.38246906,-0.010405876,-0.045614995,2.5851924,-0.15252854,0.6217964,0.009439291,0.0032254655,0.008473955,-0.09359118,0.34857204732181535,-0.3267103019950528,-0.35395109800768954,0.0,0.0,2.4622049355599374,-0.09815194023843343,0.07927233627522123,0.0023180338291628466,0.0,0.0,0.0,0.22565709152614413,0.5452888392336923,0.12298750638037026,-1.8781752983719324,-4.7116113,-8.867019,-18.853746,5.275117,8.382732,3.8946855,569.5527,0.05932841
figure_eight_depth,smc,26.700000000000003,0.13171354,-0.29234263,-0.38296857,-0.009223187,-0.043682937,2.5717695,-0.2044553,0.6312261,0.0109013645,0.0057061124,0.020714838,-0.13388196,0.3387379202452913,-0.31871199487434476,-0.3537226684613065,0.0,0.0,2.4554165698074137,-0.09852880354174753,0.08068795751015045,0.002250546658894015,0.0,0.0,0.0,0.2107362345698672,0.5607027113592629,0.11635290612947591,-1.9133816127374925,3.288389,-16.86702,-10.853746,-2.7248833,8.378973,4.393082,510.04498,0.053129688
figure_eight_depth,smc,26.8,0.117905684,-0.35946676,-0.383586,-0.00874191,-0.040575065,2.5628726,-0.24589692,0.63960457,0.010467587,0.0009276178,0.031897154,-0.08859301,0.3288666467385834,-0.3105738901391553,-0.35350099073237373,0.0,0.0,2.4489119329497133,-0.09889486205147402,0.08206818634021174,0.0021829977887022345,0.0,0.0,0.0,0.21863244928899325,0.57664985653033,0.11396071528942242,-1.9524526408354532,-4.7116113,-8.867019,-18.853746,5.275117,8.578571,3.907142,572.97156,0.059684545
figure_eight_depth,smc,26.900000000000002,0.10550413,-0.42862004,-0.38400638,-0.007858307,-0.036494117,2.549897,-0.27435908,0.6466712,0.012584484,0.0035725122,0.041941326,-0.12929001,0.31895930929806987,-0.30229955743118736,-0.35328607089829817,0.0,0.0,2.4426826829949335,-0.09925007562514021,0.0834124173513251,0.0021153890705782885,0.0,0.0,0.0,0.2499274179583117,0.5899433816359171,0.10721427249517879,-1.9967876733157235,1.6166114,-15.662395,-10.853746,-2.7248833,5.731082,0.62923074,406.39407,0.042332713
figure_eight_depth,smc,27.0,0.09449421,-0.4987834,-0.38402516,-0.0061914744,-0.031605843,2.5406444,-0.29977494,0.6436587,0.015815567,0.0132924775,0.04960782,-0.09207576,0.3090169943749475,-0.2938926261462366,-0.35307791485121554,0.0,0.0,2.4367208855927713,-0.09959440530951658,0.08472006091936324,0.002047722358011761,0.0,0.0,0.0,0.29825826138519074,0.5938637903728698,0.10392352167956753,-2.0319082836412052,-6.3833885,-7.662395,-2.8537467,-10.724883,-2.268918,-7.370769,282.10315,0.029385744
figure_eight_depth,smc,27.1,0.089082845,-0.56280744,-0.3835402,-0.00094341754,-0.026103482,2.5345204,-0.31706318,0.5585646,0.018334776,0.05054531,0.05540154,-0.06086881,0.29904079225608654,-0.28535678384221574,-0.3528765282978291,0.0,0.0,2.431019000100497,-0.09992781334483558,0.08599054346847268,0.0019799995060187925,0.0,0.0,0.0,0.3492870859217345,0.5203282515398889,0.10350138754903915,-2.0696338245036014,-14.3833885,0.33760518,-9.688629,-4.256009,-3.186266,-6.7937045,375.2857,0.039092265
figure_eight_depth,smc,27.200000000000003,0.08852481,-0.621462,-0.38307565,0.0069840527,-0.020163914,2.5240214,-0.32978693,0.48491323,0.013715404,0.076534465,0.05949466,-0.10489619,0.2890317969444717,-0.2766957746216721,-0.35268191675925287,0.0,0.0,2.425569865852219,-0.10025026316975993,0.08722330772359399,0.0019122223713918807,0.0,0.0,0.0,0.39998821514915034,0.4593295866252804,0.0984515212480006,-2.1036092501642627,-12.761708,-1.1364312,-1.6886289,-12.256009,-1.4394795,-4.8802786,343.10312,0.03573991
figure_eight_depth,smc,27.3,0.09367861,-0.67316955,-0.38271415,0.014723291,-0.013933605,2.5146277,-0.3412919,0.39178526,0.0077623143,0.07549834,0.06164565,-0.094352014,0.27899110603922955,-0.26791339748949855,-0.3524940855708606,0.0,0.0,2.420366688717472,-0.10056171942340875,0.08841781295299,0.001844392812228035,0.0,0.0,0.0,0.4466391451405816,0.38732138353211276,0.0942610063661462,-2.1332299080144974,-14.155292,0.29823083,-0.013156109,-13.8439045,0.11742321,-4.2582555,410.26163,0.04273558
figure_eight_depth,smc,27.400000000000002,0.104539186,-0.71771765,-0.3822231,0.021159116,-0.00755837,2.5063465,-0.34920722,0.29715,0.005402904,0.06320441,0.06252632,-0.083734006,0.26891982061526576,-0.25901350468656514,-0.3523130398821391,0.0,0.0,2.415403028008834,-0.10086214795129722,0.08957353520741562,0.0017765126880953108,0.0,0.0,0.0,0.4881855133671524,0.3236918437080272,0.0909434361482706,-2.158979548502919,-15.7184925,1.8991413,-1.5763564,-12.242994,0.93806267,-4.1351137,421.03265,0.04385757
figure_eight_depth,smc,27.5,0.12047101,-0.7559103,-0.38144898,0.026113136,-0.0011323474,2.497476,-0.35479635,0.2130594,0.005916434,0.048869755,0.062369145,-0.09004087,0.258819045102521,-0.2500000000000002,-0.35213878465654735,0.0,0.0,2.410672783794092,-0.10115151580802895,0.09068996754883762,0.001708583860005053,0.0,0.0,0.0,0.5253041746223607,0.2816517083649972,0.08680331712753908,-2.1716769844551784,-7.718492,8.103556,6.4236436,-6.0385795,1.2554297,-4.1989284,222.17749,0.023143487
figure_eight_depth,smc,27.6,0.1333143,-0.7824486,-0.38032448,0.029534575,0.00554853,2.4889839,-0.26204655,0.13534078,0.008010831,0.03411822,0.064568646,-0.08663829,0.24868988716485482,-0.24087683705085766,-0.3519713246713805,0.0,0.0,2.4061701846479755,-0.10142979126119556,0.09176662027317317,0.0016406081901620961,0.0,0.0,0.0,0.5544505314793294,0.16654437532802366,0.08281368490463681,-2.1647567407250707,0.28150797,13.64048,14.423644,-0.50165564,1.1100564,-4.4394903,415.37643,0.04326838
figure_eight_depth,smc,27.700000000000003,0.13759612,-0.79345816,-0.37904713,0.03164217,0.012015714,2.4819963,-0.10094517,0.061803266,0.010393177,0.021463647,0.06258029,-0.07175175,0.2385334575785807,-0.23164801755993067,-0.3518106645176386,0.0,0.0,2.4018897758757536,-0.10169694379473515,0.09280302112493755,0.0015725875422423208,0.0,0.0,0.0,0.5714549957712787,0.032238994429156585,0.08010652196055011,-2.1525838109239483,-1.7690885,16.198092,12.373047,2.0559564,0.29418397,-4.2850385,441.27518,0.045966167
figure_eight_depth,smc,27.8,0.1358671,-0.79096115,-0.37815094,0.032934453,0.017536119,2.474016,0.028855123,-0.008837808,0.009593668,0.013881725,0.052651826,-0.08150542,0.22835087011065575,-0.22231758959246375,-0.3516568085999009,0.0,0.0,2.397826408228769,-0.10195294411237399,0.09379871550448116,0.0015045237810040746,0.0,0.0,0.0,0.5767240940422764,0.16646453233570901,0.07618954292784741,-2.1504838086366465,1.050224,13.36465,15.19236,-0.7774861,-0.08537914,-4.1396003,428.2727,0.044611737
figure_eight_depth,smc,27.900000000000002,0.12971058,-0.7765501,-0.377894,0.033349443,0.021754168,2.467911,0.13749892,-0.07485455,0.007449871,0.0052203983,0.040147647,-0.062395792,0.21814324139654276,-0.2128896457825365,-0.351509761136205,0.0,0.0,2.393975227126943,-0.1021977641405547,0.09475326666710804,0.0014364187725657285,0.0,0.0,0.0,0.5711651137367715,0.29369622417995433,0.07393577789319838,-2.1358322212099647,-2.3880575,16.768293,11.754078,2.6261582,-0.6710221,-4.4230375,451.94702,0.047077816
figure_eight_depth,smc,28.0,0.119963415,-0.75150305,-0.37837392,0.033241678,0.024803702,2.4600747,0.23248702,-0.13485737,0.004757403,0.0006269494,0.02786611,-0.07931846,0.20791169081775973,-0.20336832153790046,-0.35136952615793166,0.0,0.0,2.390331662396849,-0.1024313770326829,0.09566625591576894,0.0013682743839338318,0.0,0.0,0.0,0.5558019588544751,0.4065992665559299,0.06974300076538231,-2.111850749188987,1.8291984,12.509697,15.971334,-1.6324391,-0.44711074,-5.0124755,442.91168,0.04613663
figure_eight_depth,smc,28.1,0.10726038,-0.7171401,-0.3792488,0.032384858,0.026552401,2.4548602,0.31525138,-0.18677102,0.0052799825,-0.0072749597,0.015744826,-0.05268025,0.19765734037912633,-0.19375779322605163,-0.3512361075096934,0.0,0.0,2.3868914185306283,-0.1026537571697933,0.0965372827825689,0.001300092483363935,0.0,0.0,0.0,0.5318696618447966,0.5049001267184552,0.06796879188807291,-2.077735959877265,-3.101119,17.39082,11.041017,3.2486837,-0.88748807,-6.099233,482.50385,0.050260816
figure_eight_depth,smc,28.200000000000003,0.09217867,-0.67489,-0.3802064,0.03122274,0.027205575,2.4471338,0.38461995,-0.23096694,0.0081181135,-0.009569854,0.0040274346,-0.077408135,0.18738131458572457,-0.18406227634233893,-0.35110950884923,0.0,0.0,2.3836504654658515,-0.10286488016564288,0.09736596520658336,0.0012318749401107887,0.0,0.0,0.0,0.5008213342832415,0.5877851462264062,0.06348331405990537,-2.0378374659985843,2.561534,11.67318,16.70367,-2.4689565,-0.89558387,-6.5439296,471.55798,0.04912063
figure_eight_depth,smc,28.3,0.07521722,-0.62609184,-0.3809971,0.029471435,0.02659662,2.4427617,0.44267672,-0.26615813,0.012451501,-0.016323732,-0.0074509433,-0.043493938,0.17708474031958343,-0.17428602366090773,-0.35098973364730757,0.0,0.0,2.380605029885298,-0.10306472286818191,0.09815193970025282,0.0011636236244005893,0.0,0.0,0.0,0.46411844130263874,0.6562644067166475,0.0621566297368945,-1.9912202949066216,-3.7145362,17.882671,10.427599,3.7405357,-2.5178294,-7.3917813,517.2921,0.053884584
figure_eight_depth,smc,28.400000000000002,0.056792643,-0.57206213,-0.38177633,0.027820695,0.025015278,2.4352307,0.48867744,-0.29483736,0.013899202,-0.014504646,-0.018024964,-0.07478497,0.16676874671610217,-0.16443332336929153,-0.3508767851876239,0.0,0.0,2.3777515870309993,-0.10325326336244056,0.09889486150922722,0.001095340407375467,0.0,0.0,0.0,0.4233329343598195,0.7110351311448964,0.057479144933112014,-1.9430291518397476,3.0480194,11.0556135,17.190155,-3.0865223,-2.8508987,-7.258592,497.35983,0.051808324
figure_eight_depth,smc,28.5,0.037210636,-0.5138474,-0.38258722,0.025858872,0.022360412,2.4315605,0.5268586,-0.31549174,0.0138519965,-0.018700246,-0.027558977,-0.035936605,0.15643446504023098,-0.1545084971874738,-0.35077066656671796,0.0,0.0,2.3750868530278955,-0.10343048097280483,0.0995944047634395,0.0010270271609547077,0.0,0.0,0.0,0.3799356123616545,0.7548015266755412,0.056473663329526406,-1.8915467552352294,-4.134682,18.17598,10.007453,4.033843,-3.278122,-8.354019,544.4186,0.05671027
figure_eight_depth,smc,28.6,0.016695246,-0.45243415,-0.3830915,0.024119388,0.018998936,2.4243286,0.55587757,-0.33168846,0.01596913,-0.015777873,-0.03547293,-0.07140768,0.1460830285624115,-0.1445158984722357,-0.3506713806938855,0.0,0.0,2.37260777770938,-0.10359635626513986,0.10025026261985259,0.0009586857581400654,0.0,0.0,0.0,0.3355680468581687,0.7884809644449805,0.05172078788815426,-1.842423726012441,3.4354563,10.550671,17.57759,-3.5914652,-3.5299153,-8.00699,521.5615,0.054329325
figure_eight_depth,smc,28.700000000000003,-0.0045990767,-0.38849425,-0.38341284,0.022110725,0.014878766,2.4213674,0.58072484,-0.34159452,0.016063655,-0.019524077,-0.041903753,-0.028604522,0.1357155724343045,-0.13445991030763296,-0.35057893029109866,0.0,0.0,2.3703115379355855,-0.10375087105005121,0.10086214739826738,0.0008903180724328941,0.0,0.0,0.0,0.2920611470265447,0.8151718364472088,0.05105586890950731,-1.7937142649955204,-4.5541024,18.485209,9.588034,4.3430724,-3.819126,-8.858283,566.29034,0.058988582
figure_eight_depth,smc,28.8,-0.026560655,-0.32271457,-0.3832855,0.020409437,0.010368207,2.414443,0.59884316,-0.34927875,0.017910795,-0.015982669,-0.046625294,-0.068221524,0.12533323356430454,-0.12434494358242767,-0.3504933178929321,0.0,0.0,2.3681955313982206,-0.1038940083825518,0.10142979070504321,0.0008219259782504817,0.0,0.0,0.0,0.25198727673367577,0.8350267902093187,0.046247484654025506,-1.7517058773044307,3.4458976,10.485208,17.588034,-3.6569276,-4.0446386,-8.396492,531.386,0.055352714
figure_eight_depth,smc,28.900000000000002,-0.049143955,-0.25543898,-0.38289645,0.018463427,0.005422504,2.4117994,0.61584973,-0.3521932,0.017467318,-0.019186003,-0.0499862,-0.025419854,0.11493715049286667,-0.11417543505532793,-0.3504145458464929,0.0,0.0,2.366257370898858,-0.10402575256625995,0.10195294355335588,0.0007535113505374724,0.0,0.0,0.0,0.21893623185817965,0.851321791225658,0.045542059948310065,-1.71523783405212,-4.2774014,18.111021,9.864734,3.9688852,-4.6876516,-8.532607,554.1497,0.05772393
figure_eight_depth,smc,29.0,-0.07226765,-0.1871674,-0.38236716,0.016855868,0.00033945724,2.4054961,0.627483,-0.35444623,0.015242153,-0.015733799,-0.05198553,-0.062083106,0.10452846326765373,-0.10395584540887992,-0.35034261631135655,0.0,0.0,2.3644948790964033,-0.1041460891539267,0.10243137647103495,0.0006850760648768883,0.0,0.0,0.0,0.19800656982821846,0.8626877749534737,0.041001241356477536,-1.6958569037789413,3.7225983,10.111021,17.864735,-4.0311146,-4.771418,-8.218745,541.8033,0.056437846
figure_eight_depth,smc,29.1,-0.095932,-0.11804728,-0.38178527,0.01499647,-0.004932043,2.4037187,0.6394459,-0.35321137,0.011990895,-0.018587947,-0.053007107,-0.01688349,0.09410831331851435,-0.09369065729286234,-0.35027753125950745,0.0,0.0,2.362906083710697,-0.1042550049493024,0.10286487960160795,0.0006166219975733966,0.0,0.0,0.0,0.19416823491223736,0.8724826415079786,0.04081262623498149,-1.686791636542615,-4.0403104,17.791819,9.864734,3.9688852,-3.6288633,-7.7411113,519.0314,0.054065768
figure_eight_depth,smc,29.200000000000003,-0.12023083,-0.048535198,-0.38088152,0.013073485,-0.010161309,2.3983731,0.647443,-0.35073096,0.011105422,-0.019493489,-0.053088393,-0.052665703,0.08367784333231529,-0.08338437335805093,-0.3502192924752854,0.0,0.0,2.361489213175994,-0.1043524880085453,0.10325326279627539,0.0005481510252369759,0.0,0.0,0.0,0.20912528459929616,0.8782992525630687,0.03688391380764866,-1.688675351212161,3.9596896,9.79182,9.388014,4.32801,2.5951967,-1.9530698,228.97487,0.02385155
figure_eight_depth,smc,29.3,-0.14808576,0.018114736,-0.37943366,0.008598893,-0.0153407045,2.3934891,0.6562021,-0.30212772,0.011761735,-0.045242198,-0.052427992,-0.048156388,0.07323819712763169,-0.07304151428120581,-0.35016790155533595,0.0,0.0,2.3602426927349835,-0.10443852764130401,0.103596355697122,0.0004796650250882273,0.0,0.0,0.0,0.2411436084383832,0.8621562738747295,0.03324642965576352,-1.7016542377607728,11.95969,1.7918193,2.8716118,10.812481,6.61602,2.8584013,323.3429,0.03368155
figure_eight_depth,smc,29.400000000000002,-0.18379994,0.07715997,-0.37769458,0.001128361,-0.020434394,2.3895485,0.66362184,-0.18977511,0.008843904,-0.075309806,-0.05127382,-0.038961433,0.06279051952931358,-0.06266661678215232,-0.3501233599085671,0.0,0.0,2.359165140966571,-0.10451311441303512,0.1038940078128825,0.0004111658746808189,0.0,0.0,0.0,0.28481309677353517,0.8224013460626467,0.03038339914878563,-1.734803617900693,15.731694,-2.0771499,1.5895586,12.064985,3.8204217,0.574521,414.81702,0.043210104
figure_eight_depth,smc,29.5,-0.22751848,0.12836699,-0.37595636,-0.006436199,-0.025414899,2.387438,0.66930145,-0.075301796,0.003792247,-0.07607681,-0.04982883,-0.021042965,0.05233595624294425,-0.05226423163382715,-0.3500856687561107,0.0,0.0,2.3582553667384945,-0.1045762401437958,0.10414608858288349,0.00034265545195699687,0.0,0.0,0.0,0.33408896886091316,0.7944181032224468,0.029182692114654962,-1.778111981617021,12.510877,1.1156665,-1.6312588,15.257802,2.396837,-0.47552675,399.19925,0.041583255
figure_eight_depth,smc,29.6,-0.2780136,0.17301267,-0.37442517,-0.0125241345,-0.030241653,2.383795,0.6738823,0.020337256,-0.0016827397,-0.06180516,-0.048032135,-0.036729813,0.04187565372919981,-0.04183892166615793,-0.3500548291312886,0.0,0.0,2.357512366581011,-0.10462789791135588,0.10435248743636757,0.00027413563510880756,0.0,0.0,0.0,0.38611429406555486,0.7830329019493909,0.026282656383466385,-1.826559733767854,14.581891,-3.827,0.4397554,10.315136,2.6050255,-0.9181299,341.502,0.035573125
figure_eight_depth,smc,29.700000000000003,-0.3331205,0.2106267,-0.37295833,-0.017311612,-0.03493406,2.3821716,0.658942,0.105610035,-0.0039362246,-0.04836564,-0.046717152,-0.016812751,0.031410759078128236,-0.03139525976465663,-0.35003084187958483,0.0,0.0,2.356935322473539,-0.10466808205086137,0.10451311383997616,0.00020560830271687536,0.0,0.0,0.0,0.438159031883607,0.7636220866768579,0.025236308385836015,-1.8629434234138114,6.581891,-11.827,-7.5602446,2.3151357,2.404241,-0.574991,251.82735,0.026232017
figure_eight_depth,smc,29.8,-0.38486007,0.23449193,-0.37213537,-0.020896472,-0.03969078,2.3824196,0.5395041,0.18330538,-0.0074481233,-0.035761975,-0.047603,0.0016548652,0.02094241988335711,-0.020937826864599964,-0.35001370765862194,0.0,0.0,2.3565236000407532,-0.10469678815566881,0.10462789733767068,0.00013707533347284695,0.0,0.0,0.0,0.48000977907293946,0.6490319562070909,0.025895986140887395,-1.8922414852476517,-1.4181089,-9.38763,-15.560245,4.754505,2.9799075,-0.6254046,364.13617,0.037930846
figure_eight_depth,smc,29.900000000000002,-0.43243125,0.24434613,-0.37192148,-0.023009552,-0.04394809,2.3793507,0.41267222,0.25620183,-0.008895802,-0.022348532,-0.0419231,-0.03154732,0.010471784116245709,-0.010471209941678395,-0.3500034269381433,0.0,0.0,2.3562767471539283,-0.10471401307782756,0.10469678758160371,6.853860626265806e-05,0.0,0.0,0.0,0.5114444002495511,0.5391870308525377,0.023073915077516993,-1.9186005916754723,1.5060902,-16.113455,-12.636045,-1.9713202,3.9412353,-0.26011297,441.06848,0.04594463
figure_eight_depth,smc,30.0,-0.47578135,0.24044496,-0.37225404,-0.024612583,-0.047215138,2.3779285,0.2861847,0.327848,-0.00837351,-0.016655182,-0.032334875,-0.014957017,1.2246467991473532e-16,-1.2246467991473532e-16,-0.35,0.0,0.0,2.3561944929339016,-0.10471975492843412,0.10471975435424383,0.0,0.0,0.0,0.0,0.5335512296548811,0.45018064779267053,0.021734002473202896,-1.9438295386497488,-1.2714598,-13.304438,-15.413595,0.8376983,4.261882,-0.476309,435.29584,0.04534332
figure_eight_depth,smc,30.1,-0.51624715,0.22439982,-0.37297454,-0.025438994,-0.049326647,2.3752995,0.18078132,0.39601353,-0.006010795,-0.00950489,-0.02046246,-0.02677149,-0.010471784116245463,0.010471209941678149,-0.3500034269381433,0.0,0.0,2.3562767471539288,-0.10471401307760637,0.10469678758138252,-6.853860626265806e-05,0.0,0.0,0.0,0.5496379230891714,0.40793178201969515,0.019022706581422796,-1.9694553833594857,1.3703068,-15.891155,-12.771829,-1.7490193,4.876914,-0.293067,444.45544,0.046297435
figure_eight_depth,smc,30.200000000000003,-0.55463105,0.19754523,-0.37392193,-0.025940854,-0.05020765,2.3741224,0.0897455,0.45986953,-0.0022192607,-0.0055989986,-0.008508089,-0.011977098,-0.020942419883356867,0.02093782686459972,-0.35001370765862194,0.0,0.0,2.3565236000407532,-0.10469678815566881,0.10462789733767068,-0.00013707533347284695,0.0,0.0,0.0,0.5626591656825044,0.40497994872052595,0.017598781169573918,-1.9873856174674875,-5.4678564,-8.987174,-10.829193,-3.625837,0.58642757,-3.8891907,256.55457,0.026724434
figure_eight_depth,smc,30.3,-0.5885176,0.16461858,-0.37515083,-0.024295045,-0.04989469,2.3719103,0.014619655,0.47242197,-0.00078573625,0.015347976,0.0037015479,-0.022003436,-0.031410759078127994,0.03139525976465639,-0.35003084187958483,0.0,0.0,2.356935322473539,-0.10466808205086137,0.10451311383997616,-0.00020560830271687536,0.0,0.0,0.0,0.5733650725488814,0.3867645667537481,0.014975011159883866,-1.9900791701320646,-13.221299,-1.1561369,-2.8291926,-11.625837,-5.118899,-10.189434,449.33154,0.04680537
figure_eight_depth,smc,30.400000000000002,-0.61318135,0.13250428,-0.3761575,-0.018849343,-0.048398808,2.3689675,-0.046811868,0.40232918,0.002032687,0.05298927,0.015668439,-0.029020386,-0.04187565372919957,0.041838921666157686,-0.3500548291312886,0.0,0.0,2.357512366581011,-0.10462789791135588,0.10435248743636757,-0.00027413563510880756,0.0,0.0,0.0,0.5790438313339069,0.3035426199492446,0.011455166530561112,-1.9882917371696682,-11.409152,-2.8816068,2.7329834,-17.023743,0.160623,-4.3229947,454.46347,0.047339946
figure_eight_depth,smc,30.5,-0.62879723,0.10275373,-0.377072,-0.013788782,-0.0457288,2.3691285,-0.09617184,0.32206726,0.0015730581,0.050683416,0.026665052,0.0021092556,-0.052335956242943564,0.052264231633826465,-0.3500856687561107,0.0,0.0,2.3582553667384776,-0.1045762401437958,0.10414608858288696,-0.0003426554519292413,0.0,0.0,0.0,0.5792970355963498,0.21809158892115624,0.010873098913988244,-1.981212240052035,-16.51154,2.3153281,-2.3694034,-11.826808,1.2157092,-3.98735,440.85602,0.045922503
figure_eight_depth,smc,30.6,-0.6363172,0.07557877,-0.3776871,-0.009049916,-0.042148404,2.3671923,-0.13593647,0.2470827,0.003470347,0.04650359,0.036067214,-0.01884577,-0.06279051952931335,0.06266661678215209,-0.3501233599085671,0.0,0.0,2.359165140966571,-0.10451311441303512,0.1038940078128825,-0.0004111658746808189,0.0,0.0,0.0,0.5743338132877596,0.14664751477176305,0.008027127405011216,-1.9714803600906565,-12.527306,-1.5816089,1.61483,-15.723744,1.8508819,-3.7877936,427.05182,0.044484567
figure_eight_depth,smc,30.700000000000003,-0.6364352,0.051193703,-0.37789366,-0.00534322,-0.037812207,2.367154,-0.16961448,0.17508638,0.006670672,0.03705082,0.043363683,9.969264e-06,-0.0732381971276319,0.07304151428120602,-0.35016790155533595,0.0,0.0,2.3602426927350084,-0.10443852764152606,0.1035963556973371,-0.0004796650250882273,0.0,0.0,0.0,0.5643021535031845,0.09700440911032597,0.006911190245338262,-1.9578716466603225,-15.377748,1.3448962,-1.2356118,-12.797239,0.8782033,-3.9572434,420.01096,0.043751135
figure_eight_depth,smc,30.8,-0.6296064,0.02985406,-0.37799785,-0.0020072318,-0.0329284,2.36606,-0.197942,0.104748264,0.007005228,0.032946337,0.048895773,-0.0106705865,-0.08367784333231548,0.08338437335805113,-0.3502192924752854,0.0,0.0,2.3614892131759717,-0.10435248800832325,0.10325326279606029,-0.0005481510252369759,0.0,0.0,0.0,0.5492496332715057,0.09390572930471679,0.004570805363456998,-1.9428785395044756,-13.265782,-0.7011726,0.87635297,-14.843308,0.78320354,-3.5456748,410.74963,0.042786423
figure_eight_depth,smc,30.900000000000002,-0.6163255,0.011631782,-0.37817505,0.00061083335,-0.02765765,2.3660033,-0.22234365,0.03712519,0.005625528,0.026161999,0.05270853,-0.00046048473,-0.0941083133185141,0.09369065729286209,-0.35027753125950745,0.0,0.0,2.362906083710663,-0.10425500494930934,0.10286487960162183,-0.0006166219975733966,0.0,0.0,0.0,0.5293606692297178,0.1352981902168098,0.00309719120693952,-1.9267303953961519,-14.609143,0.7026926,-0.467008,-13.439443,0.15139382,-3.8243306,409.406,0.042646464
figure_eight_depth,smc,31.0,-0.5970514,-0.0035158296,-0.3785325,0.0028255682,-0.022144783,2.3655694,-0.24367855,-0.026788075,0.0031819523,0.022027325,0.055126008,-0.0043721925,-0.10452846326765305,0.10395584540887925,-0.35034261631135655,0.0,0.0,2.364494879096403,-0.10414608915393364,0.10243137647104189,-0.0006850760648768883,0.0,0.0,0.0,0.5048996493882683,0.19021548154292645,0.0010744740072348158,-1.907431435768479,-13.670564,-0.18125851,0.4715716,-14.323394,0.41978383,-4.32052,411.14224,0.042827323
figure_eight_depth,smc,31.1,-0.57227755,-0.015756989,-0.3787865,0.0044954135,-0.016513286,2.365663,-0.2625467,-0.08615224,0.0035178333,0.016719187,0.05631739,0.0007771024,-0.11493715049286643,0.11417543505532769,-0.3504145458464929,0.0,0.0,2.366257370898824,-0.10402575256625302,0.10195294355335588,-0.0007535113505374724,0.0,0.0,0.0,0.4762852507864512,0.24602985951913675,-0.0005943192935995434,-1.884579406629637,-14.175513,0.3725688,-0.03337743,-13.769567,0.19854097,-5.065257,416.38232,0.043373156
figure_eight_depth,smc,31.200000000000003,-0.54247314,-0.025314895,-0.37874585,0.0057910485,-0.010857452,2.3657265,-0.2796319,-0.14049871,0.005656099,0.0129668275,0.056560624,0.0003800715,-0.12533323356430429,0.12434494358242744,-0.3504933178929321,0.0,0.0,2.3681955313982224,-0.10389400838253793,0.10142979070502933,-0.0008219259782504817,0.0,0.0,0.0,0.44407428720905584,0.29909058253919985,-0.0024690604509567393,-1.85849421418864,-13.820374,0.06146768,0.3217618,-14.0806675,-0.32028595,-5.8419495,423.6062,0.044125646
figure_eight_depth,smc,31.3,-0.50810367,-0.032453787,-0.37831432,0.0068390425,-0.005253777,2.366072,-0.29526594,-0.1896959,0.008620326,0.010517453,0.05605582,0.0031302492,-0.13571557243430424,0.1344599103076327,-0.35057893029109866,0.0,0.0,2.370311537935656,-0.10375087105003733,0.10086214739823962,-0.0008903180724328941,0.0,0.0,0.0,0.4090260726134354,0.34812706144296945,-0.0042395984672722875,-1.829925096714451,-13.9471,0.22807434,0.19503576,-13.914062,-1.1898518,-5.806498,423.34393,0.04409833
figure_eight_depth,smc,31.400000000000002,-0.4696111,-0.037457712,-0.3777887,0.0076859845,0.0002459262,2.3665333,-0.30985877,-0.23369855,0.008482735,0.008493659,0.055027295,0.0042373748,-0.1460830285624117,0.1445158984722359,-0.3506713806938855,0.0,0.0,2.372607777709342,-0.10359635626537578,0.10025026262008851,-0.0009586857581400654,0.0,0.0,0.0,0.3721829683074727,0.3926259425601953,-0.006074498290396857,-1.8044713742479743,-13.829819,0.14728478,0.31231698,-13.994851,-1.825376,-5.879177,425.1357,0.04428497
figure_eight_depth,smc,31.5,-0.42740318,-0.04061009,-0.3773299,0.008336787,0.005600965,2.3671947,-0.32358488,-0.27279088,0.0066053784,0.006506402,0.053599652,0.006203471,-0.15643446504023073,0.1545084971874736,-0.35077066656671796,0.0,0.0,2.375086853027898,-0.10343048097279095,0.09959440476342563,-0.0010270271609547077,0.0,0.0,0.0,0.3349637303033853,0.43266270296437837,-0.00789220047052508,-1.7755845244538713,-5.8298187,8.1472845,8.312317,-5.9948506,-2.381152,-6.039557,247.544,0.025785835
figure_eight_depth,smc,31.6,-0.3896548,-0.034534093,-0.3770924,0.00882206,0.011148755,2.3680413,-0.22736265,-0.30738312,0.0036640659,0.0048053246,0.055546537,0.008001064,-0.16676874671610195,0.1644333233692913,-0.3508767851876239,0.0,0.0,2.3777515870309767,-0.10325326336221852,0.09889486150901905,-0.0010953404073477113,0.0,0.0,0.0,0.2999224516652216,0.42483830985993304,-0.00971031009921397,-1.7541663530509628,0.25713733,14.290204,14.399273,0.14806817,-2.847834,-6.204621,458.2445,0.0477338
figure_eight_depth,smc,31.700000000000003,-0.36073458,-0.01553578,-0.37732044,0.009169943,0.016436968,2.3690267,-0.07413729,-0.33799434,-0.00012525744,0.003368947,0.05296702,0.0093883015,-0.17708474031958318,0.1742860236609075,-0.35098973364730757,0.0,0.0,2.380605029885298,-0.10306472286818191,0.09815193970025282,-0.0011636236244005893,0.0,0.0,0.0,0.2654296283129102,0.43710576427848863,-0.011578368966108421,-1.744468987379311,0.32871258,14.245083,14.470848,0.10294763,-2.7267902,-6.877684,467.1844,0.048665043
figure_eight_depth,smc,31.8,-0.33855024,0.013834443,-0.37781316,0.009400417,0.020734463,2.370194,0.046204653,-0.36519065,-0.000819797,0.0021128794,0.043080162,0.011277101,-0.18738131458572432,0.18406227634233868,-0.35110950884923,0.0,0.0,2.383650465465855,-0.102864880165629,0.09736596520656948,-0.0012318749401107887,0.0,0.0,0.0,0.22922182317957465,0.48598407618851824,-0.013456507183384314,-1.743557983435716,0.30375984,14.2357025,14.445895,0.09356681,-2.655818,-7.444764,473.91803,0.049366463
figure_eight_depth,smc,31.900000000000002,-0.3219015,0.051966757,-0.3783821,0.009537188,0.023839861,2.3715267,0.14656065,-0.389457,0.0010097916,0.0010914321,0.031177843,0.013030212,-0.19765734037912608,0.1937577932260514,-0.35123610750969336,0.0,0.0,2.3868914185305568,-0.1026537571697933,0.09653728278258278,-0.001300092483363935,0.0,0.0,0.0,0.19046840556236258,0.5461717577402891,-0.015364700390908315,-1.750461876604434,0.28715765,14.192812,14.429294,0.050676577,-2.6552255,-7.869908,478.71115,0.04986574
figure_eight_depth,smc,32.0,-0.30987856,0.09759565,-0.37887728,0.009597886,0.025721401,2.373033,0.2314042,-0.4112313,0.004486592,0.00024788457,0.018958164,0.014879607,-0.20791169081775907,0.20336832153789985,-0.3513695261579316,0.0,0.0,2.390331662396853,-0.10243137703246086,0.09566625591556077,-0.0013682743839615874,0.0,0.0,0.0,0.14947166055720884,0.6069807357564924,-0.01729861567444102,-1.7649885768449063,0.254294,14.152831,14.39643,0.010695636,-3.2286205,-7.666001,476.8162,0.049668346
figure_eight_depth,smc,32.1,-0.3014558,0.1493949,-0.37951958,0.009598953,0.026341988,2.3747132,0.29957062,-0.4309058,0.0054179598,-0.00042145353,0.0063667875,0.016735956,-0.2181432413965425,0.2128896457825363,-0.351509761136205,0.0,0.0,2.393975227126955,-0.10219776414033266,0.09475326666689987,-0.0014364187725657285,0.0,0.0,0.0,0.10843022899837884,0.6616511618644515,-0.019262044677614387,-1.7869162428699088,0.21628492,14.103278,14.35842,-0.03885702,-3.6350248,-7.576898,475.73776,0.049556017
figure_eight_depth,smc,32.2,-0.2956143,0.20610458,-0.38039395,0.009555399,0.025691658,2.3765707,0.3515487,-0.44886285,0.00482455,-0.00092478306,-0.006324753,0.018630454,-0.22835087011065594,0.22231758959246392,-0.3516568085999009,0.0,0.0,2.39782640822881,-0.1019529441119299,0.09379871550406482,-0.0015045237810040746,0.0,0.0,0.0,0.07492032100753108,0.7072378490768907,-0.02125570662968901,-1.8155282753410675,0.16810249,14.046661,14.310238,-0.09547472,-3.4376764,-8.044288,478.6572,0.04986012
figure_eight_depth,smc,32.300000000000004,-0.29143912,0.26661405,-0.3811775,0.0094782645,0.023807203,2.378609,0.38901436,-0.46536893,0.0066053765,-0.0012949103,-0.01864901,0.020553237,-0.23853345757858088,0.23164801755993086,-0.3518106645176386,0.0,0.0,2.401889775875732,-0.10169694379430494,0.09280302112454897,-0.0015725875422145652,0.0,0.0,0.0,0.0698859355655191,0.743249883375713,-0.023280833843871473,-1.8499922767782149,0.11782808,13.988386,14.259964,-0.15374948,-3.3306286,-8.384451,480.45114,0.050046995
figure_eight_depth,smc,32.4,-0.2881652,0.32999545,-0.38163975,0.009376307,0.020800587,2.380831,0.4143467,-0.4806604,0.009798815,-0.0015485899,-0.029854234,0.022500433,-0.24868988716485457,0.24087683705085744,-0.3519713246713805,0.0,0.0,2.4061701846480075,-0.10142979126098739,0.09176662027297888,-0.0016406081901620961,0.0,0.0,0.0,0.10188544748294286,0.7706029766721643,-0.025339181458920557,-1.8824314052015692,6.9925404,7.0081525,7.6241565,6.3765364,2.461036,-1.8428346,206.25055,0.021484429
figure_eight_depth,smc,32.5,-0.29000577,0.39043885,-0.38190895,0.006951892,0.016845549,2.3833508,0.43003556,-0.4250308,0.010239532,-0.024768205,-0.039312456,0.025560493,-0.25881904510252035,0.24999999999999964,-0.35213878465654735,0.0,0.0,2.4106727837940234,-0.10115151580761261,0.0906899675484768,-0.0017085838599772973,0.0,0.0,0.0,0.14690795369345305,0.7404528182926952,-0.02732193464241206,-1.9111907653240232,14.387213,-0.4879323,0.24507737,13.654203,7.249601,3.4540665,458.21457,0.047730684
figure_eight_depth,smc,32.6,-0.30081502,0.44292495,-0.382084,0.0014558499,0.012165336,2.3860462,0.4393655,-0.30669707,0.007783386,-0.05541446,-0.04661364,0.027275302,-0.26891982061526554,0.259013504686565,-0.3523130398821391,0.0,0.0,2.4154030280089387,-0.10086214795088089,0.08957353520702704,-0.0017765126880675552,0.0,0.0,0.0,0.1890159589039149,0.670050522696877,-0.0293568568205842,-1.9470345383733787,14.369151,-0.5631637,0.22701557,13.578972,4.151599,0.6692481,408.91336,0.042595137
figure_eight_depth,smc,32.7,-0.31891468,0.4887888,-0.38232598,-0.0042624613,0.007012415,2.388768,0.4462258,-0.20973021,0.0033143533,-0.05751423,-0.05148953,0.027291857,-0.2789911060392293,0.26791339748949833,-0.3524940855708606,0.0,0.0,2.4203666887174613,-0.10056171942296466,0.08841781295260143,-0.001844392812228035,0.0,0.0,0.0,0.22642831752126935,0.6228125222289826,-0.03159873103008337,-1.9857572065936564,14.55068,-0.82554317,0.4085446,13.316592,3.4200013,-0.9200664,402.44528,0.04192138
figure_eight_depth,smc,32.800000000000004,-0.34349093,0.528877,-0.38239118,-0.0091516785,0.0016275445,2.3916728,0.45342514,-0.124529004,0.0019965933,-0.049095873,-0.053972032,0.028818272,-0.28903179694447184,0.2766957746216722,-0.35268191675925287,0.0,0.0,2.425569865852369,-0.1002502631693436,0.08722330772320541,-0.0019122223713918807,0.0,0.0,0.0,0.2596994764242869,0.5927990988334042,-0.03389701619721741,-2.029134638044388,14.581909,-0.92277473,0.43977338,13.219361,3.5124109,-1.4599098,402.8969,0.04196842
figure_eight_depth,smc,32.9,-0.3740575,0.5637122,-0.38211006,-0.013007964,-0.0038142956,2.3947957,0.46109352,-0.046599243,0.003135486,-0.03861368,-0.054701906,0.030728467,-0.2990407922560863,0.2853567838422155,-0.3528765282978291,0.0,0.0,2.4310190001003558,-0.09992781334461354,0.08599054346830615,-0.0019799995060187925,0.0,0.0,0.0,0.28976513314730223,0.5764990465379444,-0.03622334389613213,-2.074835569206776,14.580164,-0.97519565,0.43802783,13.16694,3.8431785,-1.4657836,404.0109,0.04208447
figure_eight_depth,smc,33.0,-0.41030708,0.5936039,-0.38140604,-0.015944017,-0.009195111,2.3981454,0.46909988,0.026803851,0.005599984,-0.029232766,-0.054239303,0.032793522,-0.3090169943749473,0.29389262614623646,-0.35307791485121554,0.0,0.0,2.43672088559281,-0.09959440530910024,0.08472006091900242,-0.0020477223579840054,0.0,0.0,0.0,0.3176303150716196,0.5716869458678421,-0.038575448352209385,-2.1147657750994777,11.898699,-3.678273,-2.2434368,10.463862,3.642458,-0.74127823,283.45114,0.02952616
figure_eight_depth,smc,33.1,-0.4493668,0.6162414,-0.3806524,-0.018156193,-0.014557241,2.401721,0.44080192,0.0976563,0.005041003,-0.021792995,-0.054184537,0.03489464,-0.31895930929806965,0.30229955743118714,-0.3532860708982981,0.0,0.0,2.442682682995005,-0.09925007562489041,0.08341241735110305,-0.0021153890705782885,0.0,0.0,0.0,0.3410491302243359,0.5402872000801274,-0.040961682323618305,-2.1351628377730267,3.8986988,-11.678273,-10.243437,2.4638627,3.5716665,-0.210835,275.3818,0.028685601
figure_eight_depth,smc,33.2,-0.4837101,0.6250513,-0.3802405,-0.019798245,-0.019966818,2.4055102,0.3130669,0.16645458,0.0025840923,-0.015868934,-0.054774705,0.036899105,-0.3288666467385831,0.3105738901391551,-0.35350099073237373,0.0,0.0,2.4489119329498052,-0.09889486205105769,0.08206818633985091,-0.0021829977887022345,0.0,0.0,0.0,0.3515502142896204,0.42054284248576607,-0.043401745800757396,-2.1454070631890625,0.47678933,-15.15908,-13.665346,-1.0169436,3.572524,0.18903027,430.59958,0.044854116
figure_eight_depth,smc,33.300000000000004,-0.51190954,0.6193016,-0.38047746,-0.02093521,-0.02477565,2.4095106,0.1703027,0.23200834,-0.001178038,-0.010570889,-0.048870746,0.03903848,-0.3387379202452915,0.31871199487434493,-0.3537226684613065,0.0,0.0,2.4554165698075345,-0.0985288035413312,0.08068795750978963,-0.0022505466588662593,0.0,0.0,0.0,0.34793440650368473,0.30849536018114526,-0.045905957319741564,-2.1526460502513953,0.4894185,-15.170328,-13.652718,-1.0281928,4.226024,0.057332344,435.69485,0.045384884
figure_eight_depth,smc,33.4,-0.5356678,0.6012403,-0.38114774,-0.02160638,-0.028479032,2.413703,0.05580144,0.29324675,-0.0019491981,-0.0056731515,-0.037903022,0.041125473,-0.34857204732181474,0.32671030199505235,-0.3539510980076895,0.0,0.0,2.462204935559918,-0.0981519402380171,0.07927233627488817,-0.0023180338291628466,0.0,0.0,0.0,0.33333343198913146,0.263603542047776,-0.04850197077720298,-2.1552976577379255,0.53780645,-15.165187,-13.604329,-1.0230516,4.90694,0.06840291,440.47928,0.045883257
figure_eight_depth,smc,33.5,-0.5558561,0.57244825,-0.38203582,-0.021856721,-0.030976748,2.418089,-0.041066315,0.3493532,-0.00016698374,-0.001254533,-0.025918495,0.043291096,-0.3583679495453,0.3345653031794289,-0.3541862731090113,0.0,0.0,2.4692857938838872,-0.09776431346836256,0.07782194357330852,-0.0023854574493775704,0.0,0.0,0.0,0.3104278796498432,0.2773964757165153,-0.05119688092002006,-2.1523771445202975,0.5950321,-15.148451,-13.547104,-1.0063155,5.564935,0.2369295,445.39093,0.04639489
figure_eight_depth,smc,33.6,-0.5731914,0.53440666,-0.38294694,-0.021741267,-0.03224743,2.422673,-0.12213796,0.39990145,0.0034095782,0.0025743516,-0.013705201,0.045531143,-0.3681245526846779,0.3422735529643443,-0.35442818731782777,0.0,0.0,2.4766683441665474,-0.09736596574003165,0.07633741559520679,-0.0024528156710723614,0.0,0.0,0.0,0.28245506613968335,0.32456386633922923,-0.05399535718229442,-2.144593418795599,0.6586308,-15.12358,-13.483505,-0.9814445,6.5058174,0.89229786,455.04645,0.04740067
figure_eight_depth,smc,33.7,-0.58845454,0.48863712,-0.38372117,-0.021468814,-0.032267112,2.4274683,-0.18672054,0.444875,0.007950483,0.00427062,-0.0012386892,0.047912687,-0.3778407868184673,0.3498316702566828,-0.3546768340019387,0.0,0.0,2.4843622353667225,-0.09695694073633132,0.07481940350362315,-0.002520106647585507,0.0,0.0,0.0,0.2539068358838664,0.38093081004153684,-0.05689393550099986,-2.133646771155327,0.7236773,-15.084661,-13.418458,-0.9425251,6.5242376,1.7731011,454.72363,0.04736704
figure_eight_depth,smc,33.800000000000004,-0.60238063,0.4366038,-0.3845694,-0.021066103,-0.031041821,2.4324756,-0.23571137,0.48431548,0.009520563,0.005642477,0.011175741,0.050296623,-0.38751558645210293,0.3572363398164016,-0.3549322063445695,0.0,0.0,2.4923775795339846,-0.09653728331149303,0.07326857314893243,-0.0025873285340871632,0.0,0.0,0.0,0.23096438692973004,0.4341377544816542,-0.05990201266997097,-2.1215565390009585,0.8017581,-15.041705,-13.340378,-0.8995691,6.657279,2.417063,455.83218,0.04748252
figure_eight_depth,smc,33.9,-0.6156064,0.37960237,-0.38556135,-0.02054643,-0.028637271,2.4377024,-0.27097476,0.5186432,0.0094171185,0.00681902,0.022939658,0.052739635,-0.3971478906347804,0.3644843137107056,-0.35519429734455854,0.0,0.0,2.500724964773234,-0.0961070394858432,0.07168560477660568,-0.00265447948766262,0.0,0.0,0.0,0.22107656050845945,0.48009950405188384,-0.06302254739957691,-2.105619428563691,-2.833803,-11.283407,-9.727169,-4.3900414,3.4681034,-0.42611223,261.4453,0.02723389
figure_eight_depth,smc,34.0,-0.6262061,0.32157865,-0.38663152,-0.018683424,-0.025191432,2.4431005,-0.2949039,0.51087075,0.008239073,0.020175729,0.033342544,0.054655366,-0.4067366430757998,0.37157241273869684,-0.35546309981654856,0.0,0.0,2.5094154673956535,-0.0956662564399191,0.07007119272853246,-0.0027215576673678132,0.0,0.0,0.0,0.2272392769585587,0.4838595142752669,-0.06631501497255776,-2.080710594675941,-10.833803,-3.2834072,-1.7271688,-12.390041,-3.3893468,-8.020127,360.4584,0.037547752
figure_eight_depth,smc,34.1,-0.62964237,0.2691424,-0.38730484,-0.013276031,-0.02089645,2.4487486,-0.31095418,0.42356652,0.009014337,0.0554966,0.041887466,0.057254978,-0.416280792260401,0.3784975278258781,-0.35573860639118404,0.0,0.0,2.5184606629632666,-0.09521498251108262,0.06842604513954131,-0.002788561234173814,0.0,0.0,0.0,0.2418225285475495,0.4157011765978852,-0.06971207440125492,-2.0543893447832073,-13.425828,-0.46424735,0.71630794,-14.606383,1.1697079,-3.9755414,411.50107,0.04286469
figure_eight_depth,smc,34.2,-0.62600183,0.22345302,-0.38740385,-0.00782009,-0.015948297,2.4546523,-0.3197929,0.32819146,0.010051071,0.055792987,0.04869359,0.05967608,-0.42577929156507266,0.38525662138789457,-0.3560208095153131,0.0,0.0,2.52787263586718,-0.09475326718644261,0.06675088362567694,-0.0028554883511611173,0.0,0.0,0.0,0.25933447288048017,0.3451964492548962,-0.07322032644945552,-2.0289928560628936,-13.346875,-0.43967262,0.7952603,-14.581808,1.9863486,-2.5183482,401.88162,0.041862667
figure_eight_depth,smc,34.300000000000004,-0.6165375,0.18386813,-0.38723844,-0.0033485906,-0.010535957,2.460861,-0.3241471,0.24598509,0.008748397,0.04570513,0.053636283,0.06250006,-0.43523109937232773,0.39184672866292003,-0.35630970145219454,0.0,0.0,2.5376639870318414,-0.09428116109830298,0.06504644296817519,-0.002922337183519641,0.0,0.0,0.0,0.2776395173944503,0.29276842821956867,-0.07680301939573297,-2.0040667486192683,-13.297538,-0.39543745,0.84459794,-14.537573,1.9006183,-3.1399603,402.50693,0.04192781
figure_eight_depth,smc,34.4,-0.6020416,0.15008307,-0.38669264,0.00022307645,-0.0048296326,2.4673414,-0.32520396,0.17128561,0.009458159,0.03639942,0.05684594,0.06499026,-0.4446351791849271,0.3982649590120979,-0.3566052742817099,0.0,0.0,2.5478478392611876,-0.09379871601838952,0.06331347079091554,-0.0029891058985209717,0.0,0.0,0.0,0.2954255985037034,0.25565856704525025,-0.08050641622651966,-1.9828605434711768,-13.233902,-0.37592402,0.9082336,-14.51806,1.0681474,-3.2532837,398.6012,0.04152096
figure_eight_depth,smc,34.5,-0.583017,0.121996075,-0.38606727,0.0031254345,0.0010323185,2.474071,-0.323932,0.10063725,0.007796033,0.029348606,0.058634523,0.06728431,-0.4539904997395467,0.4045084971874736,-0.3569075199005808,0.0,0.0,2.558437839666166,-0.09330598485224328,0.061552727232877524,-0.0030557926657126533,0.0,0.0,0.0,0.31194774472947684,0.23416600352453187,-0.08436681381777733,-1.966023051874593,-13.164544,-0.37163624,0.97759145,-14.513772,0.49534395,-3.3316202,396.39365,0.041291002
figure_eight_depth,smc,34.6,-0.55982375,0.099562235,-0.38556013,0.005520281,0.006938065,2.4810402,-0.32102978,0.032624945,0.0046378607,0.02387652,0.059274994,0.06950582,-0.4632960351198614,0.4105746045668518,-0.35721643002259096,0.0,0.0,2.5694481585389815,-0.09280302163358622,0.05976498461440771,-0.003122395656751653,0.0,0.0,0.0,0.32687866095073337,0.2299657748635121,-0.08840791920487501,-1.9460759370225609,-5.190964,7.531491,8.951172,-6.610645,0.08733912,-3.366238,218.83275,0.02279508
figure_eight_depth,smc,34.7,-0.54145235,0.089179896,-0.38538396,0.0074246693,0.013163668,2.488247,-0.20877916,-0.030731967,0.00048285068,0.018543879,0.0626529,0.07172088,-0.4725507648690539,0.41646062035504966,-0.35753199617881326,0.0,0.0,2.580893483924938,-0.09228988151743778,0.05795102709821309,-0.0031889130457374293,0.0,0.0,0.0,0.33561262331993885,0.14645103741244592,-0.09264656620032861,-1.9359589856115584,1.1747159,13.585031,15.316852,-0.557105,0.117945194,-4.074747,437.4668,0.04556946
figure_eight_depth,smc,34.800000000000004,-0.5329075,0.093735814,-0.38549545,0.00883771,0.01916642,2.4958115,-0.040139604,-0.08812576,-0.0009890824,0.013134685,0.060587432,0.07518986,-0.4817536741017154,0.4221639627510076,-0.3578542097178422,0.0,0.0,2.5927890110602765,-0.09176662077595155,0.05611165034638543,-0.0032553430091009083,0.0,0.0,0.0,0.3335353050086902,0.1532152560651259,-0.09697754865793273,-1.951842022938925,1.3034157,13.500329,15.445551,-0.64180684,-0.08289675,-4.8866215,446.82068,0.04654382
figure_eight_depth,smc,34.9,-0.53194094,0.11037212,-0.38580224,0.009794116,0.024127485,2.5037818,0.09244364,-0.13868546,-7.068172e-05,0.008036492,0.050313003,0.0792489,-0.4909037536151404,0.4276821300802531,-0.35818306180603077,0.0,0.0,2.6051504257150064,-0.09123329679039394,0.05424766117020918,-0.003321683725548974,0.0,0.0,0.0,0.3211425115662904,0.26640378439892476,-0.10136863021329745,-1.9782688780272895,1.3649282,13.397309,15.507064,-0.7448261,-0.8000202,-6.0289955,459.36356,0.047850367
figure_eight_depth,smc,35.0,-0.5373838,0.13704784,-0.38620713,0.010483597,0.027810823,2.5121663,0.20260428,-0.18188722,0.0026205895,0.004872076,0.03765253,0.083454214,-0.4999999999999998,0.43301270189221924,-0.3585185434277329,0.0,0.0,2.6179938803658054,-0.09068996804575957,0.05235987717691626,-0.003387933376397534,0.0,0.0,0.0,0.2995987388819295,0.37540554365798207,-0.10582761869283175,-2.0110579603545817,1.4060466,13.279186,15.5481825,-0.8629498,-1.7553945,-6.225058,462.6372,0.04819138
figure_eight_depth,smc,35.1,-0.5486465,0.17217058,-0.38696364,0.010906176,0.030234154,2.5209785,0.29790023,-0.21759889,0.0030002731,0.0017753356,0.025155453,0.08782969,-0.5090414157503712,0.43815334002193174,-0.35886064538555046,0.0,0.0,2.6313359619948917,-0.09013669412410996,0.050449126411000744,-0.0034540901452939643,0.0,0.0,0.0,0.2703796783349781,0.4716609477489379,-0.11035751121974524,-2.0499721638761472,1.4363847,13.159516,15.57852,-0.9826193,-2.5515728,-6.5538306,468.3551,0.048786994
figure_eight_depth,smc,35.2,-0.5651905,0.21427146,-0.388167,0.01107496,0.031443514,2.530225,0.37961036,-0.24628213,0.0021277342,-0.0011073609,0.0131008355,0.092286505,-0.5180270093731304,0.4431017896156074,-0.3592093583005854,0.0,0.0,2.6451936501812874,-0.08957353569816195,0.04851624699081514,-0.0035201522186056877,0.0,0.0,0.0,0.23542782445159935,0.5541403338979044,-0.114968611652845,-2.0945103168556294,1.4627968,13.03413,15.604933,-1.1080054,-2.712028,-7.4333944,479.38034,0.049935456
figure_eight_depth,smc,35.300000000000004,-0.58639747,0.26195332,-0.38947275,0.011011256,0.031469706,2.5399108,0.44753382,-0.26869655,0.003988646,-0.0036820953,0.0013340767,0.09680112,-0.5269557954966776,0.4478558801197065,-0.35956467261269714,0.0,0.0,2.659584264005348,-0.08900055452465416,0.04656208674128082,-0.0035861177851426174,0.0,0.0,0.0,0.19745269346709732,0.6223459759444285,-0.11967347070090463,-2.1439477737684314,1.487081,12.899965,15.629216,-1.2421705,-2.914972,-8.151055,489.37268,0.05097632
figure_eight_depth,smc,35.4,-0.61146355,0.3139895,-0.3906022,0.010784304,0.030333716,2.5500395,0.5012883,-0.28703,0.0076414426,-0.0054564876,-0.010244494,0.101356424,-0.5358267949789961,0.4524135262330095,-0.35992657858076416,0.0,0.0,2.6745253961747486,-0.08841781343760236,0.04458750282174129,-0.003651985036434713,0.0,0.0,0.0,0.16069575531277047,0.6766468882215022,-0.12448586637433356,-2.1972718404326943,1.5112008,12.754013,15.653337,-1.3881222,-3.1057796,-8.618141,495.82062,0.05164798
figure_eight_depth,smc,35.5,-0.63934636,0.36937097,-0.3913603,0.010491281,0.02805535,2.5606182,0.54026514,-0.30410647,0.012088844,-0.0061386204,-0.02164207,0.10597701,-0.5446390350150268,0.4567727288213003,-0.3602950662829517,0.0,0.0,2.690034832641517,-0.08782537634055565,0.042593361349568815,-0.00371775216673198,0.0,0.0,0.0,0.1325654370635312,0.7175989998810384,-0.12941667048636551,-2.2536513804594014,1.5340575,12.59601,15.676193,-1.5461255,-3.7134123,-8.345213,492.57837,0.051310245
figure_eight_depth,smc,35.6,-0.6690353,0.4272589,-0.39195317,0.010173193,0.02471568,2.5716605,0.56583303,-0.32083553,0.013314597,-0.006278449,-0.032236844,0.11072446,-0.5533915492433439,0.4609315757942502,-0.3606701256169832,0.0,0.0,2.7061304558823918,-0.08722330820148949,0.04058053702157838,-0.003783417373004472,0.0,0.0,0.0,0.12444258944488328,0.7465899140786434,-0.13446993723615153,-2.3123982670961656,1.5585243,12.436652,15.70066,-1.7054836,-4.078024,-8.162984,489.7833,0.05101909
figure_eight_depth,smc,35.7,-0.6997248,0.4869853,-0.39247307,0.009829372,0.020458937,2.583181,0.58060646,-0.3371554,0.012583036,-0.006285242,-0.04139363,0.11559516,-0.5620833778521306,0.4648882429441257,-0.3610517463004175,0.0,0.0,2.7228301299530226,-0.08661167504370182,0.03854991272872477,-0.0038489788549422865,0.0,0.0,0.0,0.1429011502216255,0.7659011260599874,-0.13964922556459491,-2.3712979296643972,3.832102,10.031702,13.592418,0.27138633,-2.3097045,-6.008982,341.59012,0.035582304
figure_eight_depth,smc,35.800000000000004,-0.7320069,0.54611826,-0.39294636,0.008704096,0.015467044,2.5952268,0.58706766,-0.33037454,0.01052652,-0.013717053,-0.04873274,0.120918445,-0.5707135676844319,0.4686409947459459,-0.36143991787093077,0.0,0.0,2.7401515653580013,-0.08599054393981787,0.0365023791701613,-0.003914434815177614,0.0,0.0,0.0,0.18168908622351795,0.7666906579733914,-0.14492480067904623,-2.427088188786303,9.889384,3.8509586,7.8381653,5.9021773,2.1655164,-1.2149252,215.06784,0.0224029
figure_eight_depth,smc,35.9,-0.7683181,0.5994905,-0.39337406,0.0054514385,0.009940255,2.6078243,0.58756006,-0.26730263,0.0071377056,-0.03447497,-0.05416943,0.12643713,-0.5792811723426785,0.4721881851187404,-0.3618346296866034,0.0,0.0,2.7581121618476736,-0.08535998300368552,0.03443883446160867,-0.003979783459229225,0.0,0.0,0.0,0.2300773500875527,0.7375587383015852,-0.15028783628615017,-2.4799387981762804,16.085857,-2.4580288,1.9437213,11.684107,5.6064515,1.4746232,438.69995,0.04569791
figure_eight_depth,smc,36.0,-0.81060046,0.6428142,-0.3934736,0.00014298632,0.0040783747,2.620893,0.5844105,-0.15781862,0.0056745308,-0.054383542,-0.057905555,0.13099621,-0.587785252292473,0.4755282581475767,-0.36223587092621157,0.0,0.0,2.776728827303971,-0.08472006138349197,0.03236018374208616,-0.004045022995474712,0.0,0.0,0.0,0.2803694076096403,0.6956997472406107,-0.1558358257475745,-2.5402187773106317,16.19205,-2.6652339,2.0499146,11.476902,2.7842882,-1.9337357,416.69904,0.043406155
figure_eight_depth,smc,36.1,-0.8574317,0.6776185,-0.39312524,-0.0046119657,-0.0019449461,2.6343362,0.5793757,-0.06893686,0.005856359,-0.048097793,-0.060213987,0.13444144,-0.5962248749656155,0.47865974876603345,-0.362643630589524,0.0,0.0,2.7960177711102707,-0.0840708492539366,0.030267338776507335,-0.00411015163542805,0.0,0.0,0.0,0.32976161834043255,0.6708964954654504,-0.16168153797123266,-2.6041031299997437,16.437622,-3.000894,2.295486,11.141242,2.654067,-2.4112031,421.45532,0.043901592
figure_eight_depth,smc,36.2,-0.90792257,0.70471454,-0.39227244,-0.008393019,-0.00800777,2.6483424,0.5729738,0.0083995275,0.007452265,-0.03753813,-0.06127355,0.13977847,-0.6045991148623747,0.481581283398829,-0.36305789749760353,0.0,0.0,2.8159942706893837,-0.0834124178082929,0.028161217555722207,-0.004175167593434281,0.0,0.0,0.0,0.3776864497571427,0.6567865501606439,-0.1676518997024452,-2.656506112834344,12.461301,-7.255412,-1.6808348,6.8867235,2.621909,-1.5540661,267.46674,0.027861118
figure_eight_depth,smc,36.300000000000004,-0.9565701,0.72187805,-0.39130828,-0.01135909,-0.014203793,2.662944,0.50981504,0.07911619,0.0062237117,-0.028491436,-0.063183516,0.14548789,-0.6129070536529766,0.4842915805643156,-0.36347866029311365,0.0,0.0,2.8366724103667766,-0.082744839251081,0.02604274389411687,-0.004240069087141363,0.0,0.0,0.0,0.4187195967199361,0.595023939363024,-0.17372833192134207,-2.685662325147369,4.461301,-15.255412,-9.680835,-1.1132765,2.7612689,-0.81888264,355.8839,0.037071247
figure_eight_depth,smc,36.4,-0.9946265,0.72507316,-0.39067176,-0.0137320785,-0.020428805,2.6780317,0.35256708,0.14689536,0.0030263558,-0.021586955,-0.0639597,0.15014324,-0.62114778027831,0.48678945143658003,-0.3639059074406297,0.0,0.0,2.858064792344242,-0.08206818678979655,0.023912847024437633,-0.004304854337222608,0.0,0.0,0.0,0.44382643745904227,0.4517590711421352,-0.18003310937610228,-2.7045093664581814,2.746906,-17.697737,-11.395229,-3.5556006,2.884502,-0.3100959,471.66547,0.049131814
figure_eight_depth,smc,36.5,-1.0223398,0.7151824,-0.39069363,-0.015636604,-0.025871264,2.6938515,0.20361352,0.21242534,-0.0014620164,-0.015813664,-0.05659134,0.15740398,-0.6293203910498373,0.48907380036690284,-0.36433962722695534,0.0,0.0,2.8801822204047767,-0.08138253462708356,0.02177246118972853,-0.004369521567543222,0.0,0.0,0.0,0.4541848912268559,0.3428989987097583,-0.18633074945751105,-2.718814109448879,2.7416027,-17.680677,-11.400533,-3.5385425,3.0548577,0.1056906,471.9595,0.049162447
figure_eight_depth,smc,36.6,-1.0416614,0.6941501,-0.39154062,-0.017040713,-0.030090256,2.7102187,0.082867876,0.27337298,-0.0063433186,-0.009807164,-0.044743076,0.16293758,-0.6374239897486896,0.4911436253643443,-0.3647798077614436,0.0,0.0,2.903033357980804,-0.08068795795224126,0.01962252523390884,-0.004434069005188057,0.0,0.0,0.0,0.4531397518856069,0.30189973206181153,-0.19281468999679507,-2.7276491240286305,2.9628673,-17.829151,-11.179269,-3.687016,3.9886158,0.14376895,481.15707,0.05012053
figure_eight_depth,smc,36.7,-1.0536363,0.66358304,-0.39292124,-0.017958751,-0.03301885,2.7271843,-0.019434305,0.32791588,-0.0076409653,-0.0040762005,-0.032171287,0.16905421,-0.6454576877239507,0.4929980185352525,-0.36522643697632273,0.0,0.0,2.9266243635169458,-0.0799845329337856,0.017463982190046856,-0.0044984948806281455,0.0,0.0,0.0,0.44325618033761977,0.31631722098197135,-0.1994400678626489,-2.7292491942830255,3.153477,-17.923733,-10.988659,-3.7815964,4.9985323,0.34659737,491.36118,0.05118345
figure_eight_depth,smc,36.800000000000004,-1.0588629,0.6249456,-0.3945399,-0.01841366,-0.0347292,2.7447455,-0.108206324,0.3748809,-0.0058901235,0.0012484099,-0.02025263,0.17518169,-0.6534206039901054,0.4946361664814941,-0.3656795026270271,0.0,0.0,2.95095850751797,-0.07927233670956824,0.015297778866357747,-0.004562797427554166,0.0,0.0,0.0,0.4268453360845187,0.3607477866452737,-0.20621301458278918,-2.723436986280042,3.3663414,-18.03244,-10.775794,-3.8903043,6.3316545,1.0428767,508.93076,0.053013623
figure_eight_depth,smc,36.9,-1.0579841,0.5797059,-0.39612886,-0.018588906,-0.03527725,2.7629223,-0.1834035,0.4139469,-0.0019057896,0.0045588864,-0.008824375,0.18152589,-0.6613118653236514,0.4960573506572389,-0.3661389922925331,0.0,0.0,2.976035777370242,-0.07855144738067033,0.013124865431285437,-0.004626974883070734,0.0,0.0,0.0,0.40650380536922803,0.41431830764915145,-0.21311349038293725,-2.710917771665533,3.5775392,-18.130005,-10.564596,-3.9878683,7.1920595,1.4862142,522.9443,0.054473355
figure_eight_depth,smc,37.0,-1.0516577,0.5292841,-0.39747977,-0.018486066,-0.034718715,2.7817116,-0.24550879,0.44512257,0.0034215106,0.0076553794,0.0020940513,0.18784764,-0.6691306063588579,0.49726094768413664,-0.3666048933756995,0.0,0.0,3.0018524778619025,-0.07782194400002274,0.010946194996391823,-0.004691025487724154,0.0,0.0,0.0,0.38510479255181124,0.4655038302798708,-0.22014089949276183,-2.692848980637131,3.813916,-18.243893,-10.328219,-4.1017575,7.8868628,2.0008051,537.08795,0.055946663
figure_eight_depth,smc,37.1,-1.040507,0.47496918,-0.3984589,-0.018115992,-0.033128116,2.801129,-0.29580253,0.4689971,0.009147557,0.010440919,0.012316101,0.19431922,-0.6768759696826606,0.49824642962475213,-0.36707719310361275,0.0,0.0,3.0284008372792193,-0.07708390656635533,0.008762723198579847,-0.004754947485585692,0.0,0.0,0.0,0.3657241285356206,0.5097516952616715,-0.2272717345723101,-2.6706014054761478,4.0519767,-18.353226,-10.090158,-4.2110896,7.9236574,3.0453262,544.8623,0.056756493
figure_eight_depth,smc,37.2,-1.0250928,0.41789025,-0.3993354,-0.017495902,-0.03061508,2.8211823,-0.3359997,0.48643193,0.011178946,0.012842939,0.021495571,0.20084509,-0.6845471059286887,0.49901336421413583,-0.36755587852793714,0.0,0.0,3.0556686308613505,-0.07633741601376087,0.0065754077808455325,-0.0048187391241405475,0.0,0.0,0.0,0.35151428927071204,0.5458412817650063,-0.23448637988478804,-2.6454405870971485,4.2989593,-18.468615,-9.843177,-4.326479,8.090107,3.8109245,555.15027,0.057828154
figure_eight_depth,smc,37.300000000000004,-1.0058875,0.35898978,-0.4002272,-0.016648678,-0.0273244,2.8418808,-0.36789003,0.49842247,0.01106594,0.014808136,0.029282244,0.2074327,-0.692143173870407,0.49956141504942914,-0.36804093652527003,0.0,0.0,3.0836388352004165,-0.07558255420320181,0.0043852081719197855,-0.004882398654482145,0.0,0.0,0.0,0.3452996499164838,0.5742567628765467,-0.24175803686057273,-2.6161703958624485,2.1819053,-16.229122,-7.3490005,-6.6982174,6.1361756,2.2576134,409.76852,0.042684216
figure_eight_depth,smc,37.4,-0.9825666,0.30131721,-0.40114564,-0.014808848,-0.023419162,2.863193,-0.39319277,0.48206937,0.009585498,0.024221007,0.03550026,0.2136628,-0.6996633405133652,0.4998903417374228,-0.36853235379750127,0.0,0.0,3.1122893286214133,-0.07481940391390607,0.002193085065743672,-0.004945924331450913,0.0,0.0,0.0,0.34717310431885745,0.5760677157248104,-0.24909629349568085,-2.5788528357811815,-5.514986,-8.422557,0.556467,-14.49401,0.53421116,-4.038329,328.33398,0.03420146
figure_eight_depth,smc,37.5,-0.95341796,0.2526788,-0.40168172,-0.010144799,-0.019080926,2.8850899,-0.41394228,0.38744423,0.010072187,0.051768083,0.04013595,0.21952718,-0.7071067811865475,0.5000000000000001,-0.3690301168721783,0.0,0.0,-3.1415926535886687,-0.07404804883370808,-8.326672684688674e-14,-0.005009314413412236,0.0,0.0,0.0,0.3505753738763151,0.5156244447908969,-0.25650277932333965,-2.53975571539197,-9.293866,-4.54411,4.8482695,-18.686245,1.0426135,-3.9943898,496.74854,0.05174464
figure_eight_depth,smc,37.6,-0.9184273,0.21543245,-0.40169722,-0.0044072107,-0.014500149,2.9077563,-0.4328764,0.27141067,0.010859566,0.061700568,0.043506406,0.22707519,-0.7144726796328031,0.49989034173742275,-0.36953421210287485,0.0,0.0,-3.1116694496972546,-0.07326857355066663,-0.0021930850657714274,-0.005072567162450747,0.0,0.0,0.0,0.3514942866371238,0.4521400716889732,-0.2637595288995682,-2.5031676217337724,-9.179719,-4.5680337,4.9624166,-18.710169,3.144388,-1.2302938,491.23093,0.05116989
figure_eight_depth,smc,37.7,-0.87862533,0.1878938,-0.40151846,0.00035888967,-0.00981432,2.9311094,-0.45092425,0.17562792,0.009100759,0.051047113,0.045828722,0.23371027,-0.721760228098362,0.49956141504942914,-0.37004462566956553,0.0,0.0,-3.081164879691127,-0.07248106354285078,-0.00438520817189203,-0.005135680844536861,0.0,0.0,0.0,0.3503340839537979,0.41931687894672776,-0.2709109990826984,-2.471420334429422,-8.960603,-4.705864,5.181533,-18.848,2.6097586,-1.3103367,493.0608,0.0513605
figure_eight_depth,smc,37.800000000000004,-0.8347753,0.16911454,-0.40134645,0.0041052992,-0.005102276,2.9551156,-0.46801877,0.0920332,0.0062805004,0.039820105,0.047206596,0.24003382,-0.7289686274214117,0.49901336421413583,-0.3705613435790047,0.0,0.0,-3.0501229733304673,-0.0716856051694581,-0.006575407780901044,-0.00519865372927697,0.0,0.0,0.0,0.3478160597551659,0.40857729528152703,-0.2779467771322006,-2.439898433018601,-8.715466,-4.878771,5.42667,-19.020906,2.2653677,-2.2695453,501.28812,0.052217517
figure_eight_depth,smc,37.9,-0.7874929,0.15852545,-0.4009853,0.0070821773,-0.0004200809,2.9797626,-0.48423487,0.01641909,0.0060148705,0.031026335,0.047833372,0.24627285,-0.736097087119734,0.49824642962475224,-0.37108435166510967,0.0,0.0,-3.0185931142682376,-0.07088228566182186,-0.008762723198635358,-0.005261484090385293,0.0,0.0,0.0,0.3448853954574155,0.4142724205812952,-0.28482963874264766,-2.413103682989879,-8.479711,-5.049776,5.662425,-19.191912,1.430159,-2.481761,506.00275,0.052708615
figure_eight_depth,smc,38.0,-0.73730916,0.1557935,-0.40065256,0.009512533,0.004196811,3.0050306,-0.49968037,-0.053869247,0.0039189365,0.024409708,0.047957275,0.25234726,-0.743144825477394,0.4972609476841367,-0.37161363558934973,0.0,0.0,-2.9866297494408407,-0.07007119311269738,-0.010946194996391823,-0.005324170205184275,0.0,0.0,0.0,0.3427496605949739,0.4318470428254322,-0.29152492571970284,-2.3877866789723643,-8.246276,-5.2239184,5.8958597,-19.366055,0.84380317,-2.6073964,512.60614,0.053396467
figure_eight_depth,smc,38.1,-0.6846987,0.16075261,-0.40048927,0.011561684,0.008723261,3.030903,-0.51445764,-0.12075175,0.00062256394,0.01940569,0.047723517,0.25828013,-0.7501110696304595,0.49605735065723894,-0.3721491808411387,0.0,0.0,-2.9542919680564155,-0.06925241646765778,-0.013124865431229926,-0.005386710355187452,0.0,0.0,0.0,0.34279907847460844,0.4580691565280059,-0.2979902381557642,-2.364296270009333,-8.0245905,-5.390672,6.117545,-19.532808,0.94830436,-3.1408148,523.1724,0.05449712
figure_eight_depth,smc,38.2,-0.6301023,0.17335308,-0.4002543,0.013344988,0.013138192,3.0573564,-0.5287049,-0.18555647,-0.00011710035,0.01552548,0.047204617,0.26399472,-0.7569950556517563,0.49463616648149417,-0.3726909727382328,0.0,0.0,-2.921642952867449,-0.06842604551471343,-0.015297778866329992,-0.005449102825821894,0.0,0.0,0.0,0.3465318731102732,0.4907882024117716,-0.3041859967376743,-2.343884468704647,-7.8093963,-5.554538,6.3327394,-19.696674,0.5567623,-2.9668145,529.0141,0.055105638
figure_eight_depth,smc,38.300000000000004,-0.5739598,0.19344577,-0.40011996,0.014884543,0.017432304,3.0843701,-0.54249895,-0.24750607,-0.0024817802,0.011846528,0.04654186,0.269517,-0.7637960286346421,0.4929980185352525,-0.37323899642713376,0.0,0.0,-2.888749312538939,-0.0675921708748195,-0.017463982190046856,-0.005511345906511478,0.0,0.0,0.0,0.35565702292277934,0.5276978153868721,-0.3100658583796608,-2.3279296169300343,-7.611797,-5.7032776,6.530339,-19.845413,0.68944305,-3.4094784,539.0525,0.05615129
figure_eight_depth,smc,38.400000000000006,-0.51670694,0.22076403,-0.39985874,0.016185619,0.021597458,3.1119127,-0.55592954,-0.30555066,-0.0025320007,0.008209706,0.045745738,0.2747331,-0.7705132427757894,0.4911436253643443,-0.3737932368834951,0.0,0.0,-2.855680310006781,-0.06675088399171747,-0.019622525233881083,-0.005573437890898925,0.0,0.0,0.0,0.3717555324138181,0.5666214876843106,-0.3155922698168488,-2.318381550329254,-7.4206877,-5.8477507,6.721448,-19.989885,0.14572662,-3.3331504,545.16724,0.056788255
figure_eight_depth,smc,38.5,-0.4587536,0.2549405,-0.3996524,0.017262254,0.025633702,3.1399555,-0.5690478,-0.35893077,-0.0044191363,0.004710297,0.044894792,0.27967238,-0.7771459614569706,0.4890738003669029,-0.3743536789125348,0.0,0.0,-2.822507007400937,-0.06590227712194308,-0.02177246118972853,-0.0056353770766515154,0.0,0.0,0.0,0.3960203624656804,0.6056670934025296,-0.32072277914876707,-2.2896654442515896,-2.7697763,-1.4976969,11.372359,-15.6398325,-0.38549948,-3.390881,395.49637,0.041197535
figure_eight_depth,smc,38.6,-0.40661284,0.29555658,-0.39977473,0.018138476,0.029748851,-3.1147218,-0.52053934,-0.40720475,-0.007542162,0.0014553731,0.046064615,0.28423336,-0.7836934573258396,0.48678945143658015,-0.37492030714945157,0.0,0.0,-2.7893013528984243,-0.06504644332483434,-0.02391284702446539,-0.00569716176571089,0.0,0.0,0.0,0.4235298629915703,0.5953065317519902,-0.32542042215650735,-2.271596075807534,5.2302237,6.502303,19.372358,-7.6398325,-0.74647546,-4.396301,523.1752,0.05449741
figure_eight_depth,smc,38.7,-0.36995676,0.34164962,-0.40030688,0.01897518,0.033895086,-3.0859287,-0.3784865,-0.4511421,-0.008405756,-0.00019733499,0.046675578,0.28700486,-0.7901550123756904,0.4842915805643156,-0.3754931060598461,0.0,0.0,-2.7561352382280493,-0.06418347645215094,-0.026042743894172382,-0.005758790264209779,0.0,0.0,0.0,0.44444237171798995,0.5286803103653821,-0.32979344028452395,-2.271900628661414,7.41928,7.6303926,21.561417,-6.511743,-0.7943689,-5.020587,646.4034,0.06733369
figure_eight_depth,smc,38.800000000000004,-0.3478137,0.39212805,-0.40115586,0.019684277,0.037313674,-3.056449,-0.24874078,-0.49191567,-0.007596467,-0.0028992833,0.039769992,0.29392627,-0.7965299180241965,0.481581283398829,-0.3760720599401468,0.0,0.0,-2.7230795573741386,-0.06331347113808228,-0.028161217555666695,-0.005820260882527517,0.0,0.0,0.0,0.45823282957293915,0.4994543380200871,-0.3333693790882637,-2.2874707536217027,6.9590764,8.055895,21.101212,-6.086241,-1.088374,-5.805881,630.52246,0.06567942
figure_eight_depth,smc,38.900000000000006,-0.3378357,0.4460946,-0.40217903,0.020300522,0.039641578,-3.0269852,-0.14482918,-0.5294308,-0.005225738,-0.0048290296,0.029069863,0.29391783,-0.8028174751911148,0.47865974876603345,-0.3766571529180406,0.0,0.0,-2.69020329689565,-0.0624365227883672,-0.03026733877647958,-0.005881571935484331,0.0,0.0,0.0,0.4668189231323072,0.5059181241622085,-0.336781871561381,-2.313792568027943,7.617565,7.301471,21.7597,-6.8406644,-1.2924829,-6.3691616,673.8548,0.0701932
figure_eight_depth,smc,39.0,-0.33850804,0.5027163,-0.4032614,0.02073663,0.04080815,-2.996841,-0.057596814,-0.56342137,-0.001679998,-0.007585449,0.017777527,0.30090657,-0.8090169943749473,0.4755282581475768,-0.37724836895290803,0.0,0.0,-2.6575726864299996,-0.06155272757035757,-0.03236018374211391,-0.005942721742174806,0.0,0.0,0.0,0.472011168966604,0.5310930258704576,-0.33926826739690474,-2.3485409151338263,6.8923993,7.9072256,21.034534,-6.23491,-2.1939232,-6.524686,638.7399,0.066535406
figure_eight_depth,smc,39.1,-0.34844208,0.56128347,-0.4046266,0.021044014,0.040847737,-2.9669337,0.014365623,-0.5940197,-0.0007600218,-0.00912733,0.006591908,0.29875013,-0.8151277957285543,0.4721881851187405,-0.3778456918362628,0.0,0.0,-2.625250434365293,-0.060662182402138054,-0.03443883446160867,-0.006003708626162174,0.0,0.0,0.0,0.47586841309481354,0.5646126328805328,-0.34168329289911137,-2.388829264412526,7.7540317,6.9112263,21.896168,-7.2309093,-2.728347,-6.6193094,690.8774,0.07196639
figure_eight_depth,smc,39.2,-0.36620247,0.6212145,-0.40634897,0.02113272,0.039749276,-2.9362614,0.0714025,-0.62121904,-0.0012480435,-0.011638461,-0.0045333076,0.30663198,-0.8211492091337043,0.4686409947459456,-0.3784491051921963,0.0,0.0,-2.5932950688631524,-0.059764984941979016,-0.0365023791701613,-0.0060645309154228055,0.0,0.0,0.0,0.4806595594006789,0.5992676190688054,-0.34296634661841496,-2.4335322215338127,6.6065927,7.9081926,20.748728,-6.233943,-2.8400583,-7.4467235,639.07794,0.06657062
figure_eight_depth,smc,39.300000000000004,-0.39046863,0.6820754,-0.40809152,0.021080287,0.037585963,-2.906175,0.11407694,-0.645429,0.00073645526,-0.012480311,-0.015275735,0.30101654,-0.8270805742745616,0.46488824294412584,-0.3790585924778266,0.0,0.0,-2.5617603986612703,-0.058861233577789385,-0.03854991272869701,-0.006125186942512739,0.0,0.0,0.0,0.4885111625965966,0.631076017405406,-0.34441449948631275,-2.480463512005526,7.935112,6.4180007,22.077248,-7.724135,-2.7893999,-7.920109,721.7328,0.07518049
figure_eight_depth,smc,39.400000000000006,-0.42006913,0.74351525,-0.4095976,0.020774456,0.03441569,-2.8750591,0.14499609,-0.6665495,0.004431865,-0.014750718,-0.025141506,0.3115368,-0.8329212407100994,0.46093157579425026,-0.3796741369837519,0.0,0.0,-2.530695101941046,-0.05795102741595892,-0.04058053702149511,-0.006185675044456662,0.0,0.0,0.0,0.5011943888046329,0.6581317593773913,-0.3443640258665712,-2.5301789725484234,5.997465,8.187926,20.1396,-5.95421,-3.554263,-7.987018,620.49316,0.0646347
figure_eight_depth,smc,39.5,-0.4540326,0.80527806,-0.41103786,0.020349372,0.030441616,-2.845134,0.16536362,-0.68530834,0.0055192835,-0.014547766,-0.033519488,0.29983574,-0.8386705679454236,0.45677272882130077,-0.38029572183450855,0.0,0.0,-2.5001424455529424,-0.057034466270977635,-0.04259336134959657,-0.006245993563080976,0.0,0.0,0.0,0.5199494335687044,0.6802072278393748,-0.34499157429874217,-2.5806155991646484,8.361705,5.6672087,22.503841,-8.474927,-3.8662927,-7.8382916,756.66974,0.07881976
figure_eight_depth,smc,39.6,-0.49157435,0.8671454,-0.41250297,0.019630542,0.02576863,-2.8135283,0.17866756,-0.7014003,0.0050557023,-0.016808117,-0.040292036,0.31679678,-0.8443279255020147,0.45241352623301,-0.38092332998903405,0.0,0.0,-2.4701401312640896,-0.05611165065405599,-0.044587502821630265,-0.006306140844597463,0.0,0.0,0.0,0.5453759291018799,0.6976054713096371,-0.34338816806757544,-2.6336048796023674,4.8350167,9.051121,18.977152,-5.0910153,-3.9171638,-8.56645,580.07916,0.060424913
figure_eight_depth,smc,39.7,-0.5321321,0.92897004,-0.41370326,0.018878663,0.020667715,-2.7842886,0.184989,-0.7159594,0.0068161525,-0.015052617,-0.045261692,0.29324445,-0.8498926929868638,0.44785588011970656,-0.3815569442411336,0.0,0.0,-2.440720261007903,-0.055182681762300234,-0.04656208674128082,-0.006366115240075132,0.0,0.0,0.0,0.5774738270482038,0.7113009308841898,-0.34356838378274634,-2.685778498066873,9.504402,4.2533455,23.646538,-9.88879,-3.616754,-8.709045,854.2999,0.08898958
figure_eight_depth,smc,39.800000000000004,-0.5752478,0.99059683,-0.41445827,0.0177446,0.015179692,-2.751837,0.18850303,-0.7280828,0.010090941,-0.018047122,-0.048745714,0.3254241,-0.8553642601605066,0.4431017896156074,-0.3821965472199526,0.0,0.0,-2.411909409377428,-0.054247661467665687,-0.04851624699081514,-0.0064259151053014385,0.0,0.0,0.0,0.6158383366918859,0.7218111738542844,-0.33992760577454945,-2.741656706179368,2.3767107,11.2647,16.518847,-2.8774357,-4.4417443,-8.73792,509.77448,0.053101514
figure_eight_depth,smc,39.900000000000006,-0.62062454,1.0519357,-0.41501862,0.01679477,0.009637611,-2.7243693,0.18673472,-0.73973304,0.010358003,-0.013667669,-0.050538883,0.27558455,-0.8607420270039438,0.4381533400219317,-0.38284212139045215,0.0,0.0,-2.383728788998361,-0.05330669230557694,-0.05044912641094523,-0.006485538800782287,0.0,0.0,0.0,0.6598639900869441,0.73007937857707,-0.3406404984924838,-2.793592461446888,10.376711,3.2647,22.78398,-9.23982,-0.9373881,-4.7089834,745.87164,0.07769496
figure_eight_depth,smc,40.0,-0.6676272,1.1119795,-0.41552496,0.0139443325,0.003978095,-2.6928697,0.18643518,-0.7393476,0.009151056,-0.031540122,-0.05129738,0.3158876,-0.8660254037844384,0.4330127018922196,-0.3834936490538903,0.0,0.0,-2.356194492933718,-0.05235987746399218,-0.05235987717691626,-0.006544984691991829,0.0,0.0,0.0,0.7080845556687975,0.7274761467030662,-0.3366751703048072,-2.8286100182171916,18.036655,-4.57942,14.78398,-1.2398194,6.8134665,3.2910166,623.6495,0.064963475
figure_eight_depth,smc,40.1,-0.7126152,1.1635321,-0.4158869,0.0068672462,-0.0016158976,-2.65911,0.18171252,-0.6596307,0.006301728,-0.07211385,-0.051227108,0.338342,-0.8712138111201894,0.42768213008025346,-0.384151112348307,0.0,0.0,-2.3293177977696113,-0.05140732077202337,-0.05424766117043123,-0.006604251149122664,0.0,0.0,0.0,0.7534161643784928,0.6488451809157149,-0.32979227150529095,-2.864450456656947,12.259752,1.1207415,6.78398,6.7601805,2.9557028,-1.0524042,253.12375,0.026367059
figure_eight_depth,smc,40.2,-0.75572765,1.2074128,-0.41594777,-0.00025357952,-0.006843337,-2.6309564,0.17831053,-0.58874124,0.0031463993,-0.07075333,-0.050339796,0.28188804,-0.8763066800438636,0.42216396275100754,-0.38481449324901407,0.0,0.0,-2.303105511402119,-0.05044912668761281,-0.05611165034638543,-0.006663336547307885,0.0,0.0,0.0,0.7950625012901966,0.5797598585277632,-0.3278508999595755,-2.8958767946270116,20.259752,-6.8792586,8.915,4.403135,2.1542878,-2.5266418,567.6714,0.05913244
figure_eight_depth,smc,40.300000000000004,-0.7959152,1.2423228,-0.4155686,-0.006658442,-0.011726103,-2.601256,0.18001479,-0.5009767,0.0024330695,-0.062016126,-0.048902974,0.29698667,-0.8813034520649924,0.4164606203550496,-0.38548377356908886,0.0,0.0,-2.277560350575492,-0.049485400288096226,-0.05795102709824085,-0.006722239266815366,0.0,0.0,0.0,0.8308096027798738,0.49902493650485685,-0.3236955431317834,-2.91839876132334,19.276123,-6.009384,5.133988,8.132751,1.9433303,-3.1154127,513.6634,0.05350661
figure_eight_depth,smc,40.400000000000006,-0.83284414,1.2682198,-0.4147571,-0.011588351,-0.016230805,-2.5729425,0.18354124,-0.41207752,0.0032194615,-0.045979135,-0.046931103,0.28280646,-0.886203579231215,0.41057460456685174,-0.38615893495987336,0.0,0.0,-2.252681334730263,-0.048516247256880085,-0.05976498461429669,-0.0067809576927702064,0.0,0.0,0.0,0.8597792829960704,0.4219891052935071,-0.32026116061580634,-2.9329640044084413,21.536882,-8.30993,7.3947463,5.832206,2.150428,-2.0525746,630.4265,0.065669425
figure_eight_depth,smc,40.5,-0.8667951,1.2859472,-0.4139193,-0.015526986,-0.02034745,-2.5432484,0.19073047,-0.33223948,0.001433104,-0.034566958,-0.04460421,0.2964051,-0.8910065241883678,0.40450849718747384,-0.38683995891147693,0.0,0.0,-2.2284641844984177,-0.04754177387233938,-0.061552727232877524,-0.006839490215293509,0.0,0.0,0.0,0.8821868713015748,0.36071237057173544,-0.3147842304948684,-2.9421915511810637,17.55818,-4.3616004,3.416044,9.780535,2.2533994,-1.3713768,441.5999,0.045999993
figure_eight_depth,smc,40.6,-0.8979321,1.296031,-0.41331223,-0.018285677,-0.02412556,-2.5165603,0.20055807,-0.25870636,-0.00202646,-0.022156928,-0.04191938,0.26620787,-0.8957117602394129,0.3982649590120981,-0.387526826753284,0.0,0.0,-2.2049017151559154,-0.04656208699660436,-0.06331347079091554,-0.006897835229724425,0.0,0.0,0.0,0.8981390081594909,0.3150721854789658,-0.31165860092990005,-2.9436593106964177,23.149874,-9.974643,9.007738,4.1674924,2.8650415,-0.35676616,742.2532,0.07731804
figure_eight_depth,smc,40.7,-0.9262665,1.2987845,-0.41310117,-0.020865249,-0.02750911,-2.4862745,0.21365327,-0.18803272,-0.006483394,-0.018489804,-0.0393659,0.30210087,-0.9003187714021936,0.3918467286629197,-0.3882195196544657,0.0,0.0,-2.181984217217816,-0.045577294063348095,-0.06504644296811968,-0.006955991136536888,0.0,0.0,0.0,0.9076499828915675,0.28692565295194217,-0.30429026360188605,-2.942134092466736,15.149874,-1.9746432,1.0077385,12.167493,2.4953997,-0.41401222,388.87976,0.040508308
figure_eight_depth,smc,40.800000000000004,-0.95174766,1.2944531,-0.4133909,-0.02231918,-0.03066897,-2.4615571,0.22825815,-0.12072617,-0.011700713,-0.0077406354,-0.036746755,0.24636747,-0.9048270524660194,0.38525662138789485,-0.38891801862449615,0.0,0.0,-2.15969981825065,-0.04458750306612913,-0.06675088362567694,-0.007013956341367367,0.0,0.0,0.0,0.9107352974593541,0.2781726914074071,-0.3018573316364348,-2.9336034321095874,23.149874,-9.974643,9.007738,4.1674924,3.9252899,0.21974196,749.37366,0.078059755
figure_eight_depth,smc,40.900000000000006,-0.97417307,1.2832707,-0.41390365,-0.024105757,-0.03349907,-2.4325454,0.2444142,-0.053771254,-0.013831597,-0.008969614,-0.034765508,0.2892754,-0.9092361090470685,0.3784975278258783,-0.3896223045136734,0.0,0.0,-2.138034821617691,-0.043592822546734133,-0.06842604513954131,-0.007071729255014869,0.0,0.0,0.0,0.9074254327097705,0.2884588378253031,-0.29451060188999945,-2.922488666963545,15.149874,-1.9746432,1.0077385,12.167493,3.510987,-0.8651776,395.5569,0.041203845
figure_eight_depth,smc,41.0,-0.99347967,1.2655813,-0.4144013,-0.024874182,-0.036211625,-2.4086058,0.26139775,0.008880458,-0.013528942,0.00033382425,-0.032884713,0.23853903,-0.9135454576426005,0.3715724127386976,-0.3903323580136439,0.0,0.0,-2.116974019341359,-0.04259336158313198,-0.0700711927285047,-0.007129308293635228,0.0,0.0,0.0,0.8978978746074117,0.31414155068576577,-0.29163179463874345,-2.9044264414330305,23.149874,-9.974643,9.007738,4.1674924,4.8814325,0.02360533,757.7464,0.07893192
figure_eight_depth,smc,41.1,-1.0095838,1.2418133,-0.41472286,-0.0260728,-0.03866771,-2.3801167,0.27841341,0.06919725,-0.0115864985,-0.001672018,-0.031634334,0.28400657,-0.9177546256839809,0.36448431371070616,-0.3910481596579324,0.0,0.0,-2.096500977525503,-0.04158922977742785,-0.0716856047764669,-0.0071866918786855916,0.0,0.0,0.0,0.8824393736178656,0.3496698877198864,-0.2836157236005956,-2.883420121114562,15.149874,-1.9746432,1.0077385,12.167493,4.226543,-0.89666003,401.149,0.041786354
figure_eight_depth,smc,41.2,-1.0225399,1.2124373,-0.4147743,-0.026232088,-0.04109275,-2.3565047,0.2962282,0.123502895,-0.008758158,0.007535068,-0.030393172,0.23523128,-0.9218631515885004,0.3572363398164019,-0.39176968982247506,0.0,0.0,-2.076598293795815,-0.040580537244039316,-0.07326857314893243,-0.007243878436952178,0.0,0.0,0.0,0.861413747845457,0.3900787477305316,-0.2799063849303814,-2.855515211975516,22.932201,-9.874375,8.790065,4.2677603,5.542934,1.3186967,751.3313,0.07826367
figure_eight_depth,smc,41.300000000000004,-1.032317,1.1780148,-0.4148604,-0.027073175,-0.04332473,-2.328381,0.31218615,0.17466584,-0.009119466,0.0031425992,-0.029682444,0.28031543,-0.9258705848099947,0.34983167025668277,-0.3924969287261581,0.0,0.0,-2.057247827017996,-0.03956739459742842,-0.0748194035036509,-0.007300866400578032,0.0,0.0,0.0,0.8352952743368454,0.4312502181274484,-0.27113323453595894,-2.825066385765957,14.9322,-1.8743756,0.7900652,12.26776,4.173181,0.50290525,395.27438,0.041174415
figure_eight_depth,smc,41.400000000000006,-1.0390733,1.1390321,-0.4151356,-0.0268984,-0.04558106,-2.3051524,0.32920715,0.21917245,-0.011097408,0.011808378,-0.028837105,0.2313738,-0.9297764858882515,0.3422735529643442,-0.39322985643135955,0.0,0.0,-2.0384309001854275,-0.03854991294011123,-0.07633741559520679,-0.007357654207312825,0.0,0.0,0.0,0.8045184200526382,0.47178949129886083,-0.26672151604382055,-2.789233367848296,21.015474,-7.967646,6.873339,6.1744895,5.6723123,2.3970914,628.4218,0.06546061
figure_eight_depth,smc,41.5,-1.0428919,1.0959898,-0.41569287,-0.027257368,-0.047718715,-2.2791522,0.344462,0.26056617,-0.014287528,0.008257359,-0.028354308,0.2590621,-0.9335804264972015,0.33456530317942945,-0.393968452844496,0.0,0.0,-2.020128477802963,-0.03752820385038991,-0.07782194357330852,-0.0074142403002352975,0.0,0.0,0.0,0.7695376790778015,0.5103628927169004,-0.25902367711952223,-2.7518389926448137,13.762852,-0.71511185,-0.37928426,13.427024,5.5382347,1.5658348,403.48022,0.042029187
figure_eight_depth,smc,41.6,-1.04393,1.0493314,-0.4162458,-0.026847485,-0.04992736,-2.2584002,0.36041868,0.29617822,-0.014680677,0.013997616,-0.02772757,0.2066041,-0.9372819894918915,0.3267103019950529,-0.3947126977165739,0.0,0.0,-2.002321319407067,-0.03650237937047329,-0.07927233627522123,-0.007470623128003062,0.0,0.0,0.0,0.7307658813520289,0.5464077521560792,-0.25607888239041854,-2.7091190204537074,21.762852,-8.715112,7.6207156,5.427024,6.8780713,2.4065826,690.2023,0.07189607
figure_eight_depth,smc,41.7,-1.0423,0.99950165,-0.4165956,-0.027164534,-0.052005168,-2.2333958,0.37408164,0.32933724,-0.013358915,0.009308363,-0.027474448,0.24908443,-0.9408807689542255,0.3187119948743448,-0.3954625706437441,0.0,0.0,-1.9849901110349135,-0.0354725519929322,-0.08068795750978963,-0.007526801144852602,0.0,0.0,0.0,0.6886269028423575,0.5795595852887966,-0.24840570386071636,-2.665568096957294,13.762852,-0.71511185,-0.37928426,13.427024,5.9536176,2.1591306,410.4637,0.042756636
figure_eight_depth,smc,41.800000000000004,-1.0381687,0.94682366,-0.41694868,-0.026713226,-0.05415029,-2.2133007,0.38918605,0.35714406,-0.014098346,0.014958887,-0.026894022,0.20002338,-0.9443763702374811,0.310573890139155,-0.39621805106786145,0.0,0.0,-1.9681155765737637,-0.03443883465042985,-0.08206818633987867,-0.0075827728106825365,0.0,0.0,0.0,0.6434598039843619,0.6102523205501502,-0.245185128382291,-2.6175553676634196,21.762852,-8.715112,7.6207156,5.427024,6.6711674,3.366155,692.93823,0.07218107
figure_eight_depth,smc,41.900000000000006,-1.0316439,0.89164984,-0.4174378,-0.026989257,-0.056158315,-2.1887674,0.40176845,0.3834159,-0.01644026,0.010518129,-0.026616352,0.2443509,-0.9477684100095859,0.302299557431187,-0.39697911827704846,0.0,0.0,-1.9516785709054778,-0.03340134070167755,-0.08341241735093652,-0.007638536590914846,0.0,0.0,0.0,0.5956403343644456,0.6382624057154399,-0.2370888622610261,-2.5695326936360816,13.762852,-0.71511185,-0.37928426,13.427024,6.0136666,3.0838854,416.03085,0.043336544
figure_eight_depth,smc,42.0,-1.0228391,0.83421206,-0.41814786,-0.026544483,-0.05822629,-2.168984,0.4160802,0.40522528,-0.01957451,0.015551897,-0.026002552,0.19689165,-0.9510565162951535,0.2938926261462367,-0.3977457514062631,0.0,0.0,-1.935660156736326,-0.03236018391955531,-0.08472006091900242,-0.0076940909568556926,0.0,0.0,0.0,0.5454485097293309,0.6642938825025392,-0.23332377957348835,-2.517937606367145,21.23771,-8.189929,7.0955763,5.9522066,7.134859,3.5003016,667.0496,0.06948434
figure_eight_depth,smc,42.1,-1.0118166,0.7748072,-0.41879827,-0.026774393,-0.06016664,-2.1451874,0.42771894,0.4263053,-0.020140149,0.011549013,-0.025701927,0.2369652,-0.9542403285162769,0.2853567838422158,-0.398517929437871,0.0,0.0,-1.9200416669410796,-0.031315478478510794,-0.0859905434683339,-0.007749434385362353,0.0,0.0,0.0,0.4932423804429285,0.6879775794926292,-0.22514571098860792,-2.467046276876977,13.237712,-0.18992913,-0.9044239,13.952207,7.067914,2.8851736,429.03476,0.044691127
figure_eight_depth,smc,42.2,-0.9986319,0.7136129,-0.41918087,-0.026301388,-0.062173847,-2.126408,0.44107482,0.44382694,-0.018527938,0.01602209,-0.025083225,0.18684836,-0.9573194975320674,0.2766957746216718,-0.39929563120222133,0.0,0.0,-1.904804754119811,-0.03026733894240241,-0.08722330772323317,-0.007804565359259552,0.0,0.0,0.0,0.43931620005638355,0.7101357542421382,-0.22160334600836284,-2.413226870979872,20.893913,-7.8462396,6.751777,6.295896,7.829857,3.338783,655.798,0.068312295
figure_eight_depth,smc,42.300000000000004,-0.98334527,0.65087014,-0.4191838,-0.026520023,-0.06405208,-2.1036754,0.45154098,0.46139732,-0.016011013,0.011938348,-0.02474266,0.22631559,-0.960293685676943,0.2679133974894986,-0.4000788353782273,0.0,0.0,-1.889931428946496,-0.029215880251565185,-0.08841781295260143,-0.007859482367034154,0.0,0.0,0.0,0.3841252983642529,0.7304041918502208,-0.2137439365015021,-2.3608978194270662,12.893913,0.1537604,-1.2482226,14.295896,7.1352315,3.4796836,435.22705,0.045336146
figure_eight_depth,smc,42.400000000000006,-0.96600693,0.586685,-0.41908732,-0.026070816,-0.06598672,-2.0859551,0.4638849,0.47600985,-0.016170168,0.015834391,-0.024028776,0.17626232,-0.9631625667976581,0.2590135046865652,-0.4008675204939509,0.0,0.0,-1.8754040887741354,-0.02816121771015423,-0.08957353520702704,-0.007914183903112715,0.0,0.0,0.0,0.32818997790383725,0.7497080060033455,-0.21055105420071807,-2.3064530026183547,20.79844,-7.7505865,6.656305,6.391549,7.311332,4.236005,649.20435,0.06762544
figure_eight_depth,smc,42.5,-0.9466873,0.52123916,-0.41906723,-0.026346598,-0.06777579,-2.064098,0.47331735,0.49119967,-0.018278489,0.011654597,-0.023569888,0.2175562,-0.9659258262890681,0.25000000000000067,-0.40166166492719113,0.0,0.0,-1.8612055378154075,-0.027103466973821266,-0.09068996754844905,-0.007968668467833728,0.0,0.0,0.0,0.2724770782545599,0.7675433826513511,-0.20289234350173113,-2.2525514022206297,12.798441,0.24941328,3.3528516,9.695056,0.5281995,-2.125697,273.8956,0.02853079
figure_eight_depth,smc,42.6,-0.92762417,0.45579943,-0.41916993,-0.02373094,-0.06955839,-2.0448496,0.4849202,0.47851256,-0.02134746,0.039192375,-0.02287888,0.19150603,-0.968583161128631,0.24087683705085808,-0.4024612469060773,0.0,0.0,-1.8473190000757365,-0.026042744036947063,-0.09176662027279847,-0.008022934567530893,0.0,0.0,0.0,0.2194277573151965,0.7658191790944977,-0.19753063409479577,-2.202496753681412,4.7984405,8.2494135,11.352852,1.6950561,-4.5097218,-6.7934575,289.327,0.030138223
figure_eight_depth,smc,42.7,-0.9156764,0.39396805,-0.41928968,-0.017567739,-0.07135548,-2.0272717,0.4943067,0.38929608,-0.026408844,0.07384893,-0.022126684,0.17487636,-0.971134279909636,0.2316480175599311,-0.40326624450966564,0.0,0.0,-1.8337281261036162,-0.024979165219762844,-0.09280302112454897,-0.008076980714366577,0.0,0.0,0.0,0.17227918259248437,0.708811278589751,-0.19354362148549506,-2.1633373961807845,2.9392285,10.108639,17.081364,-4.033497,-1.2564149,-4.2257757,438.30148,0.0456564
figure_eight_depth,smc,42.800000000000004,-0.91259885,0.33648482,-0.41919407,-0.011356314,-0.073153175,-2.0087495,0.50120014,0.28157267,-0.029924162,0.07531973,-0.02121971,0.18440759,-0.9735789028731603,0.2223175895924638,-0.40407663566854,0.0,0.0,-1.8204169944944162,-0.023912847155582728,-0.09379871550409258,-0.008130805426775911,0.0,0.0,0.0,0.1303121650713073,0.6458500414341765,-0.18833249052145296,-2.1376902383843714,0.03562096,13.012168,14.177756,-1.1299682,0.15348159,-3.4351275,383.42703,0.039940316
figure_eight_depth,smc,42.900000000000006,-0.91695267,0.28243363,-0.4187851,-0.005897569,-0.07497499,-1.9922979,0.5069036,0.19015776,-0.030889656,0.06661161,-0.02008025,0.1638589,-0.9759167619387474,0.21288964578253616,-0.40489239816541756,0.0,0.0,-1.8073701089758707,-0.022843906778258205,-0.09475326666692763,-0.008184407228967183,0.0,0.0,0.0,0.09222872015251737,0.6019320795053869,-0.18492777882625333,-2.122508462363765,3.410299,9.637439,17.552435,-4.504697,0.6516145,-3.3342676,444.4326,0.046295065
figure_eight_depth,smc,43.0,-0.9279747,0.2312506,-0.4180122,-0.0020011875,-0.076764464,-1.9740903,0.5112676,0.1090112,-0.030011179,0.05260208,-0.018965213,0.18145451,-0.9781476007338056,0.20336832153790052,-0.40571350963575725,0.0,0.0,-1.7945723917864904,-0.021772461309133018,-0.09566625591533873,-0.008237784651532465,0.0,0.0,0.0,0.05870263283293873,0.5714006059434953,-0.1795179459668055,-2.120380154536183,-1.0970613,14.1449,13.045074,0.002764597,-0.15656127,-3.3491514,382.69702,0.039864276
figure_eight_depth,smc,43.1,-0.94527674,0.1824979,-0.41720188,0.0013094909,-0.07849018,-1.9589981,0.5154171,0.03225344,-0.03145183,0.04468093,-0.017558264,0.15044367,-0.9802711746217218,0.1937577932260517,-0.4065399475683734,0.0,0.0,-1.7820091739816744,-0.020698628244331108,-0.0965372827825689,-0.008290936231114543,0.0,0.0,0.0,0.03827626540185251,0.5518546460228648,-0.17698891008662399,-2.127511190299142,4.4847097,8.563203,18.626844,-5.578933,-0.46689022,-3.0826144,481.24536,0.05012973
figure_eight_depth,smc,43.2,-0.9687314,0.13587704,-0.41656783,0.0032475449,-0.08013492,-1.9408201,0.5191955,-0.04066791,-0.03442236,0.0336338,-0.016210074,0.18124118,-0.9822872507286887,0.184062276342339,-0.40737168930605266,0.0,0.0,-1.7696661832065135,-0.01962252534148945,-0.09736596520616703,-0.00834386051040692,0.0,0.0,0.0,0.050893484398738406,0.542420149738888,-0.17115391471676533,-2.1457190758990294,-2.6720922,15.720061,11.470043,1.5779258,-1.3038975,-3.4740787,402.08148,0.041883487
figure_eight_depth,smc,43.300000000000004,-0.9979224,0.09098529,-0.41624984,0.005226475,-0.081636064,-1.9273244,0.5226726,-0.10993327,-0.038427394,0.03059249,-0.014574474,0.13457184,-0.984195607969242,0.1742860236609074,-0.4082087120461751,0.0,0.0,-1.757529529398072,-0.018544270607767643,-0.09815193969982261,-0.008396556038570147,0.0,0.0,0.0,0.08480623358701606,0.542177411101283,-0.16979488485516292,-2.168568282046346,4.805981,7.7200613,18.948116,-6.4220743,-1.289075,-3.0809512,494.1249,0.05147135
figure_eight_depth,smc,43.400000000000006,-1.0322099,0.04772837,-0.4163704,0.0057585114,-0.08304707,-1.9098424,0.52319074,-0.1705634,-0.04312489,0.019576203,-0.013199256,0.17431,-0.985996037070505,0.16443332336929117,-0.4090509928413395,0.0,0.0,-1.7455856888120678,-0.01746398228574808,-0.09889486150881088,-0.008449021370926513,0.0,0.0,0.0,0.125735190731179,0.5464854257972227,-0.16425668312854505,-2.185277950152984,-3.194019,1.6453571,10.948116,-12.4967785,-2.5199716,-3.9532702,310.9183,0.032387324
figure_eight_depth,smc,43.5,-1.0676348,0.014611637,-0.41779307,0.005493735,-0.084645,-1.8902602,0.42747116,-0.22422412,-0.048567723,0.013595971,-0.014855311,0.19523567,-0.9876883405951377,0.15450849718747386,-0.4098985085999922,0.0,0.0,-1.7338214867207045,-0.016381778841279004,-0.09959440476300929,-0.008501255069126579,0.0,0.0,0.0,0.16132233315225772,0.4627562209332941,-0.15643873285327015,-2.208537550941914,-11.194019,7.313512,2.9481165,-6.828624,-3.1348207,-5.322898,272.27536,0.028362015
figure_eight_depth,smc,43.6,-1.1039113,-0.0094987275,-0.42019764,0.0057658083,-0.0857907,-1.8758336,0.33957365,-0.26897734,-0.051467128,0.014917544,-0.010667076,0.14381014,-0.9892723329629883,0.14451589847223575,-0.4107512360870609,0.0,0.0,-1.722224079051941,-0.015297778950207341,-0.1002502626196583,-0.008553255701093665,0.0,0.0,0.0,0.19222858218194205,0.3952773211736734,-0.15360955150988764,-2.2295662359686848,-12.897305,-0.68648815,1.2448314,-14.828624,-2.3248897,-5.369072,422.48148,0.044008482
figure_eight_depth,smc,43.7,-1.1390836,-0.020440705,-0.42371696,0.0055169254,-0.086395234,-1.8621942,0.20621306,-0.30292475,-0.051312152,0.009198196,-0.0052616643,0.13592538,-0.9907478404714436,0.13445991030763257,-0.4116091519245905,0.0,0.0,-1.7107809332151918,-0.014212101485222561,-0.10086214739782329,-0.008605021841218141,0.0,0.0,0.0,0.2148122537805305,0.3020603346631994,-0.15141324727339467,-2.252324347664403,-11.843437,-3.2452018,2.298698,-17.387337,-2.7787068,-6.747915,511.65744,0.05329765
figure_eight_depth,smc,43.800000000000004,-1.1730976,-0.019685846,-0.42797333,0.0047667227,-0.08611033,-1.8474321,0.086478636,-0.3282413,-0.048402924,0.0052357963,0.003660294,0.14705174,-0.9921147013144778,0.12434494358242773,-0.4124722325923851,0.0,0.0,-1.6994798083135036,-0.013124865503144623,-0.10142979070462688,-0.008656552070301915,0.0,0.0,0.0,0.2318188209047955,0.2508866021534953,-0.14795232822214088,-2.2592283028846722,-3.8434377,-11.245202,-5.701302,-9.387338,5.221293,1.2520853,290.68314,0.030279495
figure_eight_depth,smc,43.900000000000006,-1.1980394,-0.011243911,-0.4328215,0.00051748025,-0.08479092,-1.831848,-0.017209405,-0.2632142,-0.045922372,-0.029089497,0.013934017,0.15519874,-0.9933727656003964,0.114175435055328,-0.41334045442865214,0.0,0.0,-1.688308734895815,-0.01203619023176783,-0.10195294355291179,-0.00870784497569721,0.0,0.0,0.0,0.24082765714428217,0.16558042238731976,-0.14353929042614544,-2.2605103877417796,-2.4484382,-12.640467,-13.701302,-1.3873376,6.0943675,0.04640618,392.5701,0.040892716
figure_eight_depth,smc,44.0,-1.2111194,0.0025416235,-0.4374791,-0.005097606,-0.08230517,-1.8190606,-0.103013076,-0.16196743,-0.03790449,-0.045321185,0.024923503,0.12740304,-0.9945218953682733,0.10395584540888042,-0.41421379363065136,0.0,0.0,-1.6772559943814243,-0.010946195056371621,-0.10243137647060474,-0.00875889915108452,0.0,0.0,0.0,0.24029274662967803,0.11344742067231944,-0.14180456965971344,-2.256448126193078,2.3393683,-17.38288,-11.802768,-3.240744,3.328497,-3.4384065,480.3464,0.050036084
figure_eight_depth,smc,44.1,-1.2131157,0.020152338,-0.44167683,-0.010122048,-0.07861423,-1.8053813,-0.16869225,-0.06247955,-0.02852303,-0.038998418,0.036214,0.1365155,-0.99556196460308,0.09369065729286284,-0.4150922262553475,0.0,0.0,-1.6663100982769894,-0.0098549995073971,-0.10286487960118468,-0.00880971319686119,0.0,0.0,0.0,0.2311801239224573,0.16507228945042732,-0.13907119978819615,-2.248027306391082,0.30647048,-15.099954,-13.835665,-0.9578176,3.2991288,-3.957359,446.9905,0.04656151
figure_eight_depth,smc,44.2,-1.2057093,0.04036054,-0.44519392,-0.013719228,-0.07377226,-1.7931291,-0.21586438,0.025247011,-0.018020207,-0.026349777,0.04718086,0.12262712,-0.9964928592495043,0.08338437335805142,-0.41597572822006634,0.0,0.0,-1.6554597672421756,-0.008762723246624748,-0.10325326279584518,-0.008860285719891614,0.0,0.0,0.0,0.21558359820054226,0.24390022317768503,-0.13766931925227022,-2.2304343366775643,4.1234365,-15.655246,-10.018699,-1.5131099,4.2859807,-3.1301184,392.92053,0.040929224
figure_eight_depth,smc,44.300000000000004,-1.1904386,0.060018815,-0.4477611,-0.016570237,-0.06782643,-1.7798672,-0.22669569,0.10571355,-0.0075380043,-0.018735286,0.057638295,0.13306236,-0.9973144772244581,0.07304151428120588,-0.4168642753031553,0.0,0.0,-1.6446939100942102,-0.0076694860545734045,-0.10359635569689996,-0.008910615333701521,0.0,0.0,0.0,0.19601311551835995,0.3029603862570417,-0.13517326214700076,-2.1996370408308996,12.123437,-7.655246,-2.0186992,6.48689,4.588905,-2.649478,279.8132,0.029147208
figure_eight_depth,smc,44.400000000000006,-1.1701256,0.06823165,-0.44872156,-0.018731527,-0.060745154,-1.7657944,-0.12286922,0.1816578,0.0017300157,-0.0120751755,0.068476595,0.14155807,-0.9980267284282716,0.06266661678215195,-0.41775784314464715,0.0,0.0,-1.6340016027768862,-0.006575407816900025,-0.10389400781244534,-0.008960700658477982,0.0,0.0,0.0,0.17495069042882336,0.3085099371875355,-0.13179279362356544,-2.171101331183079,12.687699,0.34475437,-1.4544365,14.48689,4.7351665,-1.9283614,399.2223,0.041585654
figure_eight_depth,smc,44.5,-1.1454813,0.061655335,-0.448233,-0.019919543,-0.05337468,-1.7546833,0.017030621,0.25439778,0.008625165,-0.0051348647,0.07161449,0.11226699,-0.9986295347545738,0.05226423163382721,-0.41865640724692804,0.0,0.0,-1.6233720673453285,-0.005480608511687635,-0.10414608858244287,-0.009010540321124916,0.0,0.0,0.0,0.15009471417826514,0.35968246972295786,-0.13131118880396356,-2.143064202015559,17.612844,-3.237403,3.4707096,10.904733,4.6364584,-0.35701877,473.2763,0.049299616
figure_eight_depth,smc,44.6,-1.116184,0.042030454,-0.4471381,-0.021102825,-0.046419468,-1.7417499,0.13975492,0.32378438,0.009949601,-0.004932904,0.06696587,0.13051014,-0.9991228300988584,0.04183892166615799,-0.41955994297540944,0.0,0.0,-1.6127946509722488,-0.004385208195956114,-0.10435248743636757,-0.009060132955290845,0.0,0.0,0.0,0.12026598889980936,0.45214922883977376,-0.12895523172581025,-2.1126546488857136,14.200094,0.21650694,0.05795881,14.358643,3.725682,-0.26382643,421.81384,0.043938946
figure_eight_depth,smc,44.7,-1.0821192,0.011264847,-0.44596177,-0.021545025,-0.040309247,-1.7306901,0.24550141,0.38792682,0.00855925,0.00071000675,0.058757406,0.11174239,-0.9995065603657316,0.031395259764656694,-0.4204684255592028,0.0,0.0,-1.6022588050022166,-0.0032893269927836144,-0.10451311383953207,-0.009109477201285632,0.0,0.0,0.0,0.08876934670341625,0.552001904101407,-0.12843131664847918,-2.079038069621942,6.200094,8.216507,8.057959,6.3586426,-4.2743177,-8.263826,297.8758,0.03102873
figure_eight_depth,smc,44.800000000000004,-1.0516219,-0.027930526,-0.44458854,-0.018307619,-0.03516361,-1.721081,0.33867666,0.3634015,0.007914945,0.036246363,0.04937595,0.09709927,-0.9997806834748455,0.020937826864599583,-0.4213818300917992,0.0,0.0,-1.591754064042365,-0.002193085077761836,-0.10462789733722486,-0.009158571706413543,0.0,0.0,0.0,0.07492783573370175,0.5792540098368675,-0.1293269544055109,-2.0508185521044444,5.1906776,9.11563,16.057959,-1.6413574,-1.9087846,-4.557382,395.00314,0.041146163
figure_eight_depth,smc,44.900000000000006,-1.0284226,-0.07366588,-0.4434195,-0.014324292,-0.031015173,-1.7089777,0.4176175,0.29785755,0.002459896,0.04408838,0.03926311,0.1216979,-0.9999451693655121,0.010471209941678012,-0.4223001315317519,0.0,0.0,-1.5812700251081073,-0.0010966026662839745,-0.10469678758115962,-0.009207415124612428,0.0,0.0,0.0,0.09130192063025064,0.5809540624786391,-0.12770767417167786,-2.033770865784419,0.82377034,13.381651,14.965906,-0.7604852,0.45451567,-1.9942824,408.4876,0.04255079
figure_eight_depth,smc,45.0,-1.0131899,-0.12448027,-0.44255278,-0.010947823,-0.027973859,-1.697288,0.48235536,0.22093517,-0.0031292671,0.037389662,0.028736414,0.117263705,-1.0,1.8369701987210297e-16,-0.4232233047033631,0.0,0.0,-1.5707963267948966,0.0,-0.10471975435379975,-0.009256006116897808,0.0,0.0,0.0,0.1266607270771067,0.5820269355236957,-0.126491709551539,-2.0279237606756393,1.2525703,12.827969,15.394706,-1.3141675,-0.03987566,-2.314126,410.2065,0.04272984
figure_eight_depth,smc,45.1,-1.0053132,-0.17927206,-0.4420827,-0.008112277,-0.026028171,-1.6854771,0.5335262,0.1473641,-0.008613486,0.031658996,0.018163206,0.118268855,-0.9999451693655121,-0.010471209941678532,-0.424151324297374,0.0,0.0,-1.560322628481686,0.0010966026662839745,-0.10469678758116048,-0.009304343351113076,0.0,0.0,0.0,0.16983543550249386,0.5890809985674947,-0.12515450908392678,-2.03137903022956,-0.031513434,12.324908,14.110622,-1.817227,-0.50301313,-2.603812,361.3492,0.037640538
figure_eight_depth,smc,45.2,-1.0041628,-0.23597386,-0.4420923,-0.005671592,-0.025166936,-1.6739684,0.5617844,0.076427855,-0.014101951,0.027402038,0.0076787677,0.11511475,-0.9997806834748455,-0.020937826864600103,-0.4250841648716587,0.0,0.0,-1.5498385895474283,0.002193085077761836,-0.10462789733722486,-0.009352425502040518,0.0,0.0,0.0,0.21575211955852797,0.5881718865120108,-0.12412984478637301,-2.0303960458460883,-8.031513,4.3249087,6.1106224,-9.817227,-0.7790617,-2.7069845,224.8624,0.023423167
figure_eight_depth,smc,45.300000000000004,-1.0080042,-0.28333005,-0.44287857,-0.0036971946,-0.02559179,-1.6627122,0.47465158,0.010674542,-0.019753125,0.0225765,-0.004886668,0.11249994,-0.9995065603657316,-0.031395259764656326,-0.4260218008519214,0.0,0.0,-1.5393338485875767,0.0032893269927836144,-0.10451311383953207,-0.009400251251540093,0.0,0.0,0.0,0.2526410508575488,0.4853429168445078,-0.12337836778968159,-2.026793350328308,-12.907532,-1.6629236,1.2346035,-15.805059,-1.6751453,-3.4169147,435.17526,0.04533075
figure_eight_depth,smc,45.400000000000006,-1.0158273,-0.3161138,-0.44464254,-0.002064272,-0.026758201,-1.6511499,0.3330735,-0.047712885,-0.026347918,0.019287914,-0.012091374,0.11554172,-0.9991228300988584,-0.04183892166615762,-0.4269642065323983,0.0,0.0,-1.528798002617366,0.004385208195956114,-0.10435248743592349,-0.009447819288355142,0.0,0.0,0.0,0.27535117875666654,0.33396055008142395,-0.12235186634778294,-2.0281537406141483,-13.605956,-1.1064595,0.5361796,-15.248595,-1.7614951,-4.346524,441.1486,0.04595298
figure_eight_depth,smc,45.5,-1.0272981,-0.3369787,-0.44707143,-0.0007117224,-0.027875572,-1.6399648,0.2164555,-0.09752778,-0.030292394,0.016518066,-0.011404499,0.1117874,-0.9986295347545739,-0.052264231633825965,-0.4279113560765614,0.0,0.0,-1.5182205862444647,0.005480608511687635,-0.10414608858244287,-0.009495128308445455,0.0,0.0,0.0,0.2867949187106465,0.2121007659360661,-0.12174423271000312,-2.0340479460418344,-13.180069,-1.5436075,0.9620671,-15.685743,-1.7263005,-5.2449865,453.55505,0.04724532
figure_eight_depth,smc,45.6,-1.0419284,-0.34767088,-0.449843,0.00028319834,-0.028577717,-1.6286731,0.11595972,-0.13854164,-0.0310581,0.013096431,-0.0071017793,0.11286831,-0.9980267284282716,-0.06266661678215157,-0.4288632235178278,0.0,0.0,-1.5075910508129071,0.006575407816900025,-0.10389400781244534,-0.009542177014792985,0.0,0.0,0.0,0.2891278955722834,0.11674039889876751,-0.12108202581673154,-2.0452260884008924,-13.42606,-1.2413267,0.71607614,-15.383462,-1.8700583,-6.287726,461.99625,0.04812461
figure_eight_depth,smc,45.7,-1.059294,-0.3497769,-0.4526462,0.0010420114,-0.028639454,-1.6175711,0.030256284,-0.172155,-0.028859604,0.010760397,-0.00058594544,0.11097483,-0.9973144772244581,-0.0730415142812055,-0.4298197827602705,0.0,0.0,-1.4968987434955832,0.0076694860545734045,-0.10359635569689996,-0.009588964117568377,0.0,0.0,0.0,0.28450830369823576,0.0747114967780234,-0.12067237199819125,-2.044514119734341,-5.4260597,-9.241326,-7.283924,-7.3834624,6.1299415,1.7122742,262.92337,0.02738785
figure_eight_depth,smc,45.800000000000004,-1.0708007,-0.34516987,-0.4554617,-0.0015144582,-0.027906904,-1.6066756,-0.04142914,-0.11712295,-0.026858013,-0.022444736,0.0074389856,0.10890175,-0.9964928592495044,-0.08338437335805107,-0.4307810075793348,0.0,0.0,-1.4861328863470782,0.00876272324668026,-0.10325326279583824,-0.009635488333992193,0.0,0.0,0.0,0.2732442753010765,0.054847120579906455,-0.12054273850033392,-2.0362326490631304,1.6063671,-16.022907,-12.5357685,-1.8807709,5.1057534,-0.87341875,446.82834,0.046544623
figure_eight_depth,smc,45.900000000000006,-1.0716555,-0.335352,-0.45778915,-0.0051778993,-0.026305964,-1.5954643,-0.098420255,-0.012033119,-0.020554155,-0.033506066,0.015839668,0.11209433,-0.99556196460308,-0.09369065729286248,-0.43174687162255665,0.0,0.0,-1.4752825553126596,0.009854999507452611,-0.10286487960160795,-0.009681748388723488,0.0,0.0,0.0,0.2546932166984807,0.14174677668364036,-0.12018179348037017,-2.0268423653210963,1.1895113,-15.435175,-12.952624,-1.2930392,2.1796656,-4.110983,430.7531,0.04487012
figure_eight_depth,smc,46.0,-1.0637445,-0.3211975,-0.45957458,-0.007658674,-0.02387683,-1.584587,-0.14387307,0.07566622,-0.013683511,-0.021946708,0.023728002,0.10885944,-0.9945218953682734,-0.10395584540887919,-0.43271734841028536,0.0,0.0,-1.4643366592083618,0.010946195056371621,-0.1024313764705978,-0.009727743013332457,0.0,0.0,0.0,0.22958010987706864,0.23601568828192548,-0.12025031875031744,-2.010044474542446,1.6784971,-15.749993,-12.463638,-1.6078573,3.7064257,-2.6407444,429.51825,0.044741493
figure_eight_depth,smc,46.1,-1.0480652,-0.3034427,-0.4608036,-0.00951606,-0.020723654,-1.5735652,-0.17993586,0.15438686,-0.0068143047,-0.015942475,0.030686965,0.11042404,-0.9933727656003964,-0.11417543505532762,-0.43369241133640973,0.0,0.0,-1.4532839186944932,0.01203619023176783,-0.10195294355336282,-0.009773470947049834,0.0,0.0,0.0,0.19886771943285017,0.3202688250757797,-0.12028132598018937,-1.9832460928287654,5.6073413,-11.368277,-8.534794,2.7738595,4.2274113,-1.9337568,262.82742,0.027377853
figure_eight_depth,smc,46.2,-1.0252001,-0.28822017,-0.4614196,-0.010892801,-0.01679455,-1.5626346,-0.15295249,0.22824612,-0.00081939425,-0.011502336,0.038249325,0.10965206,-0.9921147013144779,-0.12434494358242738,-0.434672033669087,0.0,0.0,-1.442112845275734,0.013124865503200134,-0.101429790704613,-0.009818930935989734,0.0,0.0,0.0,0.16930790694454123,0.3692545033265333,-0.12052174201216893,-1.9516889680115361,13.607342,-3.3682761,-0.53479415,10.77386,4.049866,-0.85856974,330.00568,0.03437559
figure_eight_depth,smc,46.300000000000004,-0.9953321,-0.2854453,-0.46171358,-0.011936727,-0.012219223,-1.5517652,-0.025355887,0.29890606,0.0007416536,-0.008613885,0.044566765,0.109170526,-0.9907478404714436,-0.13445991030763307,-0.43565618855147603,0.0,0.0,-1.4308117203746205,0.014212101485222561,-0.10086214739783717,-0.009864121734093345,0.0,0.0,0.0,0.15328598150812456,0.40186157599669725,-0.1209534831013317,-1.9222070711420944,13.371461,1.2422256,4.2967052,10.316981,1.5546308,-2.619266,314.51828,0.032762323
figure_eight_depth,smc,46.400000000000006,-0.9614267,-0.29517326,-0.46198472,-0.011758134,-0.0078028156,-1.5408018,0.10367322,0.33716533,4.6336674e-05,0.0031255577,0.042852372,0.11014624,-0.9892723329629882,-0.14451589847223623,-0.4366448490024737,0.0,0.0,-1.4193685745378524,0.015297778950207341,-0.1002502626196583,-0.009909042102296262,0.0,0.0,0.0,0.1552904689953847,0.4463650133617698,-0.12143318899669353,-1.8934596549014107,5.371461,9.242226,12.296705,2.316981,-6.4453692,-10.320391,418.90195,0.043635618
figure_eight_depth,smc,46.5,-0.93209106,-0.3153588,-0.4622929,-0.0075769387,-0.004075535,-1.5296859,0.21053195,0.2872064,-0.001348172,0.042679295,0.035963275,0.11158658,-0.9876883405951378,-0.15450849718747353,-0.437637987917454,0.0,0.0,-1.407771166869111,0.016381778841279004,-0.09959440476302317,-0.009953690809083593,0.0,0.0,0.0,0.17196435402753657,0.43287782949591597,-0.12191468804269313,-1.8761457713995564,1.2389041,13.373639,15.38104,-0.76849616,1.5546308,-2.3203912,425.35715,0.044308037
figure_eight_depth,smc,46.6,-0.91022235,-0.34459516,-0.46263978,-0.004119734,-0.0012673675,-1.5186207,0.30108783,0.20651606,-0.0031310113,0.035023008,0.027242493,0.11085898,-0.9859960370705049,-0.16443332336929165,-0.4386355780690123,0.0,0.0,-1.3960069647771571,0.017463982285803592,-0.098894861508797,-0.009998066630378943,0.0,0.0,0.0,0.19691658618239927,0.41685185707826317,-0.122613764669254,-1.8627370472856337,-4.209028,7.6687155,9.933108,-6.47342,2.3005433,-0.6003301,222.74982,0.023203107
figure_eight_depth,smc,46.7,-0.8956267,-0.37362424,-0.46342272,-0.0019903376,0.00021256614,-1.5074521,0.29749754,0.13065112,-0.0076681287,0.02143551,0.014339094,0.11174632,-0.9841956079692419,-0.17428602366090787,-0.43963759210771053,0.0,0.0,-1.3840631241917214,0.018544270607767643,-0.09815193969982261,-0.010042168349710945,0.0,0.0,0.0,0.21942174460962155,0.3607927402730101,-0.1233890061259666,-1.8441908659972552,-12.209027,-0.3312847,1.933108,-14.47342,-0.7099958,-3.4374807,374.70728,0.039032005
figure_eight_depth,smc,46.800000000000004,-0.88879836,-0.39146397,-0.46469274,0.00021581759,0.00031481398,-1.4962902,0.18236452,0.056879204,-0.012548322,0.022037825,0.0008003152,0.111621685,-0.9822872507286887,-0.18406227634233863,-0.44064400256282754,0.0,0.0,-1.3719264703827043,0.01962252534154496,-0.09736596520615315,-0.01008599475788019,0.0,0.0,0.0,0.22876620338155845,0.22423780488969527,-0.12436373652647537,-1.8320686297272935,-12.928494,-1.1212099,1.2136412,-15.263346,0.5476075,-2.9960864,412.12213,0.042929392
figure_eight_depth,smc,46.900000000000006,-0.8896462,-0.39894727,-0.46617812,0.0020070975,-0.0002474529,-1.4850943,0.073998906,-0.014028316,-0.01482765,0.017877553,-0.005598506,0.11196015,-0.9802711746217219,-0.19375779322605136,-0.4416547818431124,0.0,0.0,-1.359583479608364,0.020698628244220085,-0.09653728278216644,-0.01012954465334781,0.0,0.0,0.0,0.2256479690466393,0.09833982566839021,-0.12551082924478552,-1.835468506237365,-12.9417925,-1.2256258,1.2003435,-15.367762,0.17685439,-4.1214952,423.61908,0.044126984
figure_eight_depth,smc,47.0,-0.89795464,-0.39739916,-0.46764868,0.0036595452,-0.0010065029,-1.4738495,-0.022539517,-0.08148407,-0.0145365875,0.016552303,-0.007364791,0.1124626,-0.9781476007338058,-0.20336832153789938,-0.44266990223754055,0.0,0.0,-1.3470202618038858,0.021772461309077507,-0.0956662559153526,-0.010172816842318744,0.0,0.0,0.0,0.21143040300477434,0.04673037825076391,-0.12682927318451753,-1.8465418462186518,-10.937159,-3.272108,-0.66683096,-13.542436,2.525205,-2.3604417,326.11868,0.0339707
figure_eight_depth,smc,47.1,-0.911349,-0.38784254,-0.4689246,0.0042677745,-0.0016402601,-1.4624852,-0.108095355,-0.1241095,-0.012196192,0.0061966754,-0.0059216497,0.113665394,-0.9759167619387475,-0.21288964578253583,-0.4436893359160736,0.0,0.0,-1.3342225446138891,0.022843906778258205,-0.09475326666691375,-0.010215810138325399,0.0,0.0,0.0,0.18818695226982093,0.134204324291782,-0.1282626495923487,-1.845573406526864,-2.9371588,-11.272108,-8.666831,-5.5424356,10.525205,5.6395583,384.10443,0.04001088
figure_eight_depth,smc,47.2,-0.9213188,-0.37064743,-0.4699846,0.0010100849,-0.0018898194,-1.4510816,-0.1817381,-0.08056946,-0.009957878,-0.03238985,-0.0020088952,0.11404484,-0.9735789028731603,-0.22231758959246345,-0.44471305493042235,0.0,0.0,-1.321175659095306,0.023912847155582728,-0.09379871550406482,-0.010258523362782768,0.0,0.0,0.0,0.1592843605963227,0.20607623092766839,-0.12990597447250396,-1.8393165592882947,1.6661046,-15.799617,-12.476031,-1.657481,2.525205,-2.3604417,422.75073,0.044036537
figure_eight_depth,smc,47.300000000000004,-0.9243798,-0.34658414,-0.47084534,-0.001410284,-0.0015661682,-1.4396073,-0.24258214,-0.0016611373,-0.008147436,-0.023986842,0.0033524116,0.114740714,-0.9711342799096361,-0.23164801755993078,-0.4457410312148128,0.0,0.0,-1.307864527486177,0.024979165219762844,-0.09280302112454897,-0.010300955344627605,0.0,0.0,0.0,0.12659588434268665,0.282666824966611,-0.13174273512521206,-1.826573532709503,3.028933,-14.551016,-11.113203,-0.4088803,2.6454718,-2.164404,356.26013,0.03711043
figure_eight_depth,smc,47.400000000000006,-0.9207993,-0.31844956,-0.47153965,-0.003014766,-0.00053273456,-1.4280213,-0.274255,0.07231077,-0.006411643,-0.015863365,0.010170932,0.11587395,-0.9685831611286311,-0.24087683705085777,-0.44677323658675583,0.0,0.0,-1.2942736535140096,0.026042744037058085,-0.09176662027317317,-0.010343104920623736,0.0,0.0,0.0,0.09441502984755322,0.3422215442384277,-0.13374765824593915,-1.802042776236148,11.028934,-6.551016,-3.1132026,7.59112,4.087844,-0.02034108,248.5812,0.025893874
figure_eight_depth,smc,47.5,-0.90925974,-0.29749882,-0.47229114,-0.0045960424,0.0014778232,-1.4163116,-0.1909597,0.144054,-0.0069790697,-0.015750386,0.019752467,0.11715689,-0.9659258262890684,-0.24999999999999958,-0.44780964274781976,0.0,0.0,-1.2803871157744275,0.027103466973821266,-0.09068996754846292,-0.010384970935056748,0.0,0.0,0.0,0.07788791711522748,0.3204182831915681,-0.13592450589152705,-1.7768939979644944,16.049046,-1.6316149,1.90691,12.510521,3.3264914,-0.33150136,431.55893,0.04495405
figure_eight_depth,smc,47.6,-0.889396,-0.28849187,-0.4732894,-0.0057290145,0.003970141,-1.4044685,-0.058417473,0.21017472,-0.00910287,-0.011504737,0.02437861,0.118543044,-0.9631625667976582,-0.2590135046865649,-0.4488502212844062,0.0,0.0,-1.266188564815771,0.02816121771026525,-0.08957353520741562,-0.010426552240372366,0.0,0.0,0.0,0.0831128895969661,0.3120042323299186,-0.13827997156118224,-1.7531684864006922,8.049046,6.368385,9.90691,4.510521,-4.6735086,-8.331501,315.09073,0.03282195
figure_eight_depth,smc,47.7,-0.8702567,-0.29042688,-0.47451764,-0.0033026247,0.006236313,-1.3924662,0.050818577,0.18561418,-0.011017618,0.023787387,0.021973733,0.12015115,-0.9602936856769431,-0.2679133974894983,-0.449894943668529,0.0,0.0,-1.251661224643957,0.029215880251509674,-0.08841781295262918,-0.010467847696371546,0.0,0.0,0.0,0.09601973275202717,0.2748827274969108,-0.1408049628331549,-1.7388667062286873,1.776117,12.762122,15.918253,-1.3800133,0.04044521,-2.9665813,430.1238,0.04480456
figure_eight_depth,smc,47.800000000000004,-0.8576851,-0.30287042,-0.47618815,-0.0006555978,0.007938201,-1.3802084,0.14486377,0.10170112,-0.015466189,0.025705842,0.016613966,0.122630544,-0.9573194975320672,-0.2766957746216722,-0.450943781258596,0.0,0.0,-1.2367878994693158,0.030267338942457922,-0.08722330772320541,-0.010508856171154157,0.0,0.0,0.0,0.1060632162641014,0.22101890344438288,-0.1434204736004474,-1.739772171645306,1.8192428,12.660388,15.961378,-1.4817476,1.8486788,-2.0490048,428.17227,0.044601277
figure_eight_depth,smc,47.900000000000006,-0.8511382,-0.3241215,-0.47801432,0.0012875535,0.008832424,-1.3676298,0.2212031,0.024037486,-0.016490566,0.018433005,0.008859767,0.12578839,-0.9542403285162767,-0.2853567838422162,-0.45199670530019515,0.0,0.0,-1.2215509866487138,0.031315478478510794,-0.0859905434683339,-0.01054957654028632,0.0,0.0,0.0,0.11317983056033334,0.21954218912269616,-0.14607877981551964,-1.7373853325260233,-6.180757,4.660388,7.9613786,-9.481748,0.6734752,-3.9799843,229.5019,0.023906449
figure_eight_depth,smc,48.0,-0.85265213,-0.34186855,-0.47963846,0.0031542843,0.008394166,-1.3548272,0.1709024,-0.050655756,-0.014667197,0.017536545,-0.004217742,0.12802644,-0.9510565162951536,-0.2938926261462364,-0.45305368692688164,0.0,0.0,-1.205932496854039,0.032360183919499796,-0.08472006091900242,-0.01059000768746654,0.0,0.0,0.0,0.11265816434438534,0.1427268240552556,-0.14889466874959867,-1.737900048821332,-12.291305,-1.708322,1.8508307,-15.850458,1.3550407,-3.8041146,424.96454,0.044267148
figure_eight_depth,smc,48.1,-0.8637251,-0.34865627,-0.480854,0.0046518343,0.0068688523,-1.3417143,0.042672172,-0.12273969,-0.011410639,0.01387479,-0.0148394555,0.1311724,-0.9477684100095857,-0.3022995574311874,-0.45411469716097064,0.0,0.0,-1.1899140826844303,0.03340134070167755,-0.08341241735096427,-0.010630148504220394,0.0,0.0,0.0,0.09963537876321361,0.040412766097396594,-0.15180018027791098,-1.754552671479218,-12.35371,-1.8464639,1.7884259,-15.9886,0.7611526,-4.6619277,437.1703,0.045538574
figure_eight_depth,smc,48.2,-0.883888,-0.34645495,-0.4816496,0.0060491166,0.005016175,-1.3283353,-0.06716849,-0.19139972,-0.0075274534,0.013053856,-0.017904222,0.13387051,-0.944376370237481,-0.31057389013915543,-0.4551797069143303,0.0,0.0,-1.1734770770160294,0.03443883465042985,-0.08206818633987867,-0.010669997890067062,0.0,0.0,0.0,0.07514617849287879,0.1492893458949412,-0.15485820817073814,-1.7631667365054806,-4.3537097,-9.846464,-6.211574,-7.9885993,8.761152,3.3380723,306.20953,0.031896826
figure_eight_depth,smc,48.300000000000004,-0.9045482,-0.33465847,-0.48203477,0.0042510284,0.0032606188,-1.3147913,-0.16409634,-0.17226171,-0.0036328326,-0.018660273,-0.016735964,0.13554211,-0.9408807689542256,-0.31871199487434454,-0.4562486869891803,0.0,0.0,-1.1566025425548798,0.0354725519929322,-0.08068795750978963,-0.010709554752574846,0.0,0.0,0.0,0.047320882794719486,0.21968972645936752,-0.15818877919957575,-1.7636325520690588,2.4236295,-16.71149,-11.718506,-2.5693548,5.0121403,1.4596107,456.32492,0.047533836
figure_eight_depth,smc,48.400000000000006,-0.91991806,-0.3129673,-0.4826397,0.0015523289,0.0019073591,-1.3007019,-0.24874087,-0.09379187,-0.006461747,-0.027446395,-0.0129335355,0.14094967,-0.9372819894918916,-0.3267103019950526,-0.45732160807889205,0.0,0.0,-1.1392713341828635,0.03650237937030676,-0.07927233627488817,-0.010748818007222383,0.0,0.0,0.0,0.0336360211182518,0.2856447187989557,-0.16143052243029565,-1.7515164261982703,10.42363,-8.711491,-3.718506,5.430645,1.9672563,-1.2648629,233.33128,0.024305344
figure_eight_depth,smc,48.5,-0.9274797,-0.2932793,-0.48360205,-0.0003644768,0.0015369015,-1.286257,-0.20989956,-0.020358298,-0.009992047,-0.019443572,-0.0034803415,0.14445393,-0.9335804264972021,-0.33456530317942856,-0.45839844076879166,0.0,0.0,-1.121464175786112,0.03752820385044542,-0.07782194357328076,-0.010787786577565184,0.0,0.0,0.0,0.048754237640233955,0.2540141765753124,-0.1647928527936,-1.730992545358899,16.468464,-2.4318724,2.326328,11.710263,3.4757683,0.504227,432.0016,0.045000166
figure_eight_depth,smc,48.6,-0.92528373,-0.28283253,-0.4850151,-0.0022182334,0.0019969908,-1.2716237,-0.09408077,0.050407607,-0.014256861,-0.018762467,0.004547559,0.14633474,-0.9297764858882516,-0.3422735529643439,-0.4594791555369673,0.0,0.0,-1.1031617534042195,0.03854991294011123,-0.07633741559517904,-0.0108264593953189,0.0,0.0,0.0,0.06484985630443207,0.1834856018922609,-0.16846197725526538,-1.7155510657537831,15.707635,-1.535467,3.6870744,10.485094,2.453546,-1.3630781,380.49704,0.039635103
figure_eight_depth,smc,48.7,-0.91518056,-0.28027377,-0.48659122,-0.0032780305,0.0026682676,-1.2566297,0.005357303,0.1041198,-0.015519549,-0.0108974,0.0063801506,0.14995417,-0.9258705848099948,-0.3498316702566825,-0.4605637227550774,0.0,0.0,-1.0843448265717972,0.03956739459742842,-0.0748194035036509,-0.010864835400192785,0.0,0.0,0.0,0.07503338785253806,0.18223949976804718,-0.17228487885727994,-1.7023079705485304,7.707635,6.464533,11.687075,2.4850936,-5.546454,-9.363078,362.3916,0.037749123
figure_eight_depth,smc,48.800000000000004,-0.9058679,-0.28678435,-0.4883056,-0.00055926817,0.003151005,-1.2413046,0.0907432,0.06850483,-0.01667745,0.026778711,0.0043249894,0.1532651,-0.9218631515885005,-0.35723633981640157,-0.46165211268916395,0.0,0.0,-1.0649943597939782,0.040580537244039316,-0.07326857314893243,-0.010902913540139503,0.0,0.0,0.0,0.07700480463691761,0.15049696512251762,-0.17631027620760875,-1.7011699431789142,2.5449438,11.640375,16.687078,-2.5017602,2.3865557,-2.932886,440.9899,0.04593645
figure_eight_depth,smc,48.900000000000006,-0.9020174,-0.30235597,-0.48966327,0.0016398178,0.003099455,-1.2254751,0.15984035,-0.013943382,-0.013080964,0.021492068,-0.000604028,0.15829532,-0.9177546256839811,-0.3644843137107059,-0.46274429550046703,0.0,0.0,-1.0450916760636535,0.041589229777649894,-0.07168560477674446,-0.010940692771216343,0.0,0.0,0.0,0.06951418308698432,0.13161334065631147,-0.18038339679706428,-1.7089081830723294,2.458136,11.648409,16.600271,-2.4937267,1.9937618,-3.6023252,440.46738,0.04588202
figure_eight_depth,smc,49.0,-0.90343,-0.3253818,-0.49060285,0.0034044494,0.0023101221,-1.2093074,0.21191184,-0.091248095,-0.008589349,0.017145209,-0.007628201,0.16168843,-0.9135454576426011,-0.3715724127386968,-0.4638402412462431,0.0,0.0,-1.0246186342484342,0.04259336158313198,-0.0700711927285047,-0.010978172057640734,0.0,0.0,0.0,0.054333544837965785,0.17065437455755902,-0.18468879792624837,-1.7139345257919414,-5.541864,3.648409,8.600271,-10.493727,1.5500629,-4.071958,247.08965,0.025738506
figure_eight_depth,smc,49.1,-0.91396695,-0.34434497,-0.4911042,0.004846841,0.00032931927,-1.1928877,0.14012136,-0.16564164,-0.00412562,0.0140446015,-0.019248916,0.16426277,-0.9092361090470686,-0.37849752782587803,-0.4649399198805862,0.0,0.0,-1.0035578319716323,0.04359282254695618,-0.06842604513981887,-0.011015350371984534,0.0,0.0,0.0,0.04328217478244637,0.1371717796442693,-0.18932983186961527,-1.7305190352551512,-11.215524,-3.145592,2.8177938,-17.17891,0.45748982,-4.0757113,455.55832,0.047453996
figure_eight_depth,smc,49.2,-0.93611705,-0.35274723,-0.4915844,0.006131083,-0.0024588848,-1.1757972,-0.0036332137,-0.2368942,-0.0036550318,0.012786136,-0.02705337,0.17103781,-0.9048270524660196,-0.38525662138789457,-0.46604330125525084,0.0,0.0,-0.9818928353399103,0.04458750306607362,-0.0667508836257047,-0.011052226694840961,0.0,0.0,0.0,0.051848546620566545,0.17699916920160386,-0.19390438870488946,-1.7441779551518324,-3.2155242,-11.145592,-5.182206,-9.17891,8.45749,3.9242885,332.60065,0.0346459
figure_eight_depth,smc,49.300000000000004,-0.961197,-0.3499155,-0.49205187,0.004206332,-0.0052118893,-1.1582471,-0.122657716,-0.2206137,-0.0030208887,-0.01881597,-0.026453523,0.17566633,-0.9003187714021934,-0.39184672866292003,-0.4671503551204793,0.0,0.0,-0.9596084363727498,0.045577294063292584,-0.06504644296814743,-0.011088800015351952,0.0,0.0,0.0,0.07800303823029112,0.22927992134441247,-0.1986386768550944,-1.7505825328863729,4.784476,-8.515753,-2.110768,-1.17891,4.846423,1.5328386,127.09184,0.013238732
figure_eight_depth,smc,49.400000000000006,-0.9837324,-0.34333342,-0.4928763,0.0012933799,-0.0072445967,-1.140403,-0.15069398,-0.18008608,-0.006701292,-0.028199513,-0.019576324,0.17852232,-0.8957117602394127,-0.3982649590120984,-0.4682610511258306,0.0,0.0,-0.936690938433878,0.04656208699660436,-0.06331347079091554,-0.011125069330847337,0.0,0.0,0.0,0.10663497134724981,0.22927138565682614,-0.20371209386897848,-1.7465728697221585,12.784476,-3.816909,3.3199189,6.82109,1.6646004,-1.4476327,240.4273,0.025044514
figure_eight_depth,smc,49.5,-0.9989359,-0.34084827,-0.49404263,-0.00084176863,-0.008348613,-1.1222812,-0.086100794,-0.12781489,-0.010874883,-0.020038642,-0.010805774,0.18122792,-0.8910065241883679,-0.4045084971874736,-0.4693753588210128,0.0,0.0,-0.9131284690911574,0.04754177387233938,-0.06155272723284977,-0.011161033646928109,0.0,0.0,0.0,0.12771000306869326,0.1491679992684359,-0.20915272464205795,-1.7345221672643387,17.973585,-4.2056513,3.8314486,9.936484,2.8269315,-0.097724386,462.1521,0.048140842
figure_eight_depth,smc,49.6,-1.0041233,-0.3431968,-0.49558902,-0.002751972,-0.00887142,-1.1032654,-0.0014604403,-0.056914084,-0.015499947,-0.0175145,-0.0053881356,0.19014645,-0.8862035792312147,-0.4105746045668521,-0.4704932476567174,0.0,0.0,-0.8889113188600903,0.048516247256824574,-0.05976498461429669,-0.011196691977632955,0.0,0.0,0.0,0.13811094318487244,0.05024256104461063,-0.21435408584114257,-1.726264714195302,17.571915,-3.7260048,3.4297793,10.416131,3.2340815,-0.5661085,453.69424,0.04725981
figure_eight_depth,smc,49.7,-1.0001411,-0.34907147,-0.49721944,-0.004265957,-0.0092733605,-1.0840327,0.07024174,0.009118303,-0.016902985,-0.013433653,-0.004548651,0.19230819,-0.881303452064992,-0.4164606203550499,-0.4716146869854575,0.0,0.0,-0.8640323030143011,0.049485400288096226,-0.05795102709824085,-0.011232043345354992,0.0,0.0,0.0,0.13899387655799755,0.07043635635991582,-0.22000035174796695,-1.7176544711109596,17.48191,-3.6278796,4.6372833,9.216748,3.8224347,-0.713952,440.35226,0.045870036
figure_eight_depth,smc,49.800000000000004,-0.9886472,-0.3575419,-0.49869323,-0.0054231053,-0.009901155,-1.0640862,0.12848844,0.06203483,-0.015665734,-0.0097218035,-0.007128751,0.19942774,-0.8763066800438638,-0.42216396275100737,-0.47273964606240715,0.0,0.0,-0.8384871421874288,0.05044912668761281,-0.05611165034635768,-0.011267086780952784,0.0,0.0,0.0,0.13217412117728441,0.14166182575071412,-0.22559905661933385,-1.7060156652243008,9.481912,4.3721204,12.637283,1.2167485,-3.5732572,-8.624394,357.35184,0.037224155
figure_eight_depth,smc,49.900000000000006,-0.9780039,-0.3715678,-0.49980468,-0.003259516,-0.010987926,-1.0435699,0.17416859,0.025060035,-0.012703802,0.023667203,-0.011980106,0.20509003,-0.8712138111201895,-0.42768213008025324,-0.47386809404624514,0.0,0.0,-0.8122748558200394,0.051407320771801324,-0.05424766117018143,-0.011301821323667083,0.0,0.0,0.0,0.12339227313714247,0.14615746538747706,-0.23129506662716515,-1.7003674326944977,5.4344897,8.278118,15.845688,-2.1330802,2.901961,-2.404607,367.90027,0.038322944
figure_eight_depth,smc,50.0,-0.97137934,-0.39159513,-0.50050795,-0.0015375781,-0.012699081,-1.0227063,0.20631856,-0.043484222,-0.009441913,0.01951182,-0.017791472,0.20856743,-0.866025403784439,-0.43301270189221897,-0.47499999999999987,0.0,0.0,-0.7853981606558101,0.05235987746399218,-0.0523598771768885,-0.011336246021231844,0.0,0.0,0.0,0.11604104025804646,0.15422594086189034,-0.2373081095620854,-1.698224487966835,7.203939,5.5573587,14.1369295,-1.3756315,3.2912784,-1.1031152,296.5755,0.030893281
figure_eight_depth,smc,50.1,-0.9674203,-0.41510633,-0.50114787,-0.0007211858,-0.015066716,-1.0011238,0.2212029,-0.08870152,-0.009345341,0.01090463,-0.024008147,0.21577112,-0.860742027003944,-0.4381533400219316,-0.476135332891898,0.0,0.0,-0.7578638645914324,0.05330669230557694,-0.05044912641094523,-0.011370359929929741,0.0,0.0,0.0,0.1119689301658503,0.17221057150195246,-0.2432599213811628,-1.691943678738835,2.7021496,-2.442641,6.136929,-5.8057466,3.8130345,0.002493457,99.17594,0.010330825
figure_eight_depth,smc,50.2,-0.9691577,-0.43340448,-0.50203896,-0.0009888887,-0.018263962,-0.97908676,0.14456315,-0.11331465,-0.0111721065,0.000643096,-0.03213136,0.22032177,-0.8553642601605068,-0.44310178961560726,-0.4772740615962147,0.0,0.0,-0.7296832442134422,0.054247661467610175,-0.04851624699087065,-0.011404162114425631,0.0,0.0,0.0,0.11686010383911744,0.11115653415931154,-0.24940351249279558,-1.6797206694806308,10.702149,-10.442641,-1.8630708,2.1942532,8.19038,4.7784534,321.7865,0.033519424
figure_eight_depth,smc,50.300000000000004,-0.96888685,-0.44352078,-0.5033126,-0.0036551775,-0.02159267,-0.9568672,0.08522793,-0.0541645,-0.014348366,-0.022604948,-0.033506747,0.22212517,-0.849892692986864,-0.4478558801197064,-0.47841615489412737,0.0,0.0,-0.7008723925818904,0.055182681762300234,-0.04656208674128082,-0.011437651648071867,0.0,0.0,0.0,0.12164799778709576,0.031128537028262696,-0.25599482543568775,-1.6708569917766838,18.70215,-6.104188,5.1558266,8.037948,2.5860763,-1.5839626,487.41943,0.05077285
figure_eight_depth,smc,50.400000000000006,-0.9612101,-0.4535243,-0.5045151,-0.0054978672,-0.024365583,-0.9335233,0.12570362,0.0051744133,-0.014724158,-0.013386717,-0.028582023,0.23328178,-0.844327925502015,-0.45241352623300984,-0.4795615814745712,0.0,0.0,-0.6714525223251138,0.056111650654333545,-0.0445875028217968,-0.011470827612769519,0.0,0.0,0.0,0.11952133130543627,0.08561468545046703,-0.2620707749847617,-1.6584869045711477,17.40713,-4.1846995,5.550748,7.6716814,3.6833482,-1.0562366,424.86804,0.04425709
figure_eight_depth,smc,50.5,-0.94788784,-0.4635157,-0.50546336,-0.0067905323,-0.026917407,-0.90996534,0.15929265,0.04769692,-0.013105427,-0.0071871765,-0.026812635,0.23536602,-0.8386705679454243,-0.4567727288213002,-0.48071030993509783,0.0,0.0,-0.641450208036851,0.057034466270977635,-0.04259336134959657,-0.011503689098829595,0.0,0.0,0.0,0.11218998739961232,0.13642447342274983,-0.2685151282859334,-1.644082650703674,12.070154,1.1342645,12.195965,1.0084532,-0.49847588,-5.5635314,327.93506,0.034159902
figure_eight_depth,smc,50.6,-0.9348056,-0.4767202,-0.5060298,-0.005980901,-0.0294761,-0.88554573,0.18432364,0.022308275,-0.01047741,0.014668646,-0.027243953,0.24392843,-0.8329212407100997,-0.4609315757942502,-0.48186230878273645,0.0,0.0,-0.6108975516487465,0.05795102741623648,-0.0405805370216894,-0.011536235205528156,0.0,0.0,0.0,0.10589506576435628,0.1411600534109996,-0.2746481789420738,-1.6288818760041468,9.22717,-0.28885674,10.122717,-1.1844037,3.4573107,-0.7502727,201.61223,0.021001272
figure_eight_depth,smc,50.7,-0.92417115,-0.4902854,-0.50663596,-0.005475838,-0.032286465,-0.86072534,0.1720779,-0.00344476,-0.011159378,0.012365659,-0.02958699,0.24792367,-0.8270805742745618,-0.4648882429441257,-0.4830175464348566,0.0,0.0,-0.5798322549299451,0.058861233577733874,-0.03854991272878028,-0.011568465040440179,0.0,0.0,0.0,0.10309910232076877,0.11853502156603891,-0.2808930882974414,-1.6103979769133625,9.937446,-7.029702,4.4964585,-1.5887153,5.712892,2.0167847,207.61624,0.021626694
figure_eight_depth,smc,50.800000000000004,-0.9158901,-0.49901876,-0.50760335,-0.006254014,-0.03532344,-0.8351259,0.11983464,0.005938664,-0.0135167865,0.00048195204,-0.031770337,0.25569063,-0.8211492091337039,-0.4686409947459458,-0.4841759912200346,0.0,0.0,-0.5482975847263026,0.059764984941979016,-0.03650237917013355,-0.011600377720077937,0.0,0.0,0.0,0.1022129419233558,0.07357498303910982,-0.28682833843043565,-1.5949922136995478,17.146976,-7.130828,4.132964,5.883185,6.647566,3.2861757,451.54984,0.04703644
figure_eight_depth,smc,50.900000000000006,-0.9033652,-0.5050577,-0.5088592,-0.008199422,-0.038028218,-0.80924386,0.12830012,0.05243714,-0.016772637,-0.010313557,-0.028664887,0.25848457,-0.815127795728554,-0.47218818511874067,-0.4853376113789213,0.0,0.0,-0.5163422192248464,0.060662182402138054,-0.034438834461636425,-0.011631972369502419,0.0,0.0,0.0,0.09705415524650471,0.11022137555537871,-0.29290163863571883,-1.57847751654752,14.868636,-1.8209157,10.579873,2.4678473,0.78339726,-3.3379426,354.17163,0.03689288
figure_eight_depth,smc,51.0,-0.8892818,-0.513171,-0.51000977,-0.008438045,-0.040431492,-0.7826596,0.15535337,0.04608608,-0.017046979,0.0077208662,-0.02621009,0.26544482,-0.8090169943749476,-0.4755282581475767,-0.4865023750651133,0.0,0.0,-0.48401996716051826,0.06155272757030206,-0.03236018374214167,-0.011663248122517622,0.0,0.0,0.0,0.09171703897051164,0.12239836979099339,-0.29863962308377495,-1.5584303512797704,9.440913,-3.2713096,8.796712,-2.6271076,2.5109272,-2.1533282,195.05771,0.020318514
figure_eight_depth,smc,51.1,-0.87870425,-0.5206576,-0.5110821,-0.008029421,-0.042933412,-0.7556756,0.12725449,0.021640033,-0.01569836,0.014993293,-0.027293354,0.26939854,-0.8028174751911146,-0.4786597487660337,-0.48767025034602585,0.0,0.0,-0.45138935669342317,0.0624365227883672,-0.03026733877642407,-0.011694204121698304,0.0,0.0,0.0,0.08983728231908099,0.08313709658300004,-0.30428625718673424,-1.538370358081764,13.141576,-8.338181,4.7414775,0.061917733,7.5157704,2.4842448,327.37003,0.034101043
figure_eight_depth,smc,51.2,-0.86890244,-0.52427334,-0.512036,-0.00910824,-0.04536214,-0.72793436,0.09563606,0.041011464,-0.01332772,0.0011184091,-0.026511872,0.27695268,-0.7965299180241961,-0.48158128339882916,-0.48884120520376817,0.0,0.0,-0.41851309621638644,0.06331347113808228,-0.028161217555722207,-0.011724839518389985,0.0,0.0,0.0,0.08716876548949083,0.07636870418326225,-0.30942126428776395,-1.5210926362959205,16.686123,-5.081618,7.3197026,4.2848015,5.285557,1.0192312,405.16302,0.04220448
figure_eight_depth,smc,51.300000000000004,-0.85580146,-0.5275874,-0.5129003,-0.010381243,-0.047336083,-0.70012045,0.119339526,0.06254894,-0.013499348,-0.00011736758,-0.02226933,0.27766192,-0.7901550123756906,-0.4842915805643155,-0.4900152075360211,0.0,0.0,-0.38545741536248684,0.06418347645215094,-0.026042743894227893,-0.011755153472625679,0.0,0.0,0.0,0.08190062760247746,0.1043729799674034,-0.31466303370367527,-1.5005496823368352,12.545932,-3.5310981,10.601217,-1.5863839,1.3039801,-2.444835,292.44907,0.030463442
figure_eight_depth,smc,51.400000000000006,-0.843671,-0.53217137,-0.5138986,-0.010432565,-0.04908531,-0.67139566,0.12169499,0.043262202,-0.015311105,0.013078896,-0.02046994,0.286729,-0.7836934573258398,-0.4867894514365801,-0.49119222515691807,0.0,0.0,-0.3522913006909932,0.06504644332483434,-0.023912847024437633,-0.011785145153431209,0.0,0.0,0.0,0.07856466669023685,0.08794303513569969,-0.3191043587557231,-1.4790570468918738,10.52706,-6.295159,6.3221617,-2.0902612,3.9853742,0.61076885,211.04317,0.021983663
figure_eight_depth,smc,51.5,-0.83382756,-0.53484327,-0.51532495,-0.010720902,-0.050727967,-0.64278686,0.092878364,0.040509075,-0.018421788,0.011153715,-0.019406632,0.2855567,-0.7771459614569713,-0.4890738003669026,-0.4923722257979261,0.0,0.0,-0.31908564618847657,0.06590227712194308,-0.021772461189700776,-0.011814813738519891,0.0,0.0,0.0,0.07638373263025612,0.06819348291073803,-0.32370121427752685,-1.459378449999218,15.297279,-7.6192737,7.539432,0.13857366,5.726544,1.5775442,384.20428,0.040021278
figure_eight_depth,smc,51.6,-0.822458,-0.5360337,-0.51676047,-0.011880572,-0.05196088,-0.61303437,0.09728665,0.05882708,-0.018683469,0.0034896615,-0.015514032,0.2969928,-0.7705132427757896,-0.49114362536434425,-0.49355517710873176,0.0,0.0,-0.28591234358339496,0.06675088399171747,-0.01962252523390884,-0.011844158414542338,0.0,0.0,0.0,0.07246974708791995,0.08446034365847227,-0.3271220239779454,-1.4387822512998278,11.84779,-3.737988,8.346603,-0.23680207,3.045329,-1.695053,236.21176,0.024605393
figure_eight_depth,smc,51.7,-0.81052774,-0.53783846,-0.5179451,-0.012322809,-0.05281935,-0.58409387,0.10720132,0.054083616,-0.016796099,0.010608602,-0.0120176235,0.28889188,-0.7637960286346424,-0.4929980185352524,-0.4947410466581272,0.0,0.0,-0.2528433410500845,0.0675921708748195,-0.017463982189991345,-0.011873178376975435,0.0,0.0,0.0,0.0687964150270152,0.0819278878893871,-0.3312505276823679,-1.4156673274053244,12.128715,-7.5766315,9.60163,-5.0495477,3.534964,-1.5469424,337.0893,0.035113465
figure_eight_depth,smc,51.800000000000004,-0.8001277,-0.53909373,-0.5189039,-0.012747733,-0.05344599,-0.5531321,0.09304357,0.047053967,-0.0139417,0.012096934,-0.010075899,0.30908483,-0.7569950556517565,-0.49463616648149417,-0.49592980193489966,0.0,0.0,-0.21994970072139916,0.06842604551476894,-0.01529777886627448,-0.011901872830205606,0.0,0.0,0.0,0.06606594144543189,0.06706656196906882,-0.333182416073187,-1.3946641222232965,9.989457,-4.6854215,5.3088746,-0.004838746,4.2434325,-0.024105538,167.9339,0.017493116
figure_eight_depth,smc,51.900000000000006,-0.7896183,-0.53930795,-0.51989144,-0.013161857,-0.0537751,-0.52445465,0.08989145,0.05357209,-0.014016597,0.011178425,-0.006941189,0.28630006,-0.7501110696304595,-0.496057350657239,-0.4971214103487228,0.0,0.0,-0.1873006855338053,0.06925241646793534,-0.013124865431313193,-0.01193024098763984,0.0,0.0,0.0,0.06284831822278474,0.0698484515851252,-0.33715396772928674,-1.371732932368416,15.149232,-9.405676,11.820698,-6.0771413,3.2530239,-0.50559384,505.46423,0.052652534
figure_eight_depth,smc,52.0,-0.7788163,-0.53929985,-0.5210379,-0.014018864,-0.05374406,-0.49168292,0.092709936,0.054372065,-0.015757127,0.0090444805,-0.003996639,0.32721955,-0.7431448254773946,-0.4972609476841366,-0.4983158392310499,0.0,0.0,-0.15496290414767191,0.0700711931127529,-0.010946194996308556,-0.011958282071372617,0.0,0.0,0.0,0.05963231332398601,0.06923452150634907,-0.33672001273198204,-1.3507523814496998,7.149232,-1.4056756,3.8206975,1.4431957,2.3987808,-0.9972465,76.51664,0.007970483
figure_eight_depth,smc,52.1,-0.7676874,-0.5391129,-0.5224481,-0.013915992,-0.0534807,-0.4641694,0.09632559,0.05445402,-0.018543249,0.015808474,-0.0012180493,0.2747477,-0.7360970871197345,-0.49824642962475213,-0.4995130558360099,0.0,0.0,-0.12299953932116998,0.07088228566182186,-0.008762723198607603,-0.011985995312824294,0.0,0.0,0.0,0.0565157888962673,0.06845959494245209,-0.34116987353016365,-1.3272291928051694,15.149232,-9.405676,11.820698,-6.556804,2.893063,-1.2528838,510.62604,0.053190216
figure_eight_depth,smc,52.2,-0.75606644,-0.5386126,-0.52385175,-0.014253915,-0.052946325,-0.43200925,0.10077823,0.05676336,-0.018663056,0.013812049,0.0008743404,0.3211851,-0.7289686274214116,-0.4990133642141358,-0.5007130273413049,0.0,0.0,-0.09146968025848763,0.07168560516951361,-0.0065754077808455325,-0.012013379952158232,0.0,0.0,0.0,0.053270929449688365,0.07001712854501024,-0.3405395696671258,-1.3037691684751822,7.149232,-3.3843815,4.5550375,-3.155011,2.4392319,-2.2783883,104.40892,0.01087593
figure_eight_depth,smc,52.300000000000004,-0.7459517,-0.5377135,-0.52514035,-0.013824095,-0.052318424,-0.40304536,0.08728465,0.0507599,-0.016807929,0.019626345,0.002155837,0.2892929,-0.721760228098362,-0.49956141504942914,-0.5019157208491096,0.0,0.0,-0.06042777389947546,0.07248106354279527,-0.004385208171947541,-0.012040435238613867,0.0,0.0,0.0,0.050795617618997785,0.05729623085266826,-0.3426175823741756,-1.2792464248753483,13.390842,-10.691326,11.525965,-8.826448,3.6924555,-1.3844774,519.92413,0.054158766
figure_eight_depth,smc,52.400000000000006,-0.73670167,-0.5362533,-0.5261884,-0.014152053,-0.051468518,-0.36958224,0.078704335,0.049909912,-0.013927447,0.014219822,0.003878753,0.33425906,-0.714472679632803,-0.49989034173742275,-0.5031211033869742,0.0,0.0,-0.02992320389253884,0.07326857355066663,-0.0021930850657714274,-0.012067160430506707,0.0,0.0,0.0,0.048461218020476045,0.05241879885743638,-0.33965903192060204,-1.2575537486406085,5.3908424,-2.6913264,3.5259645,-0.8264483,3.1646395,-1.1118773,60.671078,0.0063199042
figure_eight_depth,smc,52.5,-0.72794074,-0.53434575,-0.5272625,-0.013963844,-0.05046422,-0.34127584,0.074151546,0.04963565,-0.013874735,0.016444536,0.0060414523,0.28280276,-0.7071067811865477,-0.5,-0.5043291419087275,0.0,0.0,0.0,0.07404804883376359,0.0,-0.012093554795034045,0.0,0.0,0.0,0.04625606291175383,0.049667705183998254,-0.34127584099769587,-1.2340890016203507,13.390842,-10.691326,11.525965,-8.826448,2.964675,-0.80654335,513.813,0.05352218
figure_eight_depth,smc,52.6,-0.7194097,-0.5319641,-0.5285232,-0.014499147,-0.049220074,-0.30822706,0.07169137,0.05121687,-0.015530269,0.011317695,0.007831389,0.33020866,-0.6996633405133654,-0.49989034173742275,-0.5055398032953832,0.0,0.0,0.029303324968031116,0.07481940391385056,0.002193085065715916,-0.012119617608663535,0.0,0.0,0.0,0.044123499092750026,0.049241737075724594,-0.3375303871933729,-1.2129337918378003,5.3908424,-2.6913264,3.5259645,-0.8264483,2.373085,-1.0450795,56.14359,0.00584829
figure_eight_depth,smc,52.7,-0.71087927,-0.5291584,-0.5300645,-0.014366908,-0.047849197,-0.28016725,0.07192591,0.052883543,-0.018210135,0.015127876,0.009643963,0.28042755,-0.6921431738704067,-0.49956141504942925,-0.5067530543560478,0.0,0.0,0.0579538183897004,0.07558255420325732,0.004385208171947541,-0.01214534815685564,0.0,0.0,0.0,0.042076692487325575,0.04901266358458938,-0.338121070215033,-1.1894883950853203,13.390842,-9.878506,11.525965,-8.826448,2.4889965,-1.6904016,496.70615,0.051740225
figure_eight_depth,smc,52.800000000000004,-0.7019999,-0.52613527,-0.5315922,-0.01465733,-0.046282783,-0.24748166,0.07615303,0.05387168,-0.018168584,0.012729614,0.010972169,0.32667327,-0.684547105928689,-0.49901336421413583,-0.5079688618288305,0.0,0.0,0.08592402272844271,0.07633741601376087,0.0065754077808455325,-0.01217074573423016,0.0,0.0,0.0,0.039978235448337285,0.047675417417784194,-0.33340568178319885,-1.167683365022674,5.3908424,-1.8785061,3.5259645,-0.8264483,2.374457,-2.3845549,57.029556,0.005940579
figure_eight_depth,smc,52.900000000000006,-0.6926697,-0.5228613,-0.5329076,-0.014088179,-0.04466874,-0.21983293,0.08174261,0.05484067,-0.016152019,0.01848354,0.012090598,0.27639818,-0.6768759696826608,-0.4982464296247522,-0.5091871923817554,0.0,0.0,0.1131918163105739,0.07708390656635533,0.008762723198579847,-0.012195809644399702,0.0,0.0,0.0,0.0376562280446604,0.04648152506957039,-0.3330247432991756,-1.1430426265016298,12.898762,-9.812799,11.525965,-8.826448,2.1978025,-2.9115133,486.73035,0.05070108
figure_eight_depth,smc,53.0,-0.6830032,-0.51933944,-0.53391194,-0.013747786,-0.042959925,-0.18754672,0.08612373,0.05564053,-0.013120494,0.017820977,0.012542621,0.32274878,-0.6691306063588588,-0.49726094768413676,-0.5104080126136749,0.0,0.0,0.13974017572763958,0.07782194399996722,0.010946194996364067,-0.012220539200302749,0.0,0.0,0.0,0.03510474590627919,0.045467714819698565,-0.3272868908679823,-1.1201941840159275,4.8987617,-1.8127992,3.5259645,-0.8264483,1.4556733,-2.8277352,50.51462,0.0052619395
figure_eight_depth,smc,53.1,-0.6728945,-0.5155403,-0.5348988,-0.012474209,-0.041282635,-0.16026329,0.091722585,0.056357622,-0.013046978,0.024453111,0.0130239995,0.27278742,-0.6613118653236523,-0.49605735065723894,-0.5116312890551856,0.0,0.0,0.16555687621897958,0.07855144738044828,0.01312486543120217,-0.01224493372398161,0.0,0.0,0.0,0.03248261349983362,0.045201696885909866,-0.32582016125983493,-1.0949650733104892,10.20105,-9.607715,11.525965,-8.826448,0.9202381,-2.8406272,416.03964,0.043337464
figure_eight_depth,smc,53.2,-0.66324127,-0.5119629,-0.536069,-0.011364939,-0.039610885,-0.12889577,0.08902652,0.050908156,-0.014755395,0.024038365,0.01280682,0.31359205,-0.6534206039901057,-0.4946361664814942,-0.5128569881695462,0.0,0.0,0.19063414607182336,0.07927233670956824,0.015297778866357747,-0.012268992546582425,0.0,0.0,0.0,0.03058524433597837,0.03700574543606696,-0.3195299205555041,-1.0726700155334297,2.2010498,-1.6077144,3.5259645,-1.6456457,1.077877,-2.3209555,29.118597,0.0030331872
figure_eight_depth,smc,53.300000000000004,-0.6541362,-0.50874186,-0.53753406,-0.00966252,-0.03801987,-0.102615274,0.08550761,0.043849207,-0.017553788,0.027431391,0.012924752,0.26276264,-0.6454576877239506,-0.4929980185352525,-0.5140850763535959,0.0,0.0,0.21496829007276338,0.07998453293356356,0.017463982189991345,-0.012292715008521693,0.0,0.0,0.0,0.029547240044978534,0.02746567615987272,-0.31758356456168935,-1.04904033918569,10.20105,-9.607715,11.525965,-9.645646,2.0050647,-2.1441364,430.87357,0.04488266
figure_eight_depth,smc,53.400000000000006,-0.6453847,-0.50579184,-0.5390177,-0.008753487,-0.03642507,-0.07165875,0.08340761,0.038481712,-0.017648377,0.020857135,0.012958308,0.30948117,-0.6374239897486896,-0.4911436253643443,-0.5153155199386772,0.0,0.0,0.23855929560901576,0.08068795795257433,0.019622525233992105,-0.012316100459597301,0.0,0.0,0.0,0.028978197148194357,0.019786323994149292,-0.31021804846765455,-1.0281536422720434,2.2010498,-1.6077144,3.5259645,-1.6456457,2.6978385,-2.0262647,33.95402,0.0035368775
figure_eight_depth,smc,53.5,-0.6368216,-0.503086,-0.5403212,-0.007724519,-0.034874156,-0.045601316,0.08294373,0.0332597,-0.01577555,0.019779019,0.01322913,0.2605273,-0.6293203910498378,-0.4890738003669029,-0.5165482851915572,0.0,0.0,0.26141043318518703,0.08138253462702805,0.02177246118972853,-0.012339148258433408,0.0,0.0,0.0,0.028596496037709068,0.012091437766506275,-0.3070117489815623,-1.0057088012732387,10.20105,-9.607715,9.463798,-8.3174715,3.328726,-1.7488737,369.25235,0.03846379
figure_eight_depth,smc,53.6,-0.62852114,-0.49969077,-0.54135066,-0.0076200296,-0.03332389,-0.015628368,0.080962814,0.03780071,-0.012834345,0.011495585,0.013188349,0.29965803,-0.6211477802783106,-0.48678945143658026,-0.5177833383153542,0.0,0.0,0.28352786124523965,0.08206818678979655,0.023912847024409878,-0.012361857773313112,0.0,0.0,0.0,0.027860892421086098,0.013939793698148845,-0.2991562289076694,-0.9947740355884555,2.2010498,-1.6077144,1.4637979,-0.3174714,2.562812,-1.702408,19.13906,0.0019936515
figure_eight_depth,smc,53.7,-0.62035316,-0.49564183,-0.54239357,-0.007200807,-0.031796865,0.008982858,0.08064473,0.041859694,-0.012804536,0.012392129,0.013395484,0.24608484,-0.6129070536529765,-0.48429158056431554,-0.5190206454504627,0.0,0.0,0.30492024322332156,0.082744839251081,0.026042743894144627,-0.012384228381678852,0.0,0.0,0.0,0.027028984771774046,0.015961298075210982,-0.2959373855340601,-1.001888274821658,10.20105,-9.529119,9.463798,-8.3174715,1.9798706,-1.7756741,360.6822,0.037571065
figure_eight_depth,smc,53.800000000000004,-0.61217517,-0.49093884,-0.5436152,-0.0073042116,-0.03024689,0.03796282,0.08176882,0.04639889,-0.014489921,0.008179121,0.013413657,0.28975725,-0.6045991148623747,-0.481581283398829,-0.5202601726754825,0.0,0.0,0.32559838290020804,0.0834124178083484,0.028161217555722207,-0.012406259470076897,0.0,0.0,0.0,0.026275821518047113,0.018429751325904034,-0.2876355625192819,-1.0061178090010512,2.2010498,-1.5291187,1.4637979,-0.3174714,1.368871,-2.030518,15.423128,0.0016065758
figure_eight_depth,smc,53.900000000000006,-0.60391825,-0.4855921,-0.54512167,-0.0067706634,-0.028717149,0.061930872,0.08404459,0.050422493,-0.017246634,0.012583967,0.013547125,0.23967624,-0.5962248749656155,-0.4786597487660335,-0.5215018860081488,0.0,0.0,0.3455748824789378,0.0840708492539366,0.030267338776451824,-0.012427950434656942,0.0,0.0,0.0,0.025790302912405225,0.02072319124097315,-0.283644009978995,-1.0120568796452831,9.06714,-7.5847173,9.463798,-8.3174715,1.3640738,-2.7861102,308.10785,0.032094568
figure_eight_depth,smc,54.0,-0.5951939,-0.48032576,-0.5466248,-0.0064212433,-0.027177433,0.08973534,0.08986696,0.04728117,-0.017299201,0.011477751,0.013515048,0.2780279,-0.5877852522924734,-0.47552825814757693,-0.5227457514062631,0.0,0.0,0.3648638262852504,0.08472006138349197,0.032360183742030646,-0.012449300680672515,0.0,0.0,0.0,0.025458051694271528,0.016512052268917086,-0.2751284896835163,-1.0147547467421412,1.0671401,0.41528264,1.4637979,-0.3174714,1.8102392,-2.9116945,15.309671,0.0015947575
figure_eight_depth,smc,54.1,-0.585996,-0.47508526,-0.54793334,-0.0054892823,-0.025687115,0.112244435,0.09591411,0.044051178,-0.015414883,0.015436251,0.013458054,0.22509885,-0.5792811723426788,-0.4721881851187405,-0.5239917347686274,0.0,0.0,0.38348049174239923,0.08535998300368552,0.034438834461636425,-0.012470309622869546,0.0,0.0,0.0,0.02503361809958357,0.014575913938981793,-0.27123605708768656,-1.0194775706840955,8.997838,-7.5847173,9.463798,-8.3174715,2.2239926,-2.8476362,310.288,0.032321665
figure_eight_depth,smc,54.2,-0.5763151,-0.46980366,-0.548942,-0.005070869,-0.024232768,0.13905351,0.10182277,0.041709483,-0.012477518,0.0110698575,0.013072115,0.26807818,-0.5707135676844315,-0.46864099474594567,-0.5252398019359783,0.0,0.0,0.4014410882314772,0.08599054393976235,0.03650237917010579,-0.012490976685208821,0.0,0.0,0.0,0.024382875205798193,0.016666539108580434,-0.2623875795921416,-1.0213899561550988,0.9978383,0.41528264,1.4637979,-0.3174714,1.9914576,-2.2638893,12.502731,0.0013023679
figure_eight_depth,smc,54.300000000000004,-0.5661491,-0.46442157,-0.5499466,-0.0043554963,-0.02284475,0.16092597,0.10786358,0.03927424,-0.012463938,0.012453509,0.012771199,0.21872796,-0.5620833778521309,-0.46488824294412584,-0.526489918691924,0.0,0.0,0.41876252363706734,0.08661167504375733,0.03854991272878028,-0.012511301301088018,0.0,0.0,0.0,0.023811009920260716,0.021264300449141665,-0.25783655415559914,-1.0247796802338742,6.9375925,-7.5847173,6.78943,-8.3174715,1.9757639,-1.7650023,227.95369,0.023745177
figure_eight_depth,smc,54.400000000000006,-0.5570908,-0.45896426,-0.55115664,-0.0042260205,-0.021561842,0.18614395,0.09785457,0.039415866,-0.0141678415,0.007055238,0.011730896,0.25216737,-0.5533915492433442,-0.46093157579425037,-0.527742050763882,0.0,0.0,0.4354621977068785,0.08722330820148949,0.04058053702152287,-0.012531282913341713,0.0,0.0,0.0,0.023786507205350194,0.01081935766616597,-0.24931824807900219,-1.026308326892992,-1.0624073,0.14567958,-1.0251243,-0.3174714,1.6506522,-1.7333112,8.03062,0.00083652296
figure_eight_depth,smc,54.5,-0.54897887,-0.45339912,-0.5526775,-0.0037682762,-0.02033983,0.2059342,0.08966885,0.039749213,-0.016978363,0.008844257,0.011383871,0.19790635,-0.5446390350150278,-0.45677272882130077,-0.5289961638240193,0.0,0.0,0.45155782094879554,0.08782537634061116,0.04259336134965208,-0.012550920974130353,0.0,0.0,0.0,0.024310936008249514,0.005575823509650691,-0.245623624238209,-1.030750137779268,6.9375925,-7.8543205,6.974876,-8.3174715,1.8855411,-2.2494888,236.26524,0.02461096
figure_eight_depth,smc,54.6,-0.5416041,-0.4476675,-0.5542316,-0.0037835469,-0.01912799,0.22977582,0.08357602,0.04108967,-0.017089391,0.004696303,0.011220089,0.23841092,-0.5358267949789971,-0.45241352623301,-0.5302522234901926,0.0,0.0,0.4670672574148008,0.08841781343743582,0.044587502821630265,-0.012570214945106795,0.0,0.0,0.0,0.02511795538937739,0.0074900417058339,-0.23729144121263712,-1.0334206511411637,0.14713809,0.14567958,1.0692054,-0.3174714,1.9340914,-2.7813969,12.763739,0.0013295561
figure_eight_depth,smc,54.7,-0.5336824,-0.44170022,-0.5555993,-0.003420224,-0.017878218,0.24944915,0.09044807,0.04012017,-0.015258153,0.007396113,0.011753411,0.19674315,-0.5269557954966778,-0.44785588011970656,-0.5315101953268918,0.0,0.0,0.4820083895846789,0.08900055452470967,0.04656208674133633,-0.012589164297305278,0.0,0.0,0.0,0.025757000318623727,0.007121593164303875,-0.23255924081053186,-1.037803714963678,7.6156864,-6.591909,8.282878,-7.2591,2.2479467,-2.8310375,235.82059,0.024564644
figure_eight_depth,smc,54.800000000000004,-0.5248838,-0.43531442,-0.55666435,-0.00348647,-0.016603986,0.2731277,0.10082075,0.040202856,-0.012317308,0.003570619,0.011932512,0.23679005,-0.5180270093731303,-0.4431017896156074,-0.5327700448461835,0.0,0.0,0.49639900340874554,0.08957353569816195,0.04851624699084289,-0.012607768511141426,0.0,0.0,0.0,0.026049885798424398,0.013989162426381046,-0.22327129854996564,-1.038902994392485,-0.38431352,1.4080911,0.28287756,0.7409,1.9473689,-2.3234053,11.949827,0.0012447736
figure_eight_depth,smc,54.900000000000006,-0.5153044,-0.428461,-0.55772233,-0.0032381895,-0.015348981,0.2918104,0.1105391,0.040197033,-0.012276954,0.0055847317,0.011898698,0.18684359,-0.5090414157503712,-0.43815334002193174,-0.5340317375086567,0.0,0.0,0.5102566915947335,0.09013669412444303,0.05044912641116728,-0.012626027076745316,0.0,0.0,0.0,0.026351673927178902,0.022836056387346943,-0.21844629826129847,-1.0410429203237967,5.6250286,-6.591909,5.7511015,-7.2591,1.8321123,-1.9278568,167.93716,0.017493457
figure_eight_depth,smc,55.0,-0.50649166,-0.42138496,-0.55896884,-0.0034419124,-0.014177923,0.313668,0.104554795,0.042461112,-0.013934155,0.0013175629,0.011002813,0.2185873,-0.5000000000000004,-0.4330127018922196,-0.5352952387243697,0.0,0.0,0.5235987732240234,0.09068996804570406,0.0523598771768885,-0.01264393949323983,0.0,0.0,0.0,0.02716220773116457,0.017084601962444584,-0.20993076060500482,-1.0409769366268535,-2.3749712,1.4080911,-1.8665763,0.7409,1.3284311,-2.0736399,17.720959,0.0018459331
figure_eight_depth,smc,55.1,-0.49815866,-0.41410324,-0.5605102,-0.0032132037,-0.01304877,0.33008537,0.10150313,0.04361044,-0.016704738,0.0046146503,0.010726448,0.16419509,-0.4909037536151411,-0.42768213008025346,-0.5365605138537985,0.0,0.0,0.5364422278743372,0.09123329679039394,0.05424766117015367,-0.012661505269906392,0.0,0.0,0.0,0.028471183942603506,0.01532865396765288,-0.20635686090999694,-1.0432736860927636,5.6250286,-6.591909,6.133424,-7.2591,1.5123303,-2.6411438,174.67041,0.018194834
figure_eight_depth,smc,55.2,-0.49015206,-0.40653718,-0.5620705,-0.003269819,-0.011931251,0.35033643,0.10005499,0.045678817,-0.016763082,0.002076286,0.010524487,0.20252818,-0.4817536741017153,-0.4221639627510076,-0.5378275282087863,0.0,0.0,0.5488036425295166,0.09176662077595155,0.05611165034638543,-0.01267872392496372,0.0,0.0,0.0,0.030040814512997914,0.013936391466951827,-0.19846721007254645,-1.0433201047394811,-1.7796458,1.4080911,-0.012188755,-0.07107384,1.5396593,-3.1904442,17.704544,0.0018442232
figure_eight_depth,smc,55.300000000000004,-0.48170996,-0.39894333,-0.56344783,-0.0028813435,-0.010807131,0.36642012,0.105184175,0.042400446,-0.01489038,0.005803695,0.010715264,0.16086128,-0.47255076486905384,-0.4164606203550496,-0.5390962470534943,0.0,0.0,0.5606991696650709,0.09228988151743778,0.05795102709824085,-0.012695594986456005,0.0,0.0,0.0,0.03136472280163205,0.02031995244894956,-0.1942790496642317,-1.0454315993363767,6.063698,-6.484882,7.3766994,-7.7978835,1.9489673,-3.1408257,207.70808,0.021636257
figure_eight_depth,smc,55.400000000000006,-0.47299546,-0.3911131,-0.56453365,-0.0028898027,-0.0096933115,0.38694465,0.10929002,0.041916814,-0.011919577,0.002133477,0.010546805,0.20526466,-0.46329603511986134,-0.4105746045668518,-0.5403666356053548,0.0,0.0,0.5721444950507079,0.09280302163339194,0.059764984614268934,-0.012712117991697802,0.0,0.0,0.0,0.03250959144449498,0.024310623155605136,-0.18519984344700913,-1.0450094583387561,-1.9363023,1.5151182,-0.62330055,0.20211643,1.5672565,-2.7123857,16.287533,0.0016966179
figure_eight_depth,smc,55.5,-0.46404594,-0.3829905,-0.565623,-0.002592509,-0.008603534,0.402948,0.113419175,0.04148319,-0.011873303,0.004524166,0.010435285,0.16005664,-0.45399049973954697,-0.40450849718747384,-0.5416386590360236,0.0,0.0,0.5831548139234201,0.09330598485224328,0.06155272723284977,-0.012728292487884652,0.0,0.0,0.0,0.033754757130425556,0.02842635677073896,-0.18020682183700953,-1.0455534540922566,3.1064596,-4.333446,4.251992,-5.478979,1.3627516,-2.4081848,84.183945,0.008769161
figure_eight_depth,smc,55.6,-0.45535576,-0.37463614,-0.56688946,-0.0025443868,-0.007552126,0.4208408,0.1125888,0.042810656,-0.0135229705,0.0020206165,0.01005019,0.17894804,-0.44463517918492745,-0.39826495901209813,-0.542912282472336,0.0,0.0,0.5937448143286057,0.09379871601838952,0.06331347079091554,-0.012744118031482454,0.0,0.0,0.0,0.035329267282944124,0.027821561685246212,-0.1729040145201035,-1.0443417683226621,-2.601653,1.5130154,-1.073294,-0.0153438,0.9954086,-2.418279,17.048922,0.0017759292
figure_eight_depth,smc,55.7,-0.44670126,-0.36613393,-0.5684418,-0.00221995,-0.0065203616,0.43471327,0.11360704,0.042289104,-0.01627433,0.0042920234,0.009964651,0.13874665,-0.4352310993723273,-0.39184672866291975,-0.5441874709972622,0.0,0.0,0.6039286665577525,0.09428116109830298,0.06504644296814743,-0.012759594188616052,0.0,0.0,0.0,0.037161613601307354,0.030062260064199715,-0.16921539231725868,-1.0456671261000103,5.154823,-6.213368,6.7713943,-7.82994,1.3418868,-2.8231158,182.10852,0.018969638
figure_eight_depth,smc,55.800000000000004,-0.4379691,-0.35741657,-0.5700064,-0.002279082,-0.00550293,0.4530985,0.11580869,0.042326353,-0.01630751,0.00060745433,0.009766161,0.18387051,-0.425779291565073,-0.38525662138789485,-0.5454641896508643,0.0,0.0,0.6137200177226132,0.09475326718644261,0.06675088362567694,-0.012774720535069228,0.0,0.0,0.0,0.03906377150945793,0.0324402377740125,-0.16062151198721586,-1.0445164207081608,-2.8451774,1.786632,-1.2286055,0.1700601,1.5723184,-3.167058,25.327923,0.002638325
figure_eight_depth,smc,55.900000000000006,-0.42919078,-0.34843048,-0.5713934,-0.002029659,-0.0045070457,0.46712613,0.11818408,0.04239914,-0.014423746,0.0032661597,0.009639121,0.14029668,-0.4162807922604013,-0.3784975278258783,-0.5467424034312558,0.0,0.0,0.6231319906265267,0.09521498251108262,0.06842604513954131,-0.012789496656118171,0.0,0.0,0.0,0.04096785545660654,0.03475126177669266,-0.15600585956878743,-1.0438803810945463,1.7320952,-3.141079,3.529695,-4.9386787,1.7207159,-3.3774786,64.08405,0.0066754217
figure_eight_depth,smc,56.0,-0.42047143,-0.3392863,-0.5724931,-0.0019311868,-0.003535607,0.48255906,0.118979685,0.042403333,-0.011447577,0.0016802889,0.009401133,0.15434706,-0.406736643075801,-0.3715724127386977,-0.5480220772955601,0.0,0.0,0.632177186193951,0.0956662564399191,0.0700711927285047,-0.012803922146586988,0.0,0.0,0.0,0.04277694932861484,0.03620588477582956,-0.14961813110400046,-1.0417108749638277,-2.7081203,1.3032429,-0.73952025,-0.6653572,1.2294879,-3.0583785,20.887268,0.002175757
figure_eight_depth,smc,56.1,-0.41174167,-0.3299932,-0.5735983,-0.0016353709,-0.0025782362,0.4948409,0.12041368,0.041831378,-0.011397296,0.0033923942,0.009336506,0.12283574,-0.3971478906347812,-0.36448431371070616,-0.5493031761608718,0.0,0.0,0.6408676888166003,0.09610703948564892,0.0716856047764669,-0.01281799661112526,0.0,0.0,0.0,0.04464157823406343,0.03852409882432725,-0.1460267986474566,-1.0415856218226733,3.1926425,-4.6213417,5.241579,-6.670278,0.94708675,-2.8323486,112.4357,0.011712052
figure_eight_depth,smc,56.2,-0.40293574,-0.32049826,-0.5748782,-0.0016193774,-0.0016321957,0.5104415,0.12255315,0.04176224,-0.0130466,0.0005621543,0.009205267,0.15602039,-0.3875155864521033,-0.35723633981640196,-0.5505856649052184,0.0,0.0,0.6492150740558088,0.09653728331149303,0.07326857314893243,-0.012831719663763952,0.0,0.0,0.0,0.046664718271711585,0.040859764689251156,-0.13877359198870065,-1.038974630584618,-4.807358,3.3786585,-2.758421,1.3297219,0.7153487,-2.7071867,51.743656,0.005389964
figure_eight_depth,smc,56.300000000000004,-0.39407703,-0.31075022,-0.57644427,-0.0012716666,-0.00069533096,0.52085805,0.124894634,0.04179989,-0.015797066,0.0036471277,0.009199951,0.10418101,-0.3778407868184672,-0.34983167025668277,-0.5518695083685231,0.0,0.0,0.6572304182230708,0.09695694073633132,0.07481940350362315,-0.012845090928303993,0.0,0.0,0.0,0.04893765986863582,0.04335339675385424,-0.13637236883037063,-1.0386376345289308,3.1926425,-4.6213417,5.241579,-6.670278,1.0599052,-3.115506,114.3463,0.011911073
figure_eight_depth,smc,56.400000000000006,-0.38508987,-0.3006586,-0.5780222,-0.0012310153,0.00022854716,0.5349352,0.12816113,0.042831566,-0.015813785,0.00050439546,0.00905976,0.14078264,-0.36812455268467786,-0.34227355296434425,-0.5531546713535689,0.0,0.0,0.6649243094232883,0.09736596574044798,0.07633741559553986,-0.012858110038371784,0.0,0.0,0.0,0.051361643401344845,0.04560394986090048,-0.1299891330507602,-1.0364367298825146,-4.563107,2.4357235,-2.1744754,0.0470921,1.2635993,-3.4865327,45.23785,0.0047122757
figure_eight_depth,smc,56.5,-0.37634557,-0.2905792,-0.5794216,-0.00093626295,0.0011190949,0.5449156,0.12661369,0.042153385,-0.013912801,0.002924713,0.008782609,0.09981531,-0.35836794954530077,-0.3345653031794295,-0.5544411186269631,0.0,0.0,0.6723068597059058,0.09776431346836256,0.07782194357330852,-0.012870776636642045,0.0,0.0,0.0,0.05368422249984205,0.04588701916434213,-0.12739124319360717,-1.0367421130836285,3.4368932,-5.463366,5.825525,-7.952908,1.3358305,-3.772803,154.86456,0.016131727
figure_eight_depth,smc,56.6,-0.36768594,-0.28039095,-0.5805324,-0.00094872597,0.0019903395,0.5593523,0.12687758,0.04225041,-0.010926443,-0.00028618966,0.008577277,0.14437439,-0.3485720473218155,-0.32671030199505297,-0.5557288149201041,0.0,0.0,0.6793877180298753,0.0981519402380171,0.07927233627488817,-0.01288309037611457,0.0,0.0,0.0,0.05591100100259711,0.04690003913036592,-0.12003543932046368,-1.0350122807833222,-4.563107,2.5366342,-2.1744754,0.0470921,0.8133116,-3.4840407,44.787033,0.0046653156
figure_eight_depth,smc,56.7,-0.3591344,-0.27003565,-0.58164996,-0.0006451155,0.0028554494,0.5695872,0.12745377,0.042403966,-0.01088221,0.0028323953,0.008553995,0.10235713,-0.3387379202452914,-0.3187119948743449,-0.5570177249301476,0.0,0.0,0.6861760837824273,0.0985288035413312,0.08068795750981739,-0.012895050919226048,0.0,0.0,0.0,0.05824216441497062,0.048024675412951245,-0.11658891270469907,-1.0346210788723271,0.57455957,-2.341441,3.6656349,-5.432516,0.47059947,-3.318945,59.998432,0.006249837
figure_eight_depth,smc,56.800000000000004,-0.350243,-0.2595815,-0.5829425,-0.00045195274,0.00372682,0.58164424,0.13129069,0.0400951,-0.012524393,0.0015873453,0.008635921,0.12057557,-0.32886664673858307,-0.31057389013915504,-0.5583078133209745,0.0,0.0,0.6926807206399883,0.09889486205105769,0.08206818633985091,-0.012906657937905575,0.0,0.0,0.0,0.06053130491632282,0.05302240899158003,-0.11103648359851492,-1.0326796892149133,-4.4579635,2.523367,-1.5703295,-0.36426708,0.38157392,-3.05067,38.29163,0.003988711
figure_eight_depth,smc,56.900000000000006,-0.34122205,-0.24893905,-0.58452016,-9.698774e-05,0.00459528,0.59027326,0.13390289,0.039370004,-0.015259971,0.0032280618,0.008645603,0.08629378,-0.31895930929806954,-0.3022995574311871,-0.5595990447241598,0.0,0.0,0.698909970594933,0.09925007562469612,0.08341241735096427,-0.012917911114129765,0.0,0.0,0.0,0.06296058358859533,0.056089545598835576,-0.10863670952468152,-1.032853497402224,2.2495375,-4.338604,5.1408267,-7.229893,0.76556015,-3.4199874,114.86575,0.011965183
figure_eight_depth,smc,57.0,-0.3321172,-0.23807366,-0.5861098,-6.504842e-05,0.0054418608,0.60267717,0.13618895,0.039593473,-0.0152672855,-0.00025059894,0.008453774,0.12403855,-0.3090169943749477,-0.2938926261462368,-0.5608913837399422,0.0,0.0,0.704871767996983,0.09959440530910024,0.08472006091900242,-0.012928810139256619,0.0,0.0,0.0,0.06546255142913665,0.05814669723791602,-0.10219460153503845,-1.0306551702654008,-5.7504625,3.661396,-2.8591733,0.77010673,0.9943584,-3.7667167,70.41848,0.007335258
figure_eight_depth,smc,57.1,-0.3230285,-0.22708276,-0.5875211,0.00023383881,0.006250254,0.6104017,0.13725121,0.03902694,-0.013363078,0.002568518,0.0080789095,0.077244356,-0.29904079225608665,-0.2853567838422158,-0.5621847949381952,0.0,0.0,0.7105736534894598,0.09992781334464129,0.0859905434683339,-0.012939354714580631,0.0,0.0,0.0,0.06792053782534595,0.05998996516804902,-0.10017196348320366,-1.0301857884452308,2.2495375,-4.338604,5.1408267,-7.229893,1.1395097,-3.981684,119.73565,0.012472465
figure_eight_depth,smc,57.2,-0.31396773,-0.21612553,-0.58864146,0.00030095605,0.00696939,0.62202924,0.13711941,0.037847124,-0.01035623,-5.5575212e-05,0.007218549,0.11627166,-0.28903179694447134,-0.27669577462167183,-0.5634792428593971,0.0,0.0,0.7160227877374243,0.1002502631693436,0.08722330772320541,-0.012949544550833192,0.0,0.0,0.0,0.07016902853791737,0.06167711863805951,-0.09399354283767457,-1.0276961754722258,-5.7504625,3.661396,-2.8591733,0.77010673,0.67586946,-3.6312983,68.884705,0.007175489
figure_eight_depth,smc,57.300000000000004,-0.30507848,-0.20547497,-0.58976394,0.00072854105,0.0075790137,0.62912005,0.13437717,0.034757152,-0.010298641,0.0037816647,0.006117575,0.07090499,-0.27899110603922966,-0.26791339748949866,-0.5647746920156043,0.0,0.0,0.7212259648723508,0.10056171942299241,0.08841781295262918,-0.012959379368848722,0.0,0.0,0.0,0.07213577668013013,0.06348252128510652,-0.09210591301154147,-1.027503007064101,2.2337077,-3.9846818,5.1408267,-7.229893,0.4059442,-3.3902767,111.22535,0.011585976
figure_eight_depth,smc,57.400000000000006,-0.29622078,-0.19531149,-0.59105575,0.0010040908,0.008051585,0.64011014,0.13151789,0.030046279,-0.011943714,0.0019225661,0.004805783,0.109894074,-0.26891982061526587,-0.25901350468656525,-0.5660711068914238,0.0,0.0,0.7261896255808374,0.10086214795085313,0.08957353520699929,-0.01296885889895405,0.0,0.0,0.0,0.07367171694796117,0.06696506211561633,-0.08607949050240726,-1.025683449956568,-5.7662926,4.015318,-2.8591733,0.77010673,0.26551047,-3.1705234,68.26356,0.0071107876
figure_eight_depth,smc,57.5,-0.28750196,-0.1858274,-0.5926263,0.0016298575,0.008400647,0.6465922,0.1266967,0.023974286,-0.014709404,0.005735765,0.0035556923,0.06481489,-0.25881904510252157,-0.2500000000000007,-0.567368451944987,0.0,0.0,0.7309198697956936,0.10115151580761261,0.09068996754846292,-0.012977982881245964,0.0,0.0,0.0,0.07469129309546729,0.07146003542531279,-0.08432766999329488,-1.0262121750992295,2.2337077,-2.9528928,5.1408267,-5.96785,0.72893625,-3.4597907,88.25386,0.00919311
figure_eight_depth,smc,57.6,-0.27832967,-0.17661412,-0.59420687,0.0020746398,0.008629709,0.6564957,0.1288434,0.018250652,-0.014753975,0.0036158774,0.002452024,0.09902732,-0.24868988716485535,-0.24087683705085813,-0.5686666916089238,0.0,0.0,0.7354224689418967,0.10142979126076535,0.09176662027279847,-0.012986751065591218,0.0,0.0,0.0,0.07523638859751126,0.07848073965014823,-0.07892677859613251,-1.0241610182539236,-5.7662926,5.047107,-2.8591733,2.0321498,1.2615871,-3.502862,84.889565,0.008842664
figure_eight_depth,smc,57.7,-0.2688576,-0.16787234,-0.59560287,0.0027385098,0.00874581,0.6615254,0.12850244,0.011407732,-0.012875676,0.00620465,0.0012653607,0.050293386,-0.23853345757858122,-0.23164801755993117,-0.5699657902913382,0.0,0.0,0.7397028777140613,0.10169694379430494,0.09280302112454897,-0.012995163211571015,0.0,0.0,0.0,0.07512756138581639,0.08569563684603256,-0.07817744941892578,-1.0235312058369264,2.2337077,-2.9528928,5.1408267,-5.96785,1.7068105,-3.4158242,90.33341,0.00940973
figure_eight_depth,smc,57.800000000000004,-0.2591405,-0.15972608,-0.59670365,0.0030067815,0.008707693,0.670159,0.12680894,0.004557334,-0.009911245,0.0019276512,-0.00014475636,0.086333044,-0.22835087011065586,-0.22231758959246387,-0.5712657123767834,0.0,0.0,0.7437662453611306,0.1019529441119299,0.09379871550409258,-0.013003219088536522,0.0,0.0,0.0,0.0742481383246159,0.09268983276393476,-0.07360726308421406,-1.0220474118648837,-2.9171715,4.3335495,-1.5139982,2.0321498,1.5245578,-2.7818754,43.77447,0.004559841
figure_eight_depth,smc,57.900000000000006,-0.24869695,-0.1511429,-0.59781206,0.003290436,0.0085972855,0.67530787,0.13525094,0.0023725575,-0.009914206,0.0023882056,-0.0009492573,0.051489577,-0.21814324139654243,-0.21288964578253622,-0.5725664222272386,0.0,0.0,0.7476174264628623,0.10219776414077675,0.0947532666673162,-0.013010918475775402,0.0,0.0,0.0,0.07337255994616597,0.09816464507068627,-0.07230955655166849,-1.0223784395673106,4.980897,-3.6664503,5.6456246,-4.6343393,1.6157249,-2.1811206,98.97022,0.010309398
figure_eight_depth,smc,58.0,-0.23788856,-0.14183542,-0.59909457,0.0030697973,0.008346244,0.68466437,0.1426506,0.0050406405,-0.011615516,-0.0030107806,-0.002202549,0.09356922,-0.20791169081775987,-0.2033683215379006,-0.5738678841830865,0.0,0.0,0.7512609911930165,0.1024313770326829,0.09566625591578282,-0.013018261162067724,0.0,0.0,0.0,0.07294721473780395,0.0991592461967705,-0.06659662256356091,-1.0206939836573463,-3.019103,4.3335495,-2.3543751,3.365661,1.5605832,-1.8772947,50.725044,0.0052838586
figure_eight_depth,smc,58.1,-0.22686814,-0.13206264,-0.60065866,0.0028937939,0.007983749,0.689855,0.14729735,0.0059641623,-0.01443056,-0.00219325,-0.003465594,0.05191513,-0.19765734037912644,-0.19375779322605174,-0.5751700625640902,0.0,0.0,0.7547012350591759,0.10265375716936309,0.09653728278216644,-0.013025246946074542,0.0,0.0,0.0,0.07286446665443429,0.10098770058271277,-0.06484625554410017,-1.0195013218211688,2.9011693,-3.0019062,2.9783795,-3.0791166,2.0642698,-2.1295717,44.576214,0.004643356
figure_eight_depth,smc,58.2,-0.21662477,-0.122287266,-0.6022198,0.002391098,0.0074357553,0.6975369,0.14134419,0.01016796,-0.014513184,-0.0056402558,-0.005257618,0.076832116,-0.18738131458572468,-0.18406227634233904,-0.5764729216703713,0.0,0.0,0.7579421881239625,0.10286488016519879,0.09736596520616703,-0.01303187563650443,0.0,0.0,0.0,0.07303584166670153,0.09532231444826915,-0.06040530238558972,-1.0164982892777434,-4.0073357,4.0916233,-3.4260066,3.5102942,2.1002266,-2.6690333,68.3945,0.0071244263
figure_eight_depth,smc,58.300000000000004,-0.20688787,-0.11278145,-0.60358685,0.0021504431,0.0067800884,0.7008136,0.13578294,0.010281573,-0.012685513,-0.0026501962,-0.006478305,0.032781817,-0.17708474031958313,-0.17428602366090745,-0.5777764257833896,0.0,0.0,0.7609876237044584,0.10306472286773782,0.09815193969982261,-0.013038147051391835,0.0,0.0,0.0,0.07305626114391155,0.09376463918025975,-0.060174032224203255,-1.0154160746602316,3.992664,-3.9083765,4.573993,-4.4897056,2.1794431,-2.9474225,85.73291,0.008930512
figure_eight_depth,smc,58.400000000000006,-0.19765382,-0.10364558,-0.60465074,0.0017267434,0.00599962,0.7079902,0.12955847,0.010261226,-0.009782915,-0.0047235778,-0.0076503404,0.07178159,-0.16676874671610187,-0.16443332336929123,-0.5790805391669211,0.0,0.0,0.7638410665587694,0.10325326336199647,0.098894861508797,-0.013044061018929742,0.0,0.0,0.0,0.07282082390828873,0.09251227180977192,-0.05585083742897812,-1.0131449075387766,-3.645777,4.0916233,-2.5617635,3.5102942,1.6373562,-2.6703086,58.72935,0.0061176405
figure_eight_depth,smc,58.5,-0.18854238,-0.09481913,-0.6057093,0.0016837354,0.0051749116,0.71112704,0.12667716,0.0077825272,-0.009839294,-0.0006182744,-0.008192906,0.03138164,-0.15643446504023112,-0.15450849718747395,-0.5803852260680387,0.0,0.0,0.7665058005618846,0.10343048097236074,0.09959440476300929,-0.013049617376914568,0.0,0.0,0.0,0.07235363461888294,0.09476357374389917,-0.05537875779149881,-1.0132679996801484,4.3542233,-3.9083765,5.4382367,-4.4897056,1.4242018,-2.3682866,91.603676,0.009542049
figure_eight_depth,smc,58.6,-0.17960714,-0.086399384,-0.60693383,0.0014684257,0.0042724353,0.71847683,0.12271227,0.0054514096,-0.011619557,-0.0025334412,-0.008901002,0.07351217,-0.14608302856241162,-0.1445158984722358,-0.581690450718092,0.0,0.0,0.7689848758804488,0.10359635626493169,0.1002502626196583,-0.013054815973023715,0.0,0.0,0.0,0.0716841927890748,0.09671763353571383,-0.05050804396745446,-1.012049074855868,-3.645777,4.0916233,-2.5617635,3.5102942,1.2374114,-2.1924062,55.2557,0.0057558026
figure_eight_depth,smc,58.7,-0.17090099,-0.07849853,-0.6084351,0.0016134398,0.0033394292,0.7217652,0.11761033,0.002149761,-0.014513429,0.0013096464,-0.009281764,0.032897215,-0.13571557243430504,-0.1344599103076335,-0.5829961773336878,0.0,0.0,0.7712811156541445,0.10375087104959324,0.10086214739780941,-0.013059656664760055,0.0,0.0,0.0,0.07082957133086441,0.09969118935975903,-0.04951589548889179,-1.0135650100667704,4.3542233,-1.8747605,5.4382367,-2.8573167,1.6482134,-2.533452,69.34766,0.0072237137
figure_eight_depth,smc,58.800000000000004,-0.16144933,-0.07043426,-0.6099462,0.0016010349,0.002390636,0.72836435,0.12427914,-0.0019381071,-0.014693095,-0.00034442203,-0.009381449,0.06600634,-0.12533323356430465,-0.12434494358242779,-0.5843023701176716,0.0,0.0,0.7733971221916573,0.10389400838210772,0.10142979070462688,-0.01306413931945194,0.0,0.0,0.0,0.06977349019010244,0.10537138813828029,-0.04503277378009729,-1.012437979087539,-3.633137,6.1252394,-2.5617635,5.142683,2.2112098,-2.5457292,95.09825,0.0099060675
figure_eight_depth,smc,58.900000000000006,-0.1514307,-0.062396683,-0.6112707,0.0018425273,0.0014214438,0.7301229,0.12829894,-0.0067282217,-0.012927909,0.0023728835,-0.009663753,0.017600967,-0.11493715049286679,-0.11417543505532805,-0.5856089932601082,0.0,0.0,0.7753352826909602,0.10402575256581587,0.10195294355292567,-0.013068263814197678,0.0,0.0,0.0,0.06834722072109829,0.11135889239911541,-0.04521235883994701,-1.012472039498148,4.366863,-1.8747605,5.4382367,-2.8573167,2.657317,-2.454586,73.409225,0.0076467935
figure_eight_depth,smc,59.0,-0.14100313,-0.05454119,-0.6122997,0.0016761007,0.00036696403,0.735333,0.13010256,-0.011035679,-0.010084213,-0.0017383252,-0.010448784,0.05212,-0.1045284632676543,-0.10395584540888049,-0.5869160109392639,0.0,0.0,0.7770977744933548,0.10414608915348955,0.1024313764705978,-0.013072030035810034,0.0,0.0,0.0,0.0664570567083026,0.11643641218835411,-0.04176474903787997,-1.0123205792862833,-0.46124578,3.7629323,-1.0730594,4.374746,2.4298146,-1.8626894,44.035877,0.0045870706
figure_eight_depth,smc,59.1,-0.13046236,-0.04604861,-0.61332476,0.0015402636,-0.0007271035,0.7377529,0.13514599,-0.0077465693,-0.010188194,-0.0013672499,-0.0109001,0.02421757,-0.09410831331851491,-0.0936906572928629,-0.5882233873225893,0.0,0.0,0.7786865698791352,0.10425500494886525,0.10286487960118468,-0.013075437881149288,0.0,0.0,0.0,0.06497276715141341,0.11488029378060012,-0.04093365545042426,-1.0142046579621464,5.7310467,-2.8071208,4.9455986,-2.0216725,2.2535357,-1.5231702,76.669395,0.007986396
figure_eight_depth,smc,59.2,-0.12022428,-0.037220743,-0.61451685,0.0010160231,-0.0019228603,0.7437844,0.13512985,-0.003557978,-0.012013984,-0.0051985504,-0.011864653,0.0603332,-0.08367784333231584,-0.08338437335805148,-0.5895310865677,0.0,0.0,0.7801034404138438,0.10435248800810121,0.10325326279584518,-0.013078487256790172,0.0,0.0,0.0,0.06396101615413739,0.11116213646190179,-0.036319012771021564,-1.0144607230229576,-2.2689533,5.192879,-3.0544014,5.9783273,1.9955188,-1.4181076,83.17704,0.0086642755
figure_eight_depth,smc,59.300000000000004,-0.11037008,-0.028208436,-0.6159858,0.00075917825,-0.0031726789,0.7452587,0.13351004,-0.00041320626,-0.014945323,-0.0025401001,-0.0124832,0.014755581,-0.07323819712763181,-0.07304151428120594,-0.5908390728233609,0.0,0.0,0.781349960854801,0.10443852764108197,0.10359635569689996,-0.013081178079077382,0.0,0.0,0.0,0.06341245787840856,0.10801211387153187,-0.03609127192810424,-1.016670647464794,5.7310467,-2.8071208,4.9455986,-2.0216725,2.3078394,-1.8537421,78.03342,0.008128481
figure_eight_depth,smc,59.400000000000006,-0.10097978,-0.019137591,-0.6174617,0.00023237521,-0.004507325,0.7504095,0.13047802,0.0029698252,-0.015175576,-0.005104612,-0.013307355,0.051517885,-0.06279051952931326,-0.062666616782152,-0.592147310230468,0.0,0.0,0.7824275126232101,0.10451311441259797,0.10389400781244534,-0.013083510274236598,0.0,0.0,0.0,0.06319820628608783,0.10423168393728624,-0.03201802871360316,-1.0169168925425085,-2.2689533,5.192879,-3.0544014,5.9783273,2.4637697,-2.268723,88.40118,0.009208457
figure_eight_depth,smc,59.5,-0.092084624,-0.010130664,-0.6187525,0.000108497305,-0.0058777616,0.7511001,0.12642226,0.0052149105,-0.01347884,-0.0012076498,-0.013702761,0.006909528,-0.05233595624294437,-0.05226423163382727,-0.5934557629230316,0.0,0.0,0.7833372868512991,0.1045762401437958,0.10414608858288349,-0.013085483778429996,0.0,0.0,0.0,0.0632069453785394,0.10131525623991462,-0.032237163922679724,-1.019086603253881,5.7310467,-2.8071208,4.9455986,-2.0216725,2.5458753,-2.5392692,82.2003,0.008562531
figure_eight_depth,smc,59.6,-0.0837341,-0.0012908743,-0.61975366,-0.00018141164,-0.0073032556,0.7555136,0.1213028,0.007624682,-0.01072577,-0.0026396795,-0.014250151,0.044135183,-0.04187565372919993,-0.04183892166615805,-0.5947643950291607,0.0,0.0,0.7840802870087764,0.10462789791091179,0.10435248743592349,-0.013087098537312158,0.0,0.0,0.0,0.06340928309943637,0.09818297466808824,-0.028566678553118455,-1.0197906218386645,-1.939189,5.192879,-1.6581876,5.3612714,1.9921217,-2.2783868,71.37887,0.007435298
figure_eight_depth,smc,59.7,-0.075352825,0.0072386325,-0.62075603,-2.6883834e-05,-0.00872052,0.7561242,0.1194162,0.004622633,-0.010895114,0.0015898733,-0.014173753,0.0061035394,-0.03141075907812836,-0.031395259764656756,-0.5960731706720448,0.0,0.0,0.7846573311162512,0.10466808205041728,0.10451311383953207,-0.013088354506918254,0.0,0.0,0.0,0.06350375075545182,0.10099715548420608,-0.028533132679514184,-1.0230552545586893,6.060811,-2.8071208,6.341812,-2.6387284,1.7803928,-1.9772179,98.87402,0.010299377
figure_eight_depth,smc,59.800000000000004,-0.067036025,0.015353123,-0.62193376,-9.5992014e-05,-0.010163076,0.76104426,0.11607174,0.0019711764,-0.012789951,-0.00026203183,-0.014426886,0.04919841,-0.02094241988335679,-0.020937826864599645,-0.5973820539709386,0.0,0.0,0.7850690535490384,0.10469678815522472,0.10462789733722659,-0.013089251652609324,0.0,0.0,0.0,0.06359590913830122,0.10328543669729548,-0.024024789709316766,-1.0248658298782312,-1.939189,5.192879,-1.6581876,5.3612714,1.5887151,-1.809958,68.01923,0.007085337
figure_eight_depth,smc,59.900000000000006,-0.058805116,0.02296383,-0.62339646,0.00024819892,-0.011592915,0.7621103,0.11193624,-0.001654866,-0.015765885,0.0035502473,-0.014299412,0.010658213,-0.010471784116245386,-0.010471209941678073,-0.5986910090421451,0.0,0.0,0.7853159064358645,0.10471401307738433,0.10469678758116048,-0.01308978994990495,0.0,0.0,0.0,0.06375242660223428,0.10663018471719037,-0.023205613524334923,-1.029806549481401,5.8719873,0.12843673,6.0750318,-0.07460802,1.9970433,-2.151069,80.02359,0.008335791
figure_eight_depth,smc,60.0,-0.049427394,0.031127455,-0.6248569,0.00042456595,-0.012978046,0.76601064,0.124024704,-0.0056983596,-0.01604157,0.0022158276,-0.013841624,0.039004583,-2.4492935982947064e-16,-2.4492935982947064e-16,-0.6,0.0,0.0,0.7853981606558916,0.10471975492799004,0.10471975435379975,-0.013089969383928146,0.0,0.0,0.0,0.06348110459192001,0.11213185492091805,-0.019387518604194857,-1.0321495296592227,-1.4356598,7.3961754,-1.7852728,7.7457886,2.5342917,-2.1859987,131.1502,0.013661478
figure_eight_depth,smc,60.1,-0.039363652,0.0397444,-0.626122,0.00094171223,-0.014367315,0.76514024,0.13209058,-0.007673797,-0.014363211,0.0050585,-0.013896382,-0.008697775,0.010471784116245785,0.010471209941678472,-0.6013089909578548,0.0,0.0,0.7853159064358646,0.10471401307738347,0.10469678758115962,-0.01308978994984944,0.0,0.0,0.0,0.06289813730093276,0.11566437017864795,-0.020175671011822827,-1.0356509438040589,6.56434,-0.60382456,6.214727,-0.25421146,2.8878248,-2.1814206,95.240746,0.009920911
figure_eight_depth,smc,60.2,-0.028852489,0.04855937,-0.6270894,0.0010514363,-0.015842814,0.7676469,0.13671823,-0.009234174,-0.011630807,0.0014573734,-0.014731379,0.02507827,0.020942419883356298,0.020937826864599152,-0.6026179460290614,0.0,0.0,0.7850690535490384,0.10469678815522472,0.10462789733722659,-0.013089251652609324,0.0,0.0,0.0,0.06197849463366077,0.11828808487831077,-0.017422144788967642,-1.0383690323801145,1.6669759,4.3168087,0.7528058,5.230979,2.5610566,-1.6901145,58.759003,0.0061207297
figure_eight_depth,smc,60.300000000000004,-0.018212356,0.057598274,-0.62805164,0.0012228322,-0.017384982,0.76824135,0.13916092,-0.008863072,-0.0118190935,0.0018081242,-0.015415422,0.0059594237,0.03141075907812787,0.031395259764656264,-0.603926829327955,0.0,0.0,0.7846573311162512,0.10466808205041728,0.10451311383953207,-0.013088354506918254,0.0,0.0,0.0,0.06108238621535243,0.11851382251529992,-0.016415985233835473,-1.0424622578343121,5.940432,0.08613758,4.94821,1.07836,2.3412004,-1.3931099,68.36577,0.0071214344
figure_eight_depth,smc,60.400000000000006,-0.0075778696,0.066724375,-0.62918323,0.0011142411,-0.019014554,0.771164,0.139673,-0.008283962,-0.01373623,-0.0005778281,-0.016259976,0.029242404,0.04187565372919944,0.04183892166615756,-0.6052356049708392,0.0,0.0,0.7840802870087764,0.10462789791091179,0.10435248743592349,-0.01308709853736767,0.0,0.0,0.0,0.06031936361823261,0.11796418871147892,-0.012916286974444134,-1.0453419723009578,-0.14071557,6.2996187,-1.1329228,7.291826,2.1487906,-1.2232893,100.27297,0.010445102
figure_eight_depth,smc,60.5,0.0030591364,0.07584248,-0.6305927,0.0012979051,-0.0206855,0.7702496,0.13953517,-0.0087695345,-0.016740894,0.0016627837,-0.016719643,-0.009123611,0.052335956242942995,0.0522642316338259,-0.6065442370769681,0.0,0.0,0.7833372868513068,0.1045762401433517,0.10414608858244287,-0.013085483778374485,0.0,0.0,0.0,0.059686408789957256,0.11825999749086728,-0.013087681672473761,-1.0502481088312692,7.8592844,-1.7003813,6.8670774,-0.7081741,2.5376396,-1.5747952,121.23751,0.012628906
figure_eight_depth,smc,60.6,0.01358525,0.08479603,-0.6320161,0.0010735904,-0.022435931,0.7735547,0.13757071,-0.009054104,-0.017071515,-0.0015595334,-0.017461404,0.03306591,0.06279051952931278,0.06266661678215152,-0.607852689769532,0.0,0.0,0.7824275126232433,0.10451311441259103,0.10389400781244534,-0.013083510274236598,0.0,0.0,0.0,0.059116332780119574,0.11775391575351432,-0.008872829891614864,-1.0533849495718566,-0.14071557,6.2996187,-1.1329228,7.291826,2.7825367,-1.8960165,105.49662,0.010989231
figure_eight_depth,smc,60.7,0.023991693,0.09347631,-0.6332619,0.0012197093,-0.024201442,0.7729851,0.13478513,-0.010623154,-0.015474607,0.0013334167,-0.017661205,-0.005675053,0.07323819712763133,0.07304151428120545,-0.609160927176639,0.0,0.0,0.781349960854801,0.10443852764108197,0.10359635569689996,-0.013081178079077382,0.0,0.0,0.0,0.05851202343605325,0.11820635035195405,-0.008364860108646233,-1.0586313871044946,7.3600674,-0.09476954,6.4236484,0.84164935,2.9600086,-2.068021,109.18957,0.011373912
figure_eight_depth,smc,60.800000000000004,0.03476568,0.10227884,-0.6342116,0.0010850765,-0.025982158,0.77561355,0.1383189,-0.012236615,-0.012832588,-0.0007102758,-0.017775103,0.026298136,0.08367784333231536,0.083384373358051,-0.6104689134322999,0.0,0.0,0.7801034404138103,0.10435248800810121,0.10325326279583824,-0.013078487256790172,0.0,0.0,0.0,0.05755967287608313,0.12038143197830664,-0.00448989404235034,-1.0618309496940515,-0.6399327,7.9052305,-1.5763516,8.841649,2.593829,-1.624634,152.92921,0.015930125
figure_eight_depth,smc,60.900000000000006,0.045812428,0.111022785,-0.6351571,0.0014131697,-0.027753912,0.7734289,0.13980103,-0.014927425,-0.013075498,0.0027133918,-0.017741233,-0.02181927,0.09410831331851442,0.09369065729286241,-0.6117766126774107,0.0,0.0,0.7786865698791015,0.10425500494886525,0.10286487960117774,-0.013075437881204799,0.0,0.0,0.0,0.056387434560146575,0.12303880157035747,-0.00525765294794911,-1.0667610033246637,7.3600674,-0.09476954,6.4236484,0.84164935,2.395432,-1.3108351,103.60759,0.0107924575
figure_eight_depth,smc,61.0,0.05697937,0.11953689,-0.63627696,0.0013960482,-0.029573286,0.77455693,0.13901614,-0.017112652,-0.015037835,0.00014181274,-0.018177781,0.01130147,0.10452846326765293,0.10395584540887913,-0.6130839890607359,0.0,0.0,0.77709777449339,0.1041460891539267,0.10243137647103495,-0.013072030035865545,0.0,0.0,0.0,0.05515069581019204,0.1245413959146014,-0.002540839659863403,-1.0717601209315957,2.5320609,5.4611015,1.385439,6.607723,2.2129471,-1.1351053,88.00201,0.009166876
figure_eight_depth,smc,61.1,0.068513006,0.1281398,-0.637665,0.0015902321,-0.031379946,0.77361697,0.14213039,-0.019203776,-0.018063739,0.0016639003,-0.01807969,-0.009370365,0.1149371504928663,0.11417543505532757,-0.6143910067398918,0.0,0.0,0.7753352826909602,0.10402575256581587,0.10195294355292567,-0.013068263814197678,0.0,0.0,0.0,0.05377622198903413,0.12710573930269153,-0.0017183131055414913,-1.078010177332851,7.2229776,0.833641,5.9940248,2.0625937,2.6275835,-1.4578166,102.078415,0.010633168
figure_eight_depth,smc,61.2,0.08025307,0.13669458,-0.6390592,0.0015277982,-0.033223435,0.77523434,0.14325342,-0.02086045,-0.018412508,-0.000116901414,-0.018409176,0.016194755,0.12533323356430418,0.12434494358242733,-0.6156976298823283,0.0,0.0,0.773397122191589,0.10389400838210772,0.101429790704613,-0.01306413931950745,0.0,0.0,0.0,0.05225415572020918,0.12857943481639883,0.0018372194298099664,-1.0824446433247514,0.72227854,7.4820457,-0.71852624,8.922851,2.9980695,-1.6484108,148.3419,0.015452282
figure_eight_depth,smc,61.300000000000004,0.092128694,0.14519654,-0.6402686,0.0018605181,-0.035065036,0.7727367,0.14384486,-0.02241549,-0.016847566,0.0024975701,-0.018454121,-0.024933843,0.13571557243430454,0.13445991030763302,-0.617003822666312,0.0,0.0,0.7712811156542152,0.10375087104960712,0.10086214739783717,-0.013059656664815567,0.0,0.0,0.0,0.05056028286073458,0.1296890593485159,0.001455612537160533,-1.0884072053462726,8.722279,-0.5179546,7.2814736,0.92285025,3.2900808,-1.7000299,143.93266,0.014992986
figure_eight_depth,smc,61.400000000000006,0.104001254,0.15348083,-0.641198,0.0017164524,-0.036959063,0.7741981,0.14242671,-0.023592753,-0.01425156,-0.0009283205,-0.01891308,0.014640257,0.146083028562412,0.14451589847223617,-0.618309549281908,0.0,0.0,0.7689848758804466,0.10359635626491781,0.10025026261964443,-0.013054815973023715,0.0,0.0,0.0,0.04873526399930016,0.1297933800406188,0.005213238991532143,-1.0927000247798502,0.7350596,7.4820457,-0.71852624,8.922851,2.9592018,-1.224699,146.91164,0.015303294
figure_eight_depth,smc,61.5,0.115878604,0.16146557,-0.64213556,0.0019435931,-0.038835086,0.7715599,0.14030308,-0.025975185,-0.014525822,0.0012965681,-0.018805435,-0.026331924,0.15643446504023062,0.15450849718747348,-0.6196147739319612,0.0,0.0,0.7665058005618846,0.10343048097236074,0.09959440476300929,-0.013049617376859057,0.0,0.0,0.0,0.04690804335134749,0.13087967430465444,0.005054093523045866,-1.0989440514677316,8.73506,-0.5179546,7.2814736,0.92285025,2.8243759,-0.8516147,139.14342,0.014494105
figure_eight_depth,smc,61.6,0.12766854,0.16904557,-0.6432585,0.0016479973,-0.040735785,0.77289706,0.13682546,-0.027902758,-0.016499655,-0.0024368207,-0.018980978,0.013397955,0.16676874671610226,0.16443332336929162,-0.6209194608330788,0.0,0.0,0.7638410665587694,0.10325326336199647,0.098894861508797,-0.013044061018874231,0.0,0.0,0.0,0.04526733707186079,0.1312123072792428,0.009055998127052158,-1.1037243387912745,0.7350596,7.4820457,-0.71852624,8.922851,2.7218528,-0.60008,144.42343,0.015044107
figure_eight_depth,smc,61.7,0.13940908,0.17617159,-0.64467096,0.0017153553,-0.042587824,0.7701435,0.13311788,-0.030991636,-0.019511346,-0.00044779165,-0.018565724,-0.02748215,0.17708474031958263,0.17428602366090698,-0.6222235742166102,0.0,0.0,0.7609876237044584,0.10306472286773782,0.09815193969982261,-0.013038147051391835,0.0,0.0,0.0,0.043896423436319235,0.13275224299471244,0.00915588520667443,-1.1105598214427443,8.73506,-0.3790486,7.2814736,2.1752949,3.2210143,-0.8394249,145.27629,0.015132945
figure_eight_depth,smc,61.800000000000004,0.15115786,0.18328963,-0.646092,0.0012716342,-0.04442115,0.7710297,0.13316612,-0.03073938,-0.019845143,-0.004059888,-0.018318051,0.008885948,0.1873813145857242,0.18406227634233857,-0.6235270783296285,0.0,0.0,0.7579421881239625,0.10286488016519879,0.09736596520616703,-0.01303187563644892,0.0,0.0,0.0,0.04268385543175498,0.1318164071599906,0.013087522645690797,-1.1156936449976338,1.5656891,7.620951,-0.71852624,10.175295,3.6077676,-1.0165437,178.63254,0.018607555
figure_eight_depth,smc,61.900000000000006,0.16295369,0.19061603,-0.64731854,0.0012170468,-0.04619021,0.76770586,0.13497622,-0.029681016,-0.018239267,-0.0020219018,-0.0177328,-0.033183616,0.19765734037912597,0.1937577932260513,-0.6248299374359098,0.0,0.0,0.7547012350591759,0.10265375716936309,0.09653728278216644,-0.013025246946130054,0.0,0.0,0.0,0.04147229682910259,0.13039550106603723,0.013004622694577805,-1.1222003974060926,9.565689,-0.3790486,7.2814736,2.1752949,3.9325163,-1.0348334,165.93343,0.01728473
figure_eight_depth,smc,62.0,0.17464475,0.19794872,-0.6482593,0.0006003883,-0.04797328,0.76827013,0.13446407,-0.028452495,-0.015598298,-0.005906031,-0.017823797,0.0056585567,0.2079116908177585,0.20336832153789933,-0.6261321158169132,0.0,0.0,0.7512609911929359,0.10243137703223881,0.0956662559153526,-0.013018261162067724,0.0,0.0,0.0,0.040319631133514305,0.12821160001663778,0.017009143732906407,-1.1269527571712847,1.5723882,7.620951,-0.71852624,10.175295,3.6168733,-0.5454811,177.98354,0.018539952
figure_eight_depth,smc,62.1,0.18625146,0.20517974,-0.6492025,0.00038643385,-0.04972005,0.7646445,0.13310708,-0.028664514,-0.015816463,-0.0038782007,-0.01748945,-0.036203884,0.21814324139654195,0.21288964578253577,-0.6274335777727612,0.0,0.0,0.7476174264628433,0.10219776414034654,0.09475326666691375,-0.013010918475775402,0.0,0.0,0.0,0.039375314898506424,0.12726038520350846,0.017027077130601476,-1.134032841345796,9.572389,-0.3790486,7.2814736,2.6601465,3.498155,-0.15651071,164.13213,0.017097097
figure_eight_depth,smc,62.2,0.19771156,0.21238302,-0.6503195,-0.00037965077,-0.051471323,0.7648151,0.13184725,-0.027361942,-0.01773407,-0.0075760596,-0.017512068,0.0017106434,0.22835087011065539,0.22231758959246342,-0.6287342876232166,0.0,0.0,0.7437662453609831,0.1019529441119299,0.09379871550406482,-0.013003219088536522,0.0,0.0,0.0,0.038773513445839784,0.12488376738196039,0.021048846725808867,-1.1397363729846797,2.0434167,7.620951,-0.71852624,10.660147,3.3988824,0.09864977,187.97159,0.019580372
figure_eight_depth,smc,62.300000000000004,0.20909478,0.21965587,-0.6517071,-0.0007051257,-0.05317686,0.76080704,0.13159923,-0.026335552,-0.020684203,-0.0053168596,-0.017040204,-0.040034372,0.23853345757858074,0.23164801755993072,-0.6300342097086618,0.0,0.0,0.7397028777140613,0.10169694379430494,0.09280302112454897,-0.012995163211515504,0.0,0.0,0.0,0.038472875775881814,0.12307423732826238,0.021104159639454334,-1.1477520750948185,10.043417,-0.3790486,7.2814736,3.0916336,3.895919,-0.1339849,178.78809,0.018623762
figure_eight_depth,smc,62.400000000000006,0.22032398,0.22703901,-0.6531035,-0.001578256,-0.05487735,0.76063555,0.13130887,-0.023936741,-0.020989196,-0.008822439,-0.017003663,-0.0017241947,0.24868988716485488,0.24087683705085772,-0.631333308391076,0.0,0.0,0.7354224689418214,0.10142979126076535,0.0917666202727846,-0.012986751065535707,0.0,0.0,0.0,0.038341232960155056,0.11976671579185656,0.02521308584867543,-1.1535815684635515,2.1368308,7.620951,-0.71852624,11.091634,4.241443,-0.344521,204.2941,0.021280633
figure_eight_depth,smc,62.5,0.23150918,0.2346432,-0.6543076,-0.0019930254,-0.056500394,0.7562172,0.13258602,-0.021993486,-0.019377831,-0.006571166,-0.016160786,-0.044142824,0.25881904510252024,0.24999999999999953,-0.6326315480550128,0.0,0.0,0.730919869795641,0.1011515158080567,0.0906899675488515,-0.012977982881301475,0.0,0.0,0.0,0.038098704826200286,0.11716077284152254,0.025297311886945617,-1.1621800576025751,10.13683,-0.3790486,7.2814736,3.227625,4.041882,0.1145553,182.68636,0.019029832
figure_eight_depth,smc,62.6,0.24269861,0.2427218,-0.65554285,-0.003024836,-0.058019176,0.75566745,0.13591336,-0.017972307,-0.020095395,-0.010628545,-0.015176883,-0.0055188606,0.2689198206152654,0.25901350468656487,-0.633928893108576,0.0,0.0,0.7261896255810085,0.10086214795088089,0.0895735352070548,-0.012968858899009561,0.0,0.0,0.0,0.037684676192565186,0.1133379151803592,0.029477822462814718,-1.1689789058343403,2.1368308,7.620951,-0.71852624,11.227625,4.3926826,-0.08653972,208.52394,0.021721242
figure_eight_depth,smc,62.7,0.2540561,0.251541,-0.65659714,-0.0036571394,-0.059362806,0.7508596,0.14228895,-0.013642442,-0.01886657,-0.009110945,-0.013291041,-0.048038036,0.27899110603922916,0.2679133974894982,-0.6352253079843956,0.0,0.0,0.7212259648721764,0.10056171942296466,0.08841781295257367,-0.012959379368904234,0.0,0.0,0.0,0.03669557993381934,0.11041898687152965,0.0296336533147743,-1.1782729039613171,10.13683,-0.3790486,6.50713,3.227625,4.212296,0.37261635,173.5416,0.018077252
figure_eight_depth,smc,62.800000000000004,0.26527348,0.26124054,-0.6577033,-0.004950593,-0.06054227,0.74976915,0.14727034,-0.005546416,-0.019853784,-0.01358146,-0.011754774,-0.010928011,0.28903179694447173,0.27669577462167216,-0.6365207571406029,0.0,0.0,0.7160227877375819,0.1002502631693436,0.08722330772323317,-0.012949544550833192,0.0,0.0,0.0,0.03538390960254814,0.10423424344766433,0.033746363473203034,-1.1857865873619091,2.1368308,6.7804666,-1.4928697,11.227625,3.969256,0.5724278,194.91165,0.020303296
figure_eight_depth,smc,62.900000000000006,0.27616367,0.27197328,-0.65900344,-0.0058038775,-0.06154244,0.74445635,0.15177292,0.004443848,-0.022203678,-0.01174739,-0.009739005,-0.053079907,0.29904079225608704,0.28535678384221613,-0.6378152050618048,0.0,0.0,0.7105736534893002,0.09992781334464129,0.08599054346830615,-0.01293935471452512,0.0,0.0,0.0,0.033932611349535055,0.09707525909493708,0.033882697314075005,-1.1953371512896385,10.096343,-1.2195332,5.1966047,3.227625,4.2336025,0.1539199,158.79274,0.01654091
figure_eight_depth,smc,63.0,0.28624988,0.28379676,-0.6602754,-0.007165422,-0.062369704,0.7427708,0.1532179,0.018743796,-0.022076925,-0.014652117,-0.008174863,-0.016871307,0.3090169943749472,0.29389262614623635,-0.6391086162600577,0.0,0.0,0.704871767996983,0.09959440530910024,0.08472006091900242,-0.012928810139256619,0.0,0.0,0.0,0.032684873614152087,0.08551043415009098,0.037899023056788946,-1.2013677366824624,2.096343,4.88809,-2.803395,9.142143,3.9685986,-0.61368895,135.85228,0.01415128
figure_eight_depth,smc,63.1,0.2948086,0.29592562,-0.6614182,-0.007827655,-0.06305513,0.7375207,0.14408028,0.03160115,-0.020221885,-0.009894696,-0.0064786514,-0.052446816,0.3189593092980699,0.3022995574311874,-0.6404009552758403,0.0,0.0,0.6989099705947691,0.09925007562469612,0.08341241735093652,-0.012917911114129765,0.0,0.0,0.0,0.0326436610243764,0.06890212509803036,0.0386107241378969,-1.2068882035238455,6.496573,-3.11191,3.4186566,1.1421434,3.2958798,-0.6003332,76.10437,0.00792754
figure_eight_depth,smc,63.2,0.3011325,0.30711457,-0.66276604,-0.008619873,-0.063564286,0.7355453,0.12095432,0.040452395,-0.020826451,-0.009166946,-0.004937068,-0.01975411,0.3288666467385826,0.3105738901391547,-0.6416921866790255,0.0,0.0,0.6926807206401545,0.09889486205105769,0.08206818633987867,-0.012906657937961086,0.0,0.0,0.0,0.03500367180314477,0.04776208670828852,0.04286455695536551,-1.2094268805877852,-1.503427,4.88809,-3.8886697,8.436989,2.7313266,-1.7235547,122.88904,0.01280094
figure_eight_depth,smc,63.300000000000004,0.30602774,0.31762674,-0.66408205,-0.008236834,-0.06379654,0.7290582,0.10578063,0.045267425,-0.019529864,-0.00029029086,-0.0017644146,-0.064757325,0.338737920245291,0.31871199487434454,-0.6429822750698523,0.0,0.0,0.6861760837822587,0.0985288035413312,0.08068795750978963,-0.012895050919170536,0.0,0.0,0.0,0.038940135594038375,0.03675899675605799,0.042882122299131686,-1.2140819812047785,6.496573,-2.3814876,4.1113305,0.43698853,1.8831495,-1.9720744,72.406265,0.00754232
figure_eight_depth,smc,63.400000000000006,0.31013793,0.3279176,-0.66553384,-0.007702328,-0.063661665,0.72615594,0.09808081,0.04953863,-0.020406434,0.003494767,0.001587241,-0.02895161,0.348572047321815,0.3267103019950526,-0.6442711850798958,0.0,0.0,0.6793877180300465,0.0981519402380171,0.07927233627491592,-0.01288309037611457,0.0,0.0,0.0,0.04394018284270375,0.03067081664781011,0.046768218687940566,-1.2170412850353025,-1.4260257,5.6185126,-0.4698134,7.153061,1.7636563,-2.6889818,95.32934,0.00993014
figure_eight_depth,smc,63.5,0.31506428,0.3379175,-0.6668353,-0.006130377,-0.06316881,0.71984124,0.102198154,0.042210948,-0.019231422,0.011702175,0.0054138117,-0.062979296,0.3583679495452995,0.3345653031794285,-0.6455588813730367,0.0,0.0,0.6723068597057319,0.09776431346836256,0.07782194357328076,-0.012870776636642045,0.0,0.0,0.0,0.048364566488155,0.036445298363868894,0.04753438213081595,-1.2240419950892734,6.573974,0.45418406,7.5301867,-0.44230658,1.5404116,-2.3218217,108.086494,0.011259009
figure_eight_depth,smc,63.6,0.32201707,0.34812045,-0.6681176,-0.0047891983,-0.06232608,0.71752846,0.11849552,0.03100373,-0.020153517,0.011951813,0.008568623,-0.023029419,0.36812455268467736,0.34227355296434386,-0.6468453286464311,0.0,0.0,0.664924309423246,0.09736596574003165,0.07633741559520679,-0.012858110038260762,0.0,0.0,0.0,0.051113546518291836,0.05054526576955079,0.05260415298672716,-1.2298023519939216,-1.4260257,8.454184,-0.4698134,7.5576935,1.6570674,-1.7841347,136.77524,0.014247418
figure_eight_depth,smc,63.7,0.33084854,0.35860446,-0.66952354,-0.002878726,-0.06126659,0.7110113,0.13433538,0.021028461,-0.022369826,0.015045464,0.010906318,-0.06499353,0.3778407868184668,0.34983167025668244,-0.6481304916314767,0.0,0.0,0.6572304182232502,0.09695694073633132,0.0748194035036509,-0.012845090928359504,0.0,0.0,0.0,0.052372655652605675,0.06619164666721643,0.0537808723269817,-1.237257267331728,5.8089848,0.45418406,5.354636,0.47916868,2.3359237,-1.8042374,71.56413,0.0074545965
figure_eight_depth,smc,63.800000000000004,0.34045905,0.3693968,-0.67085874,-0.0015828481,-0.060104728,0.7075941,0.1421636,0.019119015,-0.022043262,0.010866483,0.0117167635,-0.034074344,0.3875155864521028,0.35723633981640157,-0.6494143350947815,0.0,0.0,0.6492150740558088,0.09653728331149303,0.07326857314893243,-0.012831719663763952,0.0,0.0,0.0,0.053123038402115505,0.07140580048528866,0.05837902260480521,-1.2423349883572625,-2.191015,7.854388,-2.6453638,8.382515,2.610073,-2.0360212,154.71434,0.016116075
figure_eight_depth,smc,63.900000000000006,0.35060465,0.3805266,-0.67196566,0.00012068482,-0.058869783,0.6992919,0.14850885,0.018662862,-0.019996675,0.0120483,0.012480616,-0.082852736,0.3971478906347807,0.36448431371070583,-0.6506968238391281,0.0,0.0,0.6408676888164148,0.09610703948564892,0.07168560477643915,-0.012817996611069749,0.0,0.0,0.0,0.053628269533521754,0.07489254986859253,0.058424196082724644,-1.2511006941269551,5.8089848,-0.14561154,5.354636,0.3825151,2.2567513,-1.6794626,70.497475,0.007343486
figure_eight_depth,smc,64.0,0.36131632,0.39209512,-0.673093,0.0011147354,-0.057596363,0.6945048,0.1555057,0.019582815,-0.020460742,0.0071239998,0.012728408,-0.04778924,0.4067366430757997,0.37157241273869673,-0.6519779227044398,0.0,0.0,0.6321771861939031,0.09566625644030768,0.07007119272878226,-0.012803922146642499,0.0,0.0,0.0,0.054129791106986444,0.07866678050688726,0.06232761126474562,-1.255330695832568,-2.191015,4.0533457,-2.6453638,4.4879475,1.9651678,-1.4873518,54.443882,0.005671237
figure_eight_depth,smc,64.10000000000001,0.37064222,0.40249023,-0.6745458,0.0022619793,-0.056361713,0.6868482,0.13712133,0.020161655,-0.022480953,0.007064982,0.01226129,-0.07645226,0.4162807922604017,0.3784975278258786,-0.6532575965687442,0.0,0.0,0.6231319906265573,0.09521498251188754,0.06842604514012418,-0.012789496656173682,0.0,0.0,0.0,0.0557827756954795,0.06464919227424762,0.06371623258282377,-1.2617484800162018,4.2086473,-1.5131226,4.520249,-1.824724,1.9686486,-2.1733696,52.363625,0.0054545454
figure_eight_depth,smc,64.2,0.3796288,0.41215658,-0.67601633,0.0028563966,-0.055069618,0.6828911,0.12974739,0.017710866,-0.022088984,0.0037150346,0.012831544,-0.039537802,0.42577929156507255,0.38525662138789457,-0.6545358103491357,0.0,0.0,0.6137200177227826,0.09475326718727528,0.06675088362628756,-0.01277472053518025,0.0,0.0,0.0,0.05757506254521071,0.060961196486238975,0.0691710531199603,-1.2660536107073188,-3.7913527,6.4868774,-3.4797513,6.1752763,2.0827627,-2.583909,117.71112,0.012261576
figure_eight_depth,smc,64.3,0.38849154,0.42132086,-0.67731404,0.003978833,-0.05364436,0.6743787,0.12567665,0.015107609,-0.019968318,0.006539003,0.01400978,-0.08503506,0.43523109937232685,0.3918467286629195,-0.6558125290027377,0.0,0.0,0.603928666557751,0.09428116109910789,0.06504644296870254,-0.012759594188727075,0.0,0.0,0.0,0.059292710925750544,0.059426671837171326,0.07045002654603927,-1.2719763246077131,4.2086473,-1.403756,4.520249,-1.824724,2.184711,-2.800405,56.060738,0.0058396603
figure_eight_depth,smc,64.4,0.39742288,0.43017393,-0.6783334,0.0045667896,-0.0521379,0.669663,0.124315426,0.013315548,-0.01693641,0.003351056,0.014877112,-0.04714903,0.44463517918492784,0.3982649590120984,-0.6570877175276639,0.0,0.0,0.5937448143286261,0.09379871601916667,0.0633134707914429,-0.012744118031537965,0.0,0.0,0.0,0.06081581166837735,0.058725098138337414,0.07591819769911433,-1.2761799119086197,-3.7913527,6.596244,-3.4797513,6.1752763,1.7175137,-2.4499142,117.07942,0.012195774
figure_eight_depth,smc,64.5,0.40657112,0.43886465,-0.6793603,0.005648221,-0.050495524,0.66044587,0.12496444,0.011275834,-0.016855463,0.0060108695,0.01600323,-0.09212013,0.4539904997395466,0.4045084971874736,-0.6583613409639762,0.0,0.0,0.5831548139233225,0.09330598485302044,0.06155272723334937,-0.012728292487995674,0.0,0.0,0.0,0.06220850212359559,0.05955717565367944,0.07729105504564115,-1.2825514450238618,4.2086473,-1.403756,4.520249,-1.824724,1.468434,-2.1898463,50.397232,0.005249712
figure_eight_depth,smc,64.60000000000001,0.41603747,0.4475211,-0.68055916,0.006163475,-0.0488042,0.65513563,0.12709397,0.010184265,-0.018485243,0.0024722458,0.016613396,-0.053129405,0.4632960351198617,0.410574604566852,-0.6596333643946451,0.0,0.0,0.5721444950507764,0.09280302163419685,0.05976498461479629,-0.012712117991808825,0.0,0.0,0.0,0.0635319104270054,0.060559441400468976,0.08299113651050292,-1.287517166550761,-3.7913527,6.596244,-3.4797513,6.1752763,1.2715087,-2.0325544,113.8755,0.011862033
figure_eight_depth,smc,64.7,0.42591012,0.4562341,-0.6820331,0.0071140933,-0.04700885,0.64539236,0.13049655,0.008809642,-0.021185951,0.0047529507,0.017353365,-0.09742539,0.4725507648690534,0.4164606203550493,-0.6609037529465055,0.0,0.0,0.5606991696649455,0.09228988151821493,0.05795102709871269,-0.012695594986511516,0.0,0.0,0.0,0.06483617739658028,0.06282285527526135,0.08469318863812458,-1.2938585095734458,3.3678894,-1.403756,4.243052,-1.824724,1.6639658,-2.3686156,43.02544,0.0044818167
figure_eight_depth,smc,64.8,0.4360213,0.46474072,-0.68353397,0.007491335,-0.045226593,0.6393732,0.13109191,0.0069855163,-0.021242017,0.00094391167,0.017394373,-0.06025053,0.4817536741017149,0.4221639627510073,-0.6621724717912136,0.0,0.0,0.5488036425292699,0.0917666207767287,0.05611165034682952,-0.012678723925074742,0.0,0.0,0.0,0.06603441686911656,0.06350736351000914,0.0905695407211573,-1.2982264037898772,-4.6321106,6.596244,-3.756948,6.1752763,1.9247597,-2.6652956,128.02408,0.013335842
figure_eight_depth,smc,64.9,0.4464527,0.473137,-0.68486935,0.008271389,-0.043376606,0.6287376,0.13306826,0.0049886513,-0.019427717,0.0029920915,0.01770345,-0.10638209,0.49090375361514066,0.42768213008025324,-0.6634394861462014,0.0,0.0,0.5364422278746408,0.09123329679117109,0.05424766117065327,-0.012661505270017415,0.0,0.0,0.0,0.06709157151001706,0.06497996704616953,0.09229540058528962,-1.3044285668158437,3.1553717,-1.403756,4.001483,-1.824724,1.6316062,-2.3147619,39.288647,0.0040925676
figure_eight_depth,smc,65.0,0.4571549,0.4814518,-0.6862693,0.008464469,-0.041562393,0.62186676,0.13472304,0.0041413717,-0.019895304,-0.0010486167,0.017573727,-0.068791874,0.4999999999999993,0.4330127018922189,-0.66470476127563,0.0,0.0,0.5235987732238883,0.09068996804645346,0.05235987717730484,-0.012643939493406364,0.0,0.0,0.0,0.06816948257664401,0.06570021127604807,0.09826798941420378,-1.3087093889395622,-4.8446283,6.596244,-3.9985173,6.1752763,1.9002328,-2.6119013,131.53593,0.0137016615
figure_eight_depth,smc,65.10000000000001,0.46818706,0.48976642,-0.6875378,0.0090267565,-0.039695553,0.61037767,0.13745943,0.0031564597,-0.018439626,0.0008491092,0.017696088,-0.11494571,0.5090414157503715,0.43815334002193196,-0.6659682624913432,0.0,0.0,0.51025669159494,0.09013669412449854,0.05044912641122279,-0.012626027076745316,0.0,0.0,0.0,0.06926927504973827,0.06715530748093444,0.1001209777394716,-1.3144230273773543,2.5854673,-1.403756,3.39445,-1.824724,1.6173927,-2.2786553,31.31531,0.0032620113
figure_eight_depth,smc,65.2,0.4792866,0.4979602,-0.688903,0.009023631,-0.037892886,0.60251844,0.13726772,0.0033496649,-0.019145312,-0.0031502086,0.017317068,-0.07868998,0.5180270093731298,0.44310178961560714,-0.6672299551538163,0.0,0.0,0.4963990034086059,0.08957353569855053,0.04851624699103718,-0.012607768511196937,0.0,0.0,0.0,0.07056900510573123,0.0660113261585519,0.10611943588430184,-1.3177769160952624,-5.4145327,6.1732917,-4.60555,5.3347707,1.374091,-2.0989826,123.39142,0.012853272
figure_eight_depth,smc,65.3,0.4902389,0.50580364,-0.69051564,0.009356269,-0.036064416,0.59020007,0.13397983,0.0023627968,-0.021239834,-0.0013402947,0.017173193,-0.1232554,0.5269557954966767,0.44785588011970595,-0.6684898046731079,0.0,0.0,0.48200838958453135,0.08900055452543132,0.04656208674169715,-0.012589164297360789,0.0,0.0,0.0,0.07205005741355149,0.06365175789343212,0.10819167698193594,-1.3224818124030095,2.1619704,-1.8267082,3.0341241,-2.665229,1.7312119,-2.467921,33.408066,0.0034800067
figure_eight_depth,smc,65.4,0.50095063,0.51327854,-0.69211924,0.00912563,-0.034307078,0.5817862,0.12993284,0.0022958603,-0.020756517,-0.0053401315,0.016785946,-0.0842445,0.5358267949789967,0.4524135262330098,-0.6697477765098073,0.0,0.0,0.46706725741478794,0.08841781343776889,0.0445875028217968,-0.012570214945162306,0.0,0.0,0.0,0.07363001674250755,0.05982554331945832,0.11471895789054044,-1.3249174692775567,-5.8380294,6.1732917,-4.9658756,5.3347707,1.9682115,-2.779771,136.91281,0.01426175
figure_eight_depth,smc,65.5,0.5115199,0.5205048,-0.6935285,0.009253481,-0.03250378,0.56880224,0.1274551,0.002124901,-0.018495308,-0.0031750451,0.016848035,-0.12992266,0.5446390350150266,0.45677272882130027,-0.6710038361759806,0.0,0.0,0.45155782094832997,0.08782537634094423,0.042593361349763104,-0.012550920974185864,0.0,0.0,0.0,0.07527289822766822,0.05695214709772608,0.11724441656235118,-1.3279347775166805,1.2510687,-1.8267082,2.3512251,-2.665229,2.0598896,-3.0256917,30.931698,0.003222052
figure_eight_depth,smc,65.60000000000001,0.5216105,0.5272385,-0.69465864,0.008915173,-0.030776659,0.5594635,0.120856114,0.0022434904,-0.015258894,-0.006417994,0.016406793,-0.093493946,0.5533915492433445,0.4609315757942505,-0.6722579492361179,0.0,0.0,0.43546219770739464,0.08722330820226665,0.0405805370219392,-0.012531282913452735,0.0,0.0,0.0,0.07686632967513854,0.05107185735344072,0.12400130326916786,-1.328523296144303,-6.7489314,6.1732917,-5.6487746,5.3347707,1.5120574,-2.7529902,153.8913,0.016030345
figure_eight_depth,smc,65.7,0.531299,0.5335395,-0.6958049,0.0090437895,-0.029017854,0.545306,0.11514754,0.0018493227,-0.015029973,-0.0030703393,0.0163258,-0.14165884,0.5620833778521305,0.4648882429441256,-0.673510081308076,0.0,0.0,0.4187625236369143,0.08661167504447898,0.03854991272908559,-0.01251130130119904,0.0,0.0,0.0,0.07847119487464403,0.04655719621973133,0.1265435032986631,-1.3308029202891845,1.2510687,-1.8267082,2.3512251,-2.665229,1.1501856,-2.6074667,25.655552,0.0026724532
figure_eight_depth,smc,65.8,0.54065204,0.5394481,-0.69713455,0.008802402,-0.027340723,0.53503287,0.1101799,0.0018550374,-0.016517762,-0.0053945035,0.015841957,-0.10283541,0.570713567684431,0.46864099474594545,-0.6747601980640215,0.0,0.0,0.4014410882320555,0.08599054394053951,0.03650237917049437,-0.012490976685319843,0.0,0.0,0.0,0.08011211604158915,0.04244735907977067,0.13359178015325945,-1.3308572224753636,-6.7489314,6.1732917,-5.6487746,5.3347707,0.8291558,-2.5752265,151.34532,0.01576514
figure_eight_depth,smc,65.9,0.5496691,0.5449276,-0.69875675,0.009097187,-0.025659798,0.52009165,0.10502507,0.0009945085,-0.019109728,-0.0011366785,0.015493922,-0.14949885,0.5792811723426792,0.47218818511874067,-0.6760082652313726,0.0,0.0,0.3834804917425419,0.08535998300440717,0.034438834461941736,-0.012470309622980569,0.0,0.0,0.0,0.08176424285218281,0.03936140721141776,0.13661116112763633,-1.3323302695437096,1.0961332,-1.8267082,2.3512251,-2.665229,1.0940943,-3.0680933,27.780317,0.002893783
figure_eight_depth,smc,66.0,0.55832505,0.5498911,-0.70039845,0.009108547,-0.02410054,0.50916606,0.09932647,-0.00011723103,-0.018971423,-0.0026895807,0.014598348,-0.109357275,0.5877852522924729,0.4755282581475767,-0.6772542485937368,0.0,0.0,0.36486382628555597,0.08472006138421362,0.03236018374233596,-0.012449300680783537,0.0,0.0,0.0,0.08326698976558686,0.036203144743015586,0.14430223559264838,-1.3311316463072227,-6.903867,6.1732917,-5.6487746,5.3347707,1.2378346,-3.5069382,159.97218,0.01666377
figure_eight_depth,smc,66.10000000000001,0.56658876,0.55427057,-0.70186585,0.009702371,-0.022571754,0.49364722,0.09312158,-0.0021961783,-0.016903656,0.0021984894,0.013874123,-0.15527584,0.5962248749656158,0.4786597487660337,-0.6784981139918512,0.0,0.0,0.345574882479417,0.08407084925465824,0.030267338776757136,-0.012427950434767965,0.0,0.0,0.0,0.08450648571040896,0.03399746489473841,0.14807233527113234,-1.3308548042581845,-0.12226444,-0.66734,2.3512251,-2.665229,1.3106037,-3.8029656,29.272226,0.0030491902
figure_eight_depth,smc,66.2,0.57471174,0.55750096,-0.7030535,0.010082729,-0.021183701,0.48171002,0.08654873,-0.01017684,-0.0137350755,0.0011093686,0.012721986,-0.1194707,0.6045991148623743,0.4815812833988289,-0.6797398273245174,0.0,0.0,0.3255983829001773,0.08341241780901454,0.02816121755594425,-0.01240625947018792,0.0,0.0,0.0,0.08485622178191685,0.03848907489364546,0.15611163382727022,-1.3278219015030766,-8.122265,7.33266,-5.6487746,5.3347707,0.86073256,-3.447819,192.73584,0.02007665
figure_eight_depth,smc,66.3,0.58265346,0.55955976,-0.704253,0.011011364,-0.019823048,0.46480444,0.079646185,-0.018685093,-0.013497559,0.0057053883,0.011901722,-0.16914637,0.6129070536529762,0.4842915805643155,-0.6809793545495373,0.0,0.0,0.30492024322357086,0.08274483925180265,0.026042743894394427,-0.012384228381734363,0.0,0.0,0.0,0.08439337870165214,0.044848863646736334,0.15988419751319977,-1.326444218014843,-0.12226444,-0.2308098,2.3512251,-2.665229,0.62240875,-3.1832292,23.220268,0.002418778
figure_eight_depth,smc,66.4,0.590568,0.5604461,-0.70563096,0.011617581,-0.018598633,0.4517124,0.07443427,-0.027720243,-0.014953936,0.0034671077,0.010802096,-0.13102159,0.6211477802783102,0.4867894514365801,-0.6822166616846458,0.0,0.0,0.2835278612456836,0.0820681867905182,0.023912847024659678,-0.012361857773479645,0.0,0.0,0.0,0.08311829715475876,0.05225869756300609,0.16818453847546205,-1.32258550056206,-8.122265,7.7691903,-5.6487746,5.3347707,0.48018003,-2.972003,195.7633,0.02039201
figure_eight_depth,smc,66.5,0.5984192,0.56015813,-0.7072964,0.01262836,-0.01738108,0.43378127,0.06905836,-0.03706742,-0.017511562,0.006773027,0.010091961,-0.1794098,0.6293203910498368,0.4890738003669027,-0.6834517148084426,0.0,0.0,0.2614104331848828,0.08138253462774969,0.021772461189895065,-0.012339148258488919,0.0,0.0,0.0,0.08109521766966139,0.060338800802128084,0.17237083302758058,-1.3209967936001494,-0.12226444,0.9624768,2.3512251,-1.68298,0.971426,-3.250508,20.811462,0.0021678607
figure_eight_depth,smc,66.60000000000001,0.6068849,0.55902076,-0.7089589,0.013205938,-0.016266169,0.41940024,0.071735814,-0.046124525,-0.017294107,0.0032763293,0.009332449,-0.14391783,0.6374239897486899,0.4911436253643443,-0.6846844800613229,0.0,0.0,0.23855929560950734,0.08068795795262984,0.019622525234047616,-0.012316100459597301,0.0,0.0,0.0,0.0782891429972087,0.06654018402126563,0.18084094934174083,-1.3167186495393226,-8.122265,8.962477,-5.6487746,6.31702,1.4379065,-3.3728185,231.55406,0.024120212
figure_eight_depth,smc,66.7,0.6158902,0.55702776,-0.71042347,0.014016389,-0.015129608,0.39993113,0.073884584,-0.055078045,-0.0151231885,0.004937766,0.008793956,-0.19479857,0.6454576877239503,0.49299801853525244,-0.6859149236464039,0.0,0.0,0.2149682900727446,0.07998453293395213,0.01746398219007461,-0.012292715008632715,0.0,0.0,0.0,0.07466399595189606,0.0728530479680629,0.18496284272068192,-1.3138958844480155,-0.12226444,0.9624768,2.3512251,-1.68298,1.930036,-3.2485437,23.580067,0.002456257
figure_eight_depth,smc,66.8,0.62540096,0.55426306,-0.7115792,0.014135259,-0.014123208,0.38443273,0.07665453,-0.06266769,-0.011841607,-0.001156045,0.007891023,-0.15509191,0.6534206039901047,0.49463616648149406,-0.6871430118304537,0.0,0.0,0.19063414607127263,0.07927233671023437,0.015297778866441014,-0.012268992546637936,0.0,0.0,0.0,0.07026801381815931,0.07801057578340269,0.19379858698765684,-1.3087091429113484,-8.122265,8.962477,-5.6487746,6.31702,1.7641506,-2.589868,227.93022,0.023742728
figure_eight_depth,smc,66.9,0.6354263,0.5508159,-0.71272296,0.014239976,-0.013079911,0.3641059,0.0798381,-0.06972503,-0.011581579,-0.0018235366,0.0075590624,-0.20337531,0.6613118653236519,0.49605735065723894,-0.6883687109448142,0.0,0.0,0.16555687621920673,0.07855144738083686,0.013124865431285437,-0.01224493372398161,0.0,0.0,0.0,0.06528161497886456,0.0828625400419934,0.19854903384358316,-1.3059797273163283,-0.12226444,0.9624768,2.3512251,-0.106733814,1.7669394,-2.0713243,13.893421,0.0014472314
figure_eight_depth,smc,67.0,0.6463642,0.5474002,-0.7140127,0.013549564,-0.012121881,0.34760132,0.089868404,-0.07106232,-0.013063595,-0.009062842,0.007229345,-0.16515133,0.6691306063588578,0.4972609476841366,-0.689591987386325,0.0,0.0,0.13974017572695088,0.0778219440003558,0.010946194996364067,-0.01222053920035826,0.0,0.0,0.0,0.060238038862729944,0.08289284833523315,0.2078611485928886,-1.3014997863699136,-8.122265,8.962477,-5.6487746,7.893266,1.7392768,-1.7340856,246.54163,0.025681416
figure_eight_depth,smc,67.10000000000001,0.6581802,0.5440425,-0.7155619,0.012816475,-0.011115086,0.32611164,0.0994603,-0.072038665,-0.015724825,-0.00993579,0.0071555777,-0.21499763,0.6768759696826612,0.49824642962475224,-0.6908128076182446,0.0,0.0,0.11319181631102597,0.07708390656702147,0.00876272319869087,-0.012195809644455213,0.0,0.0,0.0,0.0553112477850249,0.08391675141604688,0.21291982819542848,-1.2981963259287956,-0.12226444,0.9624768,0.634154,-0.051874664,2.2748888,-1.9637995,10.37778,0.0010810187
figure_eight_depth,smc,67.2,0.6701839,0.5410352,-0.71709543,0.011364096,-0.010244796,0.30833536,0.10389972,-0.06714927,-0.015631685,-0.016499598,0.0064240964,-0.17784879,0.6845471059286886,0.4990133642141358,-0.6920311381711695,0.0,0.0,0.08592402272841843,0.076337416014427,0.006575407780901044,-0.01217074573428567,0.0,0.0,0.0,0.050993659781136756,0.07878442845736675,0.22241134113648023,-1.2926975299072148,-8.122265,8.962477,-7.365846,7.9481254,2.5542173,-2.2656903,275.38293,0.028685719
figure_eight_depth,smc,67.3,0.68242097,0.5383884,-0.718421,0.010026113,-0.009367188,0.28543782,0.108425885,-0.06251536,-0.013657294,-0.015725588,0.0061736046,-0.22904843,0.6921431738704062,0.49956141504942914,-0.6932469456439521,0.0,0.0,0.05795381838923324,0.07558255420386795,0.004385208171947541,-0.012145348156966662,0.0,0.0,0.0,0.04728409813753867,0.07454298641475963,0.2274840039526857,-1.2887273087135278,-0.12226444,0.9624768,-0.34570193,-0.051874664,2.742521,-2.4410782,14.543797,0.0015149787
figure_eight_depth,smc,67.4,0.69458246,0.53628343,-0.71943027,0.008166433,-0.008621314,0.2664289,0.11066753,-0.05455091,-0.010583567,-0.020377375,0.0055526337,-0.19014616,0.6996633405133657,0.49989034173742275,-0.6944601967046168,0.0,0.0,0.02930332496851167,0.07481940391451669,0.0021930850657714274,-0.012119617608774558,0.0,0.0,0.0,0.04442720898095496,0.0671366380259186,0.23712556287557401,-1.282854863135053,-8.122265,8.962477,-8.345702,7.9481254,2.2388783,-2.1153967,288.6081,0.030063344
figure_eight_depth,smc,67.5,0.70674735,0.5347227,-0.7204255,0.0066218483,-0.007875766,0.24236676,0.11315725,-0.047172934,-0.010543451,-0.0175203,0.005490304,-0.24066529,0.7071067811865474,0.5,-0.6956708580912724,0.0,0.0,0.0,0.07404804883442972,0.0,-0.012093554795089556,0.0,0.0,0.0,0.042644879288741486,0.06129615095877869,0.24236676096916202,-1.2777673502994626,-1.589235,0.9624768,-1.7003393,-0.051874664,1.9199289,-1.9154663,13.701012,0.0014271889
figure_eight_depth,smc,67.60000000000001,0.71810764,0.53346926,-0.7215891,0.0047780997,-0.0072496533,0.2218708,0.10717964,-0.03951472,-0.012218934,-0.020051682,0.0049038264,-0.20499025,0.7144726796328034,0.49989034173742275,-0.6968788966130257,0.0,0.0,-0.02992320389304657,0.07326857355127725,-0.0021930850658269385,-0.012067160430562218,0.0,0.0,0.0,0.04184913686743001,0.050427056692481716,0.2517939987853577,-1.2704381722818665,-9.589235,8.962477,-9.700339,7.9481254,1.6219431,-1.8468413,335.59024,0.034957316
figure_eight_depth,smc,67.7,0.7288284,0.5325656,-0.72303534,0.0034132444,-0.006618992,0.19604252,0.10248314,-0.03247895,-0.015050703,-0.015520996,0.0050724763,-0.25830314,0.7217602280983617,0.4995614150494292,-0.6980842791508903,0.0,0.0,-0.060427773899395326,0.07248106354335038,-0.004385208171975297,-0.0120404352387804,0.0,0.0,0.0,0.04197367821231859,0.041212189823513684,0.25647029668744314,-1.2652557039124293,-1.589235,0.9624768,-1.7003393,-0.051874664,1.9325545,-2.2998416,15.369912,0.0016010326
figure_eight_depth,smc,67.8,0.73911923,0.53207403,-0.72448754,0.0018242921,-0.0060325554,0.17437308,0.09988149,-0.024918461,-0.015098466,-0.017323812,0.0051247184,-0.21670845,0.7289686274214112,0.4990133642141358,-0.6992869726586951,0.0,0.0,-0.09146968025886468,0.07168560517012423,-0.006575407780928799,-0.012013379952269254,0.0,0.0,0.0,0.042791487692688514,0.03377859423267448,0.2658427556248849,-1.257866361833733,-9.589235,8.962477,-9.700339,7.9481254,2.127061,-2.6866617,341.29123,0.03555117
figure_eight_depth,smc,67.9,0.74910116,0.5320119,-0.72575283,0.00076321664,-0.005417922,0.14771329,0.09811999,-0.017953647,-0.013212178,-0.012219012,0.0056599802,-0.26660383,0.7360970871197342,0.49824642962475224,-0.70048694416399,0.0,0.0,-0.1229995393208924,0.07088228566243249,-0.008762723198663114,-0.011985995312935316,0.0,0.0,0.0,0.04413139168677534,0.0287727144138218,0.2707128279857102,-1.2519764294243472,-2.8465974,0.9624768,-2.2433248,-0.051874664,2.256661,-2.9200966,27.684158,0.0028837665
figure_eight_depth,smc,68.0,0.758374,0.5321479,-0.7267236,-0.00046240745,-0.004827951,0.12507011,0.091864385,-0.012310167,-0.01019644,-0.013483024,0.005726895,-0.22643282,0.7431448254773937,0.4972609476841368,-0.7016841607689499,0.0,0.0,-0.15496290414839717,0.070071193113308,-0.010946194996447334,-0.011958282071455884,0.0,0.0,0.0,0.04556313701919502,0.02190679590819803,0.2800330141118143,-1.2440057983497979,-10.846598,8.962477,-10.243325,7.9481254,1.7797506,-2.5702653,375.84686,0.03915072
figure_eight_depth,smc,68.10000000000001,0.76710564,0.5325284,-0.7276988,-0.0011545478,-0.0041977614,0.09730135,0.08706145,-0.0071121356,-0.010175796,-0.00826206,0.0064303004,-0.27768144,0.7501110696304597,0.4960573506572389,-0.7028785896512773,0.0,0.0,-0.1873006855338053,0.06925241646793534,-0.013124865431313193,-0.011930240987612084,0.0,0.0,0.0,0.04727574268461159,0.018878365055511413,0.28460203457765143,-1.2378330381408298,-3.5976543,0.9624768,-2.6037185,-0.051874664,1.4129426,-2.4204118,28.506319,0.0029694086
figure_eight_depth,smc,68.2,0.775156,0.5330771,-0.72885066,-0.002000744,-0.0035436074,0.07368445,0.08060689,-0.0023458654,-0.011859511,-0.009453341,0.0068142,-0.23615922,0.7569950556517562,0.4946361664814942,-0.7040701980651002,0.0,0.0,-0.21994970072225348,0.06842604551499099,-0.015297778866385503,-0.011901872830233362,0.0,0.0,0.0,0.049209745600404364,0.01777995771302781,0.2936341472359063,-1.228969698569173,-11.597654,8.962477,-10.603719,7.9481254,1.0737875,-2.3956988,397.3355,0.04138912
figure_eight_depth,smc,68.3,0.7826961,0.5338351,-0.73029155,-0.0022834856,-0.0028263736,0.044981405,0.075702615,0.0020377259,-0.014673092,-0.0038445357,0.0077465945,-0.2870137,0.7637960286346415,0.49299801853525266,-0.7052589533418726,0.0,0.0,-0.2528433410502061,0.06759217087543012,-0.01746398219015788,-0.011873178377086457,0.0,0.0,0.0,0.05149284129770933,0.021305760754295463,0.29782474618917554,-1.2225101488528016,-4.5114026,2.3348887,-2.8347921,0.65827847,1.3112092,-2.9223557,44.533264,0.004638882
figure_eight_depth,smc,68.4,0.79029965,0.53453046,-0.73174095,-0.002662274,-0.0020327985,0.02000239,0.07623005,0.0035611996,-0.014701601,-0.0044938843,0.008506119,-0.2497704,0.7705132427757893,0.4911436253643443,-0.7064448228912681,0.0,0.0,-0.28591234358341805,0.06675088399199502,-0.019622525233992105,-0.01184415841459785,0.0,0.0,0.0,0.053979752556304994,0.025209217555043056,0.3059147329101097,-1.2234202157871306,-12.511402,10.334888,-10.834792,8.658278,1.4431028,-3.3728864,469.16254,0.048871096
figure_eight_depth,smc,68.5,0.79803056,0.53519255,-0.73300445,-0.002468938,-0.0011705314,-0.0103895655,0.077399895,0.0051074964,-0.012779186,0.0013155526,0.009431756,-0.30389488,0.7771459614569706,0.489073800366903,-0.7076277742020737,0.0,0.0,-0.31908564618874097,0.06590227712222063,-0.021772461189811798,-0.011814813738575403,0.0,0.0,0.0,0.056631095428728455,0.02925162116090188,0.30869608069855475,-1.242345231313499,-4.5114026,2.3348887,-2.8347921,0.65827847,1.4761094,-3.702504,50.161266,0.0052251327
figure_eight_depth,smc,68.60000000000001,0.8060361,0.53586066,-0.7339696,-0.0024122829,-0.0002524255,-0.036397103,0.07997093,0.0075360835,-0.009726476,0.00026212473,0.00982314,-0.26005173,0.7836934573258402,0.48678945143658003,-0.7088077748430819,0.0,0.0,-0.35229130069264064,0.06504644332533394,-0.023912847024742945,-0.011785145153542231,0.0,0.0,0.0,0.05950039089507642,0.03487138876648542,0.31589419747241626,-1.2645094375927886,-12.511402,10.334888,-10.834792,8.658278,0.8528777,-3.498791,468.67255,0.04882006
figure_eight_depth,smc,68.7,0.81434095,0.5365458,-0.7349356,-0.0017973637,0.0007168016,-0.06746344,0.08274133,0.009892418,-0.00965645,0.0060707736,0.010441651,-0.3106391,0.7901550123756903,0.4842915805643156,-0.7099847924639787,0.0,0.0,-0.3854574153610288,0.06418347645276157,-0.02604274389436667,-0.011755153472792212,0.0,0.0,0.0,0.0627535356144858,0.04049857108229765,0.3179939726778089,-1.2852559194921567,-4.52226,2.3796968,-2.8347921,0.65827847,0.39076373,-3.442444,46.58629,0.0048527387
figure_eight_depth,smc,68.8,0.8230785,0.5372466,-0.7360727,-0.0012939426,0.0017255942,-0.09388649,0.08671257,0.012902462,-0.011286166,0.0052236123,0.010562827,-0.2642118,0.7965299180241958,0.48158128339882933,-0.7111587947962318,0.0,0.0,-0.4185130962167501,0.06331347113858188,-0.028161217555972007,-0.011724839518501007,0.0,0.0,0.0,0.06651433918591798,0.0472645320287158,0.3246266090307951,-1.3086970038713448,-12.522261,10.379697,-10.834792,8.658278,-0.06033768,-3.5274272,469.35,0.048890624
figure_eight_depth,smc,68.9,0.8322437,0.53796464,-0.73749435,-0.00020415113,0.0027756088,-0.12523566,0.090599164,0.015759261,-0.014039995,0.011438874,0.010905778,-0.3134775,0.8028174751911148,0.4786597487660335,-0.7123297496539742,0.0,0.0,-0.45138935669317287,0.06243652278892231,-0.03026733877667387,-0.01169420412178157,0.0,0.0,0.0,0.07082534177226096,0.05401004566838949,0.32615369482889217,-1.3306018986931343,-6.680771,3.9938757,-2.8347921,0.65827847,0.052872017,-4.1720166,86.46163,0.009006421
figure_eight_depth,smc,69.0,0.84163857,0.537768,-0.7389222,0.0008366044,0.0038392204,-0.15271987,0.09349799,0.009787186,-0.01401666,0.011170408,0.010692225,-0.27483878,0.8090169943749472,0.4755282581475769,-0.7134976249348867,0.0,0.0,-0.4840199671592585,0.06155272757091268,-0.03236018374236371,-0.011663248122573133,0.0,0.0,0.0,0.0747285826428145,0.052938069656097354,0.3313000969495646,-1.355490896668738,-14.680771,11.9938755,-10.834792,8.658278,0.1755151,-4.6242437,573.151,0.059703227
figure_eight_depth,smc,69.10000000000001,0.8512685,0.5367548,-0.7401644,0.00239113,0.004943988,-0.18563661,0.09676687,0.0046250112,-0.012054572,0.016808998,0.010772291,-0.32917407,0.8151277957285542,0.4721881851187405,-0.7146623886210787,0.0,0.0,-0.5163422192247706,0.060662182402637654,-0.03443883446191398,-0.011631972369585686,0.0,0.0,0.0,0.07826459590913004,0.05319502666956032,0.3307056094320613,-1.3779495725441273,-6.680771,3.9938757,-2.8347921,0.65827847,0.1999365,-4.955142,93.64653,0.009754848
figure_eight_depth,smc,69.2,0.8612431,0.53499705,-0.7411111,0.0037418867,0.006052305,-0.2140218,0.10132234,0.0011137625,-0.008969045,0.014910922,0.010404421,-0.2838742,0.8211492091337036,0.46864099474594595,-0.7158240087799653,0.0,0.0,-0.5482975847255533,0.05976498494253413,-0.0365023791704111,-0.011600377720188959,0.0,0.0,0.0,0.08154805269131313,0.05611516387251593,0.334275782777006,-1.4021491145112779,-14.680771,11.9938755,-10.834792,7.3686967,-0.43190128,-4.759767,553.9104,0.057699
figure_eight_depth,smc,69.3,0.87103105,0.532356,-0.74206066,0.0054746773,0.007196778,-0.24717642,0.101311274,-0.0050520324,-0.008863789,0.019334512,0.010204068,-0.33158058,0.8270805742745616,0.46488824294412595,-0.7169824535651432,0.0,0.0,-0.5798322549285925,0.058861233578288985,-0.03854991272903008,-0.011568465040523446,0.0,0.0,0.0,0.08433541316286669,0.0541426742863703,0.3326558312597311,-1.423690945579277,-6.680771,3.9938757,-2.8347921,-0.6313033,-0.5932602,-4.403074,88.757355,0.009245559
figure_eight_depth,smc,69.4,0.8807959,0.5289319,-0.7431848,0.006814918,0.008329403,-0.27536508,0.1031361,-0.009366352,-0.010448298,0.015431064,0.009782889,-0.2819371,0.8329212407100993,0.4609315757942503,-0.7181376912172635,0.0,0.0,-0.6108975516491957,0.05795102741645852,-0.04058053702188369,-0.011536235205611423,0.0,0.0,0.0,0.0868526727530661,0.054929042583879976,0.33553246723948194,-1.4477510464854506,-14.680771,11.9938755,-10.834792,7.3686967,-0.79261297,-4.2372546,549.65106,0.057255317
figure_eight_depth,smc,69.5,0.8905499,0.5248377,-0.74459934,0.008326869,0.009533198,-0.3083864,0.10511178,-0.012969223,-0.013182117,0.017869959,0.009787388,-0.33027595,0.8386705679454236,0.4567727288213009,-0.719289690064902,0.0,0.0,-0.6414502080367128,0.057034466271477235,-0.04259336134995739,-0.011503689098968373,0.0,0.0,0.0,0.08924617631839041,0.056496323624117724,0.3330638225958864,-1.4689025173026984,-6.680771,3.9938757,-2.8347921,-0.6313033,-0.29333454,-4.4922147,89.28437,0.009300456
figure_eight_depth,smc,69.60000000000001,0.90031475,0.5200969,-0.74603146,0.009330084,0.0106859,-0.33649257,0.10756303,-0.015642773,-0.013166805,0.012711525,0.009186396,-0.2811353,0.8443279255020152,0.4524135262330097,-0.7204384185254288,0.0,0.0,-0.6714525223251138,0.056111650654333545,-0.0445875028217968,-0.011470827612769519,0.0,0.0,0.0,0.09149080326990595,0.05905860241776161,0.33495995407064294,-1.4913369931328428,-14.680771,11.9938755,-10.834792,6.6924253,-0.15684375,-4.931699,545.90564,0.056865167
figure_eight_depth,smc,69.7,0.90953445,0.51464194,-0.7472905,0.010500729,0.011829378,-0.36929476,0.105166204,-0.021154901,-0.011270247,0.015211598,0.008374023,-0.3280956,0.8498926929868638,0.4478558801197067,-0.7215838451058726,0.0,0.0,-0.7008723925822575,0.05518268176252228,-0.04656208674150286,-0.011437651648127378,0.0,0.0,0.0,0.09315765813466058,0.0560705415834531,0.33157762997086837,-1.5095678673172996,-7.452606,3.9938757,-2.8347921,-1.307575,0.27930933,-4.861119,104.94668,0.010931945
figure_eight_depth,smc,69.8,0.9176894,0.5083732,-0.7482624,0.011183757,0.012793729,-0.39729184,0.098787025,-0.02911369,-0.008245943,0.010142082,0.006703341,-0.280037,0.855364260160506,0.44310178961560776,-0.7227259384037851,0.0,0.0,-0.7296832442128457,0.054247661468109776,-0.048516246991259226,-0.011404162114536653,0.0,0.0,0.0,0.09379173320343367,0.04868458130257504,0.3323914050900735,-1.5287589145716278,-15.452606,11.9938755,-10.834792,6.143168,-0.15970005,-4.487256,557.92834,0.058117528
figure_eight_depth,smc,69.9,0.9243216,0.5012959,-0.74924064,0.011988448,0.013690972,-0.43007168,0.0886579,-0.03969318,-0.008205104,0.012240556,0.0053062295,-0.3278514,0.8607420270039436,0.43815334002193174,-0.7238646671081018,0.0,0.0,-0.757863864591825,0.053306692305798986,-0.05044912641119503,-0.011370359929929741,0.0,0.0,0.0,0.09313048287559644,0.03708661691807259,0.3277921828539252,-1.5440380021620566,-7.452606,3.9938757,-2.8347921,-1.8568323,0.10231079,-3.7193198,96.82007,0.010085423
figure_eight_depth,smc,70.0,0.9293789,0.49347422,-0.7503927,0.012161202,0.0143891135,-0.45791385,0.078729905,-0.050130066,-0.009843544,0.0055392855,0.0036434575,-0.27845946,0.8660254037844384,0.4330127018922197,-0.7249999999999999,0.0,0.0,-0.7853981606560753,0.05235987746421422,-0.0523598771771383,-0.011336246021342866,0.0,0.0,0.0,0.09118142045633214,0.026506198919372916,0.32748431487856366,-1.5607375988121022,-15.452606,11.9938755,-10.661438,6.0300198,-0.48544684,-3.9497657,548.49976,0.05713539
figure_eight_depth,smc,70.10000000000001,0.93269986,0.48490664,-0.75183094,0.012495094,0.015037831,-0.49052918,0.06786309,-0.062326588,-0.012650599,0.008031811,0.0025207882,-0.3261742,0.8712138111201897,0.4276821300802531,-0.7261319059537549,0.0,0.0,-0.812274855820069,0.05140732077224541,-0.05424766117065327,-0.01130182132375035,0.0,0.0,0.0,0.08783859727235926,0.018381530296758625,0.32174567624700995,-1.5733595748775748,-7.452606,3.9938757,-2.6614377,-1.96998,0.5624304,-3.670595,96.246056,0.01002563
figure_eight_depth,smc,70.2,0.9342707,0.47568583,-0.75327545,0.012182171,0.015493266,-0.51820636,0.057505127,-0.0740991,-0.012657173,0.0010326662,0.0010961874,-0.2767759,0.8763066800438635,0.4221639627510076,-0.7272603539375928,0.0,0.0,-0.8384871421874789,0.0504491266880569,-0.05611165034685728,-0.011267086781063806,0.0,0.0,0.0,0.08307347058751574,0.01937183177131465,0.32028078423154627,-1.587085778092076,-15.076369,11.468474,-9.559144,5.9512486,0.62779266,-4.192416,503.5879,0.052457068
figure_eight_depth,smc,70.3,0.93420607,0.46568865,-0.7545347,0.011912948,0.015911348,-0.5502057,0.049146213,-0.08730422,-0.010769681,0.00226532,0.00028285675,-0.31998223,0.8813034520649918,0.41646062035505016,-0.7283853130145425,0.0,0.0,-0.8640323030141268,0.049485400288540315,-0.05795102709874045,-0.011232043345466014,0.0,0.0,0.0,0.07684970317465022,0.02935879318631357,0.313826595464078,-1.596412400688434,-7.07637,3.4684741,-1.5591444,-2.0487514,1.2239469,-3.9715762,86.0051,0.008958864
figure_eight_depth,smc,70.4,0.93246305,0.45503816,-0.7554904,0.011042704,0.016137855,-0.5770217,0.040976804,-0.099999,-0.007715739,-0.00443584,-0.0009291822,-0.268134,0.8862035792312148,0.4105746045668518,-0.7295067523432825,0.0,0.0,-0.8889113188597018,0.04851624725726866,-0.05976498461479629,-0.011196691977743978,0.0,0.0,0.0,0.06922497740439659,0.041082070147200785,0.31188960083449424,-1.6066376122807817,-13.419692,10.934332,-9.559144,5.9512486,0.9430509,-3.4317136,439.10837,0.04574045
figure_eight_depth,smc,70.5,0.92954844,0.44410932,-0.7564351,0.010137677,0.016327323,-0.6079506,0.03534094,-0.10758529,-0.0076899645,-0.0040592193,-0.0015203138,-0.309251,0.8910065241883678,0.4045084971874739,-0.7306246411789872,0.0,0.0,-0.9131284690907832,0.047541773872783466,-0.061552727233377125,-0.011161033647011376,0.0,0.0,0.0,0.06099085395769904,0.04774835498837108,0.30517784128698067,-1.6130708637532918,-5.419692,2.9343321,-1.5591444,-2.0487514,1.1520404,-2.7104394,53.28536,0.0055505577
figure_eight_depth,smc,70.60000000000001,0.9253749,0.4329897,-0.7575365,0.008593029,0.01633142,-0.63361573,0.029432746,-0.11521163,-0.0093667945,-0.011256241,-0.0025604935,-0.25660416,0.8957117602394128,0.39826495901209813,-0.7317389488741693,0.0,0.0,-0.9366909384333014,0.046562086997048446,-0.0633134707914429,-0.011125069330930604,0.0,0.0,0.0,0.052452094417532666,0.054680203238548775,0.30307520624030826,-1.6209947363878001,-12.27485,10.934332,-9.559144,5.9512486,1.2730266,-2.2251236,403.59793,0.04204145
figure_eight_depth,smc,70.7,0.9202848,0.4217511,-0.75890684,0.0069475053,0.016285459,-0.6635244,0.025738895,-0.12081726,-0.012247344,-0.011570952,-0.0030292766,-0.29903135,0.9003187714021932,0.3918467286629203,-0.7328496448795206,0.0,0.0,-0.9596084363721814,0.04557729406373667,-0.06504644296870254,-0.011088800015435218,0.0,0.0,0.0,0.044405993024034765,0.05920547456614875,0.29608404710521363,-1.6255235861490005,-4.27485,2.9343321,-1.5591444,-1.0384413,2.1310155,-2.1398466,39.514107,0.0041160528
figure_eight_depth,smc,70.8,0.9146031,0.41045615,-0.760267,0.0046581905,0.016069949,-0.68855625,0.025021276,-0.124066815,-0.012334403,-0.018816767,-0.0038938955,-0.25026485,0.9048270524660189,0.38525662138789546,-0.733956698744749,0.0,0.0,-0.9818928353389591,0.04458750306651771,-0.06675088362623205,-0.011052226694951983,0.0,0.0,0.0,0.037720294656177836,0.0605772003331632,0.2933365814288944,-1.6312738501104136,-10.061902,9.665225,-9.559144,6.961559,2.79814,-2.0612514,346.5773,0.036101807
figure_eight_depth,smc,70.9,0.9089275,0.39963192,-0.761416,0.0022727249,0.015763177,-0.7174739,0.025136473,-0.119695276,-0.010530339,-0.019207804,-0.004414534,-0.28912193,0.9092361090470684,0.37849752782587837,-0.7350600801194137,0.0,0.0,-1.0035578319725,0.0435928225470672,-0.06842604514012418,-0.01101535037201229,0.0,0.0,0.0,0.033784510168881066,0.05449225745795842,0.2860839078124964,-1.6348832147383427,-2.0619023,1.6652253,-1.5591444,0.055268638,3.1626163,-2.067438,23.734844,0.0024723795
figure_eight_depth,smc,71.0,0.9035351,0.38925052,-0.7622449,-0.000569471,0.015284043,-0.74135417,0.02775297,-0.11369226,-0.007593557,-0.024657829,-0.0053340024,-0.2387612,0.9135454576426005,0.3715724127386977,-0.7361597587537567,0.0,0.0,-1.0246186342488313,0.04259336158346505,-0.07007119272911533,-0.010978172057696245,0.0,0.0,0.0,0.033062904198479126,0.04620054633628266,0.283264466787436,-1.6431870931754893,-9.495187,9.665225,-9.559144,8.055268,2.581823,-1.8151492,349.8003,0.036437534
figure_eight_depth,smc,71.10000000000001,0.89838415,0.37928212,-0.7630539,-0.0030893642,0.014677726,-0.7696584,0.029444588,-0.10830185,-0.007702989,-0.020873075,-0.0059020002,-0.28301227,0.9177546256839813,0.3644843137107056,-0.7372557044995329,0.0,0.0,-1.045091676064401,0.04158922977759438,-0.07168560477677222,-0.010940692771188587,0.0,0.0,0.0,0.03549277027784556,0.038713361018806104,0.275433289357095,-1.6493898264711513,-1.4951868,1.6652253,-1.5591444,0.055268638,2.2270527,-1.6469702,15.114819,0.0015744604
figure_eight_depth,smc,71.2,0.8932854,0.36976,-0.76401603,-0.0056744777,0.013908716,-0.79303944,0.029784435,-0.10383582,-0.009505703,-0.022419447,-0.0069678146,-0.23380831,0.9218631515885004,0.357236339816402,-0.738347887310836,0.0,0.0,-1.064994359794005,0.04058053724420585,-0.07326857314923774,-0.010902913540167258,0.0,0.0,0.0,0.040402773908102436,0.03244787608326601,0.2719549186853014,-1.6577451633176876,-7.211456,8.999967,-9.266537,8.055268,1.8134365,-1.6862782,289.89264,0.03019715
figure_eight_depth,smc,71.3,0.88896334,0.36069724,-0.76525635,-0.0076324902,0.0130151585,-0.82024485,0.03441376,-0.094316795,-0.012461358,-0.015796324,-0.007391819,-0.27207404,0.9258705848099944,0.3498316702566835,-0.7394362772449223,0.0,0.0,-1.0843448265718445,0.039567394597761485,-0.07481940350428928,-0.010864835400303807,0.0,0.0,0.0,0.04633444835019687,0.02023010480290816,0.26409997784366457,-1.6640190601697398,0.78854406,0.99996644,-1.2665371,0.2011747,2.0908704,-2.1710403,12.351477,0.0012866122
figure_eight_depth,smc,71.4,0.885269,0.35213208,-0.7664996,-0.00942084,0.012006972,-0.8422059,0.037599526,-0.08534174,-0.012595692,-0.015025318,-0.008405561,-0.21966232,0.9297764858882515,0.3422735529643443,-0.7405208444630327,0.0,0.0,-1.1031617534042368,0.038549912940277764,-0.0763374155955121,-0.01082645939537441,0.0,0.0,0.0,0.052469064851707034,0.009225574008220395,0.2609558713317881,-1.672377080797224,-7.211456,8.999967,-9.266537,8.201175,2.082036,-2.7549129,298.0569,0.031047592
figure_eight_depth,smc,71.5,0.88196695,0.3440873,-0.76755047,-0.010368184,0.01085453,-0.8684767,0.038161136,-0.07810239,-0.010787882,-0.0063191927,-0.009049195,-0.26278582,0.9335804264972015,0.33456530317942956,-0.7416015592312082,0.0,0.0,-1.1214641757860502,0.03752820385061195,-0.07782194357361383,-0.01078778657759294,0.0,0.0,0.0,0.058548829825818806,0.0006922804125915528,0.25298748692420325,-1.6784581858102294,0.78854406,0.99996644,-1.2665371,0.3237624,2.8098178,-2.3801985,16.891094,0.001759489
figure_eight_depth,smc,71.60000000000001,0.8789849,0.33663565,-0.7683035,-0.011309193,0.009623913,-0.88985765,0.037697725,-0.0708225,-0.007856006,-0.0070893285,-0.010088859,-0.21391323,0.9372819894918917,0.32671030199505235,-0.742678391921108,0.0,0.0,-1.1392713341833,0.036502379370584315,-0.07927233627558206,-0.010748818007277894,0.0,0.0,0.0,0.06444925707748062,0.009010935129132975,0.24941368438013845,-1.6874659156967964,-5.33497,8.999967,-7.46236,8.323762,2.5796084,-1.7711681,244.22455,0.025440058
figure_eight_depth,smc,71.7,0.8769697,0.32884404,-0.769071,-0.011812445,0.008326727,-0.91483784,0.04792459,-0.06462212,-0.007945503,-0.00262848,-0.010146166,-0.24992108,0.9408807689542255,0.31871199487434493,-0.7437513130108195,0.0,0.0,-1.1566025425551654,0.035472551993209755,-0.08068795751048352,-0.010709554752685868,0.0,0.0,0.0,0.06948646917587392,0.020513517032542995,0.24176470533592712,-1.6948990329532563,2.66503,0.99996644,0.5376401,1.2073627,2.4357874,-1.3919349,17.719643,0.0018457961
figure_eight_depth,smc,71.8,0.8760495,0.32079998,-0.77002954,-0.012439534,0.007003089,-0.9346933,0.058211725,-0.056243107,-0.009765788,-0.0046176035,-0.010890179,-0.19868995,0.9443763702374808,0.31057389013915576,-0.7448202930856695,0.0,0.0,-1.1734770770154748,0.03443883465076292,-0.0820681863405448,-0.010669997890178085,0.0,0.0,0.0,0.07354344208889188,0.035112713625305256,0.23878380013330314,-1.7049796032553277,-5.33497,8.999967,-7.46236,9.207362,2.1690373,-1.2933131,256.30103,0.026698021
figure_eight_depth,smc,71.9,0.87595344,0.3126544,-0.7712852,-0.012560051,0.0055561364,-0.9588087,0.06503984,-0.0490086,-0.012711722,0.000483648,-0.011468703,-0.24131005,0.9477684100095858,0.3022995574311871,-0.7458853028390294,0.0,0.0,-1.1899140826844334,0.03340134070195511,-0.08341241735165816,-0.010630148504275905,0.0,0.0,0.0,0.07687500870084818,0.046786220383338725,0.2311053625725865,-1.713064880593306,2.66503,0.99996644,0.5376401,1.2073627,2.6090446,-1.616489,19.269249,0.0020072137
figure_eight_depth,smc,72.0,0.87650347,0.30460122,-0.77256054,-0.012790125,0.0040465146,-0.97808665,0.06914566,-0.041604314,-0.012893188,-0.001229642,-0.012673813,-0.19295058,0.9510565162951535,0.29389262614623685,-0.7469463130731182,0.0,0.0,-1.2059324968533383,0.03236018391983286,-0.0847200609196963,-0.010590007687549807,0.0,0.0,0.0,0.07955450689367723,0.056722511491501204,0.22784584648178674,-1.7236632631449131,-4.968518,8.999967,-5.9488053,9.207362,2.7969196,-2.0142083,237.72916,0.024763452
figure_eight_depth,smc,72.10000000000001,0.87764496,0.29606292,-0.7736542,-0.012539377,0.0024292942,-1.0013176,0.0772394,-0.03808914,-0.011112963,0.0034475126,-0.013199726,-0.23249497,0.9542403285162768,0.28535678384221586,-0.7480032946998049,0.0,0.0,-1.2215509866484584,0.03131547847878835,-0.08599054346902779,-0.010549576540397343,0.0,0.0,0.0,0.08148277392820794,0.06636164899318737,0.22023336637105362,-1.7316421508064685,3.031482,0.99996644,2.0511944,1.2073627,2.8964818,-2.2820487,29.452291,0.0030679472
figure_eight_depth,smc,72.2,0.87918556,0.28727955,-0.77445287,-0.012388159,0.00076204457,-1.019533,0.082298,-0.034284003,-0.0082170535,0.0019547003,-0.014387144,-0.18234895,0.957319497532067,0.2766957746216726,-0.7490562187414038,0.0,0.0,-1.2367878994698032,0.030267338942679967,-0.08722330772398257,-0.01050885617126518,0.0,0.0,0.0,0.08283669763785467,0.0742631291581098,0.21725486133045993,-1.742562834575416,-4.968518,8.999967,-5.5679874,9.207362,2.4020164,-1.9534293,231.04913,0.024067618
figure_eight_depth,smc,72.3,0.88092357,0.27822968,-0.77524763,-0.011710108,-0.0010167676,-1.0418907,0.08620181,-0.032494318,-0.008284989,0.0069508753,-0.015017124,-0.2237799,0.9602936856769427,0.26791339748949944,-0.7501050563314708,0.0,0.0,-1.2516612246443113,0.02921588025173172,-0.08841781295340634,-0.010467847696482568,0.0,0.0,0.0,0.08389392310287512,0.07987238762288285,0.20977048424971903,-1.7519043819364806,3.031482,0.99996644,2.4320123,1.2073627,2.1274664,-1.7096465,25.01123,0.002605336
figure_eight_depth,smc,72.4,0.8827121,0.26911688,-0.77621275,-0.011163389,-0.0028317014,-1.05941,0.08769119,-0.03042445,-0.01009704,0.0052890577,-0.016096624,-0.17539245,0.9631625667976581,0.2590135046865653,-0.7511497787155936,0.0,0.0,-1.2661885648157956,0.028161217710376274,-0.08957353520777644,-0.010426552240427878,0.0,0.0,0.0,0.08486756887020652,0.08391984421659274,0.20677858881024136,-1.7638052603909926,-4.003161,8.999967,-4.4528723,9.207362,1.9185629,-1.5544473,207.72548,0.021638067
figure_eight_depth,smc,72.5,0.88472474,0.2594041,-0.7774552,-0.010150039,-0.004702558,-1.0807407,0.09451588,-0.029837929,-0.013026085,0.009529484,-0.016326213,-0.21350293,0.9659258262890681,0.2500000000000008,-0.7521903572521801,0.0,0.0,-1.280387115774573,0.02710346697404331,-0.09068996754925396,-0.010384970935195525,0.0,0.0,0.0,0.08555914220065557,0.09085361781861861,0.19964642554324977,-1.773026314990968,3.996839,0.99996644,3.547128,1.2073627,2.2628994,-1.9767134,40.042603,0.0041711046
figure_eight_depth,smc,72.60000000000001,0.8867868,0.24935457,-0.7786993,-0.009336793,-0.0065939855,-1.0970349,0.0983135,-0.028974755,-0.013197991,0.007366218,-0.017259482,-0.16312414,0.9685831611286312,0.24087683705085744,-0.7532267634132441,0.0,0.0,-1.2942736535134498,0.026042744037113597,-0.09176662027317317,-0.01034310492059598,0.0,0.0,0.0,0.08608927159129945,0.0957811638523721,0.19723872233058848,-1.7837487792706208,-4.003161,8.999967,-4.4528723,9.207362,2.5152595,-2.3108954,213.29507,0.022218235
figure_eight_depth,smc,72.7,0.88873714,0.23911056,-0.7797457,-0.00804707,-0.008554677,-1.1174418,0.09998432,-0.029276244,-0.011397515,0.011551613,-0.017700782,-0.20423818,0.971134279909636,0.23164801755993125,-0.7542589687851871,0.0,0.0,-1.3078645274861125,0.024979165219873867,-0.09280302112493755,-0.01030095534465536,0.0,0.0,0.0,0.08657107608450725,0.09829866102169717,0.1904227540715007,-1.7917419083798634,3.996839,0.99996644,3.547128,1.2073627,2.7184842,-2.4711254,44.511112,0.004636574
figure_eight_depth,smc,72.8,0.8904635,0.22886884,-0.7804881,-0.0070158956,-0.010536793,-1.1330794,0.09956499,-0.02927051,-0.00851193,0.008974012,-0.018562207,-0.15652487,0.9735789028731601,0.2223175895924647,-0.7552869450695775,0.0,0.0,-1.3211756590957286,0.02391284715574926,-0.09379871550488361,-0.01025852336289379,0.0,0.0,0.0,0.08709874136403511,0.0994494192729251,0.18809624949642445,-1.8015055161206694,-4.003161,8.999967,-4.394571,9.207362,2.3049552,-2.0547996,210.64748,0.021942446
figure_eight_depth,smc,72.9,0.89187074,0.21865295,-0.7812235,-0.0055586654,-0.012540132,-1.1529677,0.09840972,-0.03049687,-0.008605452,0.012476765,-0.018637648,-0.19900657,0.9759167619387474,0.2128896457825363,-0.7563106640839263,0.0,0.0,-1.3342225446137497,0.022843906778369227,-0.0947532666673162,-0.01021581013838091,0.0,0.0,0.0,0.08784986141389126,0.09920519117311684,0.18125485319224088,-1.8090398768834401,3.996839,0.99996644,3.6054292,1.2073627,2.0855312,-1.7510184,38.847008,0.004046563
figure_eight_depth,smc,73.0,0.8929545,0.20853455,-0.7821306,-0.00445659,-0.014510305,-1.1682168,0.09675576,-0.031094596,-0.010458473,0.009108539,-0.018853845,-0.15258683,0.9781476007338055,0.20336832153790063,-0.7573300977624593,0.0,0.0,-1.3470202618037241,0.02177246130918853,-0.09566625591576894,-0.0101728168423465,0.0,0.0,0.0,0.08887977498973744,0.09895491732463399,0.17880343727216896,-1.8193166917992916,-2.7332819,8.999967,-3.0554538,9.207362,1.9054515,-1.5644164,188.6597,0.01965205
figure_eight_depth,smc,73.10000000000001,0.8940643,0.1976075,-0.7833055,-0.003040624,-0.016380446,-1.1871684,0.104701325,-0.032541353,-0.013415095,0.011409827,-0.017856728,-0.18957701,0.980271174621722,0.193757793226051,-0.7583452181568876,0.0,0.0,-1.3595834796084532,0.02069862824438662,-0.09653728278298523,-0.010129544653514344,0.0,0.0,0.0,0.08983017981365053,0.10565380708683482,0.17241511985198343,-1.8270940159050004,5.266718,0.99996644,4.944546,1.2073627,2.2590263,-1.9746429,63.64693,0.0066298884
figure_eight_depth,smc,73.2,0.8951769,0.18601203,-0.78447294,-0.0020687163,-0.018170916,-1.2011029,0.111484185,-0.033042394,-0.013602195,0.0074366378,-0.017480973,-0.13938059,0.9822872507286886,0.18406227634233907,-0.7593559974371724,0.0,0.0,-1.3719264703832648,0.019622525341655983,-0.09736596520698582,-0.010085994757935701,0.0,0.0,0.0,0.09068008513190152,0.11219826209473083,0.17082361756191466,-1.83650461008527,-2.7332819,8.999967,-3.0554538,9.207362,2.4993646,-2.3143415,194.18454,0.020227557
figure_eight_depth,smc,73.3,0.8962799,0.17374884,-0.7854322,-0.0007554213,-0.019864101,-1.2190303,0.11813837,-0.03400139,-0.011811621,0.009875564,-0.016561005,-0.17927867,0.9841956079692418,0.1742860236609083,-0.7603624078922894,0.0,0.0,-1.3840631241916308,0.018544270607934177,-0.09815193970065528,-0.010042168349766456,0.0,0.0,0.0,0.0914218833227499,0.11847957217091498,0.1650328631518969,-1.8436255197109055,5.266718,0.99996644,4.944546,1.2073627,2.6662552,-2.500292,68.00489,0.0070838425
figure_eight_depth,smc,73.4,0.89739805,0.16087659,-0.78607637,9.7875454e-05,-0.021479787,-1.2322114,0.12454044,-0.033848025,-0.008942563,0.005914835,-0.016057309,-0.13179706,0.985996037070505,0.16443332336929128,-0.7613644219309876,0.0,0.0,-1.3960069647775344,0.017463982285914614,-0.09889486150964355,-0.009998066630489966,0.0,0.0,0.0,0.09204853662862122,0.12528995568169735,0.16379561338288107,-1.8538200678041181,-2.7332819,8.999967,-3.0554538,9.207362,2.2097557,-2.1182623,191.9516,0.019994957
figure_eight_depth,smc,73.5,0.898546,0.14735028,-0.7867004,0.0012933069,-0.022972917,-1.2495425,0.13123207,-0.03410158,-0.009057926,0.008231915,-0.014948265,-0.17326967,0.9876883405951377,0.154508497187474,-0.7623620120825458,0.0,0.0,-1.407771166868822,0.016381778841445538,-0.09959440476385584,-0.009953690809194615,0.0,0.0,0.0,0.09268203110841287,0.13221460389613596,0.15822869212211788,-1.8616466026473746,5.266718,0.99996644,4.944546,1.2073627,1.9436257,-1.8534303,61.8574,0.0064434796
figure_eight_depth,smc,73.60000000000001,0.8997524,0.13319893,-0.78748083,0.0020053196,-0.024382945,-1.2622794,0.13786727,-0.033251077,-0.01093093,0.004194347,-0.014264943,-0.12731698,0.9892723329629883,0.14451589847223587,-0.7633551509975263,0.0,0.0,-1.4193685745380293,0.015297778950318364,-0.10025026262050485,-0.009909042102351773,0.0,0.0,0.0,0.09340205795669307,0.13968971236168756,0.157089183249272,-1.8720639919757944,-2.7332819,8.999967,-3.0554538,9.207362,1.729723,-1.6934581,188.44128,0.0196293
figure_eight_depth,smc,73.7,0.9010226,0.118389755,-0.78852624,0.0030602904,-0.025659733,-1.2792562,0.14465864,-0.03289298,-0.013919306,0.006410655,-0.013108193,-0.1696924,0.9907478404714435,0.13445991030763355,-0.7643438114485238,0.0,0.0,-1.4308117203741422,0.014212101485389095,-0.10086214739866983,-0.009864121734148856,0.0,0.0,0.0,0.09430618229001121,0.14714806045951062,0.151555495741879,-1.8800593652844204,5.266718,0.99996644,4.944546,1.2073627,2.1124778,-2.0551155,63.330578,0.0065969354
figure_eight_depth,smc,73.8,0.90236264,0.10297429,-0.78956664,0.0036139288,-0.026872003,-1.2917277,0.15118459,-0.031516988,-0.014191304,0.0023366115,-0.012504196,-0.12463517,0.9921147013144777,0.1243449435824287,-0.7653279663309128,0.0,0.0,-1.442112845276284,0.013124865503255645,-0.10142979070548036,-0.009818930936100756,0.0,0.0,0.0,0.0953920840316554,0.1548140976011421,0.1503851831897971,-1.8887260087261608,-2.7332819,7.534468,-3.0554538,7.485936,2.3694453,-2.360626,140.80092,0.014666761
figure_eight_depth,smc,73.9,0.9033959,0.087996475,-0.79043794,0.0044454127,-0.028009491,-1.3077142,0.14654256,-0.03137092,-0.012541609,0.00401944,-0.01195232,-0.15976599,0.9933727656003964,0.11417543505532811,-0.7663075886635902,0.0,0.0,-1.4532839186944397,0.01203619023182334,-0.10195294355378609,-0.009773470947049834,0.0,0.0,0.0,0.09676491904511908,0.15192580209881273,0.14556969483274543,-1.894168891939221,4.419142,-0.4655317,4.446366,-0.5140637,2.563687,-2.512343,52.66432,0.0054858667
figure_eight_depth,smc,74.0,0.9039873,0.07376303,-0.7910469,0.004742784,-0.029113332,-1.3189833,0.13875015,-0.031348526,-0.00984043,-0.00018227875,-0.011539055,-0.11259615,0.9945218953682733,0.10395584540888055,-0.7672826515897144,0.0,0.0,-1.464336659208192,0.010946195056482644,-0.1024313764714721,-0.00972774301344348,0.0,0.0,0.0,0.09835070722969172,0.14624170186766589,0.1453533427866831,-1.9018897943332405,-3.5808582,7.534468,-3.553634,7.485936,2.1529472,-2.1073487,147.33441,0.015347335
figure_eight_depth,smc,74.10000000000001,0.9041983,0.06007563,-0.79168105,0.0053753965,-0.030065505,-1.3343216,0.1328421,-0.03210796,-0.010060277,0.0018612386,-0.01024879,-0.15327203,0.99556196460308,0.09369065729286208,-0.7682531283774433,0.0,0.0,-1.4752825553132007,0.0098549995073971,-0.10286487960161489,-0.009681748388667977,0.0,0.0,0.0,0.10013070906789476,0.14188907721703087,0.1409609372330616,-1.9067975715480643,3.6345255,-0.4655317,3.6030476,-0.5140637,1.9230781,-1.8283805,33.713913,0.0035118659
figure_eight_depth,smc,74.2,0.9039609,0.047405988,-0.792527,0.0055182218,-0.03095075,-1.345491,0.12230443,-0.032055218,-0.011969891,-0.0019293847,-0.009452437,-0.11159446,0.9964928592495043,0.08338437335805154,-0.7692189924206652,0.0,0.0,-1.4861328863474406,0.00876272324668026,-0.10325326279628233,-0.009635488334103215,0.0,0.0,0.0,0.1019797768066315,0.1340385418479856,0.1406418346735514,-1.9143057686667226,-4.365474,7.534468,-4.396952,7.485936,1.7498084,-1.649198,156.97969,0.016352052
figure_eight_depth,smc,74.3,0.9033047,0.03558698,-0.79368806,0.006046399,-0.03166643,-1.361146,0.11332331,-0.032882866,-0.014943262,0.0004372249,-0.008020186,-0.1564326,0.997314477224458,0.07304151428120687,-0.7701802172397294,0.0,0.0,-1.4968987434956766,0.007669486054628916,-0.1035963556977812,-0.009588964117623888,0.0,0.0,0.0,0.10389080692107991,0.12724698974176807,0.13575277029011024,-1.919301535875518,3.6345255,-0.4655317,3.6030476,-0.5140637,2.1622975,-2.0000808,35.348564,0.0036821421
figure_eight_depth,smc,74.4,0.9022589,0.024584899,-0.7948904,0.006070479,-0.03230678,-1.3725597,0.105001695,-0.033218674,-0.015154639,-0.00337289,-0.0070931194,-0.11403834,0.9980267284282716,0.06266661678215206,-0.7711367764821722,0.0,0.0,-1.50759105081264,0.006575407816955536,-0.1038940078128825,-0.00954217701482074,0.0,0.0,0.0,0.10576357688012566,0.12130225302487625,0.13503138417903404,-1.9247195781770672,-4.365474,5.6913266,-4.396952,5.8386545,2.45733,-2.296215,116.18272,0.012102368
figure_eight_depth,smc,74.5,0.9006121,0.015539532,-0.79597247,0.006415882,-0.03284877,-1.3875664,0.08504484,-0.034041323,-0.01336844,-0.0013933321,-0.006330317,-0.14995395,0.9986295347545738,0.05226423163382733,-0.7720886439234385,0.0,0.0,-1.5182205862441533,0.005480608511743146,-0.10414608858288002,-0.009495128308500966,0.0,0.0,0.0,0.10736179478289337,0.10611384181202402,0.13065413898615774,-1.927106113701513,3.6345255,-2.3086734,3.6030476,-2.1613452,2.7475653,-2.3891668,49.450348,0.0051510776
figure_eight_depth,smc,74.60000000000001,0.898434,0.0082823085,-0.7968167,0.0061830664,-0.0333436,-1.3976308,0.067075066,-0.034707405,-0.010429031,-0.0056336015,-0.005593544,-0.10055598,0.9991228300988584,0.04183892166615722,-0.7730357934676018,0.0,0.0,-1.5287980026171906,0.004385208196011625,-0.1043524874368082,-0.009447819288466164,0.0,0.0,0.0,0.10876498511016101,0.09370922385310596,0.1311671918795807,-1.931536086625058,-4.365474,5.6913266,-4.396952,5.8386545,2.4477313,-1.8936286,114.44886,0.011921757
figure_eight_depth,smc,74.7,0.89572924,0.0026015528,-0.7977045,0.0062731043,-0.033674814,-1.4115245,0.05097326,-0.03649519,-0.010357627,-0.0037314312,-0.0041706455,-0.13883701,0.9995065603657316,0.03139525976465682,-0.7739781991480785,0.0,0.0,-1.5393338485878438,0.0032893269927836144,-0.10451311384042025,-0.00940025125162336,0.0,0.0,0.0,0.11028031195533573,0.08307293108581427,0.12780931436237997,-1.934051762517275,3.6345255,-1.8768198,3.5056777,-0.96926844,2.355414,-1.4903157,37.7305,0.003930261
figure_eight_depth,smc,74.8,0.89284956,-0.0020873765,-0.7987828,0.0058108093,-0.03390732,-1.4211419,0.041341886,-0.03594514,-0.011956446,-0.007860921,-0.0029279785,-0.0961013,0.9997806834748455,0.020937826864600592,-0.7749158351283413,0.0,0.0,-1.5498385895470754,0.002193085077817347,-0.1046278973381113,-0.00935242550215154,0.0,0.0,0.0,0.11195560465692768,0.07909949879341137,0.12869672667781273,-1.938766271444823,-4.365474,6.1231804,-4.4943223,7.0307317,2.8074646,-1.6961813,136.9397,0.014264553
figure_eight_depth,smc,74.9,0.8897357,-0.0058438326,-0.7998177,0.0056904913,-0.033981483,-1.4350858,0.03213259,-0.036456686,-0.011233161,-0.0059302947,-0.0015514287,-0.13935257,0.9999451693655121,0.010471209941678135,-0.775848675702626,0.0,0.0,-1.5603226284817748,0.0010966026662839745,-0.1046967875820478,-0.009304343351168587,0.0,0.0,0.0,0.11395973529368376,0.07499109463525956,0.12523685501375725,-1.9412501414132197,3.6345255,-1.8768198,3.5056777,-0.5395799,2.710263,-1.2528301,38.22826,0.003982111
figure_eight_depth,smc,75.0,0.8865366,-0.008787548,-0.80099136,0.0049872845,-0.03400466,-1.4448483,0.024425171,-0.03575071,-0.012370707,-0.010348869,-0.0007869409,-0.09756569,1.0,3.061616997868383e-16,-0.7767766952966368,0.0,0.0,-1.5707963267948966,0.0,-0.10471975435468792,-0.00925600611700883,0.0,0.0,0.0,0.1163508244948497,0.07323263960995463,0.12594802776840727,-1.946022010173626,-3.3222017,6.1231804,-4.4943223,7.46042,3.184984,-1.4277959,136.56989,0.014226031
figure_eight_depth,smc,75.10000000000001,0.88348484,-0.011276181,-0.8020618,0.004592223,-0.033908937,-1.4587723,0.020479728,-0.03345863,-0.011240054,-0.0086845355,0.0002631867,-0.13916335,0.9999451693655121,-0.010471209941678411,-0.7776998684682481,0.0,0.0,-1.5812700251080185,-0.0010966026662839745,-0.1046967875820478,-0.00920741512466794,0.0,0.0,0.0,0.11898386329575436,0.07446169840599039,0.12249772343412935,-1.9484191967916924,4.6777983,-1.8768198,3.5056777,0.32992864,3.5716856,-1.4781201,52.74465,0.0054942346
figure_eight_depth,smc,75.2,0.8808126,-0.01347904,-0.80288297,0.0036194639,-0.03380481,-1.468489,0.01861393,-0.029058006,-0.008714592,-0.013021777,0.0005952821,-0.09711446,0.9997806834748455,-0.020937826864599093,-0.7786181699082008,0.0,0.0,-1.5917540640421868,-0.002193085077761836,-0.10462789733811477,-0.009158571706469054,0.0,0.0,0.0,0.12164630025336735,0.07838327344158792,0.12326501317701345,-1.953822598035228,-1.1045437,6.1231804,-3.7201374,8.329928,3.3217516,-0.97988945,133.93471,0.013951533
figure_eight_depth,smc,75.3,0.8788664,-0.0163455,-0.8036865,0.0029494003,-0.03362105,-1.4818739,0.026240366,-0.022319723,-0.008846444,-0.011224509,0.0013534197,-0.13377821,0.9995065603657316,-0.03139525976465531,-0.7795315744407971,0.0,0.0,-1.6022588050019493,-0.0032893269927836144,-0.10451311384042025,-0.009109477201341143,0.0,0.0,0.0,0.12395164441544149,0.08733742291102976,0.12038493510601422,-1.959317882198295,6.8954563,0.06701617,4.2798624,2.8190963,3.1482632,-0.6695576,84.17621,0.008768355
figure_eight_depth,smc,75.4,0.8778174,-0.021094434,-0.8045943,0.0018491652,-0.03344377,-1.4915326,0.04603881,-0.014696915,-0.0105883125,-0.014249092,0.0014880587,-0.09653707,0.9991228300988584,-0.0418389216661575,-0.7804400570245905,0.0,0.0,-1.612794650972604,-0.004385208196011625,-0.10435248743680473,-0.009060132955374112,0.0,0.0,0.0,0.12541439074053531,0.102873896993452,0.1212620868093961,-1.9689383793161335,0.63697964,8.067017,-1.9416616,10.819097,2.8714073,-0.5909604,194.89961,0.020302044
figure_eight_depth,smc,75.5,0.87752837,-0.028488785,-0.8056885,0.0012394153,-0.033296544,-1.5051035,0.0730755,-0.00876117,-0.013376935,-0.010635283,0.0012214838,-0.13563587,0.9986295347545739,-0.05226423163382584,-0.7813435927530719,0.0,0.0,-1.623372067345416,-0.005480608511743146,-0.10414608858332411,-0.009010540321152671,0.0,0.0,0.0,0.1257912502267022,0.12364631297043345,0.11826859845045745,-1.976231220236591,8.63698,0.4740861,6.0583386,2.8190963,3.0714946,-1.1463447,130.22113,0.013564702
figure_eight_depth,smc,75.60000000000001,0.87773293,-0.037974596,-0.8067179,0.0003483504,-0.033368424,-1.5141597,0.0943926,-0.0042020176,-0.013438222,-0.011925503,-0.00083100394,-0.090511136,0.9980267284282716,-0.06266661678215234,-0.7822421568553529,0.0,0.0,-1.6340016027771531,-0.006575407816955536,-0.1038940078128825,-0.008960700658533494,0.0,0.0,0.0,0.12521722674570854,0.14196154145013992,0.11984192336431132,-1.9857480291461833,0.63697964,8.474086,-1.9416616,10.819097,3.1598186,-1.6202556,205.64845,0.021421714
figure_eight_depth,smc,75.7,0.87823224,-0.049030073,-0.80750775,0.00018096852,-0.033685885,-1.5273317,0.11033501,-0.0012771351,-0.011586085,-0.0060682986,-0.0032204818,-0.13164575,0.9973144772244581,-0.07304151428120538,-0.7831357246968447,0.0,0.0,-1.6446939100944322,-0.007669486054628916,-0.1035963556973371,-0.008910615333701521,0.0,0.0,0.0,0.12389965357476425,0.15620960756299332,0.11736220023267684,-1.993611104043876,8.63698,1.9452775,6.0583386,3.3917732,3.2000341,-1.9111422,140.48181,0.014633521
figure_eight_depth,smc,75.8,0.8787179,-0.06183817,-0.8079546,-8.72803e-05,-0.034301337,-1.5365686,0.12794779,-0.000714761,-0.008782436,-0.00579342,-0.006171213,-0.09231515,0.9964928592495045,-0.08338437335805007,-0.7840242717799335,0.0,0.0,-1.6554597672425297,-0.00876272324673577,-0.10325326279671948,-0.008860285719947125,0.0,0.0,0.0,0.12209767066334981,0.17089153141200394,0.11889112557993209,-2.003832434767425,0.63697964,9.945277,-0.92886966,11.391773,2.5122967,-1.7545823,239.33977,0.024931224
figure_eight_depth,smc,75.9,0.8788079,-0.07628458,-0.80835956,0.0004718016,-0.035190538,-1.5501349,0.14418651,-0.00404355,-0.009000099,0.00093831983,-0.008880159,-0.13558367,0.99556196460308,-0.09369065729286236,-0.7849077737446524,0.0,0.0,-1.6663100982771335,-0.009854999507452611,-0.10286487960160795,-0.008809713196888946,0.0,0.0,0.0,0.12035143962840915,0.18301496807858628,0.11617520104507784,-2.011627872183043,8.63698,1.9452775,7.0711303,3.3917732,2.0692832,-1.661951,146.93056,0.015305266
figure_eight_depth,smc,76.0,0.8784567,-0.09180454,-0.8089202,0.0009571821,-0.036413804,-1.5594326,0.1548006,-0.006722681,-0.011056813,0.0015825541,-0.012276511,-0.0929141,0.9945218953682734,-0.10395584540887907,-0.7857862063693485,0.0,0.0,-1.6772559943815093,-0.010946195056427133,-0.10243137647104189,-0.00875889915108452,0.0,0.0,0.0,0.11897042869121789,0.191409071858044,0.11782336861094045,-2.021837910405269,0.63697964,9.945277,-0.92886966,11.334629,1.760849,-1.5989848,234.30824,0.02440711
figure_eight_depth,smc,76.10000000000001,0.8775773,-0.10803869,-0.80975634,0.0022509794,-0.037900973,-1.5730329,0.16181922,-0.0106520895,-0.014251653,0.007986703,-0.015001777,-0.13589792,0.9933727656003963,-0.11417543505532837,-0.7866595455713479,0.0,0.0,-1.6883087348953616,-0.01203619023182334,-0.10195294355377915,-0.008707844975752721,0.0,0.0,0.0,0.11823582441716012,0.1964491875399992,0.11527587890781277,-2.029513908762597,8.63698,1.9452775,7.0711303,3.334629,2.094908,-2.0011303,147.89532,0.015405763
figure_eight_depth,smc,76.2,0.8761854,-0.1246604,-0.81061304,0.0033509363,-0.03965802,-1.5823363,0.1658038,-0.013580705,-0.014829321,0.0074743344,-0.017779721,-0.09292741,0.9921147013144779,-0.12434494358242727,-0.7875277674076149,0.0,0.0,-1.6994798083140388,-0.013124865503311156,-0.1014297907054873,-0.008656552070385182,0.0,0.0,0.0,0.11820587154852694,0.1994267636311703,0.11714350174207833,-2.0385832783946065,0.63697964,9.945277,-0.92886966,9.991924,2.3482053,-2.3162782,210.89485,0.02196821
figure_eight_depth,smc,76.3,0.873956,-0.14115661,-0.8113132,0.005060652,-0.041559767,-1.595597,0.16480088,-0.020433713,-0.013478406,0.011839586,-0.019461336,-0.1324386,0.9907478404714437,-0.13445991030763207,-0.7883908480754094,0.0,0.0,-1.710780933215632,-0.014212101485389095,-0.10086214739868371,-0.008605021841301408,0.0,0.0,0.0,0.11920825829520591,0.19631131233009275,0.11518390448333227,-2.044319525873089,7.3862367,1.9452775,7.0711303,1.9919242,2.5724993,-2.4502428,124.93068,0.0130136125
figure_eight_depth,smc,76.4,0.87070954,-0.15714706,-0.81176597,0.0063335863,-0.043583035,-1.6045817,0.16033357,-0.028546304,-0.011054002,0.008996395,-0.020686705,-0.089665964,0.9892723329629884,-0.14451589847223528,-0.7892487639129391,0.0,0.0,-1.7222240790518628,-0.015297778950262853,-0.10025026262007464,-0.008553255701149176,0.0,0.0,0.0,0.12134128365583068,0.18972106777593267,0.11764236537541017,-2.05163917124481,-0.6137631,9.236864,-0.92886966,9.293344,2.2090685,-2.0179303,181.87741,0.018945565
figure_eight_depth,smc,76.5,0.8665883,-0.17250504,-0.812259,0.00799567,-0.045531884,-1.617518,0.15452223,-0.036074158,-0.01144575,0.010984639,-0.020306658,-0.12911299,0.9876883405951379,-0.15450849718747256,-0.7901014914000076,0.0,0.0,-1.7338214867205555,-0.016381778841334516,-0.0995944047634395,-0.00850125506918209,0.0,0.0,0.0,0.12441885940471357,0.18235040564701294,0.11630353856992069,-2.055245263295822,4.591732,1.2368644,4.437792,1.2933433,2.0223331,-1.7077281,50.986736,0.005311118
figure_eight_depth,smc,76.60000000000001,0.8618117,-0.1857461,-0.8130279,0.009119006,-0.0474336,-1.6272143,0.13400778,-0.04163859,-0.013470566,0.0068199253,-0.01979103,-0.09670865,0.985996037070505,-0.16443332336929156,-0.7909490071586605,0.0,0.0,-1.7455856888124595,-0.017463982285859103,-0.09889486150921334,-0.008449021370982024,0.0,0.0,0.0,0.1279197526406342,0.16200985090305467,0.1183713762590537,-2.0591167975132203,-3.408268,5.9149656,-3.5622082,6.298662,1.9462324,-1.4459653,104.844215,0.010921273
figure_eight_depth,smc,76.7,0.85670084,-0.19554357,-0.8142407,0.010421217,-0.049089257,-1.6405251,0.100012355,-0.045654714,-0.01647309,0.0067106998,-0.01776829,-0.13280158,0.9841956079692421,-0.17428602366090692,-0.7917912879538248,0.0,0.0,-1.7575295293978184,-0.018544270607823155,-0.09815193970025282,-0.008396556038625658,0.0,0.0,0.0,0.13118984593605115,0.1299109790190501,0.11700442678246194,-2.060473377819622,4.591732,-2.0850344,3.7382174,-1.7013377,2.59597,-1.591902,51.573402,0.0053722295
figure_eight_depth,smc,76.80000000000001,0.85159546,-0.20264143,-0.8155843,0.010809351,-0.05042854,-1.6491475,0.07361429,-0.046160292,-0.016588897,-0.00034964873,-0.014289592,-0.08597606,0.9822872507286886,-0.18406227634233935,-0.7926283106939473,0.0,0.0,-1.7696661832068086,-0.019622525341600472,-0.09736596520656948,-0.00834386051046243,0.0,0.0,0.0,0.13398696279489977,0.1066916382800767,0.12051867267824413,-2.0640496949227494,-3.408268,5.9149656,-4.2617826,6.298662,3.1437225,-1.6802634,117.145325,0.012202638
figure_eight_depth,smc,76.9,0.84652275,-0.20786396,-0.81680626,0.011254679,-0.051233497,-1.6617205,0.05534826,-0.04664296,-0.014525238,-0.0018844248,-0.009406393,-0.12547612,0.9802711746217219,-0.19375779322605124,-0.7934600524316265,0.0,0.0,-1.7820091739816744,-0.020698628244331108,-0.0965372827825689,-0.008290936231114543,0.0,0.0,0.0,0.13650154066056355,0.09116709404196759,0.120288659684189,-2.064931371733951,2.645615,-2.0018587,0.6303033,0.013453111,3.599134,-1.6443726,27.061907,0.0028189486
figure_eight_depth,smc,77.0,0.84237456,-0.21071486,-0.81780297,0.010903953,-0.051637713,-1.6714374,0.03160518,-0.03885028,-0.011164382,-0.008483358,-0.005134055,-0.09698913,0.9781476007338058,-0.20336832153789927,-0.7942864903642426,0.0,0.0,-1.7945723917860692,-0.02177246130918853,-0.09566625591576894,-0.008237784651587976,0.0,0.0,0.0,0.13799026769680497,0.07801148994618698,0.12313500908801012,-2.0694931785360566,-4.2386203,5.9981413,-6.9631505,8.0134535,3.4998271,-0.9498909,179.7956,0.018728707
figure_eight_depth,smc,77.10000000000001,0.83923966,-0.21241398,-0.8188003,0.010684218,-0.05147482,-1.6862504,0.019513423,-0.029601607,-0.010672455,-0.009843092,1.5783091e-05,-0.14794244,0.9759167619387473,-0.2128896457825365,-0.7951076018345824,0.0,0.0,-1.8073701089754566,-0.022843906778313716,-0.09475326666733008,-0.008184407228994939,0.0,0.0,0.0,0.1387162565907427,0.0777500638604648,0.12111966074852787,-2.07253460402479,3.7613795,-2.0018587,1.0368496,0.013453111,3.5033605,-0.44354358,31.70092,0.0033021786
figure_eight_depth,smc,77.2,0.8371584,-0.21335587,-0.8199509,0.009498241,-0.05092529,-1.6973675,0.011146166,-0.019717338,-0.011886037,-0.017579747,0.004308863,-0.11107618,0.9735789028731604,-0.22231758959246337,-0.7959233643314598,0.0,0.0,-1.8204169944945714,-0.02391284715569375,-0.09379871550446728,-0.008130805426775911,0.0,0.0,0.0,0.138809914666979,0.08204441937308359,0.12304944555200546,-2.079311768176191,1.5908601,3.723505,-2.2118983,7.526263,4.0392747,-0.5839158,94.58916,0.009853036
figure_eight_depth,smc,77.30000000000001,0.8364581,-0.21662349,-0.8208583,0.0081042545,-0.049879383,-1.7101067,0.032793786,-0.0029239883,-0.010729846,-0.020424508,0.009250159,-0.12731984,0.9711342799096359,-0.23164801755993147,-0.7967337554903344,0.0,0.0,-1.8337281261036809,-0.024979165219873867,-0.09280302112493755,-0.008076980714422088,0.0,0.0,0.0,0.13764231600879046,0.10687839901037825,0.12362139564256026,-2.0884233911686687,6.7779884,1.205166,3.1365614,4.846593,4.1609,-0.89359677,98.832634,0.010295066
figure_eight_depth,smc,77.4,0.8367644,-0.22385179,-0.8213098,0.0061747306,-0.048515227,-1.7203308,0.07084364,0.013005225,-0.008163261,-0.02439288,0.012813575,-0.102221705,0.9685831611286311,-0.24087683705085766,-0.7975387530939226,0.0,0.0,-1.8473190000757838,-0.026042744037058085,-0.09176662027317317,-0.008022934567530893,0.0,0.0,0.0,0.13502259937177477,0.14270294348546486,0.12698816568705085,-2.1024772950007473,0.4758668,9.205166,-2.4724414,12.846593,3.4149015,-0.8441024,268.4835,0.02796703
figure_eight_depth,smc,77.5,0.837627,-0.23599097,-0.8215534,0.004823196,-0.046921574,-1.7353234,0.11849438,0.026563145,-0.008355935,-0.020786142,0.015011552,-0.1498443,0.9659258262890684,-0.24999999999999947,-0.7983383350728087,0.0,0.0,-1.8612055378158758,-0.0271034669739878,-0.0906899675488515,-0.007968668467861484,0.0,0.0,0.0,0.1311326923440589,0.1869416338472398,0.12588210870820982,-2.1152662989408366,8.475867,1.205166,5.5275583,4.846593,2.632703,-1.0828328,135.43977,0.014108309
figure_eight_depth,smc,77.60000000000001,0.8390394,-0.25241143,-0.8218123,0.003249978,-0.04540497,-1.7463511,0.15937647,0.040778503,-0.010272079,-0.020904694,0.014634551,-0.110228315,0.963162566797658,-0.25901350468656553,-0.799132479506049,0.0,0.0,-1.8754040887741108,-0.02816121771026525,-0.08957353520738787,-0.007914183903168226,0.0,0.0,0.0,0.12635079986275663,0.2284022737152175,0.12905296591797066,-2.131792950966636,2.2220757,9.205166,1.6487945,11.688158,1.841512,-1.4693483,234.5544,0.024432754
figure_eight_depth,smc,77.7,0.8398202,-0.27401862,-0.82217014,0.0024703306,-0.043985903,-1.7602963,0.21100679,0.04538298,-0.013317391,-0.014126094,0.013737855,-0.13935323,0.9602936856769431,-0.26791339748949816,-0.7999211646217725,0.0,0.0,-1.8899314289463187,-0.029215880251676207,-0.08841781295299,-0.007859482367034154,0.0,0.0,0.0,0.12266274815429992,0.2750261306279208,0.12963508418923864,-2.146344143023307,8.559536,4.5458393,9.363143,3.7422326,1.0586038,-1.9097346,200.37077,0.020871958
figure_eight_depth,smc,77.80000000000001,0.83879495,-0.30028144,-0.8227393,0.0017835939,-0.04286104,-1.7700619,0.25935668,0.03935934,-0.01721004,-0.011161419,0.01100759,-0.0975879,0.957319497532067,-0.2766957746216729,-0.8007043687977786,0.0,0.0,-1.9048047541201352,-0.030267338942568944,-0.08722330772362175,-0.007804565359315063,0.0,0.0,0.0,0.12284091693932785,0.3162178050369037,0.13474290357234464,-2.1636358770038564,0.55953586,12.545839,1.3631427,11.742232,0.76280034,-2.9504712,306.7365,0.031951718
figure_eight_depth,smc,77.9,0.8361313,-0.33042416,-0.8232686,0.0023131948,-0.04209556,-1.7842466,0.30023247,0.033524945,-0.018233595,-0.00078187947,0.007402027,-0.14173108,0.9542403285162768,-0.28535678384221613,-0.801482070562129,0.0,0.0,-1.920041666941544,-0.03131547847867733,-0.08599054346866697,-0.007749434385417864,0.0,0.0,0.0,0.12827887393437315,0.35258745279836484,0.1357951030301061,-2.176766153752208,3.6748793,4.5458393,7.3841023,3.7422326,0.43242598,-3.860273,117.78737,0.012269518
figure_eight_depth,smc,78.0,0.8317101,-0.3613162,-0.8236717,0.0033114357,-0.041860886,-1.7958586,0.31082964,0.022191692,-0.01717827,0.0050957063,0.0020783802,-0.11602247,0.9510565162951536,-0.2938926261462363,-0.8022542485937368,0.0,0.0,-1.93566015673605,-0.03236018391966633,-0.08472006091936324,-0.007694090956911204,0.0,0.0,0.0,0.1387379294376801,0.3595821567211067,0.13980153513876,-2.188250272881677,-4.325121,10.130877,-0.6158979,5.64101,0.2917333,-4.3816977,172.82605,0.018002711
figure_eight_depth,smc,78.10000000000001,0.8253541,-0.38991684,-0.82394135,0.005349018,-0.042074874,-1.8111085,0.2926084,0.0018209647,-0.014960952,0.013993966,-0.0026444115,-0.15235704,0.9477684100095854,-0.3022995574311881,-0.8030208817229516,0.0,0.0,-1.9516785709057023,-0.03340134070212164,-0.08341241735199123,-0.0076385365910258685,0.0,0.0,0.0,0.15198591112982848,0.33704703651369333,0.14057010094262856,-2.1950684764319432,-0.32112998,2.1308765,4.165359,-2.3589902,-0.04656168,-3.9413013,43.094833,0.004489045
figure_eight_depth,smc,78.2,0.8174265,-0.41440845,-0.82443416,0.007422336,-0.042589583,-1.8231792,0.25631177,-0.018790774,-0.015622662,0.015655894,-0.0057921293,-0.120572016,0.944376370237481,-0.3105738901391553,-0.8037819489321385,0.0,0.0,-1.968115576574041,-0.034438834650596384,-0.08206818634021174,-0.007582772810710292,0.0,0.0,0.0,0.1653009304122367,0.2976652269061219,0.1449363315789238,-2.1990358361508697,-8.32113,4.3192134,-3.834641,0.4932166,0.24515246,-3.168651,112.944984,0.011765104
figure_eight_depth,smc,78.30000000000001,0.80899525,-0.43218,-0.825437,0.009783664,-0.04317123,-1.8378526,0.19253705,-0.037398156,-0.017965896,0.017365884,-0.0069044307,-0.14655237,0.940880768954225,-0.3187119948743458,-0.8045374293562559,0.0,0.0,-1.9849901110347101,-0.03547255199337629,-0.08068795751084434,-0.007526801144963624,0.0,0.0,0.0,0.17523004510899237,0.23231737398033456,0.1471375137980768,-2.195879296664094,-7.709353,-3.6807866,-5.6066794,-7.365853,1.7079406,-2.4304779,167.49725,0.017447628
figure_eight_depth,smc,78.4,0.8021224,-0.43917537,-0.82689905,0.01142305,-0.043710828,-1.8509986,0.08490021,-0.04800825,-0.017832918,0.010720306,-0.0066806367,-0.13127925,0.9372819894918912,-0.3267103019950532,-0.805287302283426,0.0,0.0,-2.0023213194066303,-0.03650237937075085,-0.07927233627591512,-0.0074706231281140845,0.0,0.0,0.0,0.17715408393466234,0.12579113059171332,0.1513226793462055,-2.197373969955617,-11.88026,-3.0956864,-13.158059,-1.8178873,3.6852238,-1.096836,341.94705,0.035619482
figure_eight_depth,smc,78.5,0.7991945,-0.43600035,-0.82861084,0.012294622,-0.043805074,-1.8673216,-0.023141198,-0.037099537,-0.015699266,0.0015830958,-0.0028051604,-0.16305226,0.9335804264972017,-0.3345653031794291,-0.806031547155504,0.0,0.0,-2.020128477804006,-0.03752820385094502,-0.0778219435742522,-0.007414240300318564,0.0,0.0,0.0,0.169877796574897,0.04397660766349854,0.15280686735326118,-2.2080913360657766,-3.8802605,-11.095687,-7.305046,-7.607652,5.249632,-0.057151426,276.97266,0.028851321
figure_eight_depth,smc,78.60000000000001,0.8010727,-0.42458963,-0.8303354,0.011258004,-0.0433298,-1.8793892,-0.115260646,-0.015528474,-0.012019219,-0.015650718,0.0032701322,-0.12060959,0.9297764858882517,-0.3422735529643438,-0.8067701435686404,0.0,0.0,-2.038430900185668,-0.03854991294061083,-0.07633741559615048,-0.0073576542073960916,0.0,0.0,0.0,0.15458304464488565,0.09799996984979108,0.15904173335369798,-2.2212408900179605,-11.88026,-3.0956864,-15.305046,0.392348,6.0534773,0.38834912,421.91766,0.043949753
figure_eight_depth,smc,78.7,0.8073035,-0.40653798,-0.8318995,0.009379053,-0.041979637,-1.8959185,-0.19141148,0.0044549974,-0.007408235,-0.025949387,0.01164171,-0.16527931,0.9258705848099946,-0.34983167025668305,-0.8075030712738419,0.0,0.0,-2.0572478270178483,-0.03956739459792802,-0.07481940350462235,-0.007300866400661299,0.0,0.0,0.0,0.13367478754417142,0.17129234812682606,0.1613293385153458,-2.2324053127555055,-3.8802605,-11.095687,-9.149757,-3.8757236,5.8026447,0.93653744,271.4578,0.028276851
figure_eight_depth,smc,78.80000000000001,0.8186372,-0.38457233,-0.8334661,0.0061448542,-0.03973011,-1.9095414,-0.24479409,0.037183538,-0.005746304,-0.03805915,0.021217754,-0.13631403,0.9218631515885006,-0.3572363398164015,-0.8082303101775248,0.0,0.0,-2.0765982937957346,-0.04058053724453892,-0.07326857314984836,-0.007243878437035445,0.0,0.0,0.0,0.10972556953092935,0.2321746862705657,0.1670569253112375,-2.2450095066409705,-6.9998527,-3.0956864,-14.778028,4.124276,5.3717594,0.97898334,323.79517,0.033728667
figure_eight_depth,smc,78.9,0.8343134,-0.3625285,-0.8350277,0.0027768638,-0.036438417,-1.9269775,-0.2604189,0.0745674,-0.0057342504,-0.040605478,0.031845707,-0.17442276,0.9177546256839815,-0.36448431371070517,-0.8089518403420675,0.0,0.0,-2.0965009775257504,-0.04158922977798296,-0.07168560477738284,-0.007186691878768858,0.0,0.0,0.0,0.08744263690222702,0.26320803938390713,0.16952346230510829,-2.256233557007895,1.0001473,-4.3097367,-6.778027,3.8219914,5.449407,0.38413972,109.966995,0.011454896
figure_eight_depth,smc,79.0,0.8525911,-0.3457134,-0.8361496,-0.0009961112,-0.032229833,-1.9430952,-0.22159278,0.11266213,-0.0034610806,-0.043601457,0.041638408,-0.16118553,0.9135454576426015,-0.3715724127386961,-0.8096676419863559,0.0,0.0,-2.1169740193413418,-0.042593361583687095,-0.07007119272942064,-0.007129308293718495,0.0,0.0,0.0,0.07131209514270355,0.2558236032939174,0.1738788121269863,-2.2682885362585457,7.4815145,3.6902635,-1.0037667,11.821992,4.7448964,0.303221,232.96413,0.024267094
figure_eight_depth,smc,79.10000000000001,0.8701445,-0.34250963,-0.8368118,-0.0046665817,-0.027286934,-1.9591568,-0.093859546,0.15185797,-0.0034478973,-0.041880414,0.049588885,-0.16048256,0.9092361090470686,-0.3784975278258779,-0.8103776954863264,0.0,0.0,-2.1380348216175795,-0.043592822547289245,-0.06842604514042949,-0.00707172925507038,0.0,0.0,0.0,0.05934681805697488,0.22597549403637998,0.1788780699848891,-2.292952281739521,7.2944183,7.177022,-1.5444167,16.015856,4.182903,0.22729662,381.15936,0.039704107
figure_eight_depth,smc,79.2,0.88680166,-0.35281503,-0.83731186,-0.0077870237,-0.02239706,-1.9772522,0.032155503,0.19321631,-0.004979086,-0.03614153,0.049742337,-0.18065818,0.90482705246602,-0.38525662138789396,-0.8110819813755037,0.0,0.0,-2.1596998182504468,-0.04458750306668424,-0.06675088362653736,-0.007013956341450633,0.0,0.0,0.0,0.04544643253585368,0.27106562089382463,0.18244757330110592,-2.3203747998256907,8.651608,5.913848,5.1418004,9.423656,1.7212893,-2.837595,236.0821,0.024591886
figure_eight_depth,smc,79.30000000000001,0.90027815,-0.3736697,-0.83756715,-0.009701989,-0.018061489,-1.9929937,0.13818385,0.2062736,-0.004042947,-0.022674993,0.04457987,-0.15703312,0.9003187714021935,-0.39184672866292,-0.8117804803455343,0.0,0.0,-2.1819842172165544,-0.04557729406345912,-0.06504644296845274,-0.006955991136592399,0.0,0.0,0.0,0.03154929292590172,0.32770597916590616,0.1889905047913225,-2.349591547451328,0.6516086,13.913848,0.48463234,14.068557,-0.875246,-4.788115,415.871,0.0433199
figure_eight_depth,smc,79.4,0.90923417,-0.40306523,-0.83785635,-0.009210757,-0.014495612,-2.0131137,0.23135445,0.20220815,-0.005110066,0.0012785384,0.037608787,-0.20081206,0.8957117602394131,-0.39826495901209785,-0.8124731732467159,0.0,0.0,-2.20490171515553,-0.04656208699677089,-0.0633134707911931,-0.006897835229779936,0.0,0.0,0.0,0.029158255877845592,0.3843728973560611,0.19178797804920664,-2.3754847925303317,5.6701183,8.823145,8.4846325,6.068557,-2.0609844,-5.5066085,253.38489,0.026394261
figure_eight_depth,smc,79.5,0.9126483,-0.43916202,-0.8383384,-0.00711733,-0.0117364,-2.030068,0.3115128,0.18544036,-0.0076289033,0.01847676,0.029152358,-0.16926156,0.8910065241883685,-0.404508497187473,-0.8131600410885229,0.0,0.0,-2.228464184498932,-0.04754177387256142,-0.06155272723309957,-0.006839490215293509,0.0,0.0,0.0,0.04799148047191814,0.43580545509237484,0.19839626381411746,-2.3992399834209035,-2.3298817,16.823145,4.7672668,9.619251,-1.9143296,-6.017934,443.5836,0.04620662
figure_eight_depth,smc,79.60000000000001,0.90910196,-0.47976398,-0.8387648,-0.0033994939,-0.009866012,-2.0502717,0.37959087,0.14825632,-0.007664564,0.034807194,0.02014128,-0.20188768,0.8862035792312147,-0.41057460456685196,-0.8138410650401267,0.0,0.0,-2.25268133472967,-0.04851624725704662,-0.059764984614574246,-0.006780957692797962,0.0,0.0,0.0,0.07702401056850473,0.4759720007958119,0.2024095852332102,-2.41852826010293,1.9293107,12.325368,11.828806,2.4258728,-0.7438395,-5.315122,330.24625,0.034400653
figure_eight_depth,smc,79.7,0.897965,-0.5230345,-0.8389694,0.00049577845,-0.008871426,-2.0671654,0.43524694,0.100823015,-0.005997462,0.037286043,0.010520065,-0.1688912,0.8813034520649926,-0.4164606203550493,-0.814516226430911,0.0,0.0,-2.2775603505755795,-0.04948540028831827,-0.05795102709849065,-0.006722239266843122,0.0,0.0,0.0,0.11060542662456577,0.5100736885506941,0.2103949758197201,-2.44199309321521,-6.070689,20.325367,3.8288057,10.425873,-0.6081508,-4.4605036,593.5984,0.061833158
figure_eight_depth,smc,79.80000000000001,0.8798467,-0.56803524,-0.8392004,0.0047863703,-0.00871244,-2.0893986,0.48194578,0.05498844,-0.006612779,0.04093354,0.0014796404,-0.22232439,0.8763066800438634,-0.4221639627510077,-0.8151855067509859,0.0,0.0,-2.3031055114015464,-0.050449126687779344,-0.05611165034663523,-0.0066633365473633965,0.0,0.0,0.0,0.14787723512626993,0.5438635604762923,0.21370688888872902,-2.4613817576162926,1.9293107,12.325368,11.828806,2.4258728,-0.1433699,-3.4919364,313.65665,0.032672565
figure_eight_depth,smc,79.9,0.8552524,-0.6139738,-0.8396052,0.008284678,-0.009368106,-2.1076727,0.52083284,0.014056186,-0.008654028,0.033390965,-0.00743122,-0.18270151,0.8712138111201896,-0.4276821300802532,-0.8158488876516928,0.0,0.0,-2.3293177977698667,-0.05140732077202337,-0.05424766117040347,-0.006604251149122664,0.0,0.0,0.0,0.1884773593938202,0.5763058345110639,0.22164510642465185,-2.4819699037062346,-6.070689,20.325367,3.8288057,10.411163,-0.40114248,-3.356903,584.45557,0.060880795
figure_eight_depth,smc,80.0,0.8248815,-0.6602545,-0.8402801,0.011656298,-0.010694313,-2.130916,0.5529408,-0.024373494,-0.011727819,0.03153878,-0.015187149,-0.23230512,0.8660254037844392,-0.4330127018922189,-0.8165063509461096,0.0,0.0,-2.356194492933983,-0.05235987746421422,-0.05235987717711055,-0.006544984691991829,0.0,0.0,0.0,0.2321569258279327,0.605969464959198,0.2252783743121567,-2.496785051208035,-2.820128,12.325368,8.493581,2.411163,0.29853582,-3.3690648,249.26216,0.02596481
figure_eight_depth,smc,80.10000000000001,0.79040796,-0.70387423,-0.84096646,0.014121818,-0.012766418,-2.1518447,0.5525909,-0.060455404,-0.012070021,0.022417052,-0.023158971,-0.20902033,0.8607420270039435,-0.43815334002193185,-0.8171578786095478,0.0,0.0,-2.3837287889982433,-0.053306692305798986,-0.05044912641116728,-0.006485538800782287,0.0,0.0,0.0,0.2759009276241675,0.606005950810181,0.23188404908430282,-2.499178257558265,-10.820128,6.858868,0.4935805,-4.808394,0.17243311,-4.054186,203.94968,0.021244759
figure_eight_depth,smc,80.2,0.7572324,-0.73672116,-0.84158677,0.015945014,-0.015619304,-2.1719856,0.45654795,-0.09717374,-0.010660935,0.015660774,-0.03136992,-0.20096755,0.8553642601605068,-0.44310178961560714,-0.8178034527800473,0.0,0.0,-2.411909409377188,-0.05424766146788773,-0.04851624699103718,-0.0064259151053014385,0.0,0.0,0.0,0.31049611298957236,0.5131253644566847,0.23992378315648466,-2.49838775929285,-18.820127,8.278894,-7.5064197,-3.7419207,0.02437088,-4.5996366,514.24286,0.05356696
figure_eight_depth,smc,80.30000000000001,0.7272688,-0.7573037,-0.8421268,0.017549511,-0.018521624,-2.196074,0.33909252,-0.13083315,-0.008612978,0.012282688,-0.032859776,-0.24036124,0.8498926929868635,-0.44785588011970673,-0.8184430557588663,0.0,0.0,-2.440720261007536,-0.05518268176252228,-0.04656208674150286,-0.006366115240075132,0.0,0.0,0.0,0.33369971068766385,0.403186801991447,0.24464625206588542,-2.4930176866520823,-14.886946,0.27889463,-2.512577,-11.74192,-0.4028399,-4.329694,384.79324,0.04008263
figure_eight_depth,smc,80.4,0.701069,-0.7658408,-0.84294116,0.018247556,-0.02109017,-2.2168214,0.22238362,-0.16264847,-0.0094113825,0.0031378733,-0.029321799,-0.20695804,0.8443279255020151,-0.4524135262330098,-0.8190766700109658,0.0,0.0,-2.4701401312635913,-0.056111650654278034,-0.04458750282185231,-0.006306140844625219,0.0,0.0,0.0,0.3454407450791872,0.3025023126697254,0.2533186991499439,-2.4905496168972814,-22.886946,8.278894,-10.512577,-3.7419207,-1.0255778,-5.5589776,748.82263,0.07800236
figure_eight_depth,smc,80.5,0.67827487,-0.7640904,-0.8438752,0.01913156,-0.022838967,-2.2430727,0.12302331,-0.19273074,-0.008422832,0.003304038,-0.022273924,-0.26209044,0.8386705679454244,-0.45677272882130016,-0.8197042781654913,0.0,0.0,-2.5001424455529344,-0.05703446627119968,-0.042593361349763104,-0.006245993563136487,0.0,0.0,0.0,0.3474984567022769,0.2344499378881965,0.2570696973687303,-2.48610590754054,-14.886946,0.27889463,-2.512577,-11.74192,-0.6176051,-5.632328,397.98926,0.041457213
figure_eight_depth,smc,80.60000000000001,0.65873975,-0.75328916,-0.84479785,0.01916788,-0.023896934,-2.2652535,0.03692871,-0.22026329,-0.0058592353,-0.004702222,-0.014819899,-0.22150674,0.8329212407100992,-0.4609315757942505,-0.8203258630162481,0.0,0.0,-2.530695101941368,-0.05795102741623648,-0.040580537021661645,-0.006185675044512173,0.0,0.0,0.0,0.34119060688357516,0.20319488638008376,0.26544155808760816,-2.4845296628308304,-22.886946,8.278894,-10.512577,-3.7419207,-2.2937276,-6.63774,766.18933,0.0798114
figure_eight_depth,smc,80.7,0.642254,-0.73448735,-0.8459485,0.019727519,-0.024036305,-2.2925265,-0.039233822,-0.24715945,-0.005836372,-0.00092038326,-0.006619279,-0.27257484,0.8270805742745619,-0.4648882429441257,-0.8209414075221733,0.0,0.0,-2.5617603986603594,-0.05886123357801143,-0.038549912728919056,-0.006125186942540495,0.0,0.0,0.0,0.3278260225453113,0.2095310436310509,0.2692339151245928,-2.4794499458259196,-14.886946,0.27889463,-2.512577,-11.74192,-2.2927375,-6.2463717,410.1585,0.042724844
figure_eight_depth,smc,80.80000000000001,0.62860537,-0.708838,-0.8474249,0.01967097,-0.023447184,-2.315374,-0.102691166,-0.27210674,-0.006933288,-0.006056675,0.0013843846,-0.22848165,0.8211492091337035,-0.4686409947459461,-0.8215508948078037,0.0,0.0,-2.593295068863865,-0.05976498494225657,-0.036502379170272325,-0.006064530915450561,0.0,0.0,0.0,0.3089291045427466,0.2394844987649916,0.27792117131137495,-2.4750998840902008,-22.886946,8.278894,-10.512577,-3.7419207,-1.4681044,-6.186948,757.30225,0.07888566
figure_eight_depth,smc,80.9,0.6175455,-0.677245,-0.84891945,0.019609569,-0.021945693,-2.3430824,-0.1576851,-0.29558885,-0.005438073,-0.007110248,0.009563368,-0.27724916,0.815127795728554,-0.47218818511874056,-0.8221543081637372,0.0,0.0,-2.6252504343651344,-0.0606621824023601,-0.03443883446174745,-0.00600370862618993,0.0,0.0,0.0,0.2860130208350399,0.2785912737469254,0.28216800638661876,-2.4664345747423333,-14.886946,0.27889463,-4.279874,-10.020738,-0.03661476,-5.3253517,368.79218,0.038415845
figure_eight_depth,smc,81.0,0.6095365,-0.64125794,-0.85017294,0.018253865,-0.019786177,-2.367042,-0.20212376,-0.30857778,-0.002051093,-0.018814726,0.016894044,-0.2399162,0.8090169943749477,-0.47552825814757677,-0.8227516310470919,0.0,0.0,-2.657572686430797,-0.061552727570635124,-0.03236018374219718,-0.005942721742202561,0.0,0.0,0.0,0.2607886352285748,0.309954058711998,0.29053062176404915,-2.459408319510463,-22.07858,7.9558425,-12.279874,-2.0207374,0.4290015,-5.1765523,732.6185,0.076314434
figure_eight_depth,smc,81.10000000000001,0.60430807,-0.601736,-0.85103834,0.016498568,-0.016878095,-2.3960905,-0.23916923,-0.31906363,0.0019010411,-0.023300214,0.023774823,-0.29091173,0.802817475191114,-0.4786597487660339,-0.8233428470819594,0.0,0.0,-2.6902032968954965,-0.062436522789144355,-0.030267338776868158,-0.005881571935595353,0.0,0.0,0.0,0.23520372117764027,0.33867139985700334,0.29411278938817237,-2.450130154501861,-14.078581,-0.04415735,-6.8308573,-7.1102686,0.9889715,-3.7816675,310.70398,0.032365
figure_eight_depth,smc,81.2,0.60247564,-0.56034625,-0.85173905,0.013408888,-0.01352251,-2.4219766,-0.26738018,-0.31653842,0.0027281148,-0.03526564,0.029281268,-0.25934052,0.7965299180241961,-0.48158128339882905,-0.8239279400598531,0.0,0.0,-2.723079557373611,-0.06331347113830432,-0.028161217555805473,-0.005820260882583028,0.0,0.0,0.0,0.21126864099683218,0.3533804017757416,0.3011029910589138,-2.4438743577301363,-16.413664,2.6350508,-14.830857,0.8897312,0.92453736,-3.329836,509.04034,0.053025037
figure_eight_depth,smc,81.30000000000001,0.6053749,-0.51936084,-0.85237896,0.009992929,-0.009750461,-2.4510698,-0.29199708,-0.289132,0.0014260527,-0.038093597,0.033816494,-0.2913853,0.7901550123756896,-0.48429158056431587,-0.824506893940154,0.0,0.0,-2.7561352382273707,-0.06418347645298361,-0.02604274389456096,-0.00575879026426529,0.0,0.0,0.0,0.19013259930169824,0.34808995079973715,0.3050654063792262,-2.439880942761893,-8.413665,-5.364949,-12.902225,-0.720954,1.9167856,-1.9932657,274.2068,0.028563203
figure_eight_depth,smc,81.4,0.61433554,-0.48118854,-0.8530242,0.005798344,-0.0057925982,-2.4775114,-0.31226152,-0.23722377,-0.0010374467,-0.04452399,0.036934536,-0.2647855,0.7836934573258394,-0.48678945143658026,-0.8250796928505484,0.0,0.0,-2.789301352898435,-0.065046443325667,-0.0239128470247707,-0.0056971617657941565,0.0,0.0,0.0,0.17173925024252626,0.32655559959679825,0.31178994695361073,-2.4442024077025772,-12.690688,-0.79841816,-20.902224,7.279046,3.3743517,-1.2681279,664.5729,0.06922635
figure_eight_depth,smc,81.5,0.6295625,-0.44682154,-0.8534229,0.0015545449,-0.0016904839,-2.508387,-0.331744,-0.17679395,-0.0010403298,-0.044226483,0.03923022,-0.30898395,0.7771459614569709,-0.4890738003669028,-0.8256463210874652,0.0,0.0,-2.822507007401283,-0.06590227712277574,-0.02177246118997833,-0.005635377076707027,0.0,0.0,0.0,0.1560053512884288,0.3077736012762969,0.3141199186256482,-2.458606542019224,-4.690688,-8.798418,-14.826669,1.4604173,4.3007655,-0.8328784,340.5679,0.035475824
figure_eight_depth,smc,81.60000000000001,0.6508768,-0.41685495,-0.8534308,-0.0032102668,0.002382524,-2.5352464,-0.34914336,-0.11544648,0.0006904052,-0.04810217,0.040312488,-0.2686568,0.7705132427757897,-0.49114362536434425,-0.8262067631165049,0.0,0.0,-2.8556803100059462,-0.06675088399255014,-0.019622525234186394,-0.005573437890982191,0.0,0.0,0.0,0.14343231799230083,0.29827332092045744,0.32043393778304585,-2.4851062410863287,-12.12051,-1.1448052,-22.82667,9.460417,2.481816,-1.8975251,768.5337,0.08005559
figure_eight_depth,smc,81.7,0.67763996,-0.39109436,-0.85333765,-0.0068169567,0.00639211,-2.5672524,-0.36672497,-0.059169054,-0.00013176473,-0.035304353,0.041123126,-0.3199286,0.7637960286346419,-0.4929980185352525,-0.8267610035728663,0.0,0.0,-2.888749312539427,-0.06759217087570768,-0.017463982190241145,-0.0055113459065947445,0.0,0.0,0.0,0.1360644778268525,0.30207396974972917,0.32149691500219557,-2.5156409483412716,-4.1205096,-9.144805,-14.826669,1.4604173,2.9685142,-0.9008039,332.1925,0.034603387
figure_eight_depth,smc,81.80000000000001,0.70943767,-0.36957255,-0.8533219,-0.010323476,0.010301954,-2.5945954,-0.38387516,-0.0079197865,-0.0023509355,-0.03331741,0.040961444,-0.27315187,0.7569950556517565,-0.4946361664814941,-0.8273090272617671,0.0,0.0,-2.9216429528678947,-0.06842604551560161,-0.015297778866496525,-0.00544910282584965,0.0,0.0,0.0,0.1363058447231936,0.31555059519902784,0.3270475205864005,-2.5541094094791763,-12.12051,-1.1448052,-22.82667,9.460417,2.1775484,-1.2985212,765.20154,0.079708494
figure_eight_depth,smc,81.9,0.7458157,-0.35217795,-0.8535087,-0.012781607,0.014062018,-2.6269152,-0.4011344,0.040705517,-0.005580649,-0.021251794,0.040934917,-0.32277498,0.7501110696304601,-0.4960573506572389,-0.8278508191588613,0.0,0.0,-2.9542919680564403,-0.06925241646854596,-0.01312486543139646,-0.0053867103552707185,0.0,0.0,0.0,0.1462123805761187,0.33621927325168455,0.3273767516105175,-2.5957655432437887,-4.1205096,-9.144805,-14.826669,1.4893336,3.5662234,-0.60787296,335.74173,0.034973096
figure_eight_depth,smc,82.0,0.78651035,-0.33916607,-0.85364324,-0.015364713,0.01772856,-2.6544447,-0.41821852,0.08714421,-0.006113622,-0.021959988,0.040180694,-0.27477673,0.7431448254773952,-0.49726094768413653,-0.8283863644106502,0.0,0.0,-2.986629749440961,-0.07007119311364107,-0.0109461949965306,-0.005324170205212031,0.0,0.0,0.0,0.16586882478094536,0.3617027985244942,0.3321850549219181,-2.6442003861320407,-12.12051,-1.1448052,-22.82667,9.489333,2.9852357,-1.6853678,771.07367,0.08032018
figure_eight_depth,smc,82.10000000000001,0.83103406,-0.33035472,-0.85354906,-0.017035872,0.0212126,-2.6868908,-0.43463793,0.1306437,-0.0047576204,-0.010959644,0.03982058,-0.32383797,0.7360970871197345,-0.49824642962475213,-0.8289156483348903,0.0,0.0,-3.018593114268606,-0.07088228566271004,-0.008762723198718625,-0.005261484090413049,0.0,0.0,0.0,0.19444140712514346,0.3895543288862471,0.3317022737382107,-2.692951702321086,-4.1205096,-7.0121,-14.826669,7.1300354,3.84999,-0.10188229,351.64847,0.036630046
figure_eight_depth,smc,82.2,0.87704206,-0.3277226,-0.853535,-0.01875576,0.02469423,-2.716415,-0.42479965,0.17854314,-0.005830759,-0.01093655,0.039839536,-0.29453713,0.7289686274214122,-0.4990133642141357,-0.8294386564209952,0.0,0.0,-3.0501229733308968,-0.07168560517040179,-0.006575407780956555,-0.005198653729387992,0.0,0.0,0.0,0.2276991357166109,0.39869638063244395,0.3337080448946175,-2.7334833792861195,3.273988,0.98789984,-10.868148,15.130035,3.0536718,-0.41113913,368.2235,0.038356613
figure_eight_depth,smc,82.30000000000001,0.9163713,-0.33514324,-0.85399485,-0.019884726,0.0282981,-2.7453835,-0.3274534,0.23002315,-0.008375184,-0.0041368036,0.041463677,-0.2888712,0.7217602280983622,-0.49956141504942925,-0.8299553743304344,0.0,0.0,-3.0811648796909763,-0.07248106354312833,-0.0043852081719197855,-0.005135680844536861,0.0,0.0,0.0,0.25589977898186217,0.3463649310616073,0.33578137863811985,-2.77195836472304,3.1156294,8.9879,-11.026506,23.130035,4.180394,0.028811682,764.54846,0.079640456
figure_eight_depth,smc,82.4,0.9457872,-0.35270166,-0.8548377,-0.020429766,0.03148292,-2.777974,-0.20328887,0.27573276,-0.008705696,0.0037708487,0.038319424,-0.3250765,0.7144726796328038,-0.49989034173742275,-0.8304657878971251,0.0,0.0,-3.1116694496966106,-0.07326857355094418,-0.0021930850658269385,-0.005072567162478503,0.0,0.0,0.0,0.27525424805764925,0.30685705068689867,0.3336955593920452,-2.808590526726216,11.115629,2.4168782,-3.0265062,16.559013,6.0012927,1.2412611,450.31543,0.046907857
figure_eight_depth,smc,82.5,0.9662253,-0.37869108,-0.8558891,-0.021157075,0.033887845,-2.8055904,-0.09820461,0.3158034,-0.007162068,0.0014199178,0.029682964,-0.27547804,0.7071067811865485,-0.5000000000000001,-0.8309698831278216,0.0,0.0,3.141592653589793,-0.07404804883404115,0.0,-0.005009314413439991,0.0,0.0,0.0,0.2871919941628133,0.3167332739471312,0.3360022624307357,-2.846488254768045,3.1156294,10.416879,-11.026506,24.559013,5.8792825,0.63406736,877.9155,0.09144954
figure_eight_depth,smc,82.60000000000001,0.9787505,-0.4112835,-0.8569789,-0.021167768,0.03517688,-2.838015,-0.010410179,0.34915587,-0.0038714048,0.010878989,0.019743169,-0.3237156,0.6996633405133655,-0.49989034173742275,-0.8314676462024987,0.0,0.0,3.1122893286215216,-0.07481940391418362,0.002193085065743672,-0.004945924331534179,0.0,0.0,0.0,0.2939245736089755,0.3528921634858213,0.3328808990597738,-2.88030231851115,11.115629,2.5512383,-3.0265062,16.693375,7.202352,2.6609302,476.84894,0.04967177
figure_eight_depth,smc,82.7,0.98406744,-0.44910878,-0.8583241,-0.021329017,0.035508018,-2.8655818,0.06276993,0.37700468,-0.003272392,0.008082635,0.0091418475,-0.2753651,0.6921431738704074,-0.49956141504942925,-0.8319590634747299,0.0,0.0,3.083638835200305,-0.07558255420353488,0.004385208171947541,-0.004882398654482145,0.0,0.0,0.0,0.297422866169561,0.39747864626169627,0.33396472110953046,-2.913538384412811,3.1156294,10.551238,-11.026506,24.693375,7.159013,2.0072253,907.6628,0.09454822
figure_eight_depth,smc,82.80000000000001,0.9829721,-0.4907832,-0.85965663,-0.020842595,0.034724053,-2.8980277,0.12450491,0.3980851,-0.00042087,0.016382694,-0.0009223691,-0.32434767,0.6845471059286884,-0.4990133642141357,-0.8324441214720628,0.0,0.0,3.055668630861002,-0.07633741601409394,0.006575407780901044,-0.004818739124168303,0.0,0.0,0.0,0.29977612397799663,0.44004182764919403,0.3294890178560606,-2.9418151742847467,11.115629,2.5512383,-3.0265062,16.693375,8.70168,3.1692975,503.6582,0.0524644
figure_eight_depth,smc,82.9,0.9764386,-0.53517276,-0.86078084,-0.020470772,0.032993417,-2.9255946,0.17074579,0.41505772,0.0033336475,0.013288655,-0.011560812,-0.27580357,0.676875969682661,-0.4982464296247522,-0.8329228068963872,0.0,0.0,3.028400837278363,-0.07708390656674391,0.00876272319869087,-0.004754947485585692,0.0,0.0,0.0,0.3031128210975842,0.4759838309068174,0.32918990164865947,-2.969931020338354,3.1156294,10.551238,-11.026506,24.693375,8.0087185,3.2285538,926.94556,0.09655682
figure_eight_depth,smc,83.0,0.9652929,-0.5812514,-0.86188895,-0.0195065,0.030233145,-2.9580321,0.20787661,0.42618868,0.0044982764,0.020343011,-0.020960825,-0.32469532,0.6691306063588589,-0.49726094768413676,-0.8333951066243004,0.0,0.0,3.001852477861793,-0.0778219440003558,0.010946194996447334,-0.004691025487724154,0.0,0.0,0.0,0.3091575310796405,0.5041174715011448,0.3233006981227249,-2.994044229444187,11.115629,2.5512383,-3.0265062,16.693375,8.816926,4.5096426,515.9696,0.053746834
figure_eight_depth,smc,83.10000000000001,0.9504012,-0.6282331,-0.86306745,-0.01865942,0.02669097,-2.985591,0.23242182,0.4347521,0.0037191778,0.016801454,-0.030042041,-0.276102,0.6613118653236517,-0.4960573506572389,-0.8338610077074669,0.0,0.0,2.9760357773704715,-0.07855144738078135,0.013124865431285437,-0.004626974883070734,0.0,0.0,0.0,0.319211644806553,0.5239690439117982,0.32155859505569695,-3.0173709956806904,3.1156294,10.551238,-9.650459,23.651192,7.368603,2.368826,833.4536,0.08681809
figure_eight_depth,smc,83.2,0.93215215,-0.67484915,-0.8640068,-0.016686691,0.022386981,-3.0174487,0.25286213,0.43212014,0.005417822,0.02822941,-0.037090383,-0.31921098,0.6534206039901058,-0.4946361664814943,-0.8343204973729729,0.0,0.0,2.950958507518414,-0.0792723367099013,0.015297778866385503,-0.004562797427554166,0.0,0.0,0.0,0.3332405645125229,0.5330607828584669,0.31477813594962467,-3.0363709836580317,10.830421,2.9455187,-1.6504596,15.651192,5.9973197,1.569896,412.09033,0.042926073
figure_eight_depth,smc,83.30000000000001,0.91119426,-0.72057086,-0.86485755,-0.013717163,0.017595788,-3.044289,0.26470482,0.42773125,0.0045551267,0.03570354,-0.043427795,-0.26909932,0.6454576877239501,-0.4929980185352524,-0.8347735630236772,0.0,0.0,2.9266243635167175,-0.07998453293395213,0.017463982190102367,-0.004498494880655901,0.0,0.0,0.0,0.3511557691376439,0.5359215875960937,0.3122718315718045,-3.050202474674105,2.830422,10.9455185,-3.7839177,17.336372,4.8528843,-0.22979522,466.28677,0.048571542
figure_eight_depth,smc,83.4,0.88783795,-0.7621151,-0.8653149,-0.009260506,0.0124202045,-3.0728366,0.27285704,0.39074674,0.0055872523,0.04958948,-0.04783579,-0.2861145,0.6374239897486897,-0.49114362536434436,-0.8352201922385564,0.0,0.0,2.9030333579811023,-0.08068795795257433,0.01962252523396435,-0.004434069005188057,0.0,0.0,0.0,0.3701869697428083,0.5126672187765332,0.3073153117015359,-3.0525081145344304,-3.2981732,16.655869,4.2160826,9.336371,3.4675386,-2.012698,409.31393,0.04263686
figure_eight_depth,smc,83.5,0.8623271,-0.7930335,-0.865202,-0.003765994,0.0070333653,-3.1012592,0.27571207,0.2908718,0.0072474717,0.058475174,-0.051234253,-0.28469047,0.629320391049838,-0.48907380036690296,-0.8356603727730445,0.0,0.0,2.8801822204053096,-0.08138253462736111,0.021772461189756287,-0.004369521567515466,0.0,0.0,0.0,0.3841306046431592,0.44728734257470065,0.30174385520689406,-3.0491133270711304,-4.902355,18.079569,9.23978,3.9374325,2.9677331,-1.7318394,463.58752,0.04829036
figure_eight_depth,smc,83.60000000000001,0.8353723,-0.8118624,-0.86487734,0.0014989859,0.0015909795,-3.1276636,0.27689108,0.1772465,0.0058623184,0.054506905,-0.053429108,-0.26424074,0.62114778027831,-0.48678945143658,-0.8360940925593703,0.0,0.0,2.8580647923442664,-0.08206818679018513,0.023912847024548656,-0.004304854337222608,0.0,0.0,0.0,0.3903755377854549,0.39046937954586397,0.2974569024695975,-3.0368640462343777,-9.0869255,22.134634,5.0552106,7.9924984,3.4012287,-0.81134015,674.176,0.07022666
figure_eight_depth,smc,83.7,0.8076087,-0.8204483,-0.86459124,0.0058835554,-0.0037915807,3.1264248,0.27879992,0.08198852,0.003181638,0.044308618,-0.0542617,-0.2908862,0.6129070536529766,-0.4842915805643156,-0.8365213397068862,0.0,0.0,2.8366724103659853,-0.08274483925146958,0.02604274389431116,-0.004240069087113607,0.0,0.0,0.0,0.3894842561736392,0.3659229776416534,0.28975237906272566,-3.012659752459262,-1.0869251,14.134634,13.05521,-0.0075015267,2.8557127,-0.9883664,380.5398,0.039639566
figure_eight_depth,smc,83.80000000000001,0.77943766,-0.8200198,-0.8645023,0.008752885,-0.009110276,3.103428,0.2817443,-1.3292866e-05,-0.00017913272,0.027821355,-0.054539047,-0.22965118,0.604599114862374,-0.48158128339882883,-0.8369421025023964,0.0,0.0,2.8159942706896977,-0.08341241780862596,0.028161217555805473,-0.004175167593434281,0.0,0.0,0.0,0.38192761017196847,0.3662638404980049,0.28743361627319297,-2.984273453727896,-9.0869255,22.134634,5.0552106,7.9924984,1.5051254,-3.042696,673.4728,0.07015341
figure_eight_depth,smc,83.9,0.7508956,-0.81138825,-0.8643645,0.011523647,-0.014177339,3.0765579,0.28850704,-0.075369745,-0.0005905568,0.025259722,-0.053020462,-0.26823446,0.5962248749656156,-0.47865974876603357,-0.837356369410476,0.0,0.0,2.796017771110949,-0.08407084925426966,0.030267338776562847,-0.00411015163542805,0.0,0.0,0.0,0.3679140346126788,0.3872800897249383,0.2805401035686166,-2.9539298714947124,-3.7855475,16.833157,10.356588,2.691021,2.095362,-2.9009302,424.992,0.044269998
figure_eight_depth,smc,84.0,0.72203016,-0.7950796,-0.8640266,0.013401976,-0.019013664,3.0523076,0.2986611,-0.143983,0.0008039159,0.015345337,-0.051154226,-0.24190667,0.5877852522924734,-0.4755282581475769,-0.8377641290737884,0.0,0.0,2.7767288273037845,-0.08472006138388055,0.03236018374225269,-0.004045022995557979,0.0,0.0,0.0,0.3475981396356417,0.42202080239321543,0.27557877843962375,-2.918754777501957,-9.201736,22.249443,4.940399,8.1073065,0.63070464,-3.6067657,683.25214,0.0711721
figure_eight_depth,smc,84.10000000000001,0.6929058,-0.77131367,-0.86373574,0.015410357,-0.023495222,3.0244708,0.31127384,-0.21076462,-0.00018526698,0.014791354,-0.04854145,-0.27769122,0.5792811723426782,-0.4721881851187402,-0.8381653703133966,0.0,0.0,2.7581121618477664,-0.08535998300474024,0.034438834462025,-0.003979783459284736,0.0,0.0,0.0,0.32099914323184087,0.4663234100938344,0.26635864427405975,-2.882703015464904,-1.2017366,14.249442,12.940399,0.10730663,0.9091112,-2.8252182,380.76456,0.039662976
figure_eight_depth,smc,84.2,0.66370094,-0.74048424,-0.8636373,0.01641261,-0.027792202,3.0021195,0.32600626,-0.2721261,-0.0024834538,0.0047715446,-0.046408016,-0.22276159,0.5707135676844316,-0.4686409947459457,-0.8385600821290692,0.0,0.0,2.7401515653577633,-0.08599054394087258,0.03650237917063315,-0.003914434815233125,0.0,0.0,0.0,0.28839949388279723,0.5147766121227328,0.2619679758104496,-2.8418234734734913,-9.201736,22.249443,4.940399,8.1073065,-0.76064175,-4.117922,687.3814,0.07160225
figure_eight_depth,smc,84.30000000000001,0.6345142,-0.70316637,-0.8638049,0.017833596,-0.03173705,2.9755685,0.34073463,-0.3291177,-0.0057479413,0.0068316683,-0.043799013,-0.26472574,0.5620833778521296,-0.46488824294412523,-0.8389482536995826,0.0,0.0,2.7228301299532376,-0.08661167504481204,0.03854991272919661,-0.003848978854970042,0.0,0.0,0.0,0.25028092472909014,0.5637445645206189,0.252738402990488,-2.800287729148785,-1.2017366,14.249442,12.940399,0.10730663,0.49905652,-3.5765502,384.99698,0.040103853
figure_eight_depth,smc,84.4,0.6054894,-0.66010225,-0.863944,0.018143201,-0.035547957,2.9540424,0.35720223,-0.37691957,-0.0060116886,-0.0037345174,-0.041939743,-0.21443756,0.5533915492433436,-0.46093157579425004,-0.8393298743830169,0.0,0.0,2.7061304558828128,-0.08722330820259971,0.04058053702205022,-0.003783417373059983,0.0,0.0,0.0,0.20733787616306473,0.6097748463333754,0.24791197880957005,-2.7547080064857496,-9.151979,22.199642,4.990156,8.057507,-1.4687297,-6.0464425,705.1246,0.07345048
figure_eight_depth,smc,84.5,0.5767121,-0.6120615,-0.8638342,0.019088808,-0.03905948,2.9281046,0.37210354,-0.41847825,-0.0045432504,0.00023764596,-0.039812163,-0.2585348,0.5446390350150271,-0.45677272882130043,-0.8397049337170482,0.0,0.0,2.6900348326413632,-0.08782537634166587,0.042593361350123926,-0.0037177521667874913,0.0,0.0,0.0,0.16039172023949314,0.6512467448778075,0.2380698064119815,-2.7099268588069334,-1.1519796,14.199642,12.990156,0.057506353,-1.0389578,-4.912312,396.91458,0.041345272
figure_eight_depth,smc,84.60000000000001,0.5482346,-0.5598566,-0.8636858,0.019071182,-0.04249231,2.9070148,0.38867766,-0.45004204,-0.005114728,-0.008411701,-0.03834454,-0.21004276,0.5358267949789972,-0.45241352623301007,-0.8400734214192357,0.0,0.0,2.6745253961750355,-0.08841781343854604,0.044587502822185376,-0.003651985036490224,0.0,0.0,0.0,0.1107046055946724,0.6872267536951433,0.23248945062672235,-2.664078429257552,-6.506499,19.554317,7.635637,5.4121814,-3.002622,-6.3573794,561.73254,0.058513805
figure_eight_depth,smc,84.7,0.5200866,-0.50424886,-0.8636246,0.019400282,-0.04572095,2.883962,0.40268305,-0.47565085,-0.0074392273,-0.0065017836,-0.03667273,-0.22966342,0.5269557954966771,-0.44785588011970623,-0.8404353273873029,0.0,0.0,2.6595842640050966,-0.0890005545258199,0.046562086741919195,-0.003586117785225884,0.0,0.0,0.0,0.06136037019818834,0.7172684023333534,0.224377651964752,-2.6211059554320757,0.6235884,12.424152,14.765724,-1.7179835,-2.4190292,-6.384188,422.33606,0.04399334
figure_eight_depth,smc,84.80000000000001,0.49226242,-0.4459302,-0.86340034,0.018879471,-0.04892818,2.8665144,0.4173151,-0.49328026,-0.007280363,-0.013182559,-0.035447415,-0.1736396,0.5180270093731304,-0.4431017896156074,-0.8407906416994145,0.0,0.0,2.6451936501809876,-0.08957353569932769,0.04851624699148127,-0.003520152218661199,0.0,0.0,0.0,0.03439494653604049,0.7419526134988004,0.22132079417020867,-2.577881622989847,-7.3764114,20.424152,6.765724,6.2820163,-3.9712565,-7.346463,626.5376,0.06526433
figure_eight_depth,smc,84.9,0.4647282,-0.3855163,-0.8631795,0.018989641,-0.051912744,2.8452537,0.42868248,-0.5069011,-0.009213047,-0.009296618,-0.033849183,-0.21175109,0.5090414157503721,-0.43815334002193224,-0.8411393546144494,0.0,0.0,2.6313359619947483,-0.09013669412522018,0.05044912641163912,-0.0034540901453494754,0.0,0.0,0.0,0.07225017794889824,0.7614760375402108,0.21391774398364527,-2.5382761795161586,-1.2747318,14.322603,12.867404,0.1804677,-3.645215,-6.5822077,428.9776,0.044685166
figure_eight_depth,smc,85.0,0.4374099,-0.3234686,-0.8630771,0.018485434,-0.054827407,2.8271964,0.44192472,-0.51398045,-0.012178924,-0.01441187,-0.03256553,-0.17974305,0.5000000000000013,-0.43301270189222013,-0.841481456572267,0.0,0.0,2.617993880365827,-0.0906899680468698,0.05235987717755464,-0.003387933376397534,0.0,0.0,0.0,0.1279992298921762,0.7774940853196872,0.20920247926857227,-2.4994167944553705,-8.31343,21.36122,5.828706,7.2190833,-4.1969843,-7.7823772,689.68384,0.07184207
figure_eight_depth,smc,85.10000000000001,0.4103079,-0.26017836,-0.8628372,0.018612683,-0.057517402,2.804567,0.452906,-0.51839525,-0.012873807,-0.011128384,-0.031071967,-0.22541776,0.4909037536151412,-0.4276821300802536,-0.8418169381939692,0.0,0.0,2.6051504257150797,-0.09123329679078251,0.05424766117043123,-0.0033216837255767295,0.0,0.0,0.0,0.18706965132731118,0.7899991956236332,0.199416672902474,-2.465799709913466,-0.31342992,13.361218,13.828706,-0.78091687,-3.5419626,-7.6160035,441.01236,0.045938786
figure_eight_depth,smc,85.2,0.3833954,-0.1959023,-0.8622807,0.01797306,-0.060182333,2.786487,0.46608198,-0.5179118,-0.0116262995,-0.016789684,-0.030004146,-0.17997436,0.4817536741017162,-0.4221639627510081,-0.8421457902821577,0.0,0.0,2.5927890110602063,-0.09176662077711728,0.05611165034710708,-0.0032553430091009083,0.0,0.0,0.0,0.24753606557696894,0.8004798829252119,0.1936980914483386,-2.4343697330611205,-2.4760895,15.523909,8.186822,4.860997,-3.126617,-6.4781094,389.51776,0.040574763
figure_eight_depth,smc,85.30000000000001,0.3560494,-0.13261494,-0.8616164,0.016974203,-0.062721856,2.7678134,0.47597957,-0.49862453,-0.013065312,-0.021219911,-0.028741049,-0.18591022,0.47255076486905395,-0.4164606203550497,-0.8424680038211867,0.0,0.0,2.5808934839248128,-0.09228988151785411,0.05795102709849065,-0.0031889130457374293,0.0,0.0,0.0,0.30742088532266165,0.7954898261152706,0.18691996021276047,-2.402882450615503,5.5239105,7.523908,4.812461,8.235423,2.3219905,-0.51503545,183.76166,0.019141838
figure_eight_depth,smc,85.4,0.32619002,-0.075564,-0.86091685,0.013415538,-0.065181285,2.750904,0.48577282,-0.42242882,-0.016332181,-0.04618556,-0.027455214,-0.16831908,0.4632960351198622,-0.4105746045668523,-0.842783569977409,0.0,0.0,2.5694481585388775,-0.09280302163378051,0.05976498461454649,-0.003122395656751653,0.0,0.0,0.0,0.3624347958325498,0.7532830562994127,0.1814559247130756,-2.371229045295885,10.462776,2.5851612,-3.187539,16.235424,3.7677374,1.3472794,405.91315,0.042282622
figure_eight_depth,smc,85.5,0.2917801,-0.029409403,-0.86028236,0.008393983,-0.067548156,2.7335835,0.49330294,-0.2960456,-0.02187165,-0.061497375,-0.025985245,-0.17250575,0.4539904997395479,-0.4045084971874745,-0.8430924800994191,0.0,0.0,2.5584378396663516,-0.09330598485265962,0.061552727233127325,-0.0030557926656848977,0.0,0.0,0.0,0.40903182233464164,0.6872704223200203,0.1751456106510312,-2.345735564985278,13.113667,-0.0658202,-1.0284696,14.076316,1.1619539,-1.9764192,376.42935,0.039211392
figure_eight_depth,smc,85.60000000000001,0.25339985,0.007818696,-0.8595711,0.00414841,-0.06987063,2.7181478,0.49935168,-0.18965222,-0.025062144,-0.052874394,-0.024516588,-0.1538054,0.44463517918492756,-0.3982649590120982,-0.8433947257182901,0.0,0.0,2.547847839261279,-0.0937987160187781,0.06331347079116534,-0.0029891058985209717,0.0,0.0,0.0,0.4491509340262427,0.6452179880099439,0.17029991540791034,-2.3236290575601766,9.713802,3.3339648,-4.4283333,17.4761,1.6044378,-2.1519992,437.70282,0.045594048
figure_eight_depth,smc,85.7,0.21139996,0.037428953,-0.85864615,0.0014060242,-0.07208434,2.7008173,0.50398827,-0.09747842,-0.025595095,-0.039522924,-0.022854118,-0.17278865,0.4352310993723282,-0.39184672866292036,-0.8436902985478054,0.0,0.0,2.537663987031973,-0.09428116109869156,0.06504644296842499,-0.002922337183575152,0.0,0.0,0.0,0.4843569637519078,0.6203665789450677,0.16315335954090315,-2.3048502803454665,12.43167,-4.666035,-1.7104652,9.476101,2.9470592,-1.2082149,279.1854,0.029081816
figure_eight_depth,smc,85.80000000000001,0.16917472,0.05877784,-0.85767585,-0.0010726153,-0.074314274,2.6873128,0.47244754,-0.012968007,-0.024368333,-0.034512557,-0.022488667,-0.13466226,0.4257792915650723,-0.3852566213878944,-0.8439791904846868,0.0,0.0,2.5278726358670953,-0.09475326718685895,0.06675088362598225,-0.0028554883512166285,0.0,0.0,0.0,0.5130303194942201,0.5731794348320474,0.15944020554830993,-2.2850918350057388,4.4316707,-8.696887,-9.710465,5.4452486,2.614064,-0.763214,226.63522,0.02360784
figure_eight_depth,smc,85.9,0.13322829,0.0691295,-0.8575265,-0.002869484,-0.07654933,2.6748233,0.3675252,0.06474853,-0.025795806,-0.027241569,-0.022217002,-0.1245734,0.41628079226040143,-0.37849752782587837,-0.8442613936088159,0.0,0.0,2.5184606629634705,-0.0952149825114712,0.06842604513979111,-0.002788561234257081,0.0,0.0,0.0,0.5297779123477518,0.4633263696124559,0.15636262118569944,-2.2661468823925026,-3.5683296,-6.8793573,-17.710464,7.2627783,2.982916,0.056821503,435.36807,0.045350835
figure_eight_depth,smc,86.0,0.10486923,0.06792047,-0.85855955,-0.0036118627,-0.07829669,2.6583717,0.24629748,0.13849704,-0.028854424,-0.020005217,-0.01700282,-0.16408545,0.40673664307580104,-0.37157241273869773,-0.8445369001834514,0.0,0.0,2.5094154673958395,-0.09566625644033544,0.07007119272881002,-0.002721557667395569,0.0,0.0,0.0,0.5333615674896908,0.34972020155370537,0.14895621953958527,-2.2568251941699105,3.4234774,-14.879357,-10.718658,-0.7372218,4.266524,0.52020806,367.02246,0.038231503
figure_eight_depth,smc,86.10000000000001,0.08232624,0.056017242,-0.86041653,-0.0049100025,-0.07912726,2.646174,0.14241788,0.21025205,-0.02904152,-0.022522058,-0.00786643,-0.12163278,0.39714789063478045,-0.36448431371070567,-0.8448057026554414,0.0,0.0,2.500724964773228,-0.09610703948606525,0.07168560477677222,-0.00265447948766262,0.0,0.0,0.0,0.5255263340958444,0.2771120186678122,0.14544898923678184,-2.251322632336251,-4.576523,-8.863769,-18.718658,5.2783666,3.7531474,-0.80938756,492.50153,0.051302243
figure_eight_depth,smc,86.2,0.065311044,0.03379127,-0.86284393,-0.0051190224,-0.078951836,2.6304383,0.041975733,0.2765602,-0.026320715,-0.014528392,0.0025244246,-0.15685354,0.3875155864521034,-0.357236339816402,-0.8450677936554304,0.0,0.0,2.492377579534237,-0.09653728331190936,0.07326857314920998,-0.0025873285340871632,0.0,0.0,0.0,0.5069855517223876,0.24713682377965399,0.13806074825506975,-2.253140800104029,3.4234774,-16.86377,-10.718658,-2.7216334,5.738667,0.449123,451.53787,0.047035187
figure_eight_depth,smc,86.30000000000001,0.05259705,0.0021538108,-0.8655005,-0.006197039,-0.07770519,2.6197798,-0.045835093,0.33824402,-0.021291338,-0.019186435,0.013010229,-0.10618687,0.3778407868184665,-0.3498316702566822,-0.8453231659980613,0.0,0.0,2.484362235366646,-0.09695694073674765,0.07481940350395622,-0.002520106647585507,0.0,0.0,0.0,0.47967112970044556,0.2689950399991341,0.13541758984392516,-2.254421561918945,-4.576523,-8.863769,-18.718658,5.2783666,4.7851458,-1.081277,501.82706,0.052273657
figure_eight_depth,smc,86.4,0.043166712,-0.037708547,-0.86809385,-0.0060673314,-0.075400084,2.6053183,-0.118601985,0.39267573,-0.014344314,-0.009928962,0.023944031,-0.14403306,0.368124552684678,-0.3422735529643443,-0.8455718126821722,0.0,0.0,2.4766683441666815,-0.09736596574044798,0.0763374155955121,-0.0024528156710723614,0.0,0.0,0.0,0.44594246628233475,0.31727323225641774,0.12864996370990545,-2.260039261024585,3.4234774,-16.86377,-10.718658,-2.7216334,6.846581,0.62983966,465.6762,0.048507933
figure_eight_depth,smc,86.5,0.036040872,-0.08468771,-0.8703833,-0.0067474665,-0.07204623,2.5956695,-0.17999555,0.44029874,-0.0066912775,-0.014069702,0.03412173,-0.09600911,0.3583679495453009,-0.33456530317942956,-0.8458137268909887,0.0,0.0,2.4692857938840507,-0.0977643134687789,0.07782194357361383,-0.002385457449349815,0.0,0.0,0.0,0.40857951660250846,0.3717121759440637,0.126383714096296,-2.2646860086109553,-4.576523,-8.863769,-18.718658,5.2783666,5.886104,-0.48794985,512.6446,0.053400483
figure_eight_depth,smc,86.60000000000001,0.030660398,-0.1375,-0.87222,-0.006229269,-0.0677817,2.582079,-0.22895119,0.47929704,0.0013433895,-0.004601115,0.043558948,-0.13526323,0.3485720473218148,-0.32671030199505235,-0.8460489019923105,0.0,0.0,2.4622049355599374,-0.09815194023843343,0.07927233627522123,-0.0023180338291628466,0.0,0.0,0.0,0.3708817589824161,0.4208819475838644,0.11987399815588295,-2.274733503614242,3.4234774,-16.86377,-10.718658,-2.7216334,7.3153033,1.9843798,475.8553,0.049568255
figure_eight_depth,smc,86.7,0.026574943,-0.19512734,-0.87385386,-0.0064681587,-0.06272791,2.5731435,-0.27173004,0.5100611,0.0052477065,-0.008440737,0.051092234,-0.088830955,0.33873792024529153,-0.318711994874345,-0.8462773315386934,0.0,0.0,2.4554165698074137,-0.09852880354174753,0.08068795751015045,-0.0022505466588662593,0.0,0.0,0.0,0.33686697173980706,0.4630509403628867,0.11772691240083821,-2.2854064071988605,-4.576523,-8.863769,-18.718658,5.2783666,6.4429717,1.6870809,522.1184,0.054387335
figure_eight_depth,smc,86.80000000000001,0.023635209,-0.25645813,-0.8753876,-0.005724937,-0.057078045,2.5601947,-0.30574605,0.53264666,0.0072817234,-0.0006849349,0.05733338,-0.12886457,0.32886664673858235,-0.31057389013915443,-0.8464990092676262,0.0,0.0,2.4489119329497133,-0.09889486205147402,0.08206818634021174,-0.0021829977887022345,0.0,0.0,0.0,0.31133470275554803,0.4958809854338385,0.11128279780895366,-2.302364770918122,3.4234774,-16.86377,-10.718658,-2.7216334,7.146916,2.7949264,477.29385,0.049718108
figure_eight_depth,smc,86.9,0.021643646,-0.32074663,-0.87686026,-0.005443197,-0.050965473,2.5517826,-0.3367164,0.54815894,0.007627939,-0.0019815392,0.06160552,-0.08363412,0.3189593092980697,-0.3022995574311872,-0.8467139291017018,0.0,0.0,2.4426826829949597,-0.09925007562511245,0.08341241735129734,-0.0021153890705782885,0.0,0.0,0.0,0.29940891675566106,0.5219909269055928,0.10909992503726684,-2.3165692359663757,-4.576523,-8.863769,-11.924306,-1.8998125,0.16518423,-4.9052577,269.39813,0.028062306
figure_eight_depth,smc,87.0,0.022745563,-0.38418746,-0.87793726,-0.0018313092,-0.04455134,2.5426605,-0.36209604,0.5210443,0.0105226515,0.031471785,0.06463627,-0.09075187,0.3090169943749478,-0.29389262614623685,-0.8469220851487844,0.0,0.0,2.4367208855927713,-0.09959440530951658,0.08472006091936324,-0.002047722358011761,0.0,0.0,0.0,0.3017721499693431,0.5093564341559166,0.10593958918445034,-2.32737206445179,-12.576523,-0.86376905,-3.9243054,-9.899813,0.37190866,-4.1056943,289.31653,0.030137137
figure_eight_depth,smc,87.10000000000001,0.030957801,-0.44029284,-0.8787454,0.0034738507,-0.037927944,2.5331914,-0.38410696,0.41708115,0.009798466,0.04883439,0.06640708,-0.09447537,0.29904079225608593,-0.28535678384221524,-0.8471234717021708,0.0,0.0,2.4310190001006085,-0.09992781334589029,0.08599054346936086,-0.0019799995060187925,0.0,0.0,0.0,0.3112452649880038,0.43648311523112365,0.10217244238901556,-2.337958735283855,-15.82132,2.4132907,-1.6791837,-11.728845,4.7875695,-0.39476433,419.60025,0.043708354
figure_eight_depth,smc,87.2,0.04638606,-0.4883202,-0.8790968,0.007459387,-0.031169986,2.5230217,-0.4009467,0.30595216,0.01063429,0.035999134,0.06722616,-0.1018579,0.28903179694447145,-0.2766957746216719,-0.8473180832407471,0.0,0.0,2.4255698658523723,-0.10025026317062036,0.08722330772431564,-0.0019122223714473918,0.0,0.0,0.0,0.3235301211533817,0.3720458003004784,0.09745183214567453,-2.3495374254851757,-12.803173,-0.4254231,1.3389628,-14.567558,3.9359412,-1.7198111,396.5582,0.041308146
figure_eight_depth,smc,87.30000000000001,0.06796501,-0.52946335,-0.8789073,0.010010249,-0.02441243,2.515107,-0.41412243,0.21017098,0.013240938,0.023042,0.06698358,-0.07961055,0.27899110603922805,-0.2679133974894973,-0.8475059144291394,0.0,0.0,2.4203666887173747,-0.10056171942424141,0.0884178129537394,-0.0018443928122557907,0.0,0.0,0.0,0.33752991042976105,0.3367071764888097,0.0947402277102376,-2.359913198188048,-17.371151,4.2988396,-3.2290158,-9.843296,1.9827393,-2.8411803,439.55746,0.04578724
figure_eight_depth,smc,87.4,0.09505046,-0.56440306,-0.878509,0.012172319,-0.017691629,2.504531,-0.42404562,0.12437888,0.013094501,0.019039098,0.06614629,-0.10639618,0.26891982061526515,-0.2590135046865646,-0.8476869601178609,0.0,0.0,2.4154030280087793,-0.10086214795212989,0.08957353520816502,-0.0017765126880675552,0.0,0.0,0.0,0.3527652618250689,0.32539225152116913,0.08912787866846683,-2.372974187552148,-9.726243,-3.322546,4.415892,-17.464682,1.6431696,-2.619722,439.7173,0.04580388
figure_eight_depth,smc,87.5,0.12724172,-0.59380835,-0.8781082,0.013093396,-0.011202368,2.4991527,-0.43354294,0.04502732,0.011132026,0.008259314,0.06423326,-0.05456051,0.2588190451025208,-0.25000000000000006,-0.8478612153434526,0.0,0.0,2.4106727837940602,-0.10115151580888937,0.09068996754961478,-0.001708583860005053,0.0,0.0,0.0,0.36936656241838617,0.3357588652791129,0.08847987657581281,-2.38510328748504,-17.726244,4.677454,-3.5841079,-9.464682,-0.28045392,-4.146044,455.79263,0.047478408
figure_eight_depth,smc,87.60000000000001,0.1644384,-0.61788315,-0.87783116,0.014336322,-0.004865787,2.4903767,-0.4419957,-0.030009095,0.008115747,0.011446157,0.06221141,-0.08857655,0.2486898871648555,-0.24087683705085827,-0.8480286753286195,0.0,0.0,2.4061701846480577,-0.10142979126205598,0.09176662027393645,-0.0016406081901898517,0.0,0.0,0.0,0.38745355675737003,0.36181439482639693,0.08420652624366598,-2.3833558103531733,-9.726243,11.46419,4.415892,-2.677946,0.69041294,-2.8462813,261.27692,0.027216347
figure_eight_depth,smc,87.7,0.19845286,-0.6308395,-0.87771803,0.015101067,0.0016033413,2.4792736,-0.3490591,-0.10308042,0.0043081213,0.007107192,0.063092925,-0.11194607,0.2385334575785805,-0.23164801755993053,-0.8481893354823613,0.0,0.0,2.401889775875722,-0.10169694379559557,0.09280302112572858,-0.0015725875421868096,0.0,0.0,0.0,0.40228380418317683,0.31558349871299846,0.07738378178724181,-2.3849678104654632,-1.7262435,6.593531,12.415893,-7.5486045,0.51303756,-3.7872028,272.1965,0.028353803
figure_eight_depth,smc,87.80000000000001,0.22955227,-0.6331273,-0.87761706,0.015160422,0.0074591683,2.4724786,-0.25930977,-0.1731758,0.0032087886,0.000702498,0.057525538,-0.068825044,0.22835087011065597,-0.22231758959246395,-0.8483431914000991,0.0,0.0,2.397826408228772,-0.10195294411323441,0.09379871550527219,-0.0015045237810040746,0.0,0.0,0.0,0.4118531268237578,0.3099335022326647,0.07465221992979743,-2.3797342121737275,-1.0679393,14.593532,13.074197,0.4513956,-0.74192333,-5.633124,417.53256,0.043492977
figure_eight_depth,smc,87.9,0.25465244,-0.6225467,-0.8774582,0.015499716,0.012593596,2.4657016,-0.1312563,-0.23864904,0.004228157,0.0038984457,0.05031103,-0.06853876,0.21814324139654342,-0.21288964578253713,-0.8484902388637949,0.0,0.0,2.393975227126961,-0.10219776414165105,0.09475326666812112,-0.001436418772593484,0.0,0.0,0.0,0.4122995816784421,0.33471418279275017,0.07172635292064644,-2.373261031387706,-0.44033834,15.5278,13.7017975,1.3856639,0.02538477,-5.2478523,458.50638,0.047761086
figure_eight_depth,smc,88.0,0.274551,-0.6002683,-0.8772252,0.015656406,0.016665107,2.4588025,-0.015894752,-0.29821965,0.006752949,0.0024357254,0.039640997,-0.06960865,0.20791169081776084,-0.20336832153790152,-0.8486304738420682,0.0,0.0,2.3903316623968425,-0.10243137703354332,0.09566625591657385,-0.0013682743839615874,0.0,0.0,0.0,0.4034700161825655,0.4033616855878751,0.06847079922730304,-2.3646065435224695,0.55690104,14.5306635,14.699037,0.38852787,-0.8097728,-5.272022,456.11288,0.04751176
figure_eight_depth,smc,88.10000000000001,0.29027858,-0.5677225,-0.8772412,0.015621207,0.01954956,2.4527652,0.08332489,-0.35166726,0.006735503,0.0006540836,0.027895931,-0.060809057,0.19765734037912658,-0.19375779322605188,-0.8487638924903065,0.0,0.0,2.3868914185305523,-0.10265375716980718,0.09653728278259666,-0.0013000924833916905,0.0,0.0,0.0,0.38631496590673303,0.48532456631403537,0.06587380783358343,-2.3519101526039434,-0.84480214,15.932431,13.297334,1.7902951,-1.5618738,-5.5215025,467.50674,0.048698615
figure_eight_depth,smc,88.2,0.3028167,-0.52635044,-0.8776526,0.015536424,0.02121155,2.4461133,0.16622989,-0.3990502,0.005369152,0.00045251907,0.015579004,-0.066758335,0.18738131458572568,-0.18406227634234,-0.84889049115077,0.0,0.0,2.3836504654659,-0.1028648801665033,0.09736596520738827,-0.0012318749401107887,0.0,0.0,0.0,0.3623724185963931,0.5646986658580663,0.06246288254130228,-2.3362457666021124,1.1903821,13.772173,15.332518,-0.36996308,-1.4279611,-6.051054,464.96704,0.048434068
figure_eight_depth,smc,88.30000000000001,0.3132322,-0.4776912,-0.8781628,0.015225993,0.021551507,2.4409788,0.23187697,-0.4402671,0.0066567315,-0.0020153108,0.0026016657,-0.051379066,0.17708474031958324,-0.17428602366090756,-0.8490102663526924,0.0,0.0,2.380605029885298,-0.10306472286818191,0.09815193970025282,-0.0011636236244005893,0.0,0.0,0.0,0.33382736218778986,0.634146783007544,0.060373735602373024,-2.31733877435115,-1.8931873,16.550735,12.248948,2.4085999,-1.8125397,-6.8861456,484.0534,0.05042222
figure_eight_depth,smc,88.4,0.3225894,-0.42325357,-0.87853456,0.014968156,0.02061522,2.4343262,0.27943686,-0.4763811,0.009559062,-0.001144696,-0.010374466,-0.066362284,0.16676874671610287,-0.1644333233692922,-0.8491232148123761,0.0,0.0,2.3777515870310024,-0.10325326336242668,0.09889486150921334,-0.0010953404073199557,0.0,0.0,0.0,0.30353421579040624,0.6910192966073323,0.05657458484399757,-2.2987740941055885,2.0323327,12.284416,16.174469,-1.8577193,-2.2000198,-6.54368,467.76166,0.04872517
figure_eight_depth,smc,88.5,0.33165902,-0.36438856,-0.8789359,0.014414881,0.018411823,2.4303527,0.31355453,-0.50629413,0.010030161,-0.0047136783,-0.022626095,-0.039391328,0.1564344650402321,-0.1545084971874749,-0.849229333433282,0.0,0.0,2.375086853027898,-0.10343048097279095,0.09959440476342563,-0.0010270271609824633,0.0,0.0,0.0,0.2750195658852812,0.7355947763743718,0.05526583480779523,-2.279613081814875,-3.6569958,17.622608,10.48514,3.4804726,-3.1825583,-7.0424213,505.70618,0.052677725
figure_eight_depth,smc,88.60000000000001,0.34087804,-0.30219954,-0.8794405,0.01401829,0.015232987,2.4233873,0.33615065,-0.5312226,0.008800647,-0.0026835282,-0.03278891,-0.06917695,0.14608302856241173,-0.14451589847223592,-0.8493286193061145,0.0,0.0,2.3726077777093444,-0.1035963562653619,0.10025026262007464,-0.000958685758167821,0.0,0.0,0.0,0.25242019029237467,0.7695652175651391,0.05077951133789682,-2.2642465584789875,3.453767,10.190369,17.595903,-3.951767,-2.7123866,-7.229897,500.63287,0.052149255
figure_eight_depth,smc,88.7,0.35036638,-0.23756169,-0.87974924,0.013165433,0.011184924,2.4208913,0.35389915,-0.5490655,0.010001197,-0.008148365,-0.040826503,-0.024387453,0.13571557243430515,-0.1344599103076336,-0.8494210697089013,0.0,0.0,2.3703115379356543,-0.10375087105005121,0.1008621473982535,-0.0008903180724328941,0.0,0.0,0.0,0.24005154689238958,0.7949641983343753,0.05057974700697265,-2.250111636248337,-4.546233,18.190369,9.595902,4.048233,-3.9314675,-7.874007,537.4837,0.055987883
figure_eight_depth,smc,88.80000000000001,0.35985035,-0.17103647,-0.88000274,0.012565635,0.006677448,2.4145892,0.36775616,-0.56234884,0.008982629,-0.005293108,-0.045900475,-0.062417958,0.1253332335643039,-0.12434494358242705,-0.8495066821070678,0.0,0.0,2.3681955313981864,-0.1038940083825518,0.10142979070505015,-0.0008219259782782373,0.0,0.0,0.0,0.24105680707190716,0.8143415026301289,0.04639363524304896,-2.234524814718419,3.453767,10.190369,10.0287485,3.084734,3.0775583,-1.4791585,237.52277,0.02474196
figure_eight_depth,smc,88.9,0.3666279,-0.10604917,-0.8798976,0.009151212,0.0018390223,2.40917,0.38127214,-0.5305239,0.010264167,-0.033782363,-0.049061377,-0.053579826,0.11493715049286692,-0.11417543505532816,-0.8495854541535071,0.0,0.0,2.366257370898824,-0.10402575256625302,0.10195294355335588,-0.0007535113505374724,0.0,0.0,0.0,0.25363969776253614,0.797284380790261,0.04291254143943268,-2.2168219231287156,11.453767,2.1903687,2.028749,11.084734,5.2865233,1.3713641,292.80164,0.030500168
figure_eight_depth,smc,89.0,0.36562344,-0.04831115,-0.8795574,0.003175584,-0.0031706446,2.4043057,0.3935404,-0.42254275,0.007993098,-0.059666824,-0.050539695,-0.04818133,0.10452846326765443,-0.10395584540888061,-0.8496573836886434,0.0,0.0,2.3644948790964033,-0.1041460891539267,0.10243137647103495,-0.0006850760648768883,0.0,0.0,0.0,0.2686278658901996,0.7234396994013153,0.03981081739102343,-2.205126899251837,15.486187,-2.4385207,1.3440514,11.703615,0.9107698,-3.6368194,398.60538,0.041521396
figure_eight_depth,smc,89.10000000000001,0.35672814,0.0017439766,-0.8788445,-0.0018639897,-0.008262008,2.401467,0.40238366,-0.31073406,0.006839832,-0.05048574,-0.051003523,-0.028224481,0.09410831331851414,-0.09369065729286213,-0.8497224687404925,0.0,0.0,2.362906083710663,-0.10425500494930934,0.10286487960162183,-0.0006166219975733966,0.0,0.0,0.0,0.2809359955171964,0.6540660642579393,0.038561001173980536,-2.196782161147364,11.682257,1.3653485,-2.459879,15.507484,1.2568501,-3.768535,400.6539,0.041734785
figure_eight_depth,smc,89.2,0.3409611,0.045348745,-0.8777071,-0.005371531,-0.0133029185,2.396729,0.41056338,-0.21565518,0.0075798803,-0.035466872,-0.050320696,-0.047473267,0.08367784333231597,-0.0833843733580516,-0.8497807075247146,0.0,0.0,2.3614892131759606,-0.10435248800853836,0.10325326279627539,-0.0005481510252369759,0.0,0.0,0.0,0.2890445881210063,0.6057284944890428,0.03523977928619759,-2.190904919050559,16.206318,-3.1586123,2.0641818,10.983523,2.214396,-2.027465,406.5344,0.04234733
figure_eight_depth,smc,89.30000000000001,0.31893754,0.083325,-0.87648153,-0.008210295,-0.018216286,2.3947067,0.41946912,-0.12993644,0.005978944,-0.028656645,-0.049024347,-0.020483963,0.07323819712763105,-0.07304151428120517,-0.849832098444664,0.0,0.0,2.360242692735009,-0.10443852764151912,0.10359635569733017,-0.00047966502503271613,0.0,0.0,0.0,0.29245315152245915,0.5736362108605623,0.03446403333920988,-2.1844245407073037,11.0281,2.019675,-3.1140356,16.16181,2.2357194,-1.4581339,403.724,0.042054582
figure_eight_depth,smc,89.4,0.29106125,0.116189025,-0.8753797,-0.009993834,-0.022963686,2.390098,0.427952,-0.051804192,0.002798413,-0.018674847,-0.047094095,-0.046465926,0.06279051952931339,-0.06266661678215213,-0.8498766400914328,0.0,0.0,2.359165140966571,-0.10451311441303512,0.1038940078128825,-0.0004111658746808189,0.0,0.0,0.0,0.29111384939638907,0.5547714123954967,0.03093295397361473,-2.1807400770568846,16.772354,-3.724527,2.6302176,10.417608,3.1481018,-0.14428836,420.5599,0.043808326
figure_eight_depth,smc,89.5,0.25757226,0.1443109,-0.87453395,-0.011705278,-0.027484568,2.3887591,0.43676987,0.023176583,-0.001340566,-0.017421896,-0.045072794,-0.013837537,0.052335956242944494,-0.052264231633827395,-0.8499143312438893,0.0,0.0,2.3582553667384945,-0.1045762401437958,0.10414608858288349,-0.00034265545195699687,0.0,0.0,0.0,0.28525401389417143,0.5473688617811517,0.03050376946145672,-2.1760691876026073,10.598722,2.4490178,-3.543413,16.591154,3.1402032,-0.8253995,416.69492,0.04340573
figure_eight_depth,smc,89.60000000000001,0.21859561,0.16785885,-0.8737015,-0.012588664,-0.0318091,2.3843672,0.44549394,0.09468416,-0.002811679,-0.010040788,-0.042728454,-0.044405054,0.041875653729199165,-0.04183892166615728,-0.8499451708687114,0.0,0.0,2.357512366581028,-0.10462789791135588,0.1043524874363641,-0.000274135635081052,0.0,0.0,0.0,0.27525890265426667,0.5502126392549797,0.026854860973293256,-2.1742288754365617,17.059328,-4.0116487,2.9171915,10.1304865,4.383644,-0.06750384,437.47162,0.045569967
figure_eight_depth,smc,89.7,0.17428023,0.18705682,-0.8727038,-0.013701711,-0.035876952,2.3835042,0.45401973,0.1649287,-0.0023884566,-0.011405013,-0.040566728,-0.009139549,0.03141075907812848,-0.031395259764656874,-0.8499691581204152,0.0,0.0,2.356935322473539,-0.10466808205086484,0.10451311383997963,-0.00020560830271687536,0.0,0.0,0.0,0.2620111854660068,0.5619491743293472,0.026568829824434648,-2.171867489514916,10.555579,2.492188,-3.586557,16.634323,3.3282576,-0.4305435,418.45804,0.04358938
figure_eight_depth,smc,89.80000000000001,0.12486126,0.20218903,-0.8717639,-0.013955716,-0.03974679,2.379503,0.46293497,0.22996704,-0.0040604156,-0.0039751627,-0.038146935,-0.04051007,0.020942419883356024,-0.020937826864598878,-0.849986292341378,0.0,0.0,2.3565236000407617,-0.10469678815566708,0.10462789733766721,-0.00013707533347284695,0.0,0.0,0.0,0.24710115929007068,0.5813184220571268,0.022979411662729543,-2.173460029622384,16.953083,-3.905254,2.8109474,10.236881,4.7073383,1.4372064,439.57776,0.045789357
figure_eight_depth,smc,89.9,0.07065419,0.21364328,-0.87100744,-0.014647186,-0.043354385,2.3788898,0.47114375,0.29153222,-0.0070979963,-0.007158362,-0.035986897,-0.006630021,0.01047178411624551,-0.010471209941678196,-0.8499965730618566,0.0,0.0,2.3562767471539283,-0.10471401307782756,0.10469678758160371,-6.853860629041364e-05,0.0,0.0,0.0,0.2330036148464386,0.6054494673328684,0.02261305196411367,-2.1759816422227294,10.916009,2.1318684,-3.2261264,16.274004,3.5658967,0.6761875,412.12802,0.042930007
figure_eight_depth,smc,90.0,0.012028159,0.22183114,-0.8705176,-0.014494669,-0.046771236,2.3754675,0.4801784,0.34603468,-0.010861068,4.191193e-05,-0.033664063,-0.034687977,3.6739403974420594e-16,-3.6739403974420594e-16,-0.85,0.0,0.0,2.3561944929339016,-0.10471975492843412,0.10471975435424383,0.0,0.0,0.0,0.0,0.2231024539163835,0.632816473678392,0.019273045899716568,-2.179502988698323,13.259078,-5.8681316,-0.88305724,8.274004,5.539523,1.958499,313.99908,0.032708243
figure_eight_depth,smc,90.10000000000001,-0.047823675,0.22449742,-0.87017965,-0.014681773,-0.050080825,2.3745315,0.44944668,0.39598262,-0.011915024,-0.0023087373,-0.032956887,-0.00983004,-0.01047178411624655,0.010471209941679237,-0.8499965730618566,0.0,0.0,2.356276747153928,-0.1047140130787166,0.10469678758249275,6.853860629041364e-05,0.0,0.0,0.0,0.21819656314431454,0.6261670028601558,0.018254760338137554,-2.1787507718650425,5.2590785,-13.300698,-8.883058,0.84143716,5.479901,1.3380992,316.00302,0.03291698
figure_eight_depth,smc,90.2,-0.10163499,0.21540275,-0.8702841,-0.014795873,-0.053394243,2.3755877,0.3238384,0.43914634,-0.01083107,-0.0006122357,-0.033285487,0.010061921,-0.020942419883357065,0.02093782686459992,-0.849986292341378,0.0,0.0,2.356523600040759,-0.10469678815655525,0.10462789733855539,0.00013707533347284695,0.0,0.0,0.0,0.21151807892974964,0.5437511444128487,0.019064101756726348,-2.177939755256959,-2.7409215,-9.674284,-16.883057,4.467851,6.1392946,1.5447208,446.18085,0.046477165
figure_eight_depth,smc,90.30000000000001,-0.14905496,0.19496095,-0.87077343,-0.014219794,-0.05615147,2.3728364,0.19948772,0.47624373,-0.008517083,0.0042924713,-0.02716274,-0.02787842,-0.03141075907812952,0.03139525976465791,-0.8499691581204152,0.0,0.0,2.3569353224735323,-0.10466808205174954,0.10451311384086434,0.00020560830271687536,0.0,0.0,0.0,0.20255051569266122,0.4803857710579842,0.015901028921120997,-2.180666012833967,1.771465,-16.860233,-12.37067,-2.7180984,7.3925257,2.4055648,508.26328,0.052944094
figure_eight_depth,smc,90.4,-0.1901935,0.16392104,-0.87156737,-0.014023262,-0.057944603,2.372255,0.079320095,0.50924474,-0.0051695947,0.0016390797,-0.017846996,-0.0060582478,-0.041875653729200206,0.04183892166615832,-0.8499451708687114,0.0,0.0,2.3575123665810165,-0.10462789791224406,0.10435248743725228,0.000274135635081052,0.0,0.0,0.0,0.19331256706389507,0.44475187988950426,0.014742720317787228,-2.1850301231713893,-1.7724175,-13.316269,-15.914554,0.825867,6.767676,2.431904,486.13516,0.050639078
figure_eight_depth,smc,90.5,-0.22601289,0.12384559,-0.8728442,-0.01346023,-0.05865771,2.3702178,-0.022175847,0.5371801,-0.0039716074,0.0044504134,-0.0068451576,-0.020437937,-0.05233595624294376,0.05226423163382666,-0.8499143312438893,0.0,0.0,2.3582553667384936,-0.10457624014468397,0.1041460885837682,0.00034265545195699687,0.0,0.0,0.0,0.18924414578732274,0.44082526587039145,0.011962433401887296,-2.1922424117809403,1.11688,-16.205647,-13.025255,-2.0635116,7.701349,2.7301083,504.55,0.052557293
figure_eight_depth,smc,90.60000000000001,-0.2574208,0.076075874,-0.8742986,-0.013093418,-0.05819571,2.369665,-0.10850024,0.56149715,-0.00063908816,0.0033440422,0.0046938485,-0.005455834,-0.06279051952931265,0.0626666167821514,-0.8498766400914328,0.0,0.0,2.3591651409665455,-0.10451311441391636,0.10389400781376373,0.0004111658746808189,0.0,0.0,0.0,0.19661431329124035,0.45762171895043313,0.01049976648889883,-2.2011297101894707,-1.124641,-13.964059,-15.266777,0.17807655,7.4156814,2.971371,493.18732,0.05137368
figure_eight_depth,smc,90.7,-0.28538725,0.022028742,-0.8759972,-0.012514667,-0.05652167,2.3683157,-0.17727889,0.5823928,0.0009389335,0.0050027547,0.016915342,-0.013249216,-0.07323819712763031,0.07304151428120444,-0.849832098444664,0.0,0.0,2.3602426927350075,-0.1044385276424073,0.1035963556982114,0.0004796650250882273,0.0,0.0,0.0,0.21975926463352785,0.48430566365001787,0.008073003981301063,-2.205025063537032,-5.1232123,-9.965576,-8.221459,-6.8673296,3.0221343,-2.1187918,253.9352,0.026451582
figure_eight_depth,smc,90.80000000000001,-0.3068764,-0.032946303,-0.8774994,-0.01016185,-0.053632494,2.367775,-0.23069128,0.54349595,0.004808568,0.023222731,0.028957024,-0.0050362446,-0.08367784333231525,0.08338437335805089,-0.8497807075247146,0.0,0.0,2.3614892131759824,-0.10435248800942654,0.10325326279714969,0.0005481510252369759,0.0,0.0,0.0,0.25321679275406356,0.458031951789247,0.006285750202923879,-2.200266345260639,-13.123213,-1.9655765,-0.6619142,-14.057571,-2.1647565,-7.7660685,439.13364,0.04574309
figure_eight_depth,smc,90.9,-0.3180986,-0.08283088,-0.8784786,-0.0048878123,-0.049610656,2.3678293,-0.2685012,0.43515784,0.009030876,0.052769523,0.040210795,0.00095161644,-0.09410831331851342,0.09369065729286143,-0.8497224687404925,0.0,0.0,2.3629060837106732,-0.10425500495019058,0.10286487960248919,0.0006166219975733966,0.0,0.0,0.0,0.2866328999406182,0.37076437027257186,0.004923239104268173,-2.1950605137502195,-15.316268,1.0005791,-1.1741319,-13.141557,2.172702,-2.7286327,421.8344,0.043941084
figure_eight_depth,smc,91.0,-0.32095632,-0.1273956,-0.8791592,-8.8408975e-05,-0.044592146,2.3670294,-0.2909711,0.33869454,0.0092881955,0.047597364,0.05022356,-0.0077436757,-0.10452846326765193,0.10395584540887816,-0.8496573836886434,0.0,0.0,2.3644948790963998,-0.10414608915481488,0.10243137647190925,0.0006850760649323995,0.0,0.0,0.0,0.3181742701637432,0.30132686928966007,0.0025345493856558927,-2.193904972138136,-13.414417,-0.50715405,0.72771835,-14.64929,2.8804739,-2.6743414,410.7843,0.042790025
figure_eight_depth,smc,91.10000000000001,-0.31709865,-0.1668661,-0.87934977,0.0034797546,-0.038783208,2.367122,-0.3034131,0.2551244,0.011653793,0.03572281,0.0580893,0.0009279494,-0.11493715049286618,0.11417543505532744,-0.8495854541535071,0.0,0.0,2.3662573708988583,-0.10402575256625302,0.10195294355334894,0.0007535113505374724,0.0,0.0,0.0,0.3474759361240149,0.2516656904448779,0.0008645639918887226,-2.191531324490049,-14.29727,0.73156446,-0.15513378,-13.410571,1.7381634,-3.1527815,397.77582,0.041434977
figure_eight_depth,smc,91.2,-0.30758035,-0.2012257,-0.879313,0.0062605753,-0.03240144,2.3670096,-0.30807966,0.179076,0.011699387,0.027764691,0.06381339,-0.0013435165,-0.12533323356430318,0.12434494358242636,-0.8495066821070678,0.0,0.0,2.368195531398187,-0.1038940083834261,0.10142979070590363,0.0008219259782782373,0.0,0.0,0.0,0.37429756997310226,0.2187213602671271,-0.0011858916581966028,-2.1865411569958892,-12.169544,1.5833436,1.9725915,-12.558792,1.042099,-3.387037,324.77716,0.033830952
figure_eight_depth,smc,91.30000000000001,-0.29437533,-0.22911954,-0.8791668,0.008380448,-0.02559866,2.3673146,-0.28927308,0.1070684,0.010168497,0.021297539,0.06804554,0.0026223005,-0.13571557243430443,0.1344599103076329,-0.8494210697089013,0.0,0.0,2.3703115379355877,-0.10375087105003733,0.1008621473982535,0.0008903180724328941,0.0,0.0,0.0,0.3978036478965245,0.1858577234142199,-0.0029969608329265545,-2.170213979090141,-4.169544,9.5833435,9.972591,-4.558792,0.94133973,-4.1260858,247.37143,0.025767861
figure_eight_depth,smc,91.4,-0.28524864,-0.2433172,-0.87847275,0.010038955,-0.018332124,2.3680005,-0.16428779,0.037781022,0.01083339,0.016760645,0.07272028,0.0062484494,-0.146083028562411,0.14451589847223523,-0.8493286193061145,0.0,0.0,2.3726077777093444,-0.1035963562653619,0.10025026262007464,0.000958685758167821,0.0,0.0,0.0,0.41307500569439276,0.08765481136788858,-0.004607270354608062,-2.1516334040381944,0.06638337,15.021189,14.208519,0.87905306,0.36991772,-4.0334067,444.70047,0.046322968
figure_eight_depth,smc,91.5,-0.28312662,-0.24164252,-0.877583,0.011299585,-0.01130403,2.3684523,-0.0033160707,-0.026716255,0.009228094,0.0126891285,0.07032275,0.0038118523,-0.15643446504022962,0.1545084971874725,-0.849229333433282,0.0,0.0,2.3750868530278955,-0.10343048097280483,0.0995944047634395,0.0010270271609269521,0.0,0.0,0.0,0.4168818333339934,0.1613831940621935,-0.0066345424657616725,-2.1582938083330028,0.6855144,14.402119,14.82765,0.25998282,-0.14738409,-4.073998,444.43695,0.046295512
figure_eight_depth,smc,91.60000000000001,-0.2860873,-0.2268403,-0.8768873,0.012089821,-0.005279093,2.369276,0.1246375,-0.08519742,0.006511394,0.007995449,0.06033857,0.007553438,-0.16676874671610215,0.1644333233692915,-0.8491232148123761,0.0,0.0,2.3777515870310024,-0.10325326336242668,0.09889486150921334,0.001095340407375467,0.0,0.0,0.0,0.4100034316897831,0.2930076810058262,-0.008475540278072735,-2.1641159112316033,0.42122495,14.666327,14.56336,0.524192,-0.37499285,-4.9311914,452.1021,0.04709397
figure_eight_depth,smc,91.7,-0.29308626,-0.20081298,-0.87627375,0.012535059,-0.00048610405,2.3701756,0.2317801,-0.13752475,0.006575057,0.0044998773,0.048035156,0.008416971,-0.17708474031958252,0.17428602366090687,-0.8490102663526924,0.0,0.0,2.380605029885298,-0.10306472286818191,0.09815193970025282,0.0011636236244005893,0.0,0.0,0.0,0.3935719924659984,0.4095043843361848,-0.01042942983341799,-2.1724225245610596,0.5622264,14.5254,14.704362,0.38326457,-1.4130828,-5.3884335,458.7005,0.047781307
figure_eight_depth,smc,91.80000000000001,-0.30343583,-0.16503745,-0.8759735,0.012811793,0.003045567,2.3712687,0.3236097,-0.18428081,0.0051555308,0.0027726528,0.035450947,0.010486934,-0.18738131458572496,0.1840622763423393,-0.84889049115077,0.0,0.0,2.3836504654658515,-0.10286488016564288,0.09736596520658336,0.0012318749401107887,0.0,0.0,0.0,0.3688804180459768,0.5110977190692325,-0.012381716228790918,-2.1801295498345943,0.5411358,14.546415,14.683271,0.40427965,-1.526929,-6.09485,467.13165,0.048659544
figure_eight_depth,smc,91.9,-0.31627202,-0.12106655,-0.8757596,0.012954024,0.0052598924,2.372518,0.3983142,-0.22612417,0.0062497584,0.0013842634,0.022301491,0.012208251,-0.19765734037912586,0.1937577932260512,-0.8487638924903066,0.0,0.0,2.3868914185306243,-0.10265375716980718,0.09653728278258278,0.0013000924833916905,0.0,0.0,0.0,0.33750937230936845,0.5959058755980926,-0.01437335593907152,-2.187765963890191,0.43005273,14.378359,14.572188,0.23622344,-2.1826422,-6.138474,461.77142,0.04810119
figure_eight_depth,smc,92.0,-0.33057687,-0.07055823,-0.8757845,0.012973506,0.0061204284,2.3739412,0.45405373,-0.26339397,0.005551307,0.00011996154,0.008788983,0.014118573,-0.2079116908177584,0.20336832153789922,-0.8486304738420684,0.0,0.0,2.3903316623967767,-0.1024313770326829,0.09566625591578282,0.0013682743839615874,0.0,0.0,0.0,0.3013633052650735,0.6622819765803565,-0.016390479306566785,-2.1960663425676175,0.26603645,14.200753,14.408172,0.058617946,-2.2239163,-6.7510033,459.85287,0.047901344
figure_eight_depth,smc,92.10000000000001,-0.3454114,-0.015018998,-0.8757703,0.012887758,0.0056449547,2.3755362,0.4924216,-0.29654494,0.0070042466,-0.00095510314,-0.004547401,0.01601139,-0.2181432413965427,0.21288964578253647,-0.8484902388637949,0.0,0.0,2.393975227126858,-0.10219776414077675,0.09475326666733008,0.001436418772593484,0.0,0.0,0.0,0.2624571042855543,0.7118409033031494,-0.018439023742458534,-2.2059980887933635,0.0931657,14.0037985,14.235301,-0.1383376,-2.8206985,-6.7378745,452.13327,0.04709722
figure_eight_depth,smc,92.2,-0.35999924,0.044262692,-0.8758441,0.012712019,0.0039189314,2.3773096,0.51612234,-0.3260214,0.0063769016,-0.0018575052,-0.017030263,0.017954461,-0.22835087011065525,0.22231758959246328,-0.8483431914000991,0.0,0.0,2.397826408228769,-0.10195294411237399,0.09379871550448116,0.0015045237810040746,0.0,0.0,0.0,0.2231392854572702,0.7471878815191508,-0.020516847453011966,-2.2179647749707874,-0.08701446,13.80627,14.055121,-0.335866,-2.7929914,-7.2840223,449.13766,0.046785172
figure_eight_depth,smc,92.30000000000001,-0.37374383,0.10624926,-0.87573117,0.012461686,0.0010981958,2.3792658,0.52817005,-0.3522834,0.007678154,-0.0025799822,-0.027956424,0.019917827,-0.2385334575785815,0.23164801755993142,-0.8481893354823613,0.0,0.0,2.401889775875747,-0.10169694379474903,0.09280302112495142,0.0015725875421868096,0.0,0.0,0.0,0.18645440986566775,0.7712792093112687,-0.022623990658461768,-2.2351630783791436,-0.262054,13.6133995,13.880081,-0.52873653,-3.3245494,-7.204234,441.2832,0.045966998
figure_eight_depth,smc,92.4,-0.38622394,0.1701333,-0.8755824,0.012151491,-0.0026070687,2.38141,0.5314451,-0.3757858,0.0067546433,-0.0031254932,-0.0367826,0.021900032,-0.24868988716485477,0.2408768370508576,-0.8480286753286195,0.0,0.0,2.4061701846479755,-0.10142979126119556,0.09176662027317317,0.0016406081901343406,0.0,0.0,0.0,0.15709701747234991,0.7868684942889264,-0.02476030114882999,-2.2571281229862454,-0.4046005,13.452407,13.737535,-0.6897285,-3.7352757,-7.1814485,435.85205,0.04540125
figure_eight_depth,smc,92.5,-0.397182,0.23533107,-0.8754936,0.011795534,-0.006971577,2.3837461,0.5286624,-0.3969646,0.0043341853,-0.0034986604,-0.043357965,0.02389235,-0.25881904510252013,0.24999999999999942,-0.8478612153434526,0.0,0.0,2.410672783794,-0.1011515158080567,0.09068996754887926,0.001708583860005053,0.0,0.0,0.0,0.14185566333642372,0.7965421697889177,-0.026926636638238136,-2.282650350326155,-0.39416856,13.441884,13.747967,-0.70025116,-3.5436451,-7.701406,442.20563,0.046063084
figure_eight_depth,smc,92.60000000000001,-0.4065978,0.30154523,-0.87518245,0.011405669,-0.01178036,2.3862789,0.52352667,-0.41618213,0.0043709055,-0.0037220807,-0.047785755,0.02589151,-0.26891982061526615,0.2590135046865655,-0.8476869601178609,0.0,0.0,2.415403028008834,-0.10086214795129722,0.08957353520741562,0.0017765126880675552,0.0,0.0,0.0,0.1466975594060285,0.8035277957327727,-0.02912416028727627,-2.30871184377461,3.058089,9.989562,10.486495,2.5611565,-0.31551686,-4.977836,250.54776,0.026098723
figure_eight_depth,smc,92.7,-0.41685474,0.3660144,-0.87442374,0.0098449895,-0.01685671,2.3890653,0.5166771,-0.39901567,0.0060517713,-0.015278556,-0.050442416,0.02843923,-0.27899110603922905,0.26791339748949816,-0.8475059144291394,0.0,0.0,2.420366688717472,-0.10056171942340875,0.08841781295299,0.0018443928122002795,0.0,0.0,0.0,0.17133229633111888,0.7865067291426155,-0.03130142306195438,-2.3325411815837906,10.252479,2.795268,3.5484586,9.499289,4.55239,0.63549674,236.883,0.02467531
figure_eight_depth,smc,92.80000000000001,-0.43243924,0.42378065,-0.87341833,0.0057407385,-0.022053096,2.3920937,0.50868255,-0.31512523,0.004582644,-0.040532038,-0.05166325,0.030790376,-0.28903179694447245,0.2766957746216728,-0.847318083240747,0.0,0.0,2.4255698658521987,-0.10025026316978769,0.08722330772362175,0.0019122223713918807,0.0,0.0,0.0,0.20707698466681612,0.7298565915726184,-0.03347620740493307,-2.3574324253023207,14.03803,-0.99021906,-0.10410581,13.1519165,4.6471415,1.2334021,394.14774,0.04105706
figure_eight_depth,smc,92.9,-0.45463994,0.4733144,-0.8723811,0.0004368455,-0.027256412,2.3952222,0.5000827,-0.21135503,0.0005578968,-0.052349064,-0.051852748,0.031575076,-0.29904079225608693,0.2853567838422161,-0.8471234717021708,0.0,0.0,2.4310190001004783,-0.09992781334505763,0.08599054346866697,0.0019799995060187925,0.0,0.0,0.0,0.24531023160137308,0.6696484113707984,-0.035796813058242005,-2.389570945005694,14.178526,-1.130803,0.036390465,13.0113325,2.7394714,-1.3621458,380.96555,0.039683916
figure_eight_depth,smc,93.0,-0.48223785,0.51580286,-0.8711622,-0.0041360585,-0.032389995,2.3984647,0.49124944,-0.124549106,-0.0011447214,-0.044845313,-0.051321667,0.032437053,-0.30901699437494706,0.29389262614623624,-0.8469220851487844,0.0,0.0,2.4367208855927713,-0.09959440530951658,0.08472006091936324,0.002047722358011761,0.0,0.0,0.0,0.2825547687351513,0.6268175395149669,-0.03825620587475376,-2.4233590446874986,14.315804,-1.2681439,0.17366816,12.873992,2.8755178,-1.7216452,383.55292,0.039953426
figure_eight_depth,smc,93.10000000000001,-0.51453483,0.5519,-0.86966425,-0.0077258414,-0.037399303,2.401931,0.4822847,-0.047280844,-0.00083494856,-0.03477531,-0.05023594,0.03443669,-0.31895930929807065,0.302299557431188,-0.8467139291017018,0.0,0.0,2.4426826829949944,-0.09925007562594512,0.08341241735199123,0.0021153890705782885,0.0,0.0,0.0,0.31792593086753557,0.5960470807545049,-0.04075163555541916,-2.4538486316508425,12.395183,-3.2446916,-1.7469531,10.897444,2.9118662,-0.9438428,295.3445,0.030765055
figure_eight_depth,smc,93.2,-0.54917675,0.5801617,-0.86829364,-0.010510326,-0.042331684,2.405638,0.44659323,0.024753857,-0.002803179,-0.026458757,-0.04960855,0.03666258,-0.32886664673858335,0.31057389013915526,-0.8464990092676262,0.0,0.0,2.4489119329496676,-0.09889486205233444,0.08206818634093338,0.0021829977887577456,0.0,0.0,0.0,0.3488396924195652,0.5485134887846161,-0.04327395344222129,-2.4671917405631723,4.3951826,-11.244692,-9.746953,2.897444,3.0524411,-0.3016866,258.5674,0.026934102
figure_eight_depth,smc,93.30000000000001,-0.57838947,0.59392595,-0.8677115,-0.0127030825,-0.04733445,2.409578,0.30889022,0.09415556,-0.0062676915,-0.020260217,-0.05043861,0.038836148,-0.33873792024529253,0.31871199487434576,-0.8462773315386934,0.0,0.0,2.455416569807479,-0.09852880354260796,0.08068795751084434,0.0022505466588662593,0.0,0.0,0.0,0.3655612245570946,0.4077305485591884,-0.045838484861800304,-2.4715746279871142,0.2969987,-15.385651,-13.845137,-1.2435148,3.6713471,-0.3934187,443.67416,0.04621606
figure_eight_depth,smc,93.4,-0.6000498,0.5919663,-0.86794585,-0.01436181,-0.051777013,2.4137468,0.14774144,0.15945347,-0.0073197633,-0.014614761,-0.044950973,0.041072987,-0.34857204732181574,0.32671030199505313,-0.8460489019923104,0.0,0.0,2.4622049355598055,-0.0981519402392661,0.07927233627591512,0.0023180338291628466,0.0,0.0,0.0,0.3661710837386052,0.25881548201904453,-0.04845810175853593,-2.477486513820331,0.30783293,-15.396574,-13.834303,-1.2544379,4.353381,-0.40930903,449.23026,0.046794817
figure_eight_depth,smc,93.5,-0.6159925,0.5768979,-0.8687518,-0.015492242,-0.055068463,2.4181237,0.018343015,0.21866949,-0.005881783,-0.0090391245,-0.03353884,0.04323275,-0.3583679495453002,0.33456530317942906,-0.8458137268909887,0.0,0.0,2.4692857938838917,-0.09776431346958381,0.07782194357427996,0.002385457449405326,0.0,0.0,0.0,0.3544314533170385,0.18272189241365408,-0.05116207180747567,-2.4819501830249404,0.32919338,-15.418012,-13.8129425,-1.2758756,5.138113,-0.23006433,456.70184,0.047573105
figure_eight_depth,smc,93.60000000000001,-0.62707263,0.5506169,-0.86989874,-0.016120533,-0.057073087,2.4227073,-0.09142335,0.2703961,-0.002257968,-0.0037599788,-0.020752877,0.045451935,-0.36812455268467725,0.3422735529643438,-0.8455718126821722,0.0,0.0,2.476668344166635,-0.09736596574125289,0.07633741559615048,0.0024528156710723614,0.0,0.0,0.0,0.3332459538385958,0.19420680828832163,-0.053961024906991284,-2.4813673729092334,0.35008368,-15.43896,-13.792052,-1.296824,6.3245587,0.50061816,470.63715,0.049024705
figure_eight_depth,smc,93.7,-0.63364834,0.5146385,-0.8711853,-0.01645128,-0.057839017,2.4275093,-0.18787844,0.31405038,0.0029106257,-0.00056833035,-0.008431115,0.047812037,-0.37784078681846583,0.3498316702566817,-0.8453231659980613,0.0,0.0,2.484362235366494,-0.09695694073758032,0.07481940350462235,0.002520106647585507,0.0,0.0,0.0,0.3053975081763737,0.25592641677671535,-0.056852927505165685,-2.4740861116231345,-0.7136855,-14.375227,-12.752549,-2.3363643,6.1008463,-0.013033844,412.46313,0.04296491
figure_eight_depth,smc,93.80000000000001,-0.63537,0.4713101,-0.87241143,-0.016138459,-0.05740569,2.4325085,-0.2710139,0.3386034,0.008982158,0.006018007,0.0035116943,0.049971323,-0.3875155864521027,0.35723633981640146,-0.8450677936554305,0.0,0.0,2.4923775795340566,-0.09653728331271427,0.07326857314984836,0.0025873285340871632,0.0,0.0,0.0,0.27421217611578086,0.3176248617026539,-0.0598691109061269,-2.454603854573244,-8.713686,-6.3752275,-4.7525487,-10.336364,-1.1724463,-6.43845,288.82727,0.030086167
figure_eight_depth,smc,93.9,-0.6274101,0.42825514,-0.87362534,-0.01263827,-0.055809062,2.4377594,-0.34089506,0.27478376,0.011867309,0.03801463,0.015118185,0.052674916,-0.3971478906347798,0.3644843137107051,-0.8448057026554414,0.0,0.0,2.5007249647732976,-0.09610703948689792,0.07168560477738284,0.00265447948766262,0.0,0.0,0.0,0.24066154905473833,0.3182057673754486,-0.06296556535923514,-2.4297681934657422,-14.09811,-0.9906344,0.044025056,-15.13277,-0.37361437,-5.1700964,455.6102,0.047459394
figure_eight_depth,smc,94.0,-0.6080342,0.3894523,-0.8748579,-0.007780879,-0.053128652,2.4431443,-0.39889285,0.17029065,0.012093684,0.05157753,0.026122486,0.05409802,-0.40673664307579876,0.37157241273869607,-0.8445369001834514,0.0,0.0,2.5094154673955074,-0.09566625644114035,0.0700711927294484,0.002721557667395569,0.0,0.0,0.0,0.2043520434585593,0.31949670264115143,-0.06627114595385697,-2.4045861669884094,-13.880621,-0.9554048,0.26151422,-15.097541,3.1779597,-2.4278886,437.58264,0.045581523
figure_eight_depth,smc,94.10000000000001,-0.5791716,0.35460585,-0.87580186,-0.0038483725,-0.049477145,2.448836,-0.44498804,0.08115989,0.014842521,0.0423476,0.036071733,0.057119746,-0.41628079226040077,0.3784975278258779,-0.8442613936088159,0.0,0.0,2.518460662963086,-0.0952149825114712,0.06842604513984663,0.0027885612342015698,0.0,0.0,0.0,0.1676276462321602,0.35021228130681187,-0.06962457478254391,-2.3784703748494227,-13.702049,-0.7463386,0.4400865,-14.888474,2.9386373,-3.169665,428.8459,0.044671446
figure_eight_depth,smc,94.2,-0.5422583,0.32383606,-0.87624055,-0.0007486284,-0.045000974,2.454787,-0.48018694,0.00094479433,0.019389078,0.033940654,0.044532657,0.05960962,-0.42577929156507166,0.3852566213878939,-0.8439791904846868,0.0,0.0,2.5278726358671793,-0.09475326718766386,0.06675088362653736,0.0028554883512166285,0.0,0.0,0.0,0.1355752394793393,0.3913603410249961,-0.07308561995226226,-2.3536870768884466,-13.498633,-0.58343726,0.6435026,-14.725573,1.9371974,-3.3445363,414.74872,0.043202996
figure_eight_depth,smc,94.30000000000001,-0.49836946,0.29735842,-0.87641054,0.0017365427,-0.03986873,2.4609795,-0.5068313,-0.07355682,0.021066908,0.027637428,0.0512761,0.06190011,-0.4352310993723275,0.3918467286629199,-0.8436902985478054,0.0,0.0,2.537663987031911,-0.09428116109871931,0.06504644296845274,0.002922337183519641,0.0,0.0,0.0,0.1182586414139354,0.4355889081432914,-0.07668452536198922,-2.3296331793455103,-13.298393,-0.4498613,0.8437425,-14.591997,1.2627839,-3.4860163,404.43488,0.042128626
figure_eight_depth,smc,94.4,-0.4482794,0.27540836,-0.87643653,0.0037742069,-0.034256455,2.4674077,-0.5270098,-0.14457226,0.021013616,0.022938773,0.056234222,0.06413257,-0.44463517918492695,0.3982649590120978,-0.8433947257182901,0.0,0.0,2.547847839261279,-0.0937987160187781,0.06331347079116534,0.002989105898576483,0.0,0.0,0.0,0.12727445116345318,0.48084632641296987,-0.08044013586162091,-2.3066666032797176,-13.11175,-0.3371914,1.0303863,-14.479327,0.8160241,-3.5430994,395.9637,0.041246224
figure_eight_depth,smc,94.5,-0.39254174,0.25821045,-0.8763926,0.005478743,-0.0283306,2.4740684,-0.54245806,-0.21352226,0.019835094,0.019326704,0.059509367,0.06634582,-0.45399049973954564,0.40450849718747295,-0.8430924800994192,0.0,0.0,2.558437839666215,-0.09330598485263186,0.061552727233127325,0.0030557926656848977,0.0,0.0,0.0,0.1621356444181761,0.5269586087272172,-0.0843694364221963,-2.2806285724633524,-5.111749,7.6628084,9.030386,-6.479327,0.5034482,-3.523854,221.04918,0.023025958
figure_eight_depth,smc,94.60000000000001,-0.34012815,0.25248066,-0.8760285,0.006867087,-0.021875462,2.4809263,-0.44682086,-0.2793699,0.01783587,0.015826048,0.06492599,0.06819619,-0.4632960351198616,0.4105746045668519,-0.842783569977409,0.0,0.0,2.569448158538802,-0.09280302163380827,0.059764984614574246,0.0031223956568071642,0.0,0.0,0.0,0.20314833882853006,0.4904666924748641,-0.08852188328550614,-2.260822157323572,1.3682575,13.719275,15.510393,-0.4228597,0.6180431,-4.0879307,447.93494,0.04665989
figure_eight_depth,smc,94.7,-0.29615992,0.2615452,-0.8750935,0.007923345,-0.015440495,2.4881573,-0.2912676,-0.34126422,0.018068247,0.012144264,0.064844586,0.07184878,-0.4725507648690533,0.41646062035504927,-0.8424680038211867,0.0,0.0,2.5808934839248927,-0.09228988151782636,0.05795102709846289,0.0031889130457374293,0.0,0.0,0.0,0.23701674494782013,0.4463029693571855,-0.09273621158602552,-2.254553284025497,1.4589972,13.628489,15.601132,-0.5136475,0.42992896,-4.653342,453.36197,0.047225207
figure_eight_depth,smc,94.80000000000001,-0.25848928,0.2829109,-0.8737181,0.008679119,-0.009845511,2.495794,-0.1689865,-0.39850804,0.019523328,0.008736862,0.056553096,0.07591376,-0.48175367410171555,0.4221639627510077,-0.8421457902821577,0.0,0.0,2.5927890110604,-0.09176662077634012,0.05611165034660748,0.0032553430091009083,0.0,0.0,0.0,0.2650192648033396,0.4614180552812025,-0.0969949532143306,-2.259392336797779,1.5315541,13.556036,15.67369,-0.58610004,-0.72473466,-4.9897346,457.5425,0.04766068
figure_eight_depth,smc,94.9,-0.22602671,0.31487778,-0.8723354,0.009296133,-0.0053409,2.5038447,-0.06672481,-0.45052245,0.018395845,0.0069627482,0.04574309,0.08010757,-0.49090375361514055,0.42768213008025313,-0.8418169381939692,0.0,0.0,2.6051504257150797,-0.09123329679078251,0.05424766117043123,0.0033216837255767295,0.0,0.0,0.0,0.28951000487705486,0.5055895214032402,-0.1013056877084879,-2.273541905134924,1.6005031,13.487156,15.742639,-0.65498,-1.3888906,-5.112017,460.78638,0.047998577
figure_eight_depth,smc,95.0,-0.19807751,0.35603112,-0.8711982,0.009743218,-0.001980932,2.5123231,0.020527614,-0.49692175,0.015882365,0.0049236678,0.034386374,0.08446739,-0.49999999999999917,0.43301270189221885,-0.841481456572267,0.0,0.0,2.6179938803659213,-0.0906899680461204,0.05235987717711055,0.003387933376397534,0.0,0.0,0.0,0.31299590182578635,0.5605673600227128,-0.10567073926789883,-2.295897895062754,1.6198168,13.3816595,15.761952,-0.7604757,-2.043529,-5.371166,463.73553,0.04830578
figure_eight_depth,smc,95.10000000000001,-0.173791,0.4048867,-0.8704501,0.010028335,0.0001797286,2.521234,0.09121011,-0.53781915,0.012541326,0.003027693,0.022473764,0.0888931,-0.5090414157503714,0.43815334002193185,-0.8411393546144494,0.0,0.0,2.631335961994853,-0.09013669412449854,0.05044912641122279,0.0034540901453494754,0.0,0.0,0.0,0.3381695218502688,0.6156531519983661,-0.11010192650290973,-2.3260338068805333,1.5429511,13.179891,15.685087,-0.9622447,-2.638741,-5.6391125,461.80063,0.048104238
figure_eight_depth,smc,95.2,-0.15221827,0.45996138,-0.8701681,0.010158031,0.0011176917,2.5305815,0.14463279,-0.5734772,0.008597161,0.001280156,0.010316549,0.09337685,-0.5180270093731297,0.4431017896156071,-0.8407906416994145,0.0,0.0,2.6451936501809477,-0.08957353569855053,0.04851624699106494,0.0035201522186056877,0.0,0.0,0.0,0.3673735376466177,0.6646459480012995,-0.11461217587674843,-2.3565989299011667,4.4238863,9.973282,12.750875,1.6462929,0.040234566,-3.7296546,298.24414,0.031067101
figure_eight_depth,smc,95.30000000000001,-0.13421938,0.51746935,-0.8700033,0.009149897,0.0008626816,2.5404184,0.18249543,-0.57423985,0.0076854574,-0.0101912925,-0.0015507581,0.09838923,-0.526955795496678,0.4478558801197067,-0.8404353273873028,0.0,0.0,2.6595842640054386,-0.08900055452509825,0.04656208674150286,0.003586117785114862,0.0,0.0,0.0,0.3999527373957959,0.6775853591805738,-0.119165877546088,-2.378562865276741,12.423886,1.9732821,4.7508755,9.646293,8.020316,3.621987,351.31287,0.036595087
figure_eight_depth,smc,95.4,-0.123607695,0.57005876,-0.86962384,0.0044724233,-0.0004789822,2.5506032,0.20993674,-0.4936539,0.008492568,-0.04686259,-0.012484196,0.10196591,-0.5358267949789965,0.4524135262330097,-0.8400734214192358,0.0,0.0,2.6745253961750053,-0.08841781343776889,0.0445875028217968,0.003651985036490224,0.0,0.0,0.0,0.4296954913341892,0.6154207262470206,-0.12392224485359414,-2.3995921601239116,15.766577,-2.0698755,1.6244407,12.07226,1.5113183,-3.3503826,414.75674,0.04320383
figure_eight_depth,smc,95.5,-0.1201448,0.6156055,-0.8688713,0.00059967255,-0.0027697003,2.5612316,0.22502674,-0.39747295,0.009195736,-0.0386766,-0.022431599,0.10638726,-0.5446390350150265,0.45677272882130016,-0.8397049337170482,0.0,0.0,2.690034832641463,-0.08782537634094423,0.042593361349763104,0.00371775216673198,0.0,0.0,0.0,0.4541738347433772,0.5399674179973614,-0.12880321948228346,-2.423346710532482,15.690827,-2.3468719,1.548692,11.795264,2.120313,-3.1262324,407.5056,0.042448506
figure_eight_depth,smc,95.60000000000001,-0.122549,0.6547138,-0.8677176,-0.0023748188,-0.005798919,2.572335,0.23457766,-0.31385988,0.011075005,-0.029437387,-0.0302256,0.11105025,-0.5533915492433444,0.4609315757942504,-0.8393298743830168,0.0,0.0,2.706130455882526,-0.08722330820187807,0.04058053702174491,0.003783417373004472,0.0,0.0,0.0,0.47326813001202345,0.4787870475215382,-0.13379545107600732,-2.4468886345276983,15.635318,-2.587633,1.4931823,11.5545025,2.5714705,-1.8287095,396.85178,0.041338727
figure_eight_depth,smc,95.7,-0.13020524,0.68776625,-0.866526,-0.0047672507,-0.009308976,2.5839412,0.24270861,-0.23715776,0.0099455295,-0.023251286,-0.035376098,0.11597724,-0.5620833778521304,0.46488824294412556,-0.8389482536995825,0.0,0.0,2.722830129952817,-0.0866116750440904,0.038549912728919056,0.003848978854970042,0.0,0.0,0.0,0.48677906996108716,0.4295389842856795,-0.1388889087156344,-2.4699103536407434,15.716084,-2.6683314,1.573948,11.473804,2.791628,-1.07972,397.19977,0.041374974
figure_eight_depth,smc,95.80000000000001,-0.14296012,0.71511865,-0.8655074,-0.0067489333,-0.01306291,2.596046,0.25305635,-0.16462223,0.00704587,-0.018690018,-0.03811594,0.12086123,-0.5707135676844324,0.468640994745946,-0.8385600821290692,0.0,0.0,2.7401515653583,-0.08599054394015093,0.036502379170272325,0.003914434815233125,0.0,0.0,0.0,0.49441926267172953,0.39422545547047905,-0.14410559444155213,-2.4923802983420558,15.812351,-2.764681,1.6702157,11.377455,3.4086518,-1.1066678,402.7536,0.041953504
figure_eight_depth,smc,95.9,-0.16068564,0.7369425,-0.8644517,-0.008432251,-0.016908126,2.6086512,0.264882,-0.09463088,0.0064592385,-0.015186629,-0.039301913,0.12577876,-0.5792811723426791,0.4721881851187406,-0.8381653703133966,0.0,0.0,2.7581121618475755,-0.0853599830040741,0.0344388344617752,0.003979783459229225,0.0,0.0,0.0,0.495991986982287,0.3732754812602158,-0.1494610006537278,-2.5143761385290455,15.920127,-2.8725128,1.7779913,11.269623,3.8022935,-1.1536528,407.65576,0.04246414
figure_eight_depth,smc,96.0,-0.18324311,0.75333065,-0.86322045,-0.009878048,-0.02074576,2.621763,0.27772236,-0.026609046,0.007394057,-0.012241113,-0.039480425,0.13077077,-0.5877852522924728,0.47552825814757665,-0.8377641290737884,0.0,0.0,2.7767288273037845,-0.08472006138388055,0.03236018374225269,0.0040450229955024675,0.0,0.0,0.0,0.4914026215654048,0.36722349326785736,-0.15496583635224637,-2.5361292802138022,16.037563,-2.989857,1.8954283,11.152279,3.5703413,-0.6570131,407.28766,0.0424258
figure_eight_depth,smc,96.10000000000001,-0.21041282,0.76446164,-0.862067,-0.011083845,-0.02451063,2.635389,0.29127482,0.038298324,0.0058719465,-0.009231296,-0.038992573,0.13585502,-0.5962248749656164,0.47865974876603384,-0.837356369410476,0.0,0.0,2.7960177711107623,-0.08407084925499131,0.030267338776840402,0.00411015163542805,0.0,0.0,0.0,0.48077466550303494,0.37543570543379284,-0.16062868152641174,-2.5576095373065018,16.164343,-3.1165757,2.0222068,11.025559,3.5688221,-0.19056462,409.4241,0.042648356
figure_eight_depth,smc,96.2,-0.24191079,0.77058315,-0.8611327,-0.012063722,-0.028165419,2.6495438,0.30529693,0.09915579,0.0029609536,-0.0063297264,-0.03811401,0.14109023,-0.6045991148623749,0.4815812833988291,-0.8369421025023964,0.0,0.0,2.8159942706892354,-0.08341241780940312,0.028161217556110785,0.0041751675934897925,0.0,0.0,0.0,0.4643814045676073,0.39514131531357743,-0.1664505084822041,-2.5788533778357454,16.2953,-3.2474892,2.153164,10.894647,4.025599,0.6072887,415.98663,0.04333194
figure_eight_depth,smc,96.30000000000001,-0.27741536,0.77198726,-0.8604999,-0.012977494,-0.031690452,2.6642466,0.31961033,0.15538114,-0.00080027524,-0.004997175,-0.03702071,0.14653313,-0.6129070536529775,0.48429158056431587,-0.8365213397068862,0.0,0.0,2.836672410366154,-0.08274483925213572,0.02604274389450545,0.004240069087224629,0.0,0.0,0.0,0.44260416742394204,0.42266240284187434,-0.17242585122308762,-2.5996756850961287,16.424068,-3.3763566,2.2819333,10.765779,4.668967,0.48253715,424.2911,0.044196993
figure_eight_depth,smc,96.4,-0.31656817,0.76899993,-0.85986906,-0.013782616,-0.03507986,2.6794982,0.33406955,0.20644934,-0.0015995123,-0.0032187414,-0.035869442,0.15198632,-0.6211477802783107,0.48678945143658026,-0.8360940925593703,0.0,0.0,2.8580647923442646,-0.08206818679085126,0.023912847024742945,0.004304854337278119,0.0,0.0,0.0,0.41590473334351397,0.4544502729245593,-0.17856659669607125,-2.6201666068886276,16.572319,-3.5246804,2.4301841,10.6174555,5.324169,0.5666558,434.36917,0.04524679
figure_eight_depth,smc,96.5,-0.35900366,0.7619536,-0.8590211,-0.014493298,-0.038334336,2.6953185,0.3485179,0.2522883,-0.0002693897,-0.0015581795,-0.034720737,0.15764317,-0.6293203910498374,0.4890738003669028,-0.8356603727730446,0.0,0.0,2.880182220404659,-0.08138253462808276,0.021772461190006087,0.0043695215675709775,0.0,0.0,0.0,0.3848119529376348,0.4878252310186743,-0.18486375994018145,-2.6406039480562056,16.719494,-3.6718955,2.577358,10.47024,5.834018,0.7513525,443.89328,0.046238884
figure_eight_depth,smc,96.60000000000001,-0.4043682,0.75117403,-0.85783064,-0.015118237,-0.04145702,2.7117193,0.36288047,0.29303312,0.0022432858,3.6180285e-05,-0.033598743,0.16341703,-0.6374239897486891,0.49114362536434414,-0.8352201922385564,0.0,0.0,2.9030333579808825,-0.08068795795329597,0.01962252523415864,0.004434069005243568,0.0,0.0,0.0,0.34991720467888365,0.5210672733346843,-0.19131408346000844,-2.661617300881205,16.874516,-3.8268073,2.7323804,10.315329,5.7334085,1.5197276,448.44717,0.046713248
figure_eight_depth,smc,96.7,-0.45233828,0.7369743,-0.85657907,-0.015672326,-0.044449795,2.728714,0.37707344,0.32900578,0.001859136,0.0015025818,-0.03249133,0.16932902,-0.6454576877239495,0.49299801853525227,-0.8347735630236773,0.0,0.0,2.9266243635171283,-0.07998453293461827,0.01746398219021339,0.004498494880711412,0.0,0.0,0.0,0.31192148312710993,0.5531430597119728,-0.19791037425931582,-2.6837603931256346,17.034376,-3.9865942,2.8922396,10.155541,5.7556405,2.1089787,455.13818,0.047410224
figure_eight_depth,smc,96.80000000000001,-0.502614,0.71962976,-0.8554294,-0.016172906,-0.04731756,2.7463145,0.3910405,0.36064893,-0.00023320904,0.0028150617,-0.031429723,0.17536156,-0.6534206039901053,0.49463616648149417,-0.8343204973729729,0.0,0.0,2.9509585075182896,-0.07927233671056744,0.015297778866524281,0.004562797427554166,0.0,0.0,0.0,0.2716805675585593,0.5835105718277381,-0.2046439819140415,-2.70752404743246,17.200195,-4.152362,3.0580595,9.989774,5.822621,2.5850172,462.82132,0.04821056
figure_eight_depth,smc,96.9,-0.55492496,0.69937676,-0.85448223,-0.01663817,-0.050065544,2.7645326,0.40477997,0.38844997,-0.0034032643,0.003964414,-0.030419165,0.18150708,-0.6613118653236512,0.49605735065723877,-0.8338610077074669,0.0,0.0,2.976035777370475,-0.07855144738144748,0.01312486543139646,0.004626974883126245,0.0,0.0,0.0,0.23039572593352214,0.6119989184567326,-0.21150321129991845,-2.7333319846647957,17.371634,-4.323757,3.2294977,9.818378,5.8907347,2.9877357,470.9261,0.0490548
figure_eight_depth,smc,97.0,-0.609027,0.67640835,-0.853808,-0.01708658,-0.05269947,2.783378,0.41826078,0.41292587,-0.007338044,0.004946987,-0.029467072,0.18775275,-0.669130606358857,0.49726094768413653,-0.8333951066243005,0.0,0.0,3.001852477862176,-0.07782194400096643,0.010946194996502845,0.004691025487779665,0.0,0.0,0.0,0.1900603001183779,0.6386160262531054,-0.21847459204369457,-2.761286827285837,17.548658,-4.500877,3.4065223,9.641259,6.461761,2.8152905,482.45184,0.0502554
figure_eight_depth,smc,97.10000000000001,-0.6646844,0.6508668,-0.8531122,-0.017534617,-0.05522817,2.8028595,0.43146288,0.43454558,-0.00836882,0.0057815774,-0.028607273,0.19408506,-0.6768759696826604,0.49824642962475213,-0.8329228068963872,0.0,0.0,3.028400837279074,-0.07708390656674391,0.008762723198635358,0.004754947485585692,0.0,0.0,0.0,0.15443194579148398,0.6633876013636559,-0.22554129252504573,-2.7915001450755543,17.731035,-4.683329,3.5889003,9.458807,6.919525,2.6926887,493.80283,0.051437795
figure_eight_depth,smc,97.2,-0.7216835,0.6228625,-0.8521753,-0.017996967,-0.05765831,2.8229847,0.4443847,0.45373,-0.0072291773,0.006485613,-0.027820952,0.20048788,-0.6845471059286878,0.4990133642141357,-0.8324441214720628,0.0,0.0,3.0556686308616614,-0.07633741601403843,0.0065754077808455325,0.004818739124168303,0.0,0.0,0.0,0.1307938989510555,0.6864720577682617,-0.2326839354270911,-2.8241010688847625,17.918428,-4.870767,3.776293,9.271369,7.237646,2.6550956,504.44614,0.05254647
figure_eight_depth,smc,97.30000000000001,-0.7798304,0.5924742,-0.8508685,-0.018488009,-0.05999505,2.843759,0.4570088,0.4708943,-0.00481655,0.0070611346,-0.027095977,0.20694484,-0.6921431738704068,0.49956141504942914,-0.83195906347473,0.0,0.0,3.083638835200305,-0.07558255420353488,0.004385208171947541,0.004882398654482145,0.0,0.0,0.0,0.12914877602654382,0.7080807643175709,-0.23987977529429916,-2.8594553325045675,18.110106,-5.062338,3.9679701,9.079798,6.9356623,3.1876009,510.0549,0.05313072
figure_eight_depth,smc,97.4,-0.8389686,0.55977076,-0.84947157,-0.019019092,-0.062238265,2.865186,0.46937096,0.4863574,-0.005208749,0.007536594,-0.026382372,0.21343318,-0.699663340513365,0.49989034173742275,-0.8314676462024987,0.0,0.0,3.1122893286211513,-0.07481940391418362,0.0021930850657714274,0.004945924331478668,0.0,0.0,0.0,0.15269497187184053,0.7284650615397859,-0.24710335259270888,-2.8977889342261944,18.305603,-5.2577615,4.1634665,8.884375,6.7472525,3.5692408,517.27057,0.053882357
figure_eight_depth,smc,97.5,-0.8989464,0.5247941,-0.8481596,-0.019600065,-0.064389884,2.887267,0.48144385,0.5004001,-0.007343066,0.0079242205,-0.025703536,0.2199336,-0.7071067811865466,0.5,-0.8309698831278217,0.0,0.0,3.141592653589793,-0.07404804883409666,0.0,0.00500931441338448,0.0,0.0,0.0,0.19419751617490466,0.7477460260545331,-0.2543255408578595,-2.9392448621422735,18.50354,-5.455645,4.361405,8.68649,6.615563,3.8650146,525.32605,0.05472146
figure_eight_depth,smc,97.60000000000001,-0.9596221,0.48756614,-0.84705037,-0.020239636,-0.06645143,2.9100008,0.4932674,0.51326704,-0.010632462,0.008232382,-0.025057813,0.22641806,-0.7144726796328033,0.49989034173742275,-0.8304657878971251,0.0,0.0,-3.111669449697769,-0.0732685735509997,-0.002193085065743672,0.005072567162534014,0.0,0.0,0.0,0.24601862772809094,0.7660997216417059,-0.26151505639539185,-2.983900165188568,18.703352,-5.6554112,4.561217,8.486725,6.506637,4.116287,533.9084,0.05561546
figure_eight_depth,smc,97.7,-1.0208596,0.44809103,-0.84623253,-0.020945914,-0.06842456,2.9333832,0.50484836,0.52517563,-0.014775126,0.008463759,-0.024449037,0.2328615,-0.7217602280983616,0.4995614150494292,-0.8299553743304344,0.0,0.0,-3.0811648796897857,-0.07248106354307282,-0.004385208172003052,0.005135680844592372,0.0,0.0,0.0,0.3039318676537379,0.7836710962727405,-0.2686372010951479,-3.02450179641231,15.258972,-9.500066,1.1168368,4.6420693,6.9232044,3.8267927,408.45868,0.04254779
figure_eight_depth,smc,97.80000000000001,-1.0776373,0.40532228,-0.84577364,-0.021724911,-0.07048073,2.9574115,0.46632826,0.5362702,-0.016129984,0.008638464,-0.02557795,0.23923747,-0.7289686274214118,0.49901336421413583,-0.8294386564209952,0.0,0.0,-3.0501229733313444,-0.07168560516984668,-0.006575407780873288,0.00519865372927697,0.0,0.0,0.0,0.36140656297328333,0.7645882477606931,-0.2756508062145751,-3.051339301546254,7.2589726,-17.500067,-6.883163,-3.3579307,7.30267,3.5693429,483.66785,0.050382074
figure_eight_depth,smc,97.9,-1.1203327,0.35765567,-0.8461605,-0.022541052,-0.0726534,2.9818773,0.33133763,0.54726034,-0.015385372,0.009068011,-0.02702314,0.2435212,-0.7360970871197341,0.4982464296247522,-0.8289156483348903,0.0,0.0,-3.0185931142687146,-0.07088228566209942,-0.008762723198635358,0.005261484090413049,0.0,0.0,0.0,0.40951210529981197,0.6865630379633391,-0.28271486594553985,-3.071636182272214,5.5550704,-20.64376,-8.587066,-6.5016246,7.7070785,3.3423178,643.6026,0.06704195
figure_eight_depth,smc,98.0,-1.148814,0.30563077,-0.84728515,-0.023435881,-0.07423476,3.0073178,0.19710912,0.559359,-0.013018049,0.009518796,-0.021528546,0.2533124,-0.7431448254773936,0.49726094768413676,-0.8283863644106503,0.0,0.0,-2.9866297494415655,-0.07007119311303045,-0.010946194996391823,0.005324170205267542,0.0,0.0,0.0,0.44905092915138883,0.6300553842051478,-0.28923777628965675,-3.087368423725728,5.172173,-20.260944,-8.969963,-6.118809,8.119696,3.1132784,630.77924,0.06570617
figure_eight_depth,smc,98.10000000000001,-1.1655271,0.2501843,-0.84883296,-0.024249613,-0.074792214,3.0330164,0.08999926,0.5722113,-0.008807895,0.010922611,-0.011578556,0.2560792,-0.7501110696304596,0.49605735065723894,-0.8278508191588613,0.0,0.0,-2.954291968055988,-0.06925241646793534,-0.013124865431313193,0.005386710355215207,0.0,0.0,0.0,0.48318142699801064,0.6067792340107669,-0.29587689587103516,-3.0987110386687258,5.8782454,-20.967089,-8.26389,-6.824953,8.562006,2.992283,671.3061,0.06992772
figure_eight_depth,smc,98.2,-1.171951,0.19201541,-0.8505518,-0.025036357,-0.07422518,3.059574,-0.00045822543,0.58546996,-0.003006749,0.011976921,-0.00075280684,0.26489133,-0.7569950556517561,0.4946361664814942,-0.8273090272617671,0.0,0.0,-2.92164295286754,-0.06842604551499099,-0.015297778866385503,0.00544910282584965,0.0,0.0,0.0,0.5141089671939946,0.6046594111252472,-0.30196846553336015,-3.1055748685506557,5.5645947,-20.653492,-8.577541,-6.5113573,8.909759,2.9123783,661.3692,0.06889262
figure_eight_depth,smc,98.30000000000001,-1.1693149,0.13172722,-0.85222703,-0.02566331,-0.07255022,3.086383,-0.0766999,0.5987855,0.0038961957,0.013611298,0.01005149,0.26768836,-0.7637960286346426,0.4929980185352524,-0.8267610035728662,0.0,0.0,-2.8887493125395483,-0.06759217087509706,-0.01746398219007461,0.0055113459065947445,0.0,0.0,0.0,0.5437008673188449,0.6163189173257889,-0.308052890315697,-3.1054077251694046,3.2850385,-18.37397,-5.1635566,-9.925375,6.558572,0.29907855,516.674,0.053820204
figure_eight_depth,smc,98.4,-1.1587662,0.07279014,-0.8535988,-0.025207758,-0.06976686,3.1139321,-0.13848072,0.5825547,0.01126304,0.024524905,0.020773875,0.27538955,-0.7705132427757893,0.49114362536434436,-0.8262067631165049,0.0,0.0,-2.855680310006758,-0.06675088399199502,-0.01962252523396435,0.00557343789092668,0.0,0.0,0.0,0.5714107827157942,0.60646100413098,-0.3135728644518816,-3.0927538925240263,-4.7149615,-10.37397,2.8364434,-17.925375,-1.441428,-6.9021087,508.93143,0.053013686
figure_eight_depth,smc,98.5,-1.1414535,0.023291174,-0.85464656,-0.02121872,-0.06595323,-3.1411536,-0.18702619,0.48979178,0.014915925,0.059478678,0.031058792,0.28118467,-0.7771459614569705,0.48907380036690296,-0.8256463210874652,0.0,0.0,-2.822507007400042,-0.06590227712216512,-0.02177246118986731,0.005635377076707027,0.0,0.0,0.0,0.5920426122756424,0.5257899807921201,-0.3186465665898264,-3.047836854150522,-8.538927,-6.549822,5.6032085,-20.691957,-2.5900724,-7.4159036,637.0706,0.066361524
figure_eight_depth,smc,98.60000000000001,-1.1188444,-0.015151958,-0.855497,-0.015055354,-0.061289504,-3.1130831,-0.22599114,0.38430813,0.014560667,0.08013367,0.040684022,0.28102124,-0.7836934573258401,0.4867894514365801,-0.8250796928505484,0.0,0.0,-2.789301352898026,-0.06504644332505638,-0.02391284702457641,0.0056971617657941565,0.0,0.0,0.0,0.604314933487983,0.43889192788501163,-0.32378177126274066,-3.002100389048107,-7.334739,-7.364669,6.8073964,-21.506804,-0.4770703,-6.166717,655.17596,0.0682475
figure_eight_depth,smc,98.7,-1.0925086,-0.044173427,-0.8558621,-0.008870486,-0.055926573,-3.0839536,-0.25472313,0.29738995,0.016452674,0.079690784,0.049246088,0.29152194,-0.7901550123756902,0.48429158056431565,-0.8245068939401539,0.0,0.0,-2.7561352382283717,-0.06418347645248401,-0.026042743894283404,0.005758790264209779,0.0,0.0,0.0,0.6096524225415038,0.3755375209357602,-0.3278183807749242,-2.9562377835200158,-8.112867,-6.1598477,6.0292687,-20.301983,0.72261965,-5.5129914,583.20013,0.06075002
figure_eight_depth,smc,98.80000000000001,-1.0638016,-0.06473243,-0.8555804,-0.0033178541,-0.05003584,-3.055091,-0.27416274,0.22161603,0.020137157,0.07165988,0.05634874,0.2886878,-0.7965299180241968,0.48158128339882883,-0.8239279400598531,0.0,0.0,-2.723079557373573,-0.06331347113885943,-0.028161217556055274,0.005820260882638539,0.0,0.0,0.0,0.6090112727094522,0.3271865840222363,-0.33201134686226697,-2.911346256195154,-6.574222,-7.3027797,7.5679135,-21.444916,0.778318,-4.623292,635.68933,0.06621764
figure_eight_depth,smc,98.9,-1.0338658,-0.077434056,-0.85496837,0.0011854914,-0.043759573,-3.025063,-0.2865995,0.1523352,0.020985818,0.060051795,0.061767332,0.30010772,-0.8028174751911147,0.47865974876603357,-0.8233428470819594,0.0,0.0,-2.6902032968959553,-0.062436522788644755,-0.030267338776590602,0.005881571935539842,0.0,0.0,0.0,0.6030122930318789,0.28951832198259336,-0.3348597409763592,-2.8701709124046113,-7.8014584,-5.7218523,6.3406773,-19.863987,0.57190347,-4.272954,546.9697,0.05697601
figure_eight_depth,smc,99.0,-1.003637,-0.08259821,-0.85423315,0.0049841437,-0.037236404,-2.9956915,-0.29363135,0.08646115,0.02011367,0.050835326,0.0655795,0.29335773,-0.8090169943749472,0.47552825814757693,-0.8227516310470919,0.0,0.0,-2.6575726864297193,-0.06155272757057961,-0.03236018374225269,0.0059427217422580725,0.0,0.0,0.0,0.5919232797148126,0.2611126377466396,-0.33811885142733633,-2.8289847498412994,-5.7246947,-7.4825916,8.41744,-21.624727,0.4563113,-3.9805648,643.2965,0.06701006
figure_eight_depth,smc,99.10000000000001,-0.973872,-0.08058927,-0.85352093,0.007906427,-0.030602656,-2.9648452,-0.29693604,0.023487872,0.018072195,0.04070623,0.06787301,0.30791453,-0.8151277957285546,0.47218818511874033,-0.8221543081637371,0.0,0.0,-2.625250434365257,-0.06066218240291521,-0.03443883446205276,0.006003708626245441,0.0,0.0,0.0,0.575974397363595,0.24357028786743826,-0.33959474614621765,-2.7897881846352424,-7.9273787,-5.12152,6.214757,-19.263655,0.61811054,-4.501678,519.432,0.054107506
figure_eight_depth,smc,99.2,-0.9450576,-0.07190303,-0.8526059,0.010377268,-0.02394519,-2.935337,-0.2985085,-0.034699414,0.018568143,0.033737276,0.068904504,0.29440764,-0.821149209133704,0.46864099474594567,-0.8215508948078036,0.0,0.0,-2.593295068863863,-0.05976498494275617,-0.03650237917057764,0.006064530915506072,0.0,0.0,0.0,0.5554327450500944,0.23907750760709337,-0.34204199778652766,-2.7509219220754986,-4.844925,-8.2038965,9.297211,-22.346033,0.28896493,-4.228924,694.52783,0.07234665
figure_eight_depth,smc,99.30000000000001,-0.91748905,-0.057242673,-0.85170466,0.011995465,-0.017382765,-2.9036283,-0.29956424,-0.086864226,0.01709175,0.023773974,0.068910226,0.3162991,-0.8270805742745625,0.46488824294412523,-0.8209414075221733,0.0,0.0,-2.5617603986602897,-0.05886123357851103,-0.03854991272925212,0.006125186942596006,0.0,0.0,0.0,0.530792580586167,0.2457488082399458,-0.3418679506439095,-2.7150635135945524,-8.904969,-4.143928,5.237166,-18.286064,0.039884046,-5.0694222,483.97928,0.050414506
figure_eight_depth,smc,99.4,-0.8912826,-0.03721778,-0.8506165,0.013418092,-0.010927944,-2.8745697,-0.30164823,-0.13262779,0.017718839,0.019277204,0.068028666,0.28974646,-0.8329212407100998,0.4609315757942501,-0.820325863016248,0.0,0.0,-2.5306951019401485,-0.05795102741668057,-0.04058053702207798,0.0061856750445676845,0.0,0.0,0.0,0.5024702534133809,0.26075666049675533,-0.3438745525245732,-2.678819330362459,-3.3110867,-9.737729,10.831049,-23.879864,-0.3328131,-4.8004627,816.50134,0.08505223
figure_eight_depth,smc,99.5,-0.86641043,-0.012457046,-0.8495605,0.014018137,-0.0047513936,-2.8416514,-0.30510736,-0.17300235,0.016217716,0.009597665,0.066176556,0.3283048,-0.8386705679454239,0.4567727288213005,-0.8197042781654913,0.0,0.0,-2.5001424455538515,-0.05703446627175479,-0.04259336135009617,0.006245993563191998,0.0,0.0,0.0,0.470996258412397,0.2804391147095835,-0.3415089941128966,-2.648922842618045,-11.258122,-1.7906377,2.8840132,-15.932774,-1.4458911,-5.4784684,424.2267,0.044190284
figure_eight_depth,smc,99.60000000000001,-0.8427267,0.01675804,-0.8486702,0.014932329,0.0012249028,-2.8142033,-0.31253794,-0.20896429,0.013319287,0.010446084,0.06360464,0.27361366,-0.8443279255020146,0.45241352623301,-0.819076670010966,0.0,0.0,-2.4701401312642894,-0.056111650654777634,-0.044587502822185376,0.00630614084468073,0.0,0.0,0.0,0.43666239023371106,0.3046692515372789,-0.3440631310648121,-2.6227813994701332,-3.2581224,-9.790638,10.884013,-23.932774,-0.6267357,-5.3757,827.0023,0.08614608
figure_eight_depth,smc,99.7,-0.82014066,0.04996555,-0.84767133,0.015084373,0.0068041827,-2.782249,-0.32066205,-0.24163626,0.013205176,0.0011290362,0.06055791,0.3186734,-0.8498926929868632,0.4478558801197071,-0.8184430557588663,0.0,0.0,-2.4407202610070953,-0.05518268176296637,-0.046562086741919195,0.006366115240186154,0.0,0.0,0.0,0.4000702324382776,0.32951479796130273,-0.3415287128393403,-2.6004159527734503,-9.287572,-3.7613392,4.854564,-17.903475,-1.8260039,-7.0410647,497.41876,0.051814448
figure_eight_depth,smc,99.80000000000001,-0.7985933,0.08701668,-0.8463938,0.015667599,0.012104804,-2.7534564,-0.33208385,-0.27088317,0.014603029,0.0038731578,0.057343125,0.28708842,-0.8553642601605065,0.44310178961560753,-0.8178034527800473,0.0,0.0,-2.4119094093767073,-0.05424766146833182,-0.04851624699148127,0.00642591510535695,0.0,0.0,0.0,0.3617139186458856,0.3559590750798931,-0.3415469447645281,-2.577885488214891,-2.928325,-10.12049,11.213811,-24.262627,-1.9419318,-6.4055753,870.2265,0.09064859
figure_eight_depth,smc,99.9,-0.7780884,0.12753282,-0.84508145,0.015964437,0.017011823,-2.7203596,-0.34326938,-0.2972433,0.013627957,-0.001037811,0.054249056,0.3301341,-0.8607420270039432,0.43815334002193224,-0.8171578786095478,0.0,0.0,-2.383728788998802,-0.053306692306298586,-0.05044912641158361,0.006485538800893309,0.0,0.0,0.0,0.32263982048493783,0.38083688881464944,-0.33663077482871273,-2.5611388525304974,-10.928325,-2.1204903,3.2138107,-16.262627,-2.8977046,-6.847402,454.01,0.047292706
